schedule,t,reward,gap,beta_true,beta_hat,cert,cert_hp,n_cal,n_mon,cum_aud,xi_sq,exp3_arm,exp3_p,exp3_loss
fixed_low,1,0.6417720520052029,0.05342238268698196,0.0,-0.026064160615297316,3.365419486286788,25.12125148125464,8,25,33,3.0917782471514936,,,
fixed_low,2,0.6428980108488972,0.05191766339531734,0.0,0.0003888473024858999,3.453164149551782,25.20899614451963,8,25,66,3.236046816834631,,,
fixed_low,3,0.6468942981021115,0.047564818832183886,0.0,-0.2415175232931501,5.2322638863062,26.98809588127405,8,25,99,7.045176764057839,,,
fixed_low,4,0.6465201090994495,0.04796741601668397,0.0,0.13437924054653158,2.069843477686121,23.82567547265397,8,25,132,1.2267514288926897,,,
fixed_low,5,0.6486028087183922,0.04561846242468093,0.0,-0.1344716271326282,1.742600095891416,23.498432090859264,8,25,165,1.1298400319991064,,,
fixed_low,6,0.6464862743431047,0.04859715180667523,0.0,0.24561237890649637,3.837700356853457,25.593532351821306,8,25,198,2.507036474844988,,,
fixed_low,7,0.6507157569938606,0.04403399206767067,0.0,-0.2928147601700914,1.8998021457337657,23.655634140701615,8,25,231,4.059021822007708,,,
fixed_low,8,0.6504766468850688,0.04413134284158915,0.0,0.09242238985252751,2.2193439835015027,23.975175978469352,8,25,264,0.8434699142106752,,,
fixed_low,9,0.6514015452566122,0.04300452977713798,0.0,0.0027351431978695617,3.6856321992541736,25.44146419422202,8,25,297,3.658631048970055,,,
fixed_low,10,0.6536344745218712,0.0404792437352951,0.0,-0.19021571341270563,3.6788540073754725,25.434686002343323,8,25,330,2.459585130834122,,,
fixed_low,11,0.6528471592793508,0.04108780002862178,0.0,0.17725981278248074,5.279764740363194,27.035596735331044,8,25,363,6.975847019115463,,,
fixed_low,12,0.6560038902012777,0.03768442865185073,0.0,-0.36217997186416806,1.8168040140146584,23.572636008982506,8,25,396,1.5624612080364364,,,
fixed_low,13,0.6548152533446521,0.0388265873986301,0.0,0.2255071620048771,3.6185715098613844,25.374403504829232,8,25,429,3.857519168810625,,,
fixed_low,14,0.6570694276525041,0.03669912855690949,0.0,-0.27330204029850286,2.469526058316694,24.225358053284545,8,25,462,0.7819531569251537,,,
fixed_low,15,0.6585180567426507,0.03535616025464672,0.0,-0.1868685087052157,1.923766638318261,23.679598633286112,8,25,495,2.776795146068111,,,
fixed_low,16,0.6599153657995623,0.03419403743169047,0.0,-0.16603092434938382,1.985963459400073,23.74179545436792,8,25,528,0.9107430233296977,,,
fixed_low,17,0.6596810951261429,0.03420555377529477,0.0,0.16362197293489034,3.4741672289527514,25.2299992239206,8,25,561,3.0723412647798733,,,
fixed_low,18,0.659295806751913,0.034533104260461744,0.0,0.16337603584731666,2.0619380908733,23.81777008584115,8,25,594,1.047186308754121,,,
fixed_low,19,0.6607823907701018,0.03290803185916691,0.0,-0.16313275206220515,4.994601178166433,26.750433173134283,8,25,627,6.814235784693147,,,
fixed_low,20,0.659718080219007,0.03410300006286937,0.0,0.2557305181288387,1.9504261188249536,23.706258113792803,8,25,660,2.2513247962354486,,,
fixed_low,21,0.6590678116264002,0.03523053247282715,0.0,0.22065576085371583,5.390962191596418,27.146794186564268,8,25,693,6.144881281261971,,,
fixed_low,22,0.6586375947622912,0.035744974670682716,0.0,0.09789570806921544,1.9190968441215164,23.674928839089365,8,25,726,1.0276825460196108,,,
fixed_low,23,0.6610518041356046,0.03330074099512448,0.0,-0.41000685372516327,4.969513012267334,26.725345007235184,8,25,759,4.60168304348801,,,
fixed_low,24,0.6617528593656343,0.032388115399476836,0.0,-0.036252322856982724,3.208894930126084,24.964726925093935,8,25,792,2.9597352059904627,,,
fixed_low,25,0.6623405940525849,0.031879886057043505,0.0,-0.0625062954589906,1.8969827156085461,23.652814710576394,8,25,825,1.0515222804894016,,,
fixed_low,26,0.6636821680120693,0.030309321616340257,0.0,-0.24156195384350784,5.103106865254269,26.858938860222118,8,25,858,5.63078223814122,,,
fixed_low,27,0.6638654233538066,0.030003468847774162,0.0,0.0076443664049191135,2.1596969353721907,23.915528930340038,8,25,891,0.7066010975666664,,,
fixed_low,28,0.6647320838579788,0.02912368544142996,0.0,-0.12151094612105533,3.632996340078318,25.388828335046167,8,25,924,2.552579773879035,,,
fixed_low,29,0.6638463402359082,0.030201668641846036,0.0,0.3076880817929972,3.648599960502797,25.404431955470645,8,25,957,3.708811656004334,,,
fixed_low,30,0.6642149431172442,0.030022024753148968,0.0,-0.06187017796819118,1.8714373461139702,23.62726934108182,8,25,990,1.1353262782642806,,,
fixed_low,31,0.6649967977184489,0.029677238789776572,0.0,-0.193448901882271,1.9865759005418475,23.742407895509697,8,25,1023,0.7478046227670118,,,
fixed_low,32,0.6655791498127924,0.02945051380333641,0.0,-0.06400331421793926,3.7133644245362394,25.469196419504087,8,25,1056,4.839554403004876,,,
fixed_low,33,0.665659214044929,0.02948438284774957,0.0,0.07766409584909716,3.3404647131551206,25.09629670812297,8,25,1089,3.251614145079669,,,
fixed_low,34,0.6661514610509528,0.029224396240900008,0.0,-0.1475582552460801,2.024996524567972,23.78082851953582,8,25,1122,0.6320831608139371,,,
fixed_low,35,0.6650326664466826,0.03040325001534938,0.0,0.4075198289523529,3.289220897652527,25.045052892620376,8,25,1155,2.6780079805817003,,,
fixed_low,36,0.6652991874446881,0.030128341346259413,0.0,-0.0030908907930221326,3.3983946069379916,25.15422660190584,8,25,1188,2.977423262296229,,,
fixed_low,37,0.6650218726731456,0.03067161958379505,0.0,0.14454719686679754,3.296709374942962,25.052541369910813,8,25,1221,2.9088557042104113,,,
fixed_low,38,0.6654833095952083,0.03011714084210937,0.0,-0.12444994460776801,3.6072786649761928,25.36311065994404,8,25,1254,3.4916645010558742,,,
fixed_low,39,0.6677997656000902,0.02748624591792026,0.0,-0.6572237656829973,3.3296580045976705,25.08548999956552,8,25,1287,3.5039841382060546,,,
fixed_low,40,0.6678108516258769,0.027454132326583558,0.0,0.07715805041053524,1.9628461563420154,23.718678151309863,8,25,1320,0.7943196485431092,,,
fixed_low,41,0.6683010968374951,0.026532135778966515,0.0,-0.15680797246549222,3.582738130197811,25.33857012516566,8,25,1353,3.598973550294249,,,
fixed_low,42,0.6678032896548978,0.02715927969909948,0.0,0.2658511913854009,2.2618003479779327,24.01763234294578,8,25,1386,1.186949511715657,,,
fixed_low,43,0.6678014845419655,0.027201642023954364,0.0,0.15211936415093907,3.686484759264636,25.442316754232486,8,25,1419,2.8651293117820713,,,
fixed_low,44,0.6675646121566191,0.027732753648377684,0.0,0.2274756167193774,3.3859605764831566,25.141792571451006,8,25,1452,3.12218190409431,,,
fixed_low,45,0.6674416688314481,0.027709473225265513,0.0,0.11338411569876142,1.9648219175996096,23.72065391256746,8,25,1485,1.0522844364052957,,,
fixed_low,46,0.668356780349103,0.02691862264359368,0.0,-0.2736832225970033,3.087441203590855,24.843273198558705,8,25,1518,3.0109894479524875,,,
fixed_low,47,0.6686555869222021,0.026271732580517737,0.0,-8.737702822280924e-05,1.7451594906454033,23.500991485613252,8,25,1551,0.8210543803158552,,,
fixed_low,48,0.6697423444894848,0.025377252221580937,0.0,-0.46744113787402974,3.4033511066951103,25.15918310166296,8,25,1584,3.8754490588413426,,,
fixed_low,49,0.6700849354340879,0.025310321093275023,0.0,-0.004680299031772996,1.7793215189790552,23.535153513946906,8,25,1617,1.011112591742641,,,
fixed_low,50,0.6711517037078777,0.024315886263890474,0.0,-0.4346103592729542,6.258203212326058,28.014035207293908,8,25,1650,8.44654663182214,,,
fixed_low,51,0.6711575903169478,0.023936851944226012,0.0,-0.024545582930544797,3.596306658764639,25.35213865373249,8,25,1683,2.8310159007143088,,,
fixed_low,52,0.6714493743868404,0.024020238282607687,0.0,-0.026025209368666848,3.6469845798256664,25.402816574793516,8,25,1716,3.3985014905967703,,,
fixed_low,53,0.671738649375797,0.023267877264094627,0.0,-0.13364060849495235,3.553082741979182,25.30891473694703,8,25,1749,3.112107844629448,,,
fixed_low,54,0.671614062113219,0.023504965107423725,0.0,0.28856936140756123,3.014126326388556,24.769958321356405,8,25,1782,3.0968212176196745,,,
fixed_low,55,0.6719358750278805,0.023182241112328805,0.0,-0.043487053379007004,3.5558380019307414,25.31166999689859,8,25,1815,3.7503135287634652,,,
fixed_low,56,0.672125622824393,0.022858119605426497,0.0,0.175801915284998,3.6084330520919465,25.364265047059796,8,25,1848,3.158275437107864,,,
fixed_low,57,0.6722405852783309,0.022740770291367562,0.0,-0.032936370450118095,2.2131637128376673,23.968995707805515,8,25,1881,1.157500016710167,,,
fixed_low,58,0.6721376973524086,0.02265664230300546,0.0,0.2147217494621233,1.8076957849873942,23.563527779955244,8,25,1914,1.7615152854671636,,,
fixed_low,59,0.6725958308438108,0.0219847270908895,0.0,-0.18710888122618405,3.503216927179248,25.259048922147098,8,25,1947,3.58022053932113,,,
fixed_low,60,0.672906873963968,0.021348028527010343,0.0,-0.09196090190823453,2.0358520787055006,23.79168407367335,8,25,1980,0.831659336315477,,,
fixed_low,61,0.6721379862848442,0.02213131038033833,0.0,0.6725744954689457,3.511269723986608,25.267101718954457,8,25,2013,3.986686762265376,,,
fixed_low,62,0.6729395926714705,0.021346024964676524,0.0,-0.413783749719914,4.470563140513716,26.226395135481564,8,25,2046,5.767752198752832,,,
fixed_low,63,0.6729290501874465,0.02124124235706837,0.0,0.10739440342531399,5.334029174775299,27.08986116974315,8,25,2079,6.770997844162727,,,
fixed_low,64,0.6733052503948783,0.020649130559475815,0.0,-0.12992954388648995,2.9838724619606354,24.739704456928486,8,25,2112,2.9143272614941074,,,
fixed_low,65,0.6730508290494179,0.020969212541575688,0.0,0.21108807411436284,2.3163373181524736,24.072169313120323,8,25,2145,1.5128309867940186,,,
fixed_low,66,0.6733509873341809,0.020242833456333376,0.0,-0.06651290825375376,3.489422599277753,25.2452545942456,8,25,2178,2.884098310217418,,,
fixed_low,67,0.6733988136738817,0.020264509117601914,0.0,-0.024824333220022313,3.1586057721050103,24.914437767072858,8,25,2211,2.414689345719861,,,
fixed_low,68,0.673327981223897,0.02037817204203607,0.0,0.10856895019417168,1.750975515059668,23.506807510027517,8,25,2244,1.1147259055268541,,,
fixed_low,69,0.6735359852633992,0.02024842114298775,0.0,-0.0033835072420436746,3.4724860388181167,25.228318033785968,8,25,2277,2.942890230604339,,,
fixed_low,70,0.6734068385403933,0.020551297728257922,0.0,0.05561820928159815,3.6226558594941114,25.37848785446196,8,25,2310,3.3711103600253622,,,
fixed_low,71,0.673586434967757,0.01995512297779023,0.0,-0.09177368319571304,2.262149051702821,24.01798104667067,8,25,2343,1.7870370001796787,,,
fixed_low,72,0.6737442931357844,0.019733698286654833,0.0,-0.08812957066755563,3.241646599368308,24.997478594336158,8,25,2376,3.2909070875179025,,,
fixed_low,73,0.6741026620861125,0.019360785798211766,0.0,-0.11634946469544749,3.0963028126872003,24.852134807655048,8,25,2409,2.5118778526838765,,,
fixed_low,74,0.6748447615765987,0.018621632698304635,0.0,-0.47562007791951866,2.9736090484485183,24.72944104341637,8,25,2442,3.706213495506532,,,
fixed_low,75,0.6750005866553209,0.018857880327766474,0.0,0.03756006848832612,3.239919920806793,24.99575191577464,8,25,2475,2.7565659141464343,,,
fixed_low,76,0.6752545902056505,0.018798698450223306,0.0,-0.16153823587711064,2.4778770402405614,24.23370903520841,8,25,2508,1.3613208876497198,,,
fixed_low,77,0.6757161968691716,0.018228033521117237,0.0,-0.23126499890801608,2.590686960270347,24.346518955238196,8,25,2541,2.7362312618467697,,,
fixed_low,78,0.6757430529467399,0.01852659319880723,0.0,-0.06814032434864999,4.896688279965326,26.652520274933174,8,25,2574,6.231233355652745,,,
fixed_low,79,0.6758382157185008,0.017999936161085306,0.0,0.05163621942439706,1.9258513720214483,23.681683366989297,8,25,2607,1.0352358903731331,,,
fixed_low,80,0.6759988544962023,0.017751446597223386,0.0,0.019066345927596533,3.807611863798005,25.563443858765854,8,25,2640,2.8995293108934606,,,
fixed_low,81,0.6766377168680285,0.017087069064047444,0.0,-0.40691277508810175,2.487276657815776,24.243108652783626,8,25,2673,5.072794241493223,,,
fixed_low,82,0.6766586092690954,0.01728790756922116,0.0,0.1450577468073057,2.2478354136797143,24.003667408647562,8,25,2706,1.527688372586011,,,
fixed_low,83,0.6766598906586851,0.016975651416858972,0.0,0.1280103648973716,3.368429098294225,25.124261093262074,8,25,2739,3.4012806777530495,,,
fixed_low,84,0.6763976362677204,0.01701308622679809,0.0,0.12766318242533997,3.131122566439214,24.886954561407062,8,25,2772,3.0615731118263496,,,
fixed_low,85,0.6764652772903131,0.016943695224288402,0.0,0.052033124622067495,3.6324231770345703,25.38825517200242,8,25,2805,3.3463191456162433,,,
fixed_low,86,0.6765936895889367,0.016714369720720046,0.0,-0.17560519311688855,3.8151625821783726,25.570994577146223,8,25,2838,5.507245489587529,,,
fixed_low,87,0.6765895236108094,0.016321713242382407,0.0,0.1980927537593156,2.01087405170983,23.76670604667768,8,25,2871,1.311432851624014,,,
fixed_low,88,0.6766052333742167,0.016561468012475156,0.0,0.032875510189888504,3.255693670236649,25.0115256652045,8,25,2904,3.0044576995819297,,,
fixed_low,89,0.6765609108902829,0.016097915512022443,0.0,0.23037812081356185,1.848867129524416,23.604699124492264,8,25,2937,1.4740921492513774,,,
fixed_low,90,0.6764656791123785,0.01580622822201061,0.0,0.36463498289573265,2.027703321644091,23.78353531661194,8,25,2970,2.3891786297097104,,,
fixed_low,91,0.6768909336763751,0.015628955315002857,0.0,-0.32363003696200193,2.928989134712859,24.684821129680707,8,25,3003,2.5669609820146277,,,
fixed_low,92,0.6770162853058431,0.015465937108866012,0.0,0.06267334264730014,1.9104172144878802,23.666249209455728,8,25,3036,1.111141398111006,,,
fixed_low,93,0.6772603326262112,0.015327745310408258,0.0,-0.07095584133592482,2.26086381990458,24.016695814872428,8,25,3069,1.29853915054131,,,
fixed_low,94,0.6770249240861194,0.015231316095062897,0.0,0.3711318653493697,4.146655393506663,25.902487388474512,8,25,3102,3.432276822887877,,,
fixed_low,95,0.6774291939788851,0.014623375311850095,0.0,-0.31427358282907125,3.9310208663773603,25.68685286134521,8,25,3135,4.2782254162824955,,,
fixed_low,96,0.6776202573225782,0.014855488805721184,0.0,-0.08121319302273101,3.268534504209015,25.024366499176864,8,25,3168,3.1420651356670652,,,
fixed_low,97,0.6775241793054619,0.014747466928135666,0.0,0.18931465448432316,2.5537329045767967,24.309564899544647,8,25,3201,1.422273246025492,,,
fixed_low,98,0.6775014487505775,0.014686107712076124,0.0,0.4496171068187399,1.8681284748213554,23.623960469789203,8,25,3234,3.856035937937903,,,
fixed_low,99,0.677938936981506,0.01434544866022347,0.0,-0.33997341036640244,1.9632640465420228,23.71909604150987,8,25,3267,1.2922926946543392,,,
fixed_low,100,0.6780968656003635,0.014460349220572488,0.0,-0.15232528207389864,1.7543538532069505,23.5101858481748,8,25,3300,1.3942210256964565,,,
fixed_low,101,0.6777903991848215,0.013481530917968332,0.0,0.5416885192945897,3.468583611923669,25.22441560689152,8,25,3333,3.619870912776171,,,
fixed_low,102,0.6780709800150522,0.013477968064251722,0.0,-0.2607251115529029,3.2058388669095765,24.961670861877426,8,25,3366,2.6068792772688774,,,
fixed_low,103,0.6780119588831592,0.013252083802132275,0.0,0.15057721922659328,3.3082019411252874,25.064033936093136,8,25,3399,3.832788590881993,,,
fixed_low,104,0.6780620319046936,0.013172451658852613,0.0,0.2552319587620397,2.9575792731366675,24.713411268104515,8,25,3432,3.255947453213371,,,
fixed_low,105,0.6780069867774349,0.013282749002262229,0.0,0.22614789703603927,2.0028134726286764,23.758645467596526,8,25,3465,1.4398531302762585,,,
fixed_low,106,0.6781627485737078,0.012773055739925265,0.0,0.11771589473368085,2.035920436628186,23.791752431596034,8,25,3498,1.3771540084739369,,,
fixed_low,107,0.6783154701902057,0.012563118489881897,0.0,-0.11766700619220771,1.9124109771378583,23.66824297210571,8,25,3531,1.191806495274683,,,
fixed_low,108,0.6785635960313617,0.01262095088595494,0.0,-0.049946598621892414,2.331870179646665,24.087702174614513,8,25,3564,1.408464267531314,,,
fixed_low,109,0.678844904786668,0.012353537740926068,0.0,-0.16829481080517308,3.158299537691068,24.914131532658917,8,25,3597,2.7996737039683,,,
fixed_low,110,0.6785118250646994,0.012283697707068497,0.0,0.30759269215504537,2.358057431925709,24.113889426893557,8,25,3630,1.3509766913434447,,,
fixed_low,111,0.6786866004628419,0.011620071373659835,0.0,0.009371598313621403,4.250097702316271,26.00592969728412,8,25,3663,5.347047644264152,,,
fixed_low,112,0.6786499941169183,0.01160047826102839,0.0,0.11637191210490827,3.8818663060016014,25.63769830096945,8,25,3696,2.9410510312769658,,,
fixed_low,113,0.6790137222226836,0.010831735438759704,0.0,-0.25328022296445557,1.9795969171261436,23.735428912093994,8,25,3729,3.7238154031022903,,,
fixed_low,114,0.6791485017722272,0.010951365372923072,0.0,0.1569064652812315,2.0225168836994873,23.778348878667337,8,25,3762,1.015914460572477,,,
fixed_low,115,0.679089380353487,0.010999767105257185,0.0,-0.07943063079445631,2.230329893850286,23.986161888818135,8,25,3795,1.9176067483767905,,,
fixed_low,116,0.6790593643627688,0.010718306111798248,0.0,0.16044853187512115,5.262648192318844,27.01848018728669,8,25,3828,7.359626461677603,,,
fixed_low,117,0.6787974655609508,0.011131418197964593,0.0,0.138948124587271,3.138846736265691,24.89467873123354,8,25,3861,3.0961608283189275,,,
fixed_low,118,0.6788818019214589,0.011193219943392618,0.0,0.006987310931408932,3.379464193579039,25.13529618854689,8,25,3894,2.689258834936803,,,
fixed_low,119,0.6788454727047413,0.01147862804624844,0.0,0.31325097958315073,4.024966844403642,25.780798839371492,8,25,3927,4.11587649049461,,,
fixed_low,120,0.6788733619838154,0.011650521208089515,0.0,0.1930637610931866,3.451426164123241,25.20725815909109,8,25,3960,3.696809482057536,,,
fixed_low,121,0.6794262875349397,0.010962523518567746,0.0,-0.19095262058469445,2.0041556927434554,23.759987687711305,8,25,3993,3.1784269701838217,,,
fixed_low,122,0.6794139958973031,0.01106391540341134,0.0,-0.06889997353187248,1.7201970513040945,23.476029046271943,8,25,4026,1.0549384590441793,,,
fixed_low,123,0.6795120207861247,0.010731859850559577,0.0,-0.02711855964097189,3.597077273898966,25.352909268866814,8,25,4059,3.3700220447775675,,,
fixed_low,124,0.6799027783851885,0.01039347712537464,0.0,-0.16451637091355104,3.73495021118699,25.49078220615484,8,25,4092,3.8487478942264275,,,
fixed_low,125,0.6801374232288719,0.01046791694940008,0.0,-0.18084526702358153,3.897772174279904,25.653604169247753,8,25,4125,5.979428701003684,,,
fixed_low,126,0.6806381187869021,0.009822710969806803,0.0,-0.22590062739244157,2.8776663055328573,24.633498300500705,8,25,4158,2.1049989085843834,,,
fixed_low,127,0.6806488778527491,0.010249483441155505,0.0,-0.1859433141589641,3.3591786389651284,25.11501063393298,8,25,4191,2.5512980348887044,,,
fixed_low,128,0.6806354207731968,0.009770370992072563,0.0,0.2711415571904946,2.30011948784894,24.055951482816788,8,25,4224,1.1612278799481799,,,
fixed_low,129,0.6810008070832375,0.009901685462297305,0.0,-0.3500724633070385,2.9778111152081785,24.73364311017603,8,25,4257,2.33018876969418,,,
fixed_low,130,0.6809492467348766,0.00953107462134739,0.0,0.2780331584979358,1.9881722099971872,23.744004204965037,8,25,4290,1.465224356756865,,,
fixed_low,131,0.6810041722155428,0.009544776822685619,0.0,0.0774783443411604,3.730544297101544,25.486376292069394,8,25,4323,3.4347985093861912,,,
fixed_low,132,0.681045865513887,0.009957900345657467,0.0,-0.09372841989778137,2.2631670647502875,24.018999059718137,8,25,4356,1.034764191573127,,,
fixed_low,133,0.6810728451061367,0.010398807641146313,0.0,-0.26636536003394945,3.321437677369214,25.077269672337064,8,25,4389,2.9837764285909176,,,
fixed_low,134,0.6810730947168125,0.010116216822802393,0.0,0.10549041517390069,2.8990826161005283,24.654914611068378,8,25,4422,3.4074823951079294,,,
fixed_low,135,0.6812570470462204,0.010056258011204133,0.0,0.027914407262011564,5.164721410976437,26.920553405944286,8,25,4455,6.421733224473159,,,
fixed_low,136,0.6813431950199134,0.009688520986684157,0.0,-0.07067291220068021,3.561934836160095,25.317766831127944,8,25,4488,3.1228816832390844,,,
fixed_low,137,0.6812735488714016,0.009790205964286591,0.0,0.28234958272740607,1.8431367922937245,23.598968787261573,8,25,4521,1.657608155118337,,,
fixed_low,138,0.6814078586463753,0.009860995061921063,0.0,-0.010931309944238077,2.1015254494928604,23.85735744446071,8,25,4554,1.1013484804400095,,,
fixed_low,139,0.6815760225698194,0.009750813297988326,0.0,-0.03250227091261418,3.6841176716342936,25.439949666602143,8,25,4587,3.0873666733545395,,,
fixed_low,140,0.6815647562368626,0.009824977878905239,0.0,-0.039084927831400246,3.1449595441646285,24.900791539132477,8,25,4620,2.92555964309276,,,
fixed_low,141,0.6814837714716915,0.009524803819950134,0.0,0.4454734738772848,4.789575330081104,26.545407325048952,8,25,4653,5.306560551635274,,,
fixed_low,142,0.6815737206114224,0.009563406964878896,0.0,-0.22029100070364463,3.1584967285069374,24.914328723474785,8,25,4686,3.2182039647892786,,,
fixed_low,143,0.6819377962096131,0.009129976219556024,0.0,-0.45812547942805315,3.8069824136894312,25.56281440865728,8,25,4719,2.973599138255367,,,
fixed_low,144,0.6820208804103381,0.008644582998939443,0.0,0.10698162068091156,5.1527569452302755,26.908588940198126,8,25,4752,6.1607665071705995,,,
fixed_low,145,0.6821318849252462,0.008859270059212165,0.0,-0.20703598221904665,3.564816760853212,25.32064875582106,8,25,4785,4.107363435080327,,,
fixed_low,146,0.6822106204859569,0.009214439611377911,0.0,-0.2934478773111201,1.7634207795960521,23.519252774563903,8,25,4818,1.7256268058600703,,,
fixed_low,147,0.6824507267647494,0.010686175900288974,0.0,-0.6623545597420694,2.03853219825631,23.79436419322416,8,25,4851,8.574892904902155,,,
fixed_low,148,0.6823550646897512,0.010822290945386004,0.0,-0.010189009721027846,4.794172608991831,26.550004603959678,8,25,4884,6.747249746402923,,,
fixed_low,149,0.6824513987429075,0.011214141843623904,0.0,-0.1557705437211711,2.093256674051249,23.849088669019096,8,25,4917,1.2260440260721577,,,
fixed_low,150,0.6824190528943485,0.011423667660217629,0.0,-0.16335924091903214,4.285438888985926,26.041270883953775,8,25,4950,3.27925034194118,,,
fixed_low,151,0.6825587603229643,0.012050891547597087,0.0,-0.22423873289948623,3.03836184879418,24.79419384376203,8,25,4983,2.222330627829704,,,
fixed_low,152,0.682604769133384,0.011771973180851325,0.0,0.24916842412689325,5.002493738330449,26.7583257332983,8,25,5016,6.822596553655691,,,
fixed_low,153,0.6826573268765417,0.011584771935954974,0.0,-0.03959020343159997,2.330482316045298,24.086314311013147,8,25,5049,1.232572565909741,,,
fixed_low,154,0.6826111305424301,0.011685305804067458,0.0,-0.12948424960918375,2.0056933504464856,23.761525345414334,8,25,5082,1.1541098697477326,,,
fixed_low,155,0.682514094262942,0.011518948910765325,0.0,0.09908743118677092,3.139567173127411,24.89539916809526,8,25,5115,2.9115357279520153,,,
fixed_low,156,0.6826082615964747,0.010883452911813918,0.0,0.11889579405452481,2.650981910434502,24.406813905402352,8,25,5148,1.1194264875646935,,,
fixed_low,157,0.6826111275572224,0.010686583484084689,0.0,0.05459922714463375,3.5672420747048657,25.323074069672714,8,25,5181,3.0667345753713544,,,
fixed_low,158,0.6824853507661628,0.01068934792516485,0.0,0.0344274895977203,2.5552498019131145,24.311081796880963,8,25,5214,1.0929597588286977,,,
fixed_low,159,0.6825310832794609,0.011416240513828058,0.0,-0.42862994604125426,2.841516190613012,24.597348185580863,8,25,5247,3.166088849252047,,,
fixed_low,160,0.6825161339032384,0.011651924497669275,0.0,-0.0072165732715993814,2.118336656182372,23.87416865115022,8,25,5280,0.9453262660412691,,,
fixed_low,161,0.6824380570941204,0.011386050503023881,0.0,0.21805556833978218,2.2537317548692815,24.00956374983713,8,25,5313,1.484738460764494,,,
fixed_low,162,0.6824810281805802,0.010786938489953157,0.0,0.2561821364824221,2.1618424515229857,23.917674446490835,8,25,5346,1.4551525768220905,,,
fixed_low,163,0.6825800055329736,0.011223328728075188,0.0,-0.3344704164514941,4.4100823275548535,26.165914322522703,8,25,5379,4.784633498692452,,,
fixed_low,164,0.6826757330346039,0.010684872115780175,0.0,0.18069408714802146,3.511590391809166,25.267422386777014,8,25,5412,2.837251688664931,,,
fixed_low,165,0.6826856757757802,0.01057018577955715,0.0,0.03825925861173264,1.8199075034143508,23.575739498382198,8,25,5445,0.8926054304341997,,,
fixed_low,166,0.6826570218786083,0.011307042902960585,0.0,-0.3916037719371493,1.965814655347187,23.721646650315037,8,25,5478,2.0135776548108937,,,
fixed_low,167,0.6827700962938337,0.011027557353689765,0.0,0.008568276664280767,3.1763813226788464,24.932213317646696,8,25,5511,2.6744107151911107,,,
fixed_low,168,0.6827249107242912,0.011209972724589679,0.0,-0.07250068824381918,2.354980324330248,24.1108123192981,8,25,5544,0.9336521194940653,,,
fixed_low,169,0.682759477869216,0.01190387395261383,0.0,-0.14289900038462294,4.4645952695506415,26.22042726451849,8,25,5577,5.927670870861934,,,
fixed_low,170,0.6827747547185771,0.012587205743986196,0.0,-0.17525336206203465,2.9543055214774503,24.7101375164453,8,25,5610,2.6143553260777828,,,
fixed_low,171,0.6827831396026568,0.01267253683563807,0.0,-0.19275958688428704,4.967241844263371,26.72307383923122,8,25,5643,6.958518230741397,,,
fixed_low,172,0.682809444219395,0.012967696073882151,0.0,-0.1060797685016884,3.6277485557069586,25.383580550674807,8,25,5676,2.876099294759496,,,
fixed_low,173,0.6828518560434539,0.012729678664292199,0.0,0.07845403112362635,1.7948183578312484,23.550650352799096,8,25,5709,1.0838528586400438,,,
fixed_low,174,0.6828419001697278,0.012467599414398012,0.0,0.07823820598506483,3.676246274447998,25.432078269415847,8,25,5742,3.4893215254960706,,,
fixed_low,175,0.6829978519271059,0.012390858212024791,0.0,-0.021661960486540396,2.2035751437725293,23.959407138740378,8,25,5775,1.2875876166291873,,,
fixed_low,176,0.6829739425503168,0.012638962612653404,0.0,-0.12730191827488255,3.357375344988913,25.113207339956762,8,25,5808,2.8591716755828496,,,
fixed_low,177,0.68291817610645,0.013076294904735719,0.0,-0.3166575213938653,3.510370570039973,25.266202565007823,8,25,5841,2.8174086820751896,,,
fixed_low,178,0.6829299676964946,0.01310425588013997,0.0,-0.13347194949199057,4.371175911858208,26.12700790682606,8,25,5874,6.260664178828842,,,
fixed_low,179,0.68286537990316,0.012988278392130681,0.0,-0.16668344799649878,3.394644077977661,25.15047607294551,8,25,5907,3.166288046249605,,,
fixed_low,180,0.6829223518146579,0.012835101865240173,0.0,0.018004463127028542,3.1019371081988156,24.857769103166664,8,25,5940,2.6405850372684383,,,
fixed_low,181,0.6829306783754637,0.013028648158447731,0.0,-0.09039417317041419,2.111487531104937,23.867319526072787,8,25,5973,1.0146211583766547,,,
fixed_low,182,0.6829863361530837,0.013126367224253976,0.0,0.028117868373567813,4.213569221577275,25.969401216545123,8,25,6006,3.492836834699721,,,
fixed_low,183,0.6832084861619622,0.013137422550110855,0.0,0.0014194337191462362,3.6590044404702646,25.414836435438115,8,25,6039,5.99096733079508,,,
fixed_low,184,0.6832156129371204,0.012225475999861235,0.0,0.3191619298285526,1.8553053191381395,23.61113731410599,8,25,6072,1.4066361579166133,,,
fixed_low,185,0.6833818090052833,0.01230655951070414,0.0,-0.007286555565216825,2.2223365675806224,23.978168562548472,8,25,6105,1.2064719344885426,,,
fixed_low,186,0.6834023061155394,0.012443863181265002,0.0,0.15945526250632308,3.1807134082114343,24.936545403179284,8,25,6138,2.9235485854636254,,,
fixed_low,187,0.6832452481369132,0.012141357465368485,0.0,0.10021801990982065,2.45413703378344,24.20996902875129,8,25,6171,0.970222237208732,,,
fixed_low,188,0.6830184067602358,0.012884833820008601,0.0,-0.0406499048664587,1.864730165852028,23.620562160819876,8,25,6204,1.0004933674294525,,,
fixed_low,189,0.6831090208682857,0.012702053873156038,0.0,0.06172425973942568,3.6167098939227715,25.37254188889062,8,25,6237,3.420764588721781,,,
fixed_low,190,0.6831624216163761,0.01271019690584474,0.0,-0.1245432444305355,4.130946938740152,25.886778933708,8,25,6270,2.8884102063057417,,,
fixed_low,191,0.6833277582641696,0.012916782146230266,0.0,-0.1364324742116106,3.6680320272801334,25.423864022247983,8,25,6303,3.1633220163127063,,,
fixed_low,192,0.6835049803351452,0.012692723394508443,0.0,0.1290842825878908,3.4182406886426033,25.174072683610454,8,25,6336,3.4773678384632376,,,
fixed_low,193,0.6834646060088246,0.013078878734159693,0.0,-0.17463726392174814,2.1340807678794,23.88991276284725,8,25,6369,1.1615218180662756,,,
fixed_low,194,0.6834768073472648,0.01323485964549509,0.0,-0.2600763145134541,1.0831633940249206,22.83899538899277,8,25,6402,0.9057048900956125,,,
fixed_low,195,0.6835003121302602,0.014314721958620602,0.0,-0.23947346047035306,3.8701035619522126,25.625935556920062,8,25,6435,1.855737090771146,,,
fixed_low,196,0.6835198449794289,0.015127627659413334,0.0,-0.35060947871347325,3.350128353122137,25.105960348089987,8,25,6468,3.874811617218152,,,
fixed_low,197,0.6836747265965905,0.015077036888689221,0.0,-0.00263509636843505,3.2276935588321733,24.98352555380002,8,25,6501,2.7778520380246454,,,
fixed_low,198,0.6837971433404151,0.013498239311590887,0.0,0.3787895520581129,3.5477392126834433,25.30357120765129,8,25,6534,3.2989332161496243,,,
fixed_low,199,0.6837514370424166,0.013992709525977087,0.0,-0.045634834719646716,3.8653873854384013,25.621219380406252,8,25,6567,3.707592274189684,,,
fixed_low,200,0.6839071126227645,0.013416536317152117,0.0,0.07051765436303732,2.18661663026482,23.942448625232668,8,25,6600,0.9923787566225375,,,
fixed_low,201,0.6839026009201424,0.013684557051867219,0.0,-0.08241170241953855,2.529872606457076,24.285704601424925,8,25,6633,1.0118767833944744,,,
fixed_low,202,0.6840114614599303,0.014148215604570913,0.0,-0.1610684265030779,3.2499080488760965,25.005740043843947,8,25,6666,2.978737284869459,,,
fixed_low,203,0.6840859592024126,0.013552907840040707,0.0,0.1274665618848089,2.263360433756516,24.019192428724367,8,25,6699,1.304855800787001,,,
fixed_low,204,0.6841527457096984,0.013169608573658675,0.0,0.026949021089291553,3.101601406571622,24.85743340153947,8,25,6732,3.31701955290472,,,
fixed_low,205,0.684220363901013,0.013715239005758995,0.0,-0.10896329291967531,2.513726002650995,24.269557997618843,8,25,6765,0.7704879786411346,,,
fixed_low,206,0.6842888207333185,0.014380093010878947,0.0,-0.15979716813303704,4.0051840006292005,25.76101599559705,8,25,6798,3.3317995265055877,,,
fixed_low,207,0.684253278606156,0.014449595794701287,0.0,-0.1219906431126216,3.759312964926129,25.515144959893977,8,25,6831,2.9753320319671115,,,
fixed_low,208,0.684353943125146,0.015661903408505595,0.0,-0.4822438390783477,2.6524318185681355,24.408263813535985,8,25,6864,6.239534756423967,,,
fixed_low,209,0.68437706638878,0.01661531819946993,0.0,-0.31602416699335684,2.5009032498887755,24.256735244856625,8,25,6897,3.8252521168380853,,,
fixed_low,210,0.6844966145793244,0.015429534008371992,0.0,0.41773231088543544,3.8455169810538212,25.60134897602167,8,25,6930,3.4674093821388285,,,
fixed_low,211,0.6845267436400622,0.01431218910487897,0.0,0.3433576637991456,3.975578646419878,25.731410641387725,8,25,6963,4.0283194690960205,,,
fixed_low,212,0.6846405153641504,0.014622724977322754,0.0,-0.07827514739506757,3.621858202131425,25.377690197099273,8,25,6996,2.46161467651962,,,
fixed_low,213,0.6845114027667136,0.015688220592405377,0.0,-0.2924770416783398,1.8640526529534975,23.619884647921346,8,25,7029,1.1836851453625818,,,
fixed_low,214,0.6845695609043908,0.01726559633083813,0.0,-0.4291654612257692,3.1511382058563853,24.906970200824233,8,25,7062,2.966715056941407,,,
fixed_low,215,0.6845981099353312,0.016915379005479014,0.0,0.15844029544478727,4.238447454052954,25.9942794490208,8,25,7095,6.066301646281076,,,
fixed_low,216,0.6845653765162849,0.01709714931952877,0.0,-0.14083587195284392,4.306868980608408,26.062700975576256,8,25,7128,3.356546978012154,,,
fixed_low,217,0.6846138895885892,0.017275557288523147,0.0,-0.09762494708821462,5.521208376129152,27.277040371097,8,25,7161,5.981650565248499,,,
fixed_low,218,0.6845710565699714,0.017744199635503444,0.0,-0.1832362625386267,3.173925643297321,24.92975763826517,8,25,7194,2.724239915615424,,,
fixed_low,219,0.6844504080757652,0.01690789473777654,0.0,0.12591234529909023,3.529788331263126,25.285620326230976,8,25,7227,3.5616658410036273,,,
fixed_low,220,0.6845552304378398,0.01696095540133724,0.0,0.03666281352591826,2.6744193461888464,24.430251341156694,8,25,7260,0.7109583766616503,,,
fixed_low,221,0.6846151819516537,0.01645198308744722,0.0,0.22725948505950863,4.392867839695274,26.148699834663123,8,25,7293,2.666841088297234,,,
fixed_low,222,0.6845308438579993,0.01679718760007176,0.0,-0.1783383958669758,2.753045666409682,24.508877661377532,8,25,7326,2.4315996511199565,,,
fixed_low,223,0.6843488888504417,0.015652402756488937,0.0,0.3802706843651342,1.9364057448472636,23.692237739815113,8,25,7359,1.5402984384704954,,,
fixed_low,224,0.6845652177802628,0.012969175931638932,0.0,0.9273543617802046,3.3455501389106623,25.101382133878513,8,25,7392,7.129867085678868,,,
fixed_low,225,0.6845498242445736,0.013941889628031223,0.0,-0.4233145415746252,2.593237128671279,24.34906912363913,8,25,7425,5.298262273092012,,,
fixed_low,226,0.684629470304315,0.01419636771323285,0.0,-0.14982289980207342,3.788192186303105,25.544024181270956,8,25,7458,3.378833090079084,,,
fixed_low,227,0.6846148515463383,0.015386601890305718,0.0,-0.4683255191147512,2.0305803356691965,23.786412330637045,8,25,7491,6.190404663953711,,,
fixed_low,228,0.6847091890601571,0.014855587029706241,0.0,0.1604717488703031,2.5952580373064267,24.351090032274275,8,25,7524,2.9845282298216436,,,
fixed_low,229,0.6848052039417523,0.01427911562600348,0.0,0.1462591282072755,3.604287950618696,25.360119945586547,8,25,7557,3.215833750372117,,,
fixed_low,230,0.6848498406722877,0.013176332514808875,0.0,0.3474059476596937,2.063684437010874,23.819516431978723,8,25,7590,1.5416335461783528,,,
fixed_low,231,0.6849641332570264,0.014224649698410974,0.0,-0.16355613545074485,3.4096088004817817,25.16544079544963,8,25,7623,2.483928352444544,,,
fixed_low,232,0.6849847060230858,0.013204534950998603,0.0,0.3415638544784019,2.3492298764147668,24.105061871382617,8,25,7656,2.3764112710939798,,,
fixed_low,233,0.6850538423535377,0.012591414572342807,0.0,0.2582110926419066,5.5691244696734765,27.324956464641325,8,25,7689,7.6034445210738255,,,
fixed_low,234,0.6850819421906991,0.012325758808868215,0.0,0.012904522108524144,3.804754830939736,25.560586825907585,8,25,7722,2.8865329638625483,,,
fixed_low,235,0.6850471073514914,0.012211435109780844,0.0,0.008680332758014364,3.6394705294600507,25.3953025244279,8,25,7755,6.766953595800336,,,
fixed_low,236,0.6850232413518775,0.011557184881736182,0.0,0.21260282412473613,3.9212852799044304,25.67711727487228,8,25,7788,2.8526691126354184,,,
fixed_low,237,0.6851186387192192,0.011959431182302138,0.0,-0.1583692884706951,3.3145744329360562,25.070406427903905,8,25,7821,3.216222307741599,,,
fixed_low,238,0.6852046033439553,0.011139392077261112,0.0,0.17654354235958106,1.8885493883745414,23.64438138334239,8,25,7854,1.4311137636426554,,,
fixed_low,239,0.6850150955898024,0.010912010971649622,0.0,0.1067710916017506,2.132085557276383,23.887917552244232,8,25,7887,1.0390332408147034,,,
fixed_low,240,0.6849999950803604,0.011289440129655937,0.0,-0.1796273115812621,3.0113006696566664,24.767132664624516,8,25,7920,2.6608833205339164,,,
fixed_low,241,0.6849202922895329,0.011426377475131755,0.0,-0.0687898735638666,2.0012896974331764,23.757121692401025,8,25,7953,1.009517420658063,,,
fixed_low,242,0.6849920074770646,0.011063595943864302,0.0,0.1007554026295645,2.2879887036283053,24.043820698596154,8,25,7986,0.9143909402783027,,,
fixed_low,243,0.685091465910666,0.010581808789134062,0.0,0.21033214252099683,1.844876273704066,23.600708268671916,8,25,8019,1.2803440418721421,,,
fixed_low,244,0.6849783291314187,0.010419102507292943,0.0,-0.14133187391388605,2.6325662132454046,24.388398208213253,8,25,8052,2.571262688226159,,,
fixed_low,245,0.6851180917278609,0.011540999538861452,0.0,-0.38728800333061325,2.8325911688344405,24.58842316380229,8,25,8085,4.286523493023174,,,
fixed_low,246,0.6852184479629506,0.010470885095475113,0.0,0.350239038675138,3.04590353420411,24.80173552917196,8,25,8118,4.106386438403668,,,
fixed_low,247,0.6851743670606106,0.010881674084629811,0.0,-0.17813732374186705,4.178733699424029,25.93456569439188,8,25,8151,5.828395610362217,,,
fixed_low,248,0.6851064981176411,0.01099031097059211,0.0,-0.1940017443565387,3.3098650739913924,25.065697068959242,8,25,8184,3.5362825494883725,,,
fixed_low,249,0.6852302610852967,0.01049473284675162,0.0,0.08490917697923417,2.7757807476026692,24.53161274257052,8,25,8217,3.2855470905869004,,,
fixed_low,250,0.6852780846284144,0.010011940799645513,0.0,0.07964661979085243,3.9835283427168457,25.739360337684694,8,25,8250,2.6141400648035766,,,
fixed_low,251,0.6853208423113514,0.009669557575825216,0.0,0.10431099302643791,3.6079442763184812,25.36377627128633,8,25,8283,3.145136062065569,,,
fixed_low,252,0.6853884592793532,0.009761867447595551,0.0,0.14591654663416093,3.546160886189393,25.301992881157243,8,25,8316,3.0260553660293668,,,
fixed_low,253,0.6854297349892655,0.009167180900954253,0.0,0.05292066776183943,3.449633948407182,25.20546594337503,8,25,8349,3.5529531795789135,,,
fixed_low,254,0.6852925859889425,0.009966346055392261,0.0,-0.34101501089294256,3.784707119287794,25.540539114255644,8,25,8382,3.977686623328161,,,
fixed_low,255,0.6852757784959114,0.01070185790699596,0.0,-0.24534164686020524,5.24597698939934,27.001808984367187,8,25,8415,10.777973798020371,,,
fixed_low,256,0.6852277707859613,0.0114107089310167,0.0,-0.20740421950077392,3.616508159833646,25.372340154801496,8,25,8448,3.391275411959904,,,
fixed_low,257,0.6851399664125494,0.01151252819473969,0.0,-0.17988855785968585,1.848308130381972,23.604140125349822,8,25,8481,1.3212588248041681,,,
fixed_low,258,0.685074723848188,0.011648767901231594,0.0,-0.13370425905224254,7.070838891318651,28.8266708862865,8,25,8514,10.96597927552373,,,
fixed_low,259,0.685108432539721,0.011722195338644159,0.0,0.05847776771563086,5.534798004267378,27.29062999923523,8,25,8547,5.9440882639436925,,,
fixed_low,260,0.6851048914576432,0.01224909690106002,0.0,-0.0007053072953842156,2.441062254164499,24.19689424913235,8,25,8580,0.7309595712979139,,,
fixed_low,261,0.6850446032255215,0.011776820174739355,0.0,0.1004415124732846,2.3900779704781474,24.145909965445995,8,25,8613,0.7562206953809444,,,
fixed_low,262,0.6851884215114773,0.010625067585474546,0.0,0.27595055191367335,5.26554467956572,27.02137667453357,8,25,8646,6.976755302949817,,,
fixed_low,263,0.6851353040174096,0.01108855100713313,0.0,-0.15932957207205095,2.7482615273484567,24.504093522316307,8,25,8679,2.449074465015176,,,
fixed_low,264,0.6853094054818323,0.010664063624097886,0.0,0.12811298252304462,4.46921999969916,26.22505199466701,8,25,8712,7.094496046030926,,,
fixed_low,265,0.6853508954385376,0.010558578078870506,0.0,0.10212475475774865,7.085030610146458,28.840862605114307,8,25,8745,11.620910339896422,,,
fixed_low,266,0.6853699006843805,0.011457645921366888,0.0,-0.1303147674110486,4.164579087818141,25.92041108278599,8,25,8778,5.564811409343297,,,
fixed_low,267,0.6853613429245912,0.011172595553512354,0.0,0.20265261452413558,2.920606652613267,24.676438647581115,8,25,8811,3.9734619645284623,,,
fixed_low,268,0.6853812000607139,0.010733044482360454,0.0,0.06637214274709893,1.7577906068708864,23.513622601838737,8,25,8844,1.1006799450054923,,,
fixed_low,269,0.6853771672809323,0.010440093194300726,0.0,0.11677747685899804,3.6390882861479836,25.394920281115834,8,25,8877,2.7432825934316547,,,
fixed_low,270,0.6854644273859558,0.009926150807763934,0.0,0.22440986304156063,2.159447419353639,23.91527941432149,8,25,8910,1.6752827296166126,,,
fixed_low,271,0.6854696928212624,0.009906887489250615,0.0,-0.027201764347914586,3.1619329688694218,24.91776496383727,8,25,8943,3.7096365935038986,,,
fixed_low,272,0.6855201880984354,0.009457193248968099,0.0,0.13646890691465452,3.252907963663029,25.008739958630876,8,25,8976,3.7307481813820225,,,
fixed_low,273,0.6854707661179397,0.010670740174605786,0.0,-0.44284025902705415,2.740761186167282,24.496593181135133,8,25,9009,1.9846875907720432,,,
fixed_low,274,0.6855758088515138,0.010038296608564257,0.0,0.20916442694526752,2.1390174877933354,23.894849482761185,8,25,9042,1.5738908115429449,,,
fixed_low,275,0.6856464466855047,0.010222593070063346,0.0,0.015979498173941828,6.8601715854269525,28.616003580394803,8,25,9075,11.368103463738018,,,
fixed_low,276,0.6857068214107269,0.010446677879621391,0.0,-0.04025781784330536,2.9654260353205784,24.72125803028843,8,25,9108,3.017644428069305,,,
fixed_low,277,0.6855210402543741,0.010686266928810584,0.0,-0.15904447105570085,4.045752207950131,25.80158420291798,8,25,9141,3.4774620954362647,,,
fixed_low,278,0.6855071822457318,0.010208857972452412,0.0,0.14224468957393913,3.054374246304495,24.810206241272343,8,25,9174,3.3321629417101066,,,
fixed_low,279,0.6855963297863058,0.010498175607467353,0.0,-0.13351104033057157,5.270376273989078,27.02620826895693,8,25,9207,6.427531164857946,,,
fixed_low,280,0.6855442033368184,0.009847480629878724,0.0,0.1674521849644896,4.12825308558549,25.88408508055334,8,25,9240,3.4973255853466836,,,
fixed_low,281,0.685457898968941,0.01059677231135625,0.0,-0.2614355556157749,5.804557827524007,27.560389822491857,8,25,9273,6.75050722639938,,,
fixed_low,282,0.6854309205411898,0.009618161432960348,0.0,0.20675666180126429,2.0763519029975352,23.832183897965386,8,25,9306,1.2081521161377438,,,
fixed_low,283,0.6855357364542626,0.009572837878061513,0.0,0.1676886294545237,1.745087703224622,23.500919698192472,8,25,9339,1.3732062462252579,,,
fixed_low,284,0.68559719078866,0.009399776377171154,0.0,0.10051866474527865,3.266119991855534,25.02195198682338,8,25,9372,3.4344056222009383,,,
fixed_low,285,0.6857809919511938,0.00888941591172554,0.0,0.16849027198105432,3.2456983346759114,25.00153032964376,8,25,9405,3.234234361571122,,,
fixed_low,286,0.6858051771228969,0.0094015147241997,0.0,-0.16292833601874546,4.013485294604941,25.76931728957279,8,25,9438,4.143028725349123,,,
fixed_low,287,0.6860330082229605,0.008276650342893155,0.0,0.3239857582165582,3.455661581444147,25.211493576411996,8,25,9471,3.3807162951864003,,,
fixed_low,288,0.6857694991277408,0.00869655410490644,0.0,-0.3298533976725719,2.1042998524686007,23.86013184743645,8,25,9504,1.0693316111090476,,,
fixed_low,289,0.685717721683871,0.009120779190544104,0.0,-0.19498491340621224,3.161376568661403,24.917208563629252,8,25,9537,2.8582361325958936,,,
fixed_low,290,0.685685919564965,0.009525307066792332,0.0,-0.03453588000993412,2.973920394095819,24.72975238906367,8,25,9570,3.2360940273388707,,,
fixed_low,291,0.6855264682691599,0.01028567358057253,0.0,-0.5176764481014322,4.015903116336398,25.771735111304245,8,25,9603,2.1672341933177854,,,
fixed_low,292,0.68580260447893,0.008404953766109391,0.0,0.7052498997516711,3.943112280196018,25.698944275163868,8,25,9636,6.87310429308321,,,
fixed_low,293,0.6857039203010494,0.008414704839700304,0.0,-0.12020488131531301,3.2960389026743835,25.05187089764223,8,25,9669,2.6994341764271157,,,
fixed_low,294,0.6856112922524329,0.009024770360707257,0.0,-0.11018120916091285,5.362762177868768,27.118594172836616,8,25,9702,6.954986457138933,,,
fixed_low,295,0.6854933320369316,0.009010485200560359,0.0,0.048934532761198656,3.099458659881565,24.855290654849416,8,25,9735,3.8751192139048283,,,
fixed_low,296,0.6855249369523706,0.00822324008796127,0.0,0.12443347623940522,3.3684670495123457,25.124299044480196,8,25,9768,3.0355387036420125,,,
fixed_low,297,0.6853985396449747,0.008725527415613499,0.0,-0.20564513163498443,3.447549738975132,25.203381733942983,8,25,9801,2.4749824204894635,,,
fixed_low,298,0.6853601502781197,0.008967983709736838,0.0,-0.08129814087895763,8.630015318690972,30.38584731365882,8,25,9834,23.64209185076749,,,
fixed_low,299,0.685512761314402,0.007967277324638533,0.0,0.46209787739000585,3.410163507245071,25.16599550221292,8,25,9867,2.7538522163498658,,,
fixed_low,300,0.68553466461971,0.008411780657182288,0.0,-0.22549485889170204,5.138677459070823,26.894509454038673,8,25,9900,6.003813759110625,,,
fixed_low,301,0.685554245475139,0.00772900001948329,0.0,0.118857952991656,3.6121266948461304,25.367958689813978,8,25,9933,2.780565009031642,,,
fixed_low,302,0.6856446077055192,0.007600392117863453,0.0,0.17353269944971092,2.397670360853742,24.15350235582159,8,25,9966,1.339865447146454,,,
fixed_low,303,0.6855567093320313,0.007360521489359506,0.0,0.084295658928107,3.254884801787026,25.010716796754874,8,25,9999,3.580729441356414,,,
fixed_low,304,0.6858357890412878,0.007500422876668633,0.0,0.04647634521077481,3.6215842566342547,25.377416251602103,8,25,10032,2.7809145049191675,,,
fixed_low,305,0.685798043887721,0.008514969244492132,0.0,-0.4222017002708169,2.495180525365402,24.25101252033325,8,25,10065,2.4030469125063987,,,
fixed_low,306,0.6859792112138338,0.008082595538419834,0.0,0.18419745926802011,4.803022908414272,26.55885490338212,8,25,10098,7.1579302738630215,,,
fixed_low,307,0.6860179668450742,0.007276143780677646,0.0,0.32474765657164817,2.929058769486718,24.68489076445457,8,25,10131,3.5890162157466894,,,
fixed_low,308,0.6859232193504073,0.008365895959546621,0.0,-0.3863894980443928,5.121601945526818,26.87743394049467,8,25,10164,7.289478415879722,,,
fixed_low,309,0.6859664719409416,0.007654729715301789,0.0,0.16185382434531834,3.485877566201566,25.241709561169415,8,25,10197,3.7144116534715668,,,
fixed_low,310,0.6859112552666503,0.00832422589535542,0.0,-0.2790597233695498,4.011141225880343,25.766973220848193,8,25,10230,3.309447679950892,,,
fixed_low,311,0.6859865251304778,0.007345597714338625,0.0,0.4526818255605011,3.7849863289973915,25.54081832396524,8,25,10263,3.6334399872234258,,,
fixed_low,312,0.6859529767259186,0.007756050163392425,0.0,-0.11031713061462951,2.4837011278282195,24.239533122796068,8,25,10296,1.1019796305062306,,,
fixed_low,313,0.6857115162133368,0.00819581170340744,0.0,-0.26719741807465847,3.3111366379200757,25.066968632887924,8,25,10329,2.9473506249308774,,,
fixed_low,314,0.6857920248596815,0.008789305514147694,0.0,-0.3034572825093303,2.891681050032803,24.64751304500065,8,25,10362,2.072120324840089,,,
fixed_low,315,0.6857268234537325,0.009031144142832015,0.0,-0.041209555333630014,3.4970693677200764,25.252901362687926,8,25,10395,2.8931406506045794,,,
fixed_low,316,0.6856418024522759,0.009093717574459093,0.0,0.061346091483310085,3.686159630018647,25.441991624986496,8,25,10428,3.197785583058225,,,
fixed_low,317,0.6856285751009938,0.008749643945683894,0.0,0.10979144051361404,2.425701378396679,24.181533373364527,8,25,10461,1.0954898747461754,,,
fixed_low,318,0.6857489078400572,0.007794981329457884,0.0,0.3091473539001479,3.059994063447949,24.815826058415798,8,25,10494,4.2214631069600115,,,
fixed_low,319,0.6857422503727225,0.007887403915439961,0.0,-0.17698206456088028,1.7087515629077952,23.464583557875645,8,25,10527,0.8972317467139261,,,
fixed_low,320,0.6856810642619396,0.007921616640032991,0.0,-0.09021705548085351,3.658147170366007,25.413979165333856,8,25,10560,3.0464645921195954,,,
fixed_low,321,0.6856464847318129,0.007841930165014999,0.0,-0.2811483983631083,3.60758669265262,25.36341868762047,8,25,10593,2.5357565997171148,,,
fixed_low,322,0.6858880187459869,0.0071516413896342,0.0,0.2791905125148834,3.288779704382666,25.044611699350515,8,25,10626,3.5156028241198336,,,
fixed_low,323,0.685939689944739,0.007700949824800074,0.0,-0.06434844633789052,3.475409479289032,25.23124147425688,8,25,10659,2.706821939925768,,,
fixed_low,324,0.6859516582000742,0.006904159766694007,0.0,0.1303374559705895,2.827043296072145,24.582875291039993,8,25,10692,3.374690414223584,,,
fixed_low,325,0.6858921835958149,0.007331309191029756,0.0,0.025877325903235843,2.922578539858746,24.678410534826597,8,25,10725,3.120748581255315,,,
fixed_low,326,0.6860733990440363,0.0071502549554378625,0.0,0.11794566809969263,2.666123384173771,24.42195537914162,8,25,10758,4.074602338474784,,,
fixed_low,327,0.6861119499347237,0.007125102788333337,0.0,0.12347395683280885,1.810487506617165,23.566319501585014,8,25,10791,1.0278113100897353,,,
fixed_low,328,0.6861607362037045,0.0070108082798944205,0.0,-0.027268852921520433,2.9132252172896327,24.66905721225748,8,25,10824,2.7432313445956056,,,
fixed_low,329,0.6860928554123286,0.0073140189156227775,0.0,-0.08698854603344852,3.779939972649953,25.5357719676178,8,25,10857,3.1600786202226665,,,
fixed_low,330,0.6860929247609047,0.007477739296142594,0.0,-0.19567122361341888,3.9057700180406463,25.661602013008494,8,25,10890,3.085015348314198,,,
fixed_low,331,0.6860864108709213,0.00715756483419927,0.0,0.06330860576585545,2.8929474670147,24.64877946198255,8,25,10923,3.311210480819019,,,
fixed_low,332,0.6861469392043797,0.007284960802117935,0.0,-0.16688307453464316,1.7169839863535117,23.47281598132136,8,25,10956,0.7288545224700773,,,
fixed_low,333,0.6859920115651396,0.008100785710616343,0.0,-0.3818099010750597,4.683044353782916,26.438876348750764,8,25,10989,6.239298546824313,,,
fixed_low,334,0.6860285928431596,0.0069803567304741465,0.0,0.5041413592900595,2.119475533233648,23.875307528201496,8,25,11022,2.4212052139129963,,,
fixed_low,335,0.6860362677551993,0.0067378216623186216,0.0,-0.056441835928325364,3.8682324498798875,25.624064444847736,8,25,11055,2.8330646622559144,,,
fixed_low,336,0.6861024930505509,0.007294175174278106,0.0,-0.12476443290675435,2.9550538768113763,24.710885871779226,8,25,11088,2.4676976569187525,,,
fixed_low,337,0.6860414701707791,0.00750589267970303,0.0,-0.06161911527292968,5.0159029696784865,26.771734964646335,8,25,11121,7.020563338459619,,,
fixed_low,338,0.685956151177341,0.008693212911278003,0.0,-0.48293336560862987,3.280265982954805,25.036097977922655,8,25,11154,2.0423725727682536,,,
fixed_low,339,0.6859905635692736,0.008650328780650973,0.0,0.059502105751233325,3.2723858728042186,25.028217867772067,8,25,11187,3.1074041349593218,,,
fixed_low,340,0.6861641515056247,0.007900904271884501,0.0,0.30009243162601,3.1992079412397816,24.95503993620763,8,25,11220,3.3169424856538807,,,
fixed_low,341,0.6860722425767516,0.008428976153895484,0.0,-0.0667830017471518,3.546469176964105,25.302301171931955,8,25,11253,3.0052715238888053,,,
fixed_low,342,0.6861537014350944,0.008015417346401432,0.0,0.04283695897364268,3.5802589868001933,25.33609098176804,8,25,11286,2.7622021750453234,,,
fixed_low,343,0.6861381272553642,0.008315184661767283,0.0,-0.012351504056888596,2.7012760104315587,24.45710800539941,8,25,11319,1.2224401084724796,,,
fixed_low,344,0.686041007433659,0.00809365454275901,0.0,0.011794921629560255,2.24676835395771,24.002600348925558,8,25,11352,1.4783111023324869,,,
fixed_low,345,0.6861153116062295,0.008693487267638966,0.0,-0.12886788311749134,7.166461313454821,28.92229330842267,8,25,11385,11.357078036364447,,,
fixed_low,346,0.6860475533203846,0.009405892428112184,0.0,-0.2559036027102689,2.938225834187388,24.694057829155238,8,25,11418,3.033900419056901,,,
fixed_low,347,0.6861350992634412,0.008512550394648266,0.0,0.09000420659031687,2.6951592482218456,24.450991243189694,8,25,11451,1.1406617230411147,,,
fixed_low,348,0.6861570643544349,0.007985565186966359,0.0,0.20818565212283086,3.5958398203770043,25.351671815344854,8,25,11484,3.9959865450958145,,,
fixed_low,349,0.6862737544469891,0.007418276946590918,0.0,0.12147353441632308,1.9575971476394458,23.713429142607296,8,25,11517,1.1800136389871787,,,
fixed_low,350,0.6864315932854569,0.006666193320733704,0.0,0.2705666244042704,5.253602233640355,27.009434228608203,8,25,11550,8.400362313773394,,,
fixed_low,351,0.6864441657024675,0.006508727339179732,0.0,-0.03156529992511793,3.5203348233586165,25.276166818326466,8,25,11583,2.79887894233956,,,
fixed_low,352,0.6865499826583489,0.005648330963951009,0.0,0.29676064739367347,5.172404071432926,26.928236066400775,8,25,11616,8.703197398735433,,,
fixed_low,353,0.6863844325042574,0.0061603368071374565,0.0,-0.2645417622678837,3.4461564573069907,25.20198845227484,8,25,11649,2.95044573403299,,,
fixed_low,354,0.6864132351107337,0.006888459859896723,0.0,-0.2093960156749771,2.215916006327799,23.971748001295648,8,25,11682,1.4393648558895942,,,
fixed_low,355,0.6864328978628915,0.006690400291375798,0.0,0.1898350679960125,2.696308435963636,24.452140430931486,8,25,11715,0.9194743572526546,,,
fixed_low,356,0.686619142483747,0.005976496190155167,0.0,0.15860489429940633,3.7158077134459226,25.471639708413772,8,25,11748,1.5327409835410397,,,
fixed_low,357,0.6866387324658603,0.005856315854625982,0.0,0.07712803776447073,2.6544404706061187,24.410272465573968,8,25,11781,3.182224185205054,,,
fixed_low,358,0.6866709917142221,0.0059230951878667115,0.0,-0.18420674038378992,3.5755570357508506,25.3313890307187,8,25,11814,1.9773745965701497,,,
fixed_low,359,0.6865279609948812,0.0063642848242749794,0.0,-0.16840648925959512,3.723327309867216,25.479159304835065,8,25,11847,2.66742886296423,,,
fixed_low,360,0.6864183858688028,0.00623218055512853,0.0,-0.043025125532727616,2.8830761844064225,24.638908179374273,8,25,11880,3.891053421998993,,,
fixed_low,361,0.6865030356602312,0.0061164554928240245,0.0,0.14903198109847857,1.919554734263375,23.675386729231224,8,25,11913,0.8885580573808074,,,
fixed_low,362,0.68666679874863,0.006293618786400557,0.0,-0.08228624036405624,3.7272566857206724,25.48308868068852,8,25,11946,3.030158114006498,,,
fixed_low,363,0.6866551613518898,0.00620858122191037,0.0,0.07211354480114097,5.888530573060309,27.644362568028157,8,25,11979,12.132739298556784,,,
fixed_low,364,0.6867618250641784,0.004604137746674675,0.0,0.49718557258447565,4.574664152291575,26.330496147259424,8,25,12012,1.9465692839345252,,,
fixed_low,365,0.6867692686932027,0.004419272045964484,0.0,-0.18417726574297563,3.2618176223856055,25.017649617353456,8,25,12045,2.8377256777328985,,,
fixed_low,366,0.686707120926806,0.0047827569280258775,0.0,-0.08763787693636867,2.5842634358733645,24.340095430841213,8,25,12078,1.255259995518754,,,
fixed_low,367,0.6867219143692286,0.005206069250170309,0.0,-0.21958502996989698,2.1234243108876663,23.879256305855517,8,25,12111,1.5136746537172023,,,
fixed_low,368,0.6869023709195129,0.0041807880238232675,0.0,0.5167781188050932,2.880993833355137,24.636825828322987,8,25,12144,3.986648495840983,,,
fixed_low,369,0.6867567526574894,0.0048415342747069046,0.0,-0.06826784740087871,2.1082193632583968,23.864051358226245,8,25,12177,1.1950983779738322,,,
fixed_low,370,0.6867517098192875,0.0045729947402108895,0.0,0.03674501723194241,3.2963505750484057,25.052182570016257,8,25,12210,3.2529281303238085,,,
fixed_low,371,0.6868624191948518,0.004199507782130851,0.0,0.4219445628043055,4.425844964955167,26.181676959923017,8,25,12243,7.639676076886385,,,
fixed_low,372,0.686907855363815,0.0039025684694405927,0.0,0.5728881694273762,2.1085788285879845,23.864410823555833,8,25,12276,5.041043314148391,,,
fixed_low,373,0.6869161300903602,0.003937607520090425,0.0,-0.29294906419668737,3.60973217960355,25.3655641745714,8,25,12309,3.6846249428422153,,,
fixed_low,374,0.6870696825787284,0.003238993480081942,0.0,0.6868487527435955,2.849388803139108,24.605220798106956,8,25,12342,6.778927994725462,,,
fixed_low,375,0.6870672944323067,0.003227136920710416,0.0,0.11754292069992363,3.5732649930292895,25.32909698799714,8,25,12375,3.3604166383738465,,,
fixed_low,376,0.6870532150461882,0.003222901422897495,0.0,-0.15218568315891098,3.651734400777763,25.40756639574561,8,25,12408,3.4149343973814053,,,
fixed_low,377,0.687093991525288,0.0029501406929260954,0.0,0.01744237993259766,3.947238887769563,25.703070882737414,8,25,12441,3.065092108057126,,,
fixed_low,378,0.6872414808705473,0.0029657532449894886,0.0,-0.161274635435901,3.29193812816421,25.04777012313206,8,25,12474,2.252452098168663,,,
fixed_low,379,0.6871858985167006,0.0028095240029653024,0.0,-0.16681931266908243,3.0311065933551857,24.786938588323036,8,25,12507,2.7538518642021494,,,
fixed_low,380,0.6871655175578539,0.00276637167775573,0.0,-0.21347294595244695,2.986569346576694,24.742401341544543,8,25,12540,3.2329896835355276,,,
fixed_low,381,0.6871629971521026,0.002923416588014316,0.0,-0.20081930561560693,2.3399856061432702,24.09581760111112,8,25,12573,2.549906432034316,,,
fixed_low,382,0.6870963652168494,0.0031840738849251427,0.0,-0.24053580516470086,3.5649212513937356,25.320753246361583,8,25,12606,2.734055847869854,,,
fixed_low,383,0.6870774833909827,0.0032846611468941855,0.0,-0.0807988984469224,4.6606848370248715,26.41651683199272,8,25,12639,6.422240325673571,,,
fixed_low,384,0.6872261804006099,0.0030013157332677842,0.0,0.0577892926607567,3.217488798662004,24.973320793629853,8,25,12672,2.5015589604895445,,,
fixed_low,385,0.6872720435106807,0.0027366932638155372,0.0,0.258542704808872,2.331301288800583,24.08713328376843,8,25,12705,1.6037693444576062,,,
fixed_low,386,0.6872293564667971,0.0027955815599192135,0.0,-0.1386388397160476,2.276703698105767,24.032535693073616,8,25,12738,0.9774628757659389,,,
fixed_low,387,0.6872187115717537,0.002853427786355889,0.0,0.07445180087592292,2.3275170517830945,24.083349046750943,8,25,12771,1.0359698687406447,,,
fixed_low,388,0.6871864004592338,0.0031917332962786427,0.0,0.09950370281844367,3.7614029949712178,25.517234989939066,8,25,12804,3.4002056695452296,,,
fixed_low,389,0.687183889050613,0.003099464480451619,0.0,-0.08388577203258507,3.1218271365872394,24.877659131555088,8,25,12837,2.6517627448766823,,,
fixed_low,390,0.6873322038374587,0.002935460609400309,0.0,0.09881794077528737,3.7436258912158538,25.499457886183702,8,25,12870,2.5679235328607635,,,
fixed_low,391,0.6874295350149153,0.0027358530797252367,0.0,0.1441194491137702,3.3446666646647794,25.100498659632628,8,25,12903,2.962378277326683,,,
fixed_low,392,0.687434092620764,0.0025275730055235313,0.0,-0.0494349496147435,2.6498287430482437,24.405660738016092,8,25,12936,2.9881318261581042,,,
fixed_low,393,0.687479690523076,0.0025603799131280747,0.0,0.13537838377527828,2.872947130800628,24.628779125768478,8,25,12969,1.0485113511602357,,,
fixed_low,394,0.6875967235451899,0.0025300369763077146,0.0,0.24655831349840152,5.686401929434683,27.442233924402533,8,25,13002,4.303664955563341,,,
fixed_low,395,0.6877893627186455,0.0024332233722353935,0.0,0.3196535701522723,2.572043739226816,24.327875734194667,8,25,13035,3.19028231517683,,,
fixed_low,396,0.6875494476105073,0.0023526685442106787,0.0,-0.5714457711972218,1.894768910927595,23.650600905895445,8,25,13068,1.4289172597716333,,,
fixed_low,397,0.6875318621619052,0.0026266757763233617,0.0,0.14516425770368582,2.0737253505529645,23.829557345520815,8,25,13101,1.0391677372181647,,,
fixed_low,398,0.6875027746917894,0.0031677111649075496,0.0,-0.011961289971311125,3.7961451687741166,25.551977163741967,8,25,13134,4.084429938933984,,,
fixed_low,399,0.6875189229000728,0.003200476508102179,0.0,-0.06294718344386777,3.701763897759158,25.457595892727007,8,25,13167,3.490354892722536,,,
fixed_low,400,0.6875455276577348,0.0032616703379292344,0.0,0.16862359254514278,3.854802454278279,25.610634449246128,8,25,13200,3.584637269344426,,,
fixed_low,401,0.6875220191531023,0.003401348125211423,0.0,-0.030790303005352317,4.602188287526023,26.35802028249387,8,25,13233,5.7358307432305295,,,
fixed_low,402,0.6874713352767662,0.003967602883898413,0.0,0.05569799532756222,3.538920207828832,25.29475220279668,8,25,13266,3.0274986405569115,,,
fixed_low,403,0.6873926032491238,0.003871036669929828,0.0,-0.2624239808991376,3.2656729039768067,25.021504898944656,8,25,13299,2.5249818698835136,,,
fixed_low,404,0.6874017983823975,0.004138299416921565,0.0,0.12502276651923658,3.74268634181367,25.49851833678152,8,25,13332,3.1262041827336757,,,
fixed_low,405,0.6873785894006587,0.004355464581797364,0.0,-0.00014722188507112292,5.404611991047225,27.160443986015075,8,25,13365,7.007832529210365,,,
fixed_low,406,0.6873091556729045,0.004447086939286415,0.0,0.11571393323571894,3.459899364504503,25.21573135947235,8,25,13398,3.0720587895171825,,,
fixed_low,407,0.6874077818341804,0.004598654731013396,0.0,0.5146268043502525,3.4930535872936455,25.248885582261494,8,25,13431,4.248261587592765,,,
fixed_low,408,0.6874349869041676,0.004416588620953843,0.0,-0.01494141079804247,2.077871207219801,23.83370320218765,8,25,13464,1.135886708935234,,,
fixed_low,409,0.687384744531501,0.005089918341539934,0.0,-0.001093241908189557,1.834950177369965,23.590782172337814,8,25,13497,1.192322358134335,,,
fixed_low,410,0.6874837191790869,0.00478197466582353,0.0,0.0019288128604684671,1.806619771454099,23.562451766421947,8,25,13530,1.0740374662930754,,,
fixed_low,411,0.6873915293397006,0.004818426998534964,0.0,-0.02918521058196552,2.9098390336103908,24.665671028578238,8,25,13563,3.102649944506786,,,
fixed_low,412,0.6873005688959068,0.004510833002637882,0.0,-0.5274698367116996,1.8378682964149156,23.593700291382763,8,25,13596,6.551582642550577,,,
fixed_low,413,0.6873408948135713,0.004387140631354258,0.0,0.0038573439581561808,3.805560989680053,25.561392984647902,8,25,13629,3.509675876323839,,,
fixed_low,414,0.6873755071071684,0.00401935178879953,0.0,-0.2635801012256088,3.014114544536202,24.76994653950405,8,25,13662,2.5837539678009716,,,
fixed_low,415,0.6874606005901694,0.004339419700727709,0.0,0.181340001542425,2.982225459562466,24.738057454530313,8,25,13695,3.5620279367677967,,,
fixed_low,416,0.6874827244750268,0.004101507283772898,0.0,0.225663959842635,2.130724456188767,23.886556451156615,8,25,13728,1.7559909854772198,,,
fixed_low,417,0.687564338983961,0.0035895839619498604,0.0,-0.13338345846557134,5.453381366858539,27.20921336182639,8,25,13761,7.310994475186747,,,
fixed_low,418,0.6876405860231501,0.0036659855335948732,0.0,0.3746038877841105,3.0024693169827006,24.75830131195055,8,25,13794,4.828162070235557,,,
fixed_low,419,0.6878196111165698,0.004267958964176755,0.0,0.7723574004262139,3.1777155432618285,24.93354753822968,8,25,13827,6.821776394117479,,,
fixed_low,420,0.6878579096895365,0.003919578595174333,0.0,-0.42926411441065,2.623365443292857,24.379197438260707,8,25,13860,2.287874422068097,,,
fixed_low,421,0.6879157096322341,0.004134444401202475,0.0,0.16229929911530505,3.6582327486486292,25.41406474361648,8,25,13893,3.46765261206941,,,
fixed_low,422,0.6880223927517041,0.005225696684991288,0.0,0.5013750458129135,2.5965736208491377,24.352405615816988,8,25,13926,4.3120567475210185,,,
fixed_low,423,0.6881700776338961,0.006331279393046341,0.0,0.4984806958837134,5.090795816078529,26.84662781104638,8,25,13959,8.29403473969209,,,
fixed_low,424,0.6881377437591166,0.006938619415252978,0.0,0.1853740809181811,2.8561048775799587,24.61193687254781,8,25,13992,3.6090658756739957,,,
fixed_low,425,0.6881893728883048,0.0067856238182417705,0.0,-0.02551284807122762,2.1181995869298533,23.874031581897704,8,25,14025,1.1374039166757035,,,
fixed_low,426,0.688207879915733,0.006725280423248159,0.0,0.06511866534192334,1.889442720625041,23.64527471559289,8,25,14058,0.9734982667505363,,,
fixed_low,427,0.6881608604470427,0.00725861838561026,0.0,0.22658021198262338,1.9389363254380352,23.694768320405885,8,25,14091,1.4835746691738716,,,
fixed_low,428,0.6881979606548372,0.007627540004605415,0.0,-0.06355490483769306,3.2055964950764175,24.961428490044266,8,25,14124,3.7714487640493166,,,
fixed_low,429,0.6881942805169162,0.007263222041970496,0.0,-0.16535400660181696,2.5935198966193393,24.34935189158719,8,25,14157,1.0060019253928143,,,
fixed_low,430,0.6881651889009474,0.007319530964701726,0.0,0.03688790635550193,3.582589660786511,25.33842165575436,8,25,14190,2.8715020622073317,,,
fixed_low,431,0.6881945181843636,0.007664566631646608,0.0,0.16373432858854775,2.2043596582866694,23.96019165325452,8,25,14223,1.4319123741800288,,,
fixed_low,432,0.6882747864225095,0.007720157970971475,0.0,0.0770828567009818,2.5026660561831497,24.258498051150998,8,25,14256,1.102494425790332,,,
fixed_low,433,0.6883120854193538,0.006986119971815752,0.0,-0.20065379629519586,1.9597952499519327,23.71562724491978,8,25,14289,1.4776451697602218,,,
fixed_low,434,0.6883688184670063,0.007416367765721077,0.0,0.2040962365026594,2.6265531966364946,24.382385191604342,8,25,14322,2.810097537578178,,,
fixed_low,435,0.6884357002936146,0.007695298642748427,0.0,0.07536072304596698,3.101761814832513,24.857593809800363,8,25,14355,3.3122750294138243,,,
fixed_low,436,0.6883992493222509,0.007234010200815488,0.0,-0.09163670944215237,4.847711739330005,26.603543734297855,8,25,14388,5.8037721367683375,,,
fixed_low,437,0.688448898670024,0.007242251604300698,0.0,-0.07033796226610334,2.471264963850542,24.227096958818393,8,25,14421,0.7655884249212517,,,
fixed_low,438,0.688432138130985,0.007070391782776464,0.0,0.06681377602219704,3.3874987471973674,25.143330742165215,8,25,14454,3.214031612666221,,,
fixed_low,439,0.6883761964927662,0.007405457474407462,0.0,0.25370054671283093,2.1243448090616863,23.880176804029535,8,25,14487,1.901082234570469,,,
fixed_low,440,0.6882884878516642,0.006743582276377391,0.0,-0.40822903982625897,5.516797088608489,27.272629083576337,8,25,14520,14.650334653535365,,,
fixed_low,441,0.6883159696772082,0.007600902319010339,0.0,0.15869392276213862,2.4661933356112424,24.222025330579093,8,25,14553,1.0977444975835715,,,
fixed_low,442,0.6882473881573593,0.006578926288183129,0.0,-0.49452721825096735,1.7829177790953534,23.538749774063202,8,25,14586,3.0520703152747113,,,
fixed_low,443,0.688238317025365,0.006228785909158541,0.0,-0.04614541463713525,2.216864446786492,23.97269644175434,8,25,14619,0.9299214227530264,,,
fixed_low,444,0.6882228143409822,0.005964112021092816,0.0,-0.25744098051796616,1.9011130096219226,23.656945004589772,8,25,14652,1.0192106423742027,,,
fixed_low,445,0.6884165401686259,0.007217003867097338,0.0,0.5680247941745037,3.6360692214281505,25.391901216396,8,25,14685,5.294618510171108,,,
fixed_low,446,0.6884489895327843,0.007369169936694897,0.0,0.18824732804940184,4.11402163783922,25.869853632807068,8,25,14718,6.426137770364395,,,
fixed_low,447,0.6884767350535553,0.006940483868004499,0.0,-0.21552505454871035,2.6471765801376987,24.40300857510555,8,25,14751,2.4825362515481855,,,
fixed_low,448,0.6885381918708564,0.0070509304209954715,0.0,0.029279427003009766,1.8248916003516005,23.580723595319448,8,25,14784,0.9436760633210166,,,
fixed_low,449,0.6886046130433155,0.00757943065870037,0.0,0.014436930176566621,4.031308197195756,25.787140192163605,8,25,14817,3.1603581183437544,,,
fixed_low,450,0.6886343064243527,0.006969171918365991,0.0,-0.15689241227440553,2.950153705160995,24.705985700128846,8,25,14850,2.1416491420394066,,,
fixed_low,451,0.6886766959324426,0.006899830626584946,0.0,0.09349267845876451,1.7649779700413268,23.520809965009175,8,25,14883,0.9166323181949462,,,
fixed_low,452,0.6887262567464019,0.007745638554385814,0.0,0.26955756391917574,3.8535566355733906,25.60938863054124,8,25,14916,4.086902505453812,,,
fixed_low,453,0.6887929686433258,0.007980135035312808,0.0,0.2458344190478217,3.7233772574435835,25.479209252411433,8,25,14949,3.1811890114035535,,,
fixed_low,454,0.6888084898344676,0.007905923337595655,0.0,0.04080873364615164,2.108929231274583,23.864761226242432,8,25,14982,1.0343880775986636,,,
fixed_low,455,0.6888897546519591,0.00839024005199307,0.0,0.12454287116497637,2.3257886025145122,24.081620597482363,8,25,15015,1.0087369677360016,,,
fixed_low,456,0.6889564659261992,0.009245901579920557,0.0,0.17990915524316617,4.967754899316043,26.72358689428389,8,25,15048,7.994375408027502,,,
fixed_low,457,0.689035395983536,0.008929760742591886,0.0,-0.19987628752668168,5.147911181944463,26.90374317691231,8,25,15081,6.678818998740375,,,
fixed_low,458,0.6891040007383564,0.008174192874455866,0.0,-0.33533366543592386,3.4571057650199957,25.212937759987845,8,25,15114,7.059190979350476,,,
fixed_low,459,0.6890951235694487,0.006817011479654522,0.0,-0.4364735592717873,4.733874593388479,26.489706588356327,8,25,15147,6.567280635509533,,,
fixed_low,460,0.6891548630459116,0.006688304334302564,0.0,-0.09255717800618941,2.9524608091353794,24.70829280410323,8,25,15180,3.283058724747199,,,
fixed_low,461,0.6891310123442079,0.00668537572482264,0.0,0.09918626693881538,2.1938480707972934,23.949680065765143,8,25,15213,1.001515098946911,,,
fixed_low,462,0.6891843260041394,0.007064381928293617,0.0,0.17330201019839903,2.467190104234699,24.22302209920255,8,25,15246,1.1928016164229502,,,
fixed_low,463,0.6892258446665533,0.007795660845450025,0.0,0.04062942652543147,4.265139609423963,26.02097160439181,8,25,15279,3.9037727034816303,,,
fixed_low,464,0.6892301136199607,0.008179185674805689,0.0,0.0687543588050961,2.0527235804825836,23.808555575450434,8,25,15312,0.8475172211854247,,,
fixed_low,465,0.6891710900644459,0.008432747102586569,0.0,-0.050878544745405034,4.160032625011359,25.91586461997921,8,25,15345,3.298834998130925,,,
fixed_low,466,0.6891683515724313,0.008071984343504424,0.0,-0.1856363487286893,3.534583999089552,25.2904159940574,8,25,15378,2.5882187902458504,,,
fixed_low,467,0.6891394880347119,0.008592682078941816,0.0,0.37190625051452453,2.3894614955736055,24.145293490541455,8,25,15411,2.823682243229835,,,
fixed_low,468,0.6890299389628236,0.008512812963565097,0.0,-0.09097996059702723,4.889024533490028,26.64485652845788,8,25,15444,7.259891479253908,,,
fixed_low,469,0.6890581655468206,0.008143780532378964,0.0,-0.2788087745305086,2.6984102673777945,24.454242262345645,8,25,15477,3.3414717749870335,,,
fixed_low,470,0.6890217834354094,0.008234849131434352,0.0,0.07178533730441082,5.385760718496337,27.141592713464185,8,25,15510,6.767688919085368,,,
fixed_low,471,0.6890084998290409,0.008500186819400679,0.0,0.06723561521326242,2.267198753582564,24.02303074855041,8,25,15543,1.165402649483102,,,
fixed_low,472,0.6890526854359557,0.008461336600214642,0.0,0.2623874025863789,3.109268842497013,24.865100837464862,8,25,15576,2.9866121862364814,,,
fixed_low,473,0.6889966972529538,0.007160031260301625,0.0,-0.31980447359034586,3.4379520675801505,25.193784062547998,8,25,15609,2.7364223673076036,,,
fixed_low,474,0.6889373088441795,0.00707532530531696,0.0,0.008780536519171728,3.756235230314788,25.512067225282635,8,25,15642,3.3338044220374017,,,
fixed_low,475,0.6889614517327396,0.006905493007829944,0.0,-0.005280056300286851,3.632751291267758,25.38858328623561,8,25,15675,3.1830930305028673,,,
fixed_low,476,0.6889591402112704,0.006013939428106463,0.0,-0.32730503133695,1.906110565038532,23.66194256000638,8,25,15708,1.9136943598997203,,,
fixed_low,477,0.6889472023778225,0.006200000585892873,0.0,0.0026859467415114024,2.137080597260764,23.892912592228612,8,25,15741,1.128309676818235,,,
fixed_low,478,0.6889116789744691,0.006018259538880355,0.0,0.04150752904364304,1.796652599195988,23.552484594163836,8,25,15774,0.9774827392484344,,,
fixed_low,479,0.6889247979126251,0.006328005077956278,0.0,0.00328151904285622,3.188086613385923,24.943918608353773,8,25,15807,3.733759744632468,,,
fixed_low,480,0.6889826462258668,0.006698567941793687,0.0,0.22195284211573077,2.921068670269206,24.676900665237056,8,25,15840,3.6926043266851183,,,
fixed_low,481,0.6890655801403267,0.006859773934217661,0.0,-0.057839174924139106,1.979739501047152,23.735571496015,8,25,15873,0.8412154714020992,,,
fixed_low,482,0.6891390443449277,0.007415985096028144,0.0,0.259270708770173,3.3382318741055697,25.09406386907342,8,25,15906,3.1101301123604173,,,
fixed_low,483,0.6891045845662976,0.007825792463272974,0.0,0.2712433358077343,5.379219431483122,27.13505142645097,8,25,15939,7.4456357427363296,,,
fixed_low,484,0.6891372481956809,0.007220441023828128,0.0,-0.011724707094422663,5.512948161460861,27.26878015642871,8,25,15972,6.327058752737593,,,
fixed_low,485,0.6891962891837962,0.00684764764506407,0.0,-0.3228983650214538,2.432594314660156,24.188426309628007,8,25,16005,1.7078190367160435,,,
fixed_low,486,0.689250683261908,0.007736694069285233,0.0,0.5840134858022021,2.640946174667004,24.396778169634853,8,25,16038,4.865251381276522,,,
fixed_low,487,0.6892116082708372,0.007493655782236819,0.0,-0.2645366049583928,2.541724783594448,24.297556778562296,8,25,16071,0.9329059703190719,,,
fixed_low,488,0.6892700520339149,0.007063287198971979,0.0,-0.22070628474785078,2.605630038328459,24.36146203329631,8,25,16104,1.2746824794467448,,,
fixed_low,489,0.689305064769587,0.007225678415512915,0.0,-0.0924466970197241,4.52062329738035,26.2764552923482,8,25,16137,2.779844659041885,,,
fixed_low,490,0.6892696056587707,0.007432992893730561,0.0,0.052621578136148636,3.7422653739346607,25.49809736890251,8,25,16170,3.3303166101698487,,,
fixed_low,491,0.689273025765166,0.007225948484656297,0.0,-0.020296638129226115,4.191953113124269,25.94778510809212,8,25,16203,4.177599326087489,,,
fixed_low,492,0.6893691263546553,0.006839584526135201,0.0,-0.11991593965078881,2.8850233044209164,24.640855299388765,8,25,16236,3.424024758201463,,,
fixed_low,493,0.6893614788309299,0.007237546688969365,0.0,-0.006581223490387429,3.418581986979435,25.174413981947286,8,25,16269,3.088085035009588,,,
fixed_low,494,0.6893962850586268,0.006423312462680908,0.0,-0.15313329717729426,3.097109081984691,24.85294107695254,8,25,16302,2.875790059300507,,,
fixed_low,495,0.6893638432964367,0.005996503134741427,0.0,-0.15180185137485855,2.0404282978198576,23.796260292787707,8,25,16335,0.9382947339126133,,,
fixed_low,496,0.6892854319522159,0.005909456173757377,0.0,-0.03501387235867357,2.10818247960468,23.864014474572528,8,25,16368,1.174021888273006,,,
fixed_low,497,0.6893109695635705,0.0060281492387680435,0.0,0.17848303439988017,3.3067718493512293,25.062603844319078,8,25,16401,3.4892157104416803,,,
fixed_low,498,0.6892414037046237,0.0052628088840669385,0.0,-0.4142049360274203,4.227302142477104,25.983134137444953,8,25,16434,1.8731364905252654,,,
fixed_low,499,0.6892457836613396,0.005893638386430533,0.0,0.15522906604173936,1.8895206800720745,23.645352675039923,8,25,16467,0.5809520229724474,,,
fixed_low,500,0.6892342424929983,0.006094383867591757,0.0,-0.06130952829256835,2.6904430809319173,24.446275075899766,8,25,16500,2.8283931334843047,,,
fixed_low,501,0.689191141820375,0.005735921338186678,0.0,-0.15141945967461043,3.1284462470326604,24.88427824200051,8,25,16533,2.4645200831491936,,,
fixed_low,502,0.6892104316319686,0.006047739163985488,0.0,-0.13338655665657315,2.8980582710714686,24.65389026603932,8,25,16566,3.083690589574432,,,
fixed_low,503,0.6891592076010643,0.006339606883603244,0.0,0.1847137234239083,2.6162262060240313,24.37205820099188,8,25,16599,0.8275860160151494,,,
fixed_low,504,0.6892535258397986,0.007051572277686269,0.0,0.22455087751781955,1.8341804051145878,23.590012400082436,8,25,16632,1.502065053778228,,,
fixed_low,505,0.6892273666313801,0.006916155210039743,0.0,0.06748598112429513,2.8007074745618237,24.556539469529675,8,25,16665,2.944868548221407,,,
fixed_low,506,0.6892449586929978,0.006774532651176557,0.0,-0.05445549866459217,5.293653036974829,27.04948503194268,8,25,16698,6.195361299186066,,,
fixed_low,507,0.6892776473781546,0.0075705974913250484,0.0,0.3163490498257683,2.392056220204867,24.147888215172717,8,25,16731,2.445166110202385,,,
fixed_low,508,0.6892583434558989,0.007267147093914295,0.0,-0.18322400495748395,6.399062210387016,28.154894205354864,8,25,16764,9.539579470487448,,,
fixed_low,509,0.6891472050742632,0.007053788369081326,0.0,-0.029344172399231924,2.791227550178029,24.547059545145878,8,25,16797,2.8209860955326667,,,
fixed_low,510,0.689147724572819,0.007546456571775884,0.0,0.2976942180671379,2.816951407674648,24.572783402642496,8,25,16830,3.5264542049873935,,,
fixed_low,511,0.6891011724862628,0.007206064321698014,0.0,-0.042149060788298526,3.1561769760035734,24.91200897097142,8,25,16863,2.758379207734694,,,
fixed_low,512,0.6890499957333,0.00704990016278606,0.0,-0.09302956927206968,3.1680797900581115,24.92391178502596,8,25,16896,2.6321437913918837,,,
fixed_low,513,0.6890059049179817,0.007046335608263288,0.0,-0.19265215780924003,2.6185237974861764,24.374355792454026,8,25,16929,2.8629806207332753,,,
fixed_low,514,0.6890812036435928,0.006633584130182113,0.0,-0.2161225270802506,3.002617481365197,24.758449476333045,8,25,16962,2.307001760500256,,,
fixed_low,515,0.6891306744511315,0.007510257370405338,0.0,0.37222554439964967,1.892116550984397,23.647948545952246,8,25,16995,1.7041618375437515,,,
fixed_low,516,0.689180233909584,0.00752521665444339,0.0,0.048766345292615663,4.639739847835958,26.395571842803808,8,25,17028,2.8994194981290207,,,
fixed_low,517,0.6892241460295248,0.00733362660102288,0.0,0.008597083899033336,2.753834800543907,24.509666795511755,8,25,17061,2.7881648420283285,,,
fixed_low,518,0.6891316637685803,0.007037389926393023,0.0,-0.20177102147604828,4.0704809139425855,25.826312908910435,8,25,17094,5.131172567921981,,,
fixed_low,519,0.6891189148523085,0.007071566936649454,0.0,-0.009194778463977954,4.231661172111266,25.987493167079116,8,25,17127,5.633735783624324,,,
fixed_low,520,0.6890668211282225,0.006489377113804373,0.0,-0.17919037579522593,2.805939086055905,24.561771081023753,8,25,17160,2.8741695624981882,,,
fixed_low,521,0.6891117235573377,0.006266322164209193,0.0,-0.05884679667451136,3.1247078456663906,24.88053984063424,8,25,17193,3.440965107376986,,,
fixed_low,522,0.6891820654446544,0.006228699014040773,0.0,0.1252524925120603,4.111725759138983,25.867557754106834,8,25,17226,3.2260747451247,,,
fixed_low,523,0.6891850866142611,0.006842203716398432,0.0,0.2282581275708078,3.128874568082062,24.88470656304991,8,25,17259,3.346746851318044,,,
fixed_low,524,0.689147574797016,0.0067233446007543,0.0,0.08110803716860226,2.2559536707338492,24.011785665701698,8,25,17292,1.0534453859232398,,,
fixed_low,525,0.6892232518596144,0.006553336879191907,0.0,-0.0904826856068362,3.0060544991581004,24.76188649412595,8,25,17325,3.1784261592316763,,,
fixed_low,526,0.6892085599406421,0.006205777506476107,0.0,0.11877913112108862,3.683752485526817,25.439584480494666,8,25,17358,3.5352757215045223,,,
fixed_low,527,0.6891692473785076,0.0056373450217873655,0.0,-0.2908688790693826,1.9821899533140477,23.738021948281897,8,25,17391,1.410915771745283,,,
fixed_low,528,0.6890740532808899,0.005281009521012181,0.0,-0.1274753087267686,3.7479309806222174,25.503762975590067,8,25,17424,3.1259074154149755,,,
fixed_low,529,0.6890735289893776,0.005100722666782742,0.0,-0.00969637501618493,1.7798783542189642,23.535710349186814,8,25,17457,0.8155156883633582,,,
fixed_low,530,0.6890137831333462,0.004746769860637601,0.0,-0.033647068385066994,2.913142261963885,24.668974256931733,8,25,17490,3.119751941117981,,,
fixed_low,531,0.6890581408035108,0.005278466872411847,0.0,0.23877385160256281,3.565855980312966,25.321687975280817,8,25,17523,3.9452505510805334,,,
fixed_low,532,0.689027703615815,0.00492377463736704,0.0,-0.153398517203225,6.593390738055397,28.349222733023247,8,25,17556,10.108779517225143,,,
fixed_low,533,0.689022267657044,0.005070101699090057,0.0,-0.14043494543880855,4.898869516103707,26.654701511071558,8,25,17589,6.129908128599715,,,
fixed_low,534,0.6889932865582938,0.004774184942986759,0.0,-0.2396109928407213,3.321949432804061,25.07778142777191,8,25,17622,2.1007948251743325,,,
fixed_low,535,0.6889506055224921,0.0043310604935332675,0.0,-0.1464130100154573,4.288307372181288,26.044139367149135,8,25,17655,2.833098916470662,,,
fixed_low,536,0.688937143075832,0.004567520082828347,0.0,0.1609414990508125,2.248409449997546,24.004241444965395,8,25,17688,1.2453664591890583,,,
fixed_low,537,0.6889044583257162,0.0045585335126310245,0.0,-0.08932782923521196,5.481333539025554,27.237165533993405,8,25,17721,6.5680451909091895,,,
fixed_low,538,0.6888710035422246,0.00458803495979454,0.0,-0.10237374650707222,2.0042197540531883,23.760051749021038,8,25,17754,1.2296278724730616,,,
fixed_low,539,0.6888837578190914,0.004590812218713269,0.0,-0.04932558247384308,6.606501912220567,28.362333907188415,8,25,17787,11.023526629439882,,,
fixed_low,540,0.6888654053899667,0.004380669124925851,0.0,-0.10067348758631521,2.1421165297355333,23.89794852470338,8,25,17820,0.8705631728590509,,,
fixed_low,541,0.688882050060581,0.004788046733684936,0.0,0.21636862667868909,3.7629077609707853,25.518739755938633,8,25,17853,3.874311226683791,,,
fixed_low,542,0.6888458407159914,0.004868204670442133,0.0,0.02658194772417634,3.944946402175873,25.700778397143722,8,25,17886,3.1113316063588465,,,
fixed_low,543,0.6889982418642732,0.005532619087669444,0.0,0.2264267324642457,3.594321407326961,25.35015340229481,8,25,17919,3.535217789152808,,,
fixed_low,544,0.6889586169960757,0.005516129111251655,0.0,-0.16026084376474045,3.601279069259776,25.357111064227624,8,25,17952,2.3410878098556864,,,
fixed_low,545,0.6888507575953545,0.005239128988571706,0.0,-0.1557643279754665,4.136848468427229,25.892680463395077,8,25,17985,2.8281359137810678,,,
fixed_low,546,0.6888259102490792,0.00468605304017955,0.0,-0.13827964167658768,2.7444361131751593,24.500268108143008,8,25,18018,3.468750304122966,,,
fixed_low,547,0.6888489096632961,0.0049824164115108704,0.0,-0.020841291129314498,3.4434288006424834,25.199260795610332,8,25,18051,3.4516128790305993,,,
fixed_low,548,0.6888635288018433,0.004186993741026823,0.0,-0.48240084656593263,5.790863223615952,27.5466952185838,8,25,18084,5.724502850133617,,,
fixed_low,549,0.6888667557054755,0.004722150745284037,0.0,0.030038138467826107,3.814971577089467,25.570803572057315,8,25,18117,6.747797067438504,,,
fixed_low,550,0.6888782560218558,0.004168279880155001,0.0,-0.16730887112401485,1.9806531613501612,23.73648515631801,8,25,18150,1.269417756611431,,,
fixed_low,551,0.6890174068290833,0.004594633127428027,0.0,0.24555266693961741,2.86593601651877,24.62176801148662,8,25,18183,3.2301086331715485,,,
fixed_low,552,0.6890001880755803,0.004504561060241885,0.0,0.049071740547184474,5.451702281080438,27.207534276048285,8,25,18216,6.9443659937856,,,
fixed_low,553,0.6888875626593759,0.004550530433984568,0.0,-0.25802562416154473,3.686182530216402,25.442014525184252,8,25,18249,4.070420387195331,,,
fixed_low,554,0.6889411290913653,0.005061122340042967,0.0,-0.2180915231496408,5.188870754370275,26.944702749338123,8,25,18282,4.637669568346913,,,
fixed_low,555,0.6889773913884375,0.00551095287880754,0.0,0.05901272015730338,5.16734845470037,26.92318044966822,8,25,18315,6.517636816557581,,,
fixed_low,556,0.6889377526769359,0.006187131968423687,0.0,-0.25429516089681325,4.617123204805068,26.372955199772917,8,25,18348,5.720119859211585,,,
fixed_low,557,0.688917229537869,0.006285680171863595,0.0,-0.08536307524245491,3.977788555502821,25.73362055047067,8,25,18381,3.4380832461992377,,,
fixed_low,558,0.688866124927236,0.006647936720364012,0.0,-0.17088346200713297,2.479618942882477,24.235450937850327,8,25,18414,1.1091302197798865,,,
fixed_low,559,0.6888710222242648,0.006465445783686019,0.0,0.03087694692490406,4.094157003575574,25.849988998543424,8,25,18447,3.1293232435743916,,,
fixed_low,560,0.6889200235257893,0.006509855539238774,0.0,-0.18144107445425678,4.120392488483008,25.876224483450855,8,25,18480,2.7081932181534407,,,
fixed_low,561,0.6889533890303133,0.006383573073510784,0.0,-0.07504208638065889,2.849369660612739,24.605201655580586,8,25,18513,1.6351579516513377,,,
fixed_low,562,0.6889349377984628,0.006056765867727076,0.0,-0.005245613049543873,3.7727966962524437,25.52862869122029,8,25,18546,3.400284793743203,,,
fixed_low,563,0.6889240248785332,0.00558457986087546,0.0,0.2087386869710509,3.4250917308959576,25.180923725863806,8,25,18579,3.463138527796266,,,
fixed_low,564,0.6888208986070418,0.005385514832731753,0.0,-0.07817511910400786,3.914514486897736,25.670346481865586,8,25,18612,2.6125492901315512,,,
fixed_low,565,0.6888422946147064,0.005604783584692519,0.0,0.021010861247831965,2.7883077934782814,24.54413978844613,8,25,18645,3.2697992094379513,,,
fixed_low,566,0.6887762185812594,0.005032857218118192,0.0,0.025052761897213376,5.706356281485202,27.462188276453052,8,25,18678,6.5151550954709565,,,
fixed_low,567,0.6888876692733268,0.004561409861092214,0.0,0.1573402711519507,2.41656733638656,24.17239933135441,8,25,18711,1.2513885802862044,,,
fixed_low,568,0.6888806870612794,0.003646517730951482,0.0,0.29406548177501113,1.9071091962709308,23.66294119123878,8,25,18744,1.398901103563039,,,
fixed_low,569,0.6889417338839072,0.003861142535311779,0.0,-0.1240612046537818,2.2347260894820296,23.99055808444988,8,25,18777,1.1148722425413136,,,
fixed_low,570,0.6890102602115935,0.0033721486287200397,0.0,0.24523759923705785,6.02332153595,27.77915353091785,8,25,18810,4.337577861483082,,,
fixed_low,571,0.6890269424271077,0.0030760670644361943,0.0,0.1631665738118052,1.8588516605580776,23.614683655525926,8,25,18843,0.959051532244497,,,
fixed_low,572,0.6889553856239451,0.0035697163967736145,0.0,-0.17157894676454646,3.0682436893460876,24.824075684313936,8,25,18876,2.8641182635982236,,,
fixed_low,573,0.6889542944185406,0.0033320787479511615,0.0,0.0974349354760002,3.7996683878600015,25.55550038282785,8,25,18909,3.3761042704314783,,,
fixed_low,574,0.689006336733531,0.0033036568345209405,0.0,0.015345798444701691,2.6865832651774766,24.442415260145324,8,25,18942,1.2047769006491262,,,
fixed_low,575,0.6889780636301797,0.003234913421638397,0.0,-0.16463333968438765,3.493254178798104,25.249086173765953,8,25,18975,2.0861663768003917,,,
fixed_low,576,0.6889553497495866,0.003462940236221068,0.0,-0.15206634239058547,2.2485466677655555,24.004378662733405,8,25,19008,1.3553295975094222,,,
fixed_low,577,0.6890409097798805,0.0035594025161543863,0.0,0.0687980984128194,3.491961636203238,25.24779363117109,8,25,19041,3.1368285884896143,,,
fixed_low,578,0.6890482140036752,0.0029560331698736952,0.0,0.5922217464062779,3.6002577528773907,25.35608974784524,8,25,19074,7.730570010927936,,,
fixed_low,579,0.6890196045540653,0.002790534207749218,0.0,0.06033887399191028,3.8635295810467563,25.619361576014605,8,25,19107,3.5702003232218162,,,
fixed_low,580,0.6890515863327623,0.003002844014624917,0.0,-0.00990106445340859,5.317569947795237,27.073401942763084,8,25,19140,6.148221952264719,,,
fixed_low,581,0.6890687051042436,0.0028067019549543604,0.0,-0.07796906815713034,2.419872419032838,24.175704414000688,8,25,19173,0.6423999348788484,,,
fixed_low,582,0.6891339745573964,0.0031255560681437977,0.0,0.09997521963005596,3.9864390189206125,25.742271013888463,8,25,19206,3.1067449075572147,,,
fixed_low,583,0.6891634393579594,0.003705679396341921,0.0,0.20609477471718346,2.2973207568632503,24.0531527518311,8,25,19239,1.6644353789862005,,,
fixed_low,584,0.6891484104531095,0.00329461374742257,0.0,-0.43712250466160907,2.712337509599046,24.468169504566895,8,25,19272,2.612422906096952,,,
fixed_low,585,0.6890766757341639,0.003201255801865588,0.0,-0.11582740224256499,2.286498440908108,24.042330435875957,8,25,19305,0.8501669728855203,,,
fixed_low,586,0.6889428348658675,0.0039299995568079504,0.0,-0.33056651534394216,3.3909934534197217,25.14682544838757,8,25,19338,3.1898250975588773,,,
fixed_low,587,0.6889390876586827,0.003885457305874418,0.0,-0.038739777831392895,5.042856206504399,26.79868820147225,8,25,19371,6.26133980673272,,,
fixed_low,588,0.6888861687932094,0.003682569379625744,0.0,0.19978572605224662,3.530456327614484,25.286288322582333,8,25,19404,2.977426071219295,,,
fixed_low,589,0.6889586151358389,0.003567349941095088,0.0,0.06480207474295395,3.6748327226181505,25.430664717585998,8,25,19437,2.906344049417635,,,
fixed_low,590,0.6889616452767379,0.0032356802378725735,0.0,0.13345298188542587,1.849926671992512,23.605758666960362,8,25,19470,1.0324640333262096,,,
fixed_low,591,0.6889475830286548,0.0040799613597630735,0.0,-0.22672049634098299,1.8961580942197331,23.65199008918758,8,25,19503,2.8300708102492007,,,
fixed_low,592,0.6889034565509267,0.0040130376654050615,0.0,0.15470527280022434,2.224878990064687,23.980710985032538,8,25,19536,1.0476763592971028,,,
fixed_low,593,0.6889622907617148,0.004579017593353107,0.0,-0.12091027123356993,4.0762544509091425,25.832086445876993,8,25,19569,7.017893927081812,,,
fixed_low,594,0.689024779902535,0.004208335989000389,0.0,0.12424270368899573,1.8054517574031959,23.561283752371047,8,25,19602,1.1806629212071342,,,
fixed_low,595,0.6889626385699287,0.003940685272305844,0.0,-0.052067785409804175,5.882581793063944,27.638413788031794,8,25,19635,6.26534246787535,,,
fixed_low,596,0.6890394286579664,0.0035791261581302747,0.0,0.1500352841272346,3.1806154227637498,24.9364474177316,8,25,19668,3.5843265722496076,,,
fixed_low,597,0.6889992212492331,0.004328657360682109,0.0,-0.23713034120389498,2.1110306568017516,23.8668626517696,8,25,19701,1.1023458727149769,,,
fixed_low,598,0.6890135166472845,0.004171405789423099,0.0,0.20058443850075772,3.936424060776596,25.692256055744444,8,25,19734,3.787118742906198,,,
fixed_low,599,0.6890933674214412,0.003509969016084802,0.0,0.23292421752995518,3.355621942592848,25.111453937560697,8,25,19767,1.899029056549597,,,
fixed_low,600,0.6890305942757494,0.0038756464132480017,0.0,-0.18772862165314277,7.141826931488846,28.897658926456696,8,25,19800,11.684421311549544,,,
fixed_low,601,0.689144768065581,0.0034764274837032483,0.9,1.4161936808259905,1.7489382998625285,23.50477029483038,8,25,19833,4.851863978727395,,,
fixed_low,602,0.6892020875596078,0.003967201318332392,0.9,1.1225404955509317,2.2709386872641923,24.02677068223204,8,25,19866,1.1593933506398308,,,
fixed_low,603,0.6892277660496071,0.003988446511981492,0.9,1.0319043902008223,1.9296873093204359,23.685519304288285,8,25,19899,1.1363743957063446,,,
fixed_low,604,0.6891740238208937,0.0032375296770673634,0.9,0.668303822491287,6.776780805681801,28.53261280064965,8,25,19932,10.951492809838895,,,
fixed_low,605,0.689122932887661,0.0031076314172835406,0.9,0.8883708430093139,2.9265850013405372,24.682416996308387,8,25,19965,2.9502221530219814,,,
fixed_low,606,0.6891445894949974,0.003093187698538391,0.9,1.2518142633578524,2.787592664884329,24.543424659852178,8,25,19998,4.143671668699248,,,
fixed_low,607,0.6891111040209768,0.003649168654860646,0.9,0.689613751523101,2.199426016330086,23.955258011297936,8,25,20031,1.0824793887452722,,,
fixed_low,608,0.689153279941786,0.003493571448153765,0.9,0.9727693202325332,2.1334120354410264,23.889244030408875,8,25,20064,1.1390648945786774,,,
fixed_low,609,0.6892348496789859,0.003433005615497753,0.9,1.18337824402084,1.9627759325705403,23.71860792753839,8,25,20097,1.375758538070356,,,
fixed_low,610,0.6891745901489589,0.003578503151147383,0.9,0.4712780263573564,2.1447714780920264,23.900603473059874,8,25,20130,0.8662269286247508,,,
fixed_low,611,0.6891702051103483,0.00395236765522422,0.9,0.7764452182143341,1.816895753258705,23.572727748226555,8,25,20163,1.0352405691238247,,,
fixed_low,612,0.6892016969271546,0.0041819080187224245,0.9,0.9570903353114827,4.641860636736166,26.397692631704015,8,25,20196,6.683561208536785,,,
fixed_low,613,0.6890967271426464,0.004528301142405211,0.9,0.6250464419521176,4.196952395212585,25.952784390180433,8,25,20229,5.132512366690448,,,
fixed_low,614,0.6890441397847675,0.00479477203163714,0.9,0.7255988942141472,3.625799685218218,25.381631680186068,8,25,20262,2.7054022607714012,,,
fixed_low,615,0.6890398062580578,0.004277194400271744,0.9,1.03868380774091,3.666024224754444,25.421856219722294,8,25,20295,3.475679658215837,,,
fixed_low,616,0.6890204810521656,0.0040160088143815775,0.9,0.8987657239941829,3.3218928493918645,25.077724844359714,8,25,20328,3.342155932359659,,,
fixed_low,617,0.6891195774154508,0.0037135723129555487,0.9,1.2044454790927568,2.9726013657551342,24.728433360722985,8,25,20361,3.1083855055937373,,,
fixed_low,618,0.6890912293138445,0.003198931559033613,0.9,1.0282879076352947,3.4194109829163093,25.17524297788416,8,25,20394,2.960480346998087,,,
fixed_low,619,0.6890542130363357,0.0030561328377947117,0.9,1.08989653273028,4.55590905144788,26.31174104641573,8,25,20427,6.607890884474604,,,
fixed_low,620,0.6890468994105393,0.0034319937191096272,0.9,0.3605829126737845,2.873376412367123,24.62920840733497,8,25,20460,3.5901084519397615,,,
fixed_low,621,0.6892234760151474,0.003273455025159855,0.9,1.5156394335681604,2.0646900520466307,23.820522047014478,8,25,20493,2.315096530713426,,,
fixed_low,622,0.6892603512199323,0.003056060731621124,0.9,1.189198220699829,2.804820818888014,24.560652813855864,8,25,20526,1.6379168217526614,,,
fixed_low,623,0.689208827342922,0.003063453565335772,0.9,0.6927079753711537,1.7710235616574372,23.526855556625286,8,25,20559,0.98649004203971,,,
fixed_low,624,0.6892111091761187,0.003324754664231211,0.9,0.8507342126990931,3.3202505300053824,25.07608252497323,8,25,20592,2.9132149637706974,,,
fixed_low,625,0.6892966541650271,0.0042888302962336144,0.9,1.3076787473558396,2.783066785577892,24.53889878054574,8,25,20625,3.2621099055508616,,,
fixed_low,626,0.6893123252663942,0.004154178870830028,0.9,0.7769995995832629,6.322327134071809,28.07815912903966,8,25,20658,10.611684339638987,,,
fixed_low,627,0.6892266371383362,0.0037362774356588524,0.9,0.5709138081897808,1.9115427391425077,23.667374734110357,8,25,20691,0.885692066026529,,,
fixed_low,628,0.6891624853108561,0.003522720615894981,0.9,0.4642161461011837,2.9876730768114976,24.743505071779346,8,25,20724,2.592795662429821,,,
fixed_low,629,0.6892768516780496,0.003710085120704365,0.9,1.6012022441970841,1.9388981493200608,23.69473014428791,8,25,20757,3.9793476875020453,,,
fixed_low,630,0.6892666951973525,0.0038680195415745633,0.9,1.0656777278731258,2.3385164537803287,24.09434844874818,8,25,20790,1.3586186257193589,,,
fixed_low,631,0.6892808096394216,0.003460932567395547,0.9,0.8369318338068868,3.935718164439654,25.6915501594075,8,25,20823,2.326305439642399,,,
fixed_low,632,0.6892225883432482,0.003442842123244527,0.9,0.7953809947343176,3.4313969125259054,25.187228907493754,8,25,20856,2.927056470963772,,,
fixed_low,633,0.6893247975547405,0.004362846025135925,0.9,1.6888534405217257,3.3482672839344447,25.104099278902293,8,25,20889,8.093594052945313,,,
fixed_low,634,0.6892810279160431,0.005617100087388693,0.9,1.697200838943669,6.368750682573034,28.124582677540882,8,25,20922,13.60169640586905,,,
fixed_low,635,0.6893045739212911,0.005169534297755907,0.9,0.6927203666136618,3.159397877217759,24.91522987218561,8,25,20955,3.144621067884884,,,
fixed_low,636,0.6893166620904779,0.00496321087764473,0.9,0.8694572341790958,3.097525130066369,24.85335712503422,8,25,20988,4.3069558378250585,,,
fixed_low,637,0.6891710094832452,0.004739891886833547,0.9,0.7557640595493943,3.489250027075107,25.245082022042958,8,25,21021,3.516554749564961,,,
fixed_low,638,0.6892837788847292,0.006361728366382935,0.9,1.5211321476117243,2.1416070521755137,23.89743904714336,8,25,21054,3.573899993031177,,,
fixed_low,639,0.6893310229497691,0.006269256225614583,0.9,0.9273527483295082,7.410423059093038,29.166255054060887,8,25,21087,11.365370211308079,,,
fixed_low,640,0.6893558850954248,0.006061546387733596,0.9,0.8152756164477913,4.514932839622968,26.270764834590818,8,25,21120,6.977778637483341,,,
fixed_low,641,0.6893580275509588,0.005287383898606501,0.9,0.4275036317535083,3.9833884150634353,25.739220410031283,8,25,21153,10.950867251157693,,,
fixed_low,642,0.6893067997767511,0.005811107519042791,0.9,0.9919190188934824,2.3074389269172504,24.0632709218851,8,25,21186,0.9649738935442438,,,
fixed_low,643,0.689389482845394,0.006401295885349767,0.9,1.2170363422352326,3.9992559494921682,25.755087944460016,8,25,21219,2.331668439333797,,,
fixed_low,644,0.6893547036276654,0.00674542328105554,0.9,1.066667980789886,3.088163103114061,24.843995098081912,8,25,21252,2.0658196966626017,,,
fixed_low,645,0.689372452755209,0.007324905618035338,0.9,1.2697913613130452,4.095470403476147,25.851302398444,8,25,21285,2.9049314674921365,,,
fixed_low,646,0.6893386280080799,0.008337303659813666,0.9,1.283597967446231,1.8623320062968909,23.61816400126474,8,25,21318,2.862865948128366,,,
fixed_low,647,0.6893395613535653,0.008051873846441127,0.9,0.9586988879385497,1.7934832708945918,23.54931526586244,8,25,21351,1.2869209399849117,,,
fixed_low,648,0.68940144518006,0.007883892413624305,0.9,0.9985194814954086,3.575511672825015,25.331343667792865,8,25,21384,2.5428701862179444,,,
fixed_low,649,0.6893786661009279,0.007910347472174117,0.9,0.9785666629005831,3.394226297900683,25.150058292868533,8,25,21417,3.49392501425734,,,
fixed_low,650,0.6894285390657928,0.007779197369443547,0.9,0.6866139713843796,3.5597162275789813,25.31554822254683,8,25,21450,3.153570346841274,,,
fixed_low,651,0.6893957594382814,0.007491215603529611,0.9,0.7033658256607593,3.354296257793606,25.110128252761456,8,25,21483,2.83786409060412,,,
fixed_low,652,0.6893221579892557,0.007753561507379492,0.9,0.9584942638080746,2.2649656396246165,24.020797634592466,8,25,21516,1.1274774731246937,,,
fixed_low,653,0.6893711197532743,0.008110646070898286,0.9,1.1324355488131888,3.953229898565725,25.709061893533573,8,25,21549,6.814090610310611,,,
fixed_low,654,0.6893023623851102,0.0071663148930313225,0.9,0.6362061020584744,4.3004939893360525,26.056325984303903,8,25,21582,2.789990398149763,,,
fixed_low,655,0.6892870826461368,0.007554786544346714,0.9,1.2135700039756316,5.65360547177126,27.40943746673911,8,25,21615,7.467453127729932,,,
fixed_low,656,0.6892166005805742,0.007335205497792541,0.9,0.647372591626456,2.8150446686876034,24.570876663655454,8,25,21648,3.345663577034545,,,
fixed_low,657,0.6892341068513588,0.00665246639007,0.9,0.564488089716113,4.132732970608581,25.88856496557643,8,25,21681,5.041834177069504,,,
fixed_low,658,0.6892044361007413,0.006257205907250207,0.9,0.7517405534680347,1.8055400660623206,23.56137206103017,8,25,21714,1.391104701475783,,,
fixed_low,659,0.6890781176235445,0.005317776538972141,0.9,0.6964615503336585,4.044801689645185,25.800633684613032,8,25,21747,2.6511303638042403,,,
fixed_low,660,0.6890954968251648,0.0043390018090593285,0.9,0.5679503725476116,4.011110186273184,25.766942181241035,8,25,21780,3.8720730297580213,,,
fixed_low,661,0.68899284698095,0.003452004442206502,0.9,0.25541944028094204,1.7393487390489697,23.49518073401682,8,25,21813,1.968445358114911,,,
fixed_low,662,0.6889642564137471,0.0036309531246727644,0.9,0.6735693686406545,5.1761574837219095,26.931989478689758,8,25,21846,10.28382366019698,,,
fixed_low,663,0.6890796714292894,0.0034132032187261796,0.9,1.3331171124834926,2.0821501680746675,23.83798216304252,8,25,21879,3.520484979775188,,,
fixed_low,664,0.6890043777881381,0.0031684692541203985,0.9,0.7028390135164441,3.1382671072876938,24.89409910225554,8,25,21912,2.1077799206269248,,,
fixed_low,665,0.6890127326574662,0.003375144462274826,0.9,1.0266667673700363,5.318610536783405,27.074442531751252,8,25,21945,7.739955075999451,,,
fixed_low,666,0.6890045831314627,0.0035532103242246205,0.9,0.7459960936886384,4.5338752468172006,26.28970724178505,8,25,21978,5.348093053610473,,,
fixed_low,667,0.6890289246015511,0.003536788146180969,0.9,1.2042136301839013,2.8341298991713226,24.589961894139172,8,25,22011,3.307085464514227,,,
fixed_low,668,0.6890310867037713,0.0032988151514445896,0.9,0.9028491237923346,4.753670753189969,26.509502748157818,8,25,22044,6.236109847224234,,,
fixed_low,669,0.6890031772355744,0.003095215078306346,0.9,0.966000645094317,3.746715471049605,25.502547466017454,8,25,22077,3.212221176546684,,,
fixed_low,670,0.689128798564834,0.003731687384541771,0.9,1.2109109726894622,5.328253560745516,27.084085555713365,8,25,22110,6.317961457817943,,,
fixed_low,671,0.6890517430296421,0.0033469295032094726,0.9,0.5326840876660249,3.1532568081631966,24.909088803131045,8,25,22143,3.084179202742973,,,
fixed_low,672,0.6889900534513611,0.0034786860552598053,0.9,0.574803844519645,1.9457251608730026,23.701557155840852,8,25,22176,1.1521226322137583,,,
fixed_low,673,0.6890410270641365,0.0032834366338273524,0.9,1.069842891785728,3.784890046464557,25.540722041432407,8,25,22209,3.430496277888004,,,
fixed_low,674,0.689054070775084,0.00351781606160384,0.9,1.1851823228154337,4.044427216149992,25.80025921111784,8,25,22242,1.4922017755378478,,,
fixed_low,675,0.689112314711995,0.004379499633046624,0.9,1.353662928996887,4.481791366427561,26.23762336139541,8,25,22275,4.699908257220732,,,
fixed_low,676,0.6891264830679112,0.004728679624895871,0.9,1.0559407851355305,5.24075089143081,26.99658288639866,8,25,22308,5.555664058203028,,,
fixed_low,677,0.6890650728931217,0.004027270057578414,0.9,0.7158594570054031,3.208249315283006,24.964081310250855,8,25,22341,2.183734740094342,,,
fixed_low,678,0.6889766507405831,0.004497669435541307,0.9,1.0642487117450667,4.379421469660184,26.135253464628033,8,25,22374,3.1271323582083626,,,
fixed_low,679,0.6890547845452336,0.004417335960216318,0.9,0.907093658354886,1.7938050303772093,23.54963702534506,8,25,22407,1.4273754076019332,,,
fixed_low,680,0.6890109687044766,0.0042935638421867095,0.9,0.60977380912346,3.4965543821756215,25.25238637714347,8,25,22440,2.8666801919481424,,,
fixed_low,681,0.689017516246825,0.003908863888190006,0.9,1.0036532423887627,2.786668733890805,24.542500728858656,8,25,22473,2.5854692419319623,,,
fixed_low,682,0.6890848368055282,0.003946528852824427,0.9,0.839151025411272,4.903537277419907,26.659369272387757,8,25,22506,6.662682710275476,,,
fixed_low,683,0.6890476588457615,0.003972581879935544,0.9,0.9399738786233764,3.715161144778376,25.470993139746227,8,25,22539,3.059190655625125,,,
fixed_low,684,0.6890230858312171,0.0032378585406132032,0.9,0.5838274575965137,3.887767366090884,25.643599361058733,8,25,22572,4.202943182654641,,,
fixed_low,685,0.6889816528970858,0.003352183024641686,0.9,1.0512306653890775,2.826225722850864,24.582057717818714,8,25,22605,1.3006782844853435,,,
fixed_low,686,0.6890209297181731,0.004139540834669386,0.9,1.1100784564697488,2.406542799858604,24.162374794826455,8,25,22638,1.4757992851374808,,,
fixed_low,687,0.6889479823248568,0.0032495219184727198,0.9,0.3945818986734144,5.318581934788165,27.074413929756012,8,25,22671,8.5974823322896,,,
fixed_low,688,0.6890065183839958,0.0027438191398068135,0.9,0.8920342096126912,2.224636014276867,23.980468009244717,8,25,22704,1.1991635168708177,,,
fixed_low,689,0.6890846046766197,0.0028515266077662194,0.9,1.0339968806586821,3.574653766934045,25.330485761901894,8,25,22737,2.7670724564897022,,,
fixed_low,690,0.6889982379515269,0.002786452113427762,0.9,0.42080545849884543,2.2637103721671514,24.019542367135,8,25,22770,1.0835024505238249,,,
fixed_low,691,0.6890638694586964,0.00290046213467543,0.9,0.8177833838235081,3.388166583649367,25.143998578617214,8,25,22803,3.724748791687344,,,
fixed_low,692,0.6890225487441652,0.0030106571490070566,0.9,0.8991357689282229,2.048014467829196,23.803846462797047,8,25,22836,0.9345268753917343,,,
fixed_low,693,0.6891123387961136,0.002800002599338325,0.9,0.8808176857753295,2.724808390539559,24.480640385507407,8,25,22869,2.9615096887902936,,,
fixed_low,694,0.689129283542519,0.002709459937283887,0.9,0.8858581577549485,2.133821640879699,23.889653635847548,8,25,22902,1.084242262264403,,,
fixed_low,695,0.6890021808972748,0.00311358146561147,0.9,0.5625280836863491,5.318695417762496,27.074527412730344,8,25,22935,7.9094522210170775,,,
fixed_low,696,0.6890142728860721,0.003193067895233548,0.9,0.7400290763302071,1.88520625657115,23.641038251538998,8,25,22968,0.8104695295508644,,,
fixed_low,697,0.6889572454511441,0.003081466773860231,0.9,1.14415561003289,3.417699155181948,25.1735311501498,8,25,23001,3.5166951779872857,,,
fixed_low,698,0.6888622033861318,0.0036776738646789875,0.9,0.4002912072510387,2.4774584488298674,24.233290443797717,8,25,23034,2.883507039593071,,,
fixed_low,699,0.6888127751081852,0.004155348754581345,0.9,0.8359416412189471,6.452127191734331,28.20795918670218,8,25,23067,11.016179264202346,,,
fixed_low,700,0.688852063986729,0.004119577432293631,0.9,0.8311589524202498,3.3350423174820514,25.090874312449902,8,25,23100,2.97286003176099,,,
fixed_low,701,0.6887683572660821,0.004512094952718426,0.9,0.7399263724422503,1.9662626543052593,23.72209464927311,8,25,23133,0.9947069540621585,,,
fixed_low,702,0.6887730747296991,0.004894102739363304,0.9,0.8932783263677424,3.7622293088812047,25.518061303849052,8,25,23166,6.777420309280628,,,
fixed_low,703,0.6888001688508236,0.0045673347107183515,0.9,0.9085226835635785,2.7084761110098117,24.46430810597766,8,25,23199,3.1211120944938315,,,
fixed_low,704,0.6887785342324823,0.00424917676042913,0.9,0.8450996948361665,4.330385448819176,26.086217443787024,8,25,23232,3.250928101289407,,,
fixed_low,705,0.6887641364834013,0.003914921596107845,0.9,1.026782531810256,3.22702482948555,24.9828568244534,8,25,23265,2.7999606098095193,,,
fixed_low,706,0.688785731813758,0.0035725605139752536,0.9,0.9776198010050389,2.148455177355481,23.90428717232333,8,25,23298,1.0618841747074717,,,
fixed_low,707,0.6887827057752648,0.003841301257527796,0.9,0.8107593918318825,4.707142388550664,26.462974383518514,8,25,23331,5.857662561744336,,,
fixed_low,708,0.68881810927348,0.0036827767909636266,0.9,0.9831446438335603,3.8468293917222622,25.602661386690112,8,25,23364,3.482521614182678,,,
fixed_low,709,0.6888255224728398,0.00365127483602945,0.9,0.9254046825426911,2.070971855654304,23.826803850622152,8,25,23397,0.9314930565231002,,,
fixed_low,710,0.6887939120817819,0.004079958765545233,0.9,0.6199948471378628,3.021797558403407,24.777629553371256,8,25,23430,2.5046362353887304,,,
fixed_low,711,0.6888210584905405,0.0037472274107330783,0.9,1.1734461466823065,2.6433779954586227,24.39920999042647,8,25,23463,1.5255917355948387,,,
fixed_low,712,0.6888051187848828,0.003804956818082017,0.9,0.7327169448151353,2.6825704304724836,24.438402425440334,8,25,23496,5.747692241302972,,,
fixed_low,713,0.6888301738494701,0.004342233578479737,0.9,0.7325629311337826,3.7663840634785912,25.52221605844644,8,25,23529,3.2074982286407776,,,
fixed_low,714,0.6888825018854461,0.00472511733488945,0.9,1.0107388775658035,2.8383925630237994,24.594224557991648,8,25,23562,1.3744036096861467,,,
fixed_low,715,0.6888622520237246,0.004399606784595389,0.9,1.0397349075092743,2.1745240400012595,23.93035603496911,8,25,23595,1.4468168935907264,,,
fixed_low,716,0.6889138229740153,0.004079490797461505,0.9,1.1193153870366583,5.5281277979236,27.283959792891448,8,25,23628,5.6948389962827415,,,
fixed_low,717,0.6889524314965622,0.004168650407670227,0.9,0.824149138086653,3.6865204798273146,25.442352474795165,8,25,23661,2.7749672438731663,,,
fixed_low,718,0.6888823855284901,0.004827091904476277,0.9,0.6923323087040423,4.530429191912665,26.286261186880516,8,25,23694,5.813599941241516,,,
fixed_low,719,0.6889424963204233,0.004962461225932691,0.9,0.9274527865349519,1.9731772151687408,23.72900921013659,8,25,23727,0.9828055310323925,,,
fixed_low,720,0.6889703302136803,0.004796080931268265,0.9,1.2033439304973466,2.9561336098459527,24.711965604813802,8,25,23760,3.4505554210646903,,,
fixed_low,721,0.6889721013240337,0.004880879393570958,0.9,0.6023776333140634,4.881204224238797,26.637036219206646,8,25,23793,9.404078202954034,,,
fixed_low,722,0.688954676175976,0.005041427743430527,0.9,0.8100796923208938,2.6278815429119153,24.383713537879764,8,25,23826,1.2648240641180186,,,
fixed_low,723,0.6889183664260832,0.0050788642103873904,0.9,0.8661732017353936,2.897150026234044,24.652982021201893,8,25,23859,2.9811603693331143,,,
fixed_low,724,0.6888687841762507,0.005151734266165664,0.9,0.8875205236827146,2.5078369859964966,24.263668980964347,8,25,23892,0.9604538649499021,,,
fixed_low,725,0.6888441308406077,0.004885315225394038,0.9,0.9787394181750477,2.0152506062190367,23.771082601186887,8,25,23925,1.0947063177935008,,,
fixed_low,726,0.6889437351683857,0.004621436172259963,0.9,1.2777356867675251,1.973372404025412,23.72920439899326,8,25,23958,1.7261496476042366,,,
fixed_low,727,0.6889405421997582,0.004454194105344755,0.9,0.6379360895211683,3.092312595268812,24.84814459023666,8,25,23991,2.902501334997005,,,
fixed_low,728,0.6889858879135208,0.004205937819814376,0.9,1.105904389218378,3.628232370967447,25.384064365935295,8,25,24024,1.9883129244457016,,,
fixed_low,729,0.688963193498938,0.004211789951234057,0.9,0.8110837862290975,2.8186332531911216,24.574465248158972,8,25,24057,0.8694985428101641,,,
fixed_low,730,0.6889214349627496,0.0038270410308728353,0.9,0.9853221863871379,2.29852811116255,24.0543601061304,8,25,24090,1.0751087490755404,,,
fixed_low,731,0.6889222850311493,0.0038236445712056533,0.9,1.1004052028396867,1.7818298387053026,23.537661833673152,8,25,24123,1.14205241202524,,,
fixed_low,732,0.6888566332365745,0.0038257069281758538,0.9,0.9227820041149173,2.2914567538591664,24.047288748827015,8,25,24156,1.032198694226921,,,
fixed_low,733,0.6888530857347537,0.0040605487423802655,0.9,0.6647846559871268,5.661992933364971,27.41782492833282,8,25,24189,6.000905160418677,,,
fixed_low,734,0.688879186141908,0.004149852061629544,0.9,0.7624268860006097,5.5093391014942865,27.265171096462137,8,25,24222,7.1477936003035465,,,
fixed_low,735,0.688883525591656,0.004728006691154252,0.9,0.6350361161314092,2.558582474586885,24.314414469554734,8,25,24255,1.1136602965028997,,,
fixed_low,736,0.6889131597431334,0.004671325607326748,0.9,0.9950519624241101,3.234938289823835,24.990770284791683,8,25,24288,2.9382247347987374,,,
fixed_low,737,0.6888435435519489,0.004683697172572443,0.9,0.8733032664239112,2.0706284915327453,23.826460486500594,8,25,24321,1.1551174408315914,,,
fixed_low,738,0.6889053024742221,0.004576171238493076,0.9,1.0746177869497306,2.5221163316806257,24.277948326648474,8,25,24354,1.1621944975287999,,,
fixed_low,739,0.6889131918077148,0.004662216426039478,0.9,1.0694118179981604,2.6926114834519232,24.448443478419772,8,25,24387,1.1171335374924782,,,
fixed_low,740,0.688998198386678,0.0045336272174824055,0.9,0.9522553081945105,2.3605292888859606,24.11636128385381,8,25,24420,0.9423953580484681,,,
fixed_low,741,0.689056620149989,0.0038449975775073364,0.9,1.4214654575468586,3.234010203874215,24.989842198842062,8,25,24453,4.250701594115132,,,
fixed_low,742,0.6890827304630216,0.003794453100819384,0.9,1.1221445146005848,3.78933882632127,25.54517082128912,8,25,24486,3.639152925933532,,,
fixed_low,743,0.6891539192142419,0.0035408304537292157,0.9,1.1613903954128524,3.51819390310772,25.274025898075568,8,25,24519,3.2930642965820507,,,
fixed_low,744,0.6892569564496198,0.002930012436300977,0.9,1.7558020164515877,2.0991395049947967,23.854971499962645,8,25,24552,5.81023048356088,,,
fixed_low,745,0.6893092453312375,0.00324771617634223,0.9,1.0783221571071822,2.277025946470353,24.032857941438202,8,25,24585,1.3932936431328498,,,
fixed_low,746,0.689367373905214,0.004248736707261336,0.9,1.3238719702082944,3.0190955325184397,24.774927527486287,8,25,24618,3.0801077937920334,,,
fixed_low,747,0.6893899282724841,0.004408054733134659,0.9,1.212423860276678,5.287814747613634,27.043646742581483,8,25,24651,11.521768035293038,,,
fixed_low,748,0.6894333586570475,0.004968453430231667,0.9,1.1537824655131421,4.1778773836106655,25.933709378578513,8,25,24684,2.9745673105480797,,,
fixed_low,749,0.6894379203633173,0.00437218755980695,0.9,0.49852733461081955,3.5972354724402047,25.353067467408053,8,25,24717,8.898418872292247,,,
fixed_low,750,0.6893752745139264,0.003928981778851481,0.9,0.8144886576464097,2.238254870705116,23.994086865672966,8,25,24750,0.996843613055876,,,
fixed_low,751,0.6894418295629072,0.004222214914488598,0.9,0.8591888581628907,3.3875198968336546,25.143351891801505,8,25,24783,2.4727288873770137,,,
fixed_low,752,0.6894118120038449,0.002803305145131496,0.9,0.07594858559741413,4.084841567872302,25.840673562840152,8,25,24816,7.150853450982602,,,
fixed_low,753,0.6893732996798182,0.0027571069609947374,0.9,0.7158298703064685,3.4203613931208046,25.176193388088652,8,25,24849,2.981256553966169,,,
fixed_low,754,0.6894425353024654,0.0033603897093670287,0.9,1.4323106592178863,1.8016055659018122,23.557437560869662,8,25,24882,2.761502289072352,,,
fixed_low,755,0.6894433402452416,0.0034588013680934004,0.9,0.725834470669717,3.209469095565849,24.9653010905337,8,25,24915,2.723705522970304,,,
fixed_low,756,0.6894070550732925,0.003566547836875378,0.9,1.0208567025197108,1.9398169737031996,23.695648968671048,8,25,24948,1.0931858567589385,,,
fixed_low,757,0.6894158037702524,0.003408229019472464,0.9,0.7912475495822726,6.067634459057015,27.823466454024864,8,25,24981,6.581705596320098,,,
fixed_low,758,0.6893889267550039,0.0034052176965516656,0.9,0.9536225427107354,3.378621621934634,25.134453616902483,8,25,25014,3.360169866009187,,,
fixed_low,759,0.6894342979692712,0.0038938213201618055,0.9,0.9993728588618317,5.139496959283652,26.8953289542515,8,25,25047,6.678446791666823,,,
fixed_low,760,0.6894074972528268,0.004032465727191958,0.9,0.9640521952527196,2.9229757540500443,24.678807749017892,8,25,25080,0.9085853543764046,,,
fixed_low,761,0.6893463804844949,0.003422354200080191,0.9,0.6404741944459013,2.7730422336109504,24.5288742285788,8,25,25113,2.603908053848725,,,
fixed_low,762,0.6894060061398987,0.0041128391554676735,0.9,1.0784395179268464,4.403792912681492,26.15962490764934,8,25,25146,2.860029944382362,,,
fixed_low,763,0.6894534740319923,0.004938991833627893,0.9,1.0753924165128967,3.627183014840828,25.383015009808677,8,25,25179,3.2860336380878823,,,
fixed_low,764,0.6893832309041001,0.004201786650737782,0.9,0.37109334807341277,2.1825107009522053,23.938342695920056,8,25,25212,6.914079937568425,,,
fixed_low,765,0.6893570044831542,0.004321432495877464,0.9,1.0056450974424636,7.214755766463425,28.970587761431275,8,25,25245,11.58660599538086,,,
fixed_low,766,0.6893438873448714,0.0044944937153661435,0.9,0.9229298740146605,3.3361183159854613,25.09195031095331,8,25,25278,3.1206679994532687,,,
fixed_low,767,0.6893675150848234,0.004788408048125636,0.9,1.1340394705103918,3.6404480073877665,25.396280002355617,8,25,25311,3.849101550087547,,,
fixed_low,768,0.6894031062276651,0.00510725015429081,0.9,1.2124659435361713,4.895373114697268,26.651205109665117,8,25,25344,7.136069853035716,,,
fixed_low,769,0.6893609493500106,0.004768870970130901,0.9,0.5925190845482684,2.684435951219627,24.440267946187475,8,25,25377,1.8796479975360725,,,
fixed_low,770,0.6893959409911602,0.0043861992785926285,0.9,1.0065625493999177,2.826512797381624,24.582344792349474,8,25,25410,1.3481599070411059,,,
fixed_low,771,0.6893338287609445,0.0036444345338716433,0.9,0.5533584198619688,3.8370745303420337,25.592906525309882,8,25,25443,3.318834451192269,,,
fixed_low,772,0.6892452312579535,0.0038482088162438144,0.9,1.017294077523211,5.846797617393124,27.60262961236097,8,25,25476,12.455624575433399,,,
fixed_low,773,0.689227706931627,0.004053547168530014,0.9,1.0563912454979836,5.733475949147327,27.489307944115176,8,25,25509,5.47633506263207,,,
fixed_low,774,0.689228798516552,0.004123275419200767,0.9,0.8617046682893198,3.6156792224893572,25.371511217457208,8,25,25542,3.6824553481256173,,,
fixed_low,775,0.6891766157821949,0.0046270616291264055,0.9,1.0961419491476878,4.702352513638633,26.458184508606482,8,25,25575,5.89606534798026,,,
fixed_low,776,0.6892277752113285,0.004451397255309186,0.9,0.893843064324477,3.4410708720549437,25.196902867022793,8,25,25608,3.771210253670503,,,
fixed_low,777,0.6892480480293559,0.004283676301888417,0.9,0.7892981231665666,3.931190203671691,25.68702219863954,8,25,25641,2.6801086801024057,,,
fixed_low,778,0.6892379554424206,0.004111087409199188,0.9,0.9206509523448312,5.529190077614901,27.28502207258275,8,25,25674,6.837945142684437,,,
fixed_low,779,0.6893285590933902,0.004015565575520186,0.9,0.672937596820239,1.8028666622236083,23.558698657191457,8,25,25707,1.3882158241239224,,,
fixed_low,780,0.6892476996294344,0.004456086164489115,0.9,0.7917416608070273,3.8364239053505096,25.59225590031836,8,25,25740,3.102534401928175,,,
fixed_low,781,0.6892567978735159,0.004486819539586406,0.9,0.9070711396653067,1.9044380151500033,23.660270010117852,8,25,25773,1.08928095334296,,,
fixed_low,782,0.6892903342637939,0.004266991825761957,0.9,1.036329519335215,2.1054266615928867,23.861258656560736,8,25,25806,1.3435139019524782,,,
fixed_low,783,0.6892997988171534,0.004109940702392123,0.9,1.0438009132406,3.8530171427886946,25.608849137756543,8,25,25839,3.8099517255004725,,,
fixed_low,784,0.6893559487700496,0.004033443093621192,0.9,0.8306352645153706,4.421654734131444,26.177486729099293,8,25,25872,6.404771440588342,,,
fixed_low,785,0.6893592918653272,0.004160458406822887,0.9,0.8617913090099728,3.3652684960375914,25.12110049100544,8,25,25905,3.434916830245276,,,
fixed_low,786,0.6893214077674797,0.004742243157809245,0.9,0.8161052288610169,4.5056084525360385,26.261440447503887,8,25,25938,6.074799949385885,,,
fixed_low,787,0.6892250993349335,0.004286901000577603,0.9,0.9670365235412026,4.391878451239325,26.147710446207174,8,25,25971,3.247744004694511,,,
fixed_low,788,0.6892089964201249,0.004575156709664685,0.9,0.8362520235488474,7.851525414948127,29.607357409915977,8,25,26004,11.462354512996233,,,
fixed_low,789,0.6892469582101283,0.004544012413167708,0.9,1.0286787870983085,3.3120603443235574,25.067892339291408,8,25,26037,3.444962245824915,,,
fixed_low,790,0.689248221595693,0.004618934370719696,0.9,0.8691788358748511,3.3898789602890678,25.145710955256916,8,25,26070,3.2463660456187386,,,
fixed_low,791,0.6893298470499002,0.0045990909115899425,0.9,0.802468729250644,3.7709852882297286,25.526817283197577,8,25,26103,2.40695817042922,,,
fixed_low,792,0.6892925201603022,0.004851811682313967,0.9,0.5696448352966317,3.747602713355565,25.503434708323415,8,25,26136,2.462575620983949,,,
fixed_low,793,0.6892748851805868,0.00505198717578359,0.9,0.671653554140161,3.10164222089514,24.85747421586299,8,25,26169,3.411397034290242,,,
fixed_low,794,0.6892649119855057,0.005399116580647401,0.9,0.9958489979736316,3.0768965921992746,24.832728587167125,8,25,26202,0.7980717067283247,,,
fixed_low,795,0.6893310657026204,0.0051971758334395934,0.9,0.7093616650617826,6.522196642030091,28.27802863699794,8,25,26235,10.556054548940903,,,
fixed_low,796,0.6893537855719646,0.005427618295203773,0.9,1.0041017615198675,2.9378106153221535,24.693642610290002,8,25,26268,3.487268392390461,,,
fixed_low,797,0.6893353444348062,0.004954305387115832,0.9,0.8577584705402254,4.070278261007679,25.82611025597553,8,25,26301,3.1640559125926155,,,
fixed_low,798,0.6893325226516154,0.004662145489932934,0.9,1.119755128271878,3.1373908859334643,24.893222880901313,8,25,26334,3.096526753658737,,,
fixed_low,799,0.6893499986352442,0.004544060229030311,0.9,0.88597267576968,1.0008192510250162,22.756651245992867,8,25,26367,0.6023631714498185,,,
fixed_low,800,0.6893333465971803,0.0043153255212571295,0.9,0.8394770599016976,3.1987475770069613,24.95457957197481,8,25,26400,3.719938560559112,,,
fixed_low,801,0.6893304222017363,0.004899640679231654,0.9,0.3456201381656165,2.900164437373871,24.65599643234172,8,25,26433,2.1809958917289913,,,
fixed_low,802,0.6894645181581981,0.004518149741644661,0.9,1.3250009249237094,1.79740224684421,23.55323424181206,8,25,26466,2.116491968644443,,,
fixed_low,803,0.6895249842135005,0.00421184044151135,0.9,1.1908880388460343,3.857368315582836,25.613200310550685,8,25,26499,7.14097274712736,,,
fixed_low,804,0.6895659590793974,0.004239298519653878,0.9,0.8236985794928109,4.665393695200927,26.421225690168775,8,25,26532,4.454449798277545,,,
fixed_low,805,0.6895654100691189,0.00448683338493816,0.9,0.7445706563497806,3.3169707600317553,25.072802754999604,8,25,26565,2.0188759391484683,,,
fixed_low,806,0.6895720957613874,0.005185410846207605,0.9,0.7055795903204692,3.6480849642981674,25.403916959266017,8,25,26598,2.734133350207772,,,
fixed_low,807,0.6895697972372281,0.005505186834723008,0.9,0.9267062657060832,1.9929529494009528,23.7487849443688,8,25,26631,1.0930725042726008,,,
fixed_low,808,0.6895480631011068,0.005064297376004001,0.9,0.7761946448134003,2.629730630293953,24.3855626252618,8,25,26664,1.486415960472727,,,
fixed_low,809,0.6895720557461533,0.005239698898166556,0.9,0.7807354547383084,2.7434077627751305,24.49923975774298,8,25,26697,1.1628944168536002,,,
fixed_low,810,0.6896094149355996,0.005185585549943972,0.9,0.9128593973694937,2.0137348745236436,23.76956686949149,8,25,26730,1.2965041703458136,,,
fixed_low,811,0.6896719456628884,0.005248720215175862,0.9,1.1755717608681355,3.0554228462359685,24.81125484120382,8,25,26763,2.6253388102251862,,,
fixed_low,812,0.6897072452232532,0.005430525806581765,0.9,0.6695606572853895,2.606067342522867,24.361899337490716,8,25,26796,3.2372187723772283,,,
fixed_low,813,0.689673470021443,0.005823627180938984,0.9,0.9327373414966107,2.1151573640875894,23.87098935905544,8,25,26829,0.9641932662069199,,,
fixed_low,814,0.6896132939107076,0.006542142424638797,0.9,0.7586679934781067,1.8720287464897514,23.6278607414576,8,25,26862,1.8603390028375082,,,
fixed_low,815,0.6897112165629121,0.006164956143619449,0.9,1.06098296634926,3.8903821793609636,25.64621417432881,8,25,26895,3.2151556498782425,,,
fixed_low,816,0.689793881923363,0.006135227648960018,0.9,1.146549929842379,3.2030115585983885,24.958843553566236,8,25,26928,3.170278219919228,,,
fixed_low,817,0.6898009157179795,0.006039673671163426,0.9,0.8457121408963206,5.016922892757882,26.772754887725732,8,25,26961,6.4188615460756795,,,
fixed_low,818,0.689886990782103,0.0057534900218920715,0.9,1.2277503137788328,3.0177733266214437,24.773605321589294,8,25,26994,3.308249303933207,,,
fixed_low,819,0.6898782695448066,0.006285636348431045,0.9,0.503090232809944,3.5729228951860854,25.328754890153935,8,25,27027,2.4611658883604766,,,
fixed_low,820,0.6898415277061087,0.006636885651808866,0.9,0.688453927834302,1.7285533000860784,23.484385295053926,8,25,27060,1.3092099634138339,,,
fixed_low,821,0.689810848148561,0.006506315386471839,0.9,0.6887700395934393,3.1964083264582897,24.95224032142614,8,25,27093,2.968985574484094,,,
fixed_low,822,0.6897898320874476,0.0067260314364002705,0.9,0.5011906845063246,3.820304908481746,25.576136903449594,8,25,27126,9.005263016705781,,,
fixed_low,823,0.6898657268300392,0.005889287396395715,0.9,1.3804221571673867,4.130407736549909,25.886239731517758,8,25,27159,4.657822506224803,,,
fixed_low,824,0.6898011220419734,0.006225441757046424,0.9,0.4102157578727391,2.648546396092315,24.404378391060163,8,25,27192,6.181978186580405,,,
fixed_low,825,0.6897679137330303,0.005687637197817397,0.9,0.6995497615722618,2.8662049310253916,24.622036925993243,8,25,27225,2.5373047650466036,,,
fixed_low,826,0.6898156637855377,0.0052343869309472435,0.9,1.1151383491294515,3.169327501999785,24.925159496967634,8,25,27258,4.021185569533104,,,
fixed_low,827,0.689839415994497,0.005735866531215272,0.9,0.6329458802230317,3.143262114453504,24.899094109421352,8,25,27291,3.4005097256027543,,,
fixed_low,828,0.6898779005914262,0.0060788114010784655,0.9,0.7745746853949897,3.1096180701765834,24.865450065144433,8,25,27324,2.926520180712093,,,
fixed_low,829,0.6899039592555345,0.006243246929807267,0.9,0.6944533517656473,1.946823681257581,23.70265567622543,8,25,27357,2.477281734369096,,,
fixed_low,830,0.6898965337458449,0.006395963415540495,0.9,1.00517301589687,4.606930583892881,26.362762578860732,8,25,27390,2.814431320658178,,,
fixed_low,831,0.6898412023558125,0.006028992359966123,0.9,0.954798926006218,3.547314636630257,25.303146631598107,8,25,27423,3.670305709586985,,,
fixed_low,832,0.6898202533522977,0.006047745733399279,0.9,0.7352442313038029,2.705623340392452,24.461455335360302,8,25,27456,2.642107470452738,,,
fixed_low,833,0.6897940932565088,0.005361812039559877,0.9,0.9652187882430108,7.116430637493386,28.872262632461236,8,25,27489,11.501233726770959,,,
fixed_low,834,0.6897944643364317,0.005616673307833886,0.9,0.7201804140620709,2.745774209994425,24.501606204962275,8,25,27522,2.1107207571602014,,,
fixed_low,835,0.6898172742666895,0.005496866033628867,0.9,1.1843962349338664,3.790172072544336,25.546004067512186,8,25,27555,3.570415177231416,,,
fixed_low,836,0.6898216468229265,0.0054845655654152115,0.9,0.8366786156882673,1.9952733878910223,23.75110538285887,8,25,27588,1.1438402892450057,,,
fixed_low,837,0.6898087116999746,0.005627891227180548,0.9,0.9037669811154075,3.667682529935543,25.423514524903393,8,25,27621,2.972871440961408,,,
fixed_low,838,0.6898053394513363,0.0056944551515579755,0.9,0.6803596743800171,1.8589650516773817,23.61479704664523,8,25,27654,1.0135474588072138,,,
fixed_low,839,0.6897717384930688,0.005820794397754847,0.9,0.9350041524454734,3.7272657317858795,25.48309772675373,8,25,27687,3.172605539151284,,,
fixed_low,840,0.689853600091491,0.006708837959849556,0.9,0.6157807511374003,4.694692964506054,26.450524959473903,8,25,27720,4.501190377836617,,,
fixed_low,841,0.6898319210725753,0.006172870831884003,0.9,1.083086310112087,2.5327187923619343,24.288550787329783,8,25,27753,1.0649577932405436,,,
fixed_low,842,0.6898871798240224,0.006071386771816956,0.9,0.9232106908590855,2.9563249339661324,24.712156928933982,8,25,27786,1.1590949033548283,,,
fixed_low,843,0.689860284618627,0.006062796674575988,0.9,0.7430760680869132,4.244343178866113,26.000175173833963,8,25,27819,5.8809892699796125,,,
fixed_low,844,0.6898855919634651,0.006096944124608927,0.9,0.9914841483072074,1.958848390070195,23.714680385038044,8,25,27852,1.1665709623866847,,,
fixed_low,845,0.6898496224247641,0.007027434479672023,0.9,0.7831799858944554,4.428218880737583,26.18405087570543,8,25,27885,4.845166322579891,,,
fixed_low,846,0.6898297158729554,0.007011641245558753,0.9,0.8954185907132718,4.112675861995567,25.868507856963415,8,25,27918,3.031329649605413,,,
fixed_low,847,0.6898962886448483,0.0067583843883149974,0.9,1.160596884087555,4.99687314478101,26.75270513974886,8,25,27951,7.044593846030141,,,
fixed_low,848,0.6898613450964571,0.0073959855823604315,0.9,0.5025679847839448,2.045590448855984,23.80142244382383,8,25,27984,1.511746935560642,,,
fixed_low,849,0.6899365743627917,0.0069677095689884005,0.9,1.0299871216839556,2.054224669851196,23.810056664819044,8,25,28017,1.4536026800613135,,,
fixed_low,850,0.6899984480252437,0.007022713147024184,0.9,0.7997375767385535,2.314635502355671,24.07046749732352,8,25,28050,0.9660536060705072,,,
fixed_low,851,0.6900113729513448,0.006723511999351395,0.9,0.9768710953764294,5.25947954768759,27.01531154265544,8,25,28083,6.827501261501935,,,
fixed_low,852,0.6899910640004705,0.0068765799303799335,0.9,0.9136080734993265,4.076948017180936,25.832780012148785,8,25,28116,2.421742818404158,,,
fixed_low,853,0.6900394682754186,0.006789532898916595,0.9,0.9112481696986353,3.252129741417076,25.007961736384924,8,25,28149,3.167845092908216,,,
fixed_low,854,0.6900956975255744,0.007348455416645638,0.9,0.7370200943563291,2.3214869380869896,24.07731893305484,8,25,28182,1.0157383398460318,,,
fixed_low,855,0.6900600696249493,0.007134280059004849,0.9,0.6869491440451981,3.8390312068070416,25.594863201774892,8,25,28215,6.350482764042594,,,
fixed_low,856,0.6901140762552281,0.007194369905718312,0.9,0.8110292255423027,3.927201678234903,25.68303367320275,8,25,28248,3.4413708606552755,,,
fixed_low,857,0.6900379437308389,0.007358839205847567,0.9,0.7814998829452046,4.453037032782162,26.208869027750012,8,25,28281,3.272470541094477,,,
fixed_low,858,0.6900670805972378,0.00697881667851763,0.9,1.1581205592201074,3.3977519745502844,25.153583969518134,8,25,28314,1.9912438944455697,,,
fixed_low,859,0.690119597327429,0.007203329631663036,0.9,0.46858494741795326,2.8964711330797184,24.652303128047567,8,25,28347,2.212787954959745,,,
fixed_low,860,0.6901075016881081,0.007158796683251034,0.9,1.0514167306161446,3.353050684810476,25.108882679778326,8,25,28380,3.1950129216891665,,,
fixed_low,861,0.6901193622347546,0.007093578087203456,0.9,0.909531511329653,3.299939670998132,25.05577166596598,8,25,28413,1.2964340970473431,,,
fixed_low,862,0.6900946064160384,0.007456340485762825,0.9,0.6420307138283681,5.3331765146892804,27.08900850965713,8,25,28446,6.179319266902151,,,
fixed_low,863,0.6900699526435298,0.007246981962666932,0.9,0.871067201427084,3.9561627955788525,25.7119947905467,8,25,28479,2.8725949116150806,,,
fixed_low,864,0.6902345518531842,0.0066395596205284235,0.9,1.398232251388848,1.9166426381299022,23.67247463309775,8,25,28512,2.182443318076086,,,
fixed_low,865,0.6902313640463232,0.007251987922869074,0.9,0.35907325317944233,2.7610205623822006,24.51685255735005,8,25,28545,3.7211033069591606,,,
fixed_low,866,0.6902510251802335,0.007532295491949781,0.9,0.9229644942147183,2.3718696533208075,24.127701648288657,8,25,28578,0.9616729346815296,,,
fixed_low,867,0.6901685465394668,0.007809400947630052,0.9,0.8165322463057962,1.8500525234090381,23.605884518376886,8,25,28611,1.4852925857192352,,,
fixed_low,868,0.6902384055023295,0.007967455587887917,0.9,0.9267804417869633,3.8257760806416927,25.58160807560954,8,25,28644,3.2518965320126423,,,
fixed_low,869,0.6902673880236322,0.008047744714138272,0.9,1.040061590394417,2.267028619626192,24.02286061459404,8,25,28677,0.8998314166239868,,,
fixed_low,870,0.6902176431711056,0.008106185798756993,0.9,0.9461616986818578,3.417814872624803,25.17364686759265,8,25,28710,3.158869543597151,,,
fixed_low,871,0.690189600954844,0.008488297690348867,0.9,0.7949598131323149,3.176013313908297,24.931845308876145,8,25,28743,4.219064373763269,,,
fixed_low,872,0.6901170490949856,0.008605422753039771,0.9,0.8960320018756723,3.4227031700892736,25.178535165057124,8,25,28776,3.2480576754849895,,,
fixed_low,873,0.6900897105225318,0.008337763761669725,0.9,1.0342806508929017,2.4308763699772045,24.186708364945055,8,25,28809,1.1824544548488782,,,
fixed_low,874,0.6901353716538084,0.007925998322766858,0.9,1.0397156089789321,1.954868488539907,23.710700483507757,8,25,28842,1.2149126526355456,,,
fixed_low,875,0.6900794294509494,0.008673208236933072,0.9,0.6040223211802761,5.6200282436112525,27.3758602385791,8,25,28875,5.244123328718338,,,
fixed_low,876,0.6900719222223449,0.008445391145144754,0.9,1.0037407399049596,5.802380584949759,27.55821257991761,8,25,28908,6.684237846787961,,,
fixed_low,877,0.6899907703478565,0.009614657276632799,0.9,0.5149758125505154,3.7536930155400587,25.509525010507907,8,25,28941,5.789794424993267,,,
fixed_low,878,0.6899555487449116,0.009334761548531967,0.9,0.9656306272357975,4.5681180429085995,26.32395003787645,8,25,28974,2.759703025260294,,,
fixed_low,879,0.6898863500192681,0.0091764409622348,0.9,0.9285328835129646,3.5717052318298266,25.327537226797677,8,25,29007,5.869472234012101,,,
fixed_low,880,0.6898588166979434,0.009321914493426453,0.9,0.6460177766535278,2.060078466311431,23.81591046127928,8,25,29040,2.707059332764336,,,
fixed_low,881,0.6899222026185527,0.008713796980439725,0.9,1.1845316463673996,3.585502991555157,25.341334986523005,8,25,29073,3.481228286462672,,,
fixed_low,882,0.6899657815073811,0.008962440256408688,0.9,0.7955869141965479,2.9871605349140693,24.742992529881917,8,25,29106,2.2037696216463756,,,
fixed_low,883,0.6898800238366656,0.009858285879254636,0.9,0.495028320140717,1.8676404656600538,23.6234724606279,8,25,29139,2.223468582982859,,,
fixed_low,884,0.6898640361526099,0.009882468875023864,0.9,0.8044516927057611,2.943837588667977,24.699669583635824,8,25,29172,3.2365318175451954,,,
fixed_low,885,0.6897919153236151,0.009324176243051263,0.9,0.9565631032946088,3.557922123022584,25.313754117990435,8,25,29205,3.183272627491884,,,
fixed_low,886,0.6897832263497781,0.009602962917033553,0.9,0.8810978116810109,4.432816116229662,26.188648111197512,8,25,29238,2.6936453840534536,,,
fixed_low,887,0.6897369012105623,0.009163721406358571,0.9,1.0942389750947263,3.0991330797451906,24.85496507471304,8,25,29271,3.570431249903966,,,
fixed_low,888,0.6899344558637336,0.00843438505536731,0.9,1.1706795415461946,1.924408601576629,23.68024059654448,8,25,29304,1.8138581868386834,,,
fixed_low,889,0.6898434118769108,0.00870431110550951,0.9,0.6995708900991965,3.885371042550672,25.641203037518522,8,25,29337,3.252843453345932,,,
fixed_low,890,0.6899163828981406,0.007649488620769862,0.9,1.2588402632547202,2.767765627766517,24.523597622734364,8,25,29370,4.683621023027945,,,
fixed_low,891,0.6899514938816452,0.0071527573157736946,0.9,1.028360291466625,3.531265113662958,25.287097108630807,8,25,29403,3.434739589873014,,,
fixed_low,892,0.6899582714016467,0.008153667581991209,0.9,0.562840063090252,3.279145378467539,25.03497737343539,8,25,29436,2.604269968415851,,,
fixed_low,893,0.6898606017940094,0.008450478243489656,0.9,0.6094188079559579,4.829419502600882,26.58525149756873,8,25,29469,7.241447020353598,,,
fixed_low,894,0.6898832110003182,0.008146017900280134,0.9,1.1813262042498103,3.795488955097889,25.551320950065737,8,25,29502,1.112545741798485,,,
fixed_low,895,0.6897835867378829,0.00789655630534114,0.9,0.8029698892868607,3.1338576770484052,24.889689672016253,8,25,29535,2.8072938453005514,,,
fixed_low,896,0.6897645986598994,0.008141305374599561,0.9,0.7683271535113924,2.8438995999636143,24.599731594931463,8,25,29568,3.114209195706837,,,
fixed_low,897,0.6897461003059832,0.008204338224436336,0.9,0.80179460716902,3.369371152100494,25.125203147068344,8,25,29601,2.891373334648674,,,
fixed_low,898,0.6897894797699982,0.008039808155761663,0.9,1.0678686373384951,2.02405415366965,23.779886148637498,8,25,29634,1.2328671291565512,,,
fixed_low,899,0.6897827740339586,0.00786173127420775,0.9,0.9831555889254441,2.689474239606523,24.44530623457437,8,25,29667,1.1098116723484597,,,
fixed_low,900,0.6898675733420329,0.0076474464462124025,0.9,1.0367926307402076,2.150693930206873,23.906525925174723,8,25,29700,1.4274035797535025,,,
fixed_low,901,0.6899179945520303,0.006846935616119043,0.9,1.142481597024837,2.785807750025795,24.541639744993645,8,25,29733,2.759129314912419,,,
fixed_low,902,0.6899672795444078,0.0067762641836904836,0.9,1.0609913314060853,4.305071238268663,26.060903233236512,8,25,29766,6.992743210021494,,,
fixed_low,903,0.6900366046419527,0.006219621350945115,0.9,1.0507412485096517,2.6893526285096243,24.445184623477473,8,25,29799,0.7904690439870212,,,
fixed_low,904,0.6899577958216566,0.006286547122277386,0.9,0.714757290772259,3.8387923196199427,25.59462431458779,8,25,29832,2.4945317063328605,,,
fixed_low,905,0.6899517136923374,0.00606434029752001,0.9,1.057165533647996,3.5080206666687785,25.263852661636626,8,25,29865,3.1889749431627665,,,
fixed_low,906,0.6899361749677253,0.005223430454276423,0.9,1.1236052066493136,2.0455980627840358,23.801430057751887,8,25,29898,1.4806328477102677,,,
fixed_low,907,0.6899426289346631,0.0053282416299628155,0.9,0.7952569744280933,3.245400103922333,25.00123209889018,8,25,29931,2.960007724248391,,,
fixed_low,908,0.6898763167289811,0.006399274153130352,0.9,0.4053649944269158,4.042676579814813,25.798508574782662,8,25,29964,3.0447652553003,,,
fixed_low,909,0.6898952717028631,0.005512761416715639,0.9,1.4057049623396913,1.738830472616241,23.49466246758409,8,25,29997,4.198704836749879,,,
fixed_low,910,0.6898238679411364,0.005661749121165238,0.9,0.6448253560049779,2.591488529385409,24.347320524353258,8,25,30030,2.7475209913889254,,,
fixed_low,911,0.6899234540182186,0.005542354594114118,0.9,0.9877995709212696,3.7182281673049538,25.474060162272803,8,25,30063,3.2988804674654575,,,
fixed_low,912,0.6898731751890625,0.005871932830836202,0.9,0.6696166572510018,3.9713444342377318,25.72717642920558,8,25,30096,3.275109392468597,,,
fixed_low,913,0.6898063515100025,0.00746669346386164,0.9,0.2471205173937409,2.2934782392931705,24.04931023426102,8,25,30129,4.611136785429361,,,
fixed_low,914,0.6898710619297671,0.00860286185737047,0.9,0.6600863202671873,2.279772841371623,24.035604836339473,8,25,30162,0.9361143185977674,,,
fixed_low,915,0.6897688578842962,0.010888991624913746,0.9,0.6601719980120384,2.2371508134706564,23.992982808438505,8,25,30195,2.808412776917265,,,
fixed_low,916,0.6897838759113528,0.010015849113326869,0.9,0.9956065275487799,4.019208248343246,25.775040243311096,8,25,30228,3.416275908938936,,,
fixed_low,917,0.6897807435229699,0.00973307170287352,0.9,0.9140435346595038,1.9587975811056753,23.714629576073524,8,25,30261,1.2852707312636509,,,
fixed_low,918,0.689686262592233,0.014227408282853293,0.9,0.48791474411822117,2.0188464692534778,23.774678464221328,8,25,30294,2.4222617774205752,,,
fixed_low,919,0.6897796629747135,0.012183838478789233,0.9,1.0756948157757338,2.8066471012668894,24.56247909623474,8,25,30327,3.0214170226422117,,,
fixed_low,920,0.6898735479304461,0.009614436551446004,0.9,1.1471333572633686,2.8105195940777876,24.566351589045638,8,25,30360,3.8048645847320173,,,
fixed_low,921,0.6898368066008549,0.009424056739301134,0.9,0.9297946857202058,4.172652726439453,25.9284847214073,8,25,30393,2.7429448908899445,,,
fixed_low,922,0.6898188464128083,0.010023684038611202,0.9,0.8559153361911265,4.379394026541441,26.13522602150929,8,25,30426,2.8378380398766763,,,
fixed_low,923,0.6899157314036587,0.0074123996743507,0.9,1.1557731802169355,2.245762730880835,24.001594725848683,8,25,30459,1.643631168939042,,,
fixed_low,924,0.6899134570406441,0.006931250155376989,0.9,1.0602464866808752,3.8812125207291936,25.637044515697042,8,25,30492,3.1912723018168125,,,
fixed_low,925,0.6898051013029458,0.008640372945545871,0.9,0.5801563063506262,3.7738129809799394,25.52964497594779,8,25,30525,3.693607024163705,,,
fixed_low,926,0.6897513149447381,0.009818751322123176,0.9,0.8096627673240421,4.639879980755146,26.395711975722996,8,25,30558,6.041937183071278,,,
fixed_low,927,0.6897745881695051,0.013357481095502277,0.9,0.5806430236898198,2.053440137182912,23.80927213215076,8,25,30591,1.4906206768719727,,,
fixed_low,928,0.6897473515556701,0.014289055296568098,0.9,0.8179426038885679,2.012556434276245,23.768388429244094,8,25,30624,1.4678457483381446,,,
fixed_low,929,0.6897655882401497,0.01525596290564768,0.9,0.7974760016427391,2.671038735049491,24.42687073001734,8,25,30657,2.0082243563117443,,,
fixed_low,930,0.6897287729639189,0.014072682316738416,0.9,0.985633357738868,2.843972944884825,24.599804939852675,8,25,30690,2.8157787134114005,,,
fixed_low,931,0.6897129302174013,0.016160516207405773,0.9,0.6591407649133665,3.2636719858419347,25.019503980809784,8,25,30723,2.6761065976114478,,,
fixed_low,932,0.6897530310710116,0.013042598134000993,0.9,1.1928756782860368,2.650531316793058,24.406363311760906,8,25,30756,4.142302794430628,,,
fixed_low,933,0.689770890263145,0.0155761232013093,0.9,0.63228262917945,3.6781215759925776,25.433953570960426,8,25,30789,3.8715280852019998,,,
fixed_low,934,0.6897837318527186,0.01442386366051196,0.9,0.9612340565546155,6.7406795719698005,28.49651156693765,8,25,30822,10.851631640628733,,,
fixed_low,935,0.6897800600170088,0.012030191858701467,0.9,1.0275084375392673,2.7069626124813135,24.462794607449162,8,25,30855,3.2227331576184417,,,
fixed_low,936,0.689758011843468,0.008753677503030355,0.9,1.163038648243175,4.4182264526485735,26.174058447616424,8,25,30888,3.7783035229992374,,,
fixed_low,937,0.6897336973350329,0.009975894730511192,0.9,0.7836693932583141,4.363934469217673,26.119766464185524,8,25,30921,3.6995740002871256,,,
fixed_low,938,0.6897366552374029,0.012931555367645342,0.9,0.666666640163163,1.9411904023356654,23.697022397303513,8,25,30954,0.8609299750239299,,,
fixed_low,939,0.6898343645037739,0.013384633891980413,0.9,0.813030182248537,4.7590934910711775,26.514925486039026,8,25,30987,6.496239263661455,,,
fixed_low,940,0.689865459485828,0.01147332230771636,0.9,1.1002695474718016,5.51257228855398,27.26840428352183,8,25,31020,7.196119894542227,,,
fixed_low,941,0.6897709166300529,0.016498283192438068,0.9,0.452141231146233,3.916641414134364,25.672473409102214,8,25,31053,4.232500931173598,,,
fixed_low,942,0.6899094348834615,0.009514227566064681,0.9,1.5506964102290741,3.9630064509906693,25.718838445958518,8,25,31086,4.167355280924857,,,
fixed_low,943,0.6899444183848019,0.010009342759911055,0.9,0.8718265099518956,4.2022058531634565,25.958037848131305,8,25,31119,3.9416046687600415,,,
fixed_low,944,0.6899689378831877,0.01161921519084197,0.9,0.7600599175742074,5.243883601191794,26.999715596159643,8,25,31152,7.289785866404358,,,
fixed_low,945,0.6899173780895386,0.011840829379964113,0.9,0.8614896824953427,4.895967639590851,26.6517996345587,8,25,31185,6.674935184299053,,,
fixed_low,946,0.6899395167277579,0.014260314554057185,0.9,0.6866717874972188,3.9122243872513938,25.66805638221924,8,25,31218,2.9014214948968235,,,
fixed_low,947,0.690042069618429,0.010672028274445133,0.9,1.2437120617839568,3.1599333900625233,24.915765385030372,8,25,31251,4.099490486288112,,,
fixed_low,948,0.690128973461805,0.008271153467291126,0.9,1.179665950533089,2.599004748736302,24.35483674370415,8,25,31284,2.7121668687989855,,,
fixed_low,949,0.6901329425883725,0.009423450220354956,0.9,0.7485145312515831,2.423197051741402,24.17902904670925,8,25,31317,0.8645539914777362,,,
fixed_low,950,0.6900229611193145,0.01310357873439838,0.9,0.5485845962850459,2.083213097821627,23.839045092789476,8,25,31350,1.0662948405044237,,,
fixed_low,951,0.6899677857986592,0.016463347079678337,0.9,0.5939613490461128,2.746208206226883,24.50204020119473,8,25,31383,1.395821779905759,,,
fixed_low,952,0.6898574505859436,0.018606510274878918,0.9,0.7080116582725405,2.6176750775934003,24.37350707256125,8,25,31416,0.7984383148636642,,,
fixed_low,953,0.689924368758138,0.0167506903184107,0.9,1.1075761855995336,4.2123053955477125,25.96813739051556,8,25,31449,3.0125218556566407,,,
fixed_low,954,0.6901102587018575,0.008865245364326868,0.9,1.6473072753159042,4.027210199008489,25.78304219397634,8,25,31482,7.063784737857784,,,
fixed_low,955,0.6901120940610926,0.008173107267463342,0.9,0.9808334386328962,4.435556401685484,26.191388396653334,8,25,31515,3.6784288531046347,,,
fixed_low,956,0.6901420424363366,0.008585682940417505,0.9,0.8992202828207916,3.6014773988898225,25.357309393857673,8,25,31548,3.283385868028272,,,
fixed_low,957,0.6901244181506156,0.008058042889338535,0.9,1.0593360901076372,6.0738644618297615,27.82969645679761,8,25,31581,5.617902494117556,,,
fixed_low,958,0.690209303691573,0.008033943048783243,0.9,1.0660743675335216,1.943437808809847,23.699269803777696,8,25,31614,0.9694320503546576,,,
fixed_low,959,0.6901778923149434,0.008146107989586593,0.9,0.8771830180031311,3.256237814411053,25.0120698093789,8,25,31647,3.363055899222779,,,
fixed_low,960,0.6901857214578537,0.007595843330455709,0.9,1.4886854108555836,4.283511426965237,26.039343421933086,8,25,31680,3.126452433316931,,,
fixed_low,961,0.6902077222850825,0.007427051261212569,0.9,0.9230026407988992,2.753079694345647,24.508911689313496,8,25,31713,0.8860582143754334,,,
fixed_low,962,0.6902000675509392,0.0071944344410368455,0.9,0.7953980717226827,1.7072000310532944,23.463032026021143,8,25,31746,0.8951893210960629,,,
fixed_low,963,0.6902029889284667,0.006745046086714557,0.9,1.0159157063537727,3.9071573059474876,25.662989300915335,8,25,31779,3.0637226094273275,,,
fixed_low,964,0.690084033188494,0.00764452340546895,0.9,0.3280811995667812,3.5818297554574503,25.337661750425298,8,25,31812,3.0000993534363745,,,
fixed_low,965,0.6900741729769014,0.0077590321191637335,0.9,0.6921791385285647,3.11323864342233,24.86907063839018,8,25,31845,3.102440563054191,,,
fixed_low,966,0.690209032874065,0.007202920161021642,0.9,1.719163877820451,3.5965921991508107,25.35242419411866,8,25,31878,6.254955897148007,,,
fixed_low,967,0.6902039011243459,0.006724156803860515,0.9,1.0111361385455746,4.6775972656803,26.43342926064815,8,25,31911,6.376315842143415,,,
fixed_low,968,0.6901742377906502,0.006563876182774875,0.9,0.9743295379508005,4.770921946855362,26.52675394182321,8,25,31944,6.698517477057516,,,
fixed_low,969,0.6901034619173427,0.006835179698418514,0.9,0.7037686084740126,3.4944442017991304,25.25027619676698,8,25,31977,2.428830567027087,,,
fixed_low,970,0.6901693075011216,0.006852158399946684,0.9,1.1230453816791235,1.805592732470546,23.561424727438396,8,25,32010,1.0375228047165583,,,
fixed_low,971,0.6902082670782546,0.007109957317081861,0.9,0.7463459825488669,2.203685692082814,23.959517687050663,8,25,32043,0.9330104162814207,,,
fixed_low,972,0.6902278251619278,0.00701430317718621,0.9,0.9061132794791094,2.0825201707683423,23.83835216573619,8,25,32076,1.1316973259318721,,,
fixed_low,973,0.6902799881785772,0.006640059015606159,0.9,1.0029772081687227,9.141073496415933,30.896905491383784,8,25,32109,18.173030546475655,,,
fixed_low,974,0.6902306708958473,0.006387021403708171,0.9,1.0641060253118635,3.593303158477557,25.349135153445406,8,25,32142,3.647315978135494,,,
fixed_low,975,0.6902583026708329,0.006444251111045518,0.9,0.9842147984052295,4.033391204005415,25.789223198973264,8,25,32175,2.986494495730278,,,
fixed_low,976,0.6903253651352393,0.0063824298764675325,0.9,1.0363016752727672,2.557306718828435,24.313138713796285,8,25,32208,0.8536527834871395,,,
fixed_low,977,0.6903610672432064,0.005481876692655319,0.9,1.7593884236895978,2.276744083627207,24.032576078595056,8,25,32241,9.846742700822967,,,
fixed_low,978,0.6903008169470228,0.0053181047858135155,0.9,1.0582002164828552,4.523854517162531,26.27968651213038,8,25,32274,6.386922834201059,,,
fixed_low,979,0.6903645868917946,0.005181833925560375,0.9,1.093148645863834,2.503953239145736,24.259785234113586,8,25,32307,1.141508029228768,,,
fixed_low,980,0.6903327233017171,0.005056489581008572,0.9,0.7410546483799936,3.646854720176174,25.40268671514402,8,25,32340,6.78607746350642,,,
fixed_low,981,0.6902532259519425,0.005171337188481284,0.9,1.3137441955650015,3.061692624179885,24.817524619147733,8,25,32373,4.126261215593066,,,
fixed_low,982,0.6903473850238163,0.0050098199929301535,0.9,1.1090216442654464,5.791011207765375,27.546843202733225,8,25,32406,7.637139720970765,,,
fixed_low,983,0.6903254551619961,0.0044092762930393326,0.9,0.5608626106130473,2.151776441396337,23.907608436364185,8,25,32439,3.5545740829459476,,,
fixed_low,984,0.6904158903649109,0.005863568506035199,0.9,1.7246727160662523,2.937704193151138,24.693536188118987,8,25,32472,8.890429733437225,,,
fixed_low,985,0.690448481923446,0.006233981527343446,0.9,1.221551418184495,3.2440132745604937,24.999845269528343,8,25,32505,2.7310524379172416,,,
fixed_low,986,0.6903938208462765,0.00696706782390033,0.9,1.1015984729294046,4.916328795637523,26.67216079060537,8,25,32538,6.451300962236619,,,
fixed_low,987,0.6902886641319121,0.007416351122909393,0.9,0.9586964195821238,4.381219179028225,26.137051173996074,8,25,32571,3.282007938339541,,,
fixed_low,988,0.6902420797076833,0.008490353625885905,0.9,1.1597503487607141,3.644790299046493,25.40062229401434,8,25,32604,7.067244945676485,,,
fixed_low,989,0.6902825688500075,0.009449435887166513,0.9,1.4670098548049932,2.4030887393930627,24.158920734360912,8,25,32637,3.2297046554908913,,,
fixed_low,990,0.6902593086670241,0.009448160046263143,0.9,0.719954489753743,3.6652419492287422,25.421073944196593,8,25,32670,3.890669051610984,,,
fixed_low,991,0.6901985543498155,0.009101950081322752,0.9,0.8777305962122445,2.7204814862016713,24.47631348116952,8,25,32703,1.0300643094548914,,,
fixed_low,992,0.6901896129390833,0.009594879801375966,0.9,1.1583073443871312,2.0989694814369257,23.854801476404774,8,25,32736,1.7398993533453675,,,
fixed_low,993,0.6902174325781887,0.008841770127885451,0.9,0.7078739271623175,3.348785840978218,25.104617835946065,8,25,32769,3.488191320631107,,,
fixed_low,994,0.6902480747855436,0.008714283118159805,0.9,0.7359839294034589,3.345836601261714,25.101668596229562,8,25,32802,3.033875132488478,,,
fixed_low,995,0.6902925590252597,0.010152348096125974,0.9,1.3798948198234244,5.594491970232685,27.350323965200534,8,25,32835,5.004928559023422,,,
fixed_low,996,0.6903645085171667,0.010182134979672353,0.9,0.7606107336390068,3.7503858532253034,25.506217848193153,8,25,32868,3.1482481119395795,,,
fixed_low,997,0.6904087444789021,0.010370256527554855,0.9,1.0652992685089335,4.412807507451706,26.168639502419555,8,25,32901,2.651995188388033,,,
fixed_low,998,0.6903938556793987,0.009864307723049026,0.9,0.8691703831892936,3.611295466254155,25.367127461222005,8,25,32934,3.3905666871178846,,,
fixed_low,999,0.6904080261157679,0.009690515871030314,0.9,1.0170360508646588,2.7977323180218994,24.55356431298975,8,25,32967,3.5086016670367326,,,
fixed_low,1000,0.6904063602479907,0.010326964509156822,0.9,1.3256398110780856,4.635369502137785,26.391201497105634,8,25,33000,5.117452831388594,,,
