schedule,t,reward,gap,beta_true,beta_hat,cert_hp,n_cal,n_mon,cum_aud,xi_sq,exp3_arm,exp3_p,exp3_loss
adaptive,1,0.39759149235294244,0.03185869477129227,0.0,-0.11901504316064673,13.984858299777912,8,25,33,1.7064991522307988,,,
adaptive,2,0.3984741755974359,0.030445108833878798,0.0,-0.263473298159825,14.385165825277578,8,25,66,0.5606956683100845,,,
adaptive,3,0.3977192922941585,0.031635638173315384,0.0,0.23491345040457515,14.25777051026512,8,25,99,1.0776709157230089,,,
adaptive,4,0.3968792724523345,0.03315185363137707,0.0,0.23550278204330571,14.46942598084831,8,25,132,0.881914392627638,,,
adaptive,5,0.396416429128146,0.03390844162691242,0.0,0.1399919794289383,13.50895209955978,8,25,165,0.6046717779460847,,,
adaptive,6,0.3971865429914303,0.03286767007780317,0.0,-0.13934903626440204,14.480433069859716,8,25,198,1.5040985630904182,,,
adaptive,7,0.397222716585975,0.03303087912719532,0.0,-0.0023093294305626564,13.421408385014988,8,25,231,0.34561252179935503,,,
adaptive,8,0.3979038178283391,0.031842790407352384,0.0,-0.1186506130831325,13.418658368101342,8,25,264,0.48659919834682724,,,
adaptive,9,0.3984666771486466,0.030831678563177922,0.0,-0.06897911672161575,13.397562157672075,8,25,297,0.30943636266299496,,,
adaptive,10,0.39907474935403386,0.029806909023396222,0.0,-0.07410540921315448,14.684013471778467,8,25,330,1.5769299497622644,,,
adaptive,11,0.39892985206309034,0.029899178620843958,0.0,0.08946461085328297,13.105567059313088,8,25,363,0.26313105906107903,,,
adaptive,12,0.3996795882065123,0.028580637717608826,0.0,-0.14608274144162808,14.373793920582141,8,25,396,0.9869125563872897,,,
adaptive,13,0.40015866268120964,0.02811590149727944,0.0,-0.11057777867640449,14.389969772064193,8,25,429,1.3288325877551532,,,
adaptive,14,0.39989670787624404,0.028715712170849006,0.0,0.14154025671488932,14.434144996107163,8,25,462,1.006581465727213,,,
adaptive,15,0.40016084733944224,0.028302333107088296,0.0,-0.04258233755721849,13.538762988880018,8,25,495,0.2755958804213515,,,
adaptive,16,0.3997583222208571,0.028671224209637303,0.0,0.12624179109596814,14.480378660736843,8,25,528,1.1240575428115889,,,
adaptive,17,0.3993994186003314,0.029017955183884114,0.0,0.1487552477557944,14.467024137274308,8,25,561,0.7853171766490205,,,
adaptive,18,0.39839952117011546,0.03078440468733512,0.0,0.2784508960032298,13.570584023306797,8,25,594,0.9319478384977117,,,
adaptive,19,0.39771077697926216,0.031993925745656515,0.0,0.21160539276917922,14.134154935647263,8,25,627,1.1515111655554278,,,
adaptive,20,0.3958734461676478,0.03555544921496728,0.0,0.4970256312043385,13.720079611426653,8,25,660,1.835984350817888,,,
adaptive,21,0.3953449045777142,0.03662326205183697,0.0,0.1153115697178984,13.670544168403849,8,25,693,0.4327910026108723,,,
adaptive,22,0.39496514067993427,0.037090083335996005,0.0,0.09928662147242952,14.532710652555801,8,25,726,1.6215565167994406,,,
adaptive,23,0.39430093260639626,0.03826150207664025,0.0,0.22093142052050269,13.449075700604391,8,25,759,0.5839711231810027,,,
adaptive,24,0.3947310190625348,0.03733854074097637,0.0,-0.03698213050657865,13.422787307589678,8,25,792,0.43041240287770827,,,
adaptive,25,0.39536178142018624,0.03630529473093058,0.0,-0.12883719131964105,13.756362230442221,8,25,825,0.42730765217594585,,,
adaptive,26,0.39581274838380426,0.034915757308768336,0.0,-0.10377008555779683,13.861222059435729,8,25,858,0.43140006735511444,,,
adaptive,27,0.3960275564128035,0.03482377184528873,0.0,-0.0016490398780577668,13.649058757270565,8,25,891,0.4621248151444221,,,
adaptive,28,0.3970059890065098,0.03257651878996248,0.0,-0.15470664959531683,13.859562796774538,8,25,924,0.42485638121715164,,,
adaptive,29,0.39827918681350977,0.02985245332141162,0.0,-0.26948543706442035,14.090447310138714,8,25,957,2.5952021719881424,,,
adaptive,30,0.3986219908912234,0.029372022221379468,0.0,-0.07383530728538162,14.240345147340648,8,25,990,1.0111364687711422,,,
adaptive,31,0.3993124013100483,0.028056889032396337,0.0,-0.14856075689979692,13.550210553448366,8,25,1023,0.5454353910550334,,,
adaptive,32,0.39877130791248255,0.029053227950215754,0.0,0.15324170659307731,13.925137105741332,8,25,1056,1.5878941721434627,,,
adaptive,33,0.3991317869071923,0.028700165216937135,0.0,-0.11121918514834082,14.590246281790339,8,25,1089,0.9607121381867016,,,
adaptive,34,0.3985046084072778,0.0300799541876689,0.0,0.10651148922818783,14.542128076795333,8,25,1122,1.1337839319339873,,,
adaptive,35,0.3992967596422333,0.02856855511277273,0.0,-0.2225098149045958,14.728504625831622,8,25,1155,0.6291738546495669,,,
adaptive,36,0.39907312681372503,0.028939731635586496,0.0,0.08587242380538358,13.547825100591487,8,25,1188,0.388762020113554,,,
adaptive,37,0.399067361223264,0.02902960068607552,0.0,0.012604738566808757,14.148103786437199,8,25,1221,0.9896569248258832,,,
adaptive,38,0.39882049430752337,0.029654720182952843,0.0,0.10942803170752696,14.063596097901383,8,25,1254,0.8373494525420688,,,
adaptive,39,0.39955510298079794,0.028269287195822335,0.0,-0.14702897086134015,13.910933176909989,8,25,1287,0.4200107218060025,,,
adaptive,40,0.40053020518052257,0.026656520359967073,0.0,-0.2181218941449029,12.91469909764323,8,25,1320,0.503010442237441,,,
adaptive,41,0.3999219472507908,0.027421016917603735,0.0,0.1887693363331106,14.360801011781746,8,25,1353,0.867363145002546,,,
adaptive,42,0.40110850953690685,0.025045692553906318,0.0,-0.23703115232092622,14.41341373238797,8,25,1386,0.731291894731362,,,
adaptive,43,0.39964236151012267,0.027296574256311268,0.0,0.39176053381516684,13.528546204200584,8,25,1419,1.539966312683495,,,
adaptive,44,0.39946056387234663,0.027706071814145916,0.0,0.03995939640703821,13.555655550020074,8,25,1452,0.4575587321849775,,,
adaptive,45,0.399256764589209,0.027891983826372146,0.0,0.10570479155451173,14.37533962067249,8,25,1485,0.6999708167666342,,,
adaptive,46,0.3990276149258701,0.028346564061152768,0.0,0.053963783635736645,15.152490138563486,8,25,1518,1.9527652562789573,,,
adaptive,47,0.3987334717640661,0.028779527801499616,0.0,0.08897286594739302,14.335943214611527,8,25,1551,1.3795042303688634,,,
adaptive,48,0.3971364003890235,0.031845962291030705,0.0,0.43747474483453574,14.318708477180634,8,25,1584,1.906970362689627,,,
adaptive,49,0.39666340270051786,0.032979636059131345,0.0,0.08849665871663225,14.400099392372521,8,25,1617,1.1688349964597637,,,
adaptive,50,0.39683647304339903,0.03260748133171032,0.0,-0.021180919413260692,13.420339623645074,8,25,1650,0.32084460236608,,,
adaptive,51,0.39705741620694046,0.03220412937689665,0.0,-0.01217984129387828,13.838520387312455,8,25,1683,0.4158440663371614,,,
adaptive,52,0.3969087244145402,0.03246533684652969,0.0,0.08061929695775029,13.026397062025783,8,25,1716,0.2822490524433782,,,
adaptive,53,0.39593808161282973,0.03427021465505292,0.0,0.20930432638727958,14.222532089126695,8,25,1749,0.7308670979017929,,,
adaptive,54,0.3950663399802639,0.036200740528681385,0.0,0.21030797258676173,13.900988268109948,8,25,1782,0.8999649263941645,,,
adaptive,55,0.39509646956166694,0.03625996901067391,0.0,-0.019774774467164098,14.616644004906012,8,25,1815,0.9359205170964162,,,
adaptive,56,0.39485026119464117,0.03689937346826477,0.0,0.09238183626233547,13.598851432549958,8,25,1848,0.23957613730491623,,,
adaptive,57,0.3946375895550558,0.03709037303952162,0.0,0.048593642021363896,14.661774171565305,8,25,1881,1.1713108021597893,,,
adaptive,58,0.39454312710494016,0.037480191176820055,0.0,-2.3753923457590382e-05,13.470866931178,8,25,1914,0.5287169182628335,,,
adaptive,59,0.39516038613532567,0.03624469847570333,0.0,-0.06442881454108569,13.420809586075467,8,25,1947,0.4426882092093583,,,
adaptive,60,0.3942416219533191,0.03819308602361521,0.0,0.2351833858029481,14.755200269893725,8,25,1980,1.3028652410203498,,,
adaptive,61,0.39416340176740516,0.03830861131050323,0.0,0.025349624619127074,13.00772609152944,8,25,2013,0.127924338036905,,,
adaptive,62,0.39484041530974684,0.0367778384139229,0.0,-0.10487312015995019,14.620630898107875,8,25,2046,0.8769609509242997,,,
adaptive,63,0.39188985327065445,0.04387664861006835,0.0,0.6504081638874895,13.715314414989795,8,25,2079,2.953124157856459,,,
adaptive,64,0.39164541887785914,0.04508600068270818,0.0,0.11324854040158978,14.706844601940062,8,25,2112,1.2122727262554955,,,
adaptive,65,0.3906536746440371,0.047504474259155105,0.0,0.1843851060698199,14.957407902374877,8,25,2145,1.2623630269039343,,,
adaptive,66,0.3912371116539357,0.04600567676510492,0.0,-0.10247957809676173,13.934910251256952,8,25,2178,1.2903207911628103,,,
adaptive,67,0.39067114888973875,0.04729033689851492,0.0,0.1250916070793084,13.805660049829106,8,25,2211,0.6563505823939213,,,
adaptive,68,0.3906104056722354,0.04802167025300419,0.0,0.03540408920947569,13.506531204918902,8,25,2244,0.35184665438335483,,,
adaptive,69,0.3901855812232644,0.04898715373358509,0.0,0.12097687275290915,13.9657435022026,8,25,2277,0.6261906948966214,,,
adaptive,70,0.39070693387265243,0.046949821693108074,0.0,-0.14839540020033679,14.329144631808546,8,25,2310,0.8055388887397602,,,
adaptive,71,0.39031215841137135,0.04799868578828781,0.0,0.12450874773925953,14.475668436841785,8,25,2343,1.4952833518294957,,,
adaptive,72,0.389258053995634,0.0509045489553131,0.0,0.3049792160199294,13.534449625388952,8,25,2376,0.6903492705138768,,,
adaptive,73,0.3892105764665821,0.05108667590368532,0.0,0.04379343800783677,14.076460731893254,8,25,2409,0.33520589787546384,,,
adaptive,74,0.3893163671038389,0.0509596656774397,0.0,0.008921464278703566,13.66589484314726,8,25,2442,0.3515867224734444,,,
adaptive,75,0.3908430615620426,0.04699360945013348,0.0,-0.2778667980993055,13.792198196140323,8,25,2475,0.5822216465167444,,,
adaptive,76,0.3909703399169883,0.0465837300784821,0.0,0.015073604438006616,14.209428772089014,8,25,2508,1.4333332132625116,,,
adaptive,77,0.3936569261390879,0.039813161559508925,0.0,-0.5599843084602486,14.60755889425734,8,25,2541,1.7945354552212598,,,
adaptive,78,0.3935211570249,0.040116730552511914,0.0,0.043171782183614345,14.502220590683155,8,25,2574,0.988795102443815,,,
adaptive,79,0.39354672719911576,0.04020153321820863,0.0,0.036972087405938645,15.321640367042782,8,25,2607,2.0258516904534978,,,
adaptive,80,0.39295921233040043,0.04175519921301085,0.0,0.11681892741761758,13.516106697338643,8,25,2640,0.48820610025133426,,,
adaptive,81,0.3937739975337411,0.039873125925224406,0.0,-0.21371302897353273,13.884454634670629,8,25,2673,0.3300122240248402,,,
adaptive,82,0.39454046794917924,0.03795682483105722,0.0,-0.10141441178027068,13.452170488394636,8,25,2706,0.4681468038924239,,,
adaptive,83,0.3952257654320818,0.03670172477768163,0.0,-0.15285543567160362,14.288304561074371,8,25,2739,1.1854752500223948,,,
adaptive,84,0.3946922289014264,0.03758099595645681,0.0,0.168192690549702,13.54518963151827,8,25,2772,0.3604904422066368,,,
adaptive,85,0.39399360760381047,0.03937504219277915,0.0,0.16104867565872785,13.527269216776023,8,25,2805,0.47354489487854845,,,
adaptive,86,0.39366344414714627,0.03989912700819881,0.0,0.05318526204741312,13.64828349679571,8,25,2838,0.3417337194588119,,,
adaptive,87,0.394189070713781,0.038658695258286135,0.0,-0.11113400519292786,13.40550767510738,8,25,2871,0.6665897052909728,,,
adaptive,88,0.39288658235633367,0.04176211541402902,0.0,0.31575779883612015,13.715918646740546,8,25,2904,0.8407665047463238,,,
adaptive,89,0.3913586542585158,0.04590929376516617,0.0,0.3418989172348052,14.367825681230393,8,25,2937,1.2313811335295943,,,
adaptive,90,0.38936679326388424,0.05136466991395011,0.0,0.5402810140583595,14.003291228007997,8,25,2970,1.9509975847370848,,,
adaptive,91,0.3900046598657195,0.049800112625351944,0.0,-0.12071630449601145,13.600428649822259,8,25,3003,0.3294822602455565,,,
adaptive,92,0.38833966333902115,0.05494376029584508,0.0,0.39995168238347556,15.161106580608049,8,25,3036,3.7445971446934108,,,
adaptive,93,0.3887779681025759,0.05317031458786875,0.0,-0.1300219207600741,13.558105522397693,8,25,3069,0.308974356902647,,,
adaptive,94,0.3895066452375348,0.05136478821306384,0.0,-0.15063708858892286,13.80928037925509,8,25,3102,0.5711862018907338,,,
adaptive,95,0.38879049633996143,0.05397611786187828,0.0,0.23136829922237384,14.011918933681947,8,25,3135,1.7758300475755127,,,
adaptive,96,0.39124393393000356,0.04683354123522321,0.0,-0.5260770805207086,13.446164002757143,8,25,3168,1.578967712875969,,,
adaptive,97,0.3914750452747882,0.04635433850816001,0.0,-0.06869557764451677,13.67203721222055,8,25,3201,0.324533288844218,,,
adaptive,98,0.39136140690693505,0.04628230637512043,0.0,0.016221183742305884,13.58728205315393,8,25,3234,0.3360585061471607,,,
adaptive,99,0.39135401939264597,0.04612176768060744,0.0,-0.00645067590555658,14.573078751312586,8,25,3267,1.1485164806819808,,,
adaptive,100,0.392306548769598,0.04398318212801189,0.0,-0.2237706022311015,13.517694942425083,8,25,3300,0.5585086177761284,,,
adaptive,101,0.390766020043717,0.04863429936581515,0.0,0.38275429581593323,13.455265103556364,8,25,3333,1.1772644328448336,,,
adaptive,102,0.39117800471628483,0.04726872610143884,0.0,-0.11353037032112528,13.41285989725008,8,25,3366,0.5483650971597304,,,
adaptive,103,0.39111889598882643,0.047369920956003175,0.0,-0.02870136972699725,13.957223496042221,8,25,3399,0.9212415090598653,,,
adaptive,104,0.39134954730588306,0.04652355669134761,0.0,-0.07510870367835273,13.42836407798129,8,25,3432,0.39318035703565923,,,
adaptive,105,0.3908575357596437,0.04814908078597646,0.0,0.15442053272290038,13.664765757971681,8,25,3465,0.4990689756784786,,,
adaptive,106,0.39079615261752737,0.04873346910949039,0.0,0.06773552029644313,13.421382918785595,8,25,3498,0.5273433853278998,,,
adaptive,107,0.3908661575898821,0.048507085115313875,0.0,0.03157626695286385,14.691355590321981,8,25,3531,1.0094897177707571,,,
adaptive,108,0.3917721508925754,0.04641497109980891,0.0,-0.1748624204815861,13.604722252032024,8,25,3564,0.7260229939121529,,,
adaptive,109,0.39223463837873457,0.04519873466304325,0.0,-0.10031339541562505,14.588602341768636,8,25,3597,1.3239210958668761,,,
adaptive,110,0.3933988961955415,0.04163764194134728,0.0,-0.2715255996899076,13.844487272128248,8,25,3630,0.688825959705236,,,
adaptive,111,0.3938069433165358,0.04041056881254379,0.0,-0.05541236994472403,14.483998880850596,8,25,3663,1.0083464139429528,,,
adaptive,112,0.3943466142235149,0.03918050126481304,0.0,-0.08249124485672707,14.60682105487678,8,25,3696,0.7214567161772217,,,
adaptive,113,0.39579432563036593,0.03597380373981396,0.0,-0.3106697656177793,14.580655874074827,8,25,3729,0.8976927078691432,,,
adaptive,114,0.39610096688194135,0.0352094381507676,0.0,-0.06995567666691857,14.67041984581307,8,25,3762,1.0231296529101788,,,
adaptive,115,0.3960952474056878,0.035447780673214635,0.0,0.015486136349718599,13.660910654403024,8,25,3795,0.3386332816249799,,,
adaptive,116,0.39614851051936056,0.035214822195194506,0.0,-0.0016614076647439953,13.71337110679264,8,25,3828,0.26500576643832213,,,
adaptive,117,0.39733379692111026,0.032448417453790734,0.0,-0.23311653964568074,14.522900107084736,8,25,3861,0.5158750551672769,,,
adaptive,118,0.39609446863088354,0.034940611538282096,0.0,0.2955147507728983,14.416386206334149,8,25,3894,1.4548687268688598,,,
adaptive,119,0.39604266307915825,0.03505114341947696,0.0,0.040318277745594176,15.022221697193716,8,25,3927,0.9136089728766954,,,
adaptive,120,0.3962678552147297,0.03465404452709042,0.0,-0.03782329571961437,13.536519247932468,8,25,3960,0.2853656083684665,,,
adaptive,121,0.39922436568112635,0.02851394103824867,0.0,-0.6541649056192234,14.000595712655349,8,25,3993,4.27320292966978,,,
adaptive,122,0.4002615401988594,0.02672724390511183,0.0,-0.23327353759236194,14.962870611627825,8,25,4026,2.2758625383434423,,,
adaptive,123,0.39816697411588264,0.03075758204536022,0.0,0.4632317304855256,14.53062614832898,8,25,4059,1.012049106368904,,,
adaptive,124,0.39697262943516226,0.03354482541632109,0.0,0.2783966351539114,14.424139697176805,8,25,4092,0.7855745802165403,,,
adaptive,125,0.39666586431804324,0.033990695422536576,0.0,0.0992510228885759,13.40714499096304,8,25,4125,0.5894645279575534,,,
adaptive,126,0.39574997979993826,0.03606802715441082,0.0,0.216478844863225,14.036269197428096,8,25,4158,0.43045656154543105,,,
adaptive,127,0.39623582400306145,0.035200376109430775,0.0,-0.05910761707619311,13.562963362703142,8,25,4191,0.7451290061424827,,,
adaptive,128,0.3960487347657489,0.035617660456496225,0.0,0.08198950909551128,14.441250547235931,8,25,4224,1.5820672358012446,,,
adaptive,129,0.39592131088135074,0.03581095475502405,0.0,0.01915366518298652,14.310971825027417,8,25,4257,0.9558951276077071,,,
adaptive,130,0.3966103862508847,0.034192072557186926,0.0,-0.09387687899481444,13.460326699712638,8,25,4290,0.6267020371671863,,,
adaptive,131,0.3958372015670965,0.03618922190291329,0.0,0.17137529525308545,13.462268882031937,8,25,4323,0.6138914272343393,,,
adaptive,132,0.3961297061681125,0.03568931270823239,0.0,0.038277880734049315,13.926829592232606,8,25,4356,1.084912099247705,,,
adaptive,133,0.39758438831511095,0.03210293416787746,0.0,-0.30537858917537697,14.565868216324823,8,25,4389,2.5576989248956834,,,
adaptive,134,0.39758234146813964,0.032234688626195385,0.0,-0.00844622312053959,14.309179012904119,8,25,4422,1.2725787512291982,,,
adaptive,135,0.3985747136791032,0.030018388452465572,0.0,-0.23054185338219305,14.33980705934501,8,25,4455,0.9090703768672789,,,
adaptive,136,0.39820410771576914,0.030961547289920843,0.0,0.08939764138520354,13.482991118595272,8,25,4488,0.4700952310233233,,,
adaptive,137,0.39786781883193073,0.03161815104042559,0.0,0.08232108730389465,13.418663596189136,8,25,4521,0.45867985954426876,,,
adaptive,138,0.3993397555784426,0.02858220192258487,0.0,-0.29530405795393394,13.8983662427378,8,25,4554,0.5522653228613459,,,
adaptive,139,0.39831064058582116,0.030780833567160326,0.0,0.2581979631932448,14.142152125709798,8,25,4587,1.6231326426396786,,,
adaptive,140,0.3982419428726425,0.030809465856443286,0.0,0.003286779403592422,14.436484432220293,8,25,4620,0.9830843397174872,,,
adaptive,141,0.39800981332956853,0.03136503534323748,0.0,0.024081134833099777,14.289581858645507,8,25,4653,0.8761465211292322,,,
adaptive,142,0.39855836428090957,0.030203393476411322,0.0,-0.07579443100182638,14.313971153753643,8,25,4686,0.9974539122987758,,,
adaptive,143,0.399663038177047,0.027856199018705785,0.0,-0.24741175272140414,14.423959368889204,8,25,4719,1.1393718539918525,,,
adaptive,144,0.39998669278824117,0.027135665399664777,0.0,-0.036731540471429035,13.497936483232696,8,25,4752,0.44930671769171726,,,
adaptive,145,0.40069090466370394,0.025545723519664942,0.0,-0.13117086978200268,13.856379968335593,8,25,4785,0.3767983183942771,,,
adaptive,146,0.4008740206775507,0.02512843094742373,0.0,0.05694872875367506,14.97810165028729,8,25,4818,1.910206431188004,,,
adaptive,147,0.40145942227711157,0.024241799654036555,0.0,-0.10666326874934995,14.363279064050422,8,25,4851,1.842960573125554,,,
adaptive,148,0.4028134600494744,0.02187157506326476,0.0,-0.2798025711934352,14.86293114651814,8,25,4884,0.8334844502413682,,,
adaptive,149,0.4036314153600146,0.02053509895400002,0.0,-0.12888535572160154,13.888022088666064,8,25,4917,0.39957040196379984,,,
adaptive,150,0.40402923493517295,0.019797265711412382,0.0,-0.09901828128908328,13.38886088376098,8,25,4950,0.7206496629627402,,,
adaptive,151,0.4038177081616698,0.019818091382775627,0.0,0.07256263900697786,14.253824614918598,8,25,4983,1.2055587263855534,,,
adaptive,152,0.40450581258397267,0.01884928162113081,0.0,-0.13519455215957918,14.308658212609142,8,25,5016,1.0050301101444692,,,
adaptive,153,0.4056898071283889,0.017085983334742372,0.0,-0.28682989036045914,14.278471812574177,8,25,5049,1.0061413525649197,,,
adaptive,154,0.405530228824464,0.0174282103012266,0.0,0.1035244407142653,13.680155574585445,8,25,5082,0.29505782423536286,,,
adaptive,155,0.4048209482882493,0.018118598173806955,0.0,0.24953667815052852,13.924105689289211,8,25,5115,0.551916796212097,,,
adaptive,156,0.4048658449161383,0.018181814007912522,0.0,0.03383085933537917,14.247243938695835,8,25,5148,1.1836319092631873,,,
adaptive,157,0.4047948242336902,0.018377409748540796,0.0,0.0015769988937238558,14.440802843209877,8,25,5181,1.0476984329818986,,,
adaptive,158,0.40473953993980333,0.018719654986509238,0.0,-0.015012044246025221,15.503392803506863,250,25,5456,1.973999613029855,,,
adaptive,159,0.40487128559640484,0.01871302433972649,0.0,-0.02636809303315774,15.216523703940274,250,25,5731,2.411825473565078,,,
adaptive,160,0.40475466738668947,0.018811809264939527,0.0,0.07576627187775656,14.273212605180632,250,25,6006,1.2656653692285045,,,
adaptive,161,0.4048133444009478,0.01877210066199181,0.0,-0.0018420451723726791,14.634532826364001,250,25,6281,1.012134352367634,,,
adaptive,162,0.40447102315888067,0.019770061413117157,0.0,0.03684364384247052,13.1572093168506,250,25,6556,0.312301834309624,,,
adaptive,163,0.404474944736158,0.01961479325497084,0.0,0.06269577999379608,14.072732393044586,250,25,6831,1.156580034914278,,,
adaptive,164,0.4045537027850732,0.019292116286229843,0.0,-0.012348859248166427,13.667160992239332,250,25,7106,0.36181104219259996,,,
adaptive,165,0.4041604579923436,0.02022758591382212,0.0,0.060987135121323754,14.117491005697563,250,25,7381,1.6052975293240512,,,
adaptive,166,0.40395427453341126,0.020522998578625162,0.0,0.07524422066763108,13.177724001528988,250,25,7656,0.1908069484634633,,,
adaptive,167,0.4041146656849708,0.020146512656996796,0.0,-0.005668819734795415,13.433120018520652,250,25,7931,0.35271835724819345,,,
adaptive,168,0.40427600530850905,0.020152686173028955,0.0,-0.009554360606235383,13.443762459075014,250,25,8206,0.4514861766016453,,,
adaptive,169,0.40464110578795337,0.01961662346698939,0.0,-0.0816909089853273,13.452948615531355,250,25,8481,0.5496895930707948,,,
adaptive,170,0.404770327648722,0.019383873329315682,0.0,0.012317133740168604,13.503188284085176,250,25,8756,0.37224407940612175,,,
adaptive,171,0.40498741169631464,0.019044481129179835,0.0,-0.008925767056396977,13.663266068850227,250,25,9031,0.4085027038856362,,,
adaptive,172,0.4050025909401109,0.01915025428719913,0.0,-0.012062191181791696,13.490714791680722,250,25,9306,0.49342399567907075,,,
adaptive,173,0.4049927146555078,0.01901632226604716,0.0,-0.05157003090923752,13.58376222787497,250,25,9581,0.35503214147873413,,,
adaptive,174,0.4051689715367208,0.01858137300328705,0.0,-0.07167652470394993,13.45547818108787,250,25,9856,0.33980906706054576,,,
adaptive,175,0.40501783419948156,0.019045130432971458,0.0,0.052834451654131975,14.019017618473324,250,25,10131,1.1768084341270362,,,
adaptive,176,0.4051900351876966,0.018863983771656767,0.0,-0.038413432610444276,13.435470626395123,250,25,10406,0.2848742189349144,,,
adaptive,177,0.40518661006369894,0.019013508247303967,0.0,-0.024852383355802674,13.720387495908895,250,25,10681,0.3560605725741896,,,
adaptive,178,0.405393459311989,0.01853516836870206,0.0,0.030489576374870538,13.848750222505707,250,25,10956,0.2997502307277424,,,
adaptive,179,0.40546770572860724,0.01862420151389782,0.0,-0.05912384274384168,13.51311796941624,250,25,11231,0.5423177685796373,,,
adaptive,180,0.40553360446309306,0.01866833833462167,0.0,-0.01979914308462189,13.705141199915612,250,25,11506,0.41179567300884307,,,
adaptive,181,0.4056731838194927,0.018187659757202768,0.0,0.007249158030620011,13.753208732529425,250,25,11781,0.3664756540794329,,,
adaptive,182,0.4057360284047427,0.01783167435621147,0.0,0.004090379199075421,13.418584409574516,250,25,12056,0.43286066842097193,,,
adaptive,183,0.4058897562297489,0.01772106086082842,0.0,-0.06314846980786995,14.269021952385197,250,25,12331,0.9272988979875478,,,
adaptive,184,0.4057787978423993,0.018096694968075144,0.0,0.04789592448863732,14.333954029857164,250,25,12606,1.1238827228463149,,,
adaptive,185,0.4057589182827538,0.018203102415173644,0.0,-0.023405931153130884,13.572148747198794,250,25,12881,0.3747564178472916,,,
adaptive,186,0.40600349588929247,0.017710941615151743,0.0,-0.050282770173525955,14.27595947980984,250,25,13156,1.0867406119437788,,,
adaptive,187,0.40610620956926596,0.017545382187370506,0.0,-0.004763442939451508,13.812143844051048,250,25,13431,0.22590498514948867,,,
adaptive,188,0.40620930359354435,0.017339894219531582,0.0,0.007753396894970494,13.532509292868571,250,25,13706,0.3941330724792624,,,
adaptive,189,0.40652172731212377,0.016686171227139723,0.0,0.015739658051745896,13.913717919131459,250,25,13981,0.46227028449098295,,,
adaptive,190,0.4066313777114236,0.016602852447244465,0.0,-0.03688742356182602,13.413918230790772,250,25,14256,0.5810470724071766,,,
adaptive,191,0.4065239094442918,0.016900236438397997,0.0,-0.008068158061900962,13.589096187709272,250,25,14531,0.3815417243144557,,,
adaptive,192,0.40680129597389575,0.016375409502026095,0.0,-0.037822773685858416,14.409570862392126,250,25,14806,0.9605213285045455,,,
adaptive,193,0.4070351922543297,0.01590920280136754,0.0,-6.642032015681858e-05,13.701756356369337,250,25,15081,0.514294540652083,,,
adaptive,194,0.40699628160569007,0.0158415531659713,0.0,0.029248183917009472,12.965971618050183,250,25,15356,0.1690505742552494,,,
adaptive,195,0.4071157770004667,0.015628654272104303,0.0,0.02194044714300643,14.701034490859305,250,25,15631,1.0955463083738064,,,
adaptive,196,0.40738913624257705,0.01516252229366677,0.0,-0.022778348739102883,14.001050845720542,250,25,15906,0.38949645713484765,,,
adaptive,197,0.40744089594743077,0.01519139687811466,0.0,-0.022910841334740768,16.18920417372998,250,25,16181,3.9669261212510936,,,
adaptive,198,0.40759795633237184,0.01510758532777895,0.0,-0.0023078371007851585,13.549804847844733,250,25,16456,0.29725966031170503,,,
adaptive,199,0.4074759294334184,0.015379432030745821,0.0,0.039458579340869424,16.72707263485678,250,25,16731,6.412336821393285,,,
adaptive,200,0.40768932796078705,0.014914553084502402,0.0,0.05076153843195477,13.502961599799422,250,25,17006,0.4946204275322471,,,
adaptive,201,0.4075816045191752,0.015264270565895632,0.0,-0.019134394293262844,13.480505144430165,250,25,17281,0.28519468000274867,,,
adaptive,202,0.40762182021506066,0.015198301306685147,0.0,0.00188630482317778,13.940484975612554,250,25,17556,1.1314206057315657,,,
adaptive,203,0.4076301712718764,0.015032126972404247,0.0,0.040955398588110224,14.790153171496446,250,25,17831,1.2410318272833925,,,
adaptive,204,0.4079396189849737,0.014412802288697901,0.0,-0.0312075414947191,14.486643638212875,250,25,18106,0.9418540623116508,,,
adaptive,205,0.4077944827313135,0.014476572821045752,0.0,0.03252673349417359,14.147644342426448,250,25,18381,1.4353171677141805,,,
adaptive,206,0.40783777741739297,0.014466408317264978,0.0,0.015837497123062018,13.212619984325611,250,25,18656,0.16944192716413198,,,
adaptive,207,0.40779692016003444,0.014427992978097492,0.0,0.059472219320843886,13.589138095127355,250,25,18931,0.40202993895182554,,,
adaptive,208,0.40780224611433147,0.014552800207296657,0.0,0.004088072144832576,13.728666584010638,250,25,19206,0.20872380315540015,,,
adaptive,209,0.4076106311478105,0.015018964829287662,0.0,0.07286908132460113,13.601721443213302,250,25,19481,0.27874300752543973,,,
adaptive,210,0.4076130915203355,0.014991352562612359,0.0,-0.02299811350269568,13.635301319530315,250,25,19756,0.41979300858767454,,,
adaptive,211,0.40751381650102936,0.014994799384950963,0.0,0.06103545101710308,13.449149432713506,250,25,20031,0.4114254946434048,,,
adaptive,212,0.40744886697551325,0.01503472336875955,0.0,-0.01789404460914562,14.343840606654117,250,25,20306,1.1861137081729511,,,
adaptive,213,0.4074290296757362,0.015255903468864185,0.0,-0.035777042683819774,13.891730119563656,250,25,20581,0.2688900188819771,,,
adaptive,214,0.40737859432169965,0.015368438932706063,0.0,0.007263213396312503,13.688648147518233,250,25,20856,0.35430981685466195,,,
adaptive,215,0.40732270266289217,0.015606750318247653,0.0,-0.014355719506980268,14.443319763217199,250,25,21131,1.0486594048657212,,,
adaptive,216,0.4074138736635285,0.01529202548604136,0.0,0.01550274806855925,14.264875512376104,250,25,21406,1.1812352185505357,,,
adaptive,217,0.40732034333517075,0.015509703194171665,0.0,0.0001067945704701092,14.569522556463259,250,25,21681,1.1923681337764527,,,
adaptive,218,0.4073823761524743,0.01528370710745075,0.0,0.024010634499234147,13.602950139359688,250,25,21956,0.5249728705906069,,,
adaptive,219,0.40717661371266095,0.015808754747596077,0.0,0.03720034711025004,14.162188855879121,250,25,22231,1.4427637161172138,,,
adaptive,220,0.4071067858749095,0.015784603546547593,0.0,0.04367157336355085,14.840329519703467,250,25,22506,1.248333538994215,,,
adaptive,221,0.4074353819097587,0.015410004370802977,0.0,-0.10163995465414251,14.568606371869638,250,25,22781,1.0576772178032854,,,
adaptive,222,0.40753701745987997,0.015189114644895307,0.0,-0.010804553139400137,13.446065395530496,250,25,23056,0.39925696324556936,,,
adaptive,223,0.40755109396925127,0.015152853509140474,0.0,0.029174911637069915,13.543040620002456,250,25,23331,0.39889523878042876,,,
adaptive,224,0.40744945804130794,0.015274179396188414,0.0,0.03160864700470976,13.52484210238297,250,25,23606,0.48062112089818293,,,
adaptive,225,0.4074550128518508,0.015308872285467179,0.0,-0.018556168099312306,15.20814101806624,250,25,23881,2.056520829813328,,,
adaptive,226,0.40768660974663,0.01469796001944551,0.0,0.014003784228844305,14.120197287223599,250,25,24156,1.1232434723901228,,,
adaptive,227,0.40754980939055563,0.015008570346822292,0.0,0.0863587875350359,13.687964106696134,250,25,24431,0.23319814970760838,,,
adaptive,228,0.40751498116466295,0.015128196242612912,0.0,0.0267143466784219,13.934218593163152,250,25,24706,0.45344857420365964,,,
adaptive,229,0.4074415579808259,0.015599882527249476,0.0,-0.03399364967579856,14.06993005077121,250,25,24981,1.40215656692175,,,
adaptive,230,0.4075008515021694,0.015611059744834066,0.0,-0.00857060952830359,13.61662809702408,250,25,25256,0.3658969486079681,,,
adaptive,231,0.40726341481694955,0.015982945469264653,0.0,0.06688870121843385,13.400920371352045,250,25,25531,0.3441793953806404,,,
adaptive,232,0.4073218307358726,0.015681371431071345,0.0,-0.0031308697853831523,13.859066968946358,250,25,25806,0.29603022286560265,,,
adaptive,233,0.4076195988397399,0.015237266635960922,0.0,-0.08489779386095232,14.494647490768326,250,25,26081,0.8871570183245923,,,
adaptive,234,0.4076053754025687,0.015230708576291607,0.0,0.0019639776139279766,14.690014242748045,250,25,26356,1.0921201503710067,,,
adaptive,235,0.4078587529158104,0.014686012489436573,0.0,0.0027037273650204366,14.441803965423349,250,25,26631,1.113342694777854,,,
adaptive,236,0.40802296220106116,0.014379623698752175,0.0,0.007615448456149891,14.017716409092426,250,25,26906,0.3969473230730623,,,
adaptive,237,0.4080456858731197,0.01446347414528959,0.0,-0.017513807143645636,14.691686302509986,250,25,27181,1.069207929824996,,,
adaptive,238,0.40807358772500124,0.014345945890467504,0.0,0.04759304059897545,14.592251160220053,250,25,27456,1.256257464355745,,,
adaptive,239,0.4082394754439226,0.013981860665036983,0.0,-0.007426331352546538,14.63774147488067,250,25,27731,0.8928767127823816,,,
adaptive,240,0.4083286973615002,0.013880884662892112,0.0,0.034280713709655714,14.178258820871697,250,25,28006,0.990276000770356,,,
adaptive,241,0.4084239119337575,0.013781335759499136,0.0,0.01649200992304154,14.71446163370953,250,25,28281,1.2730784959600594,,,
adaptive,242,0.40833722541651246,0.013912219156676175,0.0,0.011244012047288027,13.662171954195303,250,25,28556,0.42140755710075917,,,
adaptive,243,0.4085696097653271,0.013463229520058573,0.0,-0.02470401793741182,14.56112539392442,250,25,28831,1.2066805811488606,,,
adaptive,244,0.40859301072261,0.01342794781172596,0.0,0.013954259175451976,14.21841228983824,250,25,29106,1.182397020575237,,,
adaptive,245,0.40870602105444137,0.013208689288024822,0.0,0.03426372748942076,12.99083453340257,250,25,29381,0.25001818695944616,,,
adaptive,246,0.4086358037068628,0.013341044510865596,0.0,0.008222180698353575,13.794918957059217,250,25,29656,0.3347574682647065,,,
adaptive,247,0.40875347871929635,0.012998610596408944,0.0,0.03918910340980531,13.58826865002755,250,25,29931,0.2927284859118184,,,
adaptive,248,0.40900882682995887,0.012465570531409675,0.0,-0.013377447230589408,14.401668473430897,250,25,30206,1.123196752752989,,,
adaptive,249,0.4090328705018473,0.012417296170244563,0.0,0.01246460501566365,14.052009991020553,250,25,30481,0.33600418826781714,,,
adaptive,250,0.4088449132893964,0.012731500714728172,0.0,0.04459304386889377,13.713628288664957,250,25,30756,0.4349353481607628,,,
adaptive,251,0.40902127804272553,0.012493725080865659,0.0,-0.04290132969929431,14.53141134081854,250,25,31031,0.9963485778064152,,,
adaptive,252,0.4092287866363586,0.012016172187000018,0.0,0.00886928026064684,15.420870806961195,250,25,31306,1.9029232876569544,,,
adaptive,253,0.40911851352577555,0.012304062744502464,0.0,-0.007957366978054414,13.556334210525945,250,25,31581,0.36043136067666565,,,
adaptive,254,0.4092836470136463,0.011882900412268804,0.0,-0.032767878677934556,13.558241871881014,250,25,31856,0.31016599230413755,,,
adaptive,255,0.4090921957499399,0.01220818215036834,0.0,0.010854208020976912,13.422237586866222,250,25,32131,0.3495630379612235,,,
adaptive,256,0.40930400720978094,0.011903324877909849,0.0,-0.07089162467836445,13.495073696464456,250,25,32406,0.39589180095728443,,,
adaptive,257,0.4094942374388272,0.011653031350659815,0.0,-0.0029142668473822377,14.985623307994022,250,25,32681,2.0550946210490744,,,
adaptive,258,0.40941142672496766,0.011662516705569614,0.0,0.02628292199509417,14.291166781193551,250,25,32956,1.1120522433390003,,,
adaptive,259,0.4094715506057996,0.01161918832705322,0.0,0.007655494252700228,14.427941005453278,250,25,33231,0.9750687142627821,,,
adaptive,260,0.4094668373015538,0.011590635087661338,0.0,0.005729850644411256,14.47129434810018,250,25,33506,0.8270596267098204,,,
adaptive,261,0.4095240190114328,0.011496251245352918,0.0,-0.06268579846042913,14.466841065971852,250,25,33781,0.9828498689184447,,,
adaptive,262,0.4094644286700463,0.011585522268112713,0.0,-0.005109300251190214,14.384190376912377,250,25,34056,0.8986819373853993,,,
adaptive,263,0.4094301937305537,0.011652349807160012,0.0,-0.03157887106073735,13.437268622514111,250,25,34331,0.4657188469054781,,,
adaptive,264,0.4096421604536063,0.011237760984505185,0.0,-0.046005706892373224,13.975520194314596,250,25,34606,0.34375276531709614,,,
adaptive,265,0.4092329428209714,0.011865444780579049,0.0,0.0737257611354115,13.801481674225434,250,25,34881,0.3660515765206084,,,
adaptive,266,0.4091648263528642,0.01198770198597926,0.0,0.03219043415995978,13.4019521930799,250,25,35156,0.4032081893256661,,,
adaptive,267,0.4094314801312352,0.011466195671029245,0.0,-0.030778825946435776,13.936265510782498,250,25,35431,0.4333710893565944,,,
adaptive,268,0.40928296383298474,0.011591925077990284,0.0,0.018202236239638583,14.219612376313144,250,25,35706,1.4411824213803706,,,
adaptive,269,0.40913909097359624,0.011801956625253796,0.0,0.01484120600517335,13.166192579792716,250,25,35981,0.15001074127891506,,,
adaptive,270,0.4088479350722203,0.012295446696812429,0.0,0.005185541894364206,13.436800513509947,250,25,36256,0.5125445772218136,,,
adaptive,271,0.40877649053625087,0.012370262204565441,0.0,0.04176299818311793,15.27110998501377,250,25,36531,2.3841133557717606,,,
adaptive,272,0.4088358421206918,0.012375433162736593,0.0,0.00706269427964134,14.850616074979538,250,25,36806,1.2652569976007193,,,
adaptive,273,0.4087429159560996,0.01265759399039873,0.0,-0.006491994063660175,13.414754299614463,250,25,37081,0.27707128577787016,,,
adaptive,274,0.40888645778087007,0.012325972023366438,0.0,0.024787595906424348,13.768770493401172,250,25,37356,0.49063918964466763,,,
adaptive,275,0.40899849902326346,0.011989837154962268,0.0,0.0016262114201602291,13.428441305484984,250,25,37631,0.3754166078589632,,,
adaptive,276,0.4087411759397481,0.01229605940429368,0.0,0.04408283449565514,13.995792716854659,250,25,37906,0.41472581992047214,,,
adaptive,277,0.4087861736426742,0.012260830237959208,0.0,0.033696815063040036,14.060144792974523,250,25,38181,1.1956897393118984,,,
adaptive,278,0.40893451371837625,0.012240673024970061,0.0,-0.10147671757670709,13.592425539752215,8,25,38214,0.35970611524074486,,,
adaptive,279,0.4088496486475923,0.012201269546816051,0.0,0.07395367342493876,14.686027248935858,8,25,38247,2.2751798691992433,,,
adaptive,280,0.4090739701999991,0.011845051075853874,0.0,0.0415024342848937,13.883583361379294,8,25,38280,0.3507020070737332,,,
adaptive,281,0.4108648582088015,0.00966606763336847,0.0,-0.5098147227902371,14.056291461261845,8,25,38313,0.5342174152709317,,,
adaptive,282,0.4114116946598399,0.009027566847287727,0.0,-0.13580437538987794,13.913509044717566,8,25,38346,0.4454992454067192,,,
adaptive,283,0.41225231644713545,0.008011478068498723,0.0,-0.26891833213747457,14.06443806551768,8,25,38379,1.8629645271551594,,,
adaptive,284,0.41267590785684777,0.007626495583274107,0.0,-0.17574068055196426,13.775572716945618,8,25,38412,0.588042314582173,,,
adaptive,285,0.4129858656446119,0.007454586641767735,0.0,-0.2441144058018617,14.532542092976888,8,25,38445,1.0433231248815475,,,
adaptive,286,0.41354510263879196,0.006790146086593063,0.0,-0.17483508499819722,14.535682744278958,8,25,38478,0.860555760771779,,,
adaptive,287,0.4133794544027899,0.006926966816762137,0.0,0.06997227204394746,14.658450875179224,8,25,38511,0.9691080456640772,,,
adaptive,288,0.4132889398831549,0.00696822548674253,0.0,0.0716992464664685,14.328607886641397,8,25,38544,1.1076391887166146,,,
adaptive,289,0.4134770881664508,0.006965131448033124,0.0,-0.2551658809126333,14.062245764624205,8,25,38577,1.5497164357938464,,,
adaptive,290,0.413215182951743,0.007216135798506218,0.0,0.1620849541228376,13.588730125544128,8,25,38610,0.4007728457987451,,,
adaptive,291,0.41313312245815925,0.007235051913034918,0.0,0.0097242479490959,14.053588768611633,8,25,38643,1.211137159789397,,,
adaptive,292,0.41355079949633816,0.006924956415914785,0.0,-0.21706296326372898,14.699148351151763,8,25,38676,1.968913522278072,,,
adaptive,293,0.41353590582529076,0.006820716779906255,0.0,0.022776171053410947,13.89600714450794,8,25,38709,0.34843757517253454,,,
adaptive,294,0.41321794420621416,0.0073616607115213895,0.0,0.02017019434528209,14.224122109460101,8,25,38742,0.9006479954201271,,,
adaptive,295,0.41324402307863906,0.007172864362525011,0.0,0.11164153060282277,13.270465155630841,8,25,38775,0.3786904876665008,,,
adaptive,296,0.4130910806186764,0.007569058300991305,0.0,-0.025774756983198255,13.373916718293572,8,25,38808,0.21755367675066922,,,
adaptive,297,0.4125888649842013,0.008077950290018898,0.0,0.2473020236244646,13.729402673046323,8,25,38841,0.6866936028584405,,,
adaptive,298,0.4127275375186161,0.007732189529881861,0.0,0.014334251476970889,14.789127722300673,8,25,38874,1.157623120196597,,,
adaptive,299,0.4131918390416983,0.007508069101051784,0.0,-0.34096569035673824,13.092555424084832,8,25,38907,0.7787408447084008,,,
adaptive,300,0.413389798690585,0.00750015519559849,0.0,-0.2046528846931469,14.863614540761231,8,25,38940,1.2807578034736244,,,
adaptive,301,0.41392967946398984,0.006946475849163802,0.0,-0.2466465587506289,13.825017361428685,8,25,38973,0.4953412873659687,,,
adaptive,302,0.413669280086043,0.007404938753128476,0.0,0.025630422676196134,14.002235615444189,8,25,39006,0.3212234747811059,,,
adaptive,303,0.4139648716806005,0.007124110904203507,0.0,-0.12162014342563439,14.668828571977603,8,25,39039,1.8406911484119093,,,
adaptive,304,0.41400900596381435,0.006963966500578456,0.0,0.01077441292625468,13.042701556808344,8,25,39072,0.31721363385656537,,,
adaptive,305,0.414202192588615,0.00692435763989957,0.0,-0.15643471288425967,13.80583342359721,8,25,39105,0.44795247725342485,,,
adaptive,306,0.41393763597899347,0.0069227618132679525,0.0,0.20730530927024088,14.195860613835023,8,25,39138,0.32918226264780676,,,
adaptive,307,0.4139046876214927,0.0070051685518705,0.0,0.07512665740086155,13.967681669312025,8,25,39171,1.14413818270986,,,
adaptive,308,0.4143037582765589,0.0066560637287220725,0.0,-0.2110255112250125,13.437741642719594,8,25,39204,0.5115298065778425,,,
adaptive,309,0.4138959910291314,0.007159531732925883,0.0,0.08870499021093547,14.87763051565541,8,25,39237,0.9564870440219464,,,
adaptive,310,0.4140997655786872,0.00684336069464847,0.0,-0.01635902183864601,14.649308281657497,8,25,39270,1.1826083541107235,,,
adaptive,311,0.41413998667892493,0.006511654724891014,0.0,0.21421362142985742,14.650242224109446,8,25,39303,1.5646857107582077,,,
adaptive,312,0.41460324993257225,0.006018120486152689,0.0,-0.19052451068117193,13.21450552761354,8,25,39336,0.41069736432104226,,,
adaptive,313,0.41460412452790385,0.006067987494197624,0.0,-0.0371174622594941,13.994966528100628,8,25,39369,0.28665422922125927,,,
adaptive,314,0.41422982879952924,0.006354821619914575,0.0,0.2372092829427544,13.64372939987974,8,25,39402,0.7791844821558748,,,
adaptive,315,0.41426786486407247,0.006302198103107615,0.0,0.012538140959919217,15.412315930793874,250,25,39677,2.406728936627887,,,
adaptive,316,0.41392945308300344,0.006755678027623779,0.0,0.009658086909316486,13.519180991337581,250,25,39952,0.4640955854511973,,,
adaptive,317,0.413979633630659,0.00662610392221219,0.0,-0.0008837830309062136,14.518732187551143,250,25,40227,2.326213329288887,,,
adaptive,318,0.41395692730235767,0.006599659631772448,0.0,0.04278021597992614,13.700761466125593,250,25,40502,0.5322059723771781,,,
adaptive,319,0.4140353594399259,0.006428419625920723,0.0,0.057798732201729965,14.479173774966442,250,25,40777,1.1696572289750784,,,
adaptive,320,0.41402053830074054,0.006476718343765897,0.0,0.029352083159983448,14.015819398345489,250,25,41052,1.0322173789775464,,,
adaptive,321,0.41390085348099,0.006636742816881647,0.0,0.08136464745461147,13.455058132553152,250,25,41327,0.4276402669862274,,,
adaptive,322,0.41399545196222975,0.006622127658074073,0.0,-0.053396917340543075,15.21495578610922,250,25,41602,2.124220190727867,,,
adaptive,323,0.41416797927386223,0.006415648433786503,0.0,-0.020060223960929296,13.75724392310338,250,25,41877,0.3863927826771932,,,
adaptive,324,0.4137855445551701,0.006992676067663406,0.0,0.034909748539967214,14.546304005071427,250,25,42152,1.1153299369150023,,,
adaptive,325,0.41390823081624933,0.006839399665430457,0.0,0.0096781010825838,13.976698777080081,250,25,42427,0.36030119412623474,,,
adaptive,326,0.41392063322528133,0.006844420514605376,0.0,0.016734774071014997,15.466044979361005,250,25,42702,2.7358472954833575,,,
adaptive,327,0.41400896700951617,0.006806395016231259,0.0,-0.11044375985097898,13.876673698960555,250,25,42977,0.42871384704808474,,,
adaptive,328,0.4140272991226662,0.006777848865960334,0.0,0.030106637715225787,14.034351101672094,250,25,43252,1.302260670879428,,,
adaptive,329,0.41401858583573686,0.006802040678808852,0.0,-0.00743553685854997,13.706241723472514,250,25,43527,0.3861152333206305,,,
adaptive,330,0.4139637694107797,0.006872266129159144,0.0,-0.029906141521687746,13.61432304481221,250,25,43802,0.4423124227261759,,,
adaptive,331,0.41405016437072106,0.0067416519185648505,0.0,-0.0038434492915327967,14.715956776493968,250,25,44077,1.0733222600682129,,,
adaptive,332,0.4142622276741361,0.006566394687412658,0.0,-0.08246190885993536,15.091919564715342,250,25,44352,1.9397733014416763,,,
adaptive,333,0.4142347034831955,0.006594110574988099,0.0,-0.030051839259400453,13.556864213021,250,25,44627,0.2773411025785603,,,
adaptive,334,0.4141590375758999,0.0067556363142367015,0.0,-0.01089797445460031,13.539726208900591,250,25,44902,0.3935893053026836,,,
adaptive,335,0.4142845276176187,0.0066408504184905515,0.0,0.010621839894286885,13.696256203509316,250,25,45177,0.3465852254162916,,,
adaptive,336,0.4144225367284812,0.0062801234358892954,0.0,-0.003061800181146283,13.58669561277105,250,25,45452,0.5180517787709478,,,
adaptive,337,0.4144519350634132,0.0061892670895433155,0.0,-0.041741285616598865,12.961392746008048,250,25,45727,0.19589099800810297,,,
adaptive,338,0.4144897753545305,0.006240226447784214,0.0,-0.012710215413764329,14.403653014599431,250,25,46002,1.0900078043025303,,,
adaptive,339,0.4144587784094552,0.006269478936747674,0.0,0.038861225260804794,13.867452292587739,250,25,46277,0.4042755259760385,,,
adaptive,340,0.4147050186820591,0.005883798557845987,0.0,-0.018165825147787036,15.469173159723807,250,25,46552,2.266589885651232,,,
adaptive,341,0.4146562313733835,0.005900767436918086,0.0,0.002794338862784787,13.877830755156143,250,25,46827,0.29433439701023434,,,
adaptive,342,0.4144626192245885,0.006217988954655307,0.0,0.028968189883377224,13.794168896705312,250,25,47102,0.37442875811681076,,,
adaptive,343,0.4147202406746414,0.00585263542194342,0.0,0.010963997763381679,13.723388537726539,250,25,47377,0.28043831157447563,,,
adaptive,344,0.41502373245488916,0.005462146583739114,0.0,0.011043691392145715,13.884375323992952,250,25,47652,0.3546759581044572,,,
adaptive,345,0.4150383437455533,0.0053459467748808165,0.0,0.049850182559605216,15.600958934733722,250,25,47927,2.0933572710039363,,,
adaptive,346,0.41526089634482155,0.0051151853249302714,0.0,-0.027086991330019686,13.004351144683353,250,25,48202,0.2355148345900049,,,
adaptive,347,0.4152116547836448,0.005218498923118486,0.0,-0.07620578303415787,13.869812603652623,250,25,48477,0.45615928959291696,,,
adaptive,348,0.41540460508625937,0.004925968455207375,0.0,0.048642632568149276,14.80152762945041,250,25,48752,0.947048099070269,,,
adaptive,349,0.4155736612720739,0.004749538215349514,0.0,0.002302108970417671,14.901257183226502,250,25,49027,0.8935494279529304,,,
adaptive,350,0.41562864780782066,0.004703477405394119,0.0,-0.03474259552068129,14.061298727001258,250,25,49302,1.3029681992806859,,,
adaptive,351,0.4155770453639008,0.0047447061982401895,0.0,0.0007693195382310318,13.642872917739643,250,25,49577,0.4265571114257157,,,
adaptive,352,0.41576542875453265,0.004505550364002797,0.0,-0.02121212455484818,13.842801849962086,250,25,49852,0.4346497276453925,,,
adaptive,353,0.41583229954842654,0.004470669184367115,0.0,0.03556088124167795,14.17871066119558,250,25,50127,1.0950414326668139,,,
adaptive,354,0.4155528118333669,0.004888543488944519,0.0,0.02967286922553119,14.411536176756861,250,25,50402,1.0642189652545648,,,
adaptive,355,0.41568161127284525,0.00476552683647169,0.0,-0.003902524890315773,13.737417774410991,250,25,50677,0.3781728075791746,,,
adaptive,356,0.41579833409380434,0.004652449681662951,0.0,-0.05376065324327688,14.65652980565978,250,25,50952,1.2093695195589094,,,
adaptive,357,0.4157310926239191,0.004823534310549715,0.0,-0.0029012567997131864,14.338798375286736,250,25,51227,1.281859639521095,,,
adaptive,358,0.41592933485798345,0.0044754456575337165,0.0,-0.02408973125620639,13.61318830378508,250,25,51502,0.2823113303831196,,,
adaptive,359,0.41589771131367514,0.004494350534807678,0.0,0.01782118085095438,13.870820569857607,250,25,51777,0.356625234426134,,,
adaptive,360,0.41585394614268595,0.004696980072701196,0.0,-0.0458907946770299,12.928533706048785,250,25,52052,0.385124077949992,,,
adaptive,361,0.41571298909603416,0.004884207188409373,0.0,-0.03159052119271006,14.920656113538271,250,25,52327,0.8683097531042125,,,
adaptive,362,0.4155884870563647,0.004983543599211049,0.0,0.012353276182278923,14.675607872594009,250,25,52602,1.025547079196642,,,
adaptive,363,0.41537781496665677,0.005190441446228045,0.0,0.045674359226117706,13.736998890654093,250,25,52877,0.5076146416796115,,,
adaptive,364,0.41559275421081904,0.004885000446366028,0.0,-0.0016387207989313763,13.967483629206946,250,25,53152,0.28385077392575403,,,
adaptive,365,0.41561459594332095,0.004801793103621277,0.0,0.0464137307980382,13.51664073761509,250,25,53427,0.23774673965836401,,,
adaptive,366,0.41572421267279563,0.004700311500426546,0.0,0.0414451904062592,14.021356110451748,250,25,53702,1.126293062432066,,,
adaptive,367,0.41579887688072975,0.0045517042005637776,0.0,0.0019451517633494494,14.280860450271435,250,25,53977,1.0531273560068113,,,
adaptive,368,0.41593322590806037,0.0044103820738492505,0.0,0.016324443002352543,14.684452056158065,250,25,54252,0.9633652812803563,,,
adaptive,369,0.4162072570069626,0.0041030912022606,0.0,0.001234662607781781,14.024431977227804,250,25,54527,0.9913799799939942,,,
adaptive,370,0.41640375058840734,0.0038237086387867825,0.0,0.01136019489552733,14.283402771254462,250,25,54802,1.2946058482964287,,,
adaptive,371,0.41632712528608334,0.0038829169882809156,0.0,0.050702960611040904,15.810517669484906,250,25,55077,2.101294983572198,,,
adaptive,372,0.41664926417339343,0.0041926887863346085,0.0,-0.07684492225228118,14.648652879574948,250,25,55352,1.7476012878224196,,,
adaptive,373,0.4169369565686635,0.004555171535514546,0.0,-0.07827767915912304,13.644206531370433,250,25,55627,0.36353665637945537,,,
adaptive,374,0.41679509412002635,0.004445388313594145,0.0,-0.051836367802238395,13.82813585922667,250,25,55902,0.40081361823759887,,,
adaptive,375,0.41694921684700675,0.0045471663378096605,0.0,0.007776924382871915,15.492572061622965,250,25,56177,2.3618239929265625,,,
adaptive,376,0.41679401455968235,0.004715417988595927,0.0,-0.046130855131715796,14.193918290370494,250,25,56452,1.2422914179129982,,,
adaptive,377,0.4166905406512341,0.0045044951772241215,0.0,0.05499089778429947,15.042531905318649,250,25,56727,2.3293650183380525,,,
adaptive,378,0.4163446618209458,0.003934963814411774,0.0,0.06346494754581922,14.143446808827003,250,25,57002,0.34412235904756777,,,
adaptive,379,0.41635095166867125,0.003760068623699153,0.0,0.040783879251703015,13.476133658084276,250,25,57277,0.38768627551026225,,,
adaptive,380,0.41611594527015994,0.004008840305121386,0.0,0.014044041150190648,14.26175943085972,250,25,57552,1.083529640826577,,,
adaptive,381,0.41614703290852345,0.003971255732354184,0.0,0.03158464851466507,12.994275091355764,250,25,57827,0.29578230314183923,,,
adaptive,382,0.4161090622145782,0.0040120610497441644,0.0,-0.015701060179695383,14.590911498536265,250,25,58102,1.1074786645733752,,,
adaptive,383,0.4161535630096032,0.004026747878104364,0.0,-0.002561070541469724,15.548024534470628,250,25,58377,1.8259188980537464,,,
adaptive,384,0.41638676016230364,0.003686827516962421,0.0,-0.030602221791257374,13.448248411153202,250,25,58652,0.3988524953512656,,,
adaptive,385,0.41659510419547285,0.0034008400191923305,0.0,0.00803306061015635,13.808014188199476,250,25,58927,0.4129582931766548,,,
adaptive,386,0.41657590369384084,0.003431309989007203,0.0,-0.01855031413941586,14.027338505981186,250,25,59202,0.3554651319590703,,,
adaptive,387,0.41678165630140934,0.0031739013252258808,0.0,0.01788067751872245,14.566740204762354,250,25,59477,1.024334482696953,,,
adaptive,388,0.41654844968034255,0.003422022581886286,0.0,0.08458276455169168,14.15362927640437,250,25,59752,1.4482710280034956,,,
adaptive,389,0.4164574676127954,0.0035130883297133098,0.0,0.03018490474612923,13.903588955946043,250,25,60027,0.37177080728652645,,,
adaptive,390,0.41626079032997637,0.003802769357628022,0.0,0.008503594731233724,14.337335057503863,250,25,60302,1.1997317372022085,,,
adaptive,391,0.4162510049374817,0.003788148373899458,0.0,0.025741838256335144,13.774487777071815,250,25,60577,0.3349940136925265,,,
adaptive,392,0.4163464724527008,0.0037947413082469184,0.0,-0.0780365274694711,13.065106554671855,250,25,60852,0.28758872868933255,,,
adaptive,393,0.41656031878614325,0.003404751223493374,0.0,-0.008239233843516856,15.454357915839198,250,25,61127,2.4828653318296716,,,
adaptive,394,0.4165555573284211,0.0034415296420733377,0.0,-0.06547502238701883,13.936614875905248,250,25,61402,1.3175368519693287,,,
adaptive,395,0.41682427018386387,0.0030998202774084604,0.0,0.02129893320577253,15.700504213411307,250,25,61677,1.8782734943547144,,,
adaptive,396,0.4168207792514791,0.0031199990361587826,0.0,-0.01530744396896216,15.01024056090516,250,25,61952,1.029581917858355,,,
adaptive,397,0.4167351867818109,0.0032355276762973117,0.0,-0.026393357227969375,14.093066756251137,250,25,62227,0.9710631055917722,,,
adaptive,398,0.41658873555963927,0.0034292033115670972,0.0,-0.012561824195579333,14.276813583323547,250,25,62502,0.3631463628772049,,,
adaptive,399,0.41665404180068927,0.0033748177323428274,0.0,0.010972069053297928,15.106677810407811,250,25,62777,0.8969172252414189,,,
adaptive,400,0.41668673351783025,0.0034001629673018896,0.0,0.010142435409981458,13.85017321918823,250,25,63052,0.554681135072867,,,
adaptive,401,0.41683558276484267,0.0032563926036229263,0.0,-0.004558219009971625,15.056882338143703,250,25,63327,2.344749787805392,,,
adaptive,402,0.4168720036348005,0.003147822484081464,0.0,0.015175021303526838,14.816593564232283,250,25,63602,1.0378229883508339,,,
adaptive,403,0.41712428412116104,0.002857755467210177,0.0,-0.03874083324261404,13.65378994172048,250,25,63877,0.29384474081975737,,,
adaptive,404,0.41731649632616435,0.002571700982717362,0.0,-0.02452074283955713,14.107935553696771,250,25,64152,0.9801893782685323,,,
adaptive,405,0.4172316942729442,0.002697775841400296,0.0,0.036399966155062934,13.414144990543766,250,25,64427,0.5203655494232223,,,
adaptive,406,0.41722758156660755,0.0027499396271949417,0.0,-0.053944775752625594,14.25165952951527,250,25,64702,0.94119619197573,,,
adaptive,407,0.41710738160810734,0.002856617357145097,0.0,0.007408561676016792,14.985420500637531,250,25,64977,2.4316603377676875,,,
adaptive,408,0.4170719775781315,0.0029467392557165906,0.0,-0.03228136395486832,13.032187138642074,250,25,65252,0.2790026828167504,,,
adaptive,409,0.41724991763052377,0.0027852030714612397,0.0,-0.07511621173969923,14.949498534958721,250,25,65527,2.253501874808731,,,
adaptive,410,0.41750933964610304,0.002575389593774846,0.0,-0.06245930843598457,14.939241363612531,250,25,65802,2.371884524548224,,,
adaptive,411,0.4174594859905729,0.0026856948350261756,0.0,0.01762483685809902,14.631698697220724,250,25,66077,1.1121291455931357,,,
adaptive,412,0.4175129710750257,0.0026493806878045145,0.0,0.033438827964379865,13.646497679317301,250,25,66352,0.34833082325121434,,,
adaptive,413,0.41752770953849455,0.00276691570400317,0.0,-0.0718486695496869,14.212402419398897,250,25,66627,1.2520321510436607,,,
adaptive,414,0.41747077845476016,0.0028905085097248873,0.0,0.04299636763897109,14.148827404930325,250,25,66902,0.46773887323251606,,,
adaptive,415,0.41744107002897995,0.0029903651526663744,0.0,-0.006223668236350564,13.539236228781467,250,25,67177,0.2955923549055106,,,
adaptive,416,0.41735278843071616,0.0031517023246659948,0.0,-0.05125535633206179,13.48796176921197,250,25,67452,0.3173692102559581,,,
adaptive,417,0.41738244679171604,0.0031502624125068213,0.0,-0.028889598812959813,14.137623940959424,250,25,67727,0.3809569700646498,,,
adaptive,418,0.4174537787851097,0.003138792653807565,0.0,0.07541529145721544,14.116533519258502,250,25,68002,1.011082083120942,,,
adaptive,419,0.4174995438323245,0.0033654949831904424,0.0,7.01213388832997e-05,13.54812063683243,250,25,68277,0.38390526434824573,,,
adaptive,420,0.4176621991884684,0.003105094883780024,0.0,-0.033670109806006474,13.94345306777983,250,25,68552,1.1308681619196177,,,
adaptive,421,0.4175638329402778,0.0027583519404626444,0.0,0.03687602966163049,13.815377031089144,250,25,68827,0.2922599631239243,,,
adaptive,422,0.4175798591317689,0.002846609645202669,0.0,-0.03919023086444241,13.78428964978113,250,25,69102,0.5670690166339439,,,
adaptive,423,0.4177272867606207,0.002930736504551612,0.0,0.0038880077784186743,13.928035770140601,250,25,69377,0.3248573633186197,,,
adaptive,424,0.4179885436608603,0.003544756773328994,0.0,-0.03181636602257068,14.045569316360478,250,25,69652,1.0257967955534424,,,
adaptive,425,0.41790719457245384,0.0030620077137482604,0.0,-0.016540643038851763,13.817192137089755,250,25,69927,0.3836534661719075,,,
adaptive,426,0.418051055988328,0.003460225628491298,0.0,-0.04380795469640708,14.086912206922646,250,25,70202,0.31193067812170966,,,
adaptive,427,0.4183227563039672,0.0037618479109818304,0.0,-0.061859331343952065,13.998250494024681,250,25,70477,0.44642711920693307,,,
adaptive,428,0.4184836099543531,0.0039178140369923176,0.0,-0.05563502573547096,14.133793915433444,250,25,70752,0.4804066927575579,,,
adaptive,429,0.418497057540801,0.0038030171142171,0.0,-0.010031507537318005,13.726045092220032,250,25,71027,0.3293091046813751,,,
adaptive,430,0.41842413804120515,0.003843826417035623,0.0,-0.024823006043438324,14.823093371677826,250,25,71302,1.2403165140381849,,,
adaptive,431,0.41836874585174477,0.0037494232351461543,0.0,0.0187327076669256,14.573880283630624,250,25,71577,1.4709031214849115,,,
adaptive,432,0.41841188704104815,0.003360588545421206,0.0,0.019102896777349384,13.901799670180063,250,25,71852,0.3021862189932647,,,
adaptive,433,0.41831798213937743,0.003513444933497867,0.0,-0.01102173157392834,15.15312904744241,250,25,72127,2.195193513895064,,,
adaptive,434,0.4182454945783556,0.003146228497052206,0.0,-0.06179701675544835,13.780470877450009,250,25,72402,0.31905092220598896,,,
adaptive,435,0.41784874549845835,0.002265463078798713,0.0,0.15516565288002504,14.399551710051053,8,25,72435,0.9430903543601695,,,
adaptive,436,0.4174903116414454,0.002466641222308108,0.0,0.2515100637612833,13.571227646547952,8,25,72468,0.786221578953098,,,
adaptive,437,0.4172330553340267,0.0025659571142013227,0.0,0.19129803196512535,13.345578164732215,8,25,72501,0.29101301051682343,,,
adaptive,438,0.41717127499842505,0.0026222844755733887,0.0,0.08671206568490354,14.983150867632288,8,25,72534,0.8133853015130296,,,
adaptive,439,0.41684511777466204,0.0029308293482865344,0.0,0.08558158820451116,14.415654211965846,8,25,72567,1.3570490156078203,,,
adaptive,440,0.4174120378013955,0.0026040834672583224,0.0,-0.3715325012579299,14.660663159396817,8,25,72600,1.6541166070618514,,,
adaptive,441,0.41784477088614386,0.0022284956554464164,0.0,-0.23449669213511876,14.525761504954584,8,25,72633,1.2410347966727497,,,
adaptive,442,0.41732345165874357,0.0024996823893081443,0.0,0.28156292814780165,13.58729795769749,8,25,72666,1.102254450809081,,,
adaptive,443,0.417282023583528,0.0025624395809127898,0.0,-0.03175052982738549,13.361112809929326,8,25,72699,0.16234215519708395,,,
adaptive,444,0.4176996793641335,0.002281702062250812,0.0,-0.15872425537171533,14.124669914058392,8,25,72732,0.5268045131351823,,,
adaptive,445,0.41802681713361545,0.0029141602418863433,0.0,-0.22490575621768158,13.424841395477392,8,25,72765,0.3831425486126123,,,
adaptive,446,0.4181874866367844,0.0032233709891327234,0.0,0.013184114848307976,13.201292504699449,8,25,72798,0.19792312109659677,,,
adaptive,447,0.4186230369807842,0.004177774602196371,0.0,-0.24954677649589319,13.436839940948941,8,25,72831,0.36560030099944657,,,
adaptive,448,0.41887622780420203,0.004977460012926149,0.0,-0.28815812746063046,13.57825194955192,8,25,72864,1.4840965224197722,,,
adaptive,449,0.41923691055448126,0.006554171189120328,0.0,-0.3208916891393797,15.1325154575289,8,25,72897,3.148371325464416,,,
adaptive,450,0.419060361497555,0.005448198331986842,0.0,0.2677833868227396,13.642405418359486,8,25,72930,1.074312521542278,,,
adaptive,451,0.4193846864271851,0.006366316726753085,0.0,-0.23916260120422161,13.92613950253413,8,25,72963,0.5376180330635958,,,
adaptive,452,0.4195246034438244,0.006620209996806459,0.0,-0.048809137426848406,14.803889013754105,8,25,72996,1.1423615949804309,,,
adaptive,453,0.41949423198858554,0.008639250342994675,0.0,-0.5596452887365053,14.513660403695646,8,25,73029,3.109732103563435,,,
adaptive,454,0.4193307592541827,0.008357402201583874,0.0,0.04743211249226957,14.026609765728898,8,25,73062,0.3689610270945494,,,
adaptive,455,0.41919420709793054,0.008527632613383851,0.0,-0.06357932407263528,13.393339925983039,8,25,73095,0.345761641184536,,,
adaptive,456,0.4192180563092985,0.008350028448849467,0.0,-0.010938551798552215,16.09351188385742,250,25,73370,4.268752394442707,,,
adaptive,457,0.4190600269991714,0.00876511915873418,0.0,-0.03007200292517811,13.932870382675063,250,25,73645,1.0075688579473132,,,
adaptive,458,0.4189343935335942,0.008775545577662136,0.0,0.06515919771329004,13.793860098590821,250,25,73920,0.3636689866034002,,,
adaptive,459,0.41901424845672797,0.008683445694734282,0.0,0.007878129492512095,13.567028259729621,250,25,74195,0.39058120943714536,,,
adaptive,460,0.4189375997184236,0.008672400048544027,0.0,0.03337604047528028,13.424839062432062,250,25,74470,0.42702496460022005,,,
adaptive,461,0.419142562669921,0.009020153320709101,0.0,-0.029484572852818053,13.74673569043332,250,25,74745,0.464475798625094,,,
adaptive,462,0.41892938479756964,0.00880988525876869,0.0,0.05294347725212747,14.950663918809749,250,25,75020,2.545120276445621,,,
adaptive,463,0.41879119796776376,0.008471848800145954,0.0,0.015387091748419622,13.767524002991152,250,25,75295,0.43650417981695333,,,
adaptive,464,0.4187184659047993,0.008909470483515702,0.0,-0.040914346193127255,13.751296827079694,250,25,75570,0.46037241298718784,,,
adaptive,465,0.4187857821460523,0.008776038759678584,0.0,-0.006302503254808844,14.448965773676562,250,25,75845,0.700628847056777,,,
adaptive,466,0.4187599344506033,0.008814323524467038,0.0,0.004644924890842669,14.034982118699013,250,25,76120,0.9155253532439966,,,
adaptive,467,0.4187544482165937,0.008944948082557802,0.0,-0.0490373131301371,13.453232410184901,250,25,76395,0.31102840808242704,,,
adaptive,468,0.4187482407799034,0.00889630650165707,0.0,0.06037592039260826,13.657376264726686,250,25,76670,0.325695806762725,,,
adaptive,469,0.41896232627336255,0.009406863728222359,0.0,-0.018764693157652616,14.903715407681615,250,25,76945,1.4102634002126364,,,
adaptive,470,0.41911688612144093,0.00948982406755311,0.0,-0.00609822717727194,15.073463038849155,250,25,77220,1.0853263731613436,,,
adaptive,471,0.4190920838936132,0.009395028720368181,0.0,0.01964362239913559,14.377403543566059,250,25,77495,1.1027866857084228,,,
adaptive,472,0.419012620105291,0.009509010416970776,0.0,0.046715455882978464,13.790943682182156,250,25,77770,0.5626387344601962,,,
adaptive,473,0.419090565350419,0.009534563350579672,0.0,-0.033058201202216336,13.999112487834008,250,25,78045,1.1175707301827198,,,
adaptive,474,0.41904887250661316,0.009746983043953217,0.0,-0.04242343738358129,15.029608331947983,250,25,78320,0.9097270971261985,,,
adaptive,475,0.41895302115339544,0.009549102052286595,0.0,0.004597810184033144,14.62915144839227,250,25,78595,1.3076945666981707,,,
adaptive,476,0.4188773647306812,0.00897665322125285,0.0,0.05972609827477435,13.554597959685205,250,25,78870,0.402535221726165,,,
adaptive,477,0.41873085850867703,0.009030755041170957,0.0,0.014825543281186291,13.46898097593839,250,25,79145,0.3301545337554948,,,
adaptive,478,0.41860471233922225,0.008533345693400307,0.0,0.04427425862084796,14.213949480106352,250,25,79420,1.1454339105914362,,,
adaptive,479,0.4185387248216271,0.00883935947233655,0.0,-0.03803401484234414,14.062006711473515,250,25,79695,1.0270306085182124,,,
adaptive,480,0.4184110236159219,0.00873166899905048,0.0,-0.004051896900472793,14.132866866098986,250,25,79970,0.7971990883523984,,,
adaptive,481,0.4184090758372089,0.008195358139410525,0.0,0.04942799134596825,14.63293307347205,250,25,80245,0.9640942047601663,,,
adaptive,482,0.41845960873597954,0.007880825547274983,0.0,0.009537318807924916,13.653826299762233,250,25,80520,0.4063096976138763,,,
adaptive,483,0.4184042535723609,0.0072591711230458045,0.0,0.09152115739871113,13.928200205551212,250,25,80795,1.2370927022747507,,,
adaptive,484,0.4185697392744487,0.007846615117977684,0.0,-0.04554550430183126,14.182708807146764,250,25,81070,0.399460445335961,,,
adaptive,485,0.4184526140012208,0.007541205027731812,0.0,0.02305193587662773,14.392018619004137,250,25,81345,1.0303743439139288,,,
adaptive,486,0.41862371600906517,0.007473510426687147,0.0,-0.019129728673465452,15.48276699378067,250,25,81620,2.655103383988903,,,
adaptive,487,0.4187118325545924,0.007962979373769052,0.0,-0.022746827025560138,14.88415487359685,250,25,81895,1.2653458067479262,,,
adaptive,488,0.4186443414970762,0.007607907612555809,0.0,0.0055754654928950684,13.498860545007899,250,25,82170,0.49600088456819924,,,
adaptive,489,0.41863914594937757,0.0075185158308817,0.0,-0.014230790233771573,14.216272721347952,250,25,82445,1.0403063515107318,,,
adaptive,490,0.4184329930667031,0.00751868138097761,0.0,0.00971019889504603,14.002304943151508,250,25,82720,0.3130073503436395,,,
adaptive,491,0.41846487040726477,0.007870685229726115,0.0,0.032140978370869384,13.984183958830183,250,25,82995,0.47479572561878863,,,
adaptive,492,0.4182293368702031,0.0076670237420121135,0.0,0.010255244109218173,13.120334600436825,250,25,83270,0.2580162464620243,,,
adaptive,493,0.41825788878681724,0.007376550406575366,0.0,0.013682541881501338,13.526371581055306,250,25,83545,0.2674687394103581,,,
adaptive,494,0.4181960873497397,0.007443609745758084,0.0,-0.060787145337826545,13.71524256150638,250,25,83820,0.3027778603670764,,,
adaptive,495,0.4182193390237247,0.007149537687925311,0.0,0.04437913536272405,14.09190837370005,250,25,84095,1.2627849125014092,,,
adaptive,496,0.4183909764168561,0.007350575190645026,0.0,0.006729567494884148,13.868459936948831,250,25,84370,0.3492467469053594,,,
adaptive,497,0.41829310134612224,0.007559087564459888,0.0,-0.015398264282812373,13.94335130969021,250,25,84645,1.2713386093782673,,,
adaptive,498,0.41852482511621825,0.007354280425108661,0.0,0.017727440484080384,14.166060843657128,250,25,84920,0.7972280671696251,,,
adaptive,499,0.4184947269373956,0.007052266547740271,0.0,0.046342757588912306,13.42043665816469,250,25,85195,0.5911326944896854,,,
adaptive,500,0.4185105373980007,0.00691222711218864,0.0,-0.007620813915678929,13.452214354033547,250,25,85470,0.35386354743690135,,,
adaptive,501,0.4185371463691045,0.007078561718641463,0.0,0.003008822495954302,13.421303165164941,250,25,85745,0.25797023720878826,,,
adaptive,502,0.4183486934417376,0.00728480909965612,0.0,-0.0007842075065634968,14.566339506688692,250,25,86020,0.7105690406346901,,,
adaptive,503,0.4184740749890043,0.0071459969840477755,0.0,0.05061994694180215,13.851505300036711,250,25,86295,0.5483550282989447,,,
adaptive,504,0.4185264621119405,0.007179007155176775,0.0,-0.025454458980376456,14.412435126330593,250,25,86570,1.2348984256695599,,,
adaptive,505,0.4186060345253049,0.007339919026080943,0.0,-0.02796652934534138,14.461987377192383,250,25,86845,1.3177193676780203,,,
adaptive,506,0.41841685318300686,0.007374608608630817,0.0,0.011041454679652856,13.969156109625608,250,25,87120,1.5161336027095083,,,
adaptive,507,0.41840231511973075,0.007121643839671843,0.0,0.08066787173896628,13.838649073647305,250,25,87395,0.3870444204007333,,,
adaptive,508,0.41862886721312226,0.0072327205095694125,0.0,0.0028497902102595884,13.982205813383423,250,25,87670,0.9737907438037802,,,
adaptive,509,0.41859356984775015,0.007544880340675186,0.0,-0.021269990428115473,14.018895678382892,250,25,87945,0.44858693457236537,,,
adaptive,510,0.41859250521163066,0.007186367065774357,0.0,0.06551507574440397,14.534557984680614,250,25,88220,1.0880442432265762,,,
adaptive,511,0.4186290669361852,0.00744907465348793,0.0,0.015454278436900967,13.636401934271674,250,25,88495,0.44334627580959113,,,
adaptive,512,0.41865283621075267,0.007707208949477906,0.0,-0.023504826469705094,13.744271305117381,250,25,88770,0.3832228543103813,,,
adaptive,513,0.4187651304173757,0.00817677508099196,0.0,0.014782651292385741,14.588849540831408,250,25,89045,1.072215596569675,,,
adaptive,514,0.4188738453158811,0.007885620478959077,0.0,0.07885477679151595,14.659722491730072,250,25,89320,1.0075502936080283,,,
adaptive,515,0.41915994751338315,0.00782801539751965,0.0,-0.012637542548614657,14.790914047587634,250,25,89595,1.1222945124189287,,,
adaptive,516,0.4191791387233409,0.007847858868021695,0.0,0.016685414905373015,14.123180007854309,250,25,89870,0.36890407448495227,,,
adaptive,517,0.41910920314978733,0.008116908052331784,0.0,-0.0663421462425461,14.953631551307002,250,25,90145,1.4276468340333393,,,
adaptive,518,0.41910156895787887,0.008317000969018162,0.0,-0.01811100106849215,14.202329518445984,250,25,90420,0.2315272910511307,,,
adaptive,519,0.41916038879112966,0.008182454820765184,0.0,-0.019802131174674255,13.398791976591808,250,25,90695,0.37724046377914766,,,
adaptive,520,0.4192498425678846,0.008309216091580751,0.0,-0.05250143170606281,13.668865894685334,250,25,90970,0.3397086155005176,,,
adaptive,521,0.41925260974089623,0.008158573805786273,0.0,-0.011223937864008536,13.930656663612908,250,25,91245,0.8403085272645772,,,
adaptive,522,0.41905295858146974,0.007404373556889388,0.0,0.04824402747448226,13.503611266584807,250,25,91520,0.3103708678417309,,,
adaptive,523,0.4190320849915435,0.007359061828107194,0.0,0.04895114588542878,13.463786670414427,250,25,91795,0.3613080226346559,,,
adaptive,524,0.41915076389583067,0.0072505137119928675,0.0,-0.018197731751906164,15.342997645225395,250,25,92070,2.237327903695071,,,
adaptive,525,0.4191824039654889,0.0073927203937705355,0.0,-0.034153361231158676,14.772951377704823,250,25,92345,2.346044960139171,,,
adaptive,526,0.4193086277064328,0.006943978404802542,0.0,0.039243296976621544,13.53526047323435,250,25,92620,0.37179314520707013,,,
adaptive,527,0.4192426547124099,0.006348357688607087,0.0,0.0837054364227905,14.076598620575027,250,25,92895,0.6635456688313065,,,
adaptive,528,0.419054310569348,0.005898605024751258,0.0,0.032467666849144386,13.535092184747008,250,25,93170,0.3714536794733039,,,
adaptive,529,0.41895961601703186,0.006086513326043819,0.0,-0.04555666765609215,15.684882587563441,250,25,93445,2.687770322283462,,,
adaptive,530,0.4189071952526902,0.006177728874039223,0.0,0.006170434773068963,14.250948875944264,250,25,93720,1.2031234660032828,,,
adaptive,531,0.4188994338290479,0.0059464911649014796,0.0,0.00954441949313837,13.84261581326629,250,25,93995,0.32754343780201356,,,
adaptive,532,0.41881148682555314,0.005855359076916256,0.0,-0.021448418238131834,15.131681038999286,250,25,94270,1.073130875995367,,,
adaptive,533,0.4188422165822274,0.0060154719900255005,0.0,-8.251946353009803e-05,15.237928180428623,250,25,94545,1.2498153060323156,,,
adaptive,534,0.41875207232322,0.005863940000933432,0.0,-0.014226593539252336,14.573854724425065,250,25,94820,1.1367511821925504,,,
adaptive,535,0.4186305517365674,0.005715784737793217,0.0,0.04723589740903115,15.516121999744602,250,25,95095,2.221468632700706,,,
adaptive,536,0.4185259777372066,0.005079541442511437,0.0,0.0901249414819918,13.55764053152388,250,25,95370,0.3809081006966416,,,
adaptive,537,0.41863303016844133,0.005264413449514949,0.0,0.028879482124414615,14.612496934420086,250,25,95645,1.1790460362794968,,,
adaptive,538,0.4185354644977495,0.005186366290943822,0.0,-0.025022164859526644,13.675283925439393,250,25,95920,0.36953350320827766,,,
adaptive,539,0.4186969816545278,0.00528983205450817,0.0,0.0168026888381443,14.154946435656202,250,25,96195,0.32104350010493404,,,
adaptive,540,0.41867752932726865,0.005649813468398157,0.0,-0.041555494026212586,14.42778991508915,250,25,96470,1.0813775232572578,,,
adaptive,541,0.41881215160447904,0.005656162128693354,0.0,0.01026720043602298,14.976318496151142,250,25,96745,1.0052455767811135,,,
adaptive,542,0.41886986618259897,0.0057803923096682586,0.0,-0.022805951274800913,14.207526610906122,250,25,97020,0.38591043242516676,,,
adaptive,543,0.4188260580353974,0.006589657940913318,0.0,-0.06104509535800362,13.794900560065537,250,25,97295,0.34807321257215923,,,
adaptive,544,0.41868734865769464,0.0063265187553454005,0.0,0.0037385071831648443,13.419959646621564,250,25,97570,0.4994179343261655,,,
adaptive,545,0.41879229725353967,0.0059798393913264025,0.0,0.05505919914630393,13.452000840902052,250,25,97845,0.4476708581831526,,,
adaptive,546,0.41891929970685443,0.006733263630964048,0.0,-0.03134073085875212,14.999311699614807,250,25,98120,0.8638117086438146,,,
adaptive,547,0.41902661864504726,0.006619679371885068,0.0,-0.020910882159050407,13.732591611832909,250,25,98395,0.3402475990190456,,,
adaptive,548,0.418689309936149,0.006193358073663946,0.0,0.006530851523550742,15.132099933021099,250,25,98670,1.2160396517836873,,,
adaptive,549,0.4189230164829954,0.006162763657216241,0.0,-0.01235381222454418,14.598429773260204,250,25,98945,1.3145914853840677,,,
adaptive,550,0.41882555359682944,0.006477323298189452,0.0,0.0007737340764565902,14.167250969170246,250,25,99220,0.5286335082146076,,,
adaptive,551,0.41891770734016387,0.006878880848078306,0.0,-0.04504615869271561,13.744717559447205,250,25,99495,0.34070214693515005,,,
adaptive,552,0.41888295066545633,0.006665070610744395,0.0,0.0095080553894811,14.486652162165914,250,25,99770,1.022496483134418,,,
adaptive,553,0.4189668710896164,0.006817248740723314,0.0,-0.04017315532030216,13.734031655183005,250,25,100045,0.5655077414458042,,,
adaptive,554,0.41858461114057693,0.005996196766966944,0.0,0.028162499296138375,13.650207469609926,250,25,100320,0.3439803669700646,,,
adaptive,555,0.4184942056214422,0.005980037727691068,0.0,-0.02749019111186612,14.246122332668172,250,25,100595,1.0971199262560534,,,
adaptive,556,0.4184921844925241,0.006082315768289048,0.0,0.03998115248513083,13.421199908719714,250,25,100870,0.40551984469306457,,,
adaptive,557,0.4186318219634158,0.0060585067096874945,0.0,0.013435420099681916,15.030224569247899,250,25,101145,1.1493639516980603,,,
adaptive,558,0.41855055996893187,0.0056820953375397165,0.0,0.015322876213047775,13.521836858649758,250,25,101420,0.30016762470615527,,,
adaptive,559,0.4184447449362144,0.005966981872347121,0.0,-0.04732750417012304,13.659148800587374,250,25,101695,0.38643728879265066,,,
adaptive,560,0.41851345992656486,0.006141742888962243,0.0,0.06338058049943798,14.562102046364341,250,25,101970,1.1084271208767873,,,
adaptive,561,0.4184812670272467,0.005991634496001763,0.0,-0.0002991555325708016,15.120992860772406,250,25,102245,0.750427053922255,,,
adaptive,562,0.41852337415698954,0.005754887703792344,0.0,-0.014331559405390236,14.570565489421531,250,25,102520,1.043486925325578,,,
adaptive,563,0.4187314701385795,0.005854442951360839,0.0,-0.01347294448271173,13.196806735495509,250,25,102795,0.23043935946421878,,,
adaptive,564,0.41864970685087793,0.0058959961992683385,0.0,-0.00651107760905748,14.516853661674299,250,25,103070,0.8724322270173059,,,
adaptive,565,0.4188241900885416,0.005998830165293234,0.0,0.017317000721245528,13.64279038154292,250,25,103345,0.5384137968846026,,,
adaptive,566,0.418718931931885,0.005982383850216599,0.0,0.030051756543111426,15.222795082441111,250,25,103620,2.830748270878523,,,
adaptive,567,0.41886570927096783,0.0059307948992907145,0.0,-0.0021804556578943904,13.872816239601441,250,25,103895,0.41470727848414535,,,
adaptive,568,0.4190032836303306,0.006326289447657063,0.0,-0.04979848436750796,13.70609169679985,250,25,104170,0.3223619544126455,,,
adaptive,569,0.41907644175005404,0.006175039980969688,0.0,0.014674391859454157,14.63940590927725,250,25,104445,0.9267746799515466,,,
adaptive,570,0.4190570680277563,0.006450817580060553,0.0,-0.05183319204969365,13.902746545047142,250,25,104720,0.3882298552525121,,,
adaptive,571,0.41909732109393955,0.0060405834795172475,0.0,0.048117355070466016,14.516637496428501,250,25,104995,1.0856532524604232,,,
adaptive,572,0.4189755594775034,0.006257980714242828,0.0,-0.04140335822633967,13.7380721053641,250,25,105270,0.35505690558463204,,,
adaptive,573,0.41914097626412966,0.007001205719996295,0.0,-0.07722777679654134,15.143502354168412,250,25,105545,1.0050274695865762,,,
adaptive,574,0.41933181951582,0.007210282173362226,0.0,-0.03841787209015165,13.578558531640368,250,25,105820,0.4205304743613097,,,
adaptive,575,0.41940537088503926,0.007538288214854305,0.0,-0.015691993587288525,14.506224148934178,250,25,106095,1.2668472299357647,,,
adaptive,576,0.41913432053237937,0.006408528969575722,0.0,0.22115743789127643,13.748830696926088,8,25,106128,0.5482872103262161,,,
adaptive,577,0.41957321845179574,0.008203074140489486,0.0,-0.20067189445885064,13.80996561919752,8,25,106161,0.51751299228576,,,
adaptive,578,0.41967971978982066,0.008902515997395388,0.0,-0.15640667499744568,14.869204826782616,8,25,106194,1.6419053346667483,,,
adaptive,579,0.41993535606943994,0.009143956605866255,0.0,0.0023526536429766824,14.167033045841222,8,25,106227,0.2859712251063188,,,
adaptive,580,0.41980552412481814,0.007314408581502341,0.0,0.23269973535619015,13.991992098657198,8,25,106260,1.309863888853854,,,
adaptive,581,0.41997702023151523,0.008184463084559113,0.0,-0.16620306281121588,14.685907512360664,8,25,106293,0.8148718213579822,,,
adaptive,582,0.41989634728340974,0.008012433980690847,0.0,0.018756859227394604,13.40007666801171,8,25,106326,0.4366338121989799,,,
adaptive,583,0.4202133657896358,0.009763597436295124,0.0,-0.18943043719158884,14.718839846510877,8,25,106359,0.6666547499991395,,,
adaptive,584,0.420292492423374,0.009642697674128065,0.0,0.03256141980738887,14.701102607507021,8,25,106392,1.3331338730915576,,,
adaptive,585,0.4204610335902975,0.009987173220967982,0.0,-0.06973669208443263,14.550258871730225,8,25,106425,1.3410421059003728,,,
adaptive,586,0.4206907981021507,0.01091592744614972,0.0,-0.11596654594060671,13.838158956694471,8,25,106458,0.40718662066183436,,,
adaptive,587,0.4206615163892611,0.010447661086925242,0.0,0.0923673169649883,16.565591876790343,250,25,106733,3.7278177003259385,,,
adaptive,588,0.42065521996135596,0.010138017599701066,0.0,0.006075474802001391,13.812695917316324,250,25,107008,0.3555928595249446,,,
adaptive,589,0.42068280390461366,0.010135504676916762,0.0,-0.00013030959741685378,15.028924698775365,250,25,107283,1.1024311840014958,,,
adaptive,590,0.42060515465559806,0.010151964103556621,0.0,0.04635898095155171,14.170287922319508,250,25,107558,0.8733240415645732,,,
adaptive,591,0.4205963542304178,0.010131891417502592,0.0,0.0019841146757253255,13.90795872883188,250,25,107833,0.3764667599693315,,,
adaptive,592,0.42083557962127255,0.010165114458017932,0.0,-0.032666434239142735,13.805062020469158,250,25,108108,0.31258887338070174,,,
adaptive,593,0.42101217687408005,0.010362302045278049,0.0,-0.02399024748026077,13.355005892611947,250,25,108383,0.25483666781851394,,,
adaptive,594,0.4207645453521179,0.009872847721696554,0.0,0.06467290736731324,13.982454328033528,250,25,108658,0.522675182266874,,,
adaptive,595,0.420854202193165,0.009785813814594257,0.0,0.0058792969242896925,13.955175920852701,250,25,108933,0.383700412811036,,,
adaptive,596,0.4208971964877923,0.009911419711385039,0.0,0.013112299425143368,14.794502273866247,250,25,109208,1.2592130999000233,,,
adaptive,597,0.4209350326934366,0.009585850934537288,0.0,-0.013814683814337397,15.001864062389702,250,25,109483,1.0480180783219701,,,
adaptive,598,0.4210819922031458,0.009970889541507877,0.0,-0.01709274570353843,13.973571483146122,250,25,109758,0.46480365105468424,,,
adaptive,599,0.42088056580760047,0.009720932865672272,0.0,0.07390503196614666,14.103670762589099,250,25,110033,0.37583953027996125,,,
adaptive,600,0.4207774946047745,0.009804599124749958,0.0,-0.016639422612995714,13.906345491016706,250,25,110308,0.3138568974328653,,,
adaptive,601,0.4208033751578688,0.009523550624771004,-0.9,-0.9140100565720515,13.147746761484346,250,25,110583,0.27095356641862034,,,
adaptive,602,0.4209232254560175,0.008928097704256288,-0.9,-0.830778476864585,14.20036548923669,250,25,110858,0.28208872164294146,,,
adaptive,603,0.42107162775721035,0.009685286474179156,-0.9,-0.9158690770818887,13.41178815241075,250,25,111133,0.39616538297221887,,,
adaptive,604,0.4209466203096541,0.009214396951666648,-0.9,-0.8630568673775276,13.393774763095351,250,25,111408,0.43388569699548535,,,
adaptive,605,0.4209075008426027,0.008875109397255665,-0.9,-0.8810499084366492,13.10236805841291,250,25,111683,0.2920613217659475,,,
adaptive,606,0.4211645424103902,0.009111713808525046,-0.9,-0.8829365637184133,13.536861242354016,250,25,111958,0.2519668974066912,,,
adaptive,607,0.4211396541935196,0.009229362092431581,-0.9,-0.9063650793706574,13.706824171123968,250,25,112233,0.4542964040840737,,,
adaptive,608,0.4210852210847385,0.008863008111053228,-0.9,-0.8911262728840751,14.182458588629029,250,25,112508,0.283675268903315,,,
adaptive,609,0.42104387398451054,0.008773759472993137,-0.9,-0.8936339934663465,13.934823182061567,250,25,112783,0.22826097584732163,,,
adaptive,610,0.4211125671685925,0.008353249147440955,-0.9,-0.8646987375875419,13.317664940630364,250,25,113058,0.2633720569809459,,,
adaptive,611,0.4209146116914558,0.008217644416046166,-0.9,-0.8526135735459792,15.606261356625025,250,25,113333,2.162276990775814,,,
adaptive,612,0.42107824958761736,0.007769113313104037,-0.9,-0.8825818230956245,14.90568650404093,250,25,113608,1.0449997378298033,,,
adaptive,613,0.42124939576841997,0.008007462476495197,-0.9,-0.9293017796389155,14.631794255642426,250,25,113883,0.9422541167360644,,,
adaptive,614,0.4212515374044698,0.00795870029296003,-0.9,-0.8903242404881776,14.642633645964318,250,25,114158,1.067274714430553,,,
adaptive,615,0.4210332597769987,0.007252350644696481,-0.9,-0.8701441460290253,14.173316698980258,250,25,114433,0.2941430687369678,,,
adaptive,616,0.42124054717884885,0.007126557080595897,-0.9,-0.856916497742033,14.300726837903074,250,25,114708,1.1868012359163798,,,
adaptive,617,0.4212584224940755,0.0069800555658301455,-0.9,-0.8776701917864053,14.122566499820715,250,25,114983,0.3582078091500568,,,
adaptive,618,0.4210897262190204,0.006538395655656004,-0.9,-0.8139668449758967,13.549339187142479,250,25,115258,0.4713568279651224,,,
adaptive,619,0.4210707960332317,0.006881958894003559,-0.9,-0.9311011864821596,13.882664196592955,250,25,115533,0.28302378547051477,,,
adaptive,620,0.4210966457491121,0.007088574193955366,-0.9,-0.9718389112242436,15.063363756952873,250,25,115808,0.7926534610857279,,,
adaptive,621,0.4212991772213936,0.008037698046492459,-0.9,-0.9780620174744336,13.066759057199587,250,25,116083,0.19881001317092628,,,
adaptive,622,0.421435146043884,0.008351499984962873,-0.9,-0.8803688762704199,14.795082379588473,250,25,116358,0.9782488122786273,,,
adaptive,623,0.42126856162007364,0.008310388298352456,-0.9,-0.9005054953503273,15.146630106049678,250,25,116633,1.200379625512811,,,
adaptive,624,0.421179813370333,0.008349593443957526,-0.9,-0.8949295352306396,14.019907370584491,250,25,116908,0.5322854516822454,,,
adaptive,625,0.42110284511512336,0.008471953981016411,-0.9,-0.9310321543191152,14.45842653341401,250,25,117183,1.0888720433288797,,,
adaptive,626,0.4211364763221172,0.008403740808656579,-0.9,-0.927319078090365,13.862944755946918,250,25,117458,0.2781763110654176,,,
adaptive,627,0.42114760361756043,0.008597953616223064,-0.9,-0.9514992225394266,14.959446992692376,250,25,117733,1.1617389766290733,,,
adaptive,628,0.4210670602565967,0.00848742480264153,-0.9,-0.9320793406137722,13.976268219016873,250,25,118008,0.2908143116160938,,,
adaptive,629,0.4210990465553473,0.008400751909253101,-0.9,-0.9316048742676473,14.940164343731734,250,25,118283,0.8820045809925036,,,
adaptive,630,0.4209348356297662,0.00805094007085877,-0.9,-0.8196038881861591,15.021914837993833,250,25,118558,0.8600448323350379,,,
adaptive,631,0.42098880943323175,0.008029578630474599,-0.9,-0.8441011666644919,15.156080408464641,250,25,118833,0.9785540866337632,,,
adaptive,632,0.4210018273551874,0.008058215094426446,-0.9,-0.8937961213432526,15.109322745049068,250,25,119108,0.9080996756464979,,,
adaptive,633,0.42094560961059946,0.007575414820574333,-0.9,-0.8414389647143622,13.674453169663462,250,25,119383,0.28676169738650115,,,
adaptive,634,0.4208858939674388,0.007402728872880016,-0.9,-0.8973440602911955,14.349759321326601,250,25,119658,0.8773873221900292,,,
adaptive,635,0.4207811282302782,0.00755478307643187,-0.9,-0.8915695313059049,14.600348569946219,250,25,119933,1.1743031852472479,,,
adaptive,636,0.4206524033002818,0.007688609132042001,-0.9,-0.8881247593851237,13.279884459153608,250,25,120208,0.21897920544749727,,,
adaptive,637,0.42070974486356955,0.007860065494903257,-0.9,-0.9031432565361548,13.505146526438757,250,25,120483,0.3651186622355486,,,
adaptive,638,0.420674786102332,0.007852254657867375,-0.9,-0.9043398016152888,13.775176906584083,250,25,120758,0.32739317323292755,,,
adaptive,639,0.4205828434303079,0.007786365878385215,-0.9,-0.8740788330749868,13.293304130746689,250,25,121033,0.3321712829575577,,,
adaptive,640,0.42031199581297934,0.007302617975466719,-0.9,-0.8487792798825475,14.77259120331045,250,25,121308,2.1748602021018844,,,
adaptive,641,0.4205177578638752,0.007361924503784811,-0.9,-0.9343977475182927,13.78706144675333,250,25,121583,0.2705659937968888,,,
adaptive,642,0.4205409780528348,0.007603755488266306,-0.9,-0.9307348803566738,15.038018512600189,250,25,121858,1.0465207374428673,,,
adaptive,643,0.4205711398588683,0.007409195907594424,-0.9,-0.8829487475796424,13.451095796748715,250,25,122133,0.3920196466825373,,,
adaptive,644,0.42069031945265517,0.00787949160869289,-0.9,-0.9562055881211596,14.561737432444687,250,25,122408,1.058284822812292,,,
adaptive,645,0.42080209482394276,0.00815362046598922,-0.9,-0.922447848177384,13.836596238885974,250,25,122683,0.3963288858551459,,,
adaptive,646,0.42067897197599113,0.0078047629863233214,-0.9,-0.8305035698647603,14.60213076389536,250,25,122958,1.1222067122464998,,,
adaptive,647,0.4206286125412936,0.008081951596698778,-0.9,-0.934478009767384,14.180133105903137,250,25,123233,0.2800587194120877,,,
adaptive,648,0.4206756422705089,0.00839337920186245,-0.9,-0.9405839981141142,13.37320401561328,250,25,123508,0.3254836003346818,,,
adaptive,649,0.42068391420904366,0.008784014080858216,-0.9,-0.9218149525285102,13.978375457696695,250,25,123783,0.32614112165711145,,,
adaptive,650,0.42068152510521817,0.008706364444773629,-0.9,-0.8945290563555544,15.073131648966731,250,25,124058,1.1158207950451382,,,
adaptive,651,0.42056512238921684,0.008915496088624408,-0.9,-0.9442151000479286,14.037710159570498,250,25,124333,0.3614578745335604,,,
adaptive,652,0.4206283083325324,0.00900459079393201,-0.9,-0.9369977626660897,14.202261688871689,250,25,124608,0.3762613940291432,,,
adaptive,653,0.42064678777995873,0.009196440104497328,-0.9,-0.9269819414132475,14.157599810196167,250,25,124883,0.37401402431395286,,,
adaptive,654,0.4207243687310994,0.00904347399733435,-0.9,-0.8962265738294318,14.073770862153557,250,25,125158,0.3128165760702968,,,
adaptive,655,0.421021819419638,0.009567795478565011,-0.9,-0.9381670792525506,14.34878030818697,250,25,125433,1.1386759991854634,,,
adaptive,656,0.4209071520399687,0.009212676044519807,-0.9,-0.8876736148062286,13.57564089344719,250,25,125708,0.3272258115879414,,,
adaptive,657,0.4211287226745132,0.00954940077117794,-0.9,-0.9249891577211337,14.1114894908373,250,25,125983,1.0863388559364653,,,
adaptive,658,0.42117239881393853,0.009271561257195748,-0.9,-0.8280514924924959,13.771679970237084,250,25,126258,0.2729661716400462,,,
adaptive,659,0.4211503328023748,0.009112065796919144,-0.9,-0.9125096161173823,13.514052490203799,250,25,126533,0.4180566044881693,,,
adaptive,660,0.4211851995218399,0.008907915758813167,-0.9,-0.8222385343622058,13.39546532825346,250,25,126808,0.33304986869786884,,,
adaptive,661,0.42126455888610614,0.00912635738357781,-0.9,-0.8922667200306198,14.673544083656777,250,25,127083,0.9432894524832304,,,
adaptive,662,0.4215574720275696,0.009302743079026177,-0.9,-0.8896713157346855,14.760622616928238,250,25,127358,1.1134381983428498,,,
adaptive,663,0.42161350948900667,0.009296572062624409,-0.9,-0.9323626712482513,14.14242272416936,250,25,127633,0.3799824634461512,,,
adaptive,664,0.42179641586873867,0.009470686972969988,-0.9,-0.897148356612828,15.133342960570829,250,25,127908,1.156109516479542,,,
adaptive,665,0.42174231242311694,0.009331810417226971,-0.9,-0.9354602199481384,14.41736259296411,250,25,128183,1.063768297441754,,,
adaptive,666,0.42148808614233213,0.008439764655179982,-0.9,-0.7719250901896731,13.899960024036734,250,25,128458,0.5183572859447058,,,
adaptive,667,0.421532144509612,0.008373561578282618,-0.9,-0.8930755071062741,13.957373465467203,250,25,128733,0.29840528729103677,,,
adaptive,668,0.42170237652859427,0.008646147644524815,-0.9,-0.9354922947665422,14.37651180204655,250,25,129008,0.9245329475314787,,,
adaptive,669,0.42147032391087713,0.008273912966374308,-0.9,-0.9085587410346834,14.065363465113554,250,25,129283,0.27739876244816336,,,
adaptive,670,0.4212536994803569,0.007942606987802914,-0.9,-0.902810453020819,13.798369526027772,250,25,129558,0.49193043797206115,,,
adaptive,671,0.42125953140884936,0.007824952417198383,-0.9,-0.8423150717692333,14.115217652159993,250,25,129833,0.36205277825119525,,,
adaptive,672,0.42124045927035625,0.007797771461514946,-0.9,-0.8284587092414869,14.839832597256258,250,25,130108,1.1480149304209752,,,
adaptive,673,0.4211628782489519,0.007771411038975273,-0.9,-0.9170816154598058,16.18909085570446,250,25,130383,2.3413777777683213,,,
adaptive,674,0.4214181437542459,0.008887767337270092,-0.9,-0.9713908441460729,13.466478062180277,250,25,130658,0.41829853699614405,,,
adaptive,675,0.42153493848624074,0.008992456005489036,-0.9,-0.8821559754203836,13.536611740374006,250,25,130933,0.2678500561980043,,,
adaptive,676,0.42152087737054245,0.00962506631994392,-0.9,-0.9617037169010514,15.350217224886947,250,25,131208,2.0246451791081914,,,
adaptive,677,0.4214401754730326,0.009185568006072842,-0.9,-0.8895278125085633,13.861727591736232,250,25,131483,0.3530104323672248,,,
adaptive,678,0.42152839378784646,0.009433770079518344,-0.9,-0.9519656084315805,13.378873207677511,250,25,131758,0.2168684176536311,,,
adaptive,679,0.421493991015088,0.00885471561657758,-0.9,-0.8216203008547165,14.818765406777366,250,25,132033,1.058079001458167,,,
adaptive,680,0.4213627738328899,0.00889342741312621,-0.9,-0.8612934975328091,14.67401691632213,250,25,132308,1.1750397971796214,,,
adaptive,681,0.42131892310958485,0.008822995881675566,-0.9,-0.9194376839549725,13.35647509480938,250,25,132583,0.19981322853682135,,,
adaptive,682,0.421427591627359,0.008712440062128901,-0.9,-0.8932572977071785,15.185221468432077,250,25,132858,1.5406622679346664,,,
adaptive,683,0.42154462516667646,0.008972510681925006,-0.9,-0.8948283785627991,13.252409437465383,250,25,133133,0.24505048914792635,,,
adaptive,684,0.4215182496458412,0.009013657500037131,-0.9,-0.868179091993267,14.0276300011794,250,25,133408,0.42964746506593415,,,
adaptive,685,0.4216316634740484,0.009340939769458934,-0.9,-0.9146196801036361,14.187055950069745,250,25,133683,1.2105442020425934,,,
adaptive,686,0.4214804953836701,0.009199376056039044,-0.9,-0.8817339138787468,14.504497873872506,250,25,133958,1.0532334693360477,,,
adaptive,687,0.4214093584067442,0.00956366092930716,-0.9,-0.9268302635007867,14.114240791970362,250,25,134233,0.39884448403948386,,,
adaptive,688,0.421314179604366,0.009220794632311902,-0.9,-0.8540488262735344,14.3111574140608,250,25,134508,1.1539300962619594,,,
adaptive,689,0.42141373303265106,0.009129081603804046,-0.9,-0.9170133799687482,14.619431944869588,250,25,134783,2.3749077722191134,,,
adaptive,690,0.4212982200459336,0.009200950317912293,-0.9,-0.9158588425401198,13.61857309180425,250,25,135058,0.4830983315257114,,,
adaptive,691,0.42117373388607354,0.009358180785828951,-0.9,-0.941320739405437,15.015149845850138,250,25,135333,0.7230163115214822,,,
adaptive,692,0.42103837752671586,0.008497025863677843,-0.9,-0.9182690033483031,14.230765563136838,250,25,135608,0.8764119526116527,,,
adaptive,693,0.4211737834482064,0.008731460016411341,-0.9,-0.9328672967765054,13.458042294461467,250,25,135883,0.4403028850209186,,,
adaptive,694,0.4208691948052345,0.008548221683322477,-0.9,-0.8704407456159546,13.451434194344916,250,25,136158,0.30054816944448154,,,
adaptive,695,0.4209238551317607,0.008870049041781514,-0.9,-0.9022099990302923,13.24713070878382,250,25,136433,0.2202731523112124,,,
adaptive,696,0.4208870124328535,0.009223377415047307,-0.9,-0.939443919822161,13.484059758549582,250,25,136708,0.3988264716060046,,,
adaptive,697,0.42115041220412613,0.009441648349610476,-0.9,-0.9129140836335835,13.420580628908425,250,25,136983,0.34081083316752514,,,
adaptive,698,0.4212155065845466,0.009139272780173902,-0.9,-0.8658667150120615,14.806035045483476,250,25,137258,1.142239066541461,,,
adaptive,699,0.42113462660676515,0.008550429094082657,-0.9,-0.8527228895008245,14.115156486292188,250,25,137533,0.48962957511959043,,,
adaptive,700,0.42118712211452775,0.008599190390923217,-0.9,-0.8966557960165479,14.189013987635512,250,25,137808,0.4438116130753253,,,
adaptive,701,0.4211143227872454,0.00827524045988648,-0.9,-0.9078417415388662,14.803554696121251,250,25,138083,0.8575558080480933,,,
adaptive,702,0.42102632407042273,0.00833102945747477,-0.9,-0.8976915558636679,14.812721094389257,250,25,138358,1.229061976457908,,,
adaptive,703,0.420933557635369,0.00841432562813399,-0.9,-0.8998205627955238,14.9101994769787,250,25,138633,1.1642298411460732,,,
adaptive,704,0.4209339939944048,0.008810512670005155,-0.9,-0.9741471010695474,14.012307112161858,250,25,138908,1.0651984013814026,,,
adaptive,705,0.42114149965724507,0.008330222049440339,-0.9,-0.8474323403842312,13.979214961748896,250,25,139183,0.4435202255106283,,,
adaptive,706,0.42126111140110123,0.008508953849874767,-0.9,-0.893303310653327,13.418016494369148,250,25,139458,0.5114381031844127,,,
adaptive,707,0.42118775143751536,0.008172325854050755,-0.9,-0.8234138246965905,14.960513524874468,8,25,139491,1.4586596402352585,,,
adaptive,708,0.421182505361371,0.007486974894502896,-0.9,-0.8566676708087465,15.002903646983496,8,25,139524,0.7400586160901939,,,
adaptive,709,0.4211874954513134,0.009037784676297289,-0.9,-1.1047563243178715,13.522129844132031,8,25,139557,0.6233957195561391,,,
adaptive,710,0.4209312768285788,0.007438856405898087,-0.9,-0.7734483485607733,14.63802432479768,8,25,139590,1.4955732609890753,,,
adaptive,711,0.42079376280765884,0.006617081313952555,-0.9,-0.8290496136173143,13.508838712843335,8,25,139623,0.40570623991068777,,,
adaptive,712,0.4207558884850304,0.007809536462634825,-0.9,-1.0252584667563311,14.956760617738324,8,25,139656,0.867332967232954,,,
adaptive,713,0.421351163864926,0.013165408179691196,-0.9,-1.5036400490975188,13.538392523224136,8,25,139689,1.1939514239600058,,,
adaptive,714,0.4213167394476761,0.012930701834353964,-0.9,-0.8943386926650349,13.953945010728532,8,25,139722,0.4382180397277678,,,
adaptive,715,0.42120112605564636,0.011804471295732144,-0.9,-0.7802634702061086,13.507000306174621,8,25,139755,0.7167912035132314,,,
adaptive,716,0.421307547736536,0.014106907533930957,-0.9,-1.1697543821104128,14.217232053979592,8,25,139788,1.4179273632014293,,,
adaptive,717,0.42111012184197005,0.01310440973265603,-0.9,-0.8035690568619474,13.865166331017369,8,25,139821,0.3903738477588214,,,
adaptive,718,0.4208310884015601,0.010122410983201546,-0.9,-0.565854742518966,14.958284712495548,8,25,139854,3.4064885001471805,,,
adaptive,719,0.4206547718582934,0.006700803880171302,-0.9,-0.4923368151759752,13.95280005344862,8,25,139887,0.9540902590241734,,,
adaptive,720,0.42078323667814155,0.006698361386662244,-0.9,-0.9442380042476568,15.346288854835064,250,25,140162,2.0502519371552403,,,
adaptive,721,0.4207894918273222,0.006679338926217471,-0.9,-0.8787356767979034,14.077668324878065,250,25,140437,1.1393721914713961,,,
adaptive,722,0.4206305106765812,0.006231457622462799,-0.9,-0.8934901327094875,14.013414662888476,250,25,140712,1.0819059397848276,,,
adaptive,723,0.4208175315369005,0.007306257281092077,-0.9,-0.9677313679053682,14.939078171376385,250,25,140987,1.014003864460618,,,
adaptive,724,0.4209698870478822,0.007333443284025021,-0.9,-0.9335130763673678,14.256218087204816,250,25,141262,0.4412509634529574,,,
adaptive,725,0.4209286012863708,0.007884930748090213,-0.9,-0.9393397818148596,13.487352390669189,250,25,141537,0.5391104545376111,,,
adaptive,726,0.42107929910875647,0.008187189493450486,-0.9,-0.9203262485766727,14.127636831503079,250,25,141812,0.2894402399215063,,,
adaptive,727,0.4211424769673808,0.008215595509472262,-0.9,-0.9100556892345532,13.965090403178001,250,25,142087,0.42696235889479217,,,
adaptive,728,0.42113021162550657,0.00818348854420442,-0.9,-0.9189152663037357,13.186043991681462,250,25,142362,0.21871620222409796,,,
adaptive,729,0.42118164598899804,0.008130013358528532,-0.9,-0.923597129808327,14.273696382833482,250,25,142637,1.0414487896384867,,,
adaptive,730,0.421170342366119,0.007593693292066328,-0.9,-0.874691367947426,14.969042927436105,250,25,142912,0.777930700762802,,,
adaptive,731,0.4211374573286295,0.007362900608909206,-0.9,-0.8755980522679284,15.951157208384084,250,25,143187,2.259933136981988,,,
adaptive,732,0.4212739972230789,0.007615807157911103,-0.9,-0.9131119839825683,13.864553992334606,250,25,143462,0.3391896605171992,,,
adaptive,733,0.4210181289669464,0.007137183092893518,-0.9,-0.8670812350358762,14.531438740689985,250,25,143737,1.0714455197995496,,,
adaptive,734,0.4209307842630142,0.006989789501264165,-0.9,-0.8704298681788377,13.089871471165283,250,25,144012,0.2184139275114797,,,
adaptive,735,0.42106991321406634,0.00706562766852048,-0.9,-0.8778878645427569,14.271325199135203,250,25,144287,1.1414663610521092,,,
adaptive,736,0.4208172762113023,0.006649085190473691,-0.9,-0.9089318038467692,13.385330762611822,250,25,144562,0.3315427228241798,,,
adaptive,737,0.421045691365616,0.0069106776583384155,-0.9,-0.960420741450511,13.503584530491334,250,25,144837,0.4077704788914909,,,
adaptive,738,0.42116233987271223,0.00742049643035847,-0.9,-0.9536993917015769,15.936280256456577,250,25,145112,2.4197862227912634,,,
adaptive,739,0.42099153215275603,0.007880033862930402,-0.9,-0.948153491397899,14.206141944010316,250,25,145387,0.9918469750099764,,,
adaptive,740,0.4210326636420871,0.00818699317985122,-0.9,-0.9315855417080829,13.850049272379469,250,25,145662,0.34220822854384336,,,
adaptive,741,0.42113617200568465,0.008015254612909029,-0.9,-0.8358023221476972,13.397662473745267,250,25,145937,0.21752930127914835,,,
adaptive,742,0.42111788682179807,0.00784000564555426,-0.9,-0.8851104511831628,13.246594432523262,250,25,146212,0.24653526975674214,,,
adaptive,743,0.42101497484345096,0.00783078959823258,-0.9,-0.9527854837715853,13.48029217631124,250,25,146487,0.3425583775288483,,,
adaptive,744,0.4210352742468188,0.007741771509981787,-0.9,-0.9060452064458545,15.01993151432626,250,25,146762,1.127294431012164,,,
adaptive,745,0.4209261139357607,0.007454520809480447,-0.9,-0.9053784439132821,13.526698829330096,250,25,147037,0.4517182273692014,,,
adaptive,746,0.42064617256583187,0.00623385675949939,-0.9,-0.8040600791027555,13.397806364053753,250,25,147312,0.44705682424873683,,,
adaptive,747,0.4206891997769959,0.0061229358478600004,-0.9,-0.9247670667803543,13.209626653484293,250,25,147587,0.3247538578940504,,,
adaptive,748,0.42081897201226903,0.005735015573796409,-0.9,-0.8676239253594075,13.587450687051739,250,25,147862,0.43366385354074555,,,
adaptive,749,0.4207842944888804,0.006128986493868782,-0.9,-0.9105462081173965,13.31397953681435,250,25,148137,0.22889379323422002,,,
adaptive,750,0.4209744100337775,0.006512750307146931,-0.9,-0.9132379794938411,13.96539115927812,250,25,148412,1.2525953717133176,,,
adaptive,751,0.4206072349109513,0.006112015683357008,-0.9,-0.8798991775395095,15.061489507001227,250,25,148687,1.16587464468703,,,
adaptive,752,0.4207092337435887,0.00630461920443276,-0.9,-0.8906662199969503,14.002656513505574,250,25,148962,0.24708369507336178,,,
adaptive,753,0.4207208013968229,0.005878072125321987,-0.9,-0.9388041569105112,14.096005535508697,250,25,149237,0.41333344754266266,,,
adaptive,754,0.4208417479033691,0.006209959906047835,-0.9,-0.9597696529661298,13.729514954903388,250,25,149512,0.4311236872706735,,,
adaptive,755,0.42102267935873433,0.005957290066612053,-0.9,-0.9005318158922505,14.493661353419435,250,25,149787,0.9213420562434418,,,
adaptive,756,0.4209605238820212,0.006072086967530588,-0.9,-0.9281419692549163,13.295627267898482,250,25,150062,0.21155530622429664,,,
adaptive,757,0.4213653678620163,0.006906588049300166,-0.9,-0.9917686544369627,13.261942317414613,250,25,150337,0.5249070572789142,,,
adaptive,758,0.4211984193311968,0.006169057329724614,-0.9,-0.7896177566586847,14.906026557797132,250,25,150612,1.1243641751454616,,,
adaptive,759,0.4212822851853919,0.006073351335179333,-0.9,-0.8984817051292693,15.318493865730026,250,25,150887,2.1028780533825664,,,
adaptive,760,0.4210763448758055,0.005862712760410449,-0.9,-0.8897869210116797,13.934155323821452,250,25,151162,1.0262732346107477,,,
adaptive,761,0.4210581200574153,0.00592741235726596,-0.9,-0.9334621942759233,14.200621543122699,250,25,151437,0.25251668956880297,,,
adaptive,762,0.4211905521441174,0.0057836529266054315,-0.9,-0.886447723325739,15.094685069985282,250,25,151712,2.3157894691146144,,,
adaptive,763,0.4212218753812366,0.006004391383190588,-0.9,-0.930922784884037,14.096985333178687,250,25,151987,0.39288788759339754,,,
adaptive,764,0.42105177309429836,0.005688336445362208,-0.9,-0.8982097538352454,14.83630833288602,250,25,152262,1.14310344447507,,,
adaptive,765,0.42135143985608103,0.00597128917630374,-0.9,-0.9397911812628057,15.020228433704052,250,25,152537,1.3279449817430062,,,
adaptive,766,0.42133488689643894,0.00618438558623402,-0.9,-0.9346296291961219,14.273183426954644,250,25,152812,0.25763652822349287,,,
adaptive,767,0.42138597225803964,0.00598053019302186,-0.9,-0.9122596872491624,13.44147783810862,250,25,153087,0.26797264047221936,,,
adaptive,768,0.42161695506008806,0.006521175575740834,-0.9,-0.943259201642115,13.87778502862574,250,25,153362,0.39367231373217565,,,
adaptive,769,0.42144017182913834,0.006068189712037042,-0.9,-0.8143454558266048,14.451445259096863,250,25,153637,1.4573813750234799,,,
adaptive,770,0.4213917574468869,0.00593923563782478,-0.9,-0.9000313583265093,13.415535741821023,250,25,153912,0.3594629976576176,,,
adaptive,771,0.4212710530030079,0.005684465307627451,-0.9,-0.8948321231508803,14.319388128101513,250,25,154187,1.1250555443911725,,,
adaptive,772,0.4213627703839475,0.0055459898081686165,-0.9,-0.9306629192644774,13.648191325933889,250,25,154462,0.34945634163317424,,,
adaptive,773,0.4213026577849938,0.005485571233538877,-0.9,-0.8748362033984959,14.721431794856754,250,25,154737,2.4650929723258677,,,
adaptive,774,0.4214420759631119,0.005003482638904544,-0.9,-0.8606824218666258,13.958588302367176,250,25,155012,0.3364985031709163,,,
adaptive,775,0.4212507810868172,0.004800786519304268,-0.9,-0.8998624563745924,13.917838645311399,250,25,155287,1.3990400256127762,,,
adaptive,776,0.42109564889602163,0.005187940951456971,-0.9,-0.903865752795424,14.849403109021766,250,25,155562,1.0268533743752977,,,
adaptive,777,0.4211002308616715,0.005606114321130451,-0.9,-0.8542534692554422,13.869984966133297,250,25,155837,0.3548843566957684,,,
adaptive,778,0.42094792355039606,0.005222853034532293,-0.9,-0.8823953136595409,13.93918029632102,250,25,156112,0.44883942865819865,,,
adaptive,779,0.4209614081759516,0.005475166215246241,-0.9,-0.9002071671578682,14.193710179328585,250,25,156387,0.36158966349020294,,,
adaptive,780,0.4209535429644247,0.005566737609440875,-0.9,-0.8895527880645742,13.406197195744403,250,25,156662,0.25107253488113107,,,
adaptive,781,0.42122407113073707,0.005914108133637741,-0.9,-0.9214108274763159,13.917920008234802,250,25,156937,0.41380488003930527,,,
adaptive,782,0.42109045913089815,0.005504674876011473,-0.9,-0.8415884564347336,14.194144029793863,250,25,157212,1.447396905415647,,,
adaptive,783,0.42105773989110007,0.005468648948520616,-0.9,-0.9383383369182939,14.09295052405336,250,25,157487,0.36322323367519327,,,
adaptive,784,0.4206351825856434,0.005144435910616307,-0.9,-0.7937543855247151,13.238213103774177,250,25,157762,0.25735749607257474,,,
adaptive,785,0.42059362006387624,0.004815912422831026,-0.9,-0.9241652681565019,13.444371196666648,250,25,158037,0.31539174058748354,,,
adaptive,786,0.42078421476621325,0.005166801769733609,-0.9,-0.8935608590516119,15.252883632094024,250,25,158312,2.010177795366881,,,
adaptive,787,0.4209452080762038,0.0052503548798483735,-0.9,-0.9051328507183412,15.134977030842084,250,25,158587,1.0370896100218703,,,
adaptive,788,0.4208414052777883,0.005315747813815608,-0.9,-0.8980419376482973,14.462977095895141,250,25,158862,1.2922923237458837,,,
adaptive,789,0.4207885694769069,0.0056697879000043305,-0.9,-0.921181291474991,14.556401324698747,250,25,159137,1.0440889298315439,,,
adaptive,790,0.4207571715334012,0.0055860216624630255,-0.9,-0.9140607401839637,13.513417534067788,250,25,159412,0.34111790823548777,,,
adaptive,791,0.42073533924471934,0.005865316054725678,-0.9,-0.9424222123996635,13.726600589075812,250,25,159687,0.43041404310804776,,,
adaptive,792,0.4207344244271763,0.005787022483282167,-0.9,-0.8561891035263691,13.42917380916516,250,25,159962,0.42407409239559773,,,
adaptive,793,0.4208722117249372,0.005733768511561599,-0.9,-0.9445116237845587,14.626699816031724,250,25,160237,1.43966501537214,,,
adaptive,794,0.42053628827561296,0.005261225928761937,-0.9,-0.8714349089415647,14.14540856237829,250,25,160512,0.32700952971184194,,,
adaptive,795,0.4206328078935569,0.005118260676838571,-0.9,-0.8908395544630573,14.397955820015143,250,25,160787,0.8064053565670539,,,
adaptive,796,0.4206762917104278,0.004711408542469708,-0.9,-1.00054297124756,13.507227468234905,250,25,161062,0.6505658113032968,,,
adaptive,797,0.4206431870691201,0.004588612157818084,-0.9,-0.9456515821668199,14.359242099083824,250,25,161337,1.1031704407158585,,,
adaptive,798,0.4208255698751604,0.00473439117568919,-0.9,-0.9171912316860782,13.874703553653797,250,25,161612,0.33686769551523854,,,
adaptive,799,0.4211559894611322,0.00538684034095771,-0.9,-0.977895468562305,14.359487672213628,250,25,161887,1.2389554943889882,,,
adaptive,800,0.4211398989325427,0.0052926229017633,-0.9,-0.9048266653738981,15.493024033336015,250,25,162162,2.7133003322474556,,,
adaptive,801,0.42118912732675673,0.004988181606725206,-0.9,-0.8619290128511278,14.160550144262244,250,25,162437,1.1848670195221966,,,
adaptive,802,0.42118183251682256,0.005089146846278536,-0.9,-0.8884630527727136,14.4559885543686,250,25,162712,2.45030588640223,,,
adaptive,803,0.42109563380610804,0.004878344118827149,-0.9,-0.835988165446113,13.449976856299411,250,25,162987,0.46855529197939005,,,
adaptive,804,0.42105821264203314,0.004906790687378704,-0.9,-0.9546648014343467,13.450925912754789,250,25,163262,0.2754824576944395,,,
adaptive,805,0.4210306425211084,0.004935934023182209,-0.9,-0.9113949576174462,13.831822732631734,250,25,163537,0.3797288944926824,,,
adaptive,806,0.4211099383992194,0.005252615088748469,-0.9,-0.9417305543850083,14.19314348059476,250,25,163812,1.084256927956811,,,
adaptive,807,0.4211358992769934,0.0048855952729812135,-0.9,-0.8752433448490605,13.787762779551935,250,25,164087,0.46831913842877987,,,
adaptive,808,0.4211311556937408,0.004484365085243469,-0.9,-0.8589850497124942,13.5857116551351,250,25,164362,0.2646743837514191,,,
adaptive,809,0.421060792035185,0.004471895769103895,-0.9,-0.8753079805131848,15.010271762689227,250,25,164637,1.1194959771153203,,,
adaptive,810,0.4211695903323278,0.004203674900514653,-0.9,-0.8649712384713982,13.640447676164126,250,25,164912,0.339157518053363,,,
adaptive,811,0.4211417734492194,0.004102633667467603,-0.9,-0.8536948756916011,14.955464967882996,250,25,165187,1.2920105189240714,,,
adaptive,812,0.4211113880006259,0.004188538257042906,-0.9,-0.9285030313015418,13.4587384996019,250,25,165462,0.3070427900959772,,,
adaptive,813,0.4211228844735899,0.003891017760273785,-0.9,-0.8280108490478839,14.866172652913146,250,25,165737,1.0359777993354575,,,
adaptive,814,0.4211722400229938,0.004003388157280852,-0.9,-0.8781412124223106,14.447608538274107,250,25,166012,0.9970517105985308,,,
adaptive,815,0.4210027937660376,0.003857742470943226,-0.9,-0.8201655811737805,14.489868158338925,250,25,166287,1.181984963441965,,,
adaptive,816,0.42090259650849415,0.003736673920805289,-0.9,-0.8400293685356738,15.602075256905493,250,25,166562,2.4008101199387792,,,
adaptive,817,0.4209384643881418,0.0039650668309196835,-0.9,-0.8897414232418472,13.91917309363699,250,25,166837,0.2948953794879586,,,
adaptive,818,0.4211632642885251,0.004042428478736648,-0.9,-0.9175363832075126,15.109103776270379,250,25,167112,1.0436955608261904,,,
adaptive,819,0.42103364012037814,0.003925556106246675,-0.9,-0.9127549608262581,13.383114543528226,250,25,167387,0.36289594817657783,,,
adaptive,820,0.42097101623179756,0.003780922209040305,-0.9,-0.8137390320734686,13.439997607420064,250,25,167662,0.5195830073113684,,,
adaptive,821,0.42121772685507375,0.003703229552469378,-0.9,-1.0497919225829486,13.866511768181319,250,25,167937,0.34851453940316623,,,
adaptive,822,0.42122969563720003,0.003556437169134785,-0.9,-0.9067613084354476,15.069610491589213,250,25,168212,1.419546283654475,,,
adaptive,823,0.4210082776259294,0.003438503032276774,-0.9,-0.8907337780328279,13.639392547426109,250,25,168487,0.3974252645531669,,,
adaptive,824,0.4212507970466306,0.0037227756855847116,-0.9,-0.925182885774688,13.922770924321288,250,25,168762,0.2914017881852262,,,
adaptive,825,0.4214003243441608,0.0038917729316195193,-0.9,-0.9186539738241681,15.486842402413693,250,25,169037,2.4683438878582185,,,
adaptive,826,0.42141660653042795,0.003966856434472532,-0.9,-0.8789210218166514,15.075463893165622,250,25,169312,1.306580748450262,,,
adaptive,827,0.42147881150218286,0.0038709874702572145,-0.9,-0.890164626148332,14.782265413749185,250,25,169587,0.9356282918659582,,,
adaptive,828,0.42124974017019423,0.003676213604393408,-0.9,-0.8425122239806141,14.184330395710255,250,25,169862,1.443305822395692,,,
adaptive,829,0.4212495178843059,0.003725726407615093,-0.9,-0.8726792286065536,14.539106618755504,250,25,170137,1.1162593181445502,,,
adaptive,830,0.4213300487528619,0.0039519242106971775,-0.9,-0.8597029744699435,13.47518003910881,250,25,170412,0.5197562577708125,,,
adaptive,831,0.42127243416746685,0.004078643337185939,-0.9,-0.8607247528722212,15.474710132443823,250,25,170687,2.9137046425461373,,,
adaptive,832,0.4213238935060161,0.003927127805193831,-0.9,-0.9215856578871687,13.406821901194702,250,25,170962,0.5497629923398455,,,
adaptive,833,0.42146185442331136,0.0042177287448113,-0.9,-0.8735000652181589,14.119231495981662,250,25,171237,0.3384480593493368,,,
adaptive,834,0.421401444652548,0.0039684046363788195,-0.9,-0.8304051410088029,14.667739989620634,250,25,171512,1.1929148890134607,,,
adaptive,835,0.4215720048963973,0.00424018247786101,-0.9,-0.8816372249915747,13.940162113174557,250,25,171787,0.3445953894083615,,,
adaptive,836,0.42162290796769136,0.004600390404515375,-0.9,-0.881211503118455,14.177117291386393,250,25,172062,0.8566561285993547,,,
adaptive,837,0.4219841120279297,0.005213266450623422,-0.9,-0.932382225857147,13.909955268403674,250,25,172337,0.28972954260725337,,,
adaptive,838,0.42181864825836674,0.005072910564902167,-0.9,-0.9231749682404988,14.76443957069148,250,25,172612,1.2458068271046971,,,
adaptive,839,0.42186525435374994,0.00531665425277178,-0.9,-0.9052417318306221,13.522733402199883,250,25,172887,0.3862406915465135,,,
adaptive,840,0.42180350116375814,0.005286284004917319,-0.9,-0.825388433341398,16.03482226746826,250,25,173162,2.6886195270696307,,,
adaptive,841,0.4216699141997229,0.005398009837662143,-0.9,-0.8614480254071458,13.389237797321323,250,25,173437,0.5135553403457761,,,
adaptive,842,0.42171185137770084,0.00494280100488953,-0.9,-0.9157622319885244,14.172866317892858,250,25,173712,0.3607501786591975,,,
adaptive,843,0.4217369219350342,0.004908226275304295,-0.9,-0.9488040037714145,13.51664968997507,250,25,173987,0.4043755637239695,,,
adaptive,844,0.4216849232805488,0.005020863426919209,-0.9,-0.9316261507058239,14.92781755596872,250,25,174262,1.1861591779799512,,,
adaptive,845,0.42149112848243125,0.004537464629289889,-0.9,-0.8318722834290972,14.638719210279898,250,25,174537,1.2911789149920632,,,
adaptive,846,0.4214295284306821,0.004515418353825962,-0.9,-0.9383744888766498,14.787980287756122,250,25,174812,1.0960164112180677,,,
adaptive,847,0.4213814089120382,0.0044818400082548004,-0.9,-0.9571572915418596,14.422939089742906,250,25,175087,1.2619058473818938,,,
adaptive,848,0.421301169811879,0.004257511403260694,-0.9,-0.8986871159819453,16.147754087532356,250,25,175362,4.026059597778076,,,
adaptive,849,0.4212794730077763,0.003969649455329238,-0.9,-0.8605688271335056,14.215105209554377,250,25,175637,0.2906397636432084,,,
adaptive,850,0.4215879679211904,0.004260650539855804,-0.9,-0.870898809060111,15.25532230791313,250,25,175912,1.022004433731824,,,
adaptive,851,0.4215954734056261,0.004756292954563646,-0.9,-0.9551446527361679,14.68880956490241,250,25,176187,1.2819584115621185,,,
adaptive,852,0.4215147793271941,0.004683226370525706,-0.9,-0.9248547029608433,14.07292077808337,250,25,176462,0.34524950830349665,,,
adaptive,853,0.4214489592751665,0.004689088629766858,-0.9,-0.7897725448588752,13.480802686334846,250,25,176737,0.3730943875875167,,,
adaptive,854,0.42162637012997806,0.004809924257028864,-0.9,-0.9126208960289186,13.529621487933786,250,25,177012,0.2985460167712571,,,
adaptive,855,0.42164307351966634,0.0047219190092101515,-0.9,-0.8886832894865578,15.4634066206111,250,25,177287,4.413834505382121,,,
adaptive,856,0.4215107959730928,0.004736807879364147,-0.9,-0.9002901391487204,14.953776010133964,250,25,177562,2.2707537551723633,,,
adaptive,857,0.42169112112642443,0.004848591866659646,-0.9,-0.93382123177886,14.014521390636666,250,25,177837,0.5041923886061423,,,
adaptive,858,0.421785832400043,0.005286525320160218,-0.9,-0.8921936076458744,15.075901623186663,250,25,178112,1.2568554005385213,,,
adaptive,859,0.42153285944976093,0.004658947206062247,-0.9,-0.8560952089441372,14.02231448116339,250,25,178387,0.29033508100868743,,,
adaptive,860,0.421363067454614,0.0042895492569953175,-0.9,-0.9301845226648994,14.808649101142409,250,25,178662,1.255595795924351,,,
adaptive,861,0.4212272281364899,0.0040874918780312575,-0.9,-0.9549907938050585,14.244688493783332,250,25,178937,0.9726483029517612,,,
adaptive,862,0.42129523544774217,0.004227467565816101,-0.9,-0.8236593895306032,14.087416137300119,250,25,179212,0.34670913408377224,,,
adaptive,863,0.4210860124886503,0.003924067336735004,-0.9,-0.8777537779266783,14.968423705965584,250,25,179487,0.7739131210791378,,,
adaptive,864,0.4214195067122676,0.004432296715722039,-0.9,-0.9466663477399411,14.09633391304524,250,25,179762,0.469815319242767,,,
adaptive,865,0.42148131097349284,0.004461854776581509,-0.9,-0.8560863576982597,14.574604259994643,250,25,180037,0.9973120331798665,,,
adaptive,866,0.4213903582027804,0.0044399109107955415,-0.9,-0.9069132663131773,14.048061215270955,250,25,180312,0.36293488534862944,,,
adaptive,867,0.4214779781416493,0.0043116375857754075,-0.9,-0.8553577462804507,13.470435654208408,250,25,180587,0.2500275051785276,,,
adaptive,868,0.42134687247024905,0.00428983602216626,-0.9,-0.8875653219672742,16.688029748927292,250,25,180862,6.0422251161191705,,,
adaptive,869,0.4215221087767239,0.004447718952547475,-0.9,-0.8595021697897057,14.131991676422684,250,25,181137,0.48574785902787343,,,
adaptive,870,0.42156741002462567,0.004691515979058314,-0.9,-0.9628011152832009,15.971330796414772,250,25,181412,2.435173795836055,,,
adaptive,871,0.42165119170336246,0.004874896425476893,-0.9,-0.8796567122610753,13.490276503479917,250,25,181687,0.30540950218672624,,,
adaptive,872,0.4216866888666615,0.00487583718607032,-0.9,-0.8391183905114653,15.08450732867812,250,25,181962,1.195123135656207,,,
adaptive,873,0.42178920839179845,0.005222670429491816,-0.9,-0.8518786036482258,14.082800693762978,250,25,182237,0.46096355945953,,,
adaptive,874,0.42166398424662155,0.005169165508396634,-0.9,-0.8551258899344102,13.832473838699219,250,25,182512,0.3903818164774773,,,
adaptive,875,0.4214980279653702,0.005055345051844462,-0.9,-0.8711277223609494,17.041099081299105,250,25,182787,4.20796415268608,,,
adaptive,876,0.42132493611109284,0.004766956027662639,-0.9,-0.8522800459808589,13.903356061443073,250,25,183062,1.225964477890031,,,
adaptive,877,0.4211994499588269,0.004437784776429643,-0.9,-0.8621905280536811,15.156711049832028,250,25,183337,2.3320189291655877,,,
adaptive,878,0.4213142424587158,0.004338471169092251,-0.9,-0.8968292484093959,15.079496834400139,250,25,183612,1.3369414089128517,,,
adaptive,879,0.42146349502282665,0.004644387944781225,-0.9,-0.9091324739718428,15.290001817997418,250,25,183887,2.1230732117177786,,,
adaptive,880,0.42143376062266885,0.004396129248372793,-0.9,-0.8580054879486909,14.412198030732185,250,25,184162,1.1901353269227035,,,
adaptive,881,0.4214450899707349,0.0043191223087621355,-0.9,-0.9348419562338506,13.260790068664633,250,25,184437,0.2792091033344185,,,
adaptive,882,0.42127196831833286,0.003915873217012145,-0.9,-0.8666699819326618,13.126972768128406,250,25,184712,0.2226765671540536,,,
adaptive,883,0.4212719647813044,0.004074662610017321,-0.9,-0.8761996359171748,13.986139132146397,250,25,184987,0.527493253555953,,,
adaptive,884,0.421138682390313,0.0038922823800629502,-0.9,-0.8752175147487413,13.440945164154337,250,25,185262,0.2653121609758472,,,
adaptive,885,0.42104975401978006,0.003871959241143752,-0.9,-0.8277864783786615,14.040908305818231,250,25,185537,0.3292330539053069,,,
adaptive,886,0.42126212774733607,0.004102700499532597,-0.9,-0.9111814883179415,14.020430956027637,250,25,185812,0.9913209842626037,,,
adaptive,887,0.42114640770701217,0.0034901212492942646,-0.9,-0.9486693944664812,15.099522017540227,250,25,186087,1.3751546184897019,,,
adaptive,888,0.421277818239212,0.003702077878348975,-0.9,-0.9181910787892883,14.159723020095193,250,25,186362,0.3546513186800033,,,
adaptive,889,0.4214526793066875,0.003474392650825664,-0.9,-0.8739248840563972,16.497582962170153,250,25,186637,3.97271585595208,,,
adaptive,890,0.4216216402363285,0.003800369527533154,-0.9,-0.9442837474331219,14.164643392978828,250,25,186912,0.31068217287868355,,,
adaptive,891,0.42145519150319266,0.0037434564986395524,-0.9,-0.8583142944707157,14.12429662956436,250,25,187187,0.4556995321699332,,,
adaptive,892,0.42149153037714265,0.003559591896462988,-0.9,-0.9426129545340428,13.459977581716382,250,25,187462,0.29204728214245035,,,
adaptive,893,0.42141654139892293,0.0034679251324438165,-0.9,-0.8843379455136635,14.008373263233176,250,25,187737,0.28147994671376225,,,
adaptive,894,0.42160351664882,0.003629334108709359,-0.9,-0.8942970270948489,15.340515672879013,250,25,188012,1.9686263638565231,,,
adaptive,895,0.4215088051304061,0.0035297979096857723,-0.9,-0.890696862943186,13.18508819492125,250,25,188287,0.2557502507931546,,,
adaptive,896,0.4213939364706379,0.0032189307297808,-0.9,-0.830905766587126,14.551901873877298,250,25,188562,1.1283845961282242,,,
adaptive,897,0.4214767023378729,0.0033527958469342645,-0.9,-0.927427882949511,13.899516958250398,250,25,188837,0.5803249478949446,,,
adaptive,898,0.42141947819666326,0.003455336223440131,-0.9,-0.8743545279620403,14.521429622621092,250,25,189112,1.2082001843681403,,,
adaptive,899,0.4213277035721432,0.0030757480549567506,-0.9,-0.893795649066048,14.494250004939623,250,25,189387,1.4483983481163267,,,
adaptive,900,0.4212190587374167,0.002902197585195332,-0.9,-0.9287278499935602,14.250672260266917,250,25,189662,1.1205676424023765,,,
adaptive,901,0.42130248615202986,0.0029796494698843823,-0.9,-0.8941529743790341,13.490569748850046,250,25,189937,0.34149825901964836,,,
adaptive,902,0.42101218174705046,0.002638274882474201,-0.9,-0.854187671268933,14.129931664814839,250,25,190212,0.44963461309904473,,,
adaptive,903,0.42105140910183814,0.002750397686207662,-0.9,-0.8439428753017374,13.25486397574878,250,25,190487,0.2010777223038237,,,
adaptive,904,0.4211848165710713,0.0030818802732757167,-0.9,-0.886953537621215,15.014079806823286,250,25,190762,1.08992521513308,,,
adaptive,905,0.42145548973003716,0.0035213082199292423,-0.9,-0.9144996381231453,14.860674797179051,250,25,191037,0.9019365764320803,,,
adaptive,906,0.4214465601253423,0.003667705787835873,-0.9,-0.9082129917107273,13.414786012043052,250,25,191312,0.3897306629231528,,,
adaptive,907,0.42126865197932994,0.003817835632268396,-0.9,-0.9271210854509895,13.5051456991338,250,25,191587,0.3727555904454471,,,
adaptive,908,0.42145113755803554,0.0041787495339126735,-0.9,-0.9095922910447994,14.173952977193252,250,25,191862,0.27904807070504034,,,
adaptive,909,0.4214234766135046,0.003925353640840901,-0.9,-0.9036397474569506,13.956137784322433,250,25,192137,0.36644894799276156,,,
adaptive,910,0.4213731097450799,0.003821503296040474,-0.9,-0.9173508755134105,14.543826499133857,250,25,192412,1.1770712320645558,,,
adaptive,911,0.4213499914852256,0.0038967829058406123,-0.9,-0.907156163537579,13.198820875441562,250,25,192687,0.1993296727150932,,,
adaptive,912,0.42140717130756233,0.0038585660279849554,-0.9,-0.8828587213220374,14.210718488373633,250,25,192962,0.39105310057482584,,,
adaptive,913,0.42139492941645745,0.0037220552007858343,-0.9,-0.8867762722741733,16.6435783486091,250,25,193237,3.8440839064059897,,,
adaptive,914,0.42137176138591376,0.003938170490499993,-0.9,-0.9097108866774313,14.994090057096827,250,25,193512,1.0515311061718158,,,
adaptive,915,0.42132001784978684,0.0033599591865602907,-0.9,-0.8200279417810372,13.41542520984485,250,25,193787,0.5230285475802878,,,
adaptive,916,0.42118265992816056,0.0034342748703323767,-0.9,-0.8869862456767007,15.16846884743902,250,25,194062,0.9413949700451627,,,
adaptive,917,0.4212848471252243,0.0034257899956313675,-0.9,-0.9430227426757252,15.129587620815832,250,25,194337,0.7580776233801116,,,
adaptive,918,0.4213283408534213,0.0033829374677318835,-0.9,-0.9338240270282664,14.252008866191526,250,25,194612,0.3982647785030891,,,
adaptive,919,0.4214435943625669,0.0031142052767588746,-0.9,-0.8578784926546822,13.42734563678042,250,25,194887,0.4998802280023646,,,
adaptive,920,0.4215086277195444,0.0037394232411828154,-0.9,-0.9119622316780015,14.21353372626472,250,25,195162,0.4435753734202999,,,
adaptive,921,0.4214016280748924,0.0035458818175279627,-0.9,-0.9186667855467293,13.417522797966999,250,25,195437,0.37984005568154133,,,
adaptive,922,0.42140627636942024,0.003623312843963944,-0.9,-0.8852111599229735,13.639102297898061,250,25,195712,0.2198828775596157,,,
adaptive,923,0.4213577685918162,0.0035176104297725552,-0.9,-0.9033697141171745,13.800990515666978,250,25,195987,0.3054539067264324,,,
adaptive,924,0.4214403409936372,0.004000342332878659,-0.9,-0.8838213674274151,14.439637801597765,250,25,196262,0.9231010701882746,,,
adaptive,925,0.4213775116986002,0.004235170413069755,-0.9,-0.9625825735339002,13.452920473701248,250,25,196537,0.4367279850232099,,,
adaptive,926,0.4213619491365402,0.003772929280330961,-0.9,-0.8274009467363065,15.157852417567637,250,25,196812,0.8839285766714156,,,
adaptive,927,0.4214241635892372,0.0035281036293617896,-0.9,-0.901266616570587,13.827388559049806,250,25,197087,0.3235669461764445,,,
adaptive,928,0.4213485690451902,0.0034321416926794135,-0.9,-0.8855228618195427,14.052355251277337,250,25,197362,0.43614117159105203,,,
adaptive,929,0.4211548868998543,0.0033574428058041894,-0.9,-0.9502289328837009,14.055869933256197,250,25,197637,1.2012530931317946,,,
adaptive,930,0.4213806636452869,0.003493438721990927,-0.9,-0.8994097326825566,14.043026042811375,250,25,197912,0.33561583456481203,,,
adaptive,931,0.4211678890756805,0.0032553561701718636,-0.9,-0.8885479067030474,13.936706043905968,250,25,198187,0.46235008888939727,,,
adaptive,932,0.42113006839275385,0.0030277897026946277,-0.9,-0.919581811066369,14.559625179425522,250,25,198462,1.0100563249895516,,,
adaptive,933,0.42108016506565954,0.0030427823657670494,-0.9,-0.9111193210884989,13.526394240488171,250,25,198737,0.2871932495652363,,,
adaptive,934,0.4210256609830719,0.0028502654913870606,-0.9,-0.936668160412065,13.428841499995901,250,25,199012,0.28003868269450266,,,
adaptive,935,0.4212224267472813,0.003165929831160208,-0.9,-0.8502055813563795,14.029417454455015,250,25,199287,1.0310266069107261,,,
adaptive,936,0.42125325722209084,0.0030630249466249704,-0.9,-0.9191981561033331,15.378140090658022,250,25,199562,2.164148022766087,,,
adaptive,937,0.42136082053038515,0.003372255413187808,-0.9,-0.9178617195890385,16.139614844501594,250,25,199837,2.2967798760809535,,,
adaptive,938,0.4212774607950963,0.0034042878475570304,-0.9,-0.8845217176217359,15.017800528326285,250,25,200112,1.0078397813232989,,,
adaptive,939,0.4212799247579923,0.0031808171469295266,-0.9,-0.876133828150789,14.810008404605547,250,25,200387,2.5911623842466387,,,
adaptive,940,0.4211839272516676,0.0033249576307233797,-0.9,-0.877891022546079,14.106441319695232,250,25,200662,0.4084311490608747,,,
adaptive,941,0.42113718961423235,0.003313892032706822,-0.9,-0.9173441311487834,13.440227809640534,250,25,200937,0.3277784873949107,,,
adaptive,942,0.42096568540032075,0.0029889698728090552,-0.9,-0.8618690265246982,14.07306654646414,250,25,201212,0.5232078740250735,,,
adaptive,943,0.4206948124944236,0.0027434973810810392,-0.9,-0.8898197859063445,17.110299186451808,250,25,201487,4.39326039163898,,,
adaptive,944,0.4206206164783032,0.002741312944688934,-0.9,-0.9170471097423054,14.186537760734595,250,25,201762,0.3309374695173899,,,
adaptive,945,0.4204228702508739,0.002630819139302021,-0.9,-0.8565003514562931,13.419823540846108,250,25,202037,0.41139656040182304,,,
adaptive,946,0.4201613365945281,0.002341195797194273,-0.9,-0.9496065728612643,14.031602616830197,250,25,202312,0.3796739644099939,,,
adaptive,947,0.41964981624385633,0.0018108297963384534,-0.9,-0.8034199016127421,13.998217133846737,250,25,202587,0.9074750159103753,,,
adaptive,948,0.41975867898850466,0.002139246951001872,-0.9,-0.9453695324874993,14.42460698125632,250,25,202862,1.448318501846819,,,
adaptive,949,0.4196422804457676,0.002300739418691189,-0.9,-0.9143109787753544,13.645635976311306,250,25,203137,0.2346692383567768,,,
adaptive,950,0.4198527988209876,0.0023740973962013134,-0.9,-0.9063302039172504,13.934478203637063,250,25,203412,1.0188712245438638,,,
adaptive,951,0.419902698874547,0.002615888843596481,-0.9,-0.9588770990688105,13.863322355664941,250,25,203687,0.36560394029319276,,,
adaptive,952,0.41994092806981104,0.0028900321601652568,-0.9,-0.9830998605682103,13.920558283242775,250,25,203962,1.25164483295591,,,
adaptive,953,0.4199223343390956,0.0028350352615552077,-0.9,-0.8875963459651188,14.402851071435846,250,25,204237,1.0157741988508289,,,
adaptive,954,0.41994888175456757,0.0026878618605847837,-0.9,-0.9177771726482754,14.397810470048952,250,25,204512,0.9875233941421923,,,
adaptive,955,0.4200978979668443,0.00289303423226861,-0.9,-0.8940585503651114,14.733237443941077,250,25,204787,1.2430064711274378,,,
adaptive,956,0.4198888891171287,0.002833955259054999,-0.9,-0.9263696234502604,14.871816664055668,250,25,205062,1.198983278304116,,,
adaptive,957,0.4199019413297258,0.0027457552024350296,-0.9,-0.867034363725529,13.689742421416435,250,25,205337,0.30373797353933846,,,
adaptive,958,0.41988565164802577,0.002781398255260581,-0.9,-0.9167912410333747,13.737048154361402,250,25,205612,0.5910781724357299,,,
adaptive,959,0.4198946190666195,0.0029936189226354437,-0.9,-0.9306863218686691,13.926130159438976,250,25,205887,0.2382239287465361,,,
adaptive,960,0.4197627559809069,0.002391035123043339,-0.9,-0.7898090604817494,13.785229541767386,8,25,205920,0.41903554500560736,,,
adaptive,961,0.42010919799064383,0.003116727342497738,-0.9,-1.1514191631232809,13.743466954789856,8,25,205953,0.5383105550762812,,,
adaptive,962,0.41966094914124685,0.0018564064342905806,-0.9,-0.5672041231768513,15.058908005258928,8,25,205986,1.1621096056815672,,,
adaptive,963,0.41921357451061464,0.002224165874746775,-0.9,-0.6275476404051639,14.44022550782431,8,25,206019,1.497579482211815,,,
adaptive,964,0.4193511285635555,0.0021798695100815335,-0.9,-1.0257895850967764,13.157628969998195,8,25,206052,0.2693934967434816,,,
adaptive,965,0.4196045284899234,0.00211444129118582,-0.9,-0.9396312434078279,13.703790638073329,8,25,206085,0.4329140488331499,,,
adaptive,966,0.41950201351197913,0.0018980681432613777,-0.9,-0.9687029478477729,14.196795271303081,8,25,206118,0.6944789363243913,,,
adaptive,967,0.42035207102581185,0.00345559674939494,-0.9,-1.3624772365009004,15.109979341879816,8,25,206151,1.731674197184805,,,
adaptive,968,0.4206306652867239,0.00439987927808011,-0.9,-1.0924957110244318,15.093254263903487,8,25,206184,1.0704078633525833,,,
adaptive,969,0.4205865727272673,0.004177773441786603,-0.9,-0.9223695957337218,13.516099640495664,8,25,206217,0.4720859032725729,,,
adaptive,970,0.42054005363634617,0.003887550896780667,-0.9,-0.8020924859513007,14.18109701866972,8,25,206250,0.3090559873342235,,,
adaptive,971,0.4204532810179551,0.003957188551270474,-0.9,-0.8657600897000127,16.223208147605582,250,25,206525,4.095604747777701,,,
adaptive,972,0.4206275077839661,0.004032590729704688,-0.9,-0.8714206010299315,14.035694894625458,250,25,206800,0.8741485643399183,,,
adaptive,973,0.42051925549045327,0.004112176270491097,-0.9,-0.8765569051540373,14.890591437326794,250,25,207075,1.271426543389369,,,
adaptive,974,0.4204450350346757,0.0037021694407167183,-0.9,-0.8639394983458218,13.966325490082856,250,25,207350,0.3859575303009493,,,
adaptive,975,0.4204077995338942,0.003697608468868019,-0.9,-0.8740730725782764,14.924125875639373,250,25,207625,1.067898754457539,,,
adaptive,976,0.42034193276376375,0.0033098778274167073,-0.9,-0.8454987300859549,15.022769257627754,250,25,207900,0.9845128307713638,,,
adaptive,977,0.4203351213498135,0.0033341943928036355,-0.9,-0.8628169366445629,13.44226038000167,250,25,208175,0.26574830658582127,,,
adaptive,978,0.4203325139114821,0.0031970569673218097,-0.9,-0.9163265885089434,14.61735608281677,250,25,208450,1.0852748992683052,,,
adaptive,979,0.42036622400536017,0.003722718651235024,-0.9,-0.910135877250739,13.913787415054092,250,25,208725,0.5156387443931115,,,
adaptive,980,0.42027788195796556,0.003762741195422692,-0.9,-0.8783893475394962,13.934985534186787,250,25,209000,1.1631485692413588,,,
adaptive,981,0.420096199347784,0.0036508614726104005,-0.9,-0.9036391389425532,14.125227080693193,250,25,209275,0.457132496949939,,,
adaptive,982,0.4201461945200625,0.003524926844175935,-0.9,-0.9046581944059423,15.200671376812842,250,25,209550,1.0304121884945485,,,
adaptive,983,0.41988778573257524,0.0033653139124731335,-0.9,-0.8792662565825945,14.067563435168813,250,25,209825,0.35074098074648147,,,
adaptive,984,0.419784665260018,0.0033288315426286408,-0.9,-0.9425853893748797,13.680437559774486,250,25,210100,0.27931480834193156,,,
adaptive,985,0.4195843486880514,0.003506576580854903,-0.9,-0.9214984825489857,15.188939674329252,250,25,210375,2.764624626599808,,,
adaptive,986,0.4195803060092306,0.00356297049605947,-0.9,-0.9054774823764234,13.990823307097227,250,25,210650,1.1178468907989427,,,
adaptive,987,0.41954478972195536,0.003429397306767834,-0.9,-0.97607661663574,13.58536864263843,250,25,210925,0.478602929354327,,,
adaptive,988,0.41953748998609075,0.003516721734735495,-0.9,-0.8495567134691515,15.461062520924816,250,25,211200,2.189747067797854,,,
adaptive,989,0.41956409384175924,0.0035287301027681073,-0.9,-0.8839313909633066,16.088325899136045,250,25,211475,4.131035616768663,,,
adaptive,990,0.4195232294832906,0.003562111796841516,-0.9,-0.9305712927328962,15.229595879490315,250,25,211750,2.2504406634681824,,,
adaptive,991,0.4195025601738153,0.0035216654520353607,-0.9,-0.8553384690358615,13.939642472133889,250,25,212025,1.3025966839750558,,,
adaptive,992,0.4194252664372033,0.003653849848491264,-0.9,-0.8272378815999631,14.156203770506853,250,25,212300,1.4067241665958297,,,
adaptive,993,0.41958968427403515,0.0038354389023133595,-0.9,-0.8166773133169455,13.629352322935746,250,25,212575,0.267304890063882,,,
adaptive,994,0.4196966784719954,0.0037141898313002297,-0.9,-0.8794468666259326,13.721689092215113,250,25,212850,0.5230158859038259,,,
adaptive,995,0.4197412006120639,0.0036745113628668946,-0.9,-0.9247256105558785,15.064144610591372,250,25,213125,1.0481711849249842,,,
adaptive,996,0.419688224608969,0.003600441698554946,-0.9,-0.850088269456211,14.55686072541663,250,25,213400,0.926869880631178,,,
adaptive,997,0.41941861946429887,0.00328132542496673,-0.9,-0.8945873376342683,13.974190980645332,250,25,213675,1.0636209602227353,,,
adaptive,998,0.41931132643486824,0.002733947938606429,-0.9,-0.8914057335661122,13.923232587169055,250,25,213950,0.6086091788372232,,,
adaptive,999,0.4193631127017635,0.0029133664418588556,-0.9,-0.8959983489113406,14.267394543992168,250,25,214225,1.3352370016397446,,,
adaptive,1000,0.4192534291702292,0.0031175579797465547,-0.9,-0.9231199815937243,15.820008009766575,250,25,214500,2.575696632628167,,,
