schedule,t,reward,gap,beta_true,beta_hat,cert_hp,n_cal,n_mon,cum_aud,xi_sq,exp3_arm,exp3_p,exp3_loss
adaptive,1,0.39777157739072094,0.03142549525077465,0.0,-0.20462553095161523,14.305307880786494,8,25,33,1.0111102075330276,,,
adaptive,2,0.397871753787703,0.031347903890171724,0.0,-0.03107678474874986,15.265817000231245,8,25,66,2.0545085003675307,,,
adaptive,3,0.3973390092996384,0.032289083364929305,0.0,0.12327774443430302,14.303621212062888,8,25,99,1.386920027350846,,,
adaptive,4,0.3972642366441241,0.03269628438207678,0.0,0.015335970773374591,14.127208639563275,8,25,132,0.9443747134357219,,,
adaptive,5,0.3988232596280769,0.029850012103305734,0.0,-0.36184933489607984,14.236533701651087,8,25,165,2.8561419676642497,,,
adaptive,6,0.3985340221366693,0.030618292438159334,0.0,0.10280379972602838,13.631760955568515,8,25,198,0.2606669762075612,,,
adaptive,7,0.3995030687433796,0.028879631866594757,0.0,-0.19007597135059814,13.668951611151924,8,25,231,0.5156936014231527,,,
adaptive,8,0.3997761144563714,0.028054434214202895,0.0,-0.004083303916863691,13.50280823005871,8,25,264,0.28282475552785646,,,
adaptive,9,0.3993574173797968,0.028491898665010007,0.0,0.19679533054464285,13.783665410134292,8,25,297,0.32005983274512356,,,
adaptive,10,0.3986089260282498,0.029607553654826757,0.0,0.22321232738150087,13.834777932451557,8,25,330,0.4656287024924372,,,
adaptive,11,0.3981228487067036,0.030389169381156378,0.0,0.11821440789206437,13.445585114713214,8,25,363,0.6797694045682245,,,
adaptive,12,0.3996961360544868,0.027453619494726633,0.0,-0.333438011147654,13.762822212551619,8,25,396,0.7689089438341158,,,
adaptive,13,0.3996020311557098,0.027474199052746506,0.0,0.0429368474717322,13.679157130526956,8,25,429,0.34632100770131796,,,
adaptive,14,0.3998466386615366,0.027105097811191525,0.0,-0.004255028124823593,14.579231949861317,8,25,462,1.1515749329731209,,,
adaptive,15,0.4002771752279001,0.02631226813156351,0.0,-0.13903564444973882,12.970662223270507,8,25,495,0.37375341696143743,,,
adaptive,16,0.39990428628389796,0.02669690880272596,0.0,0.14922956823301164,13.59564305559972,8,25,528,0.5577341942216285,,,
adaptive,17,0.39888111868152587,0.02840325512625702,0.0,0.32908261518306076,13.659032358090847,8,25,561,0.8849012443784839,,,
adaptive,18,0.3994229738564307,0.02738010641553401,0.0,-0.13400185475696322,14.109731084050742,8,25,594,1.7850086134078285,,,
adaptive,19,0.39890631227235973,0.028350456053904016,0.0,0.16351299988032636,14.313286972561471,8,25,627,0.9886345752840916,,,
adaptive,20,0.39946230272961536,0.0271993132895319,0.0,-0.09944647305930766,13.60786968904809,8,25,660,0.42892262084207383,,,
adaptive,21,0.39937172981370384,0.027309747646465432,0.0,0.07480823258173545,13.4189393665008,8,25,693,0.5378310630882586,,,
adaptive,22,0.4002913651439582,0.025583873440704563,0.0,-0.24843829140287194,13.517207879849828,8,25,726,1.1824672335688446,,,
adaptive,23,0.40068221405710724,0.024926736498144475,0.0,-0.10678926808745669,13.409543504090493,8,25,759,0.18677566972617848,,,
adaptive,24,0.399936212132836,0.026236520090107962,0.0,0.24292390645096903,13.402520473522026,8,25,792,0.7527955509791815,,,
adaptive,25,0.40017321850374776,0.025705580905000802,0.0,-0.06955672045221102,13.401823845198038,8,25,825,0.3519622881583718,,,
adaptive,26,0.4006384354654408,0.025074979066026792,0.0,-0.09681979770614309,13.471419691102177,8,25,858,0.5476654528501769,,,
adaptive,27,0.4017196832959747,0.023549430104319147,0.0,-0.3433418391750053,14.413228525344229,8,25,891,1.7272252071635201,,,
adaptive,28,0.40208355501733567,0.02273737010641308,0.0,-0.10842416440631882,14.274172472725894,8,25,924,1.1222801807447527,,,
adaptive,29,0.4020110674143592,0.02282146604551777,0.0,0.04406534135904861,13.833840693947922,8,25,957,0.484713135499979,,,
adaptive,30,0.40228680276226547,0.022662125203817385,0.0,-0.11435722463224232,13.790137322792287,8,25,990,0.3927430163833561,,,
adaptive,31,0.4026312805808802,0.02211039486603178,0.0,-0.18088719479672344,13.635152997038126,8,25,1023,0.3971613528408241,,,
adaptive,32,0.4033456704241519,0.021032735246529488,0.0,-0.20623683367518994,14.151179198030405,8,25,1056,0.5863582852008101,,,
adaptive,33,0.4032004429759086,0.021097725897434416,0.0,0.11164165566752922,13.59115662525064,8,25,1089,0.5559923997287417,,,
adaptive,34,0.4033838491927829,0.020567568295768612,0.0,-0.04055304242056831,14.346888412066654,8,25,1122,1.1756088718032562,,,
adaptive,35,0.4018125611725097,0.022740363363323857,0.0,0.4785583891431053,13.780285791358809,8,25,1155,1.303043097404615,,,
adaptive,36,0.4004999904099688,0.024303370223164422,0.0,0.4218328749854632,13.480418265840061,8,25,1188,1.8735400200504022,,,
adaptive,37,0.4013516684902337,0.022885665310288017,0.0,-0.17848646979293567,14.424346724585478,8,25,1221,0.9784192949277336,,,
adaptive,38,0.4019312830004833,0.02183566759032285,0.0,-0.0890046917687917,14.284827054248252,8,25,1254,0.9507801188549233,,,
adaptive,39,0.4023174936400717,0.021276048121752544,0.0,-0.09869123485125973,14.34861402809742,8,25,1287,0.8847232195928477,,,
adaptive,40,0.4016965222283642,0.021895283202484683,0.0,0.24769987918753764,13.623680236166745,8,25,1320,0.7949834643467077,,,
adaptive,41,0.4000058229723884,0.024675824512331412,0.0,0.484824384064381,15.15985952876171,8,25,1353,3.5848903626324797,,,
adaptive,42,0.39911035267261347,0.02617748530926234,0.0,0.23483684413129038,13.784590254359657,8,25,1386,0.8493751037686164,,,
adaptive,43,0.4001887610589418,0.024304318554633386,0.0,-0.22107736291036728,14.229200723051163,8,25,1419,1.0702044755388154,,,
adaptive,44,0.40024238510417404,0.024375074347027237,0.0,0.04676464704568065,14.566327215459848,8,25,1452,1.131847841217066,,,
adaptive,45,0.3998437039572507,0.024942600124643555,0.0,0.11198822640934245,14.299828871702706,8,25,1485,1.4267741787145085,,,
adaptive,46,0.40003185311218464,0.024673647203585725,0.0,0.001512508549819691,14.29879485161021,8,25,1518,1.2306409149446078,,,
adaptive,47,0.4006114895164776,0.0238045515826259,0.0,-0.10100343743858618,15.482369182614045,8,25,1551,2.2350391831976517,,,
adaptive,48,0.40111913273612154,0.022815885112935808,0.0,-0.11425097359988756,13.726455415692033,8,25,1584,0.7401870014632799,,,
adaptive,49,0.40102013511894236,0.023104605052318095,0.0,0.028425932490350646,13.414292360394072,8,25,1617,0.4030767132057624,,,
adaptive,50,0.40020940342407274,0.02457990369659202,0.0,0.18888775494388163,13.900733472291083,8,25,1650,0.5580936689130275,,,
adaptive,51,0.3990452203306165,0.026775304876826,0.0,0.3562343549997729,13.576500524836398,8,25,1683,0.821076557006781,,,
adaptive,52,0.3976272880621875,0.029583596845567994,0.0,0.33084048086216594,13.740638083989491,8,25,1716,0.9680489832034366,,,
adaptive,53,0.39824646926860735,0.028430874612496437,0.0,-0.1372950637052872,13.47730070874622,8,25,1749,0.7356851585399646,,,
adaptive,54,0.3975211840356549,0.029831307975901167,0.0,0.16505430314433986,15.265999999933515,8,25,1782,2.4844726528683614,,,
adaptive,55,0.39672054167299026,0.031615318145304216,0.0,0.23976201975339728,13.388972341615275,8,25,1815,0.6404323937156572,,,
adaptive,56,0.39624412820951554,0.03235616291061777,0.0,0.08765869832655208,13.560348810742681,8,25,1848,0.5239940375184791,,,
adaptive,57,0.39678821242408846,0.030913183834274882,0.0,-0.13255844497315933,14.246758332616341,8,25,1881,1.149810194447006,,,
adaptive,58,0.3952226807618749,0.03393233830967829,0.0,0.36479886813592033,13.387336125001296,8,25,1914,0.2360915221300387,,,
adaptive,59,0.3936569646303663,0.0374349415424704,0.0,0.36167024150162785,13.55569549201997,8,25,1947,0.9301933357155524,,,
adaptive,60,0.3946224655107778,0.03535329875080895,0.0,-0.19379650049077685,14.113486664241163,8,25,1980,2.306699909932016,,,
adaptive,61,0.39549339678217743,0.03339957361478241,0.0,-0.16135382047669716,13.841990056343114,8,25,2013,0.5495008413968898,,,
adaptive,62,0.3967383557874762,0.030812418878415626,0.0,-0.25766213902207147,13.983409888477722,8,25,2046,0.49563093952960124,,,
adaptive,63,0.39779342500438636,0.028797997633579375,0.0,-0.24724985275386124,14.71735921459097,8,25,2079,0.5979492212195765,,,
adaptive,64,0.3980739085424844,0.028222079751901885,0.0,-0.05031363609486361,13.760533428721455,8,25,2112,0.41281513765602645,,,
adaptive,65,0.3977222759505518,0.028951377769316278,0.0,0.10297960134071424,13.92771356534622,8,25,2145,1.1332123842205053,,,
adaptive,66,0.3972749354173067,0.02999829259509651,0.0,0.10241675149787707,13.391668240679486,8,25,2178,0.32457703874252664,,,
adaptive,67,0.39708025357898385,0.030450812079270917,0.0,0.05061098379776568,14.476299341089398,8,25,2211,0.9144768390990439,,,
adaptive,68,0.39755978936805336,0.02958780947220596,0.0,-0.07846755074595764,14.523355802773159,8,25,2244,1.1422684607585276,,,
adaptive,69,0.3982772018577121,0.028209244072203876,0.0,-0.12272386184196532,15.795565522913126,8,25,2277,1.921826383731785,,,
adaptive,70,0.3985234283416831,0.027598350257785287,0.0,0.0005227522024009129,13.402109803478247,8,25,2310,0.4064859234796637,,,
adaptive,71,0.39864093716990506,0.027215254454563798,0.0,-0.024336022266182436,13.851075155442423,8,25,2343,0.37413971697650705,,,
adaptive,72,0.39831347119054095,0.028130897030659574,0.0,0.16438587953888276,13.578408814515257,8,25,2376,0.4017203090182081,,,
adaptive,73,0.39921694867080887,0.026366004993816694,0.0,-0.1729924425162709,12.968602087508298,8,25,2409,0.44976130379296037,,,
adaptive,74,0.3992585782487447,0.026459159359958795,0.0,-0.03790069597535175,13.49337901599398,8,25,2442,0.412641759366252,,,
adaptive,75,0.4004517536609352,0.0244543968561467,0.0,-0.21990495131503102,13.727343966096894,8,25,2475,0.5767874646862411,,,
adaptive,76,0.40014540632497375,0.0252263873576396,0.0,0.03779204342946907,14.493093971758977,8,25,2508,1.1103444906889406,,,
adaptive,77,0.4004821229809955,0.024702729597644413,0.0,0.008141309634135849,14.482192467828282,8,25,2541,0.8304421770304036,,,
adaptive,78,0.40217416149229696,0.021904691993564707,0.0,-0.3756808342436446,13.565559861748824,8,25,2574,1.2411772851829388,,,
adaptive,79,0.40163647039637873,0.02304215489779121,0.0,0.13292829020253416,13.627640666019929,8,25,2607,0.4602589973787606,,,
adaptive,80,0.40280219708774806,0.02125894534500472,0.0,-0.2510173247773583,14.451299293145283,8,25,2640,1.1765817520624422,,,
adaptive,81,0.4035215355788455,0.020075046509298977,0.0,-0.18260717995104295,13.40001436519209,8,25,2673,0.9528008411199056,,,
adaptive,82,0.4032768356340417,0.02061523480859606,0.0,0.023046059082599935,14.616482345133353,8,25,2706,1.035872606387054,,,
adaptive,83,0.40307855415229793,0.020745393589800987,0.0,0.06536371115978569,13.479341572033375,8,25,2739,0.5335491766724156,,,
adaptive,84,0.4030656878118,0.020801620209563998,0.0,-0.021726325431113094,13.02117597895187,8,25,2772,0.3155174833083101,,,
adaptive,85,0.4036595596309841,0.01995634882342251,0.0,-0.1257521096598266,14.173443427920384,8,25,2805,0.6210245138811341,,,
adaptive,86,0.40465030918970557,0.018498708547954656,0.0,-0.2844834763185559,13.839124311765293,8,25,2838,0.5188720586969011,,,
adaptive,87,0.4039630323209451,0.019426776198135043,0.0,0.2183552344243782,13.59539502581828,8,25,2871,0.4996384350679633,,,
adaptive,88,0.4034439562042232,0.020103218920306365,0.0,0.15244040803414918,13.770738839087784,8,25,2904,0.1759713294188154,,,
adaptive,89,0.4034449836316751,0.02000442678815595,0.0,0.045200168310634135,14.134505150745706,8,25,2937,1.2902177392206138,,,
adaptive,90,0.4048751063139408,0.01753849217293868,0.0,-0.23020736102215897,13.643696438272062,8,25,2970,0.6764332214867975,,,
adaptive,91,0.4048685328202389,0.017519145342190567,0.0,0.012464898354364238,14.39266929138203,8,25,3003,0.8650193847249992,,,
adaptive,92,0.40436597608776603,0.018128263769538133,0.0,0.17018560728590004,14.063856252487232,8,25,3036,0.4538359683672731,,,
adaptive,93,0.40418635859542745,0.01808434168915496,0.0,0.08229170711935006,13.639613410809948,8,25,3069,0.38829404628526343,,,
adaptive,94,0.40340371055180035,0.019324310128998656,0.0,0.18305203101294906,12.917988335798194,8,25,3102,0.7021107892510721,,,
adaptive,95,0.40282779018221876,0.020200653375438193,0.0,0.13815840219542525,14.233939634466683,8,25,3135,1.5729150704526496,,,
adaptive,96,0.40435035012137693,0.018243519242243544,0.0,-0.4017741436644088,13.451213153976129,8,25,3168,1.0125140343402685,,,
adaptive,97,0.4039069759376269,0.01894793952244156,0.0,0.051582544782465066,14.687714606984347,8,25,3201,0.9902710569559231,,,
adaptive,98,0.4037863234875673,0.01907858325453765,0.0,0.011411545625658718,13.686306259866303,8,25,3234,0.532702915455949,,,
adaptive,99,0.40349141690810975,0.01924971740364656,0.0,0.1635519401337352,13.484340470598076,8,25,3267,0.7527625119994055,,,
adaptive,100,0.403511239953827,0.01904033844012948,0.0,0.062229366959909195,14.824540878873,8,25,3300,1.1131873435907853,,,
adaptive,101,0.40393254831242276,0.018503977164069096,0.0,-0.10268884908007259,14.215649574022876,8,25,3333,1.6444432784642429,,,
adaptive,102,0.4024766248822428,0.020373723658495935,0.0,0.4023697503817477,14.8774135670533,8,25,3366,1.4114383743414158,,,
adaptive,103,0.4009216587255379,0.022828122111588633,0.0,0.3509923031974648,13.438627449164313,8,25,3399,0.4056097262550325,,,
adaptive,104,0.4004783957746071,0.02365214980053887,0.0,0.10187039246120008,14.048961891578756,8,25,3432,1.1428183286066496,,,
adaptive,105,0.39851901830263053,0.026964880283987858,0.0,0.4282804759473045,13.571562457112151,8,25,3465,0.8815320382803726,,,
adaptive,106,0.39966408071524,0.025061297475305,0.0,-0.20500454654837016,12.944763243190419,8,25,3498,0.5829234499560302,,,
adaptive,107,0.40008681050082706,0.024248637831756292,0.0,-0.03533039752702342,14.50179811628345,8,25,3531,1.0669039976121986,,,
adaptive,108,0.4007227292889352,0.02331521303257894,0.0,-0.10676901155132404,14.502098448939211,8,25,3564,1.2846754680792603,,,
adaptive,109,0.4009776503505866,0.022776353703690633,0.0,-0.04554636122112214,13.471235862055819,8,25,3597,0.356287448621717,,,
adaptive,110,0.40090891151439256,0.023186773128694937,0.0,0.027809026431233872,13.429614610246816,8,25,3630,0.3578555107532215,,,
adaptive,111,0.39978991364600214,0.025079036767582996,0.0,0.25813619259381576,13.62247509792259,8,25,3663,0.7237643355798566,,,
adaptive,112,0.40101524830942187,0.023173568640099174,0.0,-0.2785334793523856,16.4210357262915,8,25,3696,4.263325356654427,,,
adaptive,113,0.4004249580928523,0.024378964326685404,0.0,0.11246459994668614,14.311657409887207,8,25,3729,0.6582760664128373,,,
adaptive,114,0.39969778741660045,0.025732062181080484,0.0,0.20809804621399366,13.391032870122656,8,25,3762,0.31865702907665255,,,
adaptive,115,0.4001123049705874,0.024740637410421318,0.0,-0.04953100905470752,13.646252242689673,8,25,3795,0.579587888639245,,,
adaptive,116,0.40132913278812116,0.022667730137170383,0.0,-0.23219074278469826,13.735166446328341,8,25,3828,0.3714444622847032,,,
adaptive,117,0.4019514965464699,0.02169255992652752,0.0,-0.1114524088346543,13.58437504775472,8,25,3861,0.6036656188886461,,,
adaptive,118,0.4022586451109336,0.021043303776095257,0.0,-0.04993377697404309,14.2799758391509,8,25,3894,0.9238089182524298,,,
adaptive,119,0.402517356058037,0.0208025428817733,0.0,-0.02214370200479237,14.565769063074171,8,25,3927,1.0879974418990674,,,
adaptive,120,0.4022058528691439,0.021377171920119176,0.0,0.030569892349926835,14.870954356551923,8,25,3960,1.0731771817630074,,,
adaptive,121,0.40154481982994944,0.022500526346661,0.0,0.19932545965439086,13.813390213318579,8,25,3993,0.48753009013009485,,,
adaptive,122,0.3997114963200111,0.02586948991045629,0.0,0.3907513070504068,14.331652778753865,8,25,4026,1.3016037649713303,,,
adaptive,123,0.40062818359681546,0.02398183144986965,0.0,-0.1735905392616414,12.903168980927749,8,25,4059,0.5194337722262439,,,
adaptive,124,0.40075978515613736,0.023994553741911562,0.0,-0.004076527256782799,13.726945301481488,8,25,4092,0.3315921508297968,,,
adaptive,125,0.40064993162838286,0.024117403837367768,0.0,0.005650995847075121,13.655723869437185,8,25,4125,0.3206124619941887,,,
adaptive,126,0.4018034673075678,0.022337941175470777,0.0,-0.2601951531146807,13.706293293979636,8,25,4158,0.9324736875382815,,,
adaptive,127,0.40243748012082337,0.021398781172213888,0.0,-0.11220198750771482,13.059936070654903,8,25,4191,0.3388562911581547,,,
adaptive,128,0.4024673219267221,0.021408335171282433,0.0,-0.002850620892276497,14.370302224075669,8,25,4224,0.8663151300775919,,,
adaptive,129,0.40361184068310163,0.01975783551377641,0.0,-0.2294645381210696,13.63196342492523,8,25,4257,0.6534551271255524,,,
adaptive,130,0.4033723513877716,0.0200591343465501,0.0,0.1301638036354334,13.577773982793625,8,25,4290,0.40261850409039424,,,
adaptive,131,0.4048977086762232,0.01807276582349393,0.0,-0.42414596130059645,14.086664075218621,8,25,4323,0.7968159397830026,,,
adaptive,132,0.4055839469220395,0.01680358233205298,0.0,-0.14474762650870623,15.119128773670335,8,25,4356,2.1021236998823656,,,
adaptive,133,0.40529674604999305,0.017125933788552483,0.0,0.14557978772490082,13.56439271978738,8,25,4389,0.3960593254200204,,,
adaptive,134,0.4056516811570952,0.016659968401531444,0.0,-0.014805548564305243,13.41661726537302,8,25,4422,0.6121113710500257,,,
adaptive,135,0.4070219435337932,0.014859090487237658,0.0,-0.35584897200547694,14.396589201950052,8,25,4455,0.7334276528849646,,,
adaptive,136,0.4067375750585981,0.015314815382471592,0.0,0.038963853393016216,13.994605153585747,8,25,4488,1.2852166209848803,,,
adaptive,137,0.40723419653115206,0.014546792425187194,0.0,-0.15638753524617927,13.817821689699162,8,25,4521,0.3803922863016964,,,
adaptive,138,0.4074227900500544,0.014172223195938916,0.0,-0.014230928804768318,14.569427161290639,8,25,4554,0.9440240185823138,,,
adaptive,139,0.4075473005980985,0.0141251234012858,0.0,-0.07659203269562659,14.447247400018028,8,25,4587,1.148730041179707,,,
adaptive,140,0.40732425025264457,0.014474084244831487,0.0,0.05755237611543085,13.904435679476613,8,25,4620,1.2837973434450785,,,
adaptive,141,0.4077293546754123,0.013848865972029334,0.0,-0.11627883245869518,14.794574181422409,8,25,4653,0.8523741231468268,,,
adaptive,142,0.4081651313248134,0.0133728722756698,0.0,-0.15711032083530582,13.700462816453637,8,25,4686,0.5458807423449481,,,
adaptive,143,0.4087144183967973,0.013003427987003824,0.0,-0.2908450649862903,14.321836332142286,8,25,4719,0.4999098310412195,,,
adaptive,144,0.40830080468862473,0.013583658116329445,0.0,0.16494338287414714,13.741818770028816,8,25,4752,0.5846978472364934,,,
adaptive,145,0.40857488706239264,0.013256038216233779,0.0,-0.04378846957762355,13.62664805331881,8,25,4785,0.38837397578246674,,,
adaptive,146,0.40850819190966126,0.01355382775423003,0.0,0.012750249107738764,13.569919401150395,8,25,4818,0.4406468083668126,,,
adaptive,147,0.408656489915912,0.013332002906789153,0.0,-0.02047429919436885,13.668362731965301,8,25,4851,0.42954103532053767,,,
adaptive,148,0.40847851684799297,0.013651134407265675,0.0,0.06573061806872468,13.43468481466909,8,25,4884,0.4579629768656461,,,
adaptive,149,0.4080970187574464,0.014116938014680724,0.0,0.19056290612066046,12.990381082531545,8,25,4917,0.593623900641784,,,
adaptive,150,0.4074806293392131,0.014928952614745805,0.0,0.21407447673275978,14.661477676893236,8,25,4950,0.8125107637656451,,,
adaptive,151,0.4074800927812233,0.014970161026491957,0.0,0.018374592557216466,13.946710191142488,8,25,4983,1.1025797495679144,,,
adaptive,152,0.4073140368461977,0.015053794013371868,0.0,0.07517406392177607,14.2443091987117,8,25,5016,1.2431981996436277,,,
adaptive,153,0.4083719094119843,0.0137449878036498,0.0,-0.29678720152816934,14.502742729881767,8,25,5049,0.705081608153755,,,
adaptive,154,0.40906354622524793,0.012958261321223963,0.0,-0.2870715510797052,14.571413881647967,8,25,5082,1.8172878208747332,,,
adaptive,155,0.4093977855883041,0.012605166195806483,0.0,-0.11052898670619715,13.753714873522872,8,25,5115,0.4253866236940039,,,
adaptive,156,0.4098306307964315,0.011999159302315321,0.0,-0.17758207904708498,13.506272071005732,8,25,5148,0.3788996591050273,,,
adaptive,157,0.4105467985463698,0.011251278370093099,0.0,-0.37917634539404266,14.003703677721631,8,25,5181,0.8973556857843012,,,
adaptive,158,0.4105624815508864,0.011171061922194858,0.0,0.014521885481004724,16.359833945598933,250,25,5456,4.257164125648979,,,
adaptive,159,0.4103675044768918,0.011557125452876904,0.0,-0.0065507647025428275,14.160455092348057,250,25,5731,1.0149899651837646,,,
adaptive,160,0.41046293461455247,0.011373884619713504,0.0,-0.018083155626303877,13.898132219589785,250,25,6006,0.39180045713936196,,,
adaptive,161,0.41046716470005834,0.011429274960520042,0.0,0.008586881373625633,13.600495811392166,250,25,6281,0.2066157859444615,,,
adaptive,162,0.410345196078255,0.011842453583967072,0.0,-0.03478592023266009,13.416838158210252,250,25,6556,0.5040343507915753,,,
adaptive,163,0.4104211233715501,0.011834177763654863,0.0,2.7098902043032297e-05,13.535179215045334,250,25,6831,0.37357113533114367,,,
adaptive,164,0.41033061808818255,0.011955062918362402,0.0,0.01680672097715597,13.721435248645768,250,25,7106,0.2600870218050155,,,
adaptive,165,0.41047767012589437,0.011690352879448751,0.0,-0.04783287110125915,14.864675990306443,250,25,7381,1.1338305099189836,,,
adaptive,166,0.41058942455074604,0.011564681876489458,0.0,-0.005043730480306719,14.602212311167955,250,25,7656,1.2510852449387198,,,
adaptive,167,0.4107831133485902,0.011122420543331124,0.0,-0.030194559387936595,13.517241192276531,250,25,7931,0.35748211799561214,,,
adaptive,168,0.41097684993395817,0.010828259943312768,0.0,-0.03284693400372773,13.88853713919926,250,25,8206,0.2365595271471529,,,
adaptive,169,0.4110224507278311,0.010681843871931607,0.0,0.05311853851197347,15.318670198576761,250,25,8481,2.3550358935807316,,,
adaptive,170,0.41088964880107737,0.011251735840738686,0.0,0.014851614812717934,13.541978584745777,250,25,8756,0.2557631106163812,,,
adaptive,171,0.4108272540275333,0.011429879153491529,0.0,0.0035868877441209966,14.211045869975006,250,25,9031,1.0706098167293516,,,
adaptive,172,0.4110811216029889,0.010819999664207214,0.0,0.01376890381975435,13.686742950885721,250,25,9306,0.36356394327555563,,,
adaptive,173,0.41090364120751505,0.011261261578307868,0.0,0.022814913335405716,15.067092459752624,250,25,9581,0.9983247183482735,,,
adaptive,174,0.410876122150432,0.01116423212551454,0.0,-0.008976284839379593,13.857565533183816,250,25,9856,0.2563189194660385,,,
adaptive,175,0.41050112527916766,0.011771609731418387,0.0,-0.008038972370582343,13.590036798694388,250,25,10131,0.4134546057684079,,,
adaptive,176,0.4107231789592716,0.011200119719513013,0.0,-0.004270670838160952,14.140248634175252,250,25,10406,1.0107232498436893,,,
adaptive,177,0.411116788162399,0.010427815956427056,0.0,-0.06992205868515289,14.808283057183562,250,25,10681,1.0746355983364326,,,
adaptive,178,0.41102504961792,0.010482931524326944,0.0,-0.05198948540606294,13.462480824940814,250,25,10956,0.2939044509396019,,,
adaptive,179,0.4110063496296474,0.01042065850478796,0.0,0.00583363337255452,14.31669099710961,250,25,11231,1.0992461244847536,,,
adaptive,180,0.41105165832017637,0.010415723008235511,0.0,0.0482547777312273,13.674914240348537,250,25,11506,0.39755528622638153,,,
adaptive,181,0.41122858184151195,0.010114001410996998,0.0,-0.015645856124063686,13.60007608614771,250,25,11781,0.5170939957059513,,,
adaptive,182,0.41127649874958006,0.010063334473011165,0.0,-0.018986640034988633,13.823925261556075,250,25,12056,0.45626290454971274,,,
adaptive,183,0.41107870415086895,0.010192887133723016,0.0,0.010446097947169677,14.539941526802846,250,25,12331,1.3266164157803726,,,
adaptive,184,0.41095708933353925,0.010377113597558607,0.0,-0.02998591312289299,13.761464330801166,250,25,12606,0.4555830543176269,,,
adaptive,185,0.41117163910865484,0.010059499756627455,0.0,-0.008263912970743527,13.612637293227348,250,25,12881,0.2727761293071875,,,
adaptive,186,0.4112182158167252,0.009958095501835684,0.0,-0.05787563543976934,13.001679099717556,250,25,13156,0.2628545160307332,,,
adaptive,187,0.41151916420497775,0.009477234740809692,0.0,-0.08232603381022743,13.430939777447978,250,25,13431,0.3848339641071539,,,
adaptive,188,0.4115320279069507,0.009396391623374412,0.0,-0.01702694743007781,14.605022185579369,250,25,13706,1.173123698605542,,,
adaptive,189,0.41158073910890347,0.009296893971037001,0.0,-0.008682137070312417,14.600892544917455,250,25,13981,1.0790119661797777,,,
adaptive,190,0.41149956211673666,0.009445331719573069,0.0,0.04623242520515849,14.450637268912393,250,25,14256,0.9670379069645672,,,
adaptive,191,0.41170638591165454,0.008975056655071645,0.0,-0.043610507788397875,13.14575805213186,250,25,14531,0.22482411831858554,,,
adaptive,192,0.4118979055070372,0.008699411623627529,0.0,-0.033522966548606474,13.588642157127408,250,25,14806,0.3800400240898356,,,
adaptive,193,0.41164788861304136,0.009150844911738176,0.0,0.0004483974278959289,13.86060900226305,250,25,15081,0.34160194546364714,,,
adaptive,194,0.41150436870224827,0.00936051411296146,0.0,0.00524815738221234,16.314238313816123,250,25,15356,3.7431231238622003,,,
adaptive,195,0.4114863701558257,0.009475052081480195,0.0,-0.10183473591193368,14.411482658758105,250,25,15631,0.9815252492277229,,,
adaptive,196,0.41149845995710926,0.009294095440492145,0.0,0.041584260106737644,13.659096236150203,250,25,15906,0.6419309059305085,,,
adaptive,197,0.41154395839806285,0.009134455490794946,0.0,0.011625416829363387,13.604352321179698,250,25,16181,0.2968471983930301,,,
adaptive,198,0.41152240958032393,0.009221837308689251,0.0,0.03385150598923248,13.795920643378729,250,25,16456,0.3485405052758196,,,
adaptive,199,0.41138105228342764,0.009488107747876895,0.0,0.012491341380149996,13.683487496035642,250,25,16731,0.37736836058540346,,,
adaptive,200,0.41134317997487174,0.009482854583332367,0.0,0.04454945412040844,13.557057405820242,250,25,17006,0.37718578318491397,,,
adaptive,201,0.41118403136584275,0.009755510367957632,0.0,-0.016197473191824786,15.620999570390218,250,25,17281,2.3722506075638923,,,
adaptive,202,0.41130586123195023,0.009451734675381518,0.0,0.03848158236245453,13.007690388217917,250,25,17556,0.26240855950686154,,,
adaptive,203,0.411345448496852,0.009452697856217052,0.0,0.03629270301502032,13.633840510185792,250,25,17831,0.28828786841957416,,,
adaptive,204,0.4114161256113856,0.00942792666307013,0.0,-0.00607284461588318,13.673650545715786,250,25,18106,0.38698049455004113,,,
adaptive,205,0.4113635030380375,0.009514517210803874,0.0,-0.015088503829546138,13.60866908286098,250,25,18381,0.4164143161263012,,,
adaptive,206,0.41162155485929786,0.009099528687455283,0.0,-0.05969824378938863,13.65347536849197,250,25,18656,0.405309726305826,,,
adaptive,207,0.41162953251808604,0.009035801421291068,0.0,0.00775249958918367,14.445335438429431,250,25,18931,0.8757738169465338,,,
adaptive,208,0.41185297174921387,0.008706213418131548,0.0,-0.01173589406079839,15.167556942996221,250,25,19206,2.487712893432538,,,
adaptive,209,0.4116578064710138,0.00906285012344532,0.0,-0.039359150639936634,15.294508998314008,250,25,19481,2.325286965997533,,,
adaptive,210,0.41161502240173997,0.009138085113185812,0.0,-0.010950794643183432,13.691629427823212,250,25,19756,0.516788598396897,,,
adaptive,211,0.41146047604420577,0.009488675608095687,0.0,-0.017377996479083866,13.539486188124123,250,25,20031,0.3511322145591425,,,
adaptive,212,0.4114527183296675,0.00951270964368156,0.0,0.0048870013913052315,13.487351027872835,250,25,20306,0.31677471980441635,,,
adaptive,213,0.4113888316516433,0.009619331325932512,0.0,0.018716062242730605,13.05942292958821,250,25,20581,0.21760055615610124,,,
adaptive,214,0.41159829293519923,0.009318227560223546,0.0,-0.021966070620142872,13.866058293832712,250,25,20856,0.5576710877112153,,,
adaptive,215,0.41151392371322715,0.009519658524563213,0.0,0.029055600435335935,13.02672058453076,250,25,21131,0.2757883773899418,,,
adaptive,216,0.4117274240683606,0.00932759403782124,0.0,-0.08565580448232096,13.429602144385408,250,25,21406,0.40048125094721865,,,
adaptive,217,0.4118135809991066,0.00927312911849143,0.0,3.927608587796898e-05,13.977346688574274,250,25,21681,0.9669278712223756,,,
adaptive,218,0.4120313624139714,0.008933815949830726,0.0,0.07428610928955565,14.390436756463844,250,25,21956,1.1618047147814858,,,
adaptive,219,0.41199261212369703,0.009064922351938343,0.0,-0.022981344563950304,13.37074887937076,250,25,22231,0.35685914569438376,,,
adaptive,220,0.4123130462510546,0.008457039501984343,0.0,-0.010565234476358347,14.493701513756921,250,25,22506,1.3376824969714036,,,
adaptive,221,0.4123437175654396,0.008401884107218704,0.0,0.07343629614095541,14.857999374871696,250,25,22781,1.3967465666376664,,,
adaptive,222,0.41241772816785593,0.008246843036103513,0.0,0.03797619533272078,13.858591533013977,250,25,23056,0.37127776026943415,,,
adaptive,223,0.41245901743074076,0.008168089630399722,0.0,0.02469713002376576,14.591374783939042,250,25,23331,2.0894233513172704,,,
adaptive,224,0.4124886908314762,0.008210531706363433,0.0,0.035790461306595134,12.968910379230689,250,25,23606,0.3921755150103538,,,
adaptive,225,0.41244951711250577,0.008133894020755539,0.0,0.04652569471419319,14.053200476580614,250,25,23881,0.9965526652629888,,,
adaptive,226,0.41252905074883617,0.008034510065671907,0.0,-0.008913753659279839,13.836874309032487,250,25,24156,0.3050256026253649,,,
adaptive,227,0.4126165838431624,0.007843108211555816,0.0,0.018065939677798088,13.444146623899076,250,25,24431,0.5567170626653938,,,
adaptive,228,0.41272284371584916,0.007726978485404268,0.0,-0.021361487827971815,13.702670127112604,250,25,24706,0.39278990548845166,,,
adaptive,229,0.41273513820946844,0.007764757151561608,0.0,0.01145221223134954,13.720543778262632,250,25,24981,0.3745047285773748,,,
adaptive,230,0.41314909501319724,0.007105875656801319,0.0,-0.04858603689706868,14.22515354274185,250,25,25256,1.0942397876001675,,,
adaptive,231,0.41322828247411814,0.007036175249123977,0.0,-0.010430844559026127,14.338966883705512,250,25,25531,1.243725904676661,,,
adaptive,232,0.41294427730266037,0.007583081578108775,0.0,-0.005845427659035545,13.733017971073819,250,25,25806,0.33820297408645666,,,
adaptive,233,0.4129685968035953,0.007525300840989901,0.0,-0.03360241951532565,14.204754531241655,250,25,26081,0.9987871334487545,,,
adaptive,234,0.4130247579805675,0.007491993795565477,0.0,-0.06928284120948834,14.084833686885668,250,25,26356,1.0240340220550184,,,
adaptive,235,0.41299224411289226,0.007574592864610985,0.0,0.03414109410389532,13.539927761187844,250,25,26631,0.3478434885316382,,,
adaptive,236,0.41329622599421584,0.007199862329467399,0.0,-0.00303519911225956,13.904484173425736,250,25,26906,0.36426574566935815,,,
adaptive,237,0.41329886247688563,0.007133806993762037,0.0,-0.024811686186198844,13.564628309988494,250,25,27181,0.35842964819221,,,
adaptive,238,0.41328281355974755,0.007233673232943438,0.0,-0.001253171265964135,13.829798961022504,250,25,27456,0.4754872122240313,,,
adaptive,239,0.41312927255605547,0.007357523592346926,0.0,0.07762088763233128,14.678820406536758,250,25,27731,1.023671467483416,,,
adaptive,240,0.4132840003576951,0.007226121082832826,0.0,-0.03735666809067805,15.325355895577344,250,25,28006,2.3972846471653586,,,
adaptive,241,0.4133452890337003,0.007093683506843418,0.0,-0.0020248914765877333,15.738368253512876,250,25,28281,2.8049802002876043,,,
adaptive,242,0.41339193167103006,0.007072235631199519,0.0,0.0009754250352531043,14.108082078850405,250,25,28556,0.9962041042680098,,,
adaptive,243,0.4134844133479244,0.007009750411802684,0.0,-0.04300869800082093,13.923561275601202,250,25,28831,1.0265758823425388,,,
adaptive,244,0.4135164078907445,0.0069555209399127516,0.0,0.01964785352307339,14.116542456861989,250,25,29106,0.9792094946164297,,,
adaptive,245,0.4135332395666421,0.00696833463289831,0.0,-0.01318051274785543,14.22098940102372,250,25,29381,1.064773017625558,,,
adaptive,246,0.4137418707939337,0.0067135962041225405,0.0,-0.014915496127228279,14.004592526712472,250,25,29656,0.45063279209102114,,,
adaptive,247,0.41366165098079627,0.006821707449849834,0.0,-0.0011896032536567835,14.043679983174208,250,25,29931,0.22854298563425304,,,
adaptive,248,0.41361696142085036,0.006969531953214592,0.0,0.014379391753384348,14.740158757307366,250,25,30206,1.2037561680893105,,,
adaptive,249,0.4134833219946398,0.007193085838970881,0.0,0.011648605445861807,13.605962776456758,250,25,30481,0.41822584320422507,,,
adaptive,250,0.41349551348645425,0.007146759595179075,0.0,0.04291531042350293,13.512434545790235,250,25,30756,0.36237040794057396,,,
adaptive,251,0.4133387155925998,0.007462752005024498,0.0,-0.015176169224185817,14.903557993098614,250,25,31031,2.117331285355602,,,
adaptive,252,0.4133224910866954,0.007602969540454363,0.0,-0.054900405856430176,14.528130276203013,250,25,31306,1.845331642376764,,,
adaptive,253,0.4132830299153545,0.007741961377184303,0.0,-0.03019476501591806,14.661093984139471,250,25,31581,2.361372667884571,,,
adaptive,254,0.4132600029274564,0.007781064263438331,0.0,-0.042567983867151354,14.331832019024239,250,25,31856,1.2855849200681853,,,
adaptive,255,0.41300059503803427,0.008180544020599756,0.0,0.08191487707893029,13.675206130953235,250,25,32131,0.4696081042309251,,,
adaptive,256,0.41305330097403614,0.008166247860769082,0.0,0.011934778256082398,14.455793991676487,250,25,32406,1.0153883776382375,,,
adaptive,257,0.41315910129567635,0.008001798814285921,0.0,-0.024338782658170736,14.417880967380885,250,25,32681,1.0616521972789719,,,
adaptive,258,0.41312084418255934,0.008226517793176735,0.0,-0.021896195546978813,14.4174743485842,250,25,32956,1.1438791347961252,,,
adaptive,259,0.41292088220347273,0.008570056534241255,0.0,0.05743463400907797,14.519076122763096,250,25,33231,1.2623894267675317,,,
adaptive,260,0.4129593570561477,0.008477376301458006,0.0,-0.0746387797694134,14.611354820671178,250,25,33506,0.8286849313093582,,,
adaptive,261,0.4128603665678029,0.008626222850000753,0.0,0.06292759786906156,14.762119057366045,250,25,33781,2.2902625268752024,,,
adaptive,262,0.41284035042146416,0.008835300003441349,0.0,-0.05274736603811201,14.454249205764727,250,25,34056,1.3668679835746982,,,
adaptive,263,0.41300760214582094,0.008502174756770065,0.0,0.016025689042559233,13.78068230875092,250,25,34331,0.29127515912947133,,,
adaptive,264,0.4130324801134873,0.008563586791107358,0.0,0.029697532444957486,13.662243800562221,250,25,34606,0.2649700565986174,,,
adaptive,265,0.4130382655000148,0.008557637769946724,0.0,0.05040541342365732,13.486692065377577,250,25,34881,0.6503714416600826,,,
adaptive,266,0.4133990085310983,0.007855867028160712,0.0,-0.05757781037050562,13.580845365612479,250,25,35156,0.4498770234878397,,,
adaptive,267,0.4136170266726791,0.007521075968697,0.0,-0.014863049438171369,14.644883330061047,250,25,35431,1.168677902120095,,,
adaptive,268,0.41361835501011757,0.007407539819607345,0.0,0.04729030337826185,13.426690025266115,250,25,35706,0.5727831351573696,,,
adaptive,269,0.41347334350588844,0.007622874833209503,0.0,0.05107539725568727,13.907649306556657,250,25,35981,1.0395095403065808,,,
adaptive,270,0.4134539921536685,0.007698327871893451,0.0,-0.04932935183146232,14.526320242508662,250,25,36256,1.0653002779886636,,,
adaptive,271,0.41348806026525453,0.00767999787684126,0.0,2.4586639584210705e-05,14.047944862630805,250,25,36531,0.24743839565716513,,,
adaptive,272,0.41359239389843,0.007531676849805713,0.0,-0.033249430878939654,13.478878590324747,250,25,36806,0.44355156558707526,,,
adaptive,273,0.41362162597227903,0.007419769159598633,0.0,0.07407738460385091,15.051452376747148,250,25,37081,2.596933145733152,,,
adaptive,274,0.4135773852963596,0.0075001388754957765,0.0,-0.01907518834664789,13.320008100340988,250,25,37356,0.33886301642022393,,,
adaptive,275,0.41374530551499644,0.007423067103814962,0.0,-0.05768224269027381,14.591353224404024,250,25,37631,1.1978834959491698,,,
adaptive,276,0.4136499264701955,0.007725734057138112,0.0,-0.02021131537729494,13.98604287507668,250,25,37906,0.9053754379026169,,,
adaptive,277,0.4137193029671491,0.007617758196391655,0.0,0.03273052640779507,14.076104767460958,250,25,38181,1.1887592831693667,,,
adaptive,278,0.4133741010463444,0.007943459536601083,0.0,0.14458171577640969,14.695768121155634,8,25,38214,0.9834936739693604,,,
adaptive,279,0.41352286770040475,0.0077632008063382996,0.0,-0.017022754682934953,13.530014082959031,8,25,38247,0.2665656087368038,,,
adaptive,280,0.41322463027136125,0.008033775883905525,0.0,0.14636229413327195,13.779630037206314,8,25,38280,0.5156585562288782,,,
adaptive,281,0.413527696510238,0.0076027850434892685,0.0,-0.04559201860692455,14.11392113414697,8,25,38313,0.7379092045069179,,,
adaptive,282,0.4133523619137104,0.007929751085849424,0.0,-0.052146366367836115,14.740739095682002,8,25,38346,0.9287138297629423,,,
adaptive,283,0.4133253746305916,0.008063106598089731,0.0,-0.016926507975387556,14.023278437102988,8,25,38379,0.4496046700831523,,,
adaptive,284,0.41320634336516626,0.008160165828116406,0.0,0.16819525039345257,13.53752927368568,8,25,38412,0.5770370590519563,,,
adaptive,285,0.4126649435593454,0.008706947728350789,0.0,0.26980873099977476,15.006908159706475,8,25,38445,2.013129449112897,,,
adaptive,286,0.41291387108681893,0.008690287844142719,0.0,-0.19047076038031335,14.55994324630744,8,25,38478,1.870725904656916,,,
adaptive,287,0.41346610752877516,0.00829928976902039,0.0,-0.32651954194693533,14.282190145658591,8,25,38511,1.2338301599300705,,,
adaptive,288,0.4137591488554545,0.008142138421027678,0.0,-0.24029669294335207,13.566903453435911,8,25,38544,1.2085334440272817,,,
adaptive,289,0.4139024915265056,0.007979577539436677,0.0,-0.04529205234699129,13.489327819556514,8,25,38577,0.3551615189783132,,,
adaptive,290,0.41409496777551186,0.008132026319751795,0.0,-0.16644783443377337,14.673004970855255,8,25,38610,2.2514447852286317,,,
adaptive,291,0.41442444704373116,0.007749882219199367,0.0,-0.21580436452302645,13.57129877818328,8,25,38643,0.39955907880662606,,,
adaptive,292,0.4145513082306471,0.007708746116005916,0.0,-0.16972654591641126,14.369956915934619,8,25,38676,1.6778459880387488,,,
adaptive,293,0.4145573094095214,0.007454377371662102,0.0,0.10102291987575633,13.51052846932995,8,25,38709,0.6026249229410126,,,
adaptive,294,0.4145030406942671,0.007308402932838354,0.0,0.13681422147110164,14.192770953901702,8,25,38742,1.3924817295099323,,,
adaptive,295,0.41431222811679574,0.007371935450295797,0.0,0.1954723829345561,13.566378721849366,8,25,38775,0.5598401569108441,,,
adaptive,296,0.41500794470546076,0.00738192891768874,0.0,-0.32073804101050396,14.230583354351577,8,25,38808,1.226260592845725,,,
adaptive,297,0.4147401086753397,0.0068192326839246475,0.0,0.10512662828572591,13.780602302596069,8,25,38841,0.4205227254558394,,,
adaptive,298,0.41466870199501016,0.007021273806441908,0.0,-0.0025359655640421696,13.973100888699484,8,25,38874,0.4645034863844163,,,
adaptive,299,0.4151132522328615,0.00806588434356903,0.0,-0.2404882356601398,14.634053677356938,8,25,38907,0.5559365651859985,,,
adaptive,300,0.41513801537589906,0.008454683798299834,0.0,0.03504872544051912,14.126202767571232,8,25,38940,1.291432001320686,,,
adaptive,301,0.4148386447630099,0.006598220927296117,0.0,0.3440968472494329,13.804313406514265,8,25,38973,0.42908840344185933,,,
adaptive,302,0.41506116687471567,0.00785598866686632,0.0,-0.20352871446689322,13.898264696472884,8,25,39006,0.49230582940679185,,,
adaptive,303,0.41527879211122215,0.008410968464994562,0.0,-0.13884482432344564,13.68797540376438,8,25,39039,0.3513473410888094,,,
adaptive,304,0.4153769241231146,0.007631034219061805,0.0,0.06617332018874116,13.798408797782017,8,25,39072,0.41678431469473354,,,
adaptive,305,0.4156043219649691,0.00733002189236498,0.0,-0.006996157170400534,13.768854999011724,8,25,39105,0.36149069507409215,,,
adaptive,306,0.4156596053188011,0.00751583333031669,0.0,0.010888201315654879,14.009345320247807,8,25,39138,1.1673679891625348,,,
adaptive,307,0.415765508228725,0.007522274353456149,0.0,-0.008068407869963311,14.421361351481803,8,25,39171,1.2118221707612715,,,
adaptive,308,0.41538998439577474,0.0059039688053323935,0.0,0.3066805786302576,13.48600598387476,8,25,39204,0.806920640100177,,,
adaptive,309,0.41570282037740547,0.006481203107475797,0.0,-0.10867409731795037,14.462736614849462,8,25,39237,0.9692769043891889,,,
adaptive,310,0.41615152309940634,0.007985829115682297,0.0,-0.1854407426790245,13.160588413389474,8,25,39270,0.4312525969388952,,,
adaptive,311,0.41622081011621287,0.008456928467772629,0.0,-0.06649508201183042,13.679185579424626,8,25,39303,0.3258619555595203,,,
adaptive,312,0.41624912860889696,0.007383481582457385,0.0,0.1577120918217703,13.410062319993875,8,25,39336,0.5089067100423661,,,
adaptive,313,0.41578202398630437,0.005559689074674079,0.0,0.2556894803852563,14.061939556586422,8,25,39369,1.5424785621998716,,,
adaptive,314,0.4153168011055889,0.0056167434562007235,0.0,0.18626194723294018,15.271730886898442,8,25,39402,2.9012263546666834,,,
adaptive,315,0.41556501011285624,0.005488380202233356,0.0,-0.15493182832447996,14.083344184556717,8,25,39435,0.40471040259633484,,,
adaptive,316,0.4155471038367207,0.005397600384371315,0.0,0.05139506849508094,13.952301973178555,8,25,39468,0.4062951991699601,,,
adaptive,317,0.4156900160762465,0.005832954179393279,0.0,-0.14676375048604612,13.611395181417953,8,25,39501,0.2884954467247269,,,
adaptive,318,0.4163652996689634,0.007509031187249271,0.0,-0.29540387921843314,14.53228766203016,8,25,39534,0.647260568292681,,,
adaptive,319,0.4163676885236608,0.007391961139466385,0.0,-0.012743463973124045,14.669691926357675,8,25,39567,1.0586214869689536,,,
adaptive,320,0.4168065405890089,0.00921028335034324,0.0,-0.22539254128317132,13.36252215531288,8,25,39600,0.5605286919379235,,,
adaptive,321,0.4167507438564683,0.00902862433032764,0.0,0.07002340849558342,13.489024417886954,8,25,39633,0.4160786760972392,,,
adaptive,322,0.4169507332692416,0.008917750568393112,0.0,-0.009196029321678413,13.373942523312623,8,25,39666,0.4584845893215304,,,
adaptive,323,0.4172880374268333,0.009754002339387224,0.0,-0.11990946581702118,13.844124176744117,8,25,39699,0.49094578019748086,,,
adaptive,324,0.41728890444949585,0.009272385710698883,0.0,0.15570887845474554,14.245174800608256,8,25,39732,1.049517469772935,,,
adaptive,325,0.4175361060154515,0.01138273995138761,0.0,-0.2212112575521849,13.731555538656348,8,25,39765,1.1441547667326843,,,
adaptive,326,0.4173799017796086,0.010699085109235229,0.0,0.06743561256547209,13.094260662333058,8,25,39798,0.27377946397795005,,,
adaptive,327,0.4174318621064407,0.011372081962869485,0.0,-0.0942290285851081,13.782633847191734,8,25,39831,0.23750435890272625,,,
adaptive,328,0.417489694794009,0.011200461334679557,0.0,0.06281604990981958,13.664612218000538,8,25,39864,0.43883229397370666,,,
adaptive,329,0.41749395561101615,0.01148903250286043,0.0,-0.03333774213701193,13.433699164265049,8,25,39897,0.4557780239023553,,,
adaptive,330,0.41734643229689344,0.010648129058604017,0.0,0.11963246347285217,13.493712283534347,8,25,39930,0.5342088366786495,,,
adaptive,331,0.41728305609037986,0.010253220522030204,0.0,0.07471092384567316,13.667318029583702,8,25,39963,0.2888105934387193,,,
adaptive,332,0.4175739386008781,0.011413480352609973,0.0,-0.1168199978065393,13.987289128129735,8,25,39996,0.4000134258768248,,,
adaptive,333,0.4175211318167829,0.010681692211332694,0.0,0.14118232726192936,14.266721286074398,8,25,40029,1.5968829133109188,,,
adaptive,334,0.4173628449623195,0.01176300384683876,0.0,-0.1676598392059527,13.512035849344993,8,25,40062,0.512241593361121,,,
adaptive,335,0.4178317730492837,0.01397537204378757,0.0,-0.26511702756179634,14.328980436717323,8,25,40095,1.0997509162292265,,,
adaptive,336,0.41773651754260693,0.013873026295450508,0.0,0.0022843798118981472,15.650890230386773,250,25,40370,2.0290206159432165,,,
adaptive,337,0.4177735073586222,0.013703472983296439,0.0,0.022544499737559846,15.653101705441921,250,25,40645,2.7968978802939173,,,
adaptive,338,0.4179404181159536,0.013644254255756438,0.0,0.034553510195987784,13.476951169970004,250,25,40920,0.22047592169733746,,,
adaptive,339,0.41811360680942583,0.013678588634382871,0.0,0.002862307497795455,14.911950969857969,250,25,41195,1.1449327675823329,,,
adaptive,340,0.41815973289386743,0.01327765096188227,0.0,0.023163777913423476,15.145907656997142,250,25,41470,1.067322346941343,,,
adaptive,341,0.4179049818084081,0.013328041955299519,0.0,-0.007855882335662843,13.519924087068787,250,25,41745,0.45799624460646987,,,
adaptive,342,0.4179915177609049,0.013214650716242726,0.0,-0.017012953468265507,14.530725354140912,250,25,42020,1.206656722076071,,,
adaptive,343,0.41806658374848643,0.013186860765923514,0.0,-0.01007695665724015,15.076974131794655,250,25,42295,1.098492132874951,,,
adaptive,344,0.41795083267694,0.01294569380235261,0.0,-0.018742882230172942,13.497698711151482,250,25,42570,0.3980020497640234,,,
adaptive,345,0.4180618309717359,0.01241442622283756,0.0,0.027352780905418952,14.82560113090733,250,25,42845,1.1275787730615823,,,
adaptive,346,0.41825075126763017,0.01223627297822405,0.0,0.05177469588150036,15.268276852979575,250,25,43120,2.4411606624929143,,,
adaptive,347,0.4181412215522009,0.012254645689697363,0.0,-0.047225088312600146,13.972959723256862,250,25,43395,1.3853635586900566,,,
adaptive,348,0.41811347728068715,0.012273895011156999,0.0,0.03939540884550233,16.052587731979024,250,25,43670,2.606550944894214,,,
adaptive,349,0.4180919077381913,0.012120341591908779,0.0,0.005064712194618596,14.6630545448881,250,25,43945,0.8461485434056542,,,
adaptive,350,0.41813840151774573,0.012038926273879424,0.0,-0.018598149592860585,14.423955475390752,250,25,44220,1.3733238936859602,,,
adaptive,351,0.4180598600090187,0.012475656518592448,0.0,-0.012470684230724123,13.729150521531286,250,25,44495,0.39920375437341266,,,
adaptive,352,0.4180115203735293,0.01263579889136629,0.0,-0.04810271667902712,13.895846595262388,250,25,44770,0.44890024478886875,,,
adaptive,353,0.4181251674620697,0.012552177785781493,0.0,-0.012693134412557707,14.170145102163563,250,25,45045,1.041713634832038,,,
adaptive,354,0.4178851677060062,0.012040973101610064,0.0,0.014467173303386871,13.469442703183173,250,25,45320,0.49191427910371754,,,
adaptive,355,0.41794783198897817,0.012207506002915203,0.0,-0.004633524152887857,14.410845469100053,250,25,45595,0.9726447407635427,,,
adaptive,356,0.41793635567398146,0.011651118203145572,0.0,-0.08532849579169771,16.623302634849544,250,25,45870,4.35161396201177,,,
adaptive,357,0.41820494512467155,0.011712608455912044,0.0,-0.03759125513528306,13.578994236855635,250,25,46145,0.42774487896810387,,,
adaptive,358,0.4181297100491858,0.011136024995133942,0.0,0.023939586427804985,13.566886431295243,250,25,46420,0.24126905288131784,,,
adaptive,359,0.41834960196549537,0.01101017680001476,0.0,0.0017259676307456921,13.434659866822741,250,25,46695,0.39393470109500855,,,
adaptive,360,0.4182460337830443,0.011359079243666192,0.0,-0.026103749516488105,14.877065272053379,250,25,46970,1.182410068230802,,,
adaptive,361,0.4183835895639174,0.011502348194083079,0.0,-0.01945534509567381,14.498414504163785,250,25,47245,1.4560553265458953,,,
adaptive,362,0.4186121825837048,0.01166194127144804,0.0,-0.028442242129272374,13.116135502255778,250,25,47520,0.19762514009512555,,,
adaptive,363,0.41870178219876486,0.011867201006604378,0.0,0.005371224676608984,13.425133459448746,250,25,47795,0.37061969862259714,,,
adaptive,364,0.4187360282425635,0.012236381270340158,0.0,-0.0038973126557947445,14.293251191404963,250,25,48070,1.1090146326901509,,,
adaptive,365,0.4185974133403285,0.012071332334112506,0.0,0.06965281014224609,13.377680453709601,250,25,48345,0.5711393275913854,,,
adaptive,366,0.41872312935073946,0.011888051690359003,0.0,-0.004444219594446122,13.352273421048617,250,25,48620,0.40772512675086936,,,
adaptive,367,0.4188156335457716,0.011793638392016692,0.0,-0.046951888555458,14.887323451312287,250,25,48895,1.3050594659472217,,,
adaptive,368,0.4187523970801124,0.012035500425404577,0.0,0.007068929840095469,14.242860977017093,250,25,49170,1.0921770717770196,,,
adaptive,369,0.41870212727620876,0.01167493285035126,0.0,0.008042050343944725,14.403432030598342,250,25,49445,1.0988751777316101,,,
adaptive,370,0.41848250680668536,0.011421435599969387,0.0,0.03157642859173239,14.24341080164834,250,25,49720,0.3220466102063136,,,
adaptive,371,0.4186448453760032,0.011955669922461443,0.0,-0.036801011584637,13.65562319493191,250,25,49995,0.3092228813737237,,,
adaptive,372,0.4185760538836874,0.011625728832985183,0.0,-0.008955197631641718,14.590285881207551,250,25,50270,1.1749573929432835,,,
adaptive,373,0.41858785855907055,0.011652533020733158,0.0,-0.03965543021402847,14.591703072012509,250,25,50545,0.9349623409786832,,,
adaptive,374,0.4186381196667059,0.01141485625380545,0.0,0.010994400734563193,14.036963603858982,250,25,50820,1.296877301682056,,,
adaptive,375,0.41833314795926374,0.011737480808553524,0.0,-0.004207574725318015,13.77823165729783,250,25,51095,0.40412022966126765,,,
adaptive,376,0.41851769471497685,0.011414610191518904,0.0,0.012308483344995754,13.995127278075717,250,25,51370,0.2480595901641874,,,
adaptive,377,0.41865233518186035,0.01179323297587398,0.0,-0.06840557183247142,13.560139440005063,250,25,51645,0.4334575771297466,,,
adaptive,378,0.4187344886006847,0.012236006997875082,0.0,-0.033461344003483016,14.127056560541313,250,25,51920,0.914511352625748,,,
adaptive,379,0.41886280065339,0.012029134290443166,0.0,0.0025799694023897536,14.290905068783921,250,25,52195,0.8938482344046239,,,
adaptive,380,0.4187601322693521,0.011846620861487245,0.0,-0.06588023721464624,15.413351210149537,250,25,52470,2.4735007154009065,,,
adaptive,381,0.4186880029713894,0.01188112222732135,0.0,-0.027570733226377382,15.639057458032957,250,25,52745,2.3231585870416525,,,
adaptive,382,0.4187566453114413,0.01256906783432099,0.0,-0.014754791613640843,13.763439448407272,250,25,53020,0.29426754406071626,,,
adaptive,383,0.4189137304661513,0.01286880007549468,0.0,0.014007251216923386,13.987627261072909,250,25,53295,1.1425853065128353,,,
adaptive,384,0.418910207431798,0.012889128074164147,0.0,0.0158924197476898,14.39314041901261,250,25,53570,0.7417874667057833,,,
adaptive,385,0.41880908453630283,0.01326830065890694,0.0,-0.003440490731080995,14.799471266880392,250,25,53845,2.5578843301446224,,,
adaptive,386,0.41854861075344685,0.013111706156412328,0.0,0.006469993594002116,14.631179181640235,250,25,54120,0.8463489884190817,,,
adaptive,387,0.4185789180561928,0.013846504029368822,0.0,-0.025200335573591446,14.87637264622392,250,25,54395,1.6792740228168943,,,
adaptive,388,0.418515539091071,0.01380820677051392,0.0,0.01808473995531008,13.466283702239568,250,25,54670,0.4424745556275963,,,
adaptive,389,0.41868172759373296,0.01392023785580182,0.0,-0.03687934761610693,15.099514617092222,250,25,54945,1.182393859758625,,,
adaptive,390,0.41888917344616317,0.01416376112553347,0.0,-0.0912023585929882,13.579731175130176,250,25,55220,0.31138788410950957,,,
adaptive,391,0.41905041942460913,0.014627264540320095,0.0,-0.009818666888935363,14.539927732187087,250,25,55495,1.020040874750061,,,
adaptive,392,0.41903325268279873,0.014195921525305744,0.0,0.020496579796736917,14.750976220766383,250,25,55770,1.2189660356330374,,,
adaptive,393,0.4191555985460524,0.014555905018487802,0.0,-0.024507950108495054,13.676709682696291,250,25,56045,0.31957556410691523,,,
adaptive,394,0.41928857155028854,0.014263294757775935,0.0,0.021328910977547105,13.978260791923065,250,25,56320,0.44413430384164265,,,
adaptive,395,0.41929893038500343,0.014253999759963387,0.0,-0.010740731429470919,14.938321196151445,250,25,56595,1.2505902380202725,,,
adaptive,396,0.41908663958020265,0.013456075286405023,0.0,0.08189455804417325,13.77993345663249,250,25,56870,0.4358033432107671,,,
adaptive,397,0.41913136166369147,0.013634855043725302,0.0,0.025798522151449628,13.53423513439345,250,25,57145,0.30277283539654976,,,
adaptive,398,0.4194761490947016,0.01399005235584272,0.0,-0.036023420885273626,14.123739133378443,250,25,57420,1.292465542120256,,,
adaptive,399,0.41983166878462647,0.014596610472278282,0.0,-0.05543172831921231,13.532631991899553,250,25,57695,0.3482126582143048,,,
adaptive,400,0.4200390269153726,0.014678767376957114,0.0,0.017196277426118452,14.96353814695695,250,25,57970,2.597844807886319,,,
adaptive,401,0.42021492165053054,0.01460372872880622,0.0,0.060010555848881576,15.059205156614206,250,25,58245,2.327315088281029,,,
adaptive,402,0.4201201763218369,0.014863518264103537,0.0,-0.04655046379337603,14.594079833782358,250,25,58520,1.2067408414404281,,,
adaptive,403,0.4199290519529726,0.014734758631882117,0.0,0.04860303901439234,15.262617057708542,250,25,58795,2.59975877144519,,,
adaptive,404,0.4200110794093896,0.014554138236170355,0.0,0.0673719570059442,13.427254400569332,250,25,59070,0.45140925947709715,,,
adaptive,405,0.4199196152362166,0.014293073073411544,0.0,0.08209944805526587,13.506315787850365,250,25,59345,0.5153589190998028,,,
adaptive,406,0.41968329516696284,0.01422668541083616,0.0,-0.025527321744244696,13.36852989357581,250,25,59620,0.24305731781214762,,,
adaptive,407,0.4197158083667773,0.014514776350136926,0.0,0.018584524918187524,14.950104550194272,250,25,59895,1.2004099002211825,,,
adaptive,408,0.41958717341533946,0.014160391009367002,0.0,0.03553759740456756,13.749741316712047,250,25,60170,0.3608661558576565,,,
adaptive,409,0.4195870232144204,0.014392799266343348,0.0,0.04043881224735558,13.46767828979236,250,25,60445,0.41324279263129,,,
adaptive,410,0.4195462497826899,0.014356107528348039,0.0,0.05603856463577715,14.056089586725802,250,25,60720,1.1273670822169213,,,
adaptive,411,0.41938354512095416,0.013703029628454655,0.0,0.03597046331843773,14.801981597794898,250,25,60995,1.0890789639211218,,,
adaptive,412,0.41926289453117327,0.013507212235227495,0.0,0.046680894440190676,13.78122777434824,250,25,61270,0.4460976627114193,,,
adaptive,413,0.4193258377724162,0.013375889047168354,0.0,0.043656809686163256,14.80687345522421,250,25,61545,2.412065694130182,,,
adaptive,414,0.4196145561294339,0.013430917956648414,0.0,-0.053218695565587094,16.03561603313895,250,25,61820,2.3323645176386227,,,
adaptive,415,0.4196656695278144,0.013721769261969219,0.0,-0.012942055694110565,14.699035887444607,250,25,62095,1.2923685072968534,,,
adaptive,416,0.41977742057970807,0.01387464538602684,0.0,-0.008103946240913264,14.112103196822536,250,25,62370,0.2672047741356081,,,
adaptive,417,0.41952521527674363,0.013265496192611692,0.0,0.04358559794373022,14.086114069889357,250,25,62645,1.0783342574996304,,,
adaptive,418,0.41949594693205555,0.01343582941598187,0.0,0.01037877104746393,13.931614506925612,250,25,62920,0.3264203127720587,,,
adaptive,419,0.41968136737385897,0.013342778411484402,0.0,-0.06621158412401724,14.146406098748855,250,25,63195,1.3412568174367976,,,
adaptive,420,0.41942627337142857,0.013125628543512846,0.0,-0.010338091379546074,13.696811258828694,250,25,63470,0.2730828700685197,,,
adaptive,421,0.4195519466786965,0.012933277974736979,0.0,0.02632106381836199,13.978495864759383,250,25,63745,0.602241120082604,,,
adaptive,422,0.4194701953059311,0.012585830549843302,0.0,-0.021296650138008275,14.128194842609911,250,25,64020,1.088095519501415,,,
adaptive,423,0.4195105676740243,0.01241864914129609,0.0,0.03539302749119363,13.664671023485619,250,25,64295,0.46865123141726184,,,
adaptive,424,0.41966138657938745,0.012862954124127579,0.0,-0.0736064215516731,14.56579095229094,250,25,64570,0.8446856243807103,,,
adaptive,425,0.4196458766151333,0.01307295091141003,0.0,-0.018511395712848315,13.25798058667237,250,25,64845,0.2143530884229583,,,
adaptive,426,0.41945350077548704,0.012753632416780403,0.0,0.02511941725910615,13.492673746251285,250,25,65120,0.4212896393855146,,,
adaptive,427,0.4196707414907958,0.012393918611999566,0.0,0.006769408195895507,14.399335243641493,250,25,65395,1.224561264824824,,,
adaptive,428,0.41980628724013563,0.012935496111724398,0.0,-0.07798673598919169,13.687117950454601,250,25,65670,0.32797928561491835,,,
adaptive,429,0.4198153466174548,0.013550580610265262,0.0,-0.056130858126829955,13.165886000029596,250,25,65945,0.1407628019226877,,,
adaptive,430,0.419826100996574,0.0134269951027704,0.0,0.02494178310015095,14.114502943164837,250,25,66220,0.36064180884633007,,,
adaptive,431,0.4198850205750257,0.013562646021115454,0.0,-0.010515777674332726,14.361999756499511,250,25,66495,1.1290320266550333,,,
adaptive,432,0.4199440620448719,0.013352674585003,0.0,-0.028074887223462193,15.661191686867078,250,25,66770,2.3080195294248447,,,
adaptive,433,0.4200364204562068,0.013295102027934214,0.0,0.012408666620555342,14.025895496401311,250,25,67045,0.3745663941786772,,,
adaptive,434,0.42003879330915367,0.013666964763376255,0.0,-0.0283256136051229,14.043613627741824,250,25,67320,0.42740110945568693,,,
adaptive,435,0.4198552894167133,0.013574127606436504,0.0,0.033815170026042486,13.154629454080956,250,25,67595,0.23210260504286023,,,
adaptive,436,0.41988952666875956,0.012963845374531324,0.0,0.09291897244766487,14.22996551190656,250,25,67870,1.0785262453255229,,,
adaptive,437,0.42005857893217374,0.012992797607107753,0.0,-0.045685573025751644,15.008907143876646,250,25,68145,2.3841468552208327,,,
adaptive,438,0.4198973484114442,0.012041472797141572,0.0,0.0573311276288427,14.88369672940482,250,25,68420,0.7352722203310423,,,
adaptive,439,0.4197926934625572,0.012385970266469648,0.0,-0.023092798588559796,14.467225440092149,250,25,68695,1.1989572892140157,,,
adaptive,440,0.41999851474575944,0.012344667858894487,0.0,-0.06855910315169646,13.535376636565035,250,25,68970,0.41151768608222805,,,
adaptive,441,0.41993696035175926,0.012241427048554243,0.0,-0.013791416304488961,14.899603418875122,250,25,69245,1.1512472231763653,,,
adaptive,442,0.42002891665452674,0.011982056601309077,0.0,-0.020058557292524242,14.037370617364546,250,25,69520,0.37375757740893667,,,
adaptive,443,0.4200881291054193,0.011285410903607851,0.0,0.06924465758287882,15.972460219183294,250,25,69795,2.1620209999641324,,,
adaptive,444,0.42018454847357967,0.011404857566889137,0.0,-0.02741423980946921,13.592957225878079,250,25,70070,0.34937429960537036,,,
adaptive,445,0.42032549759531634,0.011351158133735162,0.0,-0.02399957514567491,13.10898825980757,250,25,70345,0.16650707635210885,,,
adaptive,446,0.42023014523135505,0.011179444108411873,0.0,-0.0072019096558900205,13.053491784562244,250,25,70620,0.21627956811127505,,,
adaptive,447,0.4201778457068955,0.011071278034115117,0.0,0.012275055082886828,14.793091669813961,250,25,70895,0.8469446422858629,,,
adaptive,448,0.4200612621558215,0.0113437476679214,0.0,-0.04107690407625236,14.717413853136373,250,25,71170,0.8625387135352015,,,
adaptive,449,0.42005313407466804,0.011297604149963225,0.0,-0.04836786628840009,14.369685482792736,250,25,71445,0.9020390320395936,,,
adaptive,450,0.42011067141760894,0.011562891348816273,0.0,-0.04526566734841513,14.696378555401372,250,25,71720,1.0081549075127632,,,
adaptive,451,0.4202857420030915,0.011651203779467323,0.0,0.05034540357945776,14.964686316878684,250,25,71995,2.647172074932826,,,
adaptive,452,0.4202372968685724,0.011650165318076,0.0,-0.0176333732271303,15.541129335884667,250,25,72270,2.3845983640402317,,,
adaptive,453,0.42023290566692145,0.011895689793687714,0.0,0.011955143767942279,14.803710356111283,250,25,72545,1.0036255981789906,,,
adaptive,454,0.4203038124552515,0.011591452584941042,0.0,0.009170485875946512,14.125260165970452,250,25,72820,1.0906645502481431,,,
adaptive,455,0.42032108432420545,0.011641016096422319,0.0,0.0092557298672662,14.766548426232118,250,25,73095,1.0801299391458272,,,
adaptive,456,0.4203106053129489,0.011419159783893296,0.0,-0.03007315219114465,15.958772320828135,250,25,73370,2.4917309023143224,,,
adaptive,457,0.4203124270954969,0.011404044591407203,0.0,0.07938665907656683,13.448644595296763,250,25,73645,0.5500274539497504,,,
adaptive,458,0.42038067080545066,0.011086189085683595,0.0,1.5555694414559904e-05,13.893570365707095,250,25,73920,0.46524355029507913,,,
adaptive,459,0.42054300672320494,0.011172312041022647,0.0,-0.010871584709302148,13.488203126397568,250,25,74195,0.4086191292049227,,,
adaptive,460,0.42060585154142005,0.01131246771751232,0.0,-0.015405680899680514,16.210426992825894,250,25,74470,3.8896278297546902,,,
adaptive,461,0.42100115400201443,0.011510251401184945,0.0,-0.01939321109272334,15.032645067050149,250,25,74745,0.977049576419644,,,
adaptive,462,0.42101099903203465,0.011258446301340652,0.0,0.05227208672950774,13.44030681674343,250,25,75020,0.6994111604684883,,,
adaptive,463,0.42096800398015444,0.01090211022395321,0.0,0.04181922985927544,13.852780278092524,250,25,75295,0.34817634830517646,,,
adaptive,464,0.42124912265018943,0.010750752413197673,0.0,0.007713276242069523,14.403297728831333,250,25,75570,0.6286994661998171,,,
adaptive,465,0.4212903559619752,0.010645003464941905,0.0,-0.01852810603443777,14.201419048129253,250,25,75845,1.1014779134290698,,,
adaptive,466,0.4212761022799192,0.010116464986881013,0.0,0.012816867816008538,13.171917518718057,250,25,76120,0.29653689779487047,,,
adaptive,467,0.42112398753935765,0.010234185496696913,0.0,-0.0018934644583614064,14.597090076203223,250,25,76395,1.1534636073448126,,,
adaptive,468,0.4210321696662546,0.010671838542432643,0.0,-0.00692722692961626,14.546157148040773,250,25,76670,0.7906492380405341,,,
adaptive,469,0.42136874419953474,0.01114151579292133,0.0,0.036285541730902066,14.602731883728847,250,25,76945,1.1471402332478657,,,
adaptive,470,0.421230077599084,0.011044208677653322,0.0,0.024127747346404778,13.569184087105757,250,25,77220,0.27359656945331695,,,
adaptive,471,0.42130160600751254,0.0112894635297216,0.0,0.013689765553596338,13.908023141752698,250,25,77495,0.3005619871160249,,,
adaptive,472,0.4212120119112306,0.011008175599503678,0.0,0.04770016074204868,16.231089828398204,250,25,77770,2.4210551501329753,,,
adaptive,473,0.42133733167267406,0.010988704362510038,0.0,-0.024791477340113787,14.208260155624654,250,25,78045,0.4161000179410558,,,
adaptive,474,0.42130715107362465,0.010699412480935366,0.0,-0.04492980873582527,13.774600317779864,250,25,78320,0.29019222053363863,,,
adaptive,475,0.42128060063453465,0.01090100117827425,0.0,0.05097993191398041,13.44649211802685,250,25,78595,0.5199485952541466,,,
adaptive,476,0.4213915938875514,0.011205332137695034,0.0,0.004680463946570052,14.094555884244782,250,25,78870,0.30629720559970486,,,
adaptive,477,0.42132917014868676,0.01123062783721357,0.0,-0.04040485918246051,15.743816561020944,250,25,79145,1.8550279183855936,,,
adaptive,478,0.4213124608032646,0.010579328586953818,0.0,0.0355651459970985,14.121902765191999,250,25,79420,0.30041955698491946,,,
adaptive,479,0.42138380816986504,0.01055113861624285,0.0,-0.02972986842192201,14.98712134186972,250,25,79695,1.4936072138263172,,,
adaptive,480,0.42147273001951446,0.010054980324488816,0.0,0.11362254274081952,13.928939435351703,250,25,79970,1.1462699326070451,,,
adaptive,481,0.4216249008249298,0.009664179827832853,0.0,0.07828391703767006,13.564002541738924,250,25,80245,0.3899769107338231,,,
adaptive,482,0.42188318465055163,0.01046201081358572,0.0,-0.11980636592841218,14.161359756647439,250,25,80520,0.5836946318959212,,,
adaptive,483,0.4219819124047146,0.010553937050084505,0.0,-0.01534587088813827,14.479847586144057,250,25,80795,1.065618061043006,,,
adaptive,484,0.4219988040420991,0.010180345110295308,0.0,-0.0047992493067292395,13.436768349963463,250,25,81070,0.4528258853541069,,,
adaptive,485,0.42224682217366954,0.010541253647704363,0.0,0.0010157118389869425,14.120148782169897,250,25,81345,0.3968418018530394,,,
adaptive,486,0.4222553306680805,0.01073847372049691,0.0,0.02539590770739398,13.608032701723996,250,25,81620,0.4051450170544812,,,
adaptive,487,0.422285444291334,0.010395780107594121,0.0,-0.028231164881824616,13.221999762361433,250,25,81895,0.2561735010121217,,,
adaptive,488,0.4223834290601164,0.010472027372653236,0.0,-0.016280959700686153,13.098060053540129,250,25,82170,0.23711800726537524,,,
adaptive,489,0.4222762582385094,0.010587691045153669,0.0,-0.06230351114564977,14.92470900126336,250,25,82445,0.8399132750943918,,,
adaptive,490,0.42232062482805854,0.010301735825933578,0.0,0.02062593828912407,14.09851563417266,250,25,82720,0.294526375237737,,,
adaptive,491,0.42234441558811914,0.010309970192257267,0.0,-0.00813592085540309,13.449900043565773,250,25,82995,0.3158256169503841,,,
adaptive,492,0.42226467210393215,0.010227585863065602,0.0,0.009223512330500734,14.306688090089626,250,25,83270,1.2797689621110049,,,
adaptive,493,0.42232141156114344,0.010218736775034098,0.0,-0.02816742578291604,13.976084825949082,250,25,83545,0.5949364342903559,,,
adaptive,494,0.42225969466961055,0.01001461446560814,0.0,0.018056734584051357,14.199498921631648,250,25,83820,0.4024416697693452,,,
adaptive,495,0.4220543865386755,0.009987229014096655,0.0,0.01310342479986758,14.19239203643852,250,25,84095,1.1130724659761524,,,
adaptive,496,0.421783387270841,0.009610035055078459,0.0,0.04094953542085168,14.415360394570737,250,25,84370,1.0983098822929664,,,
adaptive,497,0.42184817090267385,0.010075185352738825,0.0,-0.040458792952833555,13.922663184765415,250,25,84645,0.32618832792050806,,,
adaptive,498,0.42191487276218576,0.010239158368403556,0.0,0.03235778038550961,14.436847162887059,250,25,84920,1.1748059472777124,,,
adaptive,499,0.4219836823370854,0.010591367240211313,0.0,-0.031011276852704026,14.201510945959935,250,25,85195,0.48504159908450034,,,
adaptive,500,0.4219840575792797,0.011055420352035106,0.0,-0.03938207635031515,14.05638549322013,250,25,85470,0.3920460942246667,,,
adaptive,501,0.42210225601619583,0.01098361348162058,0.0,-0.060033942799893554,14.078046711583125,250,25,85745,0.43677537840894903,,,
adaptive,502,0.42213055028160396,0.01106702529783854,0.0,-0.0009093031520959489,14.174337054225195,250,25,86020,0.37444724449955236,,,
adaptive,503,0.42219398749066156,0.011302052050177258,0.0,-0.033426732709031855,14.013642367339246,250,25,86295,0.31929369843061345,,,
adaptive,504,0.422196865567631,0.01134626546305173,0.0,0.0059471543756017,13.946487221314824,250,25,86570,1.0234113667337068,,,
adaptive,505,0.42230075756479224,0.011756897615272655,0.0,-0.02528315575401353,14.23371051820241,250,25,86845,0.9180044611064742,,,
adaptive,506,0.42228485498046764,0.011800445748648691,0.0,-0.02761619960975521,15.179303627977717,250,25,87120,1.2688915749176954,,,
adaptive,507,0.42245198588712884,0.011849030558556517,0.0,-0.015029710134482833,13.903987903856583,250,25,87395,1.0889884102704122,,,
adaptive,508,0.42249684913922425,0.012028238213384057,0.0,0.010336352490460247,13.624117957958115,250,25,87670,0.29789323358572495,,,
adaptive,509,0.42242510256187416,0.011493743574297999,0.0,0.03529395154150222,15.42062473047831,250,25,87945,2.4976781203804177,,,
adaptive,510,0.42239819543529117,0.010916791093090072,0.0,0.03918799529767132,14.562225902682336,250,25,88220,1.030675310410128,,,
adaptive,511,0.42237538014185616,0.011209234857590233,0.0,-0.04271325377401656,14.161205541247694,250,25,88495,0.35606327438092117,,,
adaptive,512,0.42237561813637375,0.010927061623605516,0.0,0.06986680171690027,13.411556708204992,250,25,88770,0.42057960500887565,,,
adaptive,513,0.42228986998051143,0.010443352853572452,0.0,0.1115988604759684,16.033664467431088,250,25,89045,2.64741077514252,,,
adaptive,514,0.422132685074094,0.010158452378685845,0.0,0.019817201509319156,14.052242611819707,250,25,89320,0.4460203527022049,,,
adaptive,515,0.42220776464158766,0.01033317825846114,0.0,-0.03526287615703271,14.579013174226493,250,25,89595,1.1793351974077422,,,
adaptive,516,0.4220831077052919,0.010129067791044832,0.0,0.023701056544201567,15.901678789151898,250,25,89870,1.9849414395863663,,,
adaptive,517,0.42194355553858853,0.009996606824020815,0.0,-0.012029331508953309,13.668347882072263,250,25,90145,0.33480043449236463,,,
adaptive,518,0.42196718589486365,0.00983882368354111,0.0,0.0550263913550051,14.758580899899789,250,25,90420,1.3503975315715526,,,
adaptive,519,0.42191949034545306,0.009521337770807214,0.0,0.00391280065024657,14.95163114647531,250,25,90695,1.2200629760943298,,,
adaptive,520,0.4218586119737643,0.009697455803355015,0.0,0.001800011595904293,13.483445964934475,250,25,90970,0.3957309294714383,,,
adaptive,521,0.4218316767669323,0.009949304962126981,0.0,-0.07545132430117611,13.995460887902276,250,25,91245,0.8304790379971266,,,
adaptive,522,0.42169284506611754,0.009684223230956412,0.0,0.019055989782462396,14.426930368018256,250,25,91520,2.504549081958094,,,
adaptive,523,0.4217404361512396,0.009521638202485472,0.0,0.028615298959443678,15.063116694869375,250,25,91795,1.1982704009916127,,,
adaptive,524,0.42178475490838924,0.0088764894516416,0.0,0.07843944328097198,14.605836238373158,250,25,92070,1.0789920902673902,,,
adaptive,525,0.42166650842841885,0.00882291610835223,0.0,0.010640495613249003,13.711918069558777,250,25,92345,0.5701078298353153,,,
adaptive,526,0.4219515657043472,0.009315630319843116,0.0,-0.009110564317613881,14.245515151073338,250,25,92620,0.3850959506721857,,,
adaptive,527,0.4219695072697046,0.009204774219289225,0.0,-0.01892897625542172,13.900437871756365,250,25,92895,0.618444232905856,,,
adaptive,528,0.4218027030200232,0.009232814377232113,0.0,-0.021351038532793153,15.08688995441178,250,25,93170,1.4924651695552311,,,
adaptive,529,0.4217775812938235,0.00943712899599658,0.0,-0.006471807976769435,13.871803627235078,250,25,93445,0.33250425842251125,,,
adaptive,530,0.42161382987997265,0.009332030919397605,0.0,0.002083209253037276,14.028549901436028,250,25,93720,0.4370400935533501,,,
adaptive,531,0.42143022803027247,0.009218641553523588,0.0,-0.025520839659044413,14.273559385646994,250,25,93995,0.8442752670593501,,,
adaptive,532,0.4215653055415133,0.009016041289010457,0.0,0.03321737916121246,15.188721919501141,250,25,94270,1.0768049959953625,,,
adaptive,533,0.4215232787677047,0.008908945260298395,0.0,-0.003249597161404159,13.770889886488732,250,25,94545,0.35231713200823583,,,
adaptive,534,0.4215825721403464,0.008780688391541058,0.0,-0.03975424274470766,13.8593453584222,250,25,94820,0.2941989844800741,,,
adaptive,535,0.42163499877025173,0.00867391386073485,0.0,0.03506047833346583,14.097087896624009,250,25,95095,0.35774798628884136,,,
adaptive,536,0.4216773167747051,0.008707784332925406,0.0,0.01407056782139211,13.995673702600554,250,25,95370,0.442542186342948,,,
adaptive,537,0.4220258965480738,0.00877874258927247,0.0,-0.007232526509897247,15.332092670194253,250,25,95645,1.6088648093666968,,,
adaptive,538,0.4220578417880793,0.008165450448885558,0.0,0.0939876215184348,13.829841227446547,250,25,95920,0.3246332680569455,,,
adaptive,539,0.4222616734970747,0.008231659205121311,0.0,0.024233672361175684,14.144879010082184,250,25,96195,0.30813470172488483,,,
adaptive,540,0.4223713505623886,0.008398289203643994,0.0,-0.024596411402710076,14.062100434422034,250,25,96470,0.45632957826697346,,,
adaptive,541,0.42221334605118105,0.008174229585545645,0.0,-0.009861857831443749,13.354851119472604,250,25,96745,0.2561051188391132,,,
adaptive,542,0.4222504953314007,0.00883016376630058,0.0,-0.025034093485396477,14.205845739741058,250,25,97020,1.0915140075781142,,,
adaptive,543,0.42234697601104787,0.009139704372439328,0.0,-0.03470450590461425,14.523216020360826,250,25,97295,1.0191759176020352,,,
adaptive,544,0.42246555249307854,0.009235708093164874,0.0,-0.009592250897791591,13.966934692279041,250,25,97570,1.150981863684575,,,
adaptive,545,0.42241661855365603,0.009550829907163438,0.0,-0.0604541797422502,13.316486247913646,250,25,97845,0.23881613017798434,,,
adaptive,546,0.422578382521619,0.00982384686174581,0.0,0.011358035499933961,15.016307759570212,250,25,98120,1.0285565337933689,,,
adaptive,547,0.4227625822673271,0.010591538880569351,0.0,-0.027207104204904704,13.860858746007471,250,25,98395,0.49569190005717506,,,
adaptive,548,0.4227634530296698,0.010677486623661137,0.0,0.04376513383665406,14.150065149482169,250,25,98670,0.36765619623938256,,,
adaptive,549,0.42292495209456465,0.010749635308828442,0.0,0.06136657551454813,13.932156321017548,250,25,98945,0.3346732408872032,,,
adaptive,550,0.4229510927056342,0.010951176692441666,0.0,0.009651374676131965,13.93160875949664,250,25,99220,0.26034806440156655,,,
adaptive,551,0.4231235057274495,0.011097739322842026,0.0,0.012363501625890087,13.973159530631168,250,25,99495,0.4433618732612072,,,
adaptive,552,0.42329856357349993,0.011410437879543434,0.0,-0.026017630491727017,14.508181394680456,250,25,99770,1.299055543776866,,,
adaptive,553,0.42338019355787115,0.011806092642709265,0.0,0.0004445813974688858,14.069417126472946,250,25,100045,0.49149631083956163,,,
adaptive,554,0.4233716755935639,0.011872868703965866,0.0,-0.01567176755917943,15.234489548850277,250,25,100320,1.1386827843386211,,,
adaptive,555,0.4233607851868285,0.012086560284554126,0.0,-0.04904360947188359,14.1931563567758,250,25,100595,0.45874769322064934,,,
adaptive,556,0.42346992585764465,0.01190871390751741,0.0,0.04330967295558529,13.461725105948286,250,25,100870,0.25925499189629836,,,
adaptive,557,0.42336083034475525,0.011622023501706324,0.0,-0.008914485072398427,14.263765992675452,250,25,101145,0.42769138973226994,,,
adaptive,558,0.42343183509998766,0.01171415940274495,0.0,0.02811407601507798,15.22149161924478,250,25,101420,1.2273155459187377,,,
adaptive,559,0.42338483931719467,0.011669505808245328,0.0,-0.004180860959814742,16.084812378300835,250,25,101695,2.770322604099369,,,
adaptive,560,0.4232651435239379,0.01133176037116379,0.0,0.027245664473560013,13.922186198974034,250,25,101970,0.438982549886267,,,
adaptive,561,0.42310144060420024,0.01116950343639933,0.0,-0.020818925804663706,13.173677764733181,250,25,102245,0.3197409154492336,,,
adaptive,562,0.42286091014232813,0.011213956251449553,0.0,-0.05508846955734402,13.469797775211205,250,25,102520,0.40289418162821805,,,
adaptive,563,0.4229537169675348,0.010978596580413613,0.0,0.03192553932945423,14.195875598765834,250,25,102795,1.250315105534461,,,
adaptive,564,0.4229570895648067,0.011225248794206222,0.0,-0.023252164959831224,13.494142522810083,250,25,103070,0.2910511130241933,,,
adaptive,565,0.4229807319359465,0.010994987173225279,0.0,0.08683757094732109,13.365941433907324,250,25,103345,0.2648430895429151,,,
adaptive,566,0.42301331363939393,0.011056189806346706,0.0,-0.021087508708134195,14.30697600164363,250,25,103620,1.1786125829024663,,,
adaptive,567,0.42304280927378374,0.010813898312443782,0.0,0.022277856138676194,14.40364543527833,250,25,103895,1.018268924605704,,,
adaptive,568,0.4229794406233298,0.010980407449523666,0.0,-0.011778468066075291,13.414089632014164,250,25,104170,0.2635981626683233,,,
adaptive,569,0.42315800853217805,0.011638646430603306,0.0,-0.05819443947040996,14.001222408156787,250,25,104445,0.46572102182110386,,,
adaptive,570,0.4233005543759538,0.012009622447926194,0.0,-0.05332978012308167,14.003261102463592,250,25,104720,0.43471163889092684,,,
adaptive,571,0.4233208906526114,0.01185163000145828,0.0,0.044473717986648585,14.197536652234957,250,25,104995,0.5719000358142332,,,
adaptive,572,0.4234570053140417,0.01263213100453986,0.0,-0.01606763286937773,15.08121662780995,250,25,105270,1.052080624530353,,,
adaptive,573,0.4235448308589679,0.012507150598533467,0.0,0.01668824895751552,13.967739888830787,250,25,105545,0.43423604182761094,,,
adaptive,574,0.42348029668850123,0.012316743813879538,0.0,0.05345754089354276,13.553870403917958,250,25,105820,0.23594442717644504,,,
adaptive,575,0.4234799385724339,0.011810831026114188,0.0,0.04574233871789844,14.932432458102767,250,25,106095,1.0161108033435622,,,
adaptive,576,0.42357072899374004,0.012384915398528762,0.0,-0.10872825937958888,14.091464687331612,8,25,106128,0.4918885073313662,,,
adaptive,577,0.4235032757422686,0.011458219981452744,0.0,0.08398895315507321,15.027807970413873,8,25,106161,0.9635308471529992,,,
adaptive,578,0.42321168658508385,0.01091165449744086,0.0,0.06487961091019422,14.797411191141894,8,25,106194,0.8629366218483505,,,
adaptive,579,0.42335194582054303,0.011531304832440636,0.0,-0.04655450398272296,15.042604019393838,8,25,106227,1.3522552159187542,,,
adaptive,580,0.4234645936958639,0.01212962830057901,0.0,-0.03977248321393202,15.289506088089409,8,25,106260,1.37780122610586,,,
adaptive,581,0.4237003725638388,0.014515485237039494,0.0,-0.38555775664374325,13.396783497620063,8,25,106293,0.7112316203127,,,
adaptive,582,0.4237340562060307,0.01416843832677045,0.0,0.025246813312283546,13.162420184487685,8,25,106326,0.19332859691544352,,,
adaptive,583,0.4236922597367508,0.014722774013932016,0.0,-0.038533981279356845,14.689178660357673,8,25,106359,0.9449399025227777,,,
adaptive,584,0.4238322091860167,0.014582094183321848,0.0,0.07609796198508777,14.243018239310107,8,25,106392,0.5996361439202086,,,
adaptive,585,0.42379016214388654,0.013528195133498677,0.0,0.2036184491164334,13.193903194858343,8,25,106425,0.3749258104308482,,,
adaptive,586,0.42355044761629695,0.01265143262962004,0.0,0.0302595636666498,13.423109184934788,8,25,106458,0.40929852585600895,,,
adaptive,587,0.4232629278105292,0.009574003586898916,0.0,0.41119100987788104,14.221439504803643,8,25,106491,0.6765946050927777,,,
adaptive,588,0.42342563708978287,0.010924436144579275,0.0,-0.14355735170789374,14.444664813029686,8,25,106524,1.0875011897345643,,,
adaptive,589,0.4237070459306821,0.012732922653296785,0.0,-0.1828065820403526,14.132100233086819,8,25,106557,0.5588128204216213,,,
adaptive,590,0.4234640187089977,0.010701315106892206,0.0,0.2903570111123861,14.039818839107454,8,25,106590,0.774853005689185,,,
adaptive,591,0.42325014953337964,0.009444922617231066,0.0,0.1353435111849156,13.209269141246097,8,25,106623,0.5200243907452833,,,
adaptive,592,0.4232977128212504,0.009696397166885695,0.0,-0.021719876674779738,14.145126739424976,8,25,106656,0.4568816128970853,,,
adaptive,593,0.42315810814867555,0.008822393857461641,0.0,0.08417621089618411,14.728791808983603,8,25,106689,1.3389032091206805,,,
adaptive,594,0.42352841755248144,0.011392452808439424,0.0,-0.3575344061342193,14.24824791428013,8,25,106722,0.67827015964704,,,
adaptive,595,0.42349430345202105,0.010647324490009435,0.0,0.11236918050385052,13.5238159756431,8,25,106755,0.3566814261994491,,,
adaptive,596,0.4232884000294373,0.008382925863046065,0.0,0.3109504763375152,14.192900600693898,8,25,106788,0.7484827553752859,,,
adaptive,597,0.4229746690615673,0.006063694164810951,0.0,0.27409457604677373,13.917937192395698,8,25,106821,0.7484869108859681,,,
adaptive,598,0.4228063165985414,0.005955903554973163,0.0,-0.01921790883071478,14.743302775134826,8,25,106854,0.8012826401077979,,,
adaptive,599,0.4230682500975782,0.007681215403871788,0.0,-0.35502264528136207,14.098898761867808,8,25,106887,0.5746501843369781,,,
adaptive,600,0.4232906394972974,0.009329606900302323,0.0,-0.19178551621000497,14.047165507874292,8,25,106920,0.28328220348944433,,,
adaptive,601,0.423180780165158,0.008378572780997906,-0.9,-0.7909841838314495,13.632991608146941,8,25,106953,0.34497222975713593,,,
adaptive,602,0.4231970458509395,0.009125892231333643,-0.9,-0.9525104077515144,13.435820387273182,8,25,106986,0.6191893346216563,,,
adaptive,603,0.4232352180493744,0.008283508845372545,-0.9,-0.7401728403904075,14.990405097700911,8,25,107019,1.5918372156979315,,,
adaptive,604,0.4233158541247129,0.008139741773005638,-0.9,-0.9413510975337381,15.050201769143673,8,25,107052,1.0509367300808032,,,
adaptive,605,0.4228404263871139,0.006419923224022184,-0.9,-0.41691754535695696,13.389051429683372,8,25,107085,1.7799809035231784,,,
adaptive,606,0.4229603490119267,0.0058087622997028965,-0.9,-1.0246339597935048,13.99286755367763,8,25,107118,0.4585471423597123,,,
adaptive,607,0.4227712483198273,0.005940365870026554,-0.9,-0.7537169267831495,13.271562339307621,8,25,107151,0.14554628795318847,,,
adaptive,608,0.422095705925807,0.006233841241302329,-0.9,-0.3569693937890732,14.621478292326406,8,25,107184,2.3826028202885228,,,
adaptive,609,0.421887864773553,0.006438994233016804,-0.9,-0.82926532520847,14.035568607885157,8,25,107217,0.35254406519599985,,,
adaptive,610,0.4215931617151133,0.0069280186496461504,-0.9,-0.5407509664893652,14.063856306196532,8,25,107250,1.6373738247015506,,,
adaptive,611,0.4216230586362583,0.006587640254468952,-0.9,-0.9127708666347967,14.945936289664004,8,25,107283,0.8618957642709201,,,
adaptive,612,0.4217358373248101,0.006290380759630121,-0.9,-0.9604620180223729,15.044756255537688,8,25,107316,1.5636281762921493,,,
adaptive,613,0.42145450214879193,0.005752112283745836,-0.9,-0.7216438695085312,14.601731963663177,8,25,107349,1.4890173172223047,,,
adaptive,614,0.4211902571272753,0.005608947851670154,-0.9,-0.8801009010080407,13.903071621898599,8,25,107382,1.2038453050088245,,,
adaptive,615,0.421107415080806,0.006175539944869579,-0.9,-0.6647716465779099,14.363216931852838,8,25,107415,1.5407756716731709,,,
adaptive,616,0.4212895129037223,0.005961824957055328,-0.9,-0.9892533123824798,14.215606618875261,8,25,107448,0.9413215060272617,,,
adaptive,617,0.4215377890522437,0.0059945080973456966,-0.9,-1.090067254605028,13.574189579457292,8,25,107481,0.6673926815864628,,,
adaptive,618,0.4218956079217616,0.005703526613370369,-0.9,-1.1509211387375182,13.98237456977653,8,25,107514,0.5549803592233462,,,
adaptive,619,0.42185985759232725,0.006076290345022772,-0.9,-0.909630990232977,14.30418703449945,8,25,107547,0.4777325224318754,,,
adaptive,620,0.42187353550061724,0.0057782193657612835,-0.9,-0.9696584156585399,13.897840279647276,8,25,107580,0.5655079977493074,,,
adaptive,621,0.4218941647913861,0.005689728458730503,-0.9,-0.9439816546968242,13.850213834887482,8,25,107613,0.2562806867171795,,,
adaptive,622,0.42161626192319385,0.005786987073806371,-0.9,-0.7147782271894341,14.114817695522554,8,25,107646,0.41843518287922643,,,
adaptive,623,0.4213935146979207,0.005960597930016187,-0.9,-0.6523551798240989,14.918533124872175,8,25,107679,0.9701440669507445,,,
adaptive,624,0.4218999347250141,0.0052356400462141295,-0.9,-1.339527730752591,14.03779674010285,8,25,107712,1.8653656075018672,,,
adaptive,625,0.42157590205565326,0.0055537040016119255,-0.9,-0.6915279694361065,14.037405804170822,8,25,107745,0.6998732269717949,,,
adaptive,626,0.4217467546049209,0.005193220537862919,-0.9,-1.0891805708819744,13.555603341021307,8,25,107778,1.0178237763834292,,,
adaptive,627,0.4219149258659035,0.0054236801321899675,-0.9,-0.9723222112001153,13.236325801051187,8,25,107811,0.21578748545316792,,,
adaptive,628,0.42197363877397476,0.005907554704757678,-0.9,-1.0061071128194934,14.426206013356747,8,25,107844,1.108059422586985,,,
adaptive,629,0.42191727707621346,0.005913395068059657,-0.9,-0.7802537751223015,13.819535147054513,8,25,107877,0.576741808827598,,,
adaptive,630,0.4220150122747303,0.006115667584802531,-0.9,-1.0048235347140146,15.91147218451788,250,25,108152,2.2726825958388,,,
adaptive,631,0.4220541419215392,0.006192757184058206,-0.9,-0.9021298202440965,15.470605271654296,250,25,108427,2.3953451786844266,,,
adaptive,632,0.4219711322090417,0.005837277011291941,-0.9,-0.8867742372160368,15.656279355287268,250,25,108702,2.194319403169697,,,
adaptive,633,0.4219757735096071,0.006136862171475244,-0.9,-0.8222437494392569,15.386697781805022,250,25,108977,2.244331774676622,,,
adaptive,634,0.42192165466393555,0.005793330395970631,-0.9,-0.8663105721376938,15.049363894675288,250,25,109252,1.079937615683357,,,
adaptive,635,0.4217783623675708,0.0054589288469245045,-0.9,-0.8983749057106394,13.398883635451952,250,25,109527,0.2954451441787084,,,
adaptive,636,0.42197819124522823,0.005887093076827055,-0.9,-0.8444939889107999,14.560381093905876,250,25,109802,2.83514334515219,,,
adaptive,637,0.42199771931076535,0.006243263443797442,-0.9,-0.8852321432885654,13.063494201715153,250,25,110077,0.2806403780298721,,,
adaptive,638,0.4219415791160507,0.006070317587108631,-0.9,-0.8456245231321045,13.951914909368632,250,25,110352,0.3347400743699394,,,
adaptive,639,0.4221722142971105,0.006356303811429376,-0.9,-0.9178026134046187,13.550869062133664,250,25,110627,0.398531457820457,,,
adaptive,640,0.42223643795617816,0.006695454275166934,-0.9,-0.8481305122753265,14.04590632494273,250,25,110902,0.48341710977292385,,,
adaptive,641,0.42213602567489145,0.0066347220030397724,-0.9,-0.8934454810056237,13.901336422879993,250,25,111177,0.3405423309941117,,,
adaptive,642,0.42214146993778795,0.006953562904976673,-0.9,-0.914673062002941,15.057842816105943,250,25,111452,1.4355035420462112,,,
adaptive,643,0.422200548292693,0.007136537253843833,-0.9,-0.9058939313421125,13.509229786413737,250,25,111727,0.34991838568224176,,,
adaptive,644,0.42216919488877175,0.007024872415419547,-0.9,-0.9405845619811075,13.988680034315081,250,25,112002,0.3257397797996939,,,
adaptive,645,0.422114657570909,0.006776766888509089,-0.9,-0.9308591748545312,14.72003721658174,250,25,112277,1.0374104575861351,,,
adaptive,646,0.42208544548180615,0.007204520063601838,-0.9,-0.8875100372111606,14.06533582432884,250,25,112552,0.4753651594119106,,,
adaptive,647,0.42182338132793223,0.006830379641504014,-0.9,-0.9328334148479486,14.015374532951785,250,25,112827,1.0537333713599175,,,
adaptive,648,0.4220251355843041,0.007412041448172368,-0.9,-0.8919276513026552,13.971187533649282,250,25,113102,1.2744680462597877,,,
adaptive,649,0.42192775923078907,0.007101100892274559,-0.9,-0.8964422841920408,13.962071725114592,250,25,113377,0.26772687388781485,,,
adaptive,650,0.4217878036912389,0.006715924108478433,-0.9,-0.9122573300869339,16.062497199567932,250,25,113652,2.4711738056870396,,,
adaptive,651,0.42201406509346795,0.007086209707858893,-0.9,-0.9149188407356396,13.516215216871373,250,25,113927,0.5190964511178846,,,
adaptive,652,0.4220479200270771,0.007595986785374709,-0.9,-0.8713094721518656,14.081652769496571,250,25,114202,1.2661574258131296,,,
adaptive,653,0.42192831268531616,0.007175623591673563,-0.9,-0.8931483224559791,15.472660116998608,250,25,114477,2.1261527054536478,,,
adaptive,654,0.42178936642717463,0.007283026564407491,-0.9,-0.896309816359154,13.572073478729537,250,25,114752,0.3732303666751502,,,
adaptive,655,0.4218091582494034,0.0065762255238023815,-0.9,-0.8860167911527524,14.16293457394741,250,25,115027,0.4307644891430959,,,
adaptive,656,0.4217458032491732,0.006383808634541521,-0.9,-0.919955230219113,16.14613505169028,250,25,115302,4.526022194365075,,,
adaptive,657,0.42191437314432545,0.006408736951348359,-0.9,-0.9379586762948529,13.882312037385859,250,25,115577,0.4721517638481171,,,
adaptive,658,0.4219518708082982,0.006670000781391572,-0.9,-0.8955381511756196,14.955681203555567,250,25,115852,1.5123594091380628,,,
adaptive,659,0.4220349553286258,0.0064945676324214,-0.9,-0.8359966568312014,13.60003626897313,250,25,116127,0.301466608863237,,,
adaptive,660,0.42190821083706237,0.006253418822767531,-0.9,-0.8927354572871629,14.136756561357755,250,25,116402,0.3743136693828851,,,
adaptive,661,0.42194118055058166,0.006393309078086884,-0.9,-0.9127375727743205,14.885968874572377,250,25,116677,1.92940081527028,,,
adaptive,662,0.42212423479410055,0.00620181172989881,-0.9,-0.9122012879365909,14.021707638002994,250,25,116952,0.44424333065065363,,,
adaptive,663,0.42207267672797466,0.006084908851230475,-0.9,-0.867988175580912,14.25654440393193,250,25,117227,0.3894941770532716,,,
adaptive,664,0.4221233982663891,0.006065965288187314,-0.9,-0.8617587133774943,14.135545373078427,250,25,117502,0.225877203335531,,,
adaptive,665,0.42205672411671075,0.005775661516931319,-0.9,-0.883242762504563,14.576228918796662,250,25,117777,1.1406617804431678,,,
adaptive,666,0.4220591996760869,0.005696370968712228,-0.9,-0.9088869961648769,13.651704728020912,250,25,118052,0.3684710113283789,,,
adaptive,667,0.4218788320678275,0.00556490972850926,-0.9,-0.8409029490305419,15.109797117256589,250,25,118327,2.551913835535553,,,
adaptive,668,0.4216260569061196,0.0048565449982929665,-0.9,-0.854010347497937,14.296470976338888,250,25,118602,0.7866765821178953,,,
adaptive,669,0.42201361980180063,0.005501158165898634,-0.9,-0.8885518168871779,14.010836954820311,250,25,118877,0.41251760635390117,,,
adaptive,670,0.42188518527875063,0.00532169346562722,-0.9,-0.8316436452341949,14.133450312151107,250,25,119152,0.860403881883101,,,
adaptive,671,0.4219957255131709,0.0056786175977242,-0.9,-0.9390709312218867,14.246451495127673,250,25,119427,0.45195677710311216,,,
adaptive,672,0.42201460215612924,0.0058285793995518365,-0.9,-0.8576425659095898,14.114522900436485,250,25,119702,0.32737195047705875,,,
adaptive,673,0.42191284739413654,0.005846069314697833,-0.9,-0.8789542592088336,14.148576348613862,250,25,119977,0.9287591877702064,,,
adaptive,674,0.4218047600671891,0.00551717177034694,-0.9,-0.860402121819843,14.107942856815782,250,25,120252,0.2927007900213146,,,
adaptive,675,0.4218178285919948,0.005263688546072343,-0.9,-0.9306428189257422,14.704016533839274,250,25,120527,1.0624781441182047,,,
adaptive,676,0.42189617617108605,0.005660788560854002,-0.9,-0.9497577774779361,14.009984084123932,250,25,120802,1.2181025363767763,,,
adaptive,677,0.4219654479457488,0.005610914746208062,-0.9,-0.9027696151578178,14.734739707213379,250,25,121077,2.671562816678331,,,
adaptive,678,0.4221748966599125,0.005918816362167789,-0.9,-0.9476215341865603,15.24246926523728,250,25,121352,1.095102652193735,,,
adaptive,679,0.4221146050244786,0.0058459181206400035,-0.9,-0.8930733718335527,14.926941057712725,250,25,121627,2.423625300479781,,,
adaptive,680,0.42237099755179297,0.006271243135158366,-0.9,-0.9153430248835612,14.412448266087424,250,25,121902,1.0954895203217372,,,
adaptive,681,0.42247664159884357,0.006216492464163337,-0.9,-0.9179786311338275,13.656520338679949,250,25,122177,0.36279407358545734,,,
adaptive,682,0.4225782444307625,0.006354888716058493,-0.9,-0.918202272348075,14.51742201458303,250,25,122452,0.881639004014359,,,
adaptive,683,0.4223915208605663,0.006400445968665236,-0.9,-0.9037582028405668,14.073291941648373,250,25,122727,0.4693490455459778,,,
adaptive,684,0.422649757574745,0.006825342633804465,-0.9,-0.8873293973174696,13.694884067933057,250,25,123002,0.45993404110858416,,,
adaptive,685,0.4228794574319381,0.006990248086867046,-0.9,-0.8972939031878331,14.295053362576827,250,25,123277,1.2429533768735759,,,
adaptive,686,0.42278442910483394,0.0071140457098603505,-0.9,-0.9322073021108266,14.122812199250701,250,25,123552,0.4136823529878595,,,
adaptive,687,0.42283464057943393,0.006676297582830615,-0.9,-0.8204420528890692,15.08630764815648,250,25,123827,0.876573952014869,,,
adaptive,688,0.42278719031263834,0.006664032510367124,-0.9,-0.8689911989398137,14.135618503513511,250,25,124102,0.4023373117260195,,,
adaptive,689,0.4227074142075006,0.00633969195444406,-0.9,-0.932027497060725,13.97247669719477,250,25,124377,0.2500530032690249,,,
adaptive,690,0.4228445014777186,0.006761624127270827,-0.9,-0.9283144145733994,14.07113889760085,250,25,124652,1.414949380625128,,,
adaptive,691,0.4229043882258282,0.006987325192617855,-0.9,-0.8767467801238628,15.226031783887853,250,25,124927,1.1838120906696348,,,
adaptive,692,0.4229683478838111,0.007291655090304716,-0.9,-0.8926858656054253,14.374623933889652,250,25,125202,1.2507638318873346,,,
adaptive,693,0.42291890626739403,0.007334507326305806,-0.9,-0.894118395842701,13.439100552485028,250,25,125477,0.4407452574903349,,,
adaptive,694,0.42296612614909634,0.007240582996726308,-0.9,-0.8642692878323096,14.042131757668752,250,25,125752,0.39124142960413133,,,
adaptive,695,0.42300559743501254,0.007380068443461951,-0.9,-0.9306151509653665,13.984017569890732,250,25,126027,0.34668768615897855,,,
adaptive,696,0.42294102619541696,0.007112549546590408,-0.9,-0.892771920860857,16.197607522438236,250,25,126302,2.6292285454456974,,,
adaptive,697,0.42330560183716487,0.007576894873051243,-0.9,-0.965123540806683,13.992878221040026,250,25,126577,0.45273019413266447,,,
adaptive,698,0.4232020063046449,0.007236931670328239,-0.9,-0.9089030356591294,14.33238461124554,250,25,126852,0.33628489986536647,,,
adaptive,699,0.42329594882380045,0.007669044612274967,-0.9,-0.8828170538453137,14.872466715620062,250,25,127127,0.8380379296033977,,,
adaptive,700,0.423262715047171,0.007617798085370997,-0.9,-0.8743269760921968,14.230464285401379,250,25,127402,0.4126454235950945,,,
adaptive,701,0.42339501841392807,0.007698685922937654,-0.9,-0.8445786588742824,13.954522816115597,250,25,127677,0.3857052084629026,,,
adaptive,702,0.4234968035779135,0.008146821989608699,-0.9,-0.9265202091699968,14.608208933084487,250,25,127952,1.089983846278434,,,
adaptive,703,0.42350944062004087,0.00809274592579834,-0.9,-0.9077074013862619,14.093238217437086,250,25,128227,0.2611944157014372,,,
adaptive,704,0.4235285965356429,0.0080155007192792,-0.9,-0.8481833730631513,15.179253985101099,250,25,128502,2.165275295797886,,,
adaptive,705,0.4236579292136708,0.00820438974683918,-0.9,-0.9210531875553567,13.477371621211846,250,25,128777,0.3331040269029396,,,
adaptive,706,0.4236286056471053,0.007994741868916189,-0.9,-0.8672542453632689,14.033954314186095,250,25,129052,1.1356181735562128,,,
adaptive,707,0.4235098317779287,0.007967299958907548,-0.9,-0.944999542991488,14.871324178118776,250,25,129327,1.0906842650880606,,,
adaptive,708,0.4235912943598823,0.008144600902699306,-0.9,-0.9205322064009431,13.496462395460949,250,25,129602,0.4244291884703183,,,
adaptive,709,0.4235362134989773,0.008228389905847955,-0.9,-0.8599829214100314,14.100319267354884,250,25,129877,0.4504494122893868,,,
adaptive,710,0.4236870381380273,0.008319540911936318,-0.9,-0.9039501172384546,14.076962209546068,250,25,130152,0.3427599443085208,,,
adaptive,711,0.42383821787374937,0.008667845082175774,-0.9,-0.9313772440785306,15.594534594746854,250,25,130427,1.8799130552100494,,,
adaptive,712,0.42393057908945764,0.008695139598365376,-0.9,-0.8995418132298381,13.447347991451059,250,25,130702,0.4926376633591743,,,
adaptive,713,0.42384654005526146,0.00837059428947079,-0.9,-0.8509306309735095,14.401500166674202,250,25,130977,1.1199841610173142,,,
adaptive,714,0.42380928967794995,0.008332602860515959,-0.9,-0.831945961939894,14.057361804285463,250,25,131252,0.404137544446749,,,
adaptive,715,0.4237616336461429,0.008013233471904413,-0.9,-0.9128961286358621,14.07529204652511,250,25,131527,1.3755713271243992,,,
adaptive,716,0.4236852643481642,0.008230872092041486,-0.9,-0.9328333448744697,14.844829508740466,250,25,131802,1.0631504296811225,,,
adaptive,717,0.42340355988937006,0.008234160949965874,-0.9,-0.8900170960875833,13.9684356151143,250,25,132077,1.2363862720622152,,,
adaptive,718,0.4232954902559217,0.007977928356461217,-0.9,-0.942554068628546,14.747622135277116,250,25,132352,1.4654202816418458,,,
adaptive,719,0.4233485829997515,0.008020240721513916,-0.9,-0.8038318126030233,16.124168371040057,250,25,132627,2.2553650529751192,,,
adaptive,720,0.4234721612208885,0.007864698986046414,-0.9,-0.8654844532540569,14.319035486608751,250,25,132902,1.209700448528826,,,
adaptive,721,0.4235243759102147,0.007870113813659041,-0.9,-0.964904686766203,15.230191566572534,250,25,133177,1.1403793411299397,,,
adaptive,722,0.423475468003346,0.007720695409085099,-0.9,-0.9655583778521947,14.014542578867049,250,25,133452,0.9369054203445516,,,
adaptive,723,0.42356387762266906,0.007978981427138598,-0.9,-0.8766540892626996,14.70508315262094,250,25,133727,0.9272890054501804,,,
adaptive,724,0.4235136513080342,0.007708836626656668,-0.9,-0.9449108004912942,14.54050746138392,250,25,134002,1.2031126571420565,,,
adaptive,725,0.42366700571910826,0.008430308821939292,-0.9,-0.8980834063921572,13.911582537322863,250,25,134277,0.4460827949824556,,,
adaptive,726,0.4236245585589408,0.008666962235255371,-0.9,-0.9013863418755722,14.784437454726719,250,25,134552,0.9997582427455213,,,
adaptive,727,0.42357777604865504,0.008977380717218986,-0.9,-0.882161121848208,13.962301403701122,250,25,134827,0.315616231632954,,,
adaptive,728,0.42368351884378547,0.009434474201857668,-0.9,-0.9016777612106529,14.010728509086837,250,25,135102,0.8653524511155744,,,
adaptive,729,0.4238175390180803,0.009755036776962211,-0.9,-0.8851348651343312,14.427349598513892,250,25,135377,0.7149361245877401,,,
adaptive,730,0.4239682489248473,0.00987880760157972,-0.9,-0.8943420009694395,14.789799672646756,250,25,135652,0.8250114472996752,,,
adaptive,731,0.4239360319567032,0.00963259935569516,-0.9,-0.8214219854323991,14.797866924726534,250,25,135927,1.3007578536743143,,,
adaptive,732,0.42389492421155867,0.009412203554154563,-0.9,-0.9156523885398649,14.642522296273398,250,25,136202,2.678446798733344,,,
adaptive,733,0.4239953982895328,0.009400174159780839,-0.9,-0.9081485694043302,13.414695595092656,250,25,136477,0.34705307706833094,,,
adaptive,734,0.4241742075293768,0.009780429161758475,-0.9,-0.9196364663582581,14.823355886220806,250,25,136752,1.409326946501606,,,
adaptive,735,0.4241531302173089,0.00979848874592637,-0.9,-0.9026334011690659,15.096090404147366,250,25,137027,1.2237800736351039,,,
adaptive,736,0.42428828177407074,0.010483402551605736,-0.9,-0.879039317086252,14.235067426948936,250,25,137302,0.2889163729673218,,,
adaptive,737,0.4242669086519813,0.010670791763518428,-0.9,-0.9867306711919585,14.09224458796903,250,25,137577,1.1503224449519096,,,
adaptive,738,0.4242469315433056,0.010422570475059678,-0.9,-0.9690222080398208,15.133812152261077,250,25,137852,0.8424695950895703,,,
adaptive,739,0.4244074462719945,0.01080037673639267,-0.9,-0.9060314451599688,14.158476720969645,250,25,138127,0.49383220578072784,,,
adaptive,740,0.42439587935371326,0.010421885485245697,-0.9,-0.9226117154757842,14.013901596366045,250,25,138402,1.352087032635315,,,
adaptive,741,0.4245317894293083,0.01110528052922144,-0.9,-0.9186742838693632,14.417266007927154,250,25,138677,1.0456824104906017,,,
adaptive,742,0.42448240986299673,0.01147113002322575,-0.9,-0.839375484264263,14.08172123471637,250,25,138952,0.8691611220975872,,,
adaptive,743,0.4242531892234688,0.010746882222537446,-0.9,-0.8314006405788509,13.408171714728127,250,25,139227,0.4783369294515007,,,
adaptive,744,0.42441115643124544,0.010842316744272829,-0.9,-0.9704507348092853,13.388427595090306,250,25,139502,0.5033997989516775,,,
adaptive,745,0.4245905241263827,0.011411897065164767,-0.9,-0.9001147576024708,13.977505871817304,250,25,139777,0.18483232351623202,,,
adaptive,746,0.42449888419510234,0.011224176260126228,-0.9,-0.8808608437834369,15.087222489965422,250,25,140052,0.8945543712018896,,,
adaptive,747,0.42442732673728933,0.010916781198261394,-0.9,-0.8957816376960578,14.838310053887566,250,25,140327,1.1540044311628694,,,
adaptive,748,0.424428817188796,0.010723154409738977,-0.9,-0.9082673444614118,13.948284467628817,250,25,140602,0.29360888712912364,,,
adaptive,749,0.4242000684595183,0.010204525748010507,-0.9,-0.9608695677167147,15.000803351209699,250,25,140877,0.8016013985957462,,,
adaptive,750,0.4244223186906951,0.010529676298478174,-0.9,-0.9782009275216353,14.215564547407347,8,25,140910,1.2780790346639606,,,
adaptive,751,0.4243445805788768,0.010868384891860372,-0.9,-0.8406190465633798,14.0582643551517,8,25,140943,1.09925042247506,,,
adaptive,752,0.42431255660798434,0.010782027489973645,-0.9,-0.8135709861981026,13.995794870236534,8,25,140976,0.3391293819699732,,,
adaptive,753,0.424017856317241,0.011008195084222294,-0.9,-0.6572645080838486,14.39411753260378,8,25,141009,0.6669654768753219,,,
adaptive,754,0.423926079104657,0.010690954782955009,-0.9,-0.8490176603205216,15.339234533045916,8,25,141042,2.219891240172699,,,
adaptive,755,0.42410070916359927,0.01082602896321333,-0.9,-0.9834330345522058,13.518901604058945,8,25,141075,0.3778166703611534,,,
adaptive,756,0.4242875259811948,0.010406290183744504,-0.9,-1.144683909295347,14.00909037687352,8,25,141108,0.5161150822033577,,,
adaptive,757,0.42443203119958145,0.010235147511053588,-0.9,-1.214770919518085,13.577859868996146,8,25,141141,1.4882308588148194,,,
adaptive,758,0.4243862852654899,0.010093539762226544,-0.9,-0.9030387698136866,13.458170305535951,8,25,141174,0.3093487209548835,,,
adaptive,759,0.42439887058905273,0.010154230910004058,-0.9,-0.8924937964435492,15.447811779934524,250,25,141449,2.43857084960078,,,
adaptive,760,0.4244336757857134,0.010108103905986932,-0.9,-0.8531430364694654,13.377011743099947,250,25,141724,0.20339883474423257,,,
adaptive,761,0.4245410669820274,0.010229944096663612,-0.9,-0.9018429206695765,13.245630519424616,250,25,141999,0.23044840725446877,,,
adaptive,762,0.42469041776569355,0.010889825014783194,-0.9,-0.9216970347838159,15.187084826074289,250,25,142274,2.4156708628022816,,,
adaptive,763,0.42455992908398704,0.010728846412882465,-0.9,-0.9266427818880216,14.225425240589384,250,25,142549,0.284343722848023,,,
adaptive,764,0.42443754610842266,0.01055224782662706,-0.9,-0.9434227832116838,15.117368856547802,250,25,142824,1.0623535052857116,,,
adaptive,765,0.42442391003956026,0.010607678987800406,-0.9,-0.8131311592380882,15.252296303602897,250,25,143099,0.9633945673370726,,,
adaptive,766,0.42424033463258193,0.010200376819551604,-0.9,-0.8904951963848501,14.117020445845471,250,25,143374,0.4959807900369752,,,
adaptive,767,0.4241742912939853,0.010268282597427514,-0.9,-0.8866694071122873,14.352680938038594,250,25,143649,1.3224727271601975,,,
adaptive,768,0.4240310967760934,0.009534162157368131,-0.9,-0.9001890876933786,13.593569211008935,250,25,143924,0.49900481618650094,,,
adaptive,769,0.424049354277549,0.009333802149163795,-0.9,-0.9757621748917845,15.563972727853196,250,25,144199,2.5666906923931974,,,
adaptive,770,0.4241109218939148,0.009355184710095,-0.9,-0.9192477848201014,13.39701408368704,250,25,144474,0.21311165293780032,,,
adaptive,771,0.424228837809985,0.009651505990513454,-0.9,-0.9069424817067401,14.051674441999031,250,25,144749,0.532361931733602,,,
adaptive,772,0.42430445336313666,0.009648572144938583,-0.9,-0.965425098554356,13.460241223461837,250,25,145024,0.34877544625486423,,,
adaptive,773,0.42425702746884736,0.009072203800879197,-0.9,-0.9764172846410188,13.181440420976028,250,25,145299,0.1912491151399841,,,
adaptive,774,0.4240290294645958,0.008702960131465876,-0.9,-0.8506851491900859,17.076351176158806,250,25,145574,3.0219901596523084,,,
adaptive,775,0.4240453274030686,0.008571094188809802,-0.9,-0.894052889132473,14.096939695261547,250,25,145849,0.3017587575193238,,,
adaptive,776,0.42420069415692413,0.008469400369015612,-0.9,-0.9205904915717555,14.124632908252305,250,25,146124,1.2086275521704866,,,
adaptive,777,0.4241652736622472,0.008241755255637029,-0.9,-0.9182697751552411,14.084220331267058,250,25,146399,0.3396707284600212,,,
adaptive,778,0.42408096014610785,0.007991621679924843,-0.9,-0.8618972190704283,14.176799864089443,250,25,146674,0.3656190211711954,,,
adaptive,779,0.42408611980231914,0.007983046043606112,-0.9,-0.8789645316849188,15.99607395927308,250,25,146949,2.197969411702367,,,
adaptive,780,0.424227919357434,0.008295726085898292,-0.9,-1.0317485536813094,13.508740784602153,250,25,147224,0.2503939474946965,,,
adaptive,781,0.4241881405825281,0.00804516456554416,-0.9,-0.872929411184249,15.354283968700248,250,25,147499,2.4899225697977982,,,
adaptive,782,0.4241077407074886,0.007679021809847808,-0.9,-0.8681248896337518,15.451630049031323,250,25,147774,2.2170944512698023,,,
adaptive,783,0.42417962516492735,0.007659711204559383,-0.9,-0.8783645862186796,13.430214038946518,250,25,148049,0.5271485530968577,,,
adaptive,784,0.424241452482327,0.007995429662650988,-0.9,-0.8548698888109928,14.264810153589984,250,25,148324,0.3178935057616283,,,
adaptive,785,0.42418038439520694,0.007770435018734256,-0.9,-0.8912492585265164,13.472778058974665,250,25,148599,0.3645903754842596,,,
adaptive,786,0.42425987991763064,0.008343743671555548,-0.9,-0.8846152176396058,14.831674325446897,250,25,148874,0.9253094735410446,,,
adaptive,787,0.4243395417432746,0.008290767850935521,-0.9,-0.9916950532188576,13.467965136122428,250,25,149149,0.2703492488441231,,,
adaptive,788,0.4244008959156855,0.008571153083626326,-0.9,-0.8970812277146559,14.173093705671986,250,25,149424,0.44129297006978685,,,
adaptive,789,0.4244515671991871,0.008845610309231478,-0.9,-0.9625162009248096,14.808406359411176,250,25,149699,0.8299356575226219,,,
adaptive,790,0.4244805731209545,0.008821528482055863,-0.9,-0.9290938033841107,13.456103898527067,250,25,149974,0.37823340522311405,,,
adaptive,791,0.42456055448357255,0.008996134309373183,-0.9,-0.8876127372434813,13.53224444243242,250,25,150249,0.36315238253982957,,,
adaptive,792,0.42464604494636304,0.009361443803667269,-0.9,-0.8973464734472937,14.502724022593819,250,25,150524,1.1367478447867043,,,
adaptive,793,0.42461227090272846,0.009117772602243501,-0.9,-0.9458581216748312,13.403929822339224,250,25,150799,0.4027120998481956,,,
adaptive,794,0.42431050477354526,0.00825433346245269,-0.9,-0.8744812971659199,14.283659514934168,250,25,151074,1.127296315431591,,,
adaptive,795,0.42422454809187177,0.008296863129693688,-0.9,-0.8880428728898713,13.258225346845347,250,25,151349,0.34030588563223,,,
adaptive,796,0.4243457592222908,0.008731735061469126,-0.9,-0.9025721913382785,14.238120166399554,250,25,151624,0.38828772019285707,,,
adaptive,797,0.4241863797849294,0.008353765730832075,-0.9,-0.9119331122964686,15.129049306893666,250,25,151899,1.004799645347609,,,
adaptive,798,0.42426338679734943,0.008506879837431924,-0.9,-0.8949608533115859,15.079695858070815,250,25,152174,1.0539940414612787,,,
adaptive,799,0.4243525763730957,0.00891039683310818,-0.9,-0.8999126970811463,14.094330132664254,250,25,152449,1.242185234584652,,,
adaptive,800,0.4244092294767067,0.009384273442163193,-0.9,-0.853427966848651,13.478197570775693,250,25,152724,0.30694129533578773,,,
adaptive,801,0.4243312550436359,0.009225581995732535,-0.9,-0.875083220568738,14.12219186302038,250,25,152999,0.3731681076500267,,,
adaptive,802,0.42443842398916476,0.009135417016595093,-0.9,-0.9122290475921071,15.026274140487011,250,25,153274,1.126529656298836,,,
adaptive,803,0.4245094919394545,0.00923317099015003,-0.9,-0.8943020040785133,14.203946122653083,250,25,153549,0.2933697714772901,,,
adaptive,804,0.42457644305827147,0.00943565895997972,-0.9,-0.8867805751523034,14.024615429796166,250,25,153824,1.1320073100817465,,,
adaptive,805,0.42484168788532467,0.0100778540818513,-0.9,-0.9385692677003797,13.97327706717819,250,25,154099,0.4215834621433595,,,
adaptive,806,0.42492547043332524,0.010215840201980464,-0.9,-0.8847517980654972,14.037840229929644,250,25,154374,0.24197411393167553,,,
adaptive,807,0.42496915283619974,0.01074544561747337,-0.9,-0.8942043745929061,15.750057202790472,250,25,154649,2.179792548926339,,,
adaptive,808,0.42493737397063336,0.010534120644287548,-0.9,-0.8829975510939339,14.455300187138267,250,25,154924,1.2885991267903256,,,
adaptive,809,0.42487372424373804,0.010287895774034606,-0.9,-0.9168512855628771,14.350326437450699,250,25,155199,1.1308246703949325,,,
adaptive,810,0.42479868633761225,0.010045733222260267,-0.9,-0.9291036205432843,15.98087801337181,250,25,155474,2.438776080248051,,,
adaptive,811,0.4247101512883374,0.009866088253116079,-0.9,-0.8586884456195916,14.471682230404756,250,25,155749,2.3274639683584244,,,
adaptive,812,0.42458986311510793,0.009956853537875177,-0.9,-0.9181726566448604,14.339824874675875,250,25,156024,0.36701376834415517,,,
adaptive,813,0.4245392328376277,0.009981541279786121,-0.9,-0.862843640304355,15.975040504659331,250,25,156299,2.883640591111718,,,
adaptive,814,0.4243551057078787,0.009333386225725215,-0.9,-0.870890687164204,15.199608596865675,250,25,156574,0.991836478679812,,,
adaptive,815,0.4243637329788933,0.009718427887617398,-0.9,-0.8938704551327343,14.169355615159219,250,25,156849,0.22107115883106382,,,
adaptive,816,0.4245314467335793,0.01022964254990033,-0.9,-0.8795669790025615,14.12632490332425,250,25,157124,0.5090757767333581,,,
adaptive,817,0.42455824298017986,0.0104697694563754,-0.9,-0.8818515795409265,14.609926011332384,250,25,157399,1.2762465059752008,,,
adaptive,818,0.42440375488606585,0.00999504819061775,-0.9,-0.841406746491932,15.11836099525072,250,25,157674,1.132823450437077,,,
adaptive,819,0.4244894821118282,0.010864917903920024,-0.9,-0.8952903533190826,15.064776972240521,250,25,157949,1.592070331444563,,,
adaptive,820,0.42426365809984984,0.010057690746655357,-0.9,-0.8866501357125536,13.340716225104462,250,25,158224,0.2697226020436621,,,
adaptive,821,0.42415203055310335,0.009705658195723277,-0.9,-0.8433929931438541,14.809339527356807,250,25,158499,1.217857164366074,,,
adaptive,822,0.424074789579562,0.009593928915480887,-0.9,-0.8661228432004706,15.187921788768984,250,25,158774,0.8574754137922148,,,
adaptive,823,0.42411704957925744,0.009633632957057991,-0.9,-0.9635564668303478,14.311781458436787,250,25,159049,0.970350940864414,,,
adaptive,824,0.42403763193413985,0.009764189454861849,-0.9,-0.8847422640649284,13.986613592651892,250,25,159324,0.32302297175938854,,,
adaptive,825,0.4240553670647867,0.009647157031201725,-0.9,-0.8805651992715636,16.05582443868485,250,25,159599,2.0791148674294337,,,
adaptive,826,0.4241742363447575,0.009643716856427287,-0.9,-0.9224742156509025,13.661457978591848,250,25,159874,0.49460725904287967,,,
adaptive,827,0.4241743993337258,0.009735894793209077,-0.9,-0.8909564454761073,13.190448326694467,250,25,160149,0.2213454632657062,,,
adaptive,828,0.4242485983477538,0.009779621116996928,-0.9,-0.9131688178474916,14.058440315369321,250,25,160424,1.2853361321122316,,,
adaptive,829,0.424329789572178,0.010414782213936102,-0.9,-0.936841020530728,15.103023618370768,250,25,160699,1.4205408089335048,,,
adaptive,830,0.424294921664462,0.01054236703038619,-0.9,-0.9162525169376353,13.228774347589285,250,25,160974,0.22146140648324666,,,
adaptive,831,0.42426251429272976,0.010148707126565959,-0.9,-0.914147693870308,13.413654806913147,250,25,161249,0.49791611682455517,,,
adaptive,832,0.4242331262939149,0.010106665548883731,-0.9,-0.9091152559740668,15.116435298020761,250,25,161524,0.9683971907572914,,,
adaptive,833,0.4244307526908975,0.010798140753314367,-0.9,-0.9218356759266586,13.523571143142862,250,25,161799,0.34788923614044154,,,
adaptive,834,0.4243507997123124,0.01104868784914681,-0.9,-0.8910968232371272,14.86784252324633,250,25,162074,1.1151380224928957,,,
adaptive,835,0.42415521363346487,0.010414723466138531,-0.9,-0.8802092950485751,15.924011846946797,250,25,162349,1.9076774267432892,,,
adaptive,836,0.4242079393733553,0.010068642245524506,-0.9,-0.8644503917199422,14.250194598719713,250,25,162624,1.1273747925627284,,,
adaptive,837,0.4242308978222666,0.01030377327313653,-0.9,-0.8688374408180859,14.006163596133554,250,25,162899,0.4122434262171522,,,
adaptive,838,0.42432133019015533,0.010203289214863798,-0.9,-0.8974700270098543,14.259910128951837,250,25,163174,0.2839498350377576,,,
adaptive,839,0.42424973089123297,0.010021419836580225,-0.9,-0.8575613251089224,15.209066906535082,250,25,163449,1.017708099555421,,,
adaptive,840,0.4240659465579141,0.009579331306791006,-0.9,-0.8487559957512758,14.025727826609597,250,25,163724,0.9290929764363025,,,
adaptive,841,0.42417996371185696,0.009837033460149469,-0.9,-0.9230393002168139,15.097047482156436,250,25,163999,0.992143289869209,,,
adaptive,842,0.42414504410839254,0.009963870625831373,-0.9,-0.9111644655354922,13.46705595004044,250,25,164274,0.5045201688379197,,,
adaptive,843,0.4241105940684479,0.009694163863969707,-0.9,-0.9956385913840194,13.193660635418437,250,25,164549,0.25893909590694875,,,
adaptive,844,0.42394504225045204,0.009241839220919645,-0.9,-0.8202787594423309,14.292699500092152,250,25,164824,0.5450170043496818,,,
adaptive,845,0.4240086566260397,0.009336784673020071,-0.9,-0.9336685881793063,14.146185963279859,250,25,165099,0.3805138903883159,,,
adaptive,846,0.42394411295361767,0.009329771448748525,-0.9,-0.9613034521743969,15.087181198051443,250,25,165374,1.1131778959249123,,,
adaptive,847,0.4241313248222807,0.009740935688168917,-0.9,-0.8946889269754809,13.447070551345437,250,25,165649,0.2639430397979014,,,
adaptive,848,0.42410321030814174,0.009658852615745617,-0.9,-0.8547130358336741,14.09627975662691,250,25,165924,0.3933799550288114,,,
adaptive,849,0.42407571106117353,0.009480867247215752,-0.9,-0.8743412287591639,14.279026356290485,250,25,166199,0.3003778565103302,,,
adaptive,850,0.4239916274495391,0.0091573318621197,-0.9,-0.8986586667606408,16.12177250413555,250,25,166474,2.2091586435244825,,,
adaptive,851,0.42402450741249065,0.009225099983029006,-0.9,-0.8794542831458636,14.030499274702557,250,25,166749,1.1667122587193164,,,
adaptive,852,0.4242520406854584,0.010297624720420173,-0.9,-1.0403804380274009,14.056164548240183,250,25,167024,1.2505288890364747,,,
adaptive,853,0.42423089097980526,0.010449225726088196,-0.9,-0.8914157867123967,15.147507089049364,250,25,167299,1.0362037946365559,,,
adaptive,854,0.4240921009784986,0.01012866361729059,-0.9,-0.817235460550691,13.955098283284993,250,25,167574,0.41515798087373224,,,
adaptive,855,0.4239710941093475,0.009587756393682256,-0.9,-0.8491430012482264,14.201678785415751,250,25,167849,0.30450640839338683,,,
adaptive,856,0.4239653775678914,0.009286380875065892,-0.9,-0.9311296756069922,13.554819411478775,250,25,168124,0.49480562485610047,,,
adaptive,857,0.4238523153367399,0.008858206658257872,-0.9,-0.9256221189615523,14.156665779250908,250,25,168399,0.3737741035303281,,,
adaptive,858,0.42387428549486905,0.009028208396382409,-0.9,-0.893129879822069,15.260474386567278,250,25,168674,1.2421468050634945,,,
adaptive,859,0.4237303013162547,0.008923324296014223,-0.9,-0.9344859267602055,16.13262764286323,250,25,168949,2.1474751430570596,,,
adaptive,860,0.42368592086573226,0.008809411916953613,-0.9,-0.9924219443777005,17.08767862545342,250,25,169224,4.231197478662354,,,
adaptive,861,0.4238473933704464,0.009209641813739122,-0.9,-0.8709738973727694,14.023003620050755,250,25,169499,0.4738783238711225,,,
adaptive,862,0.4238958195701169,0.009328396316623577,-0.9,-0.9121033325142687,15.248177847841188,250,25,169774,1.290776813014725,,,
adaptive,863,0.4237821117620566,0.009323202299170608,-0.9,-0.897840805889056,15.65698672812897,250,25,170049,4.262379952280096,,,
adaptive,864,0.42376170996969614,0.009015233150030555,-0.9,-0.8835458911251343,14.384698892798465,250,25,170324,0.988945512434197,,,
adaptive,865,0.4237180321203129,0.008898961852267517,-0.9,-0.8521111104144121,16.81507792285135,250,25,170599,4.393974780327151,,,
adaptive,866,0.42363852402216584,0.009098583193401677,-0.9,-0.9266089910613831,14.064339645792892,250,25,170874,0.27050531714436943,,,
adaptive,867,0.4235171193430321,0.008890415004210894,-0.9,-0.8965412225337603,14.772952719059463,250,25,171149,1.1597783195925429,,,
adaptive,868,0.42346640863812035,0.008629870603346468,-0.9,-0.9030426739208014,14.341047165673215,250,25,171424,0.9437472783093439,,,
adaptive,869,0.42347321819821515,0.008948728581538001,-0.9,-0.9200610614315133,15.136810230815312,250,25,171699,1.4737319096198396,,,
adaptive,870,0.42332887481823267,0.008726627935451758,-0.9,-0.8821896425497565,16.009094929317992,250,25,171974,2.366724057823315,,,
adaptive,871,0.4233445076588172,0.009093150810214223,-0.9,-0.9580630529481097,14.054915815336209,250,25,172249,0.45670793855840197,,,
adaptive,872,0.4231201555762519,0.00890558379469153,-0.9,-0.9029667827482486,13.555762771495166,250,25,172524,0.3302900159584504,,,
adaptive,873,0.42325610705098776,0.009595432277720806,-0.9,-0.9346550797876008,16.134299243585076,250,25,172799,2.2228354924050837,,,
adaptive,874,0.42312999409137136,0.009500109112154265,-0.9,-0.8990946589616892,14.147983840313415,250,25,173074,0.32338652498292386,,,
adaptive,875,0.42293962582614697,0.008314140438803186,-0.9,-0.7915456940437463,13.496207303769179,250,25,173349,0.2133974084837612,,,
adaptive,876,0.4230070876453923,0.008571044219798263,-0.9,-0.8782578537134871,13.215093872696281,250,25,173624,0.17971820982517192,,,
adaptive,877,0.42281596163416296,0.008187497446627279,-0.9,-0.8805015053165222,13.58797794706648,250,25,173899,0.43935762043704746,,,
adaptive,878,0.42290442895357006,0.00854823517695541,-0.9,-0.8795013401971148,14.7841288537067,250,25,174174,0.948958370044275,,,
adaptive,879,0.422988050792528,0.008931385587335583,-0.9,-0.9254078239962625,14.382735047611419,8,25,174207,1.2967659474782767,,,
adaptive,880,0.42298240506842844,0.008805939316811562,-0.9,-0.9738864180819675,14.76532933051469,8,25,174240,0.938171696980771,,,
adaptive,881,0.42339933815040554,0.01121910711555918,-0.9,-1.4171721908898234,14.97686105270912,8,25,174273,1.499530826725861,,,
adaptive,882,0.42342145460098624,0.01132834825078377,-0.9,-0.9073464655789985,14.830532333221477,8,25,174306,0.9749032439874395,,,
adaptive,883,0.42345281336575313,0.011849661951332413,-0.9,-1.0263048669174288,14.484030312189976,8,25,174339,0.7910065729582759,,,
adaptive,884,0.4232115223792902,0.010997262534349572,-0.9,-0.8038816144194836,15.212752953274272,8,25,174372,0.9934669162854319,,,
adaptive,885,0.4236013056733217,0.013033403576794222,-0.9,-1.345121558150741,14.117641766505418,8,25,174405,0.9048418453556637,,,
adaptive,886,0.4231727511375205,0.011961161394813846,-0.9,-0.7951329763632747,13.960707469960667,8,25,174438,0.7014181269101243,,,
adaptive,887,0.42285046356178907,0.010322376273974865,-0.9,-0.6611456788162965,14.836697055930388,8,25,174471,1.8742173622582734,,,
adaptive,888,0.4222967414433243,0.008181234639174417,-0.9,-0.372927152822319,14.228141043752597,8,25,174504,0.9887115412019105,,,
adaptive,889,0.42253827796055743,0.009333320391783584,-0.9,-1.113019897366536,13.577399589640912,8,25,174537,0.7871959274053577,,,
adaptive,890,0.4224604441650519,0.008889980385983431,-0.9,-0.850963000156356,14.940138729211373,8,25,174570,0.9334069897814238,,,
adaptive,891,0.4226161499391799,0.00960545991688283,-0.9,-0.963015840799082,14.218248784450711,8,25,174603,0.6071441031799313,,,
adaptive,892,0.42251506320111,0.00882441580937593,-0.9,-0.8186308554333104,13.884562370212306,8,25,174636,0.36913853291144055,,,
adaptive,893,0.42233218098595743,0.008467465412423214,-0.9,-0.8930945582083859,15.016339972226547,8,25,174669,0.8849454678429601,,,
adaptive,894,0.42236530687735135,0.00886757889041273,-0.9,-0.9136761153580947,14.173787312630719,8,25,174702,0.8304135786615351,,,
adaptive,895,0.42221114241107033,0.008505589787530243,-0.9,-0.8999358547774597,13.9134682375096,8,25,174735,0.38730851610204065,,,
adaptive,896,0.42247172708870384,0.009985488248055785,-0.9,-1.2924179160409062,14.854530970162994,8,25,174768,1.5496832906136238,,,
adaptive,897,0.42254202695297577,0.010599345202865373,-0.9,-1.0481195113778934,14.032499205523619,8,25,174801,1.4245191327049207,,,
adaptive,898,0.422506412283918,0.010055727590064067,-0.9,-0.913682644900098,14.989209180312,8,25,174834,0.8582073452984271,,,
adaptive,899,0.4223517815088951,0.009116123839301327,-0.9,-0.7262627704518634,15.054837715462916,8,25,174867,1.2120308000178994,,,
adaptive,900,0.4226447787287546,0.010357627596345231,-0.9,-1.1594464284072326,13.205246521047464,8,25,174900,0.2754817356660464,,,
adaptive,901,0.42250871900510767,0.009831579518905231,-0.9,-0.7585053448559441,13.452877754337031,8,25,174933,0.37231301011412804,,,
adaptive,902,0.4221968490144164,0.008468106869515213,-0.9,-0.7004459888268804,14.062734141571823,8,25,174966,0.6386302514072167,,,
adaptive,903,0.4223674964131448,0.009336022921349163,-0.9,-1.0127643323239133,14.225618006333283,8,25,174999,1.0865261546142042,,,
adaptive,904,0.42242783012462143,0.00924792265037272,-0.9,-0.9447520163789044,15.389290741177767,250,25,175274,2.2028021282680106,,,
adaptive,905,0.4222696384625195,0.009230489927902208,-0.9,-0.9312433922126564,15.418977509205774,250,25,175549,2.2512068335819846,,,
adaptive,906,0.42233736048515946,0.009791172648467905,-0.9,-0.9385203438238019,14.01185376371684,250,25,175824,0.32823764129538185,,,
adaptive,907,0.4223326424539208,0.009853916922798966,-0.9,-0.8673894548689601,13.85133930668804,250,25,176099,0.3758327686823672,,,
adaptive,908,0.42233746980231707,0.009655874555313582,-0.9,-0.9052787547818109,15.04392659528733,250,25,176374,2.0138080691580478,,,
adaptive,909,0.4223744425702465,0.009784601200803489,-0.9,-0.8825453692382821,14.041818749005863,250,25,176649,0.508453224048542,,,
adaptive,910,0.42242801901299165,0.00953916673514199,-0.9,-0.9276319717715088,13.143549613259502,250,25,176924,0.28749585820828766,,,
adaptive,911,0.42257089197933606,0.009584330838714572,-0.9,-0.8503367121978569,13.544288968026354,250,25,177199,0.3698087978685201,,,
adaptive,912,0.4225409594407703,0.009728772112962414,-0.9,-0.9424270776295139,15.065704093634507,250,25,177474,1.1848558889852383,,,
adaptive,913,0.42245679560642696,0.00973861837723361,-0.9,-0.7722773159863643,14.128254640509292,250,25,177749,1.426101173338482,,,
adaptive,914,0.4225840569283419,0.00995642949133868,-0.9,-0.8506691192825188,14.083034954444129,250,25,178024,0.5861070553286609,,,
adaptive,915,0.4225781335584238,0.009819486943095923,-0.9,-0.8893261269568589,14.718667250077548,250,25,178299,2.776552186879902,,,
adaptive,916,0.4226140585737205,0.009890260700908315,-0.9,-0.9320435061947165,13.560676481369326,250,25,178574,0.31993133431151854,,,
adaptive,917,0.4223469971259646,0.009022233825758286,-0.9,-0.837756127988702,15.137570388209463,250,25,178849,0.7519118403682016,,,
adaptive,918,0.4223213279797509,0.009055438053610587,-0.9,-0.8543873856741805,15.164698899976806,250,25,179124,1.2118124003512376,,,
adaptive,919,0.42230984666645344,0.009171821577410422,-0.9,-0.9056994887180075,13.917212921648485,250,25,179399,0.34042768222638486,,,
adaptive,920,0.42229099990337554,0.009192378008341773,-0.9,-0.8999872048035074,13.541651611517182,250,25,179674,0.36672954147605563,,,
adaptive,921,0.42226170157598814,0.008895876986712736,-0.9,-0.9233875056795499,14.921313069936794,250,25,179949,0.9965842697932278,,,
adaptive,922,0.42200443010751393,0.008456499587574606,-0.9,-0.8485443660730776,13.464947171633046,250,25,180224,0.361289889131956,,,
adaptive,923,0.4220433411114367,0.008858815649127438,-0.9,-0.9005022915714865,13.503344809920584,250,25,180499,0.2979152218505884,,,
adaptive,924,0.4219825195477065,0.00896482026704698,-0.9,-0.8907096122191421,14.234495815173196,250,25,180774,1.3006809507578543,,,
adaptive,925,0.4218323006083706,0.008573236540408091,-0.9,-0.8792562860373345,14.05577575534576,250,25,181049,0.46390101573511855,,,
adaptive,926,0.4218285003353801,0.008522262884280374,-0.9,-0.9021658094165806,14.221150337343072,250,25,181324,0.7858448386592355,,,
adaptive,927,0.42181587825646494,0.008125224272911069,-0.9,-0.8754800996695449,14.195347054870755,250,25,181599,1.3893973286157733,,,
adaptive,928,0.4217133862120075,0.007866983623294743,-0.9,-0.8743092984286116,14.085413677630852,250,25,181874,0.35876424344609037,,,
adaptive,929,0.4218396632414589,0.008481977148491082,-0.9,-0.9510060925188182,13.648929819826442,250,25,182149,0.3779658385739923,,,
adaptive,930,0.42190586802080665,0.008703356458409695,-0.9,-0.9149875948095023,14.002268706543086,250,25,182424,0.35243574046393944,,,
adaptive,931,0.42205522262095546,0.008799634867426298,-0.9,-0.9639844605845388,13.662747142125927,250,25,182699,0.6084072469660593,,,
adaptive,932,0.42237710873002754,0.009351400738363824,-0.9,-0.8881367385385432,13.969646562587704,250,25,182974,0.2882179470120165,,,
adaptive,933,0.42257009226596076,0.00961465731345551,-0.9,-0.8708161609960731,13.928188449204434,250,25,183249,0.2773593965196539,,,
adaptive,934,0.4226069064798536,0.00995471927389574,-0.9,-0.8888500913390385,15.023962060040425,250,25,183524,1.232473618577799,,,
adaptive,935,0.4226280552235456,0.010577499023408654,-0.9,-0.8591984176452792,14.094776256565972,250,25,183799,1.0570577079692487,,,
adaptive,936,0.4226921435196885,0.010431703473539278,-0.9,-0.8758908212231564,14.180521891490214,250,25,184074,0.5055916624945318,,,
adaptive,937,0.4224137135915523,0.010116471647095338,-0.9,-0.8765489647761362,15.550304968776986,250,25,184349,2.742223167403299,,,
adaptive,938,0.42233803876102166,0.009855573789540939,-0.9,-0.8607743781220271,13.635310279515332,250,25,184624,0.3711106161324407,,,
adaptive,939,0.42227967339779193,0.009976252978940836,-0.9,-0.901960489089428,13.375430640239976,250,25,184899,0.434680990694732,,,
adaptive,940,0.4223409707372572,0.010180883730517287,-0.9,-0.8830767693530168,14.211067637563131,250,25,185174,0.5425754180569309,,,
adaptive,941,0.4222328122495551,0.00986368450213082,-0.9,-0.9370481752249606,14.652180749978609,250,25,185449,1.0555118837613247,,,
adaptive,942,0.42206338298883445,0.009656868334341318,-0.9,-0.8794300417265524,14.095848281011138,250,25,185724,0.6142710516600184,,,
adaptive,943,0.4220137874401584,0.009482833887680009,-0.9,-0.8794074263826656,14.782447523171406,250,25,185999,1.094300846218675,,,
adaptive,944,0.4219072164045686,0.009585796251278145,-0.9,-0.8814706049660634,14.001731885181677,250,25,186274,0.34377899400447376,,,
adaptive,945,0.4220023995846518,0.009794242841034195,-0.9,-0.9196566242660777,13.486373162400671,250,25,186549,0.26555008666855556,,,
adaptive,946,0.4218354809891665,0.009699640425874012,-0.9,-0.9045270466130046,13.294695064941767,250,25,186824,0.20349664960752273,,,
adaptive,947,0.42179300152036503,0.009594985334205774,-0.9,-0.8934031380409899,14.119268779286546,250,25,187099,0.5837945549430045,,,
adaptive,948,0.4219055270420256,0.009951362255607832,-0.9,-0.91868900629532,13.737005121396159,250,25,187374,0.3331938135270432,,,
adaptive,949,0.42189830410164675,0.01002122888275414,-0.9,-0.9732638691822104,14.689563634176153,250,25,187649,1.0981838148597407,,,
adaptive,950,0.42187836429089143,0.01004663935822131,-0.9,-0.8844906559904302,13.841541581916475,250,25,187924,0.3513756872681259,,,
adaptive,951,0.4220496793525213,0.010529139551278877,-0.9,-0.9408197879791552,15.061487833222007,250,25,188199,1.2517433922673096,,,
adaptive,952,0.4219671205344021,0.010873460138257407,-0.9,-0.9207406085652361,14.124819406372568,250,25,188474,0.3215171865448723,,,
adaptive,953,0.42195975344518255,0.01106229580592466,-0.9,-0.8707592698627515,13.38954897428278,250,25,188749,0.33148540023728984,,,
adaptive,954,0.42195877221397804,0.01131753175424266,-0.9,-0.9199361214276176,14.184689045728486,250,25,189024,1.025317510675954,,,
adaptive,955,0.42185701007669413,0.011285340519185227,-0.9,-0.8979689732277468,15.008644777858393,250,25,189299,2.4018760776311545,,,
adaptive,956,0.42193355903399077,0.011258797635499251,-0.9,-0.879824670158781,14.090173792298314,250,25,189574,1.0147032073211149,,,
adaptive,957,0.4217115796039308,0.010837966783420971,-0.9,-0.8739498790612301,15.071982927232778,250,25,189849,0.9216698917242597,,,
adaptive,958,0.4217203387161316,0.010790953303679796,-0.9,-0.8907432991822576,13.296419771649294,250,25,190124,0.2712007471729631,,,
adaptive,959,0.4217780032431311,0.011023160999960702,-0.9,-0.9248669041029717,14.932479599673945,250,25,190399,0.8895782191891385,,,
adaptive,960,0.42176723725884424,0.010603211883967512,-0.9,-0.9193036684259194,13.914101891365355,250,25,190674,1.1460350722948753,,,
adaptive,961,0.4218488814644204,0.011033472850729031,-0.9,-0.8994311933954994,14.878735604384012,250,25,190949,1.2375447144038592,,,
adaptive,962,0.4217207603710764,0.01053685288119588,-0.9,-0.8467726731834991,15.161557363834145,250,25,191224,1.4770045274619088,,,
adaptive,963,0.4217946354720513,0.010549901538569106,-0.9,-0.9410808610390935,14.411764930534783,250,25,191499,0.9086910558801348,,,
adaptive,964,0.42183514269718275,0.010765030619957039,-0.9,-0.9192416047792217,14.220003558268395,250,25,191774,0.3422996300462717,,,
adaptive,965,0.4218789532194128,0.011310002618171111,-0.9,-0.9652995999344841,13.987984788844628,250,25,192049,0.9204077590112494,,,
adaptive,966,0.42175621113663136,0.010875994918143395,-0.9,-0.8936403432438319,14.202210650776253,250,25,192324,0.18931618329722094,,,
adaptive,967,0.4219384441880407,0.01119625962227666,-0.9,-0.9244277193133389,13.4073683879269,250,25,192599,0.42378737879026324,,,
adaptive,968,0.42187366414217314,0.011466232961955092,-0.9,-0.8776257209199625,13.609914997606804,250,25,192874,0.41480475790213145,,,
adaptive,969,0.42200236397233787,0.011561800014389667,-0.9,-0.8902803253930219,13.477043120471333,250,25,193149,0.3377251322123165,,,
adaptive,970,0.4218508522434231,0.011005625762826099,-0.9,-0.9232507824887713,13.904971356461122,250,25,193424,0.4222494905441864,,,
adaptive,971,0.421877726464609,0.01118530843200266,-0.9,-0.88577519897905,13.507312517847833,250,25,193699,0.37362414563698254,,,
adaptive,972,0.4218845550852808,0.010754453436374989,-0.9,-0.8941004964534143,14.40360612375518,250,25,193974,1.192126677670941,,,
adaptive,973,0.42191145881634484,0.010941251231864513,-0.9,-0.888081902895512,14.124455379055092,250,25,194249,0.30984963707061686,,,
adaptive,974,0.4220385494740469,0.010738787303267827,-0.9,-0.8827760345105577,14.123417763281749,250,25,194524,0.9227729492738163,,,
adaptive,975,0.42199940262236496,0.010549114444150687,-0.9,-0.8442795446051624,13.430030744691829,250,25,194799,0.29119477532703036,,,
adaptive,976,0.42199769887598754,0.010538516670240139,-0.9,-0.9304511184863723,14.17818060707297,250,25,195074,0.30343293680428135,,,
adaptive,977,0.4216781794034166,0.010017779361868762,-0.9,-0.8058403723988962,13.520919648934315,250,25,195349,0.3603119692657354,,,
adaptive,978,0.4216588121196691,0.009803525457402984,-0.9,-0.8883022178270515,14.991981216700577,250,25,195624,1.3122409530589902,,,
adaptive,979,0.4217363422501307,0.009884411634094592,-0.9,-0.8880197821066093,14.009867798115959,250,25,195899,0.4582874842811328,,,
adaptive,980,0.42166278086356485,0.009710975009391443,-0.9,-0.9756074251201767,14.616890549466634,250,25,196174,1.1797646783060545,,,
adaptive,981,0.4217506205766134,0.009604491542820504,-0.9,-0.9000740428981927,14.08966396127415,250,25,196449,1.1401473042733052,,,
adaptive,982,0.4216255256976405,0.009299550189530492,-0.9,-0.8928191024788992,13.602795441460229,250,25,196724,0.22983060055520318,,,
adaptive,983,0.4212716083783024,0.0088629271019936,-0.9,-0.8556131640798813,14.167845186965637,250,25,196999,0.31381787932630273,,,
adaptive,984,0.42118559711387665,0.008729343281672963,-0.9,-0.9407265900595989,13.961966295901926,250,25,197274,1.373175471870262,,,
adaptive,985,0.421172229256222,0.00859443589838449,-0.9,-0.927947349377251,14.316974114138112,250,25,197549,0.9159055836746693,,,
adaptive,986,0.4208993868307218,0.008164459513332334,-0.9,-0.9467988111188951,13.877592589094611,250,25,197824,0.4334978244395389,,,
adaptive,987,0.42095435919807306,0.007800043000813495,-0.9,-0.9717563129882276,13.918545928756135,250,25,198099,0.4218084647457489,,,
adaptive,988,0.42075128908917453,0.007517384125514559,-0.9,-0.9239452339959195,14.181052523283464,250,25,198374,1.000333466552846,,,
adaptive,989,0.42079376065927665,0.007542925334075301,-0.9,-0.8876490953520297,14.139638071199137,250,25,198649,0.3485306797281597,,,
adaptive,990,0.4207728720677468,0.007336114878757516,-0.9,-0.8459993994282953,14.002302468406093,250,25,198924,0.4784572121047755,,,
adaptive,991,0.42066091471551337,0.0070851360646077555,-0.9,-0.9158705983149414,14.752530818586626,250,25,199199,0.5547878043144747,,,
adaptive,992,0.42059515741318504,0.006852649877534256,-0.9,-0.8938548742926123,13.596645092234553,250,25,199474,0.42311556024198954,,,
adaptive,993,0.4208295007112678,0.0074927353104318195,-0.9,-0.9681072843161626,13.997326647506224,250,25,199749,0.478011993854173,,,
adaptive,994,0.4208382539772211,0.007442694614073764,-0.9,-0.87176279318318,13.48148988932447,250,25,200024,0.357914830448822,,,
adaptive,995,0.42079904943145147,0.00750016972214651,-0.9,-0.911916664786287,15.249265204128369,250,25,200299,2.514152432885893,,,
adaptive,996,0.4208101029939582,0.007194150068141558,-0.9,-0.847085964219833,15.02235564345435,250,25,200574,1.3005865389387254,,,
adaptive,997,0.4207283439429005,0.006979063438574906,-0.9,-0.8666587330913803,13.936980772442261,250,25,200849,0.5230398643903613,,,
adaptive,998,0.42074473786375177,0.00729479069115796,-0.9,-0.9555487784542483,13.476779580753018,250,25,201124,0.32671860631993355,,,
adaptive,999,0.4208120879962827,0.007162440863768882,-0.9,-0.8967280810852402,15.11153854043243,250,25,201399,0.8534579094533298,,,
adaptive,1000,0.4207933782789393,0.007632416193837366,-0.9,-0.9324458730263807,15.497800356465692,250,25,201674,2.0947255384177277,,,
