schedule,t,reward,gap,beta_true,beta_hat,cert_hp,n_cal,n_mon,cum_aud,xi_sq,exp3_arm,exp3_p,exp3_loss
monitor_only,1,0.39708872284499636,0.032566466639451785,0.0,0.0,14.305400734286097,0,25,25,1.2891854082671919,,,
monitor_only,2,0.39723644282542586,0.03213775409677888,0.0,0.0,14.385625761017769,0,25,50,0.9206322152328065,,,
monitor_only,3,0.3972318290472481,0.032171378832574704,0.0,0.0,14.387814203615195,0,25,75,1.237120964034791,,,
monitor_only,4,0.3973168256089233,0.03236089603209952,0.0,0.0,13.832937647188942,0,25,100,0.3265720493159001,,,
monitor_only,5,0.3974751965291966,0.031764184093799885,0.0,0.0,14.636913494598488,0,25,125,1.1292707099509625,,,
monitor_only,6,0.397495794881461,0.031831906931120646,0.0,0.0,14.29534684272523,0,25,150,1.1546175566192944,,,
monitor_only,7,0.39760003062059845,0.03170627125668307,0.0,0.0,14.472498497229157,0,25,175,1.030244237851702,,,
monitor_only,8,0.39788276773295267,0.031242386921408127,0.0,0.0,14.622043744343943,0,25,200,0.909249976031196,,,
monitor_only,9,0.397704937665514,0.0316161302204484,0.0,0.0,13.469397169519423,0,25,225,0.3294312214443131,,,
monitor_only,10,0.3979767115913879,0.03111317872873809,0.0,0.0,14.542631445121671,0,25,250,0.7900970080429868,,,
monitor_only,11,0.3980486448136828,0.031057257078074663,0.0,0.0,13.462914374709163,0,25,275,0.36650263765890045,,,
monitor_only,12,0.3980849070389106,0.031097229972012697,0.0,0.0,14.256935569679818,0,25,300,0.7833708500054959,,,
monitor_only,13,0.3981761499455339,0.031059337119794972,0.0,0.0,15.134865087876763,0,25,325,2.4848670826224875,,,
monitor_only,14,0.39812734939345573,0.0311311659918585,0.0,0.0,14.205429945192682,0,25,350,1.2023841071336037,,,
monitor_only,15,0.3983047264297445,0.03089507109750833,0.0,0.0,14.159243598685597,0,25,375,1.2146906448080792,,,
monitor_only,16,0.3984722365173868,0.03040517872056475,0.0,0.0,13.447953019786883,0,25,400,0.34124108928801805,,,
monitor_only,17,0.39874490671337587,0.029903454441270072,0.0,0.0,13.695290432447658,0,25,425,0.527764304805422,,,
monitor_only,18,0.39876210771414844,0.03015467914540082,0.0,0.0,13.586133411790877,0,25,450,0.32315975970801164,,,
monitor_only,19,0.39886627371817485,0.02974547694241364,0.0,0.0,13.479512838711022,0,25,475,0.3816509496324957,,,
monitor_only,20,0.39916047005621585,0.029043711341141365,0.0,0.0,14.60525884289951,0,25,500,1.0437508680487753,,,
monitor_only,21,0.39919897500911483,0.029107743078791437,0.0,0.0,13.806834439977361,0,25,525,0.2791105317556872,,,
monitor_only,22,0.39933844166268984,0.028975873975335076,0.0,0.0,13.564622762391519,0,25,550,0.3056275856309622,,,
monitor_only,23,0.39949042813945956,0.028628514637843105,0.0,0.0,14.814892727384384,0,25,575,2.053762246948378,,,
monitor_only,24,0.39948967415691083,0.028875850336131603,0.0,0.0,13.516564895498853,0,25,600,0.37436173327279326,,,
monitor_only,25,0.39960661737228065,0.028765228766508444,0.0,0.0,13.511663412019129,0,25,625,0.4865665409407364,,,
monitor_only,26,0.3997149734810178,0.028731915262183938,0.0,0.0,14.79852955428018,0,25,650,1.3002016216744718,,,
monitor_only,27,0.3997680943082392,0.028581286697224373,0.0,0.0,13.511049006426635,0,25,675,0.33165344993941237,,,
monitor_only,28,0.39996097764376165,0.02823222228447081,0.0,0.0,14.308508863742423,0,25,700,0.8783890256746026,,,
monitor_only,29,0.40008480470975183,0.02798725373229488,0.0,0.0,14.417506224076229,0,25,725,1.269416760148369,,,
monitor_only,30,0.4001363030588306,0.02804908857834698,0.0,0.0,14.382280648038584,0,25,750,1.4191557963123218,,,
monitor_only,31,0.4002257333339178,0.027738647672762295,0.0,0.0,13.660308302317056,0,25,775,0.4504308492200653,,,
monitor_only,32,0.4003672350997744,0.02755755643200175,0.0,0.0,14.779756314191353,0,25,800,1.27250597180688,,,
monitor_only,33,0.40049301067263177,0.027150392582398042,0.0,0.0,13.564538935997916,0,25,825,0.3107129517637315,,,
monitor_only,34,0.40067373502457937,0.026627283239230304,0.0,0.0,13.740845392301427,0,25,850,0.36729721047363023,,,
monitor_only,35,0.4006307020513941,0.02668012312738116,0.0,0.0,15.2360415678592,0,25,875,2.2107956342727775,,,
monitor_only,36,0.40060941072834655,0.026984192891913117,0.0,0.0,14.12768134904024,0,25,900,1.2720111037745447,,,
monitor_only,37,0.4007631653746787,0.02654181961970209,0.0,0.0,13.442839555977697,0,25,925,0.3113166595854013,,,
monitor_only,38,0.40092027731296054,0.02611103726643821,0.0,0.0,14.16807130299728,0,25,950,0.9184803169875203,,,
monitor_only,39,0.4009740327443455,0.026382500411349874,0.0,0.0,16.088935497375445,0,25,975,4.513210425032754,,,
monitor_only,40,0.40105165146590327,0.026318508585162714,0.0,0.0,14.082219787142368,0,25,1000,1.0375732822322665,,,
monitor_only,41,0.40122260529053505,0.026014271117584975,0.0,0.0,14.128043366695891,0,25,1025,1.1823098953108744,,,
monitor_only,42,0.40148608213921316,0.02538414694018515,0.0,0.0,15.893947556280956,0,25,1050,4.540346127478415,,,
monitor_only,43,0.4016160747033605,0.025223072252143708,0.0,0.0,13.407675685316313,0,25,1075,0.31312630389659984,,,
monitor_only,44,0.4016559851324812,0.02512122843433573,0.0,0.0,13.491700609279377,0,25,1100,0.3101183110331775,,,
monitor_only,45,0.4017209243745299,0.024986824024403054,0.0,0.0,15.153865540687711,0,25,1125,2.104662999148929,,,
monitor_only,46,0.40161278818142165,0.025068699000783845,0.0,0.0,13.5551712037272,0,25,1150,0.3862751726685365,,,
monitor_only,47,0.4018173530843114,0.02456007757324924,0.0,0.0,15.340982022289625,0,25,1175,3.104977055150395,,,
monitor_only,48,0.4018422625637783,0.024525615474151385,0.0,0.0,13.600677618818827,0,25,1200,0.3537821677847457,,,
monitor_only,49,0.40221127854645883,0.02384537532989084,0.0,0.0,14.130372176209555,0,25,1225,1.1813610992831025,,,
monitor_only,50,0.4022002559121958,0.023893645998022017,0.0,0.0,13.637173633481051,0,25,1250,0.3560191081243433,,,
monitor_only,51,0.4022913655445708,0.02359244068373817,0.0,0.0,13.826733699000009,0,25,1275,0.3661051293633934,,,
monitor_only,52,0.402297467468717,0.02393694088412135,0.0,0.0,13.557218014365128,0,25,1300,0.44556967208445986,,,
monitor_only,53,0.40243492248493395,0.023772791131823512,0.0,0.0,14.262039903209164,0,25,1325,1.294196309313518,,,
monitor_only,54,0.4026075164022582,0.023447897403435725,0.0,0.0,13.558227783135898,0,25,1350,0.5682720661032262,,,
monitor_only,55,0.4025894301878696,0.023438949820493382,0.0,0.0,14.284639209609514,0,25,1375,1.0446273863185638,,,
monitor_only,56,0.402509820667811,0.023832105329528175,0.0,0.0,14.148379231754985,0,25,1400,1.2352095805880594,,,
monitor_only,57,0.40271114187983525,0.023652729215046464,0.0,0.0,14.444019068936443,0,25,1425,0.9547190890428345,,,
monitor_only,58,0.40268706707878305,0.023574282951882852,0.0,0.0,13.110059536543583,0,25,1450,0.20492248584708544,,,
monitor_only,59,0.402643882520595,0.023894944502023674,0.0,0.0,14.433102851520466,0,25,1475,1.0273043590384858,,,
monitor_only,60,0.40272029723418257,0.02376458102961465,0.0,0.0,14.512699626736623,0,25,1500,1.1238649417681403,,,
monitor_only,61,0.4026064348720426,0.024224317589047306,0.0,0.0,14.369103794765634,0,25,1525,1.3168032546118649,,,
monitor_only,62,0.40258774336891273,0.024242950493484627,0.0,0.0,13.484380451667068,0,25,1550,0.4869093997203531,,,
monitor_only,63,0.4024526830838376,0.024687453510424895,0.0,0.0,14.341487756032386,0,25,1575,0.8831136016458067,,,
monitor_only,64,0.4025825323523214,0.02454837488397793,0.0,0.0,13.50360659896152,0,25,1600,0.42092441349254534,,,
monitor_only,65,0.4028161327523859,0.02386256700319922,0.0,0.0,12.922111610247235,0,25,1625,0.2354706668364106,,,
monitor_only,66,0.40310706741367364,0.023314396454920838,0.0,0.0,12.910050752772818,0,25,1650,0.21191224867852024,,,
monitor_only,67,0.4032813782947979,0.022822940155343197,0.0,0.0,14.249644245601166,0,25,1675,0.8874820489473877,,,
monitor_only,68,0.40328845102841965,0.022709057168163627,0.0,0.0,14.367183508481466,0,25,1700,1.403507859634251,,,
monitor_only,69,0.40354728136639045,0.022235465864513138,0.0,0.0,14.20238197749258,0,25,1725,1.2295383964001516,,,
monitor_only,70,0.40357471492137226,0.022110274964620147,0.0,0.0,13.571042633657472,0,25,1750,0.4187052089746675,,,
monitor_only,71,0.40345974525614925,0.022441497298688107,0.0,0.0,13.735561982006885,0,25,1775,0.40231266340231886,,,
monitor_only,72,0.40376601012384344,0.02177497104917908,0.0,0.0,14.286752587969433,0,25,1800,0.7432096065826667,,,
monitor_only,73,0.4039492445724885,0.021361461439443563,0.0,0.0,12.973040448043495,0,25,1825,0.3094216813018542,,,
monitor_only,74,0.4041464975520789,0.02078783250123395,0.0,0.0,13.645928574826256,0,25,1850,0.46093763590764786,,,
monitor_only,75,0.40419110994841945,0.02083060526111513,0.0,0.0,13.592977098674014,0,25,1875,0.38436792929797603,,,
monitor_only,76,0.4043570444283672,0.020654567824568815,0.0,0.0,13.830308632749903,0,25,1900,0.4136233056954411,,,
monitor_only,77,0.4042760388899014,0.02072880975517022,0.0,0.0,12.952687323475317,0,25,1925,0.21675994298809878,,,
monitor_only,78,0.40431343616672466,0.020479012538706876,0.0,0.0,13.744857097401614,0,25,1950,0.24495453845444679,,,
monitor_only,79,0.4045041633132014,0.02010740581167908,0.0,0.0,14.320113763676257,0,25,1975,1.1097385330316751,,,
monitor_only,80,0.40427412467719653,0.0205375178663591,0.0,0.0,13.673124957845697,0,25,2000,0.28988765194812016,,,
monitor_only,81,0.40447814582468544,0.020042074629137596,0.0,0.0,14.41225359406869,0,25,2025,1.067879005415154,,,
monitor_only,82,0.40444681070204297,0.020214873617700413,0.0,0.0,15.564290361939808,0,25,2050,2.148085237867967,,,
monitor_only,83,0.4044955897807698,0.020059816791476504,0.0,0.0,14.36028244189849,0,25,2075,1.184980254313999,,,
monitor_only,84,0.4044797532513253,0.020238923328501246,0.0,0.0,13.502668215578735,0,25,2100,0.6587524466148268,,,
monitor_only,85,0.4049438480205855,0.019304071124916222,0.0,0.0,13.453667811651663,0,25,2125,0.3207411759520904,,,
monitor_only,86,0.4050516542367885,0.019209839032518994,0.0,0.0,14.463456404591334,0,25,2150,1.0509015208511985,,,
monitor_only,87,0.4048736616906231,0.019551303058832015,0.0,0.0,13.506631389685605,0,25,2175,0.359863156921618,,,
monitor_only,88,0.4049727861999212,0.019260406511803718,0.0,0.0,13.703461178430421,0,25,2200,0.3229708086450772,,,
monitor_only,89,0.4050269204300189,0.01902949755939043,0.0,0.0,15.100007588188365,0,25,2225,2.04395658464248,,,
monitor_only,90,0.40512319458914686,0.018734189056274497,0.0,0.0,13.580142144365501,0,25,2250,0.3673240178521588,,,
monitor_only,91,0.4052648851715825,0.01848338061362098,0.0,0.0,14.081032134625236,0,25,2275,1.149872869131522,,,
monitor_only,92,0.40520483890460673,0.018633239965528292,0.0,0.0,13.824076255910873,0,25,2300,0.41864151785700265,,,
monitor_only,93,0.40523153891412367,0.018644938827282465,0.0,0.0,13.58647640387487,0,25,2325,0.388452519836244,,,
monitor_only,94,0.40533711904696207,0.01858393854174273,0.0,0.0,15.048302104100827,0,25,2350,2.3324411912618412,,,
monitor_only,95,0.40526311319442276,0.018661116211424134,0.0,0.0,14.50698408437125,0,25,2375,1.0299511228159672,,,
monitor_only,96,0.4052375536096355,0.018685281808972665,0.0,0.0,14.348574083394938,0,25,2400,0.9057809170062621,,,
monitor_only,97,0.40535229911651,0.01855420596138041,0.0,0.0,14.463465077862526,0,25,2425,0.9406794387635764,,,
monitor_only,98,0.4054410124234236,0.01833085617804342,0.0,0.0,13.437781447455158,0,25,2450,0.34991886562017666,,,
monitor_only,99,0.4054093922293208,0.0184432067430772,0.0,0.0,13.86056549299899,0,25,2475,0.49679781552969304,,,
monitor_only,100,0.4055274494092782,0.01814080667935125,0.0,0.0,13.955738669533194,0,25,2500,1.3910688987374382,,,
monitor_only,101,0.40550768557633826,0.018366398253911453,0.0,0.0,13.400597484969284,0,25,2525,0.31585702947936084,,,
monitor_only,102,0.4055014072043648,0.01831176682158442,0.0,0.0,13.735044300380602,0,25,2550,0.31657668582414533,,,
monitor_only,103,0.40558884160529773,0.01852350343768444,0.0,0.0,13.640504906508252,0,25,2575,0.3984620943067208,,,
monitor_only,104,0.40571099509134745,0.01820277654371899,0.0,0.0,13.461191538181115,0,25,2600,0.3751123735688962,,,
monitor_only,105,0.4057388210328,0.01827637171812957,0.0,0.0,13.579051426626668,0,25,2625,0.32375967066140227,,,
monitor_only,106,0.40571124298724826,0.01829513550883305,0.0,0.0,14.509213913363435,0,25,2650,1.4333609255808282,,,
monitor_only,107,0.4055347760859069,0.018418626676435568,0.0,0.0,14.558305013222807,0,25,2675,1.4640833918492393,,,
monitor_only,108,0.4056313237463513,0.01825050323934102,0.0,0.0,14.46039209522211,0,25,2700,0.9763514624958561,,,
monitor_only,109,0.4056836884516274,0.01818432524268987,0.0,0.0,14.207754843869742,0,25,2725,0.97569655746283,,,
monitor_only,110,0.4056647808432366,0.018252595417126316,0.0,0.0,14.331081189747403,0,25,2750,1.0837991795224176,,,
monitor_only,111,0.40562690467195656,0.018267523847881384,0.0,0.0,14.409002464505214,0,25,2775,1.0610458754463605,,,
monitor_only,112,0.40587577270250086,0.018023775661751895,0.0,0.0,15.457865297157685,0,25,2800,1.8315212137752879,,,
monitor_only,113,0.40582425014270623,0.018150483737089718,0.0,0.0,14.309635758749003,0,25,2825,1.0287414454855772,,,
monitor_only,114,0.40589002265759316,0.018079950500571262,0.0,0.0,14.24014304394896,0,25,2850,0.9283196060461889,,,
monitor_only,115,0.4060720119777875,0.017608945684841892,0.0,0.0,13.52697472861729,0,25,2875,0.4818348675692404,,,
monitor_only,116,0.4059940606169166,0.017922422515180725,0.0,0.0,13.435971146668201,0,25,2900,0.46370742659631414,,,
monitor_only,117,0.40612236698548276,0.0176443189829662,0.0,0.0,14.195168966193659,0,25,2925,0.9660086407704193,,,
monitor_only,118,0.4059484927340887,0.018041581706733978,0.0,0.0,13.485579259676049,0,25,2950,0.3851786204119738,,,
monitor_only,119,0.4061318571968564,0.01768970593460012,0.0,0.0,13.66023419579543,0,25,2975,0.35753155182237273,,,
monitor_only,120,0.40624458350989956,0.017635039686477616,0.0,0.0,14.724930226198122,0,25,3000,1.1565530819363101,,,
monitor_only,121,0.40628186513974685,0.01751020869552944,0.0,0.0,15.264118719533233,0,25,3025,2.214521417856684,,,
monitor_only,122,0.40627329152362784,0.01763061946584349,0.0,0.0,13.635198943379356,0,25,3050,0.4917413593140643,,,
monitor_only,123,0.40628096509711187,0.0174455749551527,0.0,0.0,13.478366566112205,0,25,3075,0.31322703906761284,,,
monitor_only,124,0.4063458235901954,0.017671154312572546,0.0,0.0,13.900168398824281,0,25,3100,0.2756403414579754,,,
monitor_only,125,0.4064352170450503,0.017524946770085925,0.0,0.0,14.501456123323306,0,25,3125,0.9227445240333737,,,
monitor_only,126,0.40642749397585665,0.01766951979786635,0.0,0.0,13.50777295380415,0,25,3150,0.31817659293816086,,,
monitor_only,127,0.4065440129872763,0.01735345212850886,0.0,0.0,14.517817949120055,0,25,3175,0.7910765219397949,,,
monitor_only,128,0.40658042276030376,0.017264261471182984,0.0,0.0,13.728060359304033,0,25,3200,0.24221511786069502,,,
monitor_only,129,0.4063700829910963,0.01787556308227989,0.0,0.0,14.477040630297704,0,25,3225,0.9150338319517588,,,
monitor_only,130,0.40631070873596414,0.017979899381386055,0.0,0.0,13.770875481436928,0,25,3250,0.39113508651852147,,,
monitor_only,131,0.40619519874433474,0.018120597826208173,0.0,0.0,14.497485646406805,0,25,3275,1.0832113474201674,,,
monitor_only,132,0.40620185745542187,0.01816228857283647,0.0,0.0,13.773513713000511,0,25,3300,0.43647234575139693,,,
monitor_only,133,0.40612032559853267,0.018573150475764577,0.0,0.0,13.406728809179116,0,25,3325,0.44578582872861333,,,
monitor_only,134,0.40611192897921505,0.018461488533829062,0.0,0.0,15.35081094702231,0,25,3350,2.249503236730339,,,
monitor_only,135,0.4061539539911637,0.0183473720433302,0.0,0.0,13.471472766457394,0,25,3375,0.2989149123319702,,,
monitor_only,136,0.40621124259202784,0.01790589220349581,0.0,0.0,13.436929482961828,0,25,3400,0.4614784536514351,,,
monitor_only,137,0.40607799621011287,0.018366143163698834,0.0,0.0,14.425626873087307,0,25,3425,1.0193929114540417,,,
monitor_only,138,0.40602226024545096,0.018642162704953336,0.0,0.0,14.189076180092343,0,25,3450,1.0678240419240963,,,
monitor_only,139,0.4058855726270875,0.01890299742297158,0.0,0.0,13.544839392728697,0,25,3475,0.34017834174003136,,,
monitor_only,140,0.4058861305890859,0.01895856126528045,0.0,0.0,14.411444909967356,0,25,3500,1.4360818434334084,,,
monitor_only,141,0.40588179614221853,0.019145596159146572,0.0,0.0,14.303126760201039,0,25,3525,1.249130457431487,,,
monitor_only,142,0.40590010352567785,0.018950200868898925,0.0,0.0,14.455153153061097,0,25,3550,1.051236472783656,,,
monitor_only,143,0.40594853894624555,0.01876393703743351,0.0,0.0,13.805836251456629,0,25,3575,0.26421921987166286,,,
monitor_only,144,0.405858179234327,0.01886613068082499,0.0,0.0,14.520632914579988,0,25,3600,1.2456341765370824,,,
monitor_only,145,0.40594362762909086,0.01880196100348397,0.0,0.0,14.2221316355865,0,25,3625,0.8136278596248835,,,
monitor_only,146,0.40597533368976024,0.018792050455454123,0.0,0.0,13.653639565884223,0,25,3650,0.5525922242449788,,,
monitor_only,147,0.4061991700490585,0.01812062311914464,0.0,0.0,13.769105784349069,0,25,3675,0.5364107311628146,,,
monitor_only,148,0.4062183093425493,0.018057944376804524,0.0,0.0,14.540059899959873,0,25,3700,1.1533756338348646,,,
monitor_only,149,0.40633229077300576,0.017813846049451132,0.0,0.0,13.638842388916949,0,25,3725,0.45238686935442934,,,
monitor_only,150,0.4063926033387897,0.017824013035046993,0.0,0.0,14.56788755165789,0,25,3750,0.990290906562146,,,
monitor_only,151,0.4065081542909933,0.01731611373957148,0.0,0.0,15.070046378218343,0,25,3775,1.9367475295887955,,,
monitor_only,152,0.40654579179241146,0.017295169507837826,0.0,0.0,13.636945961060782,0,25,3800,0.3175694371966606,,,
monitor_only,153,0.4066422096675067,0.01698222689361173,0.0,0.0,14.399050013049461,0,25,3825,1.2771879062780298,,,
monitor_only,154,0.4067165279419179,0.0168583362064465,0.0,0.0,13.690731285803155,0,25,3850,0.45447925642846526,,,
monitor_only,155,0.4069064358447892,0.016551747967759933,0.0,0.0,13.218980672074098,0,25,3875,0.19731097049494487,,,
monitor_only,156,0.40711059920786646,0.01623025682898116,0.0,0.0,13.454660391818486,0,25,3900,0.4196977303053547,,,
monitor_only,157,0.4072243893894049,0.01598290620752091,0.0,0.0,13.393066245130985,0,25,3925,0.27126049070191893,,,
monitor_only,158,0.4072415968744249,0.01600747750133874,0.0,0.0,13.504872915840139,0,25,3950,0.32666896112491844,,,
monitor_only,159,0.40730997763827376,0.01595587622068051,0.0,0.0,14.42410288437907,0,25,3975,1.275807997193562,,,
monitor_only,160,0.4071692233543596,0.016292260230190703,0.0,0.0,12.912657550464008,0,25,4000,0.32325148728687225,,,
monitor_only,161,0.4073324033468281,0.015751022430828376,0.0,0.0,14.125519705789383,0,25,4025,0.8083668170076619,,,
monitor_only,162,0.4073901085496375,0.015545053930294372,0.0,0.0,13.01671948455785,0,25,4050,0.203644034167446,,,
monitor_only,163,0.4074080340473261,0.01576006771245153,0.0,0.0,14.638923220932476,0,25,4075,0.8120436985124203,,,
monitor_only,164,0.40739675465670805,0.015762532941339003,0.0,0.0,13.577249268465195,0,25,4100,0.3672061300198879,,,
monitor_only,165,0.4072856831097594,0.01609891787528772,0.0,0.0,13.404785998825762,0,25,4125,0.27952560211074007,,,
monitor_only,166,0.4073584571934065,0.01604170249400927,0.0,0.0,13.374455793074203,0,25,4150,0.2444107712187728,,,
monitor_only,167,0.40744028482875266,0.015958252121647587,0.0,0.0,13.558888515229803,0,25,4175,0.4484527545697885,,,
monitor_only,168,0.4074178379308509,0.016026972219034874,0.0,0.0,14.045961247289974,0,25,4200,1.1143590947366313,,,
monitor_only,169,0.40716445114960975,0.01638476285767365,0.0,0.0,13.579512317256318,0,25,4225,0.4108113698490164,,,
monitor_only,170,0.40722259082223633,0.0161966934156329,0.0,0.0,13.519731290954816,0,25,4250,0.3321944140658909,,,
monitor_only,171,0.4071841729063995,0.01620131187548457,0.0,0.0,13.568660891205043,0,25,4275,0.33752236769492294,,,
monitor_only,172,0.40715168107682875,0.016225378590725648,0.0,0.0,13.052632401094755,0,25,4300,0.2550516813946537,,,
monitor_only,173,0.40720146684580044,0.01604932565593309,0.0,0.0,15.59810055446953,0,25,4325,2.4045677471223734,,,
monitor_only,174,0.40720481433767325,0.01597710274903469,0.0,0.0,13.410875557049541,0,25,4350,0.4358093972514873,,,
monitor_only,175,0.4072881397876748,0.0158857760248034,0.0,0.0,13.455651855560298,0,25,4375,0.4645935949777499,,,
monitor_only,176,0.4073947875782813,0.01596741768472587,0.0,0.0,13.506224834930935,0,25,4400,0.5935074047043921,,,
monitor_only,177,0.40740279929630774,0.0160584572398485,0.0,0.0,13.917519068900267,0,25,4425,0.5140917893131374,,,
monitor_only,178,0.40740751428460614,0.015989860964831515,0.0,0.0,14.027373821834818,0,25,4450,0.343544481249357,,,
monitor_only,179,0.4074350928128546,0.015905985665966904,0.0,0.0,13.472843270922656,0,25,4475,0.33476372157138806,,,
monitor_only,180,0.4076433132881232,0.015623972845557554,0.0,0.0,16.344456488663404,0,25,4500,4.096088499406213,,,
monitor_only,181,0.40784585525976175,0.015191399643873171,0.0,0.0,13.248543481007008,0,25,4525,0.1832841151592671,,,
monitor_only,182,0.4078559690980155,0.015291116243135117,0.0,0.0,14.265114891406471,0,25,4550,1.0642887816752318,,,
monitor_only,183,0.4079527658259189,0.014912028249049192,0.0,0.0,13.521878986520084,0,25,4575,0.4893427370024119,,,
monitor_only,184,0.4078777359387997,0.01495335149882765,0.0,0.0,14.400777462804141,0,25,4600,1.034457190309203,,,
monitor_only,185,0.40780501519831314,0.015070675655414256,0.0,0.0,13.566729516637109,0,25,4625,0.38279765494777174,,,
monitor_only,186,0.40771761363823805,0.015140690068877805,0.0,0.0,13.459730312709999,0,25,4650,0.35817444468851534,,,
monitor_only,187,0.4078089711075333,0.014951229056359427,0.0,0.0,13.483974134953922,0,25,4675,0.3589269392617775,,,
monitor_only,188,0.4078084275721001,0.014988123141711385,0.0,0.0,14.093706535767792,0,25,4700,1.043154664460303,,,
monitor_only,189,0.40792128391226756,0.014953271987399763,0.0,0.0,14.183942382509414,0,25,4725,1.2092251698067067,,,
monitor_only,190,0.40808033159427476,0.01456766065176801,0.0,0.0,13.517531276589398,0,25,4750,0.2752700932627311,,,
monitor_only,191,0.40813908217234596,0.01475152193337842,0.0,0.0,14.65912809110594,0,25,4775,1.1186410549400325,,,
monitor_only,192,0.4082263682418605,0.014751305283961347,0.0,0.0,14.24628306985354,0,25,4800,1.2669350200714693,,,
monitor_only,193,0.40808642727972894,0.014926124465562463,0.0,0.0,14.874012279608685,0,25,4825,2.3747055560534918,,,
monitor_only,194,0.4081015942302447,0.015060129060224414,0.0,0.0,14.869406421825557,0,25,4850,1.4422995189147507,,,
monitor_only,195,0.40802727569661634,0.015107781350055194,0.0,0.0,13.982984828089771,0,25,4875,0.32903816099179867,,,
monitor_only,196,0.40807727539524213,0.015098199317236494,0.0,0.0,14.752283332984852,0,25,4900,1.2031731482958024,,,
monitor_only,197,0.4082229070556066,0.01496829072982514,0.0,0.0,14.48961683274911,0,25,4925,1.533927012281846,,,
monitor_only,198,0.4081627662398489,0.01529601281492865,0.0,0.0,13.640857403863803,0,25,4950,0.3945911122079428,,,
monitor_only,199,0.4083463009738653,0.01496269141057227,0.0,0.0,14.715835851451343,0,25,4975,1.243360363221664,,,
monitor_only,200,0.4082148889900584,0.015181074936942152,0.0,0.0,13.40874606274081,0,25,5000,0.362302488056316,,,
monitor_only,201,0.4082378063718737,0.015148924305377731,0.0,0.0,14.104283813932676,0,25,5025,1.2476238511672635,,,
monitor_only,202,0.4083015360945762,0.014839780477260811,0.0,0.0,13.900003432667415,0,25,5050,0.9690712755366562,,,
monitor_only,203,0.40850938109154045,0.014072543508199253,0.0,0.0,15.232734450407829,0,25,5075,2.4418629265895824,,,
monitor_only,204,0.40865353740293486,0.013828097302688358,0.0,0.0,13.454101690501943,0,25,5100,0.4504889468481858,,,
monitor_only,205,0.4086783179536103,0.013732368791669225,0.0,0.0,13.939712615851994,0,25,5125,0.9571176043725043,,,
monitor_only,206,0.4085869781505492,0.013956291505965501,0.0,0.0,13.92680901632703,0,25,5150,1.2706675643535355,,,
monitor_only,207,0.408616291794763,0.0138862968340287,0.0,0.0,14.412739294691036,0,25,5175,1.0738499773704595,,,
monitor_only,208,0.4084028139698481,0.014256543722113602,0.0,0.0,15.471277073846997,0,25,5200,2.2593398459560037,,,
monitor_only,209,0.40826300250874104,0.014416688832341651,0.0,0.0,14.528183029851972,0,25,5225,1.5605623386695624,,,
monitor_only,210,0.4083723559188811,0.014118619424703882,0.0,0.0,13.447960687761682,0,25,5250,0.2898490819951057,,,
monitor_only,211,0.40864467930685255,0.013633124043194111,0.0,0.0,14.676873238122742,0,25,5275,1.2433070875709633,,,
monitor_only,212,0.4088669027515976,0.01327872910054978,0.0,0.0,14.497812571554736,0,25,5300,1.1388824793777992,,,
monitor_only,213,0.40879063402790045,0.013459673909774705,0.0,0.0,14.568064975282187,0,25,5325,1.357930469360568,,,
monitor_only,214,0.408866662190687,0.013321651459107353,0.0,0.0,13.588973844962334,0,25,5350,0.4125991147621785,,,
monitor_only,215,0.40894621262411684,0.013172695517788935,0.0,0.0,13.430860409933397,0,25,5375,0.5428931144373671,,,
monitor_only,216,0.4088733757536803,0.013220592986304958,0.0,0.0,15.603067920252228,0,25,5400,2.444625387894182,,,
monitor_only,217,0.4091163409603152,0.012755735742228269,0.0,0.0,13.621635188946776,0,25,5425,0.32012977930256076,,,
monitor_only,218,0.4091721604173697,0.012714613984394552,0.0,0.0,13.620064205972886,0,25,5450,0.3753201728122051,,,
monitor_only,219,0.4091365475928299,0.012827838582448958,0.0,0.0,14.778237686187747,0,25,5475,0.9146394352948243,,,
monitor_only,220,0.4090663767825358,0.012922758558202352,0.0,0.0,14.627722534929074,0,25,5500,0.8299706155396303,,,
monitor_only,221,0.40908234383446895,0.012724961801996004,0.0,0.0,15.430819876250661,0,25,5525,1.8431307108124508,,,
monitor_only,222,0.4092415874247748,0.01244473550889269,0.0,0.0,14.628160672200364,0,25,5550,1.17225587847801,,,
monitor_only,223,0.40922699014563285,0.012623664782972943,0.0,0.0,14.07524002522902,0,25,5575,1.347374943479614,,,
monitor_only,224,0.40922752974952953,0.012724033745797114,0.0,0.0,13.83490948585563,0,25,5600,0.2867503344588171,,,
monitor_only,225,0.40941278905351614,0.012392196366753927,0.0,0.0,14.038142796320505,0,25,5625,0.40614739658011956,,,
monitor_only,226,0.4093742713324093,0.012464924845021319,0.0,0.0,14.687556761529194,0,25,5650,0.7011457868705043,,,
monitor_only,227,0.4096276531623319,0.012084325369882354,0.0,0.0,13.82792991394358,0,25,5675,0.3214047092682012,,,
monitor_only,228,0.4095961819699218,0.012213231995555462,0.0,0.0,16.415589729520107,0,25,5700,4.08878219335198,,,
monitor_only,229,0.40956820036952213,0.012355289579789819,0.0,0.0,14.612706972659982,0,25,5725,0.9546244257957862,,,
monitor_only,230,0.4096980169288755,0.012190528687034574,0.0,0.0,13.461068934230298,0,25,5750,0.6899149055453117,,,
monitor_only,231,0.40967177726716963,0.01225454193074671,0.0,0.0,12.935354909370187,0,25,5775,0.3320950809103781,,,
monitor_only,232,0.40977727516094475,0.01207915130090309,0.0,0.0,14.37550789168862,0,25,5800,1.0460533504020892,,,
monitor_only,233,0.4098188574227919,0.01203715953354867,0.0,0.0,13.593462743382494,0,25,5825,0.3692510757518359,,,
monitor_only,234,0.40998946574470224,0.011725891737281724,0.0,0.0,14.26317898637833,0,25,5850,1.263119951620043,,,
monitor_only,235,0.4099389869050059,0.011776336846899216,0.0,0.0,14.269809824769284,0,25,5875,1.5771753709538736,,,
monitor_only,236,0.41011286813026554,0.01140927841999717,0.0,0.0,14.074949398944929,0,25,5900,1.2176873093502336,,,
monitor_only,237,0.4102065103409697,0.011365167215407312,0.0,0.0,14.55229764909025,0,25,5925,1.4948021731645185,,,
monitor_only,238,0.4101910706944256,0.01122246826725909,0.0,0.0,13.491124347934694,0,25,5950,0.547553875594777,,,
monitor_only,239,0.41006065561311417,0.011395904908808596,0.0,0.0,13.518598115207784,0,25,5975,0.5633301580549381,,,
monitor_only,240,0.4100069859520216,0.011513352279132139,0.0,0.0,13.526376681393037,0,25,6000,0.28844146529947085,,,
monitor_only,241,0.41010688477567303,0.011462218857773265,0.0,0.0,13.213834396454272,0,25,6025,0.15539893665585477,,,
monitor_only,242,0.4104039913905797,0.010848174208970718,0.0,0.0,13.801434287681536,0,25,6050,0.3819009665561092,,,
monitor_only,243,0.4104305958415771,0.0108695175721773,0.0,0.0,13.483031685569237,0,25,6075,0.3874485059910788,,,
monitor_only,244,0.4103505561344942,0.011096950175933928,0.0,0.0,13.813818955584887,0,25,6100,0.27232106513268783,,,
monitor_only,245,0.41042316564118164,0.010734913228262255,0.0,0.0,14.367327219292418,0,25,6125,1.408653186842521,,,
monitor_only,246,0.4103433985645292,0.010973590192344729,0.0,0.0,13.910879282210798,0,25,6150,0.5336925634417452,,,
monitor_only,247,0.4103435170754617,0.011047257367169272,0.0,0.0,13.413545751335015,0,25,6175,0.41748481927806497,,,
monitor_only,248,0.4104105426910233,0.011162731571334406,0.0,0.0,13.685994834188572,0,25,6200,0.30476708706546135,,,
monitor_only,249,0.4103475743693871,0.011315805878972962,0.0,0.0,13.960210236863956,0,25,6225,1.1785260019439843,,,
monitor_only,250,0.4105785781595969,0.010689434918602636,0.0,0.0,14.15194116748645,0,25,6250,1.2214609481871335,,,
monitor_only,251,0.4108338919988838,0.010294429862784116,0.0,0.0,14.10708655174072,0,25,6275,0.8022224979091521,,,
monitor_only,252,0.41075355691932336,0.010555690701248899,0.0,0.0,13.40679276715583,0,25,6300,0.2299769684249216,,,
monitor_only,253,0.41098367152833065,0.010203247889694678,0.0,0.0,14.845764202365183,0,25,6325,1.2853978617523092,,,
monitor_only,254,0.4112725745365411,0.009715632026170207,0.0,0.0,13.430259435422009,0,25,6350,0.3622636731094285,,,
monitor_only,255,0.4114174922800474,0.009486706809360923,0.0,0.0,16.11714717297589,0,25,6375,3.8799653532059932,,,
monitor_only,256,0.41144219054609427,0.009387118252952464,0.0,0.0,13.462476310609892,0,25,6400,0.27757774305358507,,,
monitor_only,257,0.41114928831695224,0.009963608516591282,0.0,0.0,13.442658541518083,0,25,6425,0.43364516407485587,,,
monitor_only,258,0.41125539842645203,0.009686304074299434,0.0,0.0,14.346643044417327,0,25,6450,0.9880438906205228,,,
monitor_only,259,0.4111691361893246,0.009938013371119603,0.0,0.0,14.979085091688773,0,25,6475,1.291231373285452,,,
monitor_only,260,0.41129939771222424,0.009716474274222786,0.0,0.0,13.546543209604293,0,25,6500,0.3340181496518379,,,
monitor_only,261,0.41112357113252884,0.00995109476690803,0.0,0.0,14.16962688702476,0,25,6525,0.8146462597498618,,,
monitor_only,262,0.41101480798117074,0.010144748730383235,0.0,0.0,13.488704514802095,0,25,6550,0.378035841713981,,,
monitor_only,263,0.41103577524952534,0.010137568218141768,0.0,0.0,14.38685934570606,0,25,6575,0.855688898420138,,,
monitor_only,264,0.4112770146821935,0.009729243312582458,0.0,0.0,14.095566129314975,0,25,6600,0.4199565691259632,,,
monitor_only,265,0.41159217339778786,0.009241701278095038,0.0,0.0,13.880255507791501,0,25,6625,0.43783015849566836,,,
monitor_only,266,0.4118168205200682,0.008943210268492596,0.0,0.0,13.514377027202398,0,25,6650,0.38045095204960444,,,
monitor_only,267,0.4117883370514524,0.00892890009483438,0.0,0.0,13.614506200514544,0,25,6675,0.40550546731921755,,,
monitor_only,268,0.4117121449530349,0.009096407998234302,0.0,0.0,13.509635661799397,0,25,6700,0.2887273280092123,,,
monitor_only,269,0.4118395242010741,0.008931394343092758,0.0,0.0,13.637108681717535,0,25,6725,0.5844956330680826,,,
monitor_only,270,0.41205535565742846,0.00856778178504286,0.0,0.0,14.706532817619127,0,25,6750,1.1340638834892203,,,
monitor_only,271,0.41183924645375314,0.008932724273509662,0.0,0.0,14.603024475911152,0,25,6775,1.095080510364371,,,
monitor_only,272,0.41210230688152366,0.008493472917672384,0.0,0.0,13.626779088510032,0,25,6800,0.4481597438723206,,,
monitor_only,273,0.4121847285294656,0.008360518492322278,0.0,0.0,13.679500840729172,0,25,6825,0.324040391672204,,,
monitor_only,274,0.4121577483946296,0.008379316904505496,0.0,0.0,14.841835775618732,0,25,6850,2.164492767174701,,,
monitor_only,275,0.41221632296758104,0.00830427088667074,0.0,0.0,14.31939086223523,0,25,6875,1.2452773248096278,,,
monitor_only,276,0.4120864456630064,0.008624429270323752,0.0,0.0,14.285138557838328,0,25,6900,1.0654067613037286,,,
monitor_only,277,0.4121705855615266,0.008493771124302996,0.0,0.0,13.552667647469942,0,25,6925,0.35684309172387707,,,
monitor_only,278,0.412147743354638,0.008649447784126962,0.0,0.0,13.94810662381397,0,25,6950,0.3404239757520946,,,
monitor_only,279,0.4122309898003,0.008523436972766418,0.0,0.0,13.729460244692591,0,25,6975,0.299582710790638,,,
monitor_only,280,0.41218969029880437,0.008596559619800381,0.0,0.0,14.238063315676035,0,25,7000,1.0126532089681282,,,
monitor_only,281,0.4122965381522314,0.008367197573508345,0.0,0.0,13.546323851232724,0,25,7025,0.4158588942548113,,,
monitor_only,282,0.4124837758991237,0.00811632289955877,0.0,0.0,13.941810452219986,0,25,7050,0.8947877674326778,,,
monitor_only,283,0.4122747694998468,0.00841221249021551,0.0,0.0,14.312233197824195,0,25,7075,0.8636811605905887,,,
monitor_only,284,0.41204832589829693,0.008870250789774436,0.0,0.0,14.1208174120984,0,25,7100,0.7575771560176839,,,
monitor_only,285,0.41200647471006036,0.00881502554873892,0.0,0.0,13.899575718203272,0,25,7125,0.5053066873705209,,,
monitor_only,286,0.41193060986654195,0.008885104349862505,0.0,0.0,14.07231839124821,0,25,7150,0.5750229932353603,,,
monitor_only,287,0.41219471154733706,0.008464730705266377,0.0,0.0,14.21063391480704,0,25,7175,0.3317542861797539,,,
monitor_only,288,0.41215267500730607,0.00851892209426347,0.0,0.0,13.892872525811969,0,25,7200,0.3343965246082054,,,
monitor_only,289,0.41214552553184686,0.00864189570075985,0.0,0.0,13.560075773832015,0,25,7225,0.35038297892342146,,,
monitor_only,290,0.4119549906284508,0.009068640887723245,0.0,0.0,13.5876232650104,0,25,7250,0.3373230953883536,,,
monitor_only,291,0.4119514368662537,0.008922338993340329,0.0,0.0,14.389243279339519,0,25,7275,1.3121098524580652,,,
monitor_only,292,0.41192871158882793,0.009099833948653158,0.0,0.0,13.695149566770365,0,25,7300,0.24652428345866648,,,
monitor_only,293,0.41200527527490693,0.009012568613884608,0.0,0.0,14.386148604794462,0,25,7325,1.245659533109498,,,
monitor_only,294,0.4121087942586709,0.008792511293617578,0.0,0.0,13.505606958428146,0,25,7350,0.20963010710925956,,,
monitor_only,295,0.41206565007287554,0.00886004468719126,0.0,0.0,14.169525434766246,0,25,7375,1.2832943504940832,,,
monitor_only,296,0.4118288432891694,0.009377487184513311,0.0,0.0,13.469770412137638,0,25,7400,0.190496431263168,,,
monitor_only,297,0.41183884888765016,0.009210461329887953,0.0,0.0,13.423066871060186,0,25,7425,0.48443968184174685,,,
monitor_only,298,0.41189256474664376,0.009153457491354988,0.0,0.0,13.544651603203075,0,25,7450,0.5229071780164686,,,
monitor_only,299,0.41205018333677523,0.008815037819922655,0.0,0.0,13.82796939654677,0,25,7475,0.288204617126941,,,
monitor_only,300,0.41220574821630845,0.008596498596807112,0.0,0.0,14.725000670382128,0,25,7500,1.2181008487994758,,,
monitor_only,301,0.41217769271104654,0.008583879796616123,0.0,0.0,13.46774356847793,0,25,7525,0.47616042845503803,,,
monitor_only,302,0.4123401812428088,0.008262097642982358,0.0,0.0,13.856207192851508,0,25,7550,0.2917184613537756,,,
monitor_only,303,0.4124778158443161,0.0080802009106557,0.0,0.0,13.85179012431523,0,25,7575,0.6431768283480196,,,
monitor_only,304,0.41231348616406555,0.008336301646614364,0.0,0.0,14.627634991102196,0,25,7600,1.187907140594536,,,
monitor_only,305,0.41217552186923934,0.008651815846258792,0.0,0.0,13.857374698071915,0,25,7625,0.3320675720309004,,,
monitor_only,306,0.41197907162575176,0.009075524147101277,0.0,0.0,15.370284232719563,0,25,7650,2.082418282275655,,,
monitor_only,307,0.4121781991436092,0.008787034831215401,0.0,0.0,13.695295669939517,0,25,7675,0.38934465773278903,,,
monitor_only,308,0.4124833389129938,0.008233857533297695,0.0,0.0,13.055397842397237,0,25,7700,0.34532295370904775,,,
monitor_only,309,0.41256863200314237,0.008150476759886727,0.0,0.0,13.178760624218159,0,25,7725,0.16842213597889902,,,
monitor_only,310,0.41290962854501456,0.0075126819668548395,0.0,0.0,12.985009295805545,0,25,7750,0.4222032160250752,,,
monitor_only,311,0.4127966401413596,0.007706219030990502,0.0,0.0,13.01948004876124,0,25,7775,0.27270180179536035,,,
monitor_only,312,0.41281166479583803,0.0076494119640332925,0.0,0.0,14.928373635976804,0,25,7800,1.0402859953910633,,,
monitor_only,313,0.412690984407185,0.007847759755757855,0.0,0.0,13.416433028416561,0,25,7825,0.3107639982830186,,,
monitor_only,314,0.4126358830564662,0.008000428482908217,0.0,0.0,13.7750620698835,0,25,7850,0.4725479132642192,,,
monitor_only,315,0.41247520845311697,0.00831246649143641,0.0,0.0,13.589929103614466,0,25,7875,0.24682699663443836,,,
monitor_only,316,0.41227763672423046,0.008677915625677324,0.0,0.0,13.970339014716808,0,25,7900,0.734976052813178,,,
monitor_only,317,0.41218780965211144,0.008957115004318394,0.0,0.0,13.919213582361493,0,25,7925,1.2574773045494556,,,
monitor_only,318,0.411981078880927,0.00935781252654111,0.0,0.0,14.568523353948304,0,25,7950,1.1209073913776695,,,
monitor_only,319,0.41203620440681216,0.00923854288775161,0.0,0.0,13.39955561273314,0,25,7975,0.4494889401625655,,,
monitor_only,320,0.412190733688481,0.008912318841848621,0.0,0.0,15.138226294380873,0,25,8000,2.3476994321515314,,,
monitor_only,321,0.41218370379293756,0.008872746164763745,0.0,0.0,13.621840953235841,0,25,8025,0.2900418414382306,,,
monitor_only,322,0.41216111205754924,0.008811577751271005,0.0,0.0,14.040433266733672,0,25,8050,0.9077153810750499,,,
monitor_only,323,0.4120719065006906,0.008984630100195679,0.0,0.0,15.363897460656698,0,25,8075,2.741195264295084,,,
monitor_only,324,0.4121373247562303,0.008919586721542472,0.0,0.0,13.46873695062803,0,25,8100,0.2937789739678964,,,
monitor_only,325,0.4124249681190584,0.008431968405374968,0.0,0.0,14.728462595468994,0,25,8125,2.1440214612899338,,,
monitor_only,326,0.4123398337368626,0.008491007523625249,0.0,0.0,14.29612661368505,0,25,8150,1.5012574135303722,,,
monitor_only,327,0.41250381933720487,0.008209971064176036,0.0,0.0,13.667093379727113,0,25,8175,0.4830272065273103,,,
monitor_only,328,0.412476579584131,0.008253133807441915,0.0,0.0,14.020168573298584,0,25,8200,0.5072980905787823,,,
monitor_only,329,0.41261684382140645,0.008044823438025095,0.0,0.0,14.143791036995962,0,25,8225,1.0351745004841177,,,
monitor_only,330,0.4125914455986285,0.00806352717305292,0.0,0.0,13.841275811707556,0,25,8250,0.3583637449662556,,,
monitor_only,331,0.4125493445268521,0.008095221320509993,0.0,0.0,13.469466677767143,0,25,8275,0.4114725827455825,,,
monitor_only,332,0.41252070580249006,0.008184975784260806,0.0,0.0,13.479505451260295,0,25,8300,0.27044867527194033,,,
monitor_only,333,0.41266462441180857,0.008023227192095084,0.0,0.0,13.699113110216862,0,25,8325,0.5664160354514345,,,
monitor_only,334,0.4124610087441464,0.008367956733191018,0.0,0.0,14.241307530312108,0,25,8350,1.005394138080116,,,
monitor_only,335,0.4127390924805017,0.007921987619311455,0.0,0.0,16.802050309296106,0,25,8375,6.549472112105194,,,
monitor_only,336,0.41281620061418994,0.00783439760040433,0.0,0.0,13.006947295281035,0,25,8400,0.25556248748955196,,,
monitor_only,337,0.4126516125793151,0.008145802253194778,0.0,0.0,13.97048859581257,0,25,8425,0.453723078116281,,,
monitor_only,338,0.4126289039312582,0.008208992656634606,0.0,0.0,13.470164147010333,0,25,8450,0.32397312372536186,,,
monitor_only,339,0.4123609824464691,0.008738943377631092,0.0,0.0,13.675059049916442,0,25,8475,0.5021091941219635,,,
monitor_only,340,0.4125712711196623,0.008402432895155632,0.0,0.0,14.348474031906095,0,25,8500,1.0325283074694047,,,
monitor_only,341,0.4124269069343353,0.008554750817270362,0.0,0.0,14.027748352357403,0,25,8525,0.3585714838698237,,,
monitor_only,342,0.4125603702255972,0.008294103117628238,0.0,0.0,13.753309755159496,0,25,8550,0.36532394538266555,,,
monitor_only,343,0.412488891398327,0.008368937923309117,0.0,0.0,14.304003768695758,0,25,8575,1.0817178757255774,,,
monitor_only,344,0.41224434549733957,0.008776362800933857,0.0,0.0,13.971080955655168,0,25,8600,0.3296262327042707,,,
monitor_only,345,0.4124686364707295,0.008509599991941563,0.0,0.0,13.797892156337555,0,25,8625,0.4218698391904337,,,
monitor_only,346,0.41242223375793957,0.008605416760039508,0.0,0.0,13.100025345373568,0,25,8650,0.180576951753304,,,
monitor_only,347,0.41230388211578156,0.008743007771051414,0.0,0.0,13.674144397606204,0,25,8675,0.415891632743061,,,
monitor_only,348,0.4124965201130602,0.00838339428915491,0.0,0.0,13.583756042562003,0,25,8700,0.3507681473210529,,,
monitor_only,349,0.41280833916813975,0.007733747928989787,0.0,0.0,14.144879699208792,0,25,8725,1.2941165985234822,,,
monitor_only,350,0.4128223492058409,0.0077949831418862026,0.0,0.0,13.792192587822687,0,25,8750,0.47336275273750833,,,
monitor_only,351,0.4127880901705485,0.007817130433262653,0.0,0.0,14.89060150032291,0,25,8775,0.8931232091955847,,,
monitor_only,352,0.41265741720212296,0.007933136602576052,0.0,0.0,13.98404617194231,0,25,8800,0.2763955074826816,,,
monitor_only,353,0.41268899097340644,0.007832507600393501,0.0,0.0,13.448170621307199,0,25,8825,0.42083994994071755,,,
monitor_only,354,0.41272479994702177,0.007891100067041468,0.0,0.0,13.616835413161354,0,25,8850,0.45893195050672725,,,
monitor_only,355,0.4126318656677539,0.008087724710954092,0.0,0.0,13.919114543517932,0,25,8875,0.21646969777139827,,,
monitor_only,356,0.412858641196106,0.007706085680266539,0.0,0.0,13.491935105322243,0,25,8900,0.2785477988576537,,,
monitor_only,357,0.41266378646276597,0.00811120932487236,0.0,0.0,13.801761273392701,0,25,8925,0.3015023692014675,,,
monitor_only,358,0.41276050732731895,0.00803604551871362,0.0,0.0,14.456907582242334,0,25,8950,1.2223216673972954,,,
monitor_only,359,0.4125995139962276,0.008267543184987236,0.0,0.0,14.295806444156007,0,25,8975,1.2649656067383641,,,
monitor_only,360,0.41258269480330695,0.008412774899036968,0.0,0.0,14.165841531428502,0,25,9000,0.9366267366581397,,,
monitor_only,361,0.4126715895648662,0.008229837093870429,0.0,0.0,14.699222545311533,0,25,9025,1.0466226412241113,,,
monitor_only,362,0.4126749630560674,0.008150082220639399,0.0,0.0,13.660596458035222,0,25,9050,0.5847850884503261,,,
monitor_only,363,0.41277375963114343,0.007830275183888513,0.0,0.0,14.045088746485925,0,25,9075,1.3458591469529813,,,
monitor_only,364,0.4128778871717495,0.007750071755222243,0.0,0.0,13.94307082080016,0,25,9100,0.3178237173154232,,,
monitor_only,365,0.4129996780093788,0.0075813288556002,0.0,0.0,14.330815159383983,0,25,9125,0.8993310749116045,,,
monitor_only,366,0.41309037452845226,0.00750046125292847,0.0,0.0,13.531600478258591,0,25,9150,0.5070008579513587,,,
monitor_only,367,0.41291937737732476,0.007820448774308264,0.0,0.0,13.927075014637346,0,25,9175,0.4458257672766727,,,
monitor_only,368,0.4131566475249769,0.007505947507882749,0.0,0.0,13.890726765430328,0,25,9200,0.3521877444476887,,,
monitor_only,369,0.4132703244198141,0.0073400704631090274,0.0,0.0,14.518439682569865,0,25,9225,0.9636378110325984,,,
monitor_only,370,0.4131481880325761,0.007564615999463897,0.0,0.0,13.65860032348592,0,25,9250,0.3670099138330284,,,
monitor_only,371,0.4132781655794898,0.007401181725471329,0.0,0.0,15.514956603620414,0,25,9275,2.695769248562068,,,
monitor_only,372,0.41343142589641263,0.007175072270389604,0.0,0.0,14.29483599952271,0,25,9300,1.1593910496214446,,,
monitor_only,373,0.41365317629460036,0.006777716299047887,0.0,0.0,13.722597021735117,0,25,9325,0.45967272829446504,,,
monitor_only,374,0.41390718672922205,0.006305289445348583,0.0,0.0,14.153542650617947,0,25,9350,1.172532599200589,,,
monitor_only,375,0.41404321016500334,0.006127273075879014,0.0,0.0,15.042999085439979,0,25,9375,0.7757111679211736,,,
monitor_only,376,0.4141147601292502,0.0059526879795884224,0.0,0.0,13.703542498166803,0,25,9400,0.47897439139969394,,,
monitor_only,377,0.41409125938705976,0.006016678351189242,0.0,0.0,14.86668604050545,0,25,9425,2.6017746303403397,,,
monitor_only,378,0.41399356449338376,0.0061968435758688045,0.0,0.0,13.410075044791451,0,25,9450,0.33790985201047685,,,
monitor_only,379,0.4139433724384639,0.006311421295435826,0.0,0.0,13.677097803283012,0,25,9475,0.2767260186671462,,,
monitor_only,380,0.4139153404507093,0.006325908251292867,0.0,0.0,14.033302236532306,0,25,9500,1.0573064452570342,,,
monitor_only,381,0.41417483365452895,0.006010144655953342,0.0,0.0,15.72665875863116,0,25,9525,2.5915833537449244,,,
monitor_only,382,0.41429423418567174,0.005880439557224559,0.0,0.0,13.896911961572243,0,25,9550,1.3100731654960043,,,
monitor_only,383,0.4143767580579742,0.005888466735604836,0.0,0.0,13.105490885362096,0,25,9575,0.29558073708267824,,,
monitor_only,384,0.4144859566098475,0.005638268848581596,0.0,0.0,13.655635171986965,0,25,9600,0.3806816807230441,,,
monitor_only,385,0.41448320977159653,0.0056637855519004465,0.0,0.0,13.87155487858715,0,25,9625,0.23790029894451672,,,
monitor_only,386,0.4143829292208784,0.0058397549736386445,0.0,0.0,14.705568065328151,0,25,9650,1.235385291877271,,,
monitor_only,387,0.4147958275142486,0.005201839303925038,0.0,0.0,13.725988895873197,0,25,9675,0.49305376929783973,,,
monitor_only,388,0.41508020905365894,0.00480957107783031,0.0,0.0,14.834962027546652,0,25,9700,1.8647801285128474,,,
monitor_only,389,0.41517808380574517,0.004711349431772371,0.0,0.0,14.355194212968659,0,25,9725,1.0689010616702692,,,
monitor_only,390,0.41499781796244706,0.004967648286789084,0.0,0.0,13.581263444134308,0,25,9750,0.49943308176953544,,,
monitor_only,391,0.41488674594501274,0.005166039870138361,0.0,0.0,13.542120781049498,0,25,9775,0.2663189651884776,,,
monitor_only,392,0.4147692847969518,0.005234983949998273,0.0,0.0,14.347881840804874,0,25,9800,1.236179078096255,,,
monitor_only,393,0.4147704545702368,0.005274571150249652,0.0,0.0,14.608435512398314,0,25,9825,1.307488597212537,,,
monitor_only,394,0.4149606559352522,0.00495935959421645,0.0,0.0,15.14581956051947,0,25,9850,1.0054350227444897,,,
monitor_only,395,0.41468675780455944,0.005373509638773866,0.0,0.0,14.713762915494426,0,25,9875,1.3151552415303411,,,
monitor_only,396,0.4148244439745173,0.0051671815268836685,0.0,0.0,13.651924329331402,0,25,9900,0.2710448128543498,,,
monitor_only,397,0.41457971034690067,0.005578632324854227,0.0,0.0,14.140250992560608,0,25,9925,0.3845614169998518,,,
monitor_only,398,0.4145197968521404,0.005589684788709859,0.0,0.0,14.670996939353598,0,25,9950,2.32124969883116,,,
monitor_only,399,0.4144651283669873,0.005559777966735846,0.0,0.0,14.24934269257695,0,25,9975,1.1646655701193414,,,
monitor_only,400,0.41444914389320936,0.005558986649977005,0.0,0.0,13.467093674670975,0,25,10000,0.5347673100371786,,,
monitor_only,401,0.4143917911688338,0.005587376838581681,0.0,0.0,14.044479328665771,0,25,10025,0.3192288687458407,,,
monitor_only,402,0.41417039693645097,0.00581612127617076,0.0,0.0,13.71496980710062,0,25,10050,0.495613658120149,,,
monitor_only,403,0.4142430218560569,0.005688723365158188,0.0,0.0,14.310616971284967,0,25,10075,1.1345548184676415,,,
monitor_only,404,0.4143863849042312,0.005488115126540127,0.0,0.0,13.634528582510978,0,25,10100,0.43717677974054603,,,
monitor_only,405,0.41458282115406603,0.005188578048024917,0.0,0.0,14.19202928218524,0,25,10125,0.9496346882928708,,,
monitor_only,406,0.41463021270043243,0.0051419736462008925,0.0,0.0,13.506880430707639,0,25,10150,0.44299437028414035,,,
monitor_only,407,0.4146956112139346,0.0050200021126710626,0.0,0.0,12.920168877870251,0,25,10175,0.2715930930067166,,,
monitor_only,408,0.4149359554096495,0.004698302066715343,0.0,0.0,13.904168592108348,0,25,10200,0.46187989377750716,,,
monitor_only,409,0.41494553586133764,0.0047276202772687514,0.0,0.0,13.035812155505521,0,25,10225,0.18810804615299231,,,
monitor_only,410,0.41509630267682357,0.004568714707437749,0.0,0.0,13.792325096285127,0,25,10250,0.3595113401996469,,,
monitor_only,411,0.4152541774217937,0.004364275243626314,0.0,0.0,14.343775444022024,0,25,10275,1.111413473113064,,,
monitor_only,412,0.41558316822742086,0.003980949986994331,0.0,0.0,14.786939157657802,0,25,10300,1.3099703583127367,,,
monitor_only,413,0.4156814089987008,0.003859770483781666,0.0,0.0,13.478004212344231,0,25,10325,0.3776701961041802,,,
monitor_only,414,0.4156561625818742,0.0039040846159769105,0.0,0.0,14.873780512877197,0,25,10350,1.070990629988244,,,
monitor_only,415,0.41559646629150354,0.004045778266555333,0.0,0.0,14.578832323609301,0,25,10375,1.5689277950566183,,,
monitor_only,416,0.4157959360868246,0.0038005278862901504,0.0,0.0,13.840229226484682,0,25,10400,0.3007571230057893,,,
monitor_only,417,0.41590201043087494,0.003627641081964006,0.0,0.0,14.049975129142805,0,25,10425,1.0631207748955467,,,
monitor_only,418,0.41589981941244003,0.003650880001972112,0.0,0.0,15.345386067758927,0,25,10450,2.6373325910864738,,,
monitor_only,419,0.4157850026642334,0.003822140685714126,0.0,0.0,14.357879000506335,0,25,10475,0.9836301232035192,,,
monitor_only,420,0.4161315808332157,0.003404686544038249,0.0,0.0,13.538526803143455,0,25,10500,0.32165507357585016,,,
monitor_only,421,0.416185832678961,0.0033766138328767403,0.0,0.0,13.945834933777713,0,25,10525,0.4449259202590988,,,
monitor_only,422,0.41617873356419427,0.0034203155285854603,0.0,0.0,13.564818180158428,0,25,10550,0.2880258236087247,,,
monitor_only,423,0.4160534553379838,0.0035319861830608312,0.0,0.0,14.914221087157616,0,25,10575,2.2368778801432136,,,
monitor_only,424,0.41578091073147194,0.003908000563054681,0.0,0.0,14.235433692164145,0,25,10600,0.933267912876309,,,
monitor_only,425,0.4154921345632511,0.004347488765375107,0.0,0.0,13.923400717426249,0,25,10625,0.3383332793490907,,,
monitor_only,426,0.4154308329276673,0.0044684077635192,0.0,0.0,13.795285654708778,0,25,10650,0.36263699083389644,,,
monitor_only,427,0.4154303568371662,0.0045298599825809305,0.0,0.0,13.41953916082877,0,25,10675,0.26001948358094906,,,
monitor_only,428,0.41560416795742117,0.0042376932559041736,0.0,0.0,13.675798235344118,0,25,10700,0.4217317153938808,,,
monitor_only,429,0.41585599697089176,0.003917651647022291,0.0,0.0,14.001681101366543,0,25,10725,0.46805736068772835,,,
monitor_only,430,0.41618980612977147,0.003490212461432385,0.0,0.0,13.20024142393298,0,25,10750,0.2174942486075498,,,
monitor_only,431,0.4159931883159888,0.00376583623705401,0.0,0.0,13.454121271144519,0,25,10775,0.35696938901575465,,,
monitor_only,432,0.4161613182644188,0.00362694139088815,0.0,0.0,15.371910010276697,0,25,10800,2.5061300807244775,,,
monitor_only,433,0.4163405469981481,0.0033866981027456666,0.0,0.0,13.864189202350131,0,25,10825,0.42248314722429087,,,
monitor_only,434,0.4163368460453098,0.0034235962796052566,0.0,0.0,14.223328265827124,0,25,10850,1.2514300451037046,,,
monitor_only,435,0.4167121435807361,0.0029702629739086217,0.0,0.0,14.020036461578066,0,25,10875,0.5765798298329763,,,
monitor_only,436,0.4166363901565425,0.003103582239175562,0.0,0.0,15.291352810577203,0,25,10900,2.2112463645103593,,,
monitor_only,437,0.41690084126381993,0.0027474654623710904,0.0,0.0,12.996901298813066,0,25,10925,0.3366648566620129,,,
monitor_only,438,0.41666485317175506,0.003022373554751101,0.0,0.0,15.32469842259118,0,25,10950,2.5865796622388886,,,
monitor_only,439,0.41681408798858827,0.002891551592840935,0.0,0.0,13.820946035333687,0,25,10975,0.3372257197885083,,,
monitor_only,440,0.4168904016542209,0.002812278963438719,0.0,0.0,14.529831070933998,0,25,11000,0.9563403087895364,,,
monitor_only,441,0.4167855586450507,0.002876469106398938,0.0,0.0,14.512897562780225,0,25,11025,1.2498845865005501,,,
monitor_only,442,0.41676574952453227,0.002903779755655478,0.0,0.0,14.627272811926755,0,25,11050,1.2460712052019822,,,
monitor_only,443,0.4166102242076681,0.003051923856261407,0.0,0.0,13.394950980241916,0,25,11075,0.31952081947166344,,,
monitor_only,444,0.4165771004891689,0.0031325254200605945,0.0,0.0,14.23527106554442,0,25,11100,1.0511025315386466,,,
monitor_only,445,0.4165804394609057,0.003168547074391903,0.0,0.0,13.709359001581321,0,25,11125,0.3060530198442495,,,
monitor_only,446,0.4166291325728149,0.0031469450592027104,0.0,0.0,16.059274158694734,0,25,11150,2.1613597322228713,,,
monitor_only,447,0.41644022286221827,0.0033485180373677426,0.0,0.0,13.859865859066456,0,25,11175,0.2659082040603934,,,
monitor_only,448,0.41669237472843146,0.003025536486534197,0.0,0.0,13.563086390904234,0,25,11200,0.25050943724990093,,,
monitor_only,449,0.4165212369257481,0.0032387053280016342,0.0,0.0,14.23195499641421,0,25,11225,1.2792255411113236,,,
monitor_only,450,0.41667341525039614,0.003042367480760144,0.0,0.0,14.466996795429754,0,25,11250,1.1689987855602642,,,
monitor_only,451,0.4165832507971779,0.0031488538248997666,0.0,0.0,13.951778183406267,0,25,11275,0.2842219710853036,,,
monitor_only,452,0.4165902595348205,0.003150111978303949,0.0,0.0,14.458635212396063,0,25,11300,1.4002266547352855,,,
monitor_only,453,0.4166449648875435,0.0030740256559977364,0.0,0.0,13.43233149680544,0,25,11325,0.45541992432262,,,
monitor_only,454,0.41684799640152886,0.002847028726496059,0.0,0.0,13.400735082016462,0,25,11350,0.39162869330721445,,,
monitor_only,455,0.41665711335698064,0.0030183881071714214,0.0,0.0,14.616384899809876,0,25,11375,1.1263184544243654,,,
monitor_only,456,0.4166000242300677,0.0031556943713196284,0.0,0.0,13.498929538086212,0,25,11400,0.34279382551411997,,,
monitor_only,457,0.41638872186837145,0.003396316471108163,0.0,0.0,14.669379094978567,0,25,11425,0.9942300591627998,,,
monitor_only,458,0.4163740079976071,0.003414423598597227,0.0,0.0,14.983826632738786,0,25,11450,0.8816035958939414,,,
monitor_only,459,0.4164347342998508,0.003346973647759266,0.0,0.0,14.178357678377251,0,25,11475,1.1290349818420256,,,
monitor_only,460,0.41630905980353866,0.0035388835962300025,0.0,0.0,15.002698503002392,0,25,11500,1.2614981706956023,,,
monitor_only,461,0.41621944425050317,0.0036144533425121472,0.0,0.0,14.822070077906835,0,25,11525,1.0154393105115436,,,
monitor_only,462,0.4162476102801354,0.0035096690874616976,0.0,0.0,14.171358762646,0,25,11550,0.2991759867334626,,,
monitor_only,463,0.4159180774379889,0.0038996396166439684,0.0,0.0,13.975102270240734,0,25,11575,0.379699340487723,,,
monitor_only,464,0.41588191311659983,0.003960804112827898,0.0,0.0,13.636489985402754,0,25,11600,0.3553878174890713,,,
monitor_only,465,0.41598768853914675,0.0038451895041076156,0.0,0.0,13.690948845953477,0,25,11625,0.2681651693529631,,,
monitor_only,466,0.41586316165890297,0.004013275211465939,0.0,0.0,13.54007599685902,0,25,11650,0.37552744641513497,,,
monitor_only,467,0.4159365806471606,0.0038786097369635786,0.0,0.0,14.230232449263767,0,25,11675,1.0354351522763667,,,
monitor_only,468,0.4161262581817592,0.0036517203907759366,0.0,0.0,13.898687413288538,0,25,11700,1.2109302689909225,,,
monitor_only,469,0.4158298494501557,0.004079563448214807,0.0,0.0,13.43895314048328,0,25,11725,0.5712192899217992,,,
monitor_only,470,0.415665098059795,0.004310557923535074,0.0,0.0,13.514728856998632,0,25,11750,0.2695808092216946,,,
monitor_only,471,0.41553378656751944,0.004535771685230727,0.0,0.0,13.898272946192748,0,25,11775,1.1622312511853443,,,
monitor_only,472,0.4153924527869119,0.004752559721885319,0.0,0.0,14.066358281135553,0,25,11800,0.35714820021828675,,,
monitor_only,473,0.41528154083130614,0.00492170665178443,0.0,0.0,14.513540833089111,0,25,11825,1.0591545527402646,,,
monitor_only,474,0.41517197557393853,0.005060014525287038,0.0,0.0,13.809289718189945,0,25,11850,0.3931109767468296,,,
monitor_only,475,0.415271483944807,0.004934890833196592,0.0,0.0,13.970353617731746,0,25,11875,0.9316152768099568,,,
monitor_only,476,0.41528783036340144,0.004868145932219459,0.0,0.0,13.702084783786695,0,25,11900,0.27239798832169615,,,
monitor_only,477,0.41546512102147964,0.004652299167850704,0.0,0.0,14.077488220878157,0,25,11925,0.9772350127737879,,,
monitor_only,478,0.41551394400527625,0.004646534702695548,0.0,0.0,13.586467510094122,0,25,11950,0.3820821678905471,,,
monitor_only,479,0.4155203831651856,0.004682211767245814,0.0,0.0,14.098251939709572,0,25,11975,0.40151841962355195,,,
monitor_only,480,0.4154044695764473,0.004809418935833365,0.0,0.0,13.559877538061404,0,25,12000,0.37502003889358326,,,
monitor_only,481,0.4154240154828522,0.004729783968370593,0.0,0.0,13.57373460261336,0,25,12025,0.280637214505939,,,
monitor_only,482,0.41536383050801506,0.0047198931660343835,0.0,0.0,14.54295467940493,0,25,12050,2.3085965053655793,,,
monitor_only,483,0.4154393111888755,0.004684214010600152,0.0,0.0,14.314952637433331,0,25,12075,0.9146474673464351,,,
monitor_only,484,0.41537452418033793,0.004813694528932599,0.0,0.0,13.565468122892018,0,25,12100,0.36937956434859937,,,
monitor_only,485,0.41548586989301595,0.004738182650304068,0.0,0.0,14.259144105715613,0,25,12125,0.37239710637120305,,,
monitor_only,486,0.4155129927008434,0.004734254019737261,0.0,0.0,15.91563283602903,0,25,12150,2.5249552511951276,,,
monitor_only,487,0.41534795922518924,0.004931934779054348,0.0,0.0,13.664273185815166,0,25,12175,0.3188659729325549,,,
monitor_only,488,0.4153954876431678,0.004829983869949872,0.0,0.0,13.484471778817134,0,25,12200,0.30126799239593705,,,
monitor_only,489,0.415527329324048,0.004694119196575197,0.0,0.0,14.643679537381209,0,25,12225,1.128071901045997,,,
monitor_only,490,0.4157277833725535,0.0044431101570301945,0.0,0.0,13.556744760672636,0,25,12250,0.3660583789735663,,,
monitor_only,491,0.4153697943348009,0.004990655167618541,0.0,0.0,13.043667486152652,0,25,12275,0.23694151976351996,,,
monitor_only,492,0.4152362853098279,0.005166400122607384,0.0,0.0,12.934695122711151,0,25,12300,0.23680078852021538,,,
monitor_only,493,0.415353187799256,0.00507113490482014,0.0,0.0,13.581052552673091,0,25,12325,0.564679443959409,,,
monitor_only,494,0.4153391367913543,0.005077578737814226,0.0,0.0,13.575710375891513,0,25,12350,0.3945143375198742,,,
monitor_only,495,0.415330500732195,0.0051500139811629375,0.0,0.0,15.997675620402196,0,25,12375,2.5039205014344286,,,
monitor_only,496,0.41543026809425754,0.005009546833634193,0.0,0.0,13.80055146559498,0,25,12400,0.5118596499904989,,,
monitor_only,497,0.41564203954339884,0.004625009758753018,0.0,0.0,13.640221182316274,0,25,12425,0.5357235099393863,,,
monitor_only,498,0.41555334390824505,0.004719537594233436,0.0,0.0,13.641125486351008,0,25,12450,0.34667046735197204,,,
monitor_only,499,0.4156116950418918,0.004758537671311458,0.0,0.0,14.19846845532475,0,25,12475,1.4482683966760541,,,
monitor_only,500,0.4156553390125589,0.0046820295117511734,0.0,0.0,14.700882873058696,0,25,12500,1.1864025214384455,,,
monitor_only,501,0.415760817893172,0.004601983350324745,0.0,0.0,14.811357746705884,0,25,12525,1.0578405873320933,,,
monitor_only,502,0.415858382003421,0.00446585234281599,0.0,0.0,14.127318288899763,0,25,12550,1.0945808761652625,,,
monitor_only,503,0.41597529244517856,0.004390803874002869,0.0,0.0,14.46950818911774,0,25,12575,0.9344875841475065,,,
monitor_only,504,0.41593252463226504,0.004437185152727341,0.0,0.0,14.452529769390322,0,25,12600,0.7842097167507605,,,
monitor_only,505,0.4157225039496781,0.004708145232035832,0.0,0.0,14.003622436992167,0,25,12625,0.44823952244672777,,,
monitor_only,506,0.4157042106112213,0.004727606543745266,0.0,0.0,13.418559396910625,0,25,12650,0.4319519398521473,,,
monitor_only,507,0.41567558833443247,0.004689895636895369,0.0,0.0,14.34139736635303,0,25,12675,1.1263391929860138,,,
monitor_only,508,0.4156018805352116,0.004782909083397291,0.0,0.0,13.906274163508227,0,25,12700,0.24973659994338776,,,
monitor_only,509,0.41576911619673945,0.004547357822395404,0.0,0.0,14.126799797448749,0,25,12725,1.148714182690107,,,
monitor_only,510,0.41586138542287254,0.004339566660047978,0.0,0.0,14.810763293926339,0,25,12750,1.0980784876617722,,,
monitor_only,511,0.41610173015938684,0.004008171688081097,0.0,0.0,15.047400999407238,0,25,12775,1.3448644513216366,,,
monitor_only,512,0.41617993715062035,0.00390794697674518,0.0,0.0,13.406438616067444,0,25,12800,0.3387239887046997,,,
monitor_only,513,0.416213988773191,0.0038463966002109107,0.0,0.0,13.664856767284611,0,25,12825,0.3115995584401949,,,
monitor_only,514,0.4159981827291428,0.004114931319524673,0.0,0.0,15.205457944869806,0,25,12850,2.134550111752977,,,
monitor_only,515,0.4161333562598545,0.003951454145414535,0.0,0.0,13.869667559316305,0,25,12875,0.3783092757653159,,,
monitor_only,516,0.41606276610316506,0.004143844445726075,0.0,0.0,13.111969024815114,0,25,12900,0.2657812850666533,,,
monitor_only,517,0.4160125120981398,0.0041664230712994965,0.0,0.0,14.530620643134366,0,25,12925,0.8213733023191262,,,
monitor_only,518,0.41590489116307305,0.004304145654122182,0.0,0.0,15.099128825214299,0,25,12950,1.3208413927221554,,,
monitor_only,519,0.4158343857230028,0.00445758940386054,0.0,0.0,13.721941166398095,0,25,12975,0.31154847227005994,,,
monitor_only,520,0.4158491442701588,0.004416997691426117,0.0,0.0,14.195888947512211,0,25,13000,0.5202514918928876,,,
monitor_only,521,0.41609677863888844,0.004078321980633903,0.0,0.0,14.018008604792566,0,25,13025,1.2127919005218142,,,
monitor_only,522,0.4160130409965761,0.004199335241417745,0.0,0.0,13.50798322030163,0,25,13050,0.41293046822838153,,,
monitor_only,523,0.41587621616064185,0.0043542224054196055,0.0,0.0,13.145100167546381,0,25,13075,0.23588507593910094,,,
monitor_only,524,0.41577626093112796,0.004504646424783154,0.0,0.0,14.692237137651619,0,25,13100,1.1531542419129377,,,
monitor_only,525,0.41569483550333897,0.004682529519228484,0.0,0.0,13.721742092529034,0,25,13125,0.35868837529695163,,,
monitor_only,526,0.41579079671509944,0.004568537095662406,0.0,0.0,13.871625389394602,0,25,13150,0.4772186564690991,,,
monitor_only,527,0.4158337042606935,0.0044644946576399835,0.0,0.0,13.48050018865682,0,25,13175,0.372178487058783,,,
monitor_only,528,0.41610174642736375,0.004168303704415843,0.0,0.0,14.365347110751834,0,25,13200,1.1833035999533175,,,
monitor_only,529,0.41618828341618475,0.0040587872637554145,0.0,0.0,14.691090830420915,0,25,13225,3.1327753494444037,,,
monitor_only,530,0.416338372039987,0.003939862725651666,0.0,0.0,14.413825659347479,0,25,13250,1.242527008106812,,,
monitor_only,531,0.41626395659755544,0.004094607554042395,0.0,0.0,14.024047256605169,0,25,13275,1.1008490741446781,,,
monitor_only,532,0.4163222186510254,0.00409409682734696,0.0,0.0,13.5570370962137,0,25,13300,0.38868972878961283,,,
monitor_only,533,0.41642204966726776,0.003962951229263212,0.0,0.0,15.399540979844444,0,25,13325,2.5791309701920824,,,
monitor_only,534,0.41666701032796083,0.003706874586371922,0.0,0.0,14.643173547054317,0,25,13350,1.8969911929019785,,,
monitor_only,535,0.41670570194073275,0.0036136403422132313,0.0,0.0,13.805293928330116,0,25,13375,0.229165179520616,,,
monitor_only,536,0.4167920604667995,0.0035748865817045172,0.0,0.0,14.099169676286316,0,25,13400,0.47478667310429135,,,
monitor_only,537,0.4166972158535778,0.003762640913595905,0.0,0.0,14.269673898005315,0,25,13425,1.1055958975575728,,,
monitor_only,538,0.41651976210266856,0.004033795458138423,0.0,0.0,13.994215485355669,0,25,13450,0.4560214644523619,,,
monitor_only,539,0.4164155214241121,0.00408401668411279,0.0,0.0,13.448700665663688,0,25,13475,0.4429135917643235,,,
monitor_only,540,0.4163333774797206,0.004135998383644701,0.0,0.0,15.519302739619837,0,25,13500,2.587815524469892,,,
monitor_only,541,0.41632743029171104,0.004269783238994851,0.0,0.0,13.792889021370673,0,25,13525,0.44432877773564994,,,
monitor_only,542,0.41661077044994255,0.003962830137012319,0.0,0.0,14.79407580463901,0,25,13550,1.0980748917311913,,,
monitor_only,543,0.4167074805465595,0.0038161874597368306,0.0,0.0,16.390794618032462,0,25,13575,3.9400111792406762,,,
monitor_only,544,0.41654539441562116,0.004072941224197324,0.0,0.0,13.961394273497119,0,25,13600,0.5234564213244621,,,
monitor_only,545,0.41655010061591125,0.0041053500751576655,0.0,0.0,14.17122448461007,0,25,13625,1.025394333386488,,,
monitor_only,546,0.41628174726615913,0.004505083173621083,0.0,0.0,13.300442907733366,0,25,13650,0.23789270956384903,,,
monitor_only,547,0.4163973803088047,0.004256282282774304,0.0,0.0,15.553754227483834,0,25,13675,2.501178479780855,,,
monitor_only,548,0.41666351911322064,0.003971019745262039,0.0,0.0,16.49147332603532,0,25,13700,4.446855239736951,,,
monitor_only,549,0.4169377314403598,0.0035892469094772617,0.0,0.0,13.777533054743305,0,25,13725,0.5640602357906355,,,
monitor_only,550,0.41666813205316805,0.003953118781764131,0.0,0.0,14.336384237616521,0,25,13750,1.0018644626362971,,,
monitor_only,551,0.4169504640358156,0.003586235639255031,0.0,0.0,13.844860287817042,0,25,13775,0.26804663219293157,,,
monitor_only,552,0.41683296434382844,0.00365338219794914,0.0,0.0,14.663013097550808,0,25,13800,1.0922253996857567,,,
monitor_only,553,0.41684936147650825,0.0037341775900086027,0.0,0.0,14.951743257245328,0,25,13825,1.1391225398757907,,,
monitor_only,554,0.41686737063860624,0.003737349025280612,0.0,0.0,13.741853246367072,0,25,13850,0.4395231961158233,,,
monitor_only,555,0.41716945922620696,0.0033780927633838,0.0,0.0,14.981343985322695,0,25,13875,1.3873665224673142,,,
monitor_only,556,0.4172385437911871,0.003246112982966287,0.0,0.0,13.702735076936317,0,25,13900,0.3471507035912598,,,
monitor_only,557,0.41706820054953236,0.0035126667529594147,0.0,0.0,14.18947895819321,0,25,13925,1.1732629549790041,,,
monitor_only,558,0.4171594958842816,0.003331412780584353,0.0,0.0,14.469177337317646,0,25,13950,1.2527776691317178,,,
monitor_only,559,0.41737483040840806,0.0030622027682112307,0.0,0.0,13.809075098399713,0,25,13975,0.3873939333195705,,,
monitor_only,560,0.4173011459520874,0.003208582042270147,0.0,0.0,13.119761585662594,0,25,14000,0.229105266529912,,,
monitor_only,561,0.41741701546861826,0.003114565583758222,0.0,0.0,13.705357798990018,0,25,14025,0.3734617623155286,,,
monitor_only,562,0.4172951012070314,0.0032243618750240066,0.0,0.0,13.795163516111174,0,25,14050,0.42844272964988106,,,
monitor_only,563,0.4174353274905901,0.0030549481810765444,0.0,0.0,14.387600851841286,0,25,14075,1.0337203555121741,,,
monitor_only,564,0.4175759923197241,0.002987566783120399,0.0,0.0,13.911810735045625,0,25,14100,1.0942321668754371,,,
monitor_only,565,0.4174491297275932,0.003084089904659082,0.0,0.0,14.167708693232013,0,25,14125,0.380964055908685,,,
monitor_only,566,0.41737776285785905,0.0030693106877608956,0.0,0.0,13.454258664593388,0,25,14150,0.3396636354238791,,,
monitor_only,567,0.41725753102440344,0.003187222527818334,0.0,0.0,13.967121404771046,0,25,14175,0.427600686074789,,,
monitor_only,568,0.4172798332073009,0.003137186106672074,0.0,0.0,14.130432806475309,0,25,14200,1.0755154162319602,,,
monitor_only,569,0.41715403957417074,0.003271369121463863,0.0,0.0,13.60430956896619,0,25,14225,0.38437923821530007,,,
monitor_only,570,0.4172258616338451,0.0030647463918764273,0.0,0.0,13.398499118528022,0,25,14250,0.41461352633175175,,,
monitor_only,571,0.41726345387956676,0.0030177273698947515,0.0,0.0,13.576971248113722,0,25,14275,0.3235589608530474,,,
monitor_only,572,0.41717164007428503,0.0031712168518936434,0.0,0.0,14.225812199629004,0,25,14300,1.2633241165223046,,,
monitor_only,573,0.4172232868599018,0.003139528732936603,0.0,0.0,13.92855935872855,0,25,14325,0.22648363876055333,,,
monitor_only,574,0.41727573388852257,0.0031000621554113095,0.0,0.0,14.2384933905772,0,25,14350,0.5253944080013653,,,
monitor_only,575,0.4174862254617437,0.0028163038882851876,0.0,0.0,14.204573035802023,0,25,14375,0.7304013774138312,,,
monitor_only,576,0.4176885380424818,0.0024893561601874725,0.0,0.0,13.84078524701236,0,25,14400,0.3966354285473385,,,
monitor_only,577,0.41738110385413635,0.002807714736770328,0.0,0.0,14.650685693293461,0,25,14425,1.0882328516428332,,,
monitor_only,578,0.41710096681118225,0.0031633672630375087,0.0,0.0,15.400144017220638,0,25,14450,2.199274595748481,,,
monitor_only,579,0.41702837211776844,0.00323377510640227,0.0,0.0,13.745515253918478,0,25,14475,0.41753500746078503,,,
monitor_only,580,0.41704130607447,0.003220899222400375,0.0,0.0,13.761630459622502,0,25,14500,0.39054043611819217,,,
monitor_only,581,0.41702335925434164,0.0032368091669110477,0.0,0.0,13.802806630506709,0,25,14525,0.5087801189799108,,,
monitor_only,582,0.41701970637062763,0.003269823449712772,0.0,0.0,14.647943477778664,0,25,14550,1.1301414441679323,,,
monitor_only,583,0.4171489575123955,0.003096780415057454,0.0,0.0,15.086117529414064,0,25,14575,2.242324180793427,,,
monitor_only,584,0.41706406875106355,0.0031659411970453855,0.0,0.0,13.446485533932051,0,25,14600,0.38552158149679927,,,
monitor_only,585,0.4171367773582741,0.0031120166831274387,0.0,0.0,14.753422505510473,0,25,14625,0.8868543502626071,,,
monitor_only,586,0.41711272307222474,0.0032049710846231982,0.0,0.0,14.885892784958596,0,25,14650,2.3667087547107095,,,
monitor_only,587,0.4171620894493873,0.003126219345661707,0.0,0.0,14.687950673632042,0,25,14675,1.0345952391194229,,,
monitor_only,588,0.41712645402383447,0.0031409697570591866,0.0,0.0,13.465824759644244,0,25,14700,0.41646444905205965,,,
monitor_only,589,0.4172258187865682,0.0030280629880377607,0.0,0.0,13.913606588520626,0,25,14725,0.5167650595308013,,,
monitor_only,590,0.4172975780929329,0.002928989958675854,0.0,0.0,13.874904357261336,0,25,14750,0.29810508110434913,,,
monitor_only,591,0.41726126054447976,0.003021722958339801,0.0,0.0,14.524724548960478,0,25,14775,1.084520983704819,,,
monitor_only,592,0.41747983761396357,0.0027445867990469885,0.0,0.0,13.71022434264729,0,25,14800,0.3129636438809927,,,
monitor_only,593,0.4174128415577796,0.0028250292223163664,0.0,0.0,13.61425801909638,0,25,14825,0.31499680795615054,,,
monitor_only,594,0.4173940802269993,0.0028087441288212056,0.0,0.0,14.635745412195313,0,25,14850,1.178754166575639,,,
monitor_only,595,0.4175510835452473,0.0026289074031131676,0.0,0.0,14.918615752048986,0,25,14875,1.3075805030119987,,,
monitor_only,596,0.4176540280827907,0.0025131745790510363,0.0,0.0,15.011496406214736,0,25,14900,1.2410161196701381,,,
monitor_only,597,0.4175326834872188,0.002594486168178478,0.0,0.0,13.446537860421051,0,25,14925,0.4529061680512711,,,
monitor_only,598,0.4176618397550004,0.0024236154891792427,0.0,0.0,13.61805211821883,0,25,14950,0.4184325585748754,,,
monitor_only,599,0.417698515121822,0.0023540082388032735,0.0,0.0,14.48190966083991,0,25,14975,0.7738003775717186,,,
monitor_only,600,0.41754116984592143,0.0025074893245189966,0.0,0.0,13.804985041453277,0,25,15000,0.4453649664011966,,,
monitor_only,601,0.4158095981868291,0.0039890781111134865,-0.9,0.0,13.94425816979249,0,25,15025,4.416546914305513,,,
monitor_only,602,0.41349932983825344,0.006416522251343204,-0.9,0.0,13.462335911917028,0,25,15050,2.8973768300404594,,,
monitor_only,603,0.4109102297590034,0.00959423540849419,-0.9,0.0,14.632005125941577,0,25,15075,4.699008900730155,,,
monitor_only,604,0.40738882385419084,0.014904768304472404,-0.9,0.0,12.948311453400114,0,25,15100,3.244538899817446,,,
monitor_only,605,0.4035801564107522,0.021842147993941963,-0.9,0.0,13.830725868969449,0,25,15125,4.315075276986926,,,
monitor_only,606,0.39945570335172453,0.030539607843827032,-0.9,0.0,15.897707740312269,0,25,15150,8.955222338341125,,,
monitor_only,607,0.3953509964847842,0.041128719710969375,-0.9,0.0,13.476265170887608,0,25,15175,5.258728729063389,,,
monitor_only,608,0.3920422347808089,0.05143725578789471,-0.9,0.0,13.550882888075588,0,25,15200,2.5410127635480597,,,
monitor_only,609,0.3892887207723799,0.06141820046688712,-0.9,0.0,13.847392217173564,0,25,15225,4.542262554671391,,,
monitor_only,610,0.38701977433099366,0.07116275458218052,-0.9,0.0,14.790914001398626,0,25,15250,4.482480567814815,,,
monitor_only,611,0.38490733121719595,0.08101089364007696,-0.9,0.0,16.07841462421929,0,25,15275,6.177637590981636,,,
monitor_only,612,0.3832074512872942,0.09046467749534676,-0.9,0.0,13.511486316844309,0,25,15300,3.0923387483671867,,,
monitor_only,613,0.3820321216133312,0.09907385133153446,-0.9,0.0,14.964817775131586,0,25,15325,4.124001303911034,,,
monitor_only,614,0.3804789354599374,0.10810579121609809,-0.9,0.0,14.786616578038988,0,25,15350,1.6432624114441787,,,
monitor_only,615,0.37922087196541754,0.11681929499375798,-0.9,0.0,14.060414599238914,0,25,15375,3.6070495979438335,,,
monitor_only,616,0.3781417773119966,0.12513045435612158,-0.9,0.0,13.977220501988686,0,25,15400,4.770639704203788,,,
monitor_only,617,0.37723585843939855,0.13360183852174673,-0.9,0.0,13.519069121294686,0,25,15425,2.555948174040041,,,
monitor_only,618,0.3761269474610664,0.14249102812831732,-0.9,0.0,14.475452712289858,0,25,15450,5.043388339265128,,,
monitor_only,619,0.3751671568511829,0.15129226674211593,-0.9,0.0,13.826296063634118,0,25,15475,3.359047229579553,,,
monitor_only,620,0.37428666853828196,0.15991839749787334,-0.9,0.0,14.132248797312762,0,25,15500,4.93101514462424,,,
monitor_only,621,0.37359303937757127,0.1682920795327199,-0.9,0.0,14.208178014995973,0,25,15525,4.7901746919270245,,,
monitor_only,622,0.3731419042447917,0.17627848256295092,-0.9,0.0,14.56573168909697,0,25,15550,4.04665224915552,,,
monitor_only,623,0.3726349867426669,0.18453455565360033,-0.9,0.0,13.711417313591486,0,25,15575,2.920809474454343,,,
monitor_only,624,0.37226319116219647,0.19235987681123518,-0.9,0.0,14.80107307662719,0,25,15600,3.745879194615672,,,
monitor_only,625,0.37183879237161793,0.20042795393269175,-0.9,0.0,14.14573874535067,0,25,15625,4.77528252115711,,,
monitor_only,626,0.37119423084345515,0.2089119183695034,-0.9,0.0,14.480796210328815,0,25,15650,5.195016726781766,,,
monitor_only,627,0.3707128876606361,0.2180560949381209,-0.9,0.0,14.313286230535482,0,25,15675,5.495534496640497,,,
monitor_only,628,0.3701569551186866,0.2264904393719523,-0.9,0.0,13.694115487716273,0,25,15700,2.967650289868767,,,
monitor_only,629,0.36982964969799303,0.23490632212377205,-0.9,0.0,13.527176402423065,0,25,15725,3.061928561604248,,,
monitor_only,630,0.3695742035805525,0.24235332590312558,-0.9,0.0,15.496038662689044,0,25,15750,4.790731628232611,,,
monitor_only,631,0.3693426412330275,0.24972106306088032,-0.9,0.0,13.803881353475498,0,25,15775,2.7526364350333887,,,
monitor_only,632,0.3690965590185705,0.2576074264158634,-0.9,0.0,15.641464842394196,0,25,15800,4.75921499109841,,,
monitor_only,633,0.3688229964682283,0.26552501028712466,-0.9,0.0,15.470109232810517,0,25,15825,5.532985588673293,,,
monitor_only,634,0.36863642951498204,0.27370307458422605,-0.9,0.0,14.758358178851934,0,25,15850,5.13812132506821,,,
monitor_only,635,0.3684762431785497,0.2817031123816207,-0.9,0.0,13.241071679714754,0,25,15875,3.2159854143883306,,,
monitor_only,636,0.36828686752832934,0.2891427109247746,-0.9,0.0,13.881781373901566,0,25,15900,3.121204940583043,,,
monitor_only,637,0.36812655851821935,0.2965413378205643,-0.9,0.0,13.797302211872084,0,25,15925,3.246636622696422,,,
monitor_only,638,0.36801588872011226,0.3042291880446924,-0.9,0.0,13.697996574413533,0,25,15950,3.266878204373198,,,
monitor_only,639,0.3679351884277807,0.31201202224119623,-0.9,0.0,13.629869921398388,0,25,15975,3.0383804409470563,,,
monitor_only,640,0.3678206361370277,0.3198744129713907,-0.9,0.0,15.465776850118507,0,25,16000,5.163245644169248,,,
monitor_only,641,0.36772647402887404,0.3272990893325243,-0.9,0.0,14.839854368899584,0,25,16025,5.10986501894335,,,
monitor_only,642,0.3676567659959164,0.3344524575828946,-0.9,0.0,13.817878663066217,0,25,16050,2.708311166412289,,,
monitor_only,643,0.3676159721115389,0.3420011597371836,-0.9,0.0,14.342758635525453,0,25,16075,4.695584849130661,,,
monitor_only,644,0.3675772818443109,0.3491191992023068,-0.9,0.0,13.250825312801437,0,25,16100,3.057115079882656,,,
monitor_only,645,0.3675346490657794,0.3564197175822803,-0.9,0.0,15.57985411130662,0,25,16125,4.568079522714841,,,
monitor_only,646,0.36749102304085607,0.3642989928045193,-0.9,0.0,14.567912078873258,0,25,16150,5.264744596960313,,,
monitor_only,647,0.3674543216120757,0.3716651089658125,-0.9,0.0,14.008761615111629,0,25,16175,1.7868419597673437,,,
monitor_only,648,0.3674239903137151,0.3786890977423988,-0.9,0.0,13.991677375679263,0,25,16200,4.83742824815066,,,
monitor_only,649,0.36740169200729195,0.3855478424552878,-0.9,0.0,14.92171349142808,0,25,16225,1.637814783812105,,,
monitor_only,650,0.3673977278872572,0.3917507943557734,-0.9,0.0,14.019512107455526,0,25,16250,2.767438266202141,,,
monitor_only,651,0.3673680625309608,0.39866743404769794,-0.9,0.0,15.603872058208704,0,25,16275,5.229538966719445,,,
monitor_only,652,0.3673458859716508,0.4064814795249909,-0.9,0.0,14.386370965252269,0,25,16300,3.269374846863467,,,
monitor_only,653,0.3673266444887734,0.4135904242719366,-0.9,0.0,15.952889741414245,0,25,16325,5.035992465424137,,,
monitor_only,654,0.36731412904079697,0.4202566125579001,-0.9,0.0,15.030078587701867,0,25,16350,4.121911029026087,,,
monitor_only,655,0.3673023706614692,0.42717872337434876,-0.9,0.0,15.033732458903831,0,25,16375,4.711265936175363,,,
monitor_only,656,0.367286481856523,0.4346555858243023,-0.9,0.0,13.959890234257857,0,25,16400,2.458387155501548,,,
monitor_only,657,0.3672718982126786,0.44200746878463043,-0.9,0.0,14.128274064067192,0,25,16425,3.5036695882011766,,,
monitor_only,658,0.3672665444747057,0.44913060470697325,-0.9,0.0,14.187218332262624,0,25,16450,3.5574089235733504,,,
monitor_only,659,0.36725711272779066,0.45596919257253793,-0.9,0.0,14.157605943659377,0,25,16475,5.089131530085979,,,
monitor_only,660,0.3672472076835297,0.46331447821889343,-0.9,0.0,13.72194189364807,0,25,16500,3.2972739125741213,,,
monitor_only,661,0.367236986386945,0.4703447851888975,-0.9,0.0,15.132513603941248,0,25,16525,5.4453877606650565,,,
monitor_only,662,0.3672310341461975,0.4769222314791454,-0.9,0.0,15.034842056165864,0,25,16550,2.969670775087113,,,
monitor_only,663,0.36722626730782165,0.48375439157849764,-0.9,0.0,14.176346342028541,0,25,16575,2.9421991689834615,,,
monitor_only,664,0.3672224795253041,0.4909507313991549,-0.9,0.0,14.214376661220799,0,25,16600,3.212689032587229,,,
monitor_only,665,0.3672185766989406,0.49748251325093046,-0.9,0.0,14.713312070572705,0,25,16625,2.9975906080821453,,,
monitor_only,666,0.367216366607882,0.5043993725428254,-0.9,0.0,13.296455359480277,0,25,16650,3.0609234479162803,,,
monitor_only,667,0.3672132688515781,0.5107163011055271,-0.9,0.0,14.726245626419557,0,25,16675,5.020576113110992,,,
monitor_only,668,0.3672090334628084,0.5177772764156703,-0.9,0.0,15.101881176453588,0,25,16700,5.409906524828609,,,
monitor_only,669,0.36720721324025324,0.52447070621911,-0.9,0.0,15.257833067685022,0,25,16725,4.70047539424115,,,
monitor_only,670,0.36720536318627955,0.5314488083502606,-0.9,0.0,15.251421380808008,0,25,16750,3.633740050562337,,,
monitor_only,671,0.36720299466763523,0.5381820353528762,-0.9,0.0,16.096506950024782,0,25,16775,5.468390319546559,,,
monitor_only,672,0.36720189154882965,0.54458127876921,-0.9,0.0,17.176005148242076,0,25,16800,5.526277950252385,,,
monitor_only,673,0.3672003327913935,0.5517518500378455,-0.9,0.0,16.075454185590353,0,25,16825,3.331721606845538,,,
monitor_only,674,0.3671992734954471,0.5587048807208631,-0.9,0.0,14.153681053877001,0,25,16850,3.3401239881687883,,,
monitor_only,675,0.36719830500852974,0.565096878788556,-0.9,0.0,14.378876887834942,0,25,16875,3.023842850309935,,,
monitor_only,676,0.36719730620592334,0.5717263025670822,-0.9,0.0,15.783757973222798,0,25,16900,4.944652839716676,,,
monitor_only,677,0.3671961320095072,0.5786430409987164,-0.9,0.0,16.324876311901324,0,25,16925,5.196073472267019,,,
monitor_only,678,0.3671955013075176,0.5852223294438204,-0.9,0.0,15.36565108191072,0,25,16950,4.830779381039027,,,
monitor_only,679,0.36719443940350255,0.5924768498605206,-0.9,0.0,15.804476980949698,0,25,16975,5.615402052630671,,,
monitor_only,680,0.36719355170917434,0.5991403871098796,-0.9,0.0,15.3648616356379,0,25,17000,3.5741913889333996,,,
monitor_only,681,0.3671929840761366,0.6057045856647716,-0.9,0.0,15.377655834277832,0,25,17025,4.857636012569716,,,
monitor_only,682,0.36719234072956003,0.6120036772966734,-0.9,0.0,15.432474040053613,0,25,17050,4.050923832791188,,,
monitor_only,683,0.3671921304991513,0.6177251870668508,-0.9,0.0,14.48478845668129,0,25,17075,3.8063293467208426,,,
monitor_only,684,0.36719151498988367,0.6245204688668422,-0.9,0.0,15.41506972126812,0,25,17100,5.105075914992247,,,
monitor_only,685,0.36719103443141154,0.6312888858468679,-0.9,0.0,15.470507788036455,0,25,17125,4.2514654584140406,,,
monitor_only,686,0.3671906745974803,0.6376575900310417,-0.9,0.0,14.524734378481963,0,25,17150,2.9321134724301143,,,
monitor_only,687,0.3671903873715473,0.6446469528448934,-0.9,0.0,14.672430079607116,0,25,17175,4.342420712363921,,,
monitor_only,688,0.36719003315156495,0.6517723471799666,-0.9,0.0,16.450846882980052,0,25,17200,5.509650738363441,,,
monitor_only,689,0.3671897339129543,0.6577119813986194,-0.9,0.0,15.52540927158663,0,25,17225,4.045711292660455,,,
monitor_only,690,0.3671896251090931,0.6635111489962044,-0.9,0.0,14.119318583962706,0,25,17250,3.46527982112801,,,
monitor_only,691,0.3671894626462656,0.670028481874084,-0.9,0.0,14.576692033617716,0,25,17275,3.1595147584876457,,,
monitor_only,692,0.3671892142975886,0.6762829998866792,-0.9,0.0,16.30053827276514,0,25,17300,5.142568966748892,,,
monitor_only,693,0.36718895658875444,0.6831874086468369,-0.9,0.0,15.575884690149579,0,25,17325,5.927374012833156,,,
monitor_only,694,0.367188905610253,0.6887422970166097,-0.9,0.0,16.323978102132234,0,25,17350,3.5468709176246858,,,
monitor_only,695,0.3671887415041428,0.6949680695065771,-0.9,0.0,13.680519824309378,0,25,17375,3.086427281441482,,,
monitor_only,696,0.36718861281697457,0.701611648248301,-0.9,0.0,16.5531863462054,0,25,17400,5.415002573736634,,,
monitor_only,697,0.3671884861115371,0.7077923312886568,-0.9,0.0,14.64641779275587,0,25,17425,3.8700276951281016,,,
monitor_only,698,0.36718837979233304,0.7144602780062119,-0.9,0.0,16.390485631968424,0,25,17450,3.702553775171518,,,
monitor_only,699,0.3671882836591207,0.7207729884810747,-0.9,0.0,16.400698639598204,0,25,17475,5.115867905813056,,,
monitor_only,700,0.3671882135742754,0.7270066464397529,-0.9,0.0,14.68343192707372,0,25,17500,3.2055943872248682,,,
monitor_only,701,0.3671881483881063,0.7329925046373871,-0.9,0.0,14.096579399930565,0,25,17525,3.1383393285099572,,,
monitor_only,702,0.36718810076468694,0.7387629942859825,-0.9,0.0,16.649422645264693,0,25,17550,4.28712619140988,,,
monitor_only,703,0.3671880304204178,0.7453815371560806,-0.9,0.0,16.639639605163126,0,25,17575,8.808482974629667,,,
monitor_only,704,0.36718797375990325,0.7518363399321006,-0.9,0.0,16.674418466058736,0,25,17600,5.143938440495336,,,
monitor_only,705,0.36718792990060384,0.7576196865711748,-0.9,0.0,15.048392023948454,0,25,17625,3.7736841683211284,,,
monitor_only,706,0.3671878795540761,0.7633682309901537,-0.9,0.0,15.726082769967759,0,25,17650,5.087144034081267,,,
monitor_only,707,0.3671878238110904,0.770026201110706,-0.9,0.0,15.281439130864758,0,25,17675,5.6032426932057176,,,
monitor_only,708,0.3671877918605295,0.7760756801407696,-0.9,0.0,14.790899917815375,0,25,17700,4.830832826294175,,,
monitor_only,709,0.3671877692421365,0.7820077179918001,-0.9,0.0,13.856505989218666,0,25,17725,2.538854948599427,,,
monitor_only,710,0.367187740995969,0.7876089518978948,-0.9,0.0,14.8273607800441,0,25,17750,4.554044129876474,,,
monitor_only,711,0.36718773489086953,0.7931722250196886,-0.9,0.0,17.697166586126734,0,25,17775,5.827691802035596,,,
monitor_only,712,0.36718771166398245,0.798926342361318,-0.9,0.0,14.074382684510123,0,25,17800,3.4261295572284958,,,
monitor_only,713,0.3671876841980661,0.8049553120017272,-0.9,0.0,17.248532426423324,0,25,17825,5.12846576914151,,,
monitor_only,714,0.36718766910319134,0.8105734257539094,-0.9,0.0,15.789521076869331,0,25,17850,4.803880903644004,,,
monitor_only,715,0.36718765338928055,0.8165754608658001,-0.9,0.0,13.91063383727891,0,25,17875,3.060513771238928,,,
monitor_only,716,0.367187635013947,0.822674013044786,-0.9,0.0,15.835836892994097,0,25,17900,5.0634481722018,,,
monitor_only,717,0.3671876166587388,0.8287297025428572,-0.9,0.0,16.55299980950454,0,25,17925,4.910149709730798,,,
monitor_only,718,0.367187605741603,0.8346665903957764,-0.9,0.0,15.602347278857659,0,25,17950,4.730212452372702,,,
monitor_only,719,0.36718759869695955,0.840278109978209,-0.9,0.0,16.57064563112016,0,25,17975,4.872119220690977,,,
monitor_only,720,0.3671875845881653,0.8466530444412559,-0.9,0.0,13.962127598568738,0,25,18000,1.9751645961933832,,,
monitor_only,721,0.36718757975750915,0.8522945261895816,-0.9,0.0,14.11283253858162,0,25,18025,3.515916181167058,,,
monitor_only,722,0.3671875673414077,0.8586915188332888,-0.9,0.0,15.914037869958165,0,25,18050,4.027457684004478,,,
monitor_only,723,0.36718756192016677,0.8647615937806568,-0.9,0.0,16.080902986535317,0,25,18075,4.964517619827137,,,
monitor_only,724,0.36718755278061005,0.8709841468812407,-0.9,0.0,15.40180079474004,0,25,18100,2.180997094260411,,,
monitor_only,725,0.3671875473298809,0.8768001271810044,-0.9,0.0,14.980927058538732,0,25,18125,3.990486876988565,,,
monitor_only,726,0.3671875442461278,0.8821987448756131,-0.9,0.0,15.017013599239661,0,25,18150,3.0627016150352766,,,
monitor_only,727,0.3671875392024154,0.8877457757206664,-0.9,0.0,15.988152403427033,0,25,18175,3.9093140273974636,,,
monitor_only,728,0.3671875365175128,0.8932647115722573,-0.9,0.0,15.015087716214932,0,25,18200,3.0149997909233726,,,
monitor_only,729,0.3671875341730027,0.8992490949016911,-0.9,0.0,15.026042176546841,0,25,18225,3.6154465393891537,,,
monitor_only,730,0.3671875316510753,0.9048103237912017,-0.9,0.0,15.462554158782694,0,25,18250,5.085842046845868,,,
monitor_only,731,0.36718752839730234,0.9099047856154447,-0.9,0.0,16.019234454511775,0,25,18275,3.6288187016762494,,,
monitor_only,732,0.3671875254513174,0.9160378277243835,-0.9,0.0,16.959419712347298,0,25,18300,6.533395334654388,,,
monitor_only,733,0.36718752315227854,0.9217834558779745,-0.9,0.0,16.041047920750188,0,25,18325,4.7265278939677975,,,
monitor_only,734,0.3671875209370031,0.9275838728480712,-0.9,0.0,16.04087215996832,0,25,18350,5.297817812721883,,,
monitor_only,735,0.36718751852540343,0.9330582667703681,-0.9,0.0,17.0240982647942,0,25,18375,5.04679664655131,,,
monitor_only,736,0.3671875171443543,0.9384579471189465,-0.9,0.0,16.089106626973418,0,25,18400,4.80120086317554,,,
monitor_only,737,0.3671875144753602,0.9445829088300204,-0.9,0.0,14.153909726275314,0,25,18425,2.8860936814263867,,,
monitor_only,738,0.36718751314194664,0.9500769734688759,-0.9,0.0,15.825962504430246,0,25,18450,2.820739565570925,,,
monitor_only,739,0.3671875123604771,0.9550038512629286,-0.9,0.0,14.191015130034469,0,25,18475,3.1584993718969145,,,
monitor_only,740,0.36718751160170454,0.9604316114696747,-0.9,0.0,16.497536470437243,0,25,18500,5.075506927135272,,,
monitor_only,741,0.36718751025076685,0.9666975358426465,-0.9,0.0,15.171724277269373,0,25,18525,4.781011223062344,,,
monitor_only,742,0.36718750991848437,0.9719510188306861,-0.9,0.0,16.8214925331653,0,25,18550,4.513863601404502,,,
monitor_only,743,0.3671875092518474,0.9774962044351705,-0.9,0.0,15.86991980243583,0,25,18575,2.869463369693123,,,
monitor_only,744,0.36718750890221097,0.9824883486043825,-0.9,0.0,17.1108505289521,0,25,18600,4.520281261083325,,,
monitor_only,745,0.36718750826372204,0.9882877673438415,-0.9,0.0,15.244085988697904,0,25,18625,3.2988461883625813,,,
monitor_only,746,0.36718750768493374,0.9931550846138724,-0.9,0.0,14.27670436770818,0,25,18650,2.721866671786544,,,
monitor_only,747,0.3671875068248535,0.9986769308022525,-0.9,0.0,15.20255985212867,0,25,18675,3.393190343255132,,,
monitor_only,748,0.3671875061867572,1.0036959710065543,-0.9,0.0,16.19220895408255,0,25,18700,5.008992683767392,,,
monitor_only,749,0.36718750569644887,1.0089019834213966,-0.9,0.0,17.163582364131415,0,25,18725,4.809573484036765,,,
monitor_only,750,0.3671875053962171,1.0140573222454268,-0.9,0.0,16.194106712899142,0,25,18750,5.8550832199486385,,,
monitor_only,751,0.3671875045914718,1.0199355825864826,-0.9,0.0,16.22328072695221,0,25,18775,3.698051697135034,,,
monitor_only,752,0.3671875041162294,1.0253671378381182,-0.9,0.0,14.960636863666625,0,25,18800,3.241191947918083,,,
monitor_only,753,0.36718750405707096,1.0297305423270806,-0.9,0.0,15.316579424916384,0,25,18825,4.167025004840992,,,
monitor_only,754,0.36718750395753147,1.0347427239893596,-0.9,0.0,14.333853823518936,0,25,18850,3.4229080919567743,,,
monitor_only,755,0.3671875036376326,1.039506846331532,-0.9,0.0,14.343310154772428,0,25,18875,2.7541184568971895,,,
monitor_only,756,0.3671875035579894,1.0446134436699395,-0.9,0.0,16.913842617816993,0,25,18900,4.598313548301037,,,
monitor_only,757,0.36718750335401923,1.0492523527084647,-0.9,0.0,15.352449365418138,0,25,18925,4.628988006883206,,,
monitor_only,758,0.3671875030973812,1.0541093920231543,-0.9,0.0,15.362438867195396,0,25,18950,3.0545686335790037,,,
monitor_only,759,0.36718750289282326,1.0591908992437857,-0.9,0.0,15.018968710437878,0,25,18975,2.7766885618432147,,,
monitor_only,760,0.3671875027176764,1.0637356641503357,-0.9,0.0,15.369241654645611,0,25,19000,2.75902195108897,,,
monitor_only,761,0.36718750239192843,1.0689001656857264,-0.9,0.0,16.024556089581324,0,25,19025,4.92516454051995,,,
monitor_only,762,0.3671875021758132,1.0733342708607738,-0.9,0.0,17.27450795857157,0,25,19050,4.235374347590769,,,
monitor_only,763,0.36718750211056855,1.0781592965365416,-0.9,0.0,16.293274986117826,0,25,19075,4.609108390793928,,,
monitor_only,764,0.36718750192971994,1.083559064655978,-0.9,0.0,14.461488842036541,0,25,19100,3.332418558439535,,,
monitor_only,765,0.36718750176441045,1.088597019525454,-0.9,0.0,15.07006387989285,0,25,19125,3.2205384982661682,,,
monitor_only,766,0.3671875016373561,1.0938878740591331,-0.9,0.0,17.348054126859786,0,25,19150,6.046608169842183,,,
monitor_only,767,0.3671875015583448,1.098900116178084,-0.9,0.0,16.363995326483472,0,25,19175,3.7056455074181214,,,
monitor_only,768,0.36718750142267725,1.103865179521002,-0.9,0.0,16.056550793071107,0,25,19200,2.9981792540582854,,,
monitor_only,769,0.36718750139258716,1.1080356404934566,-0.9,0.0,15.737830101894396,0,25,19225,3.4014804912749126,,,
monitor_only,770,0.3671875012475994,1.1132712676822432,-0.9,0.0,15.479324174240606,0,25,19250,5.084605833169477,,,
monitor_only,771,0.36718750115301974,1.1182502682230568,-0.9,0.0,15.49014529685303,0,25,19275,4.867222328880997,,,
monitor_only,772,0.3671875011068788,1.1223811940683952,-0.9,0.0,17.407360623030712,0,25,19300,4.238461766240241,,,
monitor_only,773,0.36718750098256164,1.1277193613730017,-0.9,0.0,16.470650849808216,0,25,19325,4.177173179749909,,,
monitor_only,774,0.3671875009287388,1.132795961633282,-0.9,0.0,16.432715604360283,0,25,19350,4.5734584404050675,,,
monitor_only,775,0.3671875008397039,1.137309784562269,-0.9,0.0,17.402121370149164,0,25,19375,5.8002308144046095,,,
monitor_only,776,0.36718750075628537,1.1420872805294797,-0.9,0.0,14.435871061614106,0,25,19400,1.6752791408068275,,,
monitor_only,777,0.3671875007202128,1.146969454828185,-0.9,0.0,15.198868786428463,0,25,19425,4.271362249068259,,,
monitor_only,778,0.36718750063193867,1.1515718536611745,-0.9,0.0,14.196308229475331,0,25,19450,1.3590836395444663,,,
monitor_only,779,0.36718750057466826,1.1568522954731797,-0.9,0.0,15.570671520964613,0,25,19475,3.082911491105644,,,
monitor_only,780,0.36718750052022536,1.1616353845281902,-0.9,0.0,14.570316670679492,0,25,19500,3.2533132391213124,,,
monitor_only,781,0.3671875005136418,1.1660028242146492,-0.9,0.0,16.549968296269284,0,25,19525,4.350612610858979,,,
monitor_only,782,0.36718750045309395,1.1704853539386,-0.9,0.0,15.582865754761551,0,25,19550,2.6421603150810173,,,
monitor_only,783,0.3671875003828463,1.1757428006701098,-0.9,0.0,17.166718637885964,0,25,19575,4.2344603623379085,,,
monitor_only,784,0.36718750034704867,1.1802582503415282,-0.9,0.0,14.657814390587363,0,25,19600,3.305334257395894,,,
monitor_only,785,0.36718750031911646,1.1853954311169876,-0.9,0.0,15.597947326855826,0,25,19625,3.0003115246856757,,,
monitor_only,786,0.3671875002950053,1.190126200856714,-0.9,0.0,14.661650960212935,0,25,19650,2.380550465235834,,,
monitor_only,787,0.3671875002600865,1.19510065774694,-0.9,0.0,13.940797872022518,0,25,19675,2.603281850093241,,,
monitor_only,788,0.36718750024555796,1.200131299974242,-0.9,0.0,14.697715318735085,0,25,19700,3.616762958625291,,,
monitor_only,789,0.36718750023002705,1.2046816590279716,-0.9,0.0,15.667385112998126,0,25,19725,4.453879101081963,,,
monitor_only,790,0.36718750021110563,1.2094094129772466,-0.9,0.0,15.675761851786987,0,25,19750,5.042293138868989,,,
monitor_only,791,0.36718750019075486,1.2143482521292845,-0.9,0.0,16.837161684019257,0,25,19775,4.993964441892051,,,
monitor_only,792,0.36718750015901447,1.2190244275642597,-0.9,0.0,16.603774634999816,0,25,19800,5.159553069422738,,,
monitor_only,793,0.36718750014703233,1.2238617528471767,-0.9,0.0,14.485490691499708,0,25,19825,1.800143919296839,,,
monitor_only,794,0.3671875001333492,1.2285311824152971,-0.9,0.0,15.715677531632664,0,25,19850,5.11360948622967,,,
monitor_only,795,0.36718750011994816,1.2332286775800645,-0.9,0.0,16.685153875130563,0,25,19875,5.0315452741938715,,,
monitor_only,796,0.3671875001119692,1.237074702474846,-0.9,0.0,14.108317991439767,0,25,19900,2.1751790139984184,,,
monitor_only,797,0.36718750009598666,1.242072814438952,-0.9,0.0,15.326198741880761,0,25,19925,3.319960344185601,,,
monitor_only,798,0.3671875000920888,1.2460370937526002,-0.9,0.0,13.815005713345279,0,25,19950,1.2383122879188633,,,
monitor_only,799,0.3671875000848479,1.250858717625495,-0.9,0.0,14.801603781693334,0,25,19975,1.919426994836575,,,
monitor_only,800,0.3671875000777542,1.2555492978845426,-0.9,0.0,15.770347832828632,0,25,20000,3.088465614486003,,,
monitor_only,801,0.3671875000703489,1.2602164760972876,-0.9,0.0,17.306770799830954,0,25,20025,5.16984748131245,,,
monitor_only,802,0.36718750006256556,1.2641581906518473,-0.9,0.0,15.771293039490757,0,25,20050,3.213007294218555,,,
monitor_only,803,0.36718750005917034,1.268440093200674,-0.9,0.0,15.77917646570412,0,25,20075,2.848232058267855,,,
monitor_only,804,0.3671875000515777,1.2734121492796735,-0.9,0.0,16.76656378018572,0,25,20100,5.425028326461009,,,
monitor_only,805,0.367187500048336,1.2780213053478087,-0.9,0.0,16.378399773540334,0,25,20125,3.109147350529727,,,
monitor_only,806,0.3671875000455418,1.282677919832992,-0.9,0.0,15.793426483605918,0,25,20150,2.8939037598633437,,,
monitor_only,807,0.3671875000441761,1.2868890011688046,-0.9,0.0,16.776215922176807,0,25,20175,4.902809708464594,,,
monitor_only,808,0.36718750003967066,1.2917171407848105,-0.9,0.0,16.771478148286512,0,25,20200,5.029171601942674,,,
monitor_only,809,0.3671875000387353,1.2963469416184843,-0.9,0.0,14.8913350639539,0,25,20225,2.3653980494766764,,,
monitor_only,810,0.36718750003775913,1.3011480346843842,-0.9,0.0,16.95201582901259,0,25,20250,4.742671215005862,,,
monitor_only,811,0.36718750003712064,1.3052288077924021,-0.9,0.0,16.79715641726495,0,25,20275,4.397992172263426,,,
monitor_only,812,0.36718750003545375,1.309159418802179,-0.9,0.0,15.819341480597544,0,25,20300,3.1457159749621804,,,
monitor_only,813,0.3671875000350561,1.3135038675311956,-0.9,0.0,17.804516002455063,0,25,20325,5.061430364316501,,,
monitor_only,814,0.3671875000335284,1.3177506745777916,-0.9,0.0,16.800713188777486,0,25,20350,3.966789134933991,,,
monitor_only,815,0.36718750003082895,1.322250820421353,-0.9,0.0,15.870730140084392,0,25,20375,5.244704960814054,,,
monitor_only,816,0.36718750002846856,1.3267171736218741,-0.9,0.0,16.459243758353676,0,25,20400,4.805220413530169,,,
monitor_only,817,0.3671875000268622,1.3307441453772613,-0.9,0.0,17.80926842377324,0,25,20425,4.7635145898989375,,,
monitor_only,818,0.3671875000260335,1.3347452476060553,-0.9,0.0,17.401953909634326,0,25,20450,4.691856980693019,,,
monitor_only,819,0.36718750002440514,1.3389218222997052,-0.9,0.0,15.488686098678604,0,25,20475,2.9878508652489257,,,
monitor_only,820,0.3671875000227084,1.3430135035911137,-0.9,0.0,15.91485366373237,0,25,20500,3.226733080806248,,,
monitor_only,821,0.36718750002054834,1.3473158901619802,-0.9,0.0,16.91174112329622,0,25,20525,3.787574196345668,,,
monitor_only,822,0.3671875000185816,1.3521628416108917,-0.9,0.0,16.868797111532356,0,25,20550,5.46619987631911,,,
monitor_only,823,0.3671875000173933,1.3560756420779105,-0.9,0.0,14.995185768294679,0,25,20575,2.8407804694860608,,,
monitor_only,824,0.367187500017015,1.3602893562567548,-0.9,0.0,14.058047130197348,0,25,20600,3.40277022257898,,,
monitor_only,825,0.3671875000155465,1.3646886185412703,-0.9,0.0,16.93143879682264,0,25,20625,5.20382556146689,,,
monitor_only,826,0.3671875000143257,1.3684996567333934,-0.9,0.0,16.92418802184552,0,25,20650,4.657411290562234,,,
monitor_only,827,0.36718750001384387,1.3726067864189955,-0.9,0.0,16.94785939777044,0,25,20675,4.669667012427895,,,
monitor_only,828,0.36718750001316636,1.3763725961597224,-0.9,0.0,16.55656938594852,0,25,20700,4.681888572712953,,,
monitor_only,829,0.36718750001268247,1.3804932575973583,-0.9,0.0,16.963605276084447,0,25,20725,4.874630881875779,,,
monitor_only,830,0.36718750001187306,1.3844017845048782,-0.9,0.0,16.95529539954503,0,25,20750,3.6558879363994654,,,
monitor_only,831,0.3671875000106609,1.3884753772877736,-0.9,0.0,16.94183694750299,0,25,20775,5.195483231313439,,,
monitor_only,832,0.3671875000100483,1.3927427986777015,-0.9,0.0,17.96546874115243,0,25,20800,5.816584928564886,,,
monitor_only,833,0.367187500010114,1.396584048774422,-0.9,0.0,14.833206118840833,0,25,20825,3.5035570759142316,,,
monitor_only,834,0.3671875000096611,1.400398828481789,-0.9,0.0,16.647559954129246,0,25,20850,2.5076169441528533,,,
monitor_only,835,0.36718750000972256,1.4036760937623902,-0.9,0.0,16.556118439513533,0,25,20875,3.9247882751739134,,,
monitor_only,836,0.36718750000903266,1.4077267925251358,-0.9,0.0,17.035000253770587,0,25,20900,4.84514831737056,,,
monitor_only,837,0.3671875000087586,1.4113987913709667,-0.9,0.0,17.986313668975527,0,25,20925,4.478466450199616,,,
monitor_only,838,0.3671875000078999,1.4155529369143531,-0.9,0.0,15.188677328806243,0,25,20950,3.1239081086975067,,,
monitor_only,839,0.36718750000773315,1.4193308749675246,-0.9,0.0,15.140856586658767,0,25,20975,3.2865597441957215,,,
monitor_only,840,0.3671875000073029,1.4231334257224495,-0.9,0.0,17.04952183422549,0,25,21000,4.884451459053867,,,
monitor_only,841,0.3671875000070992,1.4270797635173949,-0.9,0.0,15.711351426196256,0,25,21025,4.772027242149458,,,
monitor_only,842,0.36718750000719635,1.4302521755427307,-0.9,0.0,16.10501961161483,0,25,21050,3.4023049927174043,,,
monitor_only,843,0.3671875000068616,1.4342619797391247,-0.9,0.0,16.095519773969734,0,25,21075,4.853612151655847,,,
monitor_only,844,0.3671875000064169,1.4379987159390983,-0.9,0.0,16.179433200867877,0,25,21100,4.559254889670541,,,
monitor_only,845,0.36718750000575745,1.4425657255711801,-0.9,0.0,15.691188284275611,0,25,21125,3.39469964366719,,,
monitor_only,846,0.367187500005692,1.4462595991151845,-0.9,0.0,16.119696027254157,0,25,21150,3.6476421694626833,,,
monitor_only,847,0.36718750000551764,1.449831653220958,-0.9,0.0,17.086990273774834,0,25,21175,4.401543912671139,,,
monitor_only,848,0.3671875000054794,1.4530613212083423,-0.9,0.0,14.230523390953913,0,25,21200,1.7826862232681175,,,
monitor_only,849,0.36718750000477046,1.4572548851932583,-0.9,0.0,16.141005768211855,0,25,21225,3.465664946054453,,,
monitor_only,850,0.3671875000044387,1.4613663594290383,-0.9,0.0,14.264349611692165,0,25,21250,2.878550243204327,,,
monitor_only,851,0.3671875000040387,1.4659377529783926,-0.9,0.0,15.196720647992441,0,25,21275,3.184663456201275,,,
monitor_only,852,0.36718750000375777,1.46957315256382,-0.9,0.0,17.62257373325332,0,25,21300,4.623023260789951,,,
monitor_only,853,0.36718750000337486,1.4738599899763873,-0.9,0.0,17.16794425596881,0,25,21325,5.326929587479662,,,
monitor_only,854,0.36718750000332406,1.477066260668419,-0.9,0.0,16.7089973753377,0,25,21350,4.532639231636128,,,
monitor_only,855,0.3671875000031692,1.4807791125309349,-0.9,0.0,16.188212078901355,0,25,21375,3.054900690281978,,,
monitor_only,856,0.3671875000029512,1.4846372731622914,-0.9,0.0,15.271630939557369,0,25,21400,3.123252238491564,,,
monitor_only,857,0.3671875000026407,1.488376934968695,-0.9,0.0,19.100134630485258,0,25,21425,5.535481724653456,,,
monitor_only,858,0.36718750000244726,1.4925239769092968,-0.9,0.0,15.267613954110189,0,25,21450,3.176544214342329,,,
monitor_only,859,0.3671875000023117,1.4961186703154967,-0.9,0.0,15.275908038198716,0,25,21475,1.8400815675012165,,,
monitor_only,860,0.367187500002159,1.4998414942430487,-0.9,0.0,16.713109198354708,0,25,21500,3.190529394173715,,,
monitor_only,861,0.3671875000021008,1.5037612820217745,-0.9,0.0,19.11558273921658,0,25,21525,5.634330518471472,,,
monitor_only,862,0.36718750000193157,1.5082824922711118,-0.9,0.0,16.25838264840884,0,25,21550,3.3337796004373454,,,
monitor_only,863,0.3671875000018083,1.5118368108234148,-0.9,0.0,16.267425068821016,0,25,21575,2.9569060214651586,,,
monitor_only,864,0.3671875000017265,1.5154576867254492,-0.9,0.0,17.234533705999546,0,25,21600,3.7014461334878055,,,
monitor_only,865,0.3671875000016089,1.5193182493913104,-0.9,0.0,16.281775457729303,0,25,21625,4.884438736676019,,,
monitor_only,866,0.3671875000015279,1.5229339174042245,-0.9,0.0,15.335909761440664,0,25,21650,3.329157245884025,,,
monitor_only,867,0.3671875000014236,1.5266844618516378,-0.9,0.0,17.27820239404755,0,25,21675,4.1002484019186145,,,
monitor_only,868,0.36718750000131434,1.5307084909044506,-0.9,0.0,16.326545154814966,0,25,21700,4.818758940074767,,,
monitor_only,869,0.3671875000012324,1.5343211729776909,-0.9,0.0,15.373181352282597,0,25,21725,3.0447028780595224,,,
monitor_only,870,0.36718750000117023,1.5384604584624235,-0.9,0.0,15.758312637217536,0,25,21750,3.403051978299181,,,
monitor_only,871,0.3671875000011307,1.5423434021630653,-0.9,0.0,17.27366252924964,0,25,21775,4.373616944956565,,,
monitor_only,872,0.36718750000106426,1.5463128803004131,-0.9,0.0,16.70951511570902,0,25,21800,2.0850971389385,,,
monitor_only,873,0.36718750000098055,1.5505119671248726,-0.9,0.0,17.289464355210338,0,25,21825,5.4707347984850365,,,
monitor_only,874,0.3671875000008755,1.5535628987772783,-0.9,0.0,13.954631188228127,0,25,21850,1.17842590261813,,,
monitor_only,875,0.367187500000832,1.557109254983108,-0.9,0.0,16.38024410148012,0,25,21875,3.020833337809663,,,
monitor_only,876,0.36718750000081135,1.5603020324239334,-0.9,0.0,15.392718831192779,0,25,21900,3.300483072333938,,,
monitor_only,877,0.3671875000007876,1.5638590794696199,-0.9,0.0,15.375305185088555,0,25,21925,1.8649491308926038,,,
monitor_only,878,0.36718750000072353,1.5678928641595573,-0.9,0.0,19.24590164683317,0,25,21950,6.3668948117802735,,,
monitor_only,879,0.36718750000067013,1.5713975190196572,-0.9,0.0,18.753374059524123,0,25,21975,4.948454476877796,,,
monitor_only,880,0.36718750000064065,1.5749607302940032,-0.9,0.0,15.879966710306517,0,25,22000,3.271977335660832,,,
monitor_only,881,0.3671875000006433,1.5786659560041179,-0.9,0.0,15.462471043745698,0,25,22025,3.5126477463275494,,,
monitor_only,882,0.36718750000059636,1.5821119670955461,-0.9,0.0,16.394221846907136,0,25,22050,2.9445972611083033,,,
monitor_only,883,0.36718750000052164,1.585667683461355,-0.9,0.0,14.481298237766039,0,25,22075,1.969445874666287,,,
monitor_only,884,0.367187500000472,1.589271487068202,-0.9,0.0,15.462195451241262,0,25,22100,3.1317401687990167,,,
monitor_only,885,0.36718750000045,1.5927120853859078,-0.9,0.0,16.450915170297062,0,25,22125,2.6734898766094926,,,
monitor_only,886,0.36718750000043754,1.59608357767708,-0.9,0.0,17.39628425506607,0,25,22150,4.140928427239514,,,
monitor_only,887,0.3671875000004106,1.5999436439468826,-0.9,0.0,16.429660306143887,0,25,22175,4.803307848307605,,,
monitor_only,888,0.3671875000003825,1.6036562099453782,-0.9,0.0,16.45074737216955,0,25,22200,3.1516651914689358,,,
monitor_only,889,0.3671875000003774,1.6067904514843563,-0.9,0.0,17.438440103171967,0,25,22225,4.566474270220222,,,
monitor_only,890,0.36718750000035155,1.6102402446959494,-0.9,0.0,17.444802684941738,0,25,22250,5.968200641038272,,,
monitor_only,891,0.36718750000032296,1.6135974717604487,-0.9,0.0,17.431340573667374,0,25,22275,4.936660039265637,,,
monitor_only,892,0.3671875000002969,1.6173711316845045,-0.9,0.0,16.9111031977865,0,25,22300,5.177653323752154,,,
monitor_only,893,0.3671875000002945,1.6202523735964427,-0.9,0.0,17.431290037391044,0,25,22325,4.803650925091741,,,
monitor_only,894,0.36718750000027617,1.6240007224671846,-0.9,0.0,15.991540670939667,0,25,22350,3.2740287975330475,,,
monitor_only,895,0.3671875000002766,1.62728240472863,-0.9,0.0,16.957729634981348,0,25,22375,4.454164727449034,,,
monitor_only,896,0.36718750000026645,1.630650627725999,-0.9,0.0,16.933708471230062,0,25,22400,5.2626586051072906,,,
monitor_only,897,0.3671875000002527,1.634001535118732,-0.9,0.0,17.43688688830982,0,25,22425,5.160655577882817,,,
monitor_only,898,0.36718750000023576,1.6375594125840338,-0.9,0.0,16.01435765625918,0,25,22450,3.90989197572914,,,
monitor_only,899,0.3671875000002316,1.6409676224527767,-0.9,0.0,18.899939362838456,0,25,22475,4.583224361869624,,,
monitor_only,900,0.36718750000022254,1.6439940254865506,-0.9,0.0,17.514653565000522,0,25,22500,4.531060371914674,,,
monitor_only,901,0.36718750000019773,1.64781549096224,-0.9,0.0,16.464705323223303,0,25,22525,3.8235903816777537,,,
monitor_only,902,0.36718750000019185,1.6506536299548564,-0.9,0.0,16.511938372246284,0,25,22550,4.621583891466552,,,
monitor_only,903,0.36718750000019146,1.6539161158728133,-0.9,0.0,16.838684100368447,0,25,22575,2.8935201031291102,,,
monitor_only,904,0.3671875000001884,1.657512678892695,-0.9,0.0,15.598692316036765,0,25,22600,3.290761615575855,,,
monitor_only,905,0.36718750000018513,1.6607890956842577,-0.9,0.0,16.587496519855684,0,25,22625,4.416012452412398,,,
monitor_only,906,0.36718750000017036,1.6639674936339564,-0.9,0.0,16.593587790551233,0,25,22650,3.0077147500599706,,,
monitor_only,907,0.3671875000001656,1.6673317624012203,-0.9,0.0,14.658795071550056,0,25,22675,1.8729339490201609,,,
monitor_only,908,0.36718750000016265,1.6703472461498168,-0.9,0.0,19.48612265367355,0,25,22700,6.688563123570347,,,
monitor_only,909,0.36718750000015365,1.673539703689487,-0.9,0.0,15.631554576575066,0,25,22725,2.9693051362921077,,,
monitor_only,910,0.36718750000015704,1.6764900896611041,-0.9,0.0,18.957271102473563,0,25,22750,4.628569743123478,,,
monitor_only,911,0.36718750000015093,1.6796211122334386,-0.9,0.0,15.64384026359107,0,25,22775,2.8533122914498543,,,
monitor_only,912,0.367187500000137,1.682795755801356,-0.9,0.0,16.06233928485669,0,25,22800,3.362100592001579,,,
monitor_only,913,0.36718750000012923,1.6858961684770175,-0.9,0.0,15.644374278649776,0,25,22825,3.133266354336061,,,
monitor_only,914,0.36718750000012423,1.6891577903181192,-0.9,0.0,16.61051363862609,0,25,22850,3.071781974477494,,,
monitor_only,915,0.36718750000011197,1.692633514762467,-0.9,0.0,14.709175664921615,0,25,22875,2.780474936542474,,,
monitor_only,916,0.36718750000010825,1.6953726204767052,-0.9,0.0,15.703264410201344,0,25,22900,3.5639827387304925,,,
monitor_only,917,0.3671875000001042,1.6990611679385805,-0.9,0.0,17.07568985247406,0,25,22925,4.868228774991005,,,
monitor_only,918,0.367187500000102,1.702145299738517,-0.9,0.0,15.710944972343215,0,25,22950,2.725642959927536,,,
monitor_only,919,0.36718750000009537,1.7057524567386206,-0.9,0.0,16.619823119648885,0,25,22975,2.9047218169690305,,,
monitor_only,920,0.36718750000008815,1.7087215436587186,-0.9,0.0,15.665325163443871,0,25,23000,2.8110084092800203,,,
monitor_only,921,0.3671875000000863,1.712664610105927,-0.9,0.0,14.768001892963214,0,25,23025,1.8402399547836308,,,
monitor_only,922,0.3671875000000812,1.7156337966877016,-0.9,0.0,15.181535747111086,0,25,23050,2.9492751122867635,,,
monitor_only,923,0.36718750000007044,1.7195667907250582,-0.9,0.0,17.863876559310924,0,25,23075,5.66336336346639,,,
monitor_only,924,0.3671875000000664,1.723161068019794,-0.9,0.0,16.70855134885348,0,25,23100,5.111234814781787,,,
monitor_only,925,0.36718750000006223,1.7260881156293038,-0.9,0.0,16.13272977131861,0,25,23125,2.9965428509486953,,,
monitor_only,926,0.36718750000005634,1.729359061139107,-0.9,0.0,14.80198620567371,0,25,23150,2.1995440083025533,,,
monitor_only,927,0.3671875000000526,1.7326678795461459,-0.9,0.0,17.65593502482809,0,25,23175,5.242067825802599,,,
monitor_only,928,0.36718750000004813,1.7363428215462295,-0.9,0.0,14.796195843371542,0,25,23200,2.4015230390002804,,,
monitor_only,929,0.367187500000047,1.7391540986521028,-0.9,0.0,17.644632366891898,0,25,23225,4.591714460325035,,,
monitor_only,930,0.36718750000004696,1.7418357067846135,-0.9,0.0,17.65060386402196,0,25,23250,3.7788090862801424,,,
monitor_only,931,0.367187500000044,1.744911087432272,-0.9,0.0,17.655953708151017,0,25,23275,5.010455275527301,,,
monitor_only,932,0.3671875000000427,1.7482555534266297,-0.9,0.0,16.726952110540275,0,25,23300,2.8740608942802086,,,
monitor_only,933,0.36718750000004036,1.7510246617325338,-0.9,0.0,17.160369449646993,0,25,23325,2.9555033583175883,,,
monitor_only,934,0.36718750000003725,1.7546433481759869,-0.9,0.0,16.93927712336996,0,25,23350,5.014152072216215,,,
monitor_only,935,0.3671875000000349,1.7573223579149282,-0.9,0.0,18.640448201238414,0,25,23375,4.690363951817208,,,
monitor_only,936,0.3671875000000311,1.7608194462942033,-0.9,0.0,15.765892915274083,0,25,23400,3.102818030784431,,,
monitor_only,937,0.367187500000029,1.764019103941991,-0.9,0.0,16.19573231683032,0,25,23425,2.741586222038958,,,
monitor_only,938,0.3671875000000281,1.7666356465727262,-0.9,0.0,17.72324759919402,0,25,23450,4.329414519423631,,,
monitor_only,939,0.36718750000002637,1.769375520053679,-0.9,0.0,16.767641981953656,0,25,23475,3.0373240331434825,,,
monitor_only,940,0.36718750000002665,1.7725467040135225,-0.9,0.0,15.849994347356011,0,25,23500,2.864009750602929,,,
monitor_only,941,0.3671875000000255,1.7753039897141027,-0.9,0.0,16.816372551808108,0,25,23525,2.4744701699085487,,,
monitor_only,942,0.3671875000000263,1.7775069138185877,-0.9,0.0,15.841468063706449,0,25,23550,3.857255189917096,,,
monitor_only,943,0.36718750000002465,1.780059543636261,-0.9,0.0,16.78916545815064,0,25,23575,2.7625373180786092,,,
monitor_only,944,0.3671875000000228,1.783170509160701,-0.9,0.0,15.871616123698042,0,25,23600,3.37147506759745,,,
monitor_only,945,0.36718750000002104,1.7862330671049107,-0.9,0.0,17.760335364978445,0,25,23625,5.145881434001356,,,
monitor_only,946,0.3671875000000203,1.7890951579222352,-0.9,0.0,14.886392292021384,0,25,23650,3.466448809068889,,,
monitor_only,947,0.3671875000000192,1.791740954997866,-0.9,0.0,15.890442098447501,0,25,23675,1.8931761119152104,,,
monitor_only,948,0.3671875000000187,1.7942481365710248,-0.9,0.0,17.794341994269942,0,25,23700,3.2842377082074767,,,
monitor_only,949,0.3671875000000173,1.797180262113446,-0.9,0.0,18.721531217443676,0,25,23725,5.170726674616355,,,
monitor_only,950,0.36718750000001693,1.8001917647293393,-0.9,0.0,15.665975071827305,0,25,23750,3.3232004479763506,,,
monitor_only,951,0.36718750000001565,1.8034836062110833,-0.9,0.0,16.872191022102992,0,25,23775,5.423536000401262,,,
monitor_only,952,0.3671875000000159,1.8061142915070532,-0.9,0.0,17.78025117963205,0,25,23800,4.8246293414837815,,,
monitor_only,953,0.3671875000000154,1.8089427251964696,-0.9,0.0,18.746562394844776,0,25,23825,4.919100333421205,,,
monitor_only,954,0.36718750000001454,1.8120192216866577,-0.9,0.0,18.77407545460786,0,25,23850,4.834871131436648,,,
monitor_only,955,0.3671875000000132,1.8149202718276962,-0.9,0.0,16.89591684142814,0,25,23875,3.066478296694049,,,
monitor_only,956,0.3671875000000123,1.8176374731146154,-0.9,0.0,16.880700627929762,0,25,23900,2.8235330716827822,,,
monitor_only,957,0.36718750000001193,1.819996162660508,-0.9,0.0,16.849661411243073,0,25,23925,2.9016579228236274,,,
monitor_only,958,0.36718750000001144,1.8225948677177524,-0.9,0.0,17.815106243100367,0,25,23950,4.564435523535401,,,
monitor_only,959,0.3671875000000115,1.8252398364208517,-0.9,0.0,16.86070994340176,0,25,23975,4.072218503354476,,,
monitor_only,960,0.36718750000001055,1.8284497829255688,-0.9,0.0,17.286097865879164,0,25,24000,3.2066156017135525,,,
monitor_only,961,0.36718750000000994,1.8314729165828423,-0.9,0.0,18.851904480092117,0,25,24025,4.695975800285983,,,
monitor_only,962,0.3671875000000092,1.8348316669055214,-0.9,0.0,14.979221347732533,0,25,24050,2.0524871614025737,,,
monitor_only,963,0.36718750000000855,1.8374007269728931,-0.9,0.0,17.90421043951136,0,25,24075,4.982771489496344,,,
monitor_only,964,0.36718750000000844,1.8400917729383617,-0.9,0.0,15.965661538221061,0,25,24100,3.5313280884482623,,,
monitor_only,965,0.3671875000000084,1.8429290571763057,-0.9,0.0,17.310865668508505,0,25,24125,4.762264161522815,,,
monitor_only,966,0.36718750000000816,1.8459436218654495,-0.9,0.0,16.96062567013495,0,25,24150,3.3870454069249125,,,
monitor_only,967,0.3671875000000078,1.8486234872241099,-0.9,0.0,14.985901248428789,0,25,24175,2.047843529117237,,,
monitor_only,968,0.36718750000000716,1.850960293033393,-0.9,0.0,15.973292167751191,0,25,24200,2.825894364108203,,,
monitor_only,969,0.3671875000000066,1.8541599459367126,-0.9,0.0,18.896479434700733,0,25,24225,5.438867097210121,,,
monitor_only,970,0.36718750000000605,1.8572275132589364,-0.9,0.0,18.8647703818893,0,25,24250,5.224042481274889,,,
monitor_only,971,0.36718750000000583,1.8596135273089625,-0.9,0.0,17.887358397178502,0,25,24275,4.754043203038015,,,
monitor_only,972,0.3671875000000054,1.8616735961261779,-0.9,0.0,17.91548111041451,0,25,24300,5.028309880007504,,,
monitor_only,973,0.3671875000000053,1.8643740525532255,-0.9,0.0,17.960881741144355,0,25,24325,5.043869229091844,,,
monitor_only,974,0.36718750000000494,1.867149441111248,-0.9,0.0,15.059608189382047,0,25,24350,2.914583647856248,,,
monitor_only,975,0.3671875000000049,1.8699109694373137,-0.9,0.0,17.97306038936706,0,25,24375,5.106960971939332,,,
monitor_only,976,0.3671875000000048,1.873008152542356,-0.9,0.0,16.030682023149545,0,25,24400,2.6761056052811365,,,
monitor_only,977,0.36718750000000444,1.8757232480069246,-0.9,0.0,17.943094248657253,0,25,24425,5.166139523014735,,,
monitor_only,978,0.3671875000000042,1.878608202716579,-0.9,0.0,17.128352745721283,0,25,24450,2.8681093198956766,,,
monitor_only,979,0.367187500000004,1.881637390294828,-0.9,0.0,18.955838913979065,0,25,24475,5.196855993217763,,,
monitor_only,980,0.3671875000000038,1.884428009896052,-0.9,0.0,17.042294083883114,0,25,24500,5.099853070538478,,,
monitor_only,981,0.367187500000004,1.8865066613028456,-0.9,0.0,18.34280630010474,0,25,24525,4.320799697463485,,,
monitor_only,982,0.3671875000000037,1.889129667306546,-0.9,0.0,17.36711632977395,0,25,24550,3.1216701803679383,,,
monitor_only,983,0.3671875000000034,1.8917785150987585,-0.9,0.0,17.077221780306605,0,25,24575,3.318688921704247,,,
monitor_only,984,0.3671875000000033,1.8944155665932878,-0.9,0.0,18.021959663313904,0,25,24600,4.979684055462073,,,
monitor_only,985,0.36718750000000294,1.897376345298499,-0.9,0.0,17.96529686256568,0,25,24625,5.611770765746032,,,
monitor_only,986,0.3671875000000029,1.8995969929155574,-0.9,0.0,17.045612774871806,0,25,24650,5.410337709194062,,,
monitor_only,987,0.3671875000000028,1.902184758604657,-0.9,0.0,16.431589382355686,0,25,24675,2.9514603450759163,,,
monitor_only,988,0.3671875000000027,1.904913518039597,-0.9,0.0,14.204202255563043,0,25,24700,1.3314700068117074,,,
monitor_only,989,0.3671875000000026,1.9077331236215835,-0.9,0.0,17.026277781314537,0,25,24725,3.325319134895321,,,
monitor_only,990,0.36718750000000244,1.9099021137194485,-0.9,0.0,16.134387265635446,0,25,24750,2.9931484323301625,,,
monitor_only,991,0.3671875000000025,1.9121179706776479,-0.9,0.0,17.058408517186127,0,25,24775,4.489425039529718,,,
monitor_only,992,0.36718750000000216,1.91482733958602,-0.9,0.0,18.03509602563028,0,25,24800,5.25930949137757,,,
monitor_only,993,0.36718750000000205,1.9174347239100513,-0.9,0.0,18.008837565534943,0,25,24825,3.803091325970805,,,
monitor_only,994,0.36718750000000194,1.9202782162514829,-0.9,0.0,18.4000556358466,0,25,24850,3.8522510612490124,,,
monitor_only,995,0.3671875000000018,1.9235157953327007,-0.9,0.0,18.039753478148704,0,25,24875,3.8409697165185173,,,
monitor_only,996,0.3671875000000016,1.9263492964567985,-0.9,0.0,18.026641674940443,0,25,24900,3.841106451649584,,,
monitor_only,997,0.36718750000000155,1.9284244949312659,-0.9,0.0,16.112308677188704,0,25,24925,2.5961081142082327,,,
monitor_only,998,0.36718750000000144,1.931342402872107,-0.9,0.0,18.99598215477805,0,25,24950,4.951431417450148,,,
monitor_only,999,0.36718750000000144,1.9332549784902868,-0.9,0.0,18.403817804005598,0,25,24975,4.583710892204085,,,
monitor_only,1000,0.36718750000000133,1.935401602796725,-0.9,0.0,16.18720411571977,0,25,25000,2.8371792842114636,,,
