schedule,t,reward,gap,beta_true,beta_hat,cert,cert_hp,n_cal,n_mon,cum_aud,xi_sq,exp3_arm,exp3_p,exp3_loss
high,1,0.9295187627160115,0.02656399615476457,0.0,-0.002262994293664912,6.230073892371876,31.494784499164773,200,20,220,8.94876442621787,,,
high,2,0.9295625860207513,0.026537531681555038,0.0,-0.026358919471710974,2.3959419972031735,27.66065260399607,200,20,440,1.2444925239868216,,,
high,3,0.9295694367632771,0.026656828904958463,0.0,0.01652567017266653,2.277078491026453,27.54178909781935,200,20,660,1.4186213573240036,,,
high,4,0.9297773591244818,0.026348741187918523,0.0,-0.011903347805586889,4.112846261032359,29.377556867825255,200,20,880,5.117263895009373,,,
high,5,0.929901587698711,0.02607447831219667,0.0,0.013568425719544745,4.28139945134232,29.546110058135216,200,20,1100,4.4700587681411,,,
high,6,0.9300778570084816,0.025847730983031614,0.0,-0.005696784090784749,8.266702254608566,33.53141286140146,200,20,1320,16.49203489454459,,,
high,7,0.9301731397715979,0.02582259459644587,0.0,0.0035091055791318035,4.125216328779352,29.389926935572248,200,20,1540,4.1842702915542445,,,
high,8,0.930359198614036,0.025618357347452325,0.0,0.005597763027593123,2.1419103823707855,27.40662098916368,200,20,1760,1.352018211981872,,,
high,9,0.9304753109179487,0.025460223681649574,0.0,0.024250228330354024,4.223681600512427,29.488392207305324,200,20,1980,4.1256228063925295,,,
high,10,0.9306146108499626,0.025229017429462375,0.0,-0.01933489408797363,6.269161982628403,31.5338725894213,200,20,2200,9.823139111713111,,,
high,11,0.9306684577324357,0.025203984426464654,0.0,0.000748135704218473,4.093070602360192,29.35778120915309,200,20,2420,4.667881004545971,,,
high,12,0.9306997930773766,0.02516583060428257,0.0,-0.028625927554337172,4.375730733351552,29.64044134014445,200,20,2640,4.075216229240962,,,
high,13,0.9307143005574262,0.02508342679780251,0.0,-0.019128637712248455,4.0465836399318835,29.311294246724778,200,20,2860,3.9797974423106095,,,
high,14,0.9306627909139417,0.02514815081282118,0.0,-0.012220044339634823,2.249891021727741,27.514601628520637,200,20,3080,1.1197901914776736,,,
high,15,0.930739380253922,0.02493856426340202,0.0,0.04920374993285686,2.2550997512400492,27.519810358032945,200,20,3300,1.3212756396092413,,,
high,16,0.9309268005499409,0.02478388423148603,0.0,-0.009346729685925396,2.2025975651824865,27.467308171975382,200,20,3520,1.165328155249277,,,
high,17,0.9309961890201863,0.02483354252157921,0.0,0.013623364474920806,4.104570558119137,29.36928116491203,200,20,3740,4.370378544492884,,,
high,18,0.9310999302333421,0.02479204554458636,0.0,-0.014447787759318721,6.1079056064223565,31.372616213215252,200,20,3960,9.26457092037159,,,
high,19,0.9312072131254961,0.024585338659880218,0.0,-0.024672479353189565,4.421412838065008,29.686123444857905,200,20,4180,4.266097305692017,,,
high,20,0.9312972765363935,0.024504739799805053,0.0,-0.013852487313465122,4.10925679987342,29.373967406666317,200,20,4400,4.510566130595736,,,
high,21,0.9313151098040998,0.024417004632031447,0.0,0.012290591049680756,2.146085898472021,27.410796505264916,200,20,4620,1.0445929852910758,,,
high,22,0.9314739313849251,0.024176684892413203,0.0,0.007954089121734368,4.120094544649868,29.384805151442762,200,20,4840,4.348886525228636,,,
high,23,0.9314784988096517,0.02409407350583448,0.0,0.008158500663266394,2.269523305122434,27.53423391191533,200,20,5060,1.3104755794135519,,,
high,24,0.9315503034094486,0.024141093801183566,0.0,-0.009883574892017695,4.044770507112289,29.309481113905186,200,20,5280,4.351572858366572,,,
high,25,0.9316849265652316,0.02390750579730261,0.0,-0.005145491805533598,4.0129555499139595,29.277666156706857,200,20,5500,4.221593501660885,,,
high,26,0.9318863405517548,0.02370216250157431,0.0,0.0059257359010237666,2.2617718742042343,27.52648248099713,200,20,5720,1.182595619215386,,,
high,27,0.9319071345190191,0.02386062922880805,0.0,-0.028492230863773827,4.357620533266245,29.622331140059142,200,20,5940,4.5110845057430025,,,
high,28,0.931960710266188,0.023848115004174497,0.0,0.014129358138514252,4.147685953946791,29.412396560739687,200,20,6160,4.451640450327989,,,
high,29,0.932093443197004,0.02374084933880838,0.0,0.0401928915158448,4.01198419334613,29.276694800139026,200,20,6380,4.498650562534636,,,
high,30,0.9321193483405168,0.023482831879720667,0.0,0.0017689764401906576,4.292010740441615,29.55672134723451,200,20,6600,4.443116156740418,,,
high,31,0.932251312014047,0.023362326307926007,0.0,-0.00960957081160782,4.310555245675707,29.575265852468604,200,20,6820,3.8615478148303404,,,
high,32,0.9323586389707748,0.023278955079287122,0.0,0.0269012523416663,4.435927215678158,29.700637822471055,200,20,7040,4.363623850455148,,,
high,33,0.9323947405410153,0.023293464846899092,0.0,0.017307343187056404,3.9969804162147944,29.26169102300769,200,20,7260,4.751990318043198,,,
high,34,0.932416619057571,0.023290383028181982,0.0,-0.035228129490815344,4.243680363098029,29.508390969890925,200,20,7480,4.551071094546866,,,
high,35,0.9325519462524346,0.023111072301489677,0.0,-0.02706340060613153,4.666850089705861,29.931560696498757,200,20,7700,4.728955747577671,,,
high,36,0.9325410158377758,0.023162741562318345,0.0,0.01051685557335227,4.313470982710772,29.578181589503668,200,20,7920,4.483306177000287,,,
high,37,0.9327335193493648,0.02297973268019149,0.0,-0.02150950804805511,3.977774273895841,29.242484880688735,200,20,8140,4.438401268207342,,,
high,38,0.9327960694780408,0.022841396055985674,0.0,-0.02287070867416906,4.219461723076224,29.484172329869118,200,20,8360,4.313060791486743,,,
high,39,0.9328861203785936,0.02270501270990888,0.0,-0.019159507839884432,4.339854339975703,29.604564946768598,200,20,8580,4.587140582886764,,,
high,40,0.9329959888138935,0.022441688497920498,0.0,0.017966609025231874,3.946423494538541,29.21113410133144,200,20,8800,4.278207209800893,,,
high,41,0.9330639300925244,0.022354363904598218,0.0,0.03962283958013088,5.959575340715734,31.22428594750863,200,20,9020,9.534734617444856,,,
high,42,0.933106223729757,0.022296598657239763,0.0,0.005923417714746335,4.1056984032592165,29.370409010052114,200,20,9240,3.81252182446789,,,
high,43,0.9332095924922665,0.02210825685193296,0.0,0.023440046110960427,4.0466556550905235,29.31136626188342,200,20,9460,4.437722191904655,,,
high,44,0.9332463941759913,0.022079317007767885,0.0,0.03913416047693039,4.315311601622005,29.580022208414903,200,20,9680,4.214989849712492,,,
high,45,0.9333434940102516,0.02190597014990947,0.0,-0.00622013901406288,2.212966213844491,27.477676820637388,200,20,9900,1.3536986802230964,,,
high,46,0.9335432694916797,0.02155407956441835,0.0,0.07143068515319326,4.16478270832857,29.429493315121466,200,20,10120,4.180894598463088,,,
high,47,0.9335916728350192,0.021539654063996716,0.0,0.002379388122885443,3.9329974184972016,29.197708025290098,200,20,10340,4.4365770896845556,,,
high,48,0.9335254736432713,0.021599198073035786,0.0,0.0031133778659297178,4.204020009605964,29.468730616398858,200,20,10560,4.303975657403092,,,
high,49,0.9336833685533563,0.021484365214007317,0.0,-0.0007454437766062086,3.917781205299175,29.18249181209207,200,20,10780,4.452491943953138,,,
high,50,0.93377447308004,0.02140389268506171,0.0,-0.019905491874942366,4.11846918385272,29.383179790645617,200,20,11000,4.111631700937188,,,
high,51,0.933864490784234,0.0213702528580042,0.0,0.018516844928556462,4.174188252270964,29.438898859063862,200,20,11220,4.712750389277845,,,
high,52,0.9338981686329983,0.021404668008676908,0.0,0.019643530500366862,6.247435921507657,31.512146528300555,200,20,11440,9.338296071900167,,,
high,53,0.9338927672846867,0.021400222931934998,0.0,0.042807698394697564,4.07114951460913,29.335860121402025,200,20,11660,4.533516381384824,,,
high,54,0.9340410575889992,0.021321913494580014,0.0,-0.008488976198884739,4.067438357552091,29.332148964344988,200,20,11880,4.688757156860599,,,
high,55,0.9341702813293005,0.0211821336655188,0.0,-0.0390982915352963,4.122951041015398,29.387661647808294,200,20,12100,4.592878557959755,,,
high,56,0.9342728225069511,0.020990643062617997,0.0,-0.030862576323109132,5.964647143543678,31.229357750336575,200,20,12320,9.522014114857377,,,
high,57,0.9342745831448483,0.020972151425476593,0.0,0.013489178484014881,3.939441457188829,29.204152063981724,200,20,12540,3.78745676340846,,,
high,58,0.9343699905776602,0.02099917402840945,0.0,-0.007723577683398356,4.176759682650255,29.441470289443153,200,20,12760,4.244730412444055,,,
high,59,0.9344160174339999,0.020899948603618768,0.0,0.00970871310939858,2.2598153472142353,27.52452595400713,200,20,12980,1.1083027394759337,,,
high,60,0.934377778003933,0.021082535951986947,0.0,-0.020332432117850466,3.9107163467199086,29.175426953512805,200,20,13200,4.608426871790979,,,
high,61,0.9344188480105721,0.0210410127719447,0.0,-0.028840586627066997,4.264889902013326,29.529600508806222,200,20,13420,4.392177935554569,,,
high,62,0.9346179901624895,0.02070642834458547,0.0,0.026332865017452585,4.279242774346869,29.543953381139765,200,20,13640,4.215024407926421,,,
high,63,0.9346290820118323,0.020672809374172485,0.0,-0.026605104099860232,4.138351509531219,29.403062116324115,200,20,13860,4.139350643784579,,,
high,64,0.9347274959628218,0.020499616621458605,0.0,0.003119769553518193,4.0657529386844775,29.33046354547737,200,20,14080,4.20392747073289,,,
high,65,0.9347295708253902,0.02048685136709283,0.0,-0.007356944447657162,3.8980292454260383,29.162739852218934,200,20,14300,4.320405310857793,,,
high,66,0.9347572303565858,0.020487109618591792,0.0,-0.030294954180145224,2.313378122791308,27.578088729584202,200,20,14520,1.3612070085925576,,,
high,67,0.934736317198423,0.020658055359042193,0.0,-0.04077923091372814,6.21216533219777,31.476875938990666,200,20,14740,9.585047947617035,,,
high,68,0.934844265884445,0.02046555572014941,0.0,-0.005309657970535432,6.07175211002548,31.336462716818374,200,20,14960,9.883101054471483,,,
high,69,0.9349930238744264,0.02029345069412236,0.0,-0.016091371802149253,4.324778060794897,29.589488667587794,200,20,15180,4.669074203825533,,,
high,70,0.9350335518507473,0.020316503648741935,0.0,0.005230009707755518,2.2949330698610133,27.55964367665391,200,20,15400,1.3256564266673514,,,
high,71,0.9350765797464551,0.020204711216537108,0.0,-0.005067244978234213,3.8959807224669385,29.160691329259834,200,20,15620,4.125181546058089,,,
high,72,0.9352294881954375,0.019972115346281294,0.0,-0.004896272473859947,2.217498690181716,27.482209296974613,200,20,15840,1.4325517787843836,,,
high,73,0.9352672779200597,0.019874543979515602,0.0,-0.007117043763128134,6.1586272225073415,31.423337829300237,200,20,16060,9.563074056236323,,,
high,74,0.9354048014787919,0.01967782718624822,0.0,0.009534153912577871,3.9820658793055212,29.24677648609842,200,20,16280,4.39247347211578,,,
high,75,0.9355194101146858,0.019713598252322884,0.0,-0.026172967698802445,6.870195706935891,32.134906313728784,200,20,16500,9.695100788398628,,,
high,76,0.9355354777815204,0.019731387953707213,0.0,-0.010755586082775409,2.562846010318736,27.827556617111632,200,20,16720,1.2775771457374068,,,
high,77,0.9355822697791558,0.019388307458356735,0.0,0.03149400491577,4.491355149732024,29.75606575652492,200,20,16940,4.549527470978282,,,
high,78,0.935653777985946,0.01925781588243125,0.0,-0.026231922737886753,6.521016986776129,31.785727593569025,200,20,17160,9.891442039400594,,,
high,79,0.9357121776002377,0.01918387307816183,0.0,-0.01943097546698363,5.92397523253229,31.188685839325185,200,20,17380,9.528916525835768,,,
high,80,0.935756044282168,0.01929448661596289,0.0,0.022092627312602458,4.045099565062415,29.30981017185531,200,20,17600,3.9882098739459813,,,
high,81,0.9357074086969936,0.01937554233406602,0.0,-0.007559380562592508,2.2760715759956573,27.540782182788554,200,20,17820,1.495397965582858,,,
high,82,0.9357823121323606,0.019381483680896316,0.0,-0.02223486556565537,3.8700285859192283,29.134739192712125,200,20,18040,4.264319659225354,,,
high,83,0.9359312491568521,0.01921274311706711,0.0,0.018716243513692932,4.27141742178728,29.536128028580176,200,20,18260,4.629892956545322,,,
high,84,0.9358700029395137,0.019265677399723957,0.0,0.008678657364826724,2.320026487580213,27.58473709437311,200,20,18480,1.3649993351460463,,,
high,85,0.9359776287602865,0.019036944401295885,0.0,0.03532135624763869,4.307612643080767,29.572323249873662,200,20,18700,4.640644665858643,,,
high,86,0.935965988117981,0.01901930641370997,0.0,-0.015930969566332675,3.830621209889772,29.095331816682666,200,20,18920,4.475500283502319,,,
high,87,0.9360770912162459,0.018787195524661793,0.0,-0.014577786720375257,2.5384284397220163,27.80313904651491,200,20,19140,1.4280949812288022,,,
high,88,0.936106062201508,0.01874533870263051,0.0,0.023807924604780262,3.9804024444803288,29.245113051273226,200,20,19360,4.2506177944786465,,,
high,89,0.9361722339636005,0.01850111646884456,0.0,-0.0014747866874508379,6.026543599393933,31.291254206186828,200,20,19580,10.17717456127341,,,
high,90,0.936230353816235,0.01847837034828692,0.0,-0.0074181514132048735,3.9574525313961217,29.222163138189018,200,20,19800,4.5455410903365,,,
high,91,0.9363095806521378,0.01834098720764421,0.0,-0.029609723472615,3.9928425998412846,29.25755320663418,200,20,20020,4.690077927354914,,,
high,92,0.9363404013285442,0.018385492811801574,0.0,-0.017418832593920165,7.457551180180675,32.72226178697357,200,20,20240,16.387181588952505,,,
high,93,0.9364277811169808,0.01837759612562595,0.0,-0.018942812169298173,4.213227679503929,29.477938286296826,200,20,20460,4.362446749469851,,,
high,94,0.9365898570130416,0.018177862105015707,0.0,0.04824879611513352,6.528413395787649,31.793124002580544,200,20,20680,9.529038735649115,,,
high,95,0.9366769763086934,0.018150002050429048,0.0,0.0061165287001621466,5.902718690357759,31.167429297150655,200,20,20900,9.129069584614571,,,
high,96,0.9367292295732869,0.017906343615780806,0.0,0.0116895752318726,6.353102308621183,31.617812915414078,200,20,21120,9.80479102060946,,,
high,97,0.9368497470244617,0.017607028828729554,0.0,-0.016819550046654065,4.405900576685034,29.67061118347793,200,20,21340,4.355898294187618,,,
high,98,0.9369406143346402,0.01741383869687163,0.0,0.026418999562063793,4.089622074711293,29.35433268150419,200,20,21560,4.495742896766651,,,
high,99,0.9371195335319911,0.01740168643064277,0.0,-1.0117311245007526e-05,6.095281131712728,31.359991738505624,200,20,21780,9.903179788197754,,,
high,100,0.9370505363184597,0.01749143340331505,0.0,0.013606581238401484,3.9820078350987935,29.24671844189169,200,20,22000,4.55428062205023,,,
high,101,0.9371308040041549,0.01741564869551193,0.0,0.013159736073564021,4.004994221905914,29.26970482869881,200,20,22220,4.416396532273304,,,
high,102,0.9372184497350151,0.01736056968177435,0.0,0.011997147113133539,4.4438592565556,29.708569863348494,200,20,22440,4.099581602399389,,,
high,103,0.9373466314083665,0.01730032083717581,0.0,0.018334126907320728,4.278929752817168,29.543640359610066,200,20,22660,4.591149971388725,,,
high,104,0.937483588210145,0.017049722942676704,0.0,0.022685467001884833,2.227200831362409,27.491911438155306,200,20,22880,1.2688234634114177,,,
high,105,0.9375002568460573,0.017016952432278853,0.0,0.013736523919243722,3.9682689333284693,29.232979540121367,200,20,23100,4.40298962074647,,,
high,106,0.9374271414901665,0.0171059118910033,0.0,-0.003005200766786827,5.806787850421069,31.071498457213963,200,20,23320,9.996604372758338,,,
high,107,0.937520117089695,0.01703429685086355,0.0,-0.011075913376390438,4.142315347460726,29.407025954253623,200,20,23540,3.7747427815015544,,,
high,108,0.9376105997817502,0.01700534118005692,0.0,-0.021047362556192856,2.4601633775141614,27.724873984307056,200,20,23760,1.3623896924279606,,,
high,109,0.9377561165846489,0.016938533576894677,0.0,-0.027312813155883117,3.864444600362816,29.129155207155712,200,20,23980,3.879297444261163,,,
high,110,0.9378298953710928,0.016787926836952405,0.0,-0.004950851914156914,2.467184311402589,27.731894918195486,200,20,24200,1.3206320428796827,,,
high,111,0.9379805264322425,0.016593603993299677,0.0,0.03379884934801986,3.7920675470929757,29.056778153885872,200,20,24420,4.763136595368943,,,
high,112,0.93815317582964,0.016508398314979855,0.0,-0.020756764438512203,8.33480933067717,33.59951993747006,200,20,24640,16.538664327521644,,,
high,113,0.9381397857092004,0.016630914699218735,0.0,-0.008728540393709364,2.198597111707484,27.46330771850038,200,20,24860,1.1766667465171075,,,
high,114,0.9382857573002289,0.016531185359838663,0.0,-0.0031188920075536555,4.112501462469579,29.377212069262477,200,20,25080,4.568575608168631,,,
high,115,0.9382959670251273,0.016518019704278575,0.0,0.010713414704181473,4.292463775227073,29.55717438201997,200,20,25300,4.31265443304182,,,
high,116,0.9382517029824544,0.01662851831055745,0.0,-0.029154070620233806,4.436936906970027,29.70164751376292,200,20,25520,4.231201844360362,,,
high,117,0.9382728526162305,0.01657841657170256,0.0,0.005250023989610373,4.5610442263109965,29.825754833103893,200,20,25740,4.198140565277351,,,
high,118,0.9384289378157968,0.016343136624896837,0.0,0.029161710212845936,2.3328148663478268,27.597525473140724,200,20,25960,1.512840905013485,,,
high,119,0.9384897882413016,0.016333807413567825,0.0,-0.032221489713605916,4.734264061803729,29.998974668596624,200,20,26180,4.195788513857755,,,
high,120,0.9385919217788637,0.016134124208090794,0.0,-0.031097015330243057,3.9070500899299994,29.171760696722895,200,20,26400,4.297425961156848,,,
high,121,0.9386922290668119,0.015916102905239482,0.0,0.06345614701961878,4.1422627604243845,29.40697336721728,200,20,26620,4.476882866299416,,,
high,122,0.9388111261383685,0.015746442148462103,0.0,0.016962178226637464,4.455971555809144,29.72068216260204,200,20,26840,4.651413679589645,,,
high,123,0.9389154951733865,0.01564587711353982,0.0,-0.0034212816423813508,2.2925475556961987,27.557258162489095,200,20,27060,1.3906738564717946,,,
high,124,0.9390185313987623,0.015464214408230204,0.0,0.01050331191919294,8.374308477397433,33.63901908419033,200,20,27280,16.23735363338931,,,
high,125,0.9391692702558124,0.015264685207564188,0.0,0.021565106477727327,4.301354669787586,29.56606527658048,200,20,27500,4.063490330600383,,,
high,126,0.9391275364840455,0.015136939730744148,0.0,0.02306510078180733,4.437653464527652,29.70236407132055,200,20,27720,4.438046464618042,,,
high,127,0.9392251082131237,0.01515837447959223,0.0,-0.009020517531406765,8.038638564724641,33.30334917151754,200,20,27940,17.204519046892507,,,
high,128,0.9392654524114914,0.014983921197673555,0.0,0.00033159378345195,5.867778764726103,31.132489371519,200,20,28160,9.413643978634587,,,
high,129,0.939313496884272,0.014983155236666268,0.0,-0.021058262101103575,6.485940331058219,31.750650937851116,200,20,28380,8.779788868471181,,,
high,130,0.9393854342738464,0.01493341113339619,0.0,0.031581206887700386,3.872762874580121,29.137473481373018,200,20,28600,4.236392613733972,,,
high,131,0.9394774008323351,0.014841911847859435,0.0,0.011874894888628536,4.550731264336755,29.81544187112965,200,20,28820,4.710818339237814,,,
high,132,0.9395756518766757,0.014587897263280358,0.0,0.031533522035338706,4.357565570996597,29.622276177789495,200,20,29040,4.805093508091297,,,
high,133,0.9395770402839658,0.01453534635937126,0.0,-0.008509625650695846,4.110205836424612,29.374916443217508,200,20,29260,4.170656555915771,,,
high,134,0.9396187094634822,0.014575328171158142,0.0,0.004805903646322239,4.061536395161426,29.32624700195432,200,20,29480,4.728696904268183,,,
high,135,0.9395481671020821,0.014649891112201274,0.0,0.02145588314971234,4.530088793601688,29.794799400394584,200,20,29700,4.101064255630318,,,
high,136,0.9396367041813749,0.014574043900336564,0.0,0.015845695638558636,4.146828268261978,29.411538875054873,200,20,29920,4.715611782194394,,,
high,137,0.9396582635612185,0.014548000448348142,0.0,-0.009141658146555789,3.976611793607511,29.241322400400406,200,20,30140,4.276140541580871,,,
high,138,0.9396931562445077,0.014575173598741387,0.0,0.005551246595342215,3.823862917811333,29.08857352460423,200,20,30360,3.933750204750556,,,
high,139,0.93976349194577,0.014585940448166412,0.0,0.008030573613925758,3.696646930472715,28.961357537265613,200,20,30580,4.126010645275717,,,
high,140,0.9398811374890387,0.014338035365294766,0.0,-0.01182346464551968,4.39143705292398,29.656147659716876,200,20,30800,4.52742217163476,,,
high,141,0.939842215337835,0.014423206082187945,0.0,0.06574667556390054,2.211515857323045,27.47622646411594,200,20,31020,1.2329631603957971,,,
high,142,0.9399540433189286,0.014259872365073867,0.0,-0.018627240715768136,3.770346001861045,29.035056608653942,200,20,31240,4.21091105376051,,,
high,143,0.940097055888701,0.014061651762235061,0.0,0.009500691293158461,4.4924724094616115,29.75718301625451,200,20,31460,4.215843856237233,,,
high,144,0.9401065001200833,0.014097831071464673,0.0,-0.02767378779780603,2.4405771675225907,27.705287774315487,200,20,31680,1.248235007522596,,,
high,145,0.9402324450168933,0.014103459496150883,0.0,0.030112737818711863,6.635294483198869,31.900005089991765,200,20,31900,9.351528678865453,,,
high,146,0.9402687798589536,0.013947576272969608,0.0,-0.006927948101177293,3.696710334364449,28.961420941157346,200,20,32120,4.3815937428769045,,,
high,147,0.9403775492437756,0.013806526779489348,0.0,0.04752450971764591,4.221978051564194,29.48668865835709,200,20,32340,4.704530604072776,,,
high,148,0.9403864227495716,0.013848950540499949,0.0,0.030056003899571766,6.077648880491541,31.342359487284437,200,20,32560,9.617983229377762,,,
high,149,0.9404291625505136,0.013694465748198104,0.0,0.009108823493701068,6.2613223701975365,31.526032976990432,200,20,32780,9.576427834419306,,,
high,150,0.9405355282612005,0.013634013416885193,0.0,0.003754991555560868,5.739104805461479,31.003815412254376,200,20,33000,9.154879463377721,,,
high,151,0.9404607473319201,0.013720555269770118,0.0,0.019421546125596434,2.2273058720234724,27.492016478816367,200,20,33220,1.4855090351451852,,,
high,152,0.9405388921700103,0.013802030581997138,0.0,0.03179670748249489,4.281784292725835,29.54649489951873,200,20,33440,4.273717159557155,,,
high,153,0.940559648024515,0.013825669333986768,0.0,-0.008875464011333408,4.205232208431861,29.469942815224755,200,20,33660,4.014659272375764,,,
high,154,0.9407105172242552,0.013638028571526628,0.0,0.028096169752283164,5.947022478769821,31.211733085562717,200,20,33880,9.439327745499565,,,
high,155,0.940751798953438,0.013645047943261268,0.0,-0.0099462372368583,4.024979691778811,29.289690298571706,200,20,34100,4.324949184884891,,,
high,156,0.9408318677599301,0.013546054479998348,0.0,0.022859626339180046,4.37901478919879,29.643725395991687,200,20,34320,4.206896417673727,,,
high,157,0.9409011498013337,0.013285398065430831,0.0,0.010038162113648535,4.346501958130004,29.6112125649229,200,20,34540,4.796309897606544,,,
high,158,0.9409458656206231,0.013345267728739896,0.0,0.018456226543124853,3.572049246728322,28.83675985352122,200,20,34760,4.205137374134455,,,
high,159,0.9409707301505813,0.013285548905402123,0.0,0.005306487647387239,4.188373592855916,29.453084199648814,200,20,34980,4.4129735187667265,,,
high,160,0.9408827234550554,0.013361198096318083,0.0,0.012621482043818598,3.942355729034825,29.207066335827722,200,20,35200,4.177501528586304,,,
high,161,0.9409687856034231,0.01323258518538728,0.0,-0.012369453361733649,4.242867525934339,29.507578132727236,200,20,35420,4.795244970734818,,,
high,162,0.9410747153801129,0.01309669987141937,0.0,-0.01434395351498636,5.612295258982597,30.877005865775494,200,20,35640,9.688224915676948,,,
high,163,0.9411410337283217,0.012968622088610937,0.0,-0.04458008184599594,4.028845883456916,29.293556490249813,200,20,35860,4.65836048033153,,,
high,164,0.9411721752509876,0.012962091534559628,0.0,0.03385332207917865,2.3391196002760033,27.6038302070689,200,20,36080,1.2085186947321374,,,
high,165,0.941211613185358,0.012922272565605186,0.0,0.04843536282415897,6.598573742993788,31.863284349786685,200,20,36300,9.350952971126674,,,
high,166,0.9412474704458954,0.012937707492383765,0.0,0.024966917082128615,2.2553113390582573,27.520021945851152,200,20,36520,1.2444191620952736,,,
high,167,0.9412347801906863,0.012948864217351086,0.0,0.015217480990632404,6.492892277919146,31.757602884712043,200,20,36740,9.405122797093371,,,
high,168,0.9413078451173377,0.012934114603164182,0.0,0.01600776261692436,2.328522163759475,27.59323277055237,200,20,36960,1.0357560109304875,,,
high,169,0.9414768670917656,0.012753930481199549,0.0,0.002122982862458699,5.62175488026181,30.886465487054707,200,20,37180,9.624842894536858,,,
high,170,0.9415972591509837,0.01262754458345261,0.0,-0.007446073721024074,4.203936015438327,29.468646622231223,200,20,37400,4.482591556568469,,,
high,171,0.9416899851211256,0.012514191499229166,0.0,-0.003402737534976407,6.3789367982014875,31.643647404994383,200,20,37620,9.817267603903126,,,
high,172,0.9418258896919101,0.012410024167053502,0.0,0.03826309294969327,4.394087324122671,29.65879793091557,200,20,37840,4.7557406444363375,,,
high,173,0.9418962471041976,0.012380186353067368,0.0,-0.007355385639578992,4.462604533869354,29.72731514066225,200,20,38060,4.158666529789036,,,
high,174,0.9420398983648138,0.01222749088642583,0.0,0.00436288155757395,4.814320026010516,30.079030632803413,200,20,38280,4.742126479737467,,,
high,175,0.9420565676257716,0.01216885843084492,0.0,0.025056452740653535,6.415398123238862,31.68010873003176,200,20,38500,9.829779998932327,,,
high,176,0.9421166571848822,0.01211537316099387,0.0,-0.03838095800461987,4.2298167729853215,29.49452737977822,200,20,38720,4.773390445122511,,,
high,177,0.9421908089751284,0.012105041670472994,0.0,0.012901623587282514,6.664439127093088,31.929149733885986,200,20,38940,9.177801995920031,,,
high,178,0.942282784255789,0.011949804549556076,0.0,0.044589349234081095,4.064636940804833,29.329347547597727,200,20,39160,3.9114196852337586,,,
high,179,0.9423511510149364,0.011760843935404108,0.0,-0.029637369018246654,5.937673530913049,31.202384137705945,200,20,39380,9.161317234883283,,,
high,180,0.9424872404229732,0.011601476199217586,0.0,0.05975093180147984,3.819721482913774,29.08443208970667,200,20,39600,4.219299435557485,,,
high,181,0.9425000102305643,0.011545070690373582,0.0,0.055799391543322883,4.510987582886797,29.775698189679694,200,20,39820,4.370232240981459,,,
high,182,0.9424593544955365,0.011583253895581791,0.0,-0.013484228237702919,4.366145782221475,29.63085638901437,200,20,40040,4.5660230287061365,,,
high,183,0.942636725175467,0.01134767753171273,0.0,0.009458718769417293,2.269995716624796,27.53470632341769,200,20,40260,1.388719138859975,,,
high,184,0.9427069837917785,0.011349887762085231,0.0,0.018357775638684598,3.4952686235135837,28.75997923030648,200,20,40480,4.080061461232254,,,
high,185,0.9427640258764336,0.011314372854682397,0.0,-0.028196696427164658,4.386977325245151,29.651687932038048,200,20,40700,4.631575140488478,,,
high,186,0.9428623003047514,0.011297077913665743,0.0,0.004109637133263378,3.790184533518601,29.054895140311498,200,20,40920,4.262114106802646,,,
high,187,0.9430421237411837,0.011145763660956987,0.0,-0.0056263137471958755,3.7239442964320433,28.98865490322494,200,20,41140,4.677028271707223,,,
high,188,0.9431573424485521,0.011148900532503392,0.0,0.0254378328366572,6.016221293583381,31.280931900376277,200,20,41360,9.642013404070747,,,
high,189,0.9432241977810638,0.011121469289891661,0.0,-0.010949104701070531,4.156341556564177,29.421052163357075,200,20,41580,4.778336555406764,,,
high,190,0.9431447927372996,0.011331526643987067,0.0,-0.01265620914486037,2.244025422102464,27.50873602889536,200,20,41800,1.358240745784335,,,
high,191,0.9432506695312332,0.011370942385423022,0.0,-0.006382951211645103,4.155250130961932,29.419960737754828,200,20,42020,4.55096211863123,,,
high,192,0.9433106227880973,0.011216786855842265,0.0,-0.0022500415495917093,8.86678270496102,34.131493311753914,200,20,42240,16.72055444440335,,,
high,193,0.9433420075630096,0.011294667706179373,0.0,-0.03783310207609133,4.446376436101293,29.71108704289419,200,20,42460,4.659432309143357,,,
high,194,0.9434226637259192,0.011281965609350575,0.0,-0.00813878949740172,3.381924311103098,28.646634917895994,200,20,42680,4.392145732455702,,,
high,195,0.9434107554693851,0.011470068763697383,0.0,-0.020073761261245784,4.267589547073186,29.532300153866082,200,20,42900,4.088074482710896,,,
high,196,0.9435240678550564,0.01122440723652629,0.0,0.06608596319617065,8.6588044348844,33.9235150416773,200,20,43120,18.035682287166257,,,
high,197,0.9434514159292863,0.011354169223487531,0.0,0.002515773807727057,8.934682661249559,34.199393268042456,200,20,43340,15.968882817566683,,,
high,198,0.9434520163723118,0.011292620383399288,0.0,-0.015566659418139133,4.782439324096463,30.047149930889358,200,20,43560,4.847829694372247,,,
high,199,0.943497471214935,0.01111654897814951,0.0,0.010043294312485586,4.070443997435162,29.33515460422806,200,20,43780,4.014160325996003,,,
high,200,0.9435905387743335,0.0110550695733308,0.0,-0.009127300387445655,4.544183059501741,29.808893666294637,200,20,44000,4.679731894805272,,,
high,201,0.9435991194489073,0.010944004238282234,0.0,-0.026304734718873044,2.448851883996913,27.71356249078981,200,20,44220,1.2313133036647246,,,
high,202,0.9437055938381448,0.010753757609428538,0.0,0.018445376733047504,2.2298725734340588,27.494583180226954,200,20,44440,1.3118101907866426,,,
high,203,0.9437243748997622,0.010637692886915517,0.0,0.01448161446287895,2.2137640537651246,27.47847466055802,200,20,44660,1.250498755097763,,,
high,204,0.943635799173389,0.01073343849833508,0.0,-0.028037924340881048,3.8291252609406903,29.093835867733585,200,20,44880,4.096829168304557,,,
high,205,0.9436752548748398,0.010667365612882174,0.0,-0.017114465492558167,4.062411001904602,29.327121608697496,200,20,45100,4.316060145350783,,,
high,206,0.9436601420120886,0.010570058414885786,0.0,-0.01728882312129901,10.616677542670802,35.881388149463696,200,20,45320,27.231932672270787,,,
high,207,0.9437226824820012,0.01055856566087976,0.0,0.02898260570976019,6.413784686580345,31.678495293373242,200,20,45540,9.763959491445613,,,
high,208,0.9437668651430793,0.010376449192416204,0.0,0.004185442713116099,4.73128413008043,29.995994736873325,200,20,45760,4.2601706819062946,,,
high,209,0.9438322362531345,0.010308339243745412,0.0,-0.042169802232525894,3.717337924694323,28.98204853148722,200,20,45980,4.487539483143038,,,
high,210,0.943937267738935,0.010112348707664198,0.0,0.024268987804137533,4.608163533319496,29.872874140112394,200,20,46200,4.428833754547458,,,
high,211,0.9440414168240889,0.0100792808461726,0.0,0.07646141122668129,3.987077914646453,29.251788521439348,200,20,46420,5.315873394574215,,,
high,212,0.944132150547715,0.009999951952443298,0.0,0.039819128692788766,4.475446183725249,29.740156790518146,200,20,46640,4.207032461713219,,,
high,213,0.9441013391486185,0.010089828219188135,0.0,0.017005547199843842,4.196024509081091,29.460735115873987,200,20,46860,4.262150376851934,,,
high,214,0.9441806561937512,0.010051856486409827,0.0,0.008790174276122513,4.3481470908626605,29.612857697655556,200,20,47080,4.244703848508789,,,
high,215,0.9442630848535527,0.009922976661364102,0.0,-0.01407129354165141,2.614173768003601,27.878884374796495,200,20,47300,1.1961920036703517,,,
high,216,0.9443192011009929,0.00983072546580177,0.0,0.004036319155977364,4.14704301342061,29.411753620213506,200,20,47520,4.447076071281805,,,
high,217,0.9443556988548422,0.00971510382584595,0.0,-0.013824170773697613,4.1294562056011985,29.394166812394094,200,20,47740,4.26129081371925,,,
high,218,0.944391239150666,0.009675133615884457,0.0,0.040471403160543915,2.28607115167123,27.550781758464126,200,20,47960,1.1120848610214102,,,
high,219,0.944459165835991,0.009766102543701916,0.0,0.01609800225073108,8.690624753021977,33.955335359814875,200,20,48180,16.916410393297237,,,
high,220,0.9444498840379428,0.009648366721812796,0.0,-0.024328127413054044,4.159501918421854,29.42421252521475,200,20,48400,4.424317122321196,,,
high,221,0.9444569240469617,0.009638204298784703,0.0,-0.025482371402133764,2.4869872521712177,27.751697858964114,200,20,48620,1.3802291120415333,,,
high,222,0.9444880153304548,0.00969943510992688,0.0,-0.014188758525987553,4.807144601923461,30.071855208716357,200,20,48840,4.911154286895739,,,
high,223,0.9445282187706638,0.009616215739059575,0.0,-0.028707858814884024,4.057809384621529,29.322519991414424,200,20,49060,4.651893106638502,,,
high,224,0.9445636617341185,0.009654971743756624,0.0,-0.04171087638090944,6.712358239349378,31.977068846142274,200,20,49280,9.656989482629482,,,
high,225,0.9446538428135114,0.009437910466016497,0.0,0.019476264108580214,3.7271964070790577,28.991907013871952,200,20,49500,3.799336943585476,,,
high,226,0.9446521189277194,0.009511300879695539,0.0,0.0299562137287888,2.625510201821143,27.89022080861404,200,20,49720,1.233445542293756,,,
high,227,0.9447734502076529,0.009344288766016007,0.0,-0.03337689720568937,4.193900408365523,29.458611015158418,200,20,49940,4.333963456394975,,,
high,228,0.9448676638130733,0.00921497703471863,0.0,-0.012690420749219385,3.4976354005520736,28.76234600734497,200,20,50160,4.398035764541558,,,
high,229,0.9449623495311253,0.009191582324485692,0.0,0.045525585046979344,3.574341633296978,28.839052240089874,200,20,50380,3.955490849880075,,,
high,230,0.9449827253063301,0.009215285815208696,0.0,0.0013448368794231544,3.7317419271354737,28.99645253392837,200,20,50600,4.280179632551171,,,
high,231,0.9450614405073546,0.00916013228831214,0.0,8.049690435647507e-05,4.808367437840154,30.07307804463305,200,20,50820,4.432578297634299,,,
high,232,0.9452275531526274,0.009114256860123238,0.0,0.028896571580430873,5.059128482712813,30.32383908950571,200,20,51040,4.641735673752123,,,
high,233,0.9452375050625071,0.009092361371307423,0.0,-0.0008106646279960932,6.64666518329195,31.911375790084847,200,20,51260,9.76437195549641,,,
high,234,0.9452788152923223,0.009134764297699105,0.0,0.01566524225090384,6.395216410255086,31.659927017047984,200,20,51480,8.683033963592045,,,
high,235,0.9452843966245712,0.0090462522484559,0.0,-0.013659553513391242,5.986395871984056,31.251106478776954,200,20,51700,9.229033000501488,,,
high,236,0.9453816563179264,0.009023478003663321,0.0,-0.00683705680723578,2.492536095063486,27.75724670185638,200,20,51920,1.1675851704504152,,,
high,237,0.9454202278678543,0.008943521971091939,0.0,0.001936612885273999,3.0540817340088764,28.31879234080177,200,20,52140,1.2086375078765461,,,
high,238,0.9455050452079921,0.008953754904059141,0.0,-0.014201962873507732,2.354128325285472,27.61883893207837,200,20,52360,1.2798235731740966,,,
high,239,0.9454843420302375,0.009021450910421946,0.0,-0.034008408718560514,4.3077166780753275,29.572427284868223,200,20,52580,4.084080687542231,,,
high,240,0.9456105474692559,0.008918754560030773,0.0,-0.006044019750309534,4.747508033638849,30.012218640431744,200,20,52800,4.7314709267193775,,,
high,241,0.9455992754220494,0.008917551256356071,0.0,0.021784712638765153,5.766531808263232,31.031242415056127,200,20,53020,8.677858665149046,,,
high,242,0.9457090956446922,0.008813841952657886,0.0,-0.004588365084875356,4.618674104381285,29.88338471117418,200,20,53240,4.271058735140762,,,
high,243,0.9457543037562606,0.008829702543052376,0.0,0.039492064194831714,3.785597776871718,29.050308383664614,200,20,53460,4.5139524579558685,,,
high,244,0.9458938168220736,0.008623759542385256,0.0,-0.00943994860731892,5.641510372311425,30.90622097910432,200,20,53680,9.13362857880947,,,
high,245,0.9459404747881001,0.008631107620003409,0.0,-0.020588453075021013,2.3894818435188907,27.654192450311786,200,20,53900,1.360927584827686,,,
high,246,0.9459014217538904,0.008669941692974192,0.0,-0.030510939606831378,2.249936809872013,27.514647416664907,200,20,54120,1.2980439546731186,,,
high,247,0.9458498384183331,0.008707019773476321,0.0,-0.01322045851356499,3.4652328325645416,28.729943439357438,200,20,54340,4.383322757821327,,,
high,248,0.9458483823622247,0.008608234637538792,0.0,-0.03126126227901307,2.7690961927522295,28.033806799545125,200,20,54560,1.2803664819586302,,,
high,249,0.94588032116849,0.008543025258336945,0.0,-0.01720457359215338,6.000209233800242,31.264919840593137,200,20,54780,9.308549206890216,,,
high,250,0.9459607295670963,0.00857403854831762,0.0,0.010002075504828185,4.010244757583835,29.27495536437673,200,20,55000,4.501952683547765,,,
high,251,0.9460318624899995,0.008573858506096821,0.0,0.0281034407369611,4.1585625480398685,29.423273154832764,200,20,55220,3.7866789906380194,,,
high,252,0.9460909873508313,0.008639558474435205,0.0,0.009259712933632211,3.4451741216420206,28.709884728434915,200,20,55440,4.4002384715975795,,,
high,253,0.9460899759377791,0.00856696077135466,0.0,-0.04235093251762899,2.300854081745994,27.565564688538892,200,20,55660,1.3127115809571472,,,
high,254,0.9461124613310011,0.008540586137345874,0.0,0.0028987361081722696,2.3726574371166484,27.637368043909543,200,20,55880,1.353270095944752,,,
high,255,0.9461447850699696,0.00851423165734888,0.0,0.0070800674026388006,6.702449904412912,31.967160511205808,200,20,56100,9.495234560622938,,,
high,256,0.946159959628581,0.008448323997721885,0.0,0.01642110713551194,5.018776547193372,30.28348715398627,200,20,56320,9.626821574912695,,,
high,257,0.9461203398323292,0.008498515722727529,0.0,0.009868015715337203,4.341966627688514,29.60667723448141,200,20,56540,4.297430004773378,,,
high,258,0.9461864668503264,0.008297146878774586,0.0,0.013404764231945943,4.966484374168608,30.231194980961504,200,20,56760,4.374301026377018,,,
high,259,0.9462107292460933,0.008360189717416477,0.0,0.004082872181481532,4.642017169693605,29.906727776486502,200,20,56980,4.328316726787025,,,
high,260,0.9463389863559887,0.008306560115620365,0.0,0.040702665233820504,2.6647550387759606,27.929465645568857,200,20,57200,1.3312455663748428,,,
high,261,0.9463608578339361,0.008155349841337589,0.0,-0.028443101953320147,2.2055414708677956,27.470252077660692,200,20,57420,1.5769971617737966,,,
high,262,0.9463911024922249,0.007952944596088196,0.0,-0.02627978565648598,3.871200668602132,29.135911275395028,200,20,57640,3.992196054573317,,,
high,263,0.9463991769830609,0.007905697479599016,0.0,0.0030719912694707105,3.6966320547233464,28.96134266151624,200,20,57860,4.048068184140952,,,
high,264,0.9465314884479233,0.007646672955451961,0.0,-0.0036520532883221857,4.129061447669014,29.39377205446191,200,20,58080,4.682154711312756,,,
high,265,0.9464390910104374,0.007832404400948123,0.0,-0.022906618582235874,3.8374715905849595,29.102182197377857,200,20,58300,4.107623529130474,,,
high,266,0.9465254714565416,0.00775753576235505,0.0,0.005023472866623579,2.9454253135340296,28.210135920326927,200,20,58520,1.4239837938979074,,,
high,267,0.9466549111934983,0.00762318736028933,0.0,0.03800800328419827,4.419366644047315,29.68407725084021,200,20,58740,4.680739603837532,,,
high,268,0.9465797619155326,0.007751397043717634,0.0,0.010072213373301152,4.043713405131557,29.30842401192445,200,20,58960,3.924125249906133,,,
high,269,0.9465342975550104,0.007690276201960389,0.0,-0.03238866876083962,2.2880568381169364,27.552767444909833,200,20,59180,1.442895887093421,,,
high,270,0.9465507345964134,0.007733175154699734,0.0,-0.019626030780284482,4.256836265956153,29.52154687274905,200,20,59400,4.257292192327039,,,
high,271,0.9465597947622545,0.0077389116230673904,0.0,-0.009144290750579707,4.221769674071476,29.48648028086437,200,20,59620,4.107584658157085,,,
high,272,0.9465578613230252,0.007861039188796548,0.0,0.008837273458599464,7.887689275002805,33.1523998817957,200,20,59840,16.811580445955297,,,
high,273,0.9465782709458495,0.007906689009906875,0.0,-0.018137860680694902,2.5851260571200863,27.84983666391298,200,20,60060,1.2620534268447376,,,
high,274,0.9466204807987884,0.007973055620943859,0.0,0.0010609727750295614,4.3577011063194755,29.62241171311237,200,20,60280,5.101971478558198,,,
high,275,0.94664548195893,0.007888618836972672,0.0,0.031765404221597696,8.518425077103407,33.783135683896305,200,20,60500,17.372345358247955,,,
high,276,0.9466860000741888,0.007715244673089594,0.0,-0.024425715152562717,4.405275613913155,29.66998622070605,200,20,60720,3.951815806670278,,,
high,277,0.9467000522128785,0.007878542887202133,0.0,0.021420426664070593,6.7762334703055815,32.04094407709848,200,20,60940,9.287137599934068,,,
high,278,0.9467596694304242,0.007670222419071893,0.0,-0.012213061989888634,5.832957450582603,31.0976680573755,200,20,61160,9.563519807731858,,,
high,279,0.9467875058710813,0.007646565262501626,0.0,-0.00477585942416633,3.8939256265133495,29.158636233306247,200,20,61380,4.081646744181991,,,
high,280,0.9468185651838869,0.0074974568458542334,0.0,-0.025888858769411632,2.85634111745298,28.121051724245877,200,20,61600,1.223688219481393,,,
high,281,0.9468727411351088,0.007332592291808826,0.0,0.022918451841104994,5.40143063162853,30.666141238421424,200,20,61820,9.38761030843291,,,
high,282,0.9468695642798449,0.007349914399325641,0.0,0.014284900020519046,3.240641774887944,28.50535238168084,200,20,62040,4.3280396645034624,,,
high,283,0.9468485855179873,0.0074451334888789855,0.0,-0.0031839799456284514,2.465610267070523,27.73032087386342,200,20,62260,1.2874099523667402,,,
high,284,0.9468853882375732,0.007520755963837278,0.0,-0.02002968233670891,2.476314976464929,27.741025583257823,200,20,62480,1.2685508752562262,,,
high,285,0.946936506660006,0.007561718863798861,0.0,0.0005615989777161213,2.8197993444744784,28.084509951267375,200,20,62700,1.3360492533326185,,,
high,286,0.9469941438249146,0.007394947246156525,0.0,-0.0026041436720071237,4.3370304481417286,29.601741054934624,200,20,62920,3.9117793146602033,,,
high,287,0.9469340593952895,0.007380048135874451,0.0,-0.007876859951861584,4.710934215052259,29.975644821845155,200,20,63140,9.867169140707185,,,
high,288,0.9469654247744711,0.007330467813012498,0.0,-0.011947998927355343,6.550700016042852,31.81541062283575,200,20,63360,9.399160291629881,,,
high,289,0.9470202071357742,0.007285904482032701,0.0,0.009918743484690268,2.3859723952320286,27.650683002024923,200,20,63580,1.4380208855317222,,,
high,290,0.9470958650145117,0.007133867099552327,0.0,0.03164896255582292,4.204358266452132,29.46906887324503,200,20,63800,4.662632333531798,,,
high,291,0.947152529280942,0.0069901921260728805,0.0,-0.008685437906618822,6.4079288423659575,31.672639449158854,200,20,64020,9.414988866008134,,,
high,292,0.9472039718922383,0.006902701106435649,0.0,-0.01918489902602426,9.065357880302392,34.33006848709529,200,20,64240,16.753379461565025,,,
high,293,0.9472136714234267,0.006946688539514634,0.0,-0.013158709648809745,6.067721642440482,31.332432249233378,200,20,64460,9.334715075120112,,,
high,294,0.9470884108053405,0.007081934917576471,0.0,-0.014930155044743064,3.9613865636905885,29.226097170483484,200,20,64680,4.408564193322371,,,
high,295,0.9471476641197493,0.007162529821320485,0.0,0.038180172114392105,3.553821533794102,28.818532140587,200,20,64900,4.594215736028312,,,
high,296,0.9471755615646916,0.00734426790423659,0.0,0.008723688272956701,6.028580535713451,31.293291142506348,200,20,65120,9.733337806590942,,,
high,297,0.947296022757222,0.007211659039694229,0.0,0.0008531005040320303,4.61234872270151,29.877059329494408,200,20,65340,4.898521723692771,,,
high,298,0.9473384491318017,0.00721069348618919,0.0,0.025183744851030237,3.6236384009525358,28.888349007745433,200,20,65560,3.9564799396792196,,,
high,299,0.9473741589624447,0.007054575042304556,0.0,-0.004093999655411312,6.555492911192006,31.8202035179849,200,20,65780,9.75021518936387,,,
high,300,0.9474684153321348,0.00684332384628028,0.0,-0.025504879091417788,2.827886330975145,28.09259693776804,200,20,66000,1.2784332790698518,,,
high,301,0.9475436443603196,0.0068034401986810655,0.0,0.02056303737602871,6.338634220342573,31.60334482713547,200,20,66220,9.505080874928266,,,
high,302,0.9475318878585335,0.006878963861180809,0.0,-0.016560541129521357,3.922813841377067,29.187524448169963,200,20,66440,4.130153469268562,,,
high,303,0.9475506693486739,0.006969296102681044,0.0,0.0004248435674726169,8.750051671163806,34.014762277956706,200,20,66660,16.296823770260016,,,
high,304,0.947519645698173,0.007026854948842698,0.0,-0.046364836516694465,4.9561114502779775,30.220822057070873,200,20,66880,4.324072482071897,,,
high,305,0.9474510791283302,0.007155449355282895,0.0,0.0086544455214003,5.8627353835499445,31.127445990342842,200,20,67100,9.2709369782817,,,
high,306,0.9475652613331565,0.007068981881579006,0.0,0.01782804831808087,6.925902098538023,32.19061270533092,200,20,67320,9.959575099687221,,,
high,307,0.9476282797574894,0.007078500343091099,0.0,-0.02499612440654887,2.5504008525289823,27.815111459321876,200,20,67540,1.1811704792133446,,,
high,308,0.9477094298078037,0.0069893097580036034,0.0,0.024724203973304944,2.3325694595400424,27.59728006633294,200,20,67760,1.2459938097710113,,,
high,309,0.9476902119888012,0.006997518241398382,0.0,-0.0034349450556001547,3.807333031670797,29.072043638463693,200,20,67980,4.255327656581494,,,
high,310,0.9478262649732778,0.006813844460230034,0.0,0.059162362421369984,6.288756399745526,31.553467006538423,200,20,68200,9.35593154487499,,,
high,311,0.9478327350793346,0.006868552374135417,0.0,0.006064465239850763,6.7845186512387015,32.049229258031595,200,20,68420,9.045994581200745,,,
high,312,0.947887413222648,0.006676652630158597,0.0,-0.030075169776522085,2.2373991796980186,27.502109786490916,200,20,68640,1.2275394211724207,,,
high,313,0.9479106317842885,0.00646857154802527,0.0,-0.019847730961899943,4.636589834893718,29.901300441686615,200,20,68860,3.8805310302325253,,,
high,314,0.9478685681614906,0.006411109525554681,0.0,-0.03689617006962648,6.234663868119779,31.499374474912674,200,20,69080,9.446201625211899,,,
high,315,0.9479326652328386,0.006482537816259737,0.0,-0.0003694389663753351,4.187818247042512,29.452528853835407,200,20,69300,4.015901013510421,,,
high,316,0.9479848011661227,0.006483099488803767,0.0,0.01596125839047706,3.576042520627863,28.840753127420758,200,20,69520,4.26468609750095,,,
high,317,0.9480290447543525,0.0063111831873360336,0.0,0.005276171567677314,2.2738354827282996,27.538546089521194,200,20,69740,1.2826648554781173,,,
high,318,0.9479963148244656,0.006142682435924196,0.0,0.03252793392626209,4.278320422039652,29.543031028832548,200,20,69960,4.06360168797472,,,
high,319,0.9478727412407755,0.006146757976099537,0.0,-0.009543024198678024,6.212192576038449,31.476903182831343,200,20,70180,8.816181857559199,,,
high,320,0.9478867920429,0.006155249809765451,0.0,0.013775231043087765,6.278933836289087,31.543644443081984,200,20,70400,10.340256304785996,,,
high,321,0.9478896383926565,0.006096112360674422,0.0,-0.00717059382512573,2.9984646725724047,28.2631752793653,200,20,70620,1.208210991944826,,,
high,322,0.9478926144143343,0.006145283584636174,0.0,-0.0301405492758301,4.407028998777064,29.67173960556996,200,20,70840,4.416604134869982,,,
high,323,0.9478625656162731,0.006118676095837383,0.0,-0.03857388855981498,3.8691726335675876,29.133883240360483,200,20,71060,4.6260352921543495,,,
high,324,0.9478890360718465,0.006220998001819411,0.0,0.008951595408616817,4.135362076933632,29.400072683726528,200,20,71280,4.059867704165667,,,
high,325,0.9478801060276126,0.006082023904494971,0.0,0.0334872978243395,7.30102672829917,32.56573733509207,200,20,71500,10.149908825934435,,,
high,326,0.9479787334385578,0.005982798214551832,0.0,0.0318285075254849,4.330389253369331,29.59509986016223,200,20,71720,4.459175471047549,,,
high,327,0.9481051447608352,0.005832705269013139,0.0,-0.024080283082239643,3.892866338656218,29.157576945449115,200,20,71940,4.676025124344906,,,
high,328,0.9480833620909178,0.0058954302976251816,0.0,-0.01634522836138672,4.486365210727733,29.75107581752063,200,20,72160,4.5602676933368125,,,
high,329,0.9481833809586028,0.005838045546554094,0.0,0.012961313244480995,2.4817307487186637,27.74644135551156,200,20,72380,1.2678577530880286,,,
high,330,0.948267310146499,0.0058592016890209875,0.0,0.002940927557909994,4.927993407365431,30.192704014158327,200,20,72600,4.281983009447257,,,
high,331,0.9484012330847966,0.005801140976457231,0.0,-0.02047258642817749,2.452722304518777,27.717432911311672,200,20,72820,1.2732731095282601,,,
high,332,0.9484081697289457,0.005846490616427946,0.0,0.025550535990272145,2.2769770319198703,27.541687638712766,200,20,73040,1.2541899750519276,,,
high,333,0.9484767571737052,0.005816553285038051,0.0,0.015644755641311188,3.5291460685537337,28.79385667534663,200,20,73260,4.141376109859565,,,
high,334,0.9484432306016258,0.005880115479233616,0.0,-0.025458100285277164,4.558287068911934,29.82299767570483,200,20,73480,4.055508371015496,,,
high,335,0.9485197785545763,0.0059688027039768166,0.0,-0.04019285103487591,3.253252404125661,28.517963010918557,200,20,73700,4.478026634510608,,,
high,336,0.9484403315739047,0.006050615454670449,0.0,-0.011245760218316511,2.3078938934554762,27.57260450024837,200,20,73920,1.1763257305633752,,,
high,337,0.9484733219134692,0.006059707590895691,0.0,-0.00947876236079095,4.536393630645795,29.80110423743869,200,20,74140,4.188381826635086,,,
high,338,0.9485061318620537,0.006143615926353263,0.0,-0.011713212056905406,4.548399437523932,29.81311004431683,200,20,74360,4.6078016594613045,,,
high,339,0.9485349303860303,0.006254904026155694,0.0,0.013020504850036531,6.609028470934335,31.87373907772723,200,20,74580,8.711176701119168,,,
high,340,0.9485862213966453,0.0062440251231670185,0.0,-0.020348391417294824,5.2242101897477005,30.488920796540597,200,20,74800,9.88780230731602,,,
high,341,0.9486109491898951,0.006145928343122664,0.0,-0.00485982345544902,4.875215274852561,30.139925881645457,200,20,75020,4.574954035246723,,,
high,342,0.9486707572364014,0.005967408968545973,0.0,-0.029826357691550946,3.6108709649779787,28.875581571770873,200,20,75240,4.590680556543841,,,
high,343,0.9486619926273238,0.006003817473636763,0.0,-0.02791701145261473,5.1248496102451595,30.389560217038056,200,20,75460,4.4432399696780065,,,
high,344,0.9487305002443415,0.0059677357366686445,0.0,0.016637655253674947,5.201151858759991,30.46586246555289,200,20,75680,9.931652925225343,,,
high,345,0.9487120880180485,0.005994154141092167,0.0,-0.016475076208046138,6.740489159784524,32.00519976657742,200,20,75900,10.009431704219784,,,
high,346,0.9488836402177062,0.005627093325333288,0.0,-0.037690839501681436,3.82739501714842,29.092105623941315,200,20,76120,4.73639847042362,,,
high,347,0.9489814624310896,0.00566154442384692,0.0,0.005008512945168155,3.7051055659542644,28.96981617274716,200,20,76340,3.9221707204963883,,,
high,348,0.9490139932140461,0.005795902101021988,0.0,-0.015275910066673611,4.405799554464299,29.670510161257194,200,20,76560,4.879770628291777,,,
high,349,0.949066998548581,0.005830377473755366,0.0,0.00017451401417788994,3.860124099754337,29.124834706547233,200,20,76780,4.5960807752835615,,,
high,350,0.949106954974343,0.005855596375629268,0.0,-0.019288414766429233,4.32218042443224,29.586891031225136,200,20,77000,4.372283868045832,,,
high,351,0.9492385292069313,0.0057841033160380695,0.0,0.027480047662386275,7.395625925767142,32.66033653256004,200,20,77220,9.501230848160457,,,
high,352,0.9491680607942967,0.005851984109990327,0.0,0.018908533207869956,2.784959994324537,28.049670601117434,200,20,77440,1.3082625445812097,,,
high,353,0.9491923790111993,0.005934719857572768,0.0,0.0040670717973551465,4.934886861626664,30.19959746841956,200,20,77660,4.434300883034095,,,
high,354,0.9491411173308553,0.006033966383689582,0.0,-0.0044855828250945935,3.9129831607967738,29.17769376758967,200,20,77880,4.320113224060437,,,
high,355,0.9492252405905054,0.0058949597855062486,0.0,-0.009596257468971673,3.395358378663468,28.660068985456363,200,20,78100,3.7469391743950906,,,
high,356,0.949269088162982,0.005741726158960514,0.0,-0.01501535071449202,4.9661557893001484,30.230866396093045,200,20,78320,4.3777516566386465,,,
high,357,0.9492375700343894,0.0056989036786155856,0.0,0.022285936735443383,5.287424070715824,30.552134677508718,200,20,78540,4.994906732031381,,,
high,358,0.9492392008644441,0.005625353984624715,0.0,-0.02826951849277972,7.340683068104079,32.60539367489697,200,20,78760,9.401065210835236,,,
high,359,0.949169463201322,0.005752513790171387,0.0,0.007096076649043942,4.008398829153204,29.2731094359461,200,20,78980,4.464787199852737,,,
high,360,0.9491796485092068,0.005936145403588555,0.0,0.00030345779177685825,3.963641883786665,29.22835249057956,200,20,79200,4.627788789683659,,,
high,361,0.9491639231636964,0.0059830009615758906,0.0,-0.008457721742433382,4.76823038551791,30.032940992310806,200,20,79420,4.682656472580206,,,
high,362,0.9491070240100816,0.0059993710325534355,0.0,-0.029925170638104993,4.416113615060772,29.68082422185367,200,20,79640,4.569573509180778,,,
high,363,0.9492116261329139,0.005970611668826065,0.0,0.02668299992047896,4.944534162553653,30.209244769346547,200,20,79860,4.323170544145496,,,
high,364,0.9492606278808323,0.005891342520135345,0.0,-0.011355514591499019,4.0869363772768,29.351646984069696,200,20,80080,4.335369843112816,,,
high,365,0.9492885105974963,0.005967982691243101,0.0,-0.0019214160181882762,4.537599875230103,29.802310482023,200,20,80300,4.2468905772109755,,,
high,366,0.9493212643372309,0.005973589294518855,0.0,-0.0157089736649882,3.0511749766418994,28.315885583434795,200,20,80520,1.2679311942731584,,,
high,367,0.9492982331832867,0.005906313061336044,0.0,-0.014516506749357517,3.283704471684192,28.54841507847709,200,20,80740,4.252957295587572,,,
high,368,0.9493530669205528,0.005805537431457175,0.0,-0.001127993889464365,2.89090583640193,28.155616443194827,200,20,80960,1.0993185566306671,,,
high,369,0.9493663263575836,0.0057726824992591075,0.0,0.01603438235329954,6.6298668146183,31.894577421411196,200,20,81180,9.884383369666718,,,
high,370,0.9494902822979099,0.005682934598453593,0.0,-0.005570021647195694,3.560770386152064,28.82548099294496,200,20,81400,4.5502322859320925,,,
high,371,0.9494664331764793,0.005763447385307763,0.0,0.034880161700922126,4.3426596108178455,29.607370217610743,200,20,81620,4.578541014381928,,,
high,372,0.9494695529732982,0.005782327857299485,0.0,-0.015406443055597473,3.346796029930617,28.61150663672351,200,20,81840,1.210553200398459,,,
high,373,0.9494477538895291,0.005816853867627092,0.0,-0.018161461173679845,2.309903696760742,27.574614303553638,200,20,82060,1.2746566283100675,,,
high,374,0.949519540441564,0.005784884774651666,0.0,0.005640586942937058,2.4397047334532553,27.70441534024615,200,20,82280,1.580224120417114,,,
high,375,0.9494702744700594,0.005862519667461652,0.0,-0.028266076966703683,4.144712899930825,29.40942350672372,200,20,82500,5.006960985070782,,,
high,376,0.9494807483670383,0.005916937446059922,0.0,-0.025353489963091166,5.130116340154388,30.394826946947283,200,20,82720,9.7246334015481,,,
high,377,0.9494537941641676,0.005923921612987382,0.0,0.0007361674454888643,4.335419758545704,29.6001303653386,200,20,82940,4.340641186274029,,,
high,378,0.9494542355723091,0.005839060976472243,0.0,-0.0025773316947289193,5.1450180160963255,30.409728622889222,200,20,83160,9.543848272173255,,,
high,379,0.9494150358861978,0.005839830085768494,0.0,-0.01538746840664752,2.208684950062977,27.473395556855873,200,20,83380,1.344757308109289,,,
high,380,0.9494283771787391,0.005711977888724462,0.0,-0.042567351064671376,3.4782407857267468,28.742951392519643,200,20,83600,4.816381907071618,,,
high,381,0.9494608005795183,0.0056957733424608525,0.0,0.07458735538944278,5.019240134680042,30.28395074147294,200,20,83820,8.670176497566143,,,
high,382,0.9495769579612766,0.005642724792040976,0.0,0.024737293195405647,5.069710321613479,30.334420928406374,200,20,84040,4.786792195006905,,,
high,383,0.9495812154000473,0.005649938611033467,0.0,-0.019235880152052184,4.272652814403197,29.537363421196094,200,20,84260,4.618431008044354,,,
high,384,0.9495757868836928,0.005938928441962976,0.0,0.023257590421775363,4.009365192073361,29.274075798866257,200,20,84480,4.0170852932774235,,,
high,385,0.9497146711931219,0.0058020274395503835,0.0,0.03114709589127434,3.2909644833158405,28.555675090108736,200,20,84700,4.378032593965181,,,
high,386,0.9497420712755416,0.005702269332557353,0.0,0.04296381467601889,3.6906111251531946,28.95532173194609,200,20,84920,4.29878609427706,,,
high,387,0.9497263127021758,0.00568638899333429,0.0,-0.02414605667042562,4.7957053736796285,30.060415980472524,200,20,85140,4.4732482889665315,,,
high,388,0.9497633843977443,0.005627038948976315,0.0,-0.0158932776419496,4.924181161707397,30.18889176850029,200,20,85360,4.209443639968369,,,
high,389,0.9498113264718832,0.005595117516255743,0.0,0.05562082485670772,2.4131458477368852,27.67785645452978,200,20,85580,1.1802642827510166,,,
high,390,0.9498042956984015,0.005559214950310198,0.0,-0.021210491887004836,5.568472691445472,30.833183298238367,200,20,85800,4.1851272397362305,,,
high,391,0.9498219554059896,0.005549136478495864,0.0,-0.028478926072723183,3.8839044058565375,29.148615012649433,200,20,86020,4.634693056649501,,,
high,392,0.9498606795817381,0.005520260576112546,0.0,0.009146398852508763,6.725447693336897,31.990158300129792,200,20,86240,16.468000140295494,,,
high,393,0.9499104833381408,0.005430742137019995,0.0,-0.013127030244111366,4.415826695104589,29.680537301897484,200,20,86460,4.277147421109313,,,
high,394,0.9499300256228151,0.005359676957169435,0.0,0.012967291380204965,6.725694749440386,31.990405356233282,200,20,86680,9.568107182680784,,,
high,395,0.9498938466753245,0.005509034712929961,0.0,-0.005378545232735049,4.333081459107309,29.597792065900205,200,20,86900,4.663674796077671,,,
high,396,0.9499367994476065,0.005642216529088362,0.0,0.03609653952806164,3.947963258171222,29.212673864964117,200,20,87120,4.591806527624269,,,
high,397,0.9499663973477566,0.005680185778396574,0.0,-0.002329261456047414,4.264073133719546,29.52878374051244,200,20,87340,4.15768772294076,,,
high,398,0.9499681182160169,0.00570679300384791,0.0,0.016368094935782194,6.922764034614127,32.18747464140702,200,20,87560,10.036541434712055,,,
high,399,0.9499817885170496,0.005701935709077732,0.0,0.00547817632485834,3.651889855845895,28.91660046263879,200,20,87780,4.350425849533391,,,
high,400,0.9499872577100517,0.005828493447876615,0.0,-0.01019681072187997,4.209240752725068,29.473951359517965,200,20,88000,4.223647787399793,,,
high,401,0.9500597687132081,0.0058900227606013544,0.0,-0.013180961679769197,6.498689249566947,31.763399856359843,200,20,88220,8.855239361357272,,,
high,402,0.9500600180485876,0.005819945872244547,0.0,0.01807087354323223,4.908122020876501,30.172832627669397,200,20,88440,4.345525116257351,,,
high,403,0.9500940323954374,0.005624622168241444,0.0,-0.018945046647206774,2.1563081981330203,27.421018804925914,200,20,88660,1.3814678074739184,,,
high,404,0.9501518166069709,0.005550557863254757,0.0,0.01687668873762927,5.6642460630025555,30.92895666979545,200,20,88880,9.51310979953009,,,
high,405,0.9501809777348069,0.005578604678360022,0.0,-0.013183372679003375,4.567105677357975,29.83181628415087,200,20,89100,4.227185030874336,,,
high,406,0.9502285811953954,0.005541019389680435,0.0,0.027560512567157896,4.998602611414653,30.26331321820755,200,20,89320,4.41143197181675,,,
high,407,0.9502208708113197,0.005752009590816787,0.0,-0.00665588595087154,2.368885522332139,27.633596129125035,200,20,89540,1.155129940937584,,,
high,408,0.9502198047762433,0.005651794934738885,0.0,0.004999607391551777,3.8473771514506003,29.112087758243497,200,20,89760,4.340188965932407,,,
high,409,0.9502212986981946,0.005485133323811953,0.0,-0.011686137309025079,6.058503311233585,31.323213918026482,200,20,89980,9.37297044644169,,,
high,410,0.9502218214767498,0.005470825569885651,0.0,0.030842614155767327,3.269749630895794,28.53446023768869,200,20,90200,4.426728472800157,,,
high,411,0.9501848687239949,0.00552242553927218,0.0,-0.018879836507813153,4.037090374886035,29.30180098167893,200,20,90420,4.454340860044519,,,
high,412,0.9502096930679076,0.005450608324307105,0.0,0.032204788129303975,6.0161643994939125,31.28087500628681,200,20,90640,9.862904308392583,,,
high,413,0.9502888022833809,0.005673912035904616,0.0,0.0172453472766958,5.739732168136878,31.004442774929775,200,20,90860,9.033182834888333,,,
high,414,0.9504079612750846,0.005551232519089844,0.0,0.01804530203518463,4.614834682595426,29.87954528938832,200,20,91080,4.044705826981181,,,
high,415,0.9504634363853766,0.005528053885159312,0.0,-0.01707678675581982,5.2410451035086805,30.505755710301578,200,20,91300,4.734443459655144,,,
high,416,0.9504598043723415,0.0053753194023192785,0.0,-0.008500677315009681,4.384959491494239,29.649670098287135,200,20,91520,4.076996504024717,,,
high,417,0.9504829611255995,0.005218351490027362,0.0,-0.0009214707586504546,2.968772748818701,28.233483355611597,200,20,91740,1.257026956454621,,,
high,418,0.9504782046721142,0.005459573165538356,0.0,-0.0009833412224974282,4.768581884698734,30.03329249149163,200,20,91960,4.054857284500869,,,
high,419,0.9505253039835141,0.005406546097823761,0.0,-0.013530668703806429,4.64390179239076,29.908612399183657,200,20,92180,4.691770410608364,,,
high,420,0.9505098473075416,0.005394827351542508,0.0,-0.007513856138093744,4.34235402637671,29.607064633169607,200,20,92400,4.2348861856206605,,,
high,421,0.950444364209513,0.005407901450432573,0.0,-0.043234872787338785,6.7322461954835005,31.996956802276397,200,20,92620,9.31085124729717,,,
high,422,0.9504297545481576,0.005313799142697029,0.0,-0.04155759233592149,6.5859924259013,31.850703032694195,200,20,92840,8.794561792760417,,,
high,423,0.9504762352099319,0.005106088749564863,0.0,0.011304192415759336,2.5050195877172516,27.769730194510146,200,20,93060,1.3558527277070218,,,
high,424,0.9504491566573582,0.005057238650992835,0.0,-0.026646998469775193,4.679949924315665,29.94466053110856,200,20,93280,4.1819424235031635,,,
high,425,0.9504639213733903,0.005098338901569854,0.0,0.003626844374725396,5.2977389178252,30.562449524618096,200,20,93500,8.851654954277878,,,
high,426,0.9505086700353795,0.005283442279527928,0.0,-0.012507544190767082,6.929685912098095,32.19439651889099,200,20,93720,9.307539355287316,,,
high,427,0.9505123505573371,0.005266127746491378,0.0,-0.0005668829120197635,2.8700625682601175,28.134773175053013,200,20,93940,1.3037714615930498,,,
high,428,0.9505234392196928,0.005275076576312987,0.0,-0.03745112491979358,5.647599952656311,30.912310559449207,200,20,94160,4.404232584848505,,,
high,429,0.9505392526347569,0.005331918411564107,0.0,-0.013864945113196228,7.083707346417724,32.34841795321062,200,20,94380,9.973206034530246,,,
high,430,0.9505312599740705,0.005185173184223846,0.0,0.017287314917959568,4.0903718282479185,29.355082435040813,200,20,94600,4.424062922936655,,,
high,431,0.9505636948284416,0.005084299541819881,0.0,0.010751972311535466,5.073789184713921,30.338499791506816,200,20,94820,4.404999598365495,,,
high,432,0.9506306400984836,0.005204149093192334,0.0,-0.007742653565665605,8.06680165838511,33.331512265178006,200,20,95040,16.42482182103223,,,
high,433,0.9506866644004935,0.005094699512082301,0.0,-0.027461235985087717,3.8240018924155765,29.088712499208473,200,20,95260,4.56218413224156,,,
high,434,0.9506589297032085,0.005103088938064104,0.0,0.017219335903636064,4.464654961319951,29.729365568112847,200,20,95480,4.790794862611695,,,
high,435,0.9507281743557761,0.005154394989336342,0.0,-0.005456472935225302,4.314176636104057,29.578887242896954,200,20,95700,4.41787801554075,,,
high,436,0.9506900749148762,0.0052484016496322505,0.0,0.01067712070649687,5.081795800055142,30.346506406848036,200,20,95920,4.215098395944206,,,
high,437,0.9507695280165384,0.005135669423639078,0.0,0.0030044199307888817,4.436760188470962,29.70147079526386,200,20,96140,4.362264814267588,,,
high,438,0.9507947339207393,0.005125663869803843,0.0,0.060648378816890725,2.8705659836342576,28.135276590427154,200,20,96360,1.3420651627172695,,,
high,439,0.9507897863000057,0.005154761070420899,0.0,0.0021770309238960442,2.955361885158317,28.220072491951214,200,20,96580,1.3535115657325307,,,
high,440,0.9507808911730875,0.005194084302325153,0.0,-0.03207160157319374,2.5345297925591797,27.799240399352076,200,20,96800,1.2525551912012434,,,
high,441,0.950725312926713,0.005195521899400313,0.0,-0.0029290883370087163,4.024521169611362,29.289231776404257,200,20,97020,3.9716810486589362,,,
high,442,0.9506567412652216,0.0052361298150466196,0.0,-0.01789217398337807,3.9520478183664327,29.216758425159327,200,20,97240,4.564213986514846,,,
high,443,0.9506192011741792,0.005373020474683798,0.0,0.0013534179367387844,7.2117914000670025,32.476502006859896,200,20,97460,9.698079871201045,,,
high,444,0.9506395562837828,0.0053525967185276135,0.0,-0.001637864514735304,2.3791735996839445,27.64388420647684,200,20,97680,1.5883817161642495,,,
high,445,0.9506549932328537,0.0053659849932967685,0.0,0.008963395551191604,4.084468778071682,29.349179384864577,200,20,97900,4.4001875021228525,,,
high,446,0.9507135096121904,0.005390327963962549,0.0,0.010349253735018344,2.479181135283768,27.743891742076663,200,20,98120,1.3486972582979648,,,
high,447,0.9507840187754525,0.0052190923661006305,0.0,0.008369735877674417,5.177683586386933,30.44239419317983,200,20,98340,4.333817738619538,,,
high,448,0.9508904043239693,0.005334865526358534,0.0,0.04498739287418214,4.204559735168758,29.469270341961654,200,20,98560,4.110570541388587,,,
high,449,0.950847561140496,0.005353611990643881,0.0,-0.005941126641579295,4.043502720665747,29.308213327458642,200,20,98780,4.1448324112674,,,
high,450,0.9508600866674022,0.005389180452838649,0.0,0.012888540702350937,4.6040074898604395,29.868718096653335,200,20,99000,4.062813847868889,,,
high,451,0.9509483811063546,0.005397030125819935,0.0,-0.026774781940648213,4.043676094199925,29.30838670099282,200,20,99220,4.466701651327125,,,
high,452,0.9510083018376239,0.0053921630016982025,0.0,0.006006962103325304,8.651825219037747,33.91653582583064,200,20,99440,16.810869403496017,,,
high,453,0.9509588437365887,0.005368488975859842,0.0,0.015467056365185885,4.414257995808954,29.67896860260185,200,20,99660,4.325697771421812,,,
high,454,0.951003249381732,0.0052942525927348605,0.0,-0.024502742739104924,6.663147975132066,31.927858581924962,200,20,99880,9.074544421062525,,,
high,455,0.9510356914747227,0.005302340117114168,0.0,-0.02445342703278631,4.279638290465089,29.544348897257983,200,20,100100,4.090555036459886,,,
high,456,0.9510843008426997,0.005175287482050761,0.0,0.015015156933432498,4.364120547808888,29.628831154601784,200,20,100320,4.008743617134526,,,
high,457,0.9510362260071089,0.005145776376274336,0.0,-0.005733396171429252,4.0785809075347235,29.343291514327618,200,20,100540,4.579461147386158,,,
high,458,0.9510491909241584,0.005078764185455831,0.0,-0.0274212992889016,2.3555602218203804,27.620270828613275,200,20,100760,1.226718113102435,,,
high,459,0.9510626751433952,0.0052492781699209345,0.0,-0.001653665843648493,3.8769474384791014,29.141658045271996,200,20,100980,4.570882640849249,,,
high,460,0.9511044629434589,0.005255425980838391,0.0,-0.013938845148037829,4.715519126937418,29.980229733730315,200,20,101200,4.142244366302242,,,
high,461,0.9511649016386293,0.005211695618080325,0.0,-0.012117611384877896,3.9195884375364045,29.1842990443293,200,20,101420,4.451376650826479,,,
high,462,0.9511636241104411,0.005299488812764652,0.0,-0.018090045657331487,3.4486275450383617,28.71333815183126,200,20,101640,4.467708417612361,,,
high,463,0.9511666864710161,0.005267637059388486,0.0,0.021118859613169963,3.2698099659693516,28.534520572762247,200,20,101860,4.572989887780452,,,
high,464,0.9511443698309895,0.0054433946034253555,0.0,-0.02208171317982261,4.17401796156564,29.438728568358535,200,20,102080,4.47492977647296,,,
high,465,0.9511869482829035,0.0054378201688243255,0.0,-0.002601520527300878,7.59208895359691,32.8567995603898,200,20,102300,9.584047811869867,,,
high,466,0.9512015490568715,0.005445065644995806,0.0,-0.0028055806677304944,3.394792639392396,28.65950324618529,200,20,102520,1.3334049560310004,,,
high,467,0.951169760854042,0.005619037107706393,0.0,-0.005016727442045534,4.832838701803686,30.097549308596584,200,20,102740,4.183230160760963,,,
high,468,0.9511238166394234,0.005595813508127545,0.0,0.013588830106692358,2.127392037859448,27.392102644652343,200,20,102960,1.1839267354024705,,,
high,469,0.9511493059513108,0.0055825781426117604,0.0,0.009703242446885906,3.4605900975765005,28.725300704369396,200,20,103180,1.4016233791258128,,,
high,470,0.9511617626985635,0.005613380845545746,0.0,-0.018020537733118576,2.7840926062383375,28.048803213031235,200,20,103400,1.2483966484193358,,,
high,471,0.9511615063214586,0.005765308116629009,0.0,-0.0006362772558103089,4.369796211519425,29.63450681831232,200,20,103620,4.238983239226936,,,
high,472,0.9511543171928809,0.005825741732241152,0.0,-0.009152254411597805,5.579647336167594,30.84435794296049,200,20,103840,9.550297527356948,,,
high,473,0.95109763059313,0.005788922755471493,0.0,-0.02570037188389166,3.01119944357532,28.275910050368218,200,20,104060,1.2113383575913186,,,
high,474,0.9510442135475866,0.005675281976191382,0.0,-0.006173165767104712,6.079612065751246,31.34432267254414,200,20,104280,9.10988673896265,,,
high,475,0.9510468167230076,0.005747287144419855,0.0,0.0018539242415553832,3.566078865307942,28.83078947210084,200,20,104500,4.003900136549319,,,
high,476,0.9510791020671561,0.005725297346097724,0.0,-0.012843773660741442,4.812107257116503,30.076817863909397,200,20,104720,4.634252849119984,,,
high,477,0.9511253337392653,0.005470020534878328,0.0,0.005626323660126838,4.149515475913844,29.41422608270674,200,20,104940,3.953912267211166,,,
high,478,0.9510909260160296,0.005282538076142651,0.0,0.014399139160004529,4.605460461542539,29.870171068335434,200,20,105160,4.101727742299715,,,
high,479,0.9510227730580756,0.0053015335847770295,0.0,-0.0037488157128447545,4.876892510637294,30.14160311743019,200,20,105380,4.295627579161121,,,
high,480,0.9510075955085286,0.005334833438469744,0.0,-0.021934312216761266,4.559292840150821,29.824003446943717,200,20,105600,4.434320930811005,,,
high,481,0.9509952771423525,0.005418576272197995,0.0,-0.006132097429956295,6.12080973937651,31.385520346169407,200,20,105820,9.36062097227632,,,
high,482,0.950993793924976,0.005294191992355257,0.0,-0.014422962960445585,3.72982867036997,28.994539277162865,200,20,106040,4.540584314087054,,,
high,483,0.9509557426418387,0.005282817354697378,0.0,0.02911510831208039,4.4493105585729005,29.714021165365796,200,20,106260,4.509393628951655,,,
high,484,0.9508706027936988,0.005527147123514209,0.0,-0.056230421191795776,6.766842282893283,32.03155288968618,200,20,106480,9.033982702409835,,,
high,485,0.9508812398997525,0.005593427883355484,0.0,0.0034049139411999564,4.434139437840911,29.698850044633808,200,20,106700,4.206512317631704,,,
high,486,0.9508612901120203,0.005441486615389235,0.0,0.006562765441583715,4.322754501388694,29.58746510818159,200,20,106920,3.9174729384519806,,,
high,487,0.9508760735180354,0.005584601341738438,0.0,0.0070396095033952505,3.7053049384717798,28.970015545264676,200,20,107140,4.607095599477165,,,
high,488,0.9509662359093127,0.005625731635488074,0.0,-0.008284502254842072,3.5768591929014217,28.84156979969432,200,20,107360,3.7517460698903444,,,
high,489,0.9509724716493078,0.00560457959582894,0.0,-0.016471117240588404,5.186844954869486,30.45155556166238,200,20,107580,4.030460679286245,,,
high,490,0.9509763970804587,0.005625767831059836,0.0,-0.030984276998937896,7.208511775488851,32.47322238228175,200,20,107800,9.199760995661894,,,
high,491,0.9509832607864982,0.005421873826822243,0.0,-0.017533660150778386,2.9069316526245674,28.171642259417464,200,20,108020,1.3296605556343406,,,
high,492,0.9509594989143565,0.005613733820993949,0.0,-0.024761526211920952,4.576952120581808,29.841662727374704,200,20,108240,4.697650913522986,,,
high,493,0.951051245451321,0.005534227806912484,0.0,0.05778803246859367,5.908569675723013,31.173280282515908,200,20,108460,9.49063037614897,,,
high,494,0.9510992705462482,0.0054990328489396,0.0,-0.006548872189857562,4.492125627253787,29.756836234046684,200,20,108680,4.52609269717402,,,
high,495,0.9511347531811306,0.005308713945419985,0.0,-0.01249975092299402,4.392749412299884,29.65746001909278,200,20,108900,4.8339888039278325,,,
high,496,0.9510754469139271,0.005243765603564987,0.0,-0.008915487544148467,3.242362341551608,28.507072948344504,200,20,109120,4.1032286373740465,,,
high,497,0.9511063891728165,0.005207712530189368,0.0,0.016512411939542792,9.42800600168005,34.69271660847295,200,20,109340,16.975538886173744,,,
high,498,0.9510781940018286,0.005095483083840113,0.0,0.004724259860438274,6.869252869508671,32.13396347630157,200,20,109560,9.61024593688979,,,
high,499,0.9511301613571109,0.00500117267139355,0.0,0.0031091903269102827,7.11686790484597,32.381578511638864,200,20,109780,9.33577045118428,,,
high,500,0.9511144588260025,0.005012872467032414,0.0,-0.025998588556385857,4.441248164993318,29.705958771786214,200,20,110000,4.490514150599068,,,
high,501,0.9511288521248408,0.004897909905850484,0.0,0.010278349286439736,2.467475846438852,27.732186453231748,200,20,110220,1.3075704589695212,,,
high,502,0.9510845927685032,0.00494353953011728,0.0,-0.026954198547420163,3.9162546728722374,29.180965279665134,200,20,110440,4.146217702372378,,,
high,503,0.951138978148616,0.0049395058762639055,0.0,0.005917957816037073,3.915249235755358,29.179959842548254,200,20,110660,4.3798134014006544,,,
high,504,0.9511844982451182,0.004965637559282254,0.0,0.014806983030475738,4.408404958430731,29.673115565223625,200,20,110880,4.41582383834824,,,
high,505,0.9511920594715138,0.00499558288447699,0.0,-0.021838564681238827,7.232080411274581,32.496791018067476,200,20,111100,9.516854581176379,,,
high,506,0.9511952993762622,0.004901274870392602,0.0,-0.007541783215080153,3.5365802309252268,28.801290837718124,200,20,111320,4.003653830669405,,,
high,507,0.9512437759551203,0.004835755003638753,0.0,-0.01475960029208778,4.38205135007226,29.646761956865156,200,20,111540,4.341505230759039,,,
high,508,0.9512068336707368,0.0049718392987042614,0.0,-0.01936971026468115,2.661519872664644,27.92623047945754,200,20,111760,1.4146333815468581,,,
high,509,0.9513020319384806,0.004976195461699029,0.0,0.008718415284302616,2.2922467259929746,27.55695733278587,200,20,111980,1.2974774108141782,,,
high,510,0.9513195736238883,0.005010820141645778,0.0,-0.02440842667685941,2.4987942935113927,27.763504900304287,200,20,112200,1.4241287835275809,,,
high,511,0.9513928075963551,0.004997178192262197,0.0,0.026076189042133335,2.774649966953298,28.039360573746194,200,20,112420,1.352988518123497,,,
high,512,0.95143797101232,0.004945099338494741,0.0,-0.015013482039793266,3.187671842173037,28.452382448965935,200,20,112640,4.481044545091604,,,
high,513,0.9514658120972316,0.005194116755730116,0.0,-0.040394542154207666,3.8534548618655733,29.118165468658468,200,20,112860,4.492304286874094,,,
high,514,0.9514989449677514,0.005371104969876028,0.0,0.02347345749811457,2.9890605722533894,28.253771179046286,200,20,113080,1.263889446691248,,,
high,515,0.9515199075739698,0.005521660027886899,0.0,-0.024151293153823517,5.746142096552164,31.01085270334506,200,20,113300,9.818884553212204,,,
high,516,0.9514832953493003,0.005419856160210457,0.0,-0.003013782803769317,7.189758222407952,32.45446882920085,200,20,113520,9.076490147304753,,,
high,517,0.9514847522801065,0.005561992143833683,0.0,0.009972924459070076,3.8123283308605904,29.077038937653487,200,20,113740,4.449560274624677,,,
high,518,0.9515453382850385,0.005431907826887183,0.0,0.04421289606127911,5.771667351828073,31.036377958620967,200,20,113960,9.868462134064316,,,
high,519,0.9516030231099555,0.005214968926232855,0.0,-0.011016365454406178,3.4039281165661706,28.668638723359066,200,20,114180,4.628285514480878,,,
high,520,0.9516722170497728,0.005216898571223094,0.0,-0.014599181668028363,3.8827796168818964,29.147490223674794,200,20,114400,4.5303637302426605,,,
high,521,0.9517314029163195,0.00519598264789356,0.0,-0.005083910876101014,4.820741234957053,30.08545184174995,200,20,114620,4.668239774553639,,,
high,522,0.9517824834339819,0.005317132092548915,0.0,0.0013138833210155978,7.496841871713954,32.76155247850685,200,20,114840,9.088044197578222,,,
high,523,0.9518869176455248,0.005305333827136605,0.0,0.0038865014673184826,3.1660292828944647,28.43073988968736,200,20,115060,1.3453574669939388,,,
high,524,0.9518683930390536,0.005302099320690923,0.0,-0.018429969118867243,6.708976681629086,31.97368728842198,200,20,115280,10.034007723056703,,,
high,525,0.9517738659965151,0.005196655942518391,0.0,0.01020061484155332,3.2976782325036975,28.562388839296595,200,20,115500,1.2122968523732067,,,
high,526,0.9517803665060376,0.005253302646154867,0.0,-0.0046120801562066745,5.513605125809894,30.778315732602792,200,20,115720,3.947155013791427,,,
high,527,0.9518828658539368,0.005250608547131552,0.0,0.03359617654888985,4.492537197439881,29.757247804232776,200,20,115940,4.045644087224706,,,
high,528,0.9519254278838949,0.005088238881590601,0.0,0.0008919891872311243,5.034901168570414,30.29961177536331,200,20,116160,4.101315955286928,,,
high,529,0.9520288302899834,0.005153365834614232,0.0,0.04416883437269114,4.667835577857577,29.932546184650473,200,20,116380,4.729662559881598,,,
high,530,0.9520163690969478,0.005120534850365566,0.0,-0.028017762391071472,6.371321775843945,31.63603238263684,200,20,116600,9.335629038452844,,,
high,531,0.9519413616972736,0.004920091030040874,0.0,-0.014393279924382071,5.092526280533222,30.357236887326117,200,20,116820,4.574735274606339,,,
high,532,0.951970552996925,0.005058907530669177,0.0,-0.013946443817954839,3.601480096720892,28.866190703513787,200,20,117040,4.377916009020763,,,
high,533,0.9520327587412827,0.005136439641422963,0.0,0.0006161350127418731,6.225520111531573,31.49023071832447,200,20,117260,8.972961590214448,,,
high,534,0.95202257270565,0.005239321719217482,0.0,-0.03128986255106555,5.815703273215918,31.080413880008813,200,20,117480,9.07794681711164,,,
high,535,0.9519963663848864,0.00520310369799426,0.0,-0.025308751797434973,2.202016424813583,27.466727031606478,200,20,117700,1.3924757994416332,,,
high,536,0.9519476523440574,0.005108062955828552,0.0,-0.034355221210701614,4.655804510275293,29.920515117068188,200,20,117920,4.7714500952359495,,,
high,537,0.9519792016580759,0.005084933030268246,0.0,-0.013088329610335377,8.150418366182125,33.41512897297502,200,20,118140,17.089040272156193,,,
high,538,0.9519290641696441,0.005070725991176972,0.0,-0.018625993271736325,4.604457617155893,29.86916822394879,200,20,118360,4.349846714981716,,,
high,539,0.951916538064297,0.0051310877448819125,0.0,0.003516605163333136,3.6175205306136253,28.88223113740652,200,20,118580,4.303208019374301,,,
high,540,0.9519252062966099,0.004983098799303365,0.0,-0.009706444955037384,3.4849130547837364,28.74962366157663,200,20,118800,4.2233547883123075,,,
high,541,0.9519577045498246,0.004860945959290874,0.0,-0.019468643706187904,4.380124657530953,29.64483526432385,200,20,119020,4.5517170222093535,,,
high,542,0.9519513905622077,0.004961322555515069,0.0,0.03399477453613646,3.9982109733832045,29.2629215801761,200,20,119240,4.691239254258609,,,
high,543,0.9519015200091978,0.0049704554183698235,0.0,-0.005813092328236028,5.412560729494629,30.677271336287525,200,20,119460,4.279930106072427,,,
high,544,0.9519771738087296,0.004917294468148037,0.0,-0.011216688704893864,2.8738735076465183,28.138584114439414,200,20,119680,1.1176910869570142,,,
high,545,0.9520310754259879,0.005028754405399072,0.0,0.012621372486992986,3.628868077047333,28.89357868384023,200,20,119900,4.427819533731166,,,
high,546,0.9520331915352086,0.0050079384901959845,0.0,-0.01842663217595949,2.3170546303423203,27.581765237135215,200,20,120120,1.2899433537447011,,,
high,547,0.9519832501282165,0.004925779035657052,0.0,-0.013110619164941224,2.303689272980397,27.568399879773292,200,20,120340,1.402677846063268,,,
high,548,0.9520111410527045,0.004849938793095032,0.0,0.010269760759313209,4.8333956353342264,30.098106242127123,200,20,120560,4.516675159704417,,,
high,549,0.9519839814119527,0.0047957613148083,0.0,0.011202374716119765,2.9002106246014696,28.164921231394366,200,20,120780,1.23452372364676,,,
high,550,0.9520123404204505,0.0047907466082632855,0.0,-0.0057824472105489485,2.7166892606457305,27.981399867438626,200,20,121000,1.2633278844305715,,,
high,551,0.9520379729565756,0.004880659100548579,0.0,-0.024831574649584603,4.542970454425298,29.807681061218194,200,20,121220,4.608631321146138,,,
high,552,0.9520533415325991,0.0047748654456154505,0.0,-0.003530909832432191,3.257752639141924,28.52246324593482,200,20,121440,4.38385672251526,,,
high,553,0.952087223121783,0.0046890063136900695,0.0,0.03383413140836159,3.603356171234425,28.86806677802732,200,20,121660,4.711353732145851,,,
high,554,0.9520304039687261,0.004958618771659262,0.0,-0.01973096653308946,4.331634340959808,29.596344947752705,200,20,121880,4.102707891839049,,,
high,555,0.9520860449812547,0.0050536736228520285,0.0,0.009947865824116954,2.1331035407664527,27.397814147559348,200,20,122100,1.1795226990113836,,,
high,556,0.9520710379315981,0.005016351372337802,0.0,-0.022178029483594725,3.5758760652066677,28.840586671999564,200,20,122320,4.366000036463157,,,
high,557,0.9520934002194146,0.005095126969920427,0.0,-0.021973447893381723,5.204827823038276,30.46953842983117,200,20,122540,4.202974922364117,,,
high,558,0.9521253654942505,0.0050474537932386765,0.0,0.006973767854482273,3.757241774891455,29.02195238168435,200,20,122760,4.22849353549888,,,
high,559,0.9520996738146941,0.005084186493386489,0.0,-0.0036171835675527435,2.9002854602238948,28.16499606701679,200,20,122980,1.323792269440538,,,
high,560,0.9520737004015045,0.00494902442108458,0.0,0.018940793121944254,3.4823661251431246,28.74707673193602,200,20,123200,4.10824023349415,,,
high,561,0.9520711624814867,0.00493398052359495,0.0,0.01674668082388028,3.6600821346662036,28.9247927414591,200,20,123420,4.523273671684149,,,
high,562,0.9521118810735055,0.004981304247547724,0.0,0.009362781122331118,5.13107486046667,30.395785467259564,200,20,123640,4.499108352106229,,,
high,563,0.9521067354022449,0.0048861763197548536,0.0,0.01829882851681048,3.328653805578774,28.59336441237167,200,20,123860,4.12983557131556,,,
high,564,0.9521242864001764,0.0050232870674179475,0.0,-0.024183874895744067,3.6200712371308876,28.884781843923783,200,20,124080,4.4992387810373655,,,
high,565,0.9521036319007157,0.004886532023940404,0.0,-0.0019299843753872814,6.131468307753612,31.396178914546507,200,20,124300,8.953104163183099,,,
high,566,0.9521726244182908,0.004836342365516999,0.0,0.006998498940413515,5.50886702523879,30.773577632031685,200,20,124520,9.517644042925458,,,
high,567,0.9521835024811557,0.004862676311408909,0.0,-0.04095594067986392,4.008528986519163,29.27323959331206,200,20,124740,4.34659408754432,,,
high,568,0.9521306539603411,0.004807201016037266,0.0,0.0017444342703545415,4.916928182550907,30.181638789343804,200,20,124960,4.2386390818451,,,
high,569,0.9521633420159589,0.0046786706642162335,0.0,0.021050042917930417,11.30129529472456,36.56600590151746,200,20,125180,25.56199485005542,,,
high,570,0.9521599301011029,0.004794850467875644,0.0,0.01465273420567549,2.9779020356468866,28.24261264243978,200,20,125400,1.3543324139118502,,,
high,571,0.9521369066874503,0.004944244915604745,0.0,-0.023614773362414847,6.763577534767352,32.028288141560246,200,20,125620,9.288234938376357,,,
high,572,0.9521059000502433,0.004942234280336133,0.0,0.005384796172933155,3.752904083440909,29.017614690233806,200,20,125840,4.447748821212037,,,
high,573,0.9520540832099439,0.005135206360219247,0.0,-0.016327182965647467,4.627534104610987,29.892244711403883,200,20,126060,4.57089376792757,,,
high,574,0.951989774750566,0.005245599792906397,0.0,-0.020567059507356447,3.98846673478997,29.253177341582866,200,20,126280,4.525669228979878,,,
high,575,0.9519874789687123,0.005244864319455811,0.0,0.006120288259405425,5.117213040939821,30.381923647732716,200,20,126500,4.345415377473441,,,
high,576,0.952068225331872,0.005610919563467376,0.0,0.0022171709341100923,4.916812609245347,30.181523216038244,200,20,126720,4.599728031619597,,,
high,577,0.9520947749169727,0.00560626666915931,0.0,0.019090413784914047,4.745979977950933,30.010690584743827,200,20,126940,3.9450055216954176,,,
high,578,0.9520190512490448,0.005452826411789347,0.0,0.011705703203884591,7.678402885900987,32.94311349269388,200,20,127160,9.35512828718566,,,
high,579,0.9520422313330956,0.005465963112899819,0.0,-0.009084250366474004,4.2794928871187325,29.544203493911628,200,20,127380,3.985667741384791,,,
high,580,0.9520299493825952,0.005370262490668298,0.0,0.00937122480581049,2.7578759570223315,28.022586563815228,200,20,127600,1.2769218805737408,,,
high,581,0.9519392916316542,0.005212847311392599,0.0,0.02381716514246119,5.072264270528038,30.336974877320934,200,20,127820,8.850400670828405,,,
high,582,0.9519327447374681,0.005295791446201847,0.0,-0.015364592168615587,5.568741185183456,30.83345179197635,200,20,128040,8.994447933892767,,,
high,583,0.9519012802896852,0.0052091193725767315,0.0,0.005776343432597174,4.444922078509017,29.709632685301912,200,20,128260,4.293003101254189,,,
high,584,0.9518377485984125,0.005105383988454948,0.0,-0.010523156819250236,5.099178525030468,30.363889131823363,200,20,128480,9.445531210668783,,,
high,585,0.9517674253298802,0.005335338424356073,0.0,-0.03562839937583868,5.38358548075919,30.648296087552087,200,20,128700,9.311883226556168,,,
high,586,0.9517615242326627,0.005069370546637253,0.0,-0.010151368198702004,3.1271876338888642,28.391898240681762,200,20,128920,3.991604686915627,,,
high,587,0.9517202759158768,0.005045566658750222,0.0,-0.021182876646426277,4.132727867037582,29.397438473830476,200,20,129140,4.495951895854943,,,
high,588,0.9517540412977029,0.005057553144571902,0.0,-0.03323581715270961,3.741518624162467,29.006229230955363,200,20,129360,4.083515553787401,,,
high,589,0.9517703883697876,0.0049592603336109375,0.0,0.03309915830705372,3.756039585105243,29.020750191898138,200,20,129580,4.1131840218573625,,,
high,590,0.9517462684768914,0.005017597408434105,0.0,0.021513114793563232,4.084915051448968,29.349625658241862,200,20,129800,4.30522476291706,,,
high,591,0.9517835791701053,0.004959631592241109,0.0,-0.009972679571384358,4.430417129821283,29.69512773661418,200,20,130020,4.299137962052044,,,
high,592,0.9518013769515662,0.004891199352902942,0.0,-0.005835579018643929,9.09768969682782,34.36240030362072,200,20,130240,16.433117152188977,,,
high,593,0.9517374415625413,0.004788639303027975,0.0,0.005992075212959483,3.8033485850699082,29.068059191862805,200,20,130460,4.294351227760275,,,
high,594,0.951774625228082,0.004752054995505239,0.0,0.008275197159773448,3.428101385289573,28.69281199208247,200,20,130680,4.237872641510161,,,
high,595,0.951771284740743,0.004720775994313198,0.0,0.011587337483183493,2.9948826301372677,28.259593236930165,200,20,130900,1.2015341301047275,,,
high,596,0.9517687881486077,0.004802536002166069,0.0,-0.014455181713420022,4.950144375177603,30.214854981970497,200,20,131120,4.323998579834685,,,
high,597,0.9517354478246036,0.00487187948298895,0.0,-0.023802828837847935,3.935762353601174,29.20047296039407,200,20,131340,4.592971951831845,,,
high,598,0.951758073877894,0.004889513056342998,0.0,0.01855306007379876,3.6791510141598254,28.94386162095272,200,20,131560,4.3542407358222635,,,
high,599,0.9517937836316679,0.005038483482479705,0.0,-0.03831218496124645,4.695696606679695,29.960407213472593,200,20,131780,4.069708875562418,,,
high,600,0.9518064747584962,0.004958204411042555,0.0,-0.024938869765598858,2.543992621766458,27.808703228559352,200,20,132000,1.210580934648681,,,
high,601,0.9517868759869725,0.004648816756593344,0.0,-0.00499068175409166,6.485626238034662,31.750336844827558,200,20,132220,9.676086763725689,,,
high,602,0.9518740323667652,0.004536451949935794,0.0,-0.007864004227629028,3.5008913331581226,28.76560193995102,200,20,132440,4.584081208859826,,,
high,603,0.9518817615862962,0.004371569968686262,0.0,0.03616452918935626,4.529852747871514,29.79456335466441,200,20,132660,4.533816108186446,,,
high,604,0.9518721486123843,0.004394050451451026,0.0,-0.01286902398436668,4.960846103559253,30.225556710352148,200,20,132880,4.387225961306201,,,
high,605,0.9518761489198432,0.004384978758430358,0.0,0.025020639858346985,3.390262816417351,28.654973423210247,200,20,133100,4.516556522044199,,,
high,606,0.9518577611671941,0.004397984702226854,0.0,-0.007815193097459485,5.487145533725778,30.751856140518676,200,20,133320,9.318746665569497,,,
high,607,0.9518682612704265,0.0045347704244027565,0.0,0.011402409376923984,5.469836486158337,30.73454709295123,200,20,133540,9.480839200962778,,,
high,608,0.9518591801393692,0.0043099659560895676,0.0,-0.009534610178938408,4.303053899820268,29.567764506613166,200,20,133760,4.461489013173296,,,
high,609,0.9518824040753543,0.004318373965136235,0.0,-0.004086883188381786,4.095572149629335,29.36028275642223,200,20,133980,4.050533443653913,,,
high,610,0.9519122069631423,0.004319607917981028,0.0,-0.014043717684032736,4.32120096512569,29.585911571918587,200,20,134200,4.074043903350258,,,
high,611,0.9518938017655096,0.004122270424519403,0.0,-0.025941839952735184,4.161551502269912,29.426262109062808,200,20,134420,4.732935933353405,,,
high,612,0.9518320323763148,0.004208982194539357,0.0,-0.01486770349613893,3.762583389441856,29.027293996234754,200,20,134640,4.673809909733223,,,
high,613,0.9518091779378614,0.004075844147653274,0.0,0.014654372227254945,3.9200674415172734,29.184778048310168,200,20,134860,4.341540284399364,,,
high,614,0.9518167760505726,0.004072891377108867,0.0,0.027196870165604074,7.183109408864441,32.447820015657335,200,20,135080,9.80937523232881,,,
high,615,0.9518626201058685,0.004038785051670879,0.0,-0.03341081116622531,4.548681453504677,29.813392060297573,200,20,135300,4.661830905991235,,,
high,616,0.9518618017595686,0.00397532831148617,0.0,-0.027206293610895185,3.5119052107374182,28.776615817530313,200,20,135520,4.521917314156996,,,
high,617,0.9518457798792171,0.004040506349776707,0.0,-0.014748847016825559,4.09368268173142,29.358393288524315,200,20,135740,4.229661388646912,,,
high,618,0.9518564987994543,0.004058971388776311,0.0,0.023654288773467733,2.278601879556277,27.543312486349173,200,20,135960,1.5273398525215884,,,
high,619,0.9518551142101167,0.003894600736632725,0.0,0.020175755689866157,5.20512902192654,30.469839628719434,200,20,136180,4.341190907451186,,,
high,620,0.9519263501617218,0.003803497164929781,0.0,0.022567497093747176,2.4462745081277917,27.71098511492069,200,20,136400,1.45841517240034,,,
high,621,0.9519467717530438,0.0038593512586010403,0.0,-0.0170960849640071,5.698277670359807,30.962988277152704,200,20,136620,9.460954801327542,,,
high,622,0.9519678674041581,0.003679912541016739,0.0,0.062004412649225876,2.198732401533321,27.463443008326216,200,20,136840,1.6197688761440614,,,
high,623,0.9519998346177388,0.003709751663272698,0.0,0.025393122282788907,4.759457509531418,30.024168116324315,200,20,137060,4.171348235481146,,,
high,624,0.9519734507165841,0.00360442104413472,0.0,0.001961689804285871,3.8741211610288255,29.13883176782172,200,20,137280,4.690621381084102,,,
high,625,0.9520257396924054,0.0035711747047488807,0.0,0.03360282104681342,3.7115556138098027,28.9762662206027,200,20,137500,4.111365482711459,,,
high,626,0.9520317096095534,0.0036528265726569753,0.0,-0.009843131245279812,3.5170009034056005,28.781711510198498,200,20,137720,4.309777770708572,,,
high,627,0.951944145745828,0.003704121445328723,0.0,0.012003811487500548,5.6089315724658,30.873642179258695,200,20,137940,9.220401025313679,,,
high,628,0.9520112736562225,0.0035576894981845797,0.0,-0.015142138757508668,4.199220825443377,29.463931432236272,200,20,138160,4.55929166015957,,,
high,629,0.9520688401441084,0.00343653850527581,0.0,0.00452850431493445,5.025968132589573,30.290678739382468,200,20,138380,4.395629958875039,,,
high,630,0.9521154145693312,0.0034113730317612,0.0,0.040830019452085975,3.8582942263922906,29.123004833185185,200,20,138600,4.553143885951639,,,
high,631,0.952067397325152,0.0034555077302659276,0.0,-0.03751883906664764,4.430182226577454,29.69489283337035,200,20,138820,4.108314892142034,,,
high,632,0.9520306623780463,0.003585287734523046,0.0,0.014279870732548099,4.437179553399011,29.70189016019191,200,20,139040,4.209893665827006,,,
high,633,0.9520407977979333,0.0036699938446793645,0.0,0.021930479491697907,3.996684229131896,29.26139483592479,200,20,139260,4.347065646705392,,,
high,634,0.9521008531756537,0.0036880107448762356,0.0,-0.00722308927504202,8.245620083126637,33.510330689919535,200,20,139480,16.752310114901334,,,
high,635,0.9520928935100984,0.0037187971998545732,0.0,0.041067284170881166,3.5196521508932763,28.78436275768617,200,20,139700,3.970455688168727,,,
high,636,0.9521094510354028,0.003625570498663633,0.0,0.0529190384374695,5.239932610311739,30.504643217104636,200,20,139920,5.449180898565243,,,
high,637,0.9521097765210166,0.0034293929759446895,0.0,0.045457775911578256,5.041214052862936,30.305924659655833,200,20,140140,9.542785175847214,,,
high,638,0.9521234320304486,0.003367016107960752,0.0,0.015944156948427143,3.919977327548447,29.184687934341344,200,20,140360,4.32708064761636,,,
high,639,0.9521154125990126,0.0033516578417167597,0.0,-0.024988588203400632,4.3116134961557595,29.576324102948654,200,20,140580,4.478791813579156,,,
high,640,0.9521538855798221,0.0032368743469799455,0.0,0.011441633319947037,7.080747676640391,32.34545828343329,200,20,140800,9.328704810248645,,,
high,641,0.9521555664855583,0.003034870569735948,0.0,-0.03409445016906093,5.119642611496321,30.384353218289217,200,20,141020,4.411415060165092,,,
high,642,0.9521910472841257,0.003012338896436706,0.0,0.011848797048909357,2.4165498887497434,27.681260495542638,200,20,141240,1.369358447711251,,,
high,643,0.9521865756305997,0.0029673113515459315,0.0,-0.03447960775749226,4.3284684967522375,29.593179103545133,200,20,141460,4.315767368117641,,,
high,644,0.9521677325552501,0.002928854932261804,0.0,-0.034341034168755155,3.2487120547787702,28.513422661571667,200,20,141680,4.738484875510397,,,
high,645,0.9521689360231497,0.003033443145403436,0.0,-0.012560931868836498,6.50397942169182,31.768690028484716,200,20,141900,9.027313793850766,,,
high,646,0.9521958231378719,0.0030241635553741597,0.0,0.0014248079148308282,3.4983409197503885,28.763051526543286,200,20,142120,4.259139795925947,,,
high,647,0.9522429813816687,0.0030120767076765587,0.0,-0.011800538548747781,4.020838523701723,29.28554913049462,200,20,142340,4.362213544481585,,,
high,648,0.9522263758338364,0.003141780859387988,0.0,-0.04254652382686378,3.52579469422138,28.790505301014274,200,20,142560,4.400555635677424,,,
high,649,0.9522448514114858,0.0032339293773421263,0.0,-0.022245123698819144,4.905663618443527,30.170374225236422,200,20,142780,4.680199279689516,,,
high,650,0.9522513504033369,0.003321798046216351,0.0,-0.0015454082342677656,5.10846299788632,30.373173604679216,200,20,143000,4.414791991810747,,,
high,651,0.9522727575562693,0.003420584198587928,0.0,-0.024362309175932538,2.654611970175769,27.919322576968664,200,20,143220,1.3340418348767742,,,
high,652,0.9522783698903368,0.003418826528622132,0.0,-0.012870399103693857,2.5928659133219645,27.85757652011486,200,20,143440,1.417726510909959,,,
high,653,0.952296347664143,0.003405463232681427,0.0,0.004401426088760009,7.046579002268352,32.31128960906125,200,20,143660,9.646943044708397,,,
high,654,0.9522970716449811,0.0034410073067373537,0.0,0.042077916227053105,6.470949863732093,31.73566047052499,200,20,143880,9.561323913303182,,,
high,655,0.952301996135045,0.003475715200165208,0.0,-0.013713537370538044,3.7136483729841396,28.978358979777035,200,20,144100,4.294469218144444,,,
high,656,0.9522919816992294,0.0034790860842193183,0.0,-0.03689281761333336,2.967549042726832,28.232259649519726,200,20,144320,1.282024111539289,,,
high,657,0.9522886854216538,0.003608957867615059,0.0,-0.0003805718634205461,5.3702141781611665,30.634924784954062,200,20,144540,4.314308298453641,,,
high,658,0.9522847140524301,0.003468797367918164,0.0,-0.011081318366663585,3.753253951793969,29.017964558586865,200,20,144760,4.825646705178255,,,
high,659,0.9522833934058464,0.0033729410679784744,0.0,-0.010953382835765952,4.845824154320771,30.110534761113666,200,20,144980,4.577952386105115,,,
high,660,0.9523071405340823,0.0032362825771801162,0.0,-0.008185832614778564,3.79782348034169,29.062534087134587,200,20,145200,4.326297179989311,,,
high,661,0.95233975228842,0.0032897550900399253,0.0,-0.018779177794912682,4.821204494812879,30.085915101605774,200,20,145420,4.267665008438773,,,
high,662,0.9523142622150239,0.003283592661673329,0.0,-0.043448979171971165,2.2285854188130854,27.493296025605982,200,20,145640,1.310799752931772,,,
high,663,0.9523006186077646,0.003265287915080073,0.0,0.02311230706257414,4.464117075654392,29.72882768244729,200,20,145860,4.3763291455088735,,,
high,664,0.952297285463763,0.003260355693830652,0.0,-0.005004129085656417,5.130989944533639,30.395700551326534,200,20,146080,4.152661691372936,,,
high,665,0.9522452209406432,0.0033684476916286954,0.0,-0.009885034474896404,5.300739663295037,30.565450270087933,200,20,146300,4.805771328004782,,,
high,666,0.9522663777906992,0.0033333019978314393,0.0,-0.0013027054542173854,3.6358843741485285,28.900594980941424,200,20,146520,4.183708957946181,,,
high,667,0.9521848167374373,0.003445417172313836,0.0,-0.016577987306938904,5.109780542499608,30.374491149292503,200,20,146740,9.016559940158277,,,
high,668,0.9521523697573944,0.003483696291599725,0.0,0.015338197460082888,4.4171217087028785,29.681832315495775,200,20,146960,4.363508033168607,,,
high,669,0.9521849263920062,0.003551592968010553,0.0,0.02350239474972625,4.675413627422096,29.94012423421499,200,20,147180,4.229829110351297,,,
high,670,0.9521397457903398,0.003748482416662924,0.0,-0.023598553205595084,2.1327661708494223,27.397476777642318,200,20,147400,1.363524193409342,,,
high,671,0.9521546122539353,0.003657738144689948,0.0,0.009697234861457864,4.860675380983078,30.125385987775974,200,20,147620,4.283959639233784,,,
high,672,0.9521787354279608,0.003671176311329183,0.0,0.000984241885261405,5.146443362333701,30.411153969126598,200,20,147840,9.445158479453555,,,
high,673,0.9522069816852358,0.0034281627244470148,0.0,-0.003371515014239173,5.539321420808595,30.80403202760149,200,20,148060,4.448576571565884,,,
high,674,0.952214530833961,0.003200781288024368,0.0,-0.012818228770075138,4.900621321117917,30.165331927910813,200,20,148280,4.393815063163164,,,
high,675,0.9522375742742379,0.0032520345677056195,0.0,-0.04902418363858292,5.302177294077636,30.566887900870533,200,20,148500,4.757780619786603,,,
high,676,0.9522484199562764,0.003365805195099103,0.0,0.013840868766377691,5.998828677756756,31.26353928454965,200,20,148720,9.960274394993048,,,
high,677,0.9522825149592177,0.0034739430286606643,0.0,-0.02259733625603447,3.8742761988959127,29.13898680568881,200,20,148940,4.109786995862138,,,
high,678,0.952257114224812,0.003518639943581814,0.0,0.021251041182031197,3.0996202991551383,28.364330905948034,200,20,149160,1.3271980538084405,,,
high,679,0.9522387141405485,0.0036115120952209256,0.0,-0.014815705022224016,7.517676212724838,32.78238681951773,200,20,149380,10.219422612926396,,,
high,680,0.9522740138982861,0.003577581371451144,0.0,0.007381143498657866,5.543175383551253,30.807885990344147,200,20,149600,9.634854557822003,,,
high,681,0.9523479134272266,0.003577364579522624,0.0,-0.007924410276290665,3.6378619728678543,28.90257257966075,200,20,149820,4.042579501763844,,,
high,682,0.9523358575712045,0.0036713430542530956,0.0,-0.02724021148737341,4.447473601839386,29.71218420863228,200,20,150040,4.094976410348267,,,
high,683,0.9523381594158242,0.0037031121103465736,0.0,-0.026652295512927405,4.349581011764899,29.614291618557793,200,20,150260,4.094579071272714,,,
high,684,0.9523664666952606,0.0036982741229378835,0.0,-0.024153671074027844,4.811653894574139,30.076364501367035,200,20,150480,4.563704801389744,,,
high,685,0.9523625226615975,0.0037731294330670684,0.0,-0.004200704670627259,3.7775690498178047,29.042279656610702,200,20,150700,3.890180993066856,,,
high,686,0.9523791716221478,0.0037541928624711396,0.0,0.003478222260712188,4.820144015985677,30.084854622778572,200,20,150920,4.552283751168989,,,
high,687,0.9523767317865949,0.0036688858633513455,0.0,-0.017112308775395615,3.9316067365017258,29.196317343294623,200,20,151140,4.319256009051706,,,
high,688,0.9523959550525124,0.0036579538664235356,0.0,-0.014506268623584555,2.1465774495420393,27.411288056334936,200,20,151360,1.2155846332399025,,,
high,689,0.9524404008311813,0.0035580722195124315,0.0,-0.003366795526851713,7.154037085710669,32.418747692503565,200,20,151580,9.368451481588076,,,
high,690,0.9524504379919501,0.0033476343545977283,0.0,0.006883974025551151,4.036631624558973,29.301342231351867,200,20,151800,4.5686280453199135,,,
high,691,0.9525289774896689,0.003416128608552005,0.0,0.01817703987817762,5.261678795305236,30.526389402098133,200,20,152020,4.421220599318724,,,
high,692,0.952509421976923,0.0035109445611698487,0.0,-0.06377814341396204,4.47459453038364,29.739305137176537,200,20,152240,4.345832753585284,,,
high,693,0.952474289355003,0.003457730188270114,0.0,-0.005231058315041998,3.9870884658305084,29.251799072623406,200,20,152460,4.093138141163874,,,
high,694,0.9524726899773156,0.003367978556899187,0.0,-0.025759105261187264,5.09681492899283,30.361525535785727,200,20,152680,4.356575927733488,,,
high,695,0.9524141339065679,0.0032370168438532465,0.0,-0.046241649912180556,4.940697031737201,30.205407638530097,200,20,152900,4.103970219355392,,,
high,696,0.9523947582369008,0.0032082343032079352,0.0,-0.01812766532938108,4.169962116024122,29.43467272281702,200,20,153120,4.66888771648099,,,
high,697,0.9524030773352398,0.003078903030690805,0.0,0.020959072290559797,3.72006368224616,28.984774289039056,200,20,153340,4.182160969639743,,,
high,698,0.9523691703729537,0.0030875764922516646,0.0,-0.034170162890599924,4.148305484748908,29.413016091541806,200,20,153560,4.202418700916553,,,
high,699,0.9523365518357073,0.0030246666583377824,0.0,-0.010341945661851723,4.626522048322113,29.891232655115008,200,20,153780,4.284167490234472,,,
high,700,0.9523129176397548,0.002914627258907454,0.0,-0.002806853865745138,10.095957862131877,35.36066846892477,200,20,154000,25.977518379095798,,,
high,701,0.9523290905268176,0.0028670379939957913,0.0,0.02984176584274291,6.612182732969349,31.876893339762244,200,20,154220,9.124742969614676,,,
high,702,0.9523558199734454,0.0029833345111681675,0.0,0.0015385365833604885,4.443626728428845,29.708337335221742,200,20,154440,4.0048575522141086,,,
high,703,0.9523882921839522,0.002991214099397732,0.0,-0.038708925453139954,4.986402361748757,30.251112968541655,200,20,154660,8.90229677486409,,,
high,704,0.9524374575559947,0.003184323526434052,0.0,0.03171779024125043,4.852582721197744,30.11729332799064,200,20,154880,4.4278801653419455,,,
high,705,0.9524265135540115,0.0032160547489695768,0.0,-0.026804965989433063,3.3163540601862227,28.581064666979117,200,20,155100,4.380000372939572,,,
high,706,0.9524676618596577,0.0030952484518860235,0.0,0.011385104325453923,3.3858593391718426,28.65056994596474,200,20,155320,1.4262390990303608,,,
high,707,0.9524290758680181,0.0030181344492253848,0.0,-0.007523115821679352,4.308979144195783,29.573689750988677,200,20,155540,5.0725811539853085,,,
high,708,0.9524312155416237,0.003005058909673508,0.0,0.024949509130869258,6.346088473840354,31.61079908063325,200,20,155760,8.514934668375082,,,
high,709,0.9524083614073646,0.003056765568519193,0.0,-0.025805381637258224,2.1727152876140785,27.437425894406974,200,20,155980,1.2449194751763062,,,
high,710,0.9524210251278677,0.002958996082669918,0.0,0.015044335993343507,4.1788869182444826,29.44359752503738,200,20,156200,4.309495284958068,,,
high,711,0.9524602189915933,0.003081604423339712,0.0,-0.0046933992431721396,6.089185822650652,31.353896429443548,200,20,156420,9.099220651119401,,,
high,712,0.9524734016656239,0.003168754284836206,0.0,0.009360220934523461,2.5078161639855248,27.77252677077842,200,20,156640,1.2598879748265548,,,
high,713,0.9524971213479821,0.0031197343657468624,0.0,-0.011603491730179332,4.000336139967236,29.26504674676013,200,20,156860,4.418201555878354,,,
high,714,0.9524749705084834,0.003081765561840921,0.0,-0.013756010591392729,2.2341560375734675,27.498866644366363,200,20,157080,1.183427363843828,,,
high,715,0.952490270484172,0.003166647985811011,0.0,-0.0009787518954238897,7.700527101173203,32.9652377079661,200,20,157300,17.0315190779623,,,
high,716,0.9525437283982013,0.003263543461106244,0.0,0.010533786219238742,7.234053091692943,32.49876369848584,200,20,157520,9.196109508610286,,,
high,717,0.9525253696661945,0.0031943349833967183,0.0,-0.02434990082659441,3.9308529287534393,29.195563535546334,200,20,157740,4.595762220471498,,,
high,718,0.9525448454219521,0.003159752385304415,0.0,-0.04780922432374407,2.2125501764634383,27.477260783256334,200,20,157960,1.3704046015516602,,,
high,719,0.9525610261886852,0.0030249985030785798,0.0,0.008525699988527353,5.0644342619474365,30.329144868740332,200,20,158180,9.076594365891822,,,
high,720,0.9525541750597796,0.0031797654932719244,0.0,-0.023609703254854165,4.288347482856342,29.553058089649237,200,20,158400,3.977064768528002,,,
high,721,0.9525543805018678,0.003353601023978303,0.0,0.008491358591038242,5.687438753558244,30.95214936035114,200,20,158620,9.956571087570905,,,
high,722,0.9525631994358356,0.003420516810820451,0.0,-0.021201923615126905,5.685061063512002,30.949771670304898,200,20,158840,8.655865586261477,,,
high,723,0.9525847194562128,0.003645726498639701,0.0,-0.02583549475222911,3.4020627179158054,28.6667733247087,200,20,159060,4.379728755614985,,,
high,724,0.9525748749274371,0.0037154921467664748,0.0,0.01742093665261812,4.186191549163629,29.450902155956527,200,20,159280,4.376696110320368,,,
high,725,0.9525464541795267,0.0036747769952510945,0.0,-0.025838262646934455,6.011914559766421,31.276625166559317,200,20,159500,9.585778664708561,,,
high,726,0.95255990440069,0.0036037134452288067,0.0,0.018787484966992913,3.6304988456297584,28.895209452422655,200,20,159720,4.561972268680562,,,
high,727,0.952589156095318,0.0034655631060912517,0.0,0.07300655121339471,4.0937380653875275,29.358448672180423,200,20,159940,4.707708919912255,,,
high,728,0.9525613701006453,0.0035758936769889615,0.0,-0.025661078031400327,5.268508921967386,30.53321952876028,200,20,160160,9.711228425850084,,,
high,729,0.9525956191977646,0.003567746430521379,0.0,0.049518495116254536,4.402534861156616,29.667245467949513,200,20,160380,3.9829468841384124,,,
high,730,0.952567231262015,0.0036343222603714143,0.0,-0.015505229817171503,2.6001405596191027,27.864851166412,200,20,160600,1.3048702843554107,,,
high,731,0.9526237017021038,0.0034747803750129203,0.0,0.04050242376916763,2.680882228329909,27.945592835122806,200,20,160820,1.5677816858151952,,,
high,732,0.9525893344170298,0.0036616279286475484,0.0,-0.040770049776060274,5.027944699588476,30.29265530638137,200,20,161040,9.80401392967569,,,
high,733,0.952564096061877,0.0036168497345009376,0.0,0.08589320535025315,2.2254633917618247,27.49017399855472,200,20,161260,1.7559951195472425,,,
high,734,0.9525650626896293,0.0036096217766856675,0.0,-0.02665329127458786,5.360276200112838,30.624986806905735,200,20,161480,4.6694290842974375,,,
high,735,0.9525748396659157,0.0036807194744443716,0.0,0.007240207898429939,2.8902791242777375,28.154989731070632,200,20,161700,1.2139770241127936,,,
high,736,0.9525535816468103,0.0037463254282016356,0.0,0.016873754652832033,4.667429302607613,29.932139909400508,200,20,161920,4.511566244800498,,,
high,737,0.9525105307392626,0.00372550295214491,0.0,-0.0005107288732037653,3.7661689577528596,29.030879564545756,200,20,162140,4.204785419543295,,,
high,738,0.9525537364567169,0.003861277901248572,0.0,-0.0018484695925034846,10.935847091845826,36.20055769863872,200,20,162360,25.586076607285413,,,
high,739,0.9525574633784213,0.003879790435962538,0.0,0.06788447133912417,2.90447452775062,28.169185134543515,200,20,162580,1.3882217061720024,,,
high,740,0.9525451801925041,0.003973863901366559,0.0,-0.00978312817056349,9.047795117125649,34.31250572391855,200,20,162800,16.667880435499832,,,
high,741,0.9525450545759743,0.003975561275611383,0.0,-0.03938108622751117,3.7979697464132904,29.062680353206186,200,20,163020,4.2315462217473,,,
high,742,0.9525274985714467,0.00400530958415235,0.0,-0.01551372536082284,6.3178496230226395,31.582560229815535,200,20,163240,10.129800078722539,,,
high,743,0.9525353051329024,0.004095114430643143,0.0,-0.01868609107619684,3.0067917792422323,28.271502386035127,200,20,163460,1.3887739901938965,,,
high,744,0.9525120738199473,0.004139733972861825,0.0,-0.018099092513757346,3.040770829819573,28.305481436612467,200,20,163680,1.226136529901441,,,
high,745,0.9525015787405774,0.004102308235746199,0.0,-0.015690140000288035,5.021147049986655,30.28585765677955,200,20,163900,4.418786065470909,,,
high,746,0.9524632730382835,0.004100024894042376,0.0,-0.021265235674419247,4.803444671192382,30.068155277985277,200,20,164120,4.1546773056551185,,,
high,747,0.9524808550684911,0.00400466902148211,0.0,-0.009389729462744936,4.157217582132601,29.4219281889255,200,20,164340,4.331162553290217,,,
high,748,0.9525354425902036,0.004090803578425728,0.0,-0.0011737650606017135,6.426583101027204,31.6912937078201,200,20,164560,9.454699857905245,,,
high,749,0.9525552079404613,0.0040409888087900026,0.0,-0.019803563671935767,4.663918017146911,29.928628623939808,200,20,164780,4.675739530259493,,,
high,750,0.9525541838893715,0.004161185879506646,0.0,-0.029178744553913154,4.391036730125482,29.655747336918377,200,20,165000,4.072047566360546,,,
high,751,0.9525779933387827,0.004231853218189419,0.8,0.7807605703842457,4.918078296234144,30.18278890302704,200,20,165220,4.625396867155125,,,
high,752,0.9525595348837549,0.0042853273618161936,0.8,0.8491672691546136,4.067272949503872,29.33198355629677,200,20,165440,3.955169011841121,,,
high,753,0.9525362519642426,0.00409885784022701,0.8,0.8058573774063466,3.0192738208653482,28.283984427658243,200,20,165660,1.3453428333269961,,,
high,754,0.9525492174047415,0.004294511941869028,0.8,0.80721911525399,4.649449380363483,29.914159987156378,200,20,165880,4.726333405941411,,,
high,755,0.9526006578874261,0.004382397434603669,0.8,0.810592497718015,4.158411335936555,29.423121942729452,200,20,166100,4.326232894547382,,,
high,756,0.9525455111205461,0.0044525554448680005,0.8,0.7742118482351809,2.4790387357174453,27.74374934251034,200,20,166320,1.2584012696537428,,,
high,757,0.9525249062974833,0.004541091924034513,0.8,0.8115984059407108,4.069960495231206,29.334671102024103,200,20,166540,4.870653577525081,,,
high,758,0.9525175578328885,0.0044900058908424745,0.8,0.7938467418142688,10.448577741250245,35.71328834804314,200,20,166760,26.217134941900593,,,
high,759,0.9524797154534067,0.004327058809185047,0.8,0.8072815740781977,4.394059732611412,29.658770339404306,200,20,166980,3.874225394139197,,,
high,760,0.9524673702708445,0.004367133142569424,0.8,0.741121975839627,2.687316235468789,27.952026842261684,200,20,167200,1.3362914477517704,,,
high,761,0.9524697481691653,0.004415544568992402,0.8,0.7815755210746865,3.262622293874943,28.52733290066784,200,20,167420,1.4407106161432595,,,
high,762,0.9525315641507384,0.004236776514817242,0.8,0.8142174508443687,2.753475248848463,28.01818585564136,200,20,167640,1.4003202459177013,,,
high,763,0.9524445899390657,0.004104967565600637,0.8,0.7853926909233421,3.7581087881221538,29.02281939491505,200,20,167860,5.132721065670673,,,
high,764,0.9524270441418202,0.004184520159591254,0.8,0.8197026048164553,2.613548652319431,27.878259259112326,200,20,168080,1.5031208566479222,,,
high,765,0.9524344439359395,0.004119059692459515,0.8,0.7736163339656491,4.734200209568335,29.99891081636123,200,20,168300,4.471051276874356,,,
high,766,0.9523909185161405,0.004183670029095143,0.8,0.8176438884783919,5.346645745999088,30.611356352791983,200,20,168520,4.028939043275021,,,
high,767,0.9524223492951911,0.004187886803721841,0.8,0.8312947003651348,4.430959435576098,29.695670042368995,200,20,168740,4.1557909038710505,,,
high,768,0.9524299319878625,0.004300001256476338,0.8,0.7758566461287852,4.600347097928415,29.86505770472131,200,20,168960,4.224824300480896,,,
high,769,0.9524634574998643,0.004273177713723264,0.8,0.7875784782598105,3.4308930990553472,28.695603705848242,200,20,169180,3.7563512825213605,,,
high,770,0.9524924241300518,0.004270635253071919,0.8,0.8101175138870198,3.286858983475605,28.5515695902685,200,20,169400,3.6051953212830137,,,
high,771,0.9524986406932233,0.004185228318102863,0.8,0.7941178396517586,5.549475877264202,30.814186484057096,200,20,169620,9.293021368839845,,,
high,772,0.9525220779940984,0.004290564374068495,0.8,0.7989084256817499,4.587132524973675,29.85184313176657,200,20,169840,4.158631654037756,,,
high,773,0.9525338494734585,0.004343764852353882,0.8,0.7746224292411062,4.0544690779835975,29.319179684776493,200,20,170060,4.357183222976238,,,
high,774,0.9525362563016473,0.004335519665942034,0.8,0.7905643249385347,3.604388679889994,28.86909928668289,200,20,170280,4.473829655535231,,,
high,775,0.9525477051000254,0.004313861907239258,0.8,0.7918377454931756,6.816223869932438,32.08093447672533,200,20,170500,9.865229130076427,,,
high,776,0.952510871013405,0.004298021824227671,0.8,0.778787993890449,3.762460170874255,29.027170777667152,200,20,170720,4.273660531055122,,,
high,777,0.9524692808882491,0.004499528579680612,0.8,0.7620698546733479,7.623281035347968,32.88799164214086,200,20,170940,9.658994522876796,,,
high,778,0.9524392498050441,0.004477892737444256,0.8,0.7787255099827071,3.541310348678372,28.80602095547127,200,20,171160,4.659867111148744,,,
high,779,0.9524347246045077,0.0043923276677696466,0.8,0.7894112965519856,6.227770634543334,31.49248124133623,200,20,171380,9.258527394750852,,,
high,780,0.9524487896301282,0.00452015252238025,0.8,0.7847045555595943,3.8663366486501274,29.131047255443022,200,20,171600,4.255262663655704,,,
high,781,0.9523775966673794,0.004591667864540017,0.8,0.7864448773846306,2.620914695556934,27.88562530234983,200,20,171820,1.5760281142307704,,,
high,782,0.9524285647949613,0.004562364953889397,0.8,0.8377117456675068,4.907536824883537,30.172247431676432,200,20,172040,4.240453735269467,,,
high,783,0.9524649424033673,0.004534692200012902,0.8,0.7715578832236496,5.074877314986761,30.339587921779657,200,20,172260,4.433852860443513,,,
high,784,0.9524298870197498,0.004391804839628977,0.8,0.8060012588192228,4.197447510356882,29.462158117149777,200,20,172480,3.957587173926138,,,
high,785,0.9524547537983539,0.004339478132796337,0.8,0.7841014908047553,4.948921723031025,30.21363232982392,200,20,172700,4.609978217150612,,,
high,786,0.9524605232261262,0.004214200177914074,0.8,0.8187796886712916,5.138815605104233,30.40352621189713,200,20,172920,4.150505768420771,,,
high,787,0.9524680989134408,0.004270881213229161,0.8,0.8348074496714105,4.312097148313494,29.57680775510639,200,20,173140,3.952291222300802,,,
high,788,0.9524914489679978,0.004342813075601026,0.8,0.784514136654526,7.509608242017891,32.774318848810786,200,20,173360,8.958967818318692,,,
high,789,0.9525278769269915,0.004458986525785136,0.8,0.8090341797086783,2.5583557687405754,27.82306637553347,200,20,173580,1.3105536416039631,,,
high,790,0.9524650737413872,0.004512726730387606,0.8,0.7767334597821766,4.900157429730249,30.164868036523146,200,20,173800,3.944782270190149,,,
high,791,0.9524406536097396,0.004559023158026143,0.8,0.7978208026764015,3.288980399188359,28.553691005981253,200,20,174020,1.1550160416745106,,,
high,792,0.9525332518472198,0.004500463655761733,0.8,0.7968937308453241,3.981897393525776,29.246608000318673,200,20,174240,4.231064663435405,,,
high,793,0.9525100476339056,0.004583123731485617,0.8,0.7893440048250865,3.0307735555476447,28.29548416234054,200,20,174460,1.250950667483051,,,
high,794,0.9525310584502047,0.004724338820021212,0.8,0.831932730023188,7.546489096749343,32.811199703542236,200,20,174680,16.993297169807047,,,
high,795,0.9524758634303963,0.004816364491624481,0.8,0.8280500201757064,2.303955558745113,27.56866616553801,200,20,174900,1.2335924188734155,,,
high,796,0.9524840596903822,0.0048238601004831905,0.8,0.8548261132827525,8.536883657621322,33.80159426441422,200,20,175120,16.72262555912555,,,
high,797,0.9524974787664745,0.004733500361144838,0.8,0.8276203444685164,7.624832073539366,32.88954268033226,200,20,175340,17.10070529968695,,,
high,798,0.9524663685464144,0.004701313328965839,0.8,0.8368451965315699,3.663515739867397,28.928226346660292,200,20,175560,4.513139843573386,,,
high,799,0.9525223534137043,0.0045065330648874635,0.8,0.8288997010514327,2.464890706155012,27.729601312947906,200,20,175780,1.2974770281072243,,,
high,800,0.9524890450888192,0.004641505572901217,0.8,0.8285952191180129,2.8349162456053953,28.09962685239829,200,20,176000,1.372525248988481,,,
high,801,0.9524744562982778,0.00481671412720841,0.8,0.8178771510336907,5.5181160901605395,30.782826696953435,200,20,176220,9.775884333209294,,,
high,802,0.9525040873640341,0.004882463117142355,0.8,0.8006932568335399,2.342750467055214,27.60746107384811,200,20,176440,1.246621683163239,,,
high,803,0.9525535888464235,0.005021962489959453,0.8,0.8238188685392419,4.09761250894009,29.362323115732984,200,20,176660,4.076746289987598,,,
high,804,0.9525732225290052,0.0050700379268829865,0.8,0.8181838005283913,3.983695396104277,29.248406002897173,200,20,176880,4.539612985254873,,,
high,805,0.9526183861180233,0.005195593122387598,0.8,0.8016440024314863,4.589117244231099,29.853827851023993,200,20,177100,4.354407135092663,,,
high,806,0.9526187477332022,0.00508839203690159,0.8,0.8062449793052272,5.793734431090571,31.058445037883466,200,20,177320,9.65824479591343,,,
high,807,0.9526070876916551,0.004950722248269646,0.8,0.8078705975718847,6.357664190612211,31.622374797405108,200,20,177540,9.657248975116294,,,
high,808,0.9526048134809825,0.005078366894231134,0.8,0.8103897791682343,2.606915422269728,27.871626029062625,200,20,177760,1.2640379891946671,,,
high,809,0.9526355781137102,0.0050261595752185695,0.8,0.8165000525400381,2.6923502711950404,27.957060877987935,200,20,177980,1.1359912045957699,,,
high,810,0.9526176446345571,0.005114147073542519,0.8,0.7757697685798265,4.308881429682157,29.573592036475052,200,20,178200,4.514536730094884,,,
high,811,0.9526106359192871,0.005161511305715405,0.8,0.7916669079673792,3.629326116001788,28.894036722794684,200,20,178420,4.49825614726385,,,
high,812,0.9525959079416239,0.005169476769800174,0.8,0.7810086871392956,2.6925450374632462,27.957255644256144,200,20,178640,1.289222522938148,,,
high,813,0.9525615656704737,0.005249359807849685,0.8,0.7852449567043042,2.4115524290359027,27.6762630358288,200,20,178860,1.389308534567977,,,
high,814,0.9525250807303881,0.005433817897860571,0.8,0.7819894365379046,7.465224838431702,32.7299354452246,200,20,179080,16.420671396847457,,,
high,815,0.9525284525518039,0.00534379169961019,0.8,0.7849695004336401,8.575386331636347,33.84009693842924,200,20,179300,15.915038692881643,,,
high,816,0.9525490937085472,0.005227877212108489,0.8,0.8273662669417622,2.698353182129057,27.963063788921954,200,20,179520,1.200677324709171,,,
high,817,0.9525631888966116,0.005166309741750141,0.8,0.7913197711731158,2.751974650870431,28.016685257663326,200,20,179740,1.3588353121426409,,,
high,818,0.9525682182694519,0.005230425574017428,0.8,0.8188061820149093,4.76052799173197,30.025238598524865,200,20,179960,4.57149774506884,,,
high,819,0.9525584883584702,0.00528036437399837,0.8,0.8237941308254931,3.6312435423425526,28.89595414913545,200,20,180180,4.23091198295341,,,
high,820,0.9524995738982135,0.005272376561380243,0.8,0.8096635139320355,5.337133195417987,30.601843802210883,200,20,180400,9.832107714826678,,,
high,821,0.9525784744254912,0.005279071653362721,0.8,0.8052850992088388,3.968061685589348,29.232772292382244,200,20,180620,4.201023026509861,,,
high,822,0.9525333589432043,0.0055481978018986355,0.8,0.7729873344009879,3.955087519170617,29.219798125963514,200,20,180840,4.577662729542818,,,
high,823,0.9525228793246432,0.005606458658407476,0.8,0.8048395793073725,4.706502798596159,29.971213405389054,200,20,181060,4.628159456200236,,,
high,824,0.9525600928613787,0.005705495175148845,0.8,0.8200147851521143,3.6380732342798296,28.902783841072726,200,20,181280,4.556920036545438,,,
high,825,0.952590226867599,0.00569833622227689,0.8,0.7941157448627805,2.425551949336218,27.690262556129113,200,20,181500,1.2284908953477625,,,
high,826,0.9525860258658139,0.0054842060764032086,0.8,0.7703877956729306,3.916584509462277,29.18129511625517,200,20,181720,4.5063320367241655,,,
high,827,0.9525640290180628,0.0055078139371363966,0.8,0.8109872079120274,4.081830136856944,29.34654074364984,200,20,181940,3.9698079727910724,,,
high,828,0.9525650127983418,0.005483204139625775,0.8,0.7819169536459998,2.2715865522725576,27.536297159065455,200,20,182160,1.5174775489160994,,,
high,829,0.9526120909051683,0.0056774984087405445,0.8,0.8289733292513304,7.181310260194144,32.44602086698704,200,20,182380,9.547467124112261,,,
high,830,0.952644499595374,0.005660007197956229,0.8,0.7823401936244806,4.147564890953334,29.41227549774623,200,20,182600,4.835043487434905,,,
high,831,0.9526293820812861,0.005542858255382144,0.8,0.8309957214652953,6.434522490889901,31.699233097682797,200,20,182820,17.46608583029515,,,
high,832,0.9525900022276919,0.005767778415454727,0.8,0.8250155673216706,5.640252210641237,30.904962817434132,200,20,183040,10.714604631782501,,,
high,833,0.9526373435603789,0.005851719308589076,0.8,0.8095436434877542,2.463302318605072,27.72801292539797,200,20,183260,1.356944051048331,,,
high,834,0.9526386422265323,0.005908206020971751,0.8,0.7933735157773977,5.025292614098416,30.29000322089131,200,20,183480,4.229623457590042,,,
high,835,0.9526593981238285,0.005839838486104698,0.8,0.8160022847303864,5.614387559155526,30.87909816594842,200,20,183700,9.482127999844899,,,
high,836,0.952671020173144,0.005611733608581249,0.8,0.8050500728869779,4.7565212472989895,30.021231854091887,200,20,183920,4.25249337743606,,,
high,837,0.9527093855955147,0.005728580682736739,0.8,0.802597339320618,3.82815099215363,29.092861598946527,200,20,184140,4.443309304249886,,,
high,838,0.9527142077745374,0.0056719338845167,0.8,0.79886021116656,3.4224087179785916,28.687119324771487,200,20,184360,4.224981426007852,,,
high,839,0.9527602470627073,0.005618746394423835,0.8,0.8284189606526285,2.130140648693103,27.394851255486,200,20,184580,1.325224030838304,,,
high,840,0.9527600764545024,0.005572705404753964,0.8,0.8023895009408678,5.954319462707541,31.219030069500437,200,20,184800,9.339483289796751,,,
high,841,0.9527570299527894,0.005487981067786141,0.8,0.8097589326350675,6.567627167981358,31.832337774774253,200,20,185020,10.467466091407012,,,
high,842,0.9527665460099328,0.005383948002356975,0.8,0.7869705260669286,2.164674908236508,27.429385515029402,200,20,185240,1.2236085007238109,,,
high,843,0.9527320104157583,0.0053990571241056,0.8,0.8070393695306028,2.445340180642036,27.71005078743493,200,20,185460,1.3135671877661645,,,
high,844,0.9528008679421796,0.0054735365441159756,0.8,0.8139433592176518,5.576596792736612,30.84130739952951,200,20,185680,4.187066892613976,,,
high,845,0.95280589061223,0.005385707462498335,0.8,0.7792965509961461,6.806320957549969,32.07103156434287,200,20,185900,10.208564971707911,,,
high,846,0.9527918119488152,0.005268046484091959,0.8,0.8050120696181866,5.827448788077822,31.09215939487072,200,20,186120,9.892148541012157,,,
high,847,0.9527756973419131,0.005263791475228041,0.8,0.7901809741926474,5.876491192432786,31.141201799225684,200,20,186340,9.103218967996252,,,
high,848,0.9527851651276603,0.005219182545813217,0.8,0.8035584640111594,5.522637084833237,30.78734769162613,200,20,186560,9.622933204259615,,,
high,849,0.9527846917254267,0.005322190949642813,0.8,0.8135497056095301,3.45797262070009,28.722683227492986,200,20,186780,1.1518847898617066,,,
high,850,0.9527382442909963,0.005248265942079611,0.8,0.7972989892504081,4.359562434290514,29.62427304108341,200,20,187000,4.1353414627973395,,,
high,851,0.9526931502578789,0.005186856435828058,0.8,0.749822054514654,5.001147142345913,30.26585774913881,200,20,187220,4.482360954048476,,,
high,852,0.9527280699790456,0.005206123600526968,0.8,0.7966946791850549,3.8538424762281887,29.118553083021084,200,20,187440,4.039083801193751,,,
high,853,0.9526983952893568,0.00546697564332943,0.8,0.774287874845643,4.826173238999326,30.09088384579222,200,20,187660,4.295671693746411,,,
high,854,0.952682834565208,0.005622783386643571,0.8,0.7993759066369744,2.394199594015839,27.658910200808734,200,20,187880,1.3991065430402807,,,
high,855,0.9527248287318019,0.005629784370012825,0.8,0.8024184564997259,3.857869168873884,29.12257977566678,200,20,188100,4.769667537945259,,,
high,856,0.9527037965745553,0.005620710622636471,0.8,0.7747844250495828,3.446327757010218,28.711038363803112,200,20,188320,4.184782737780867,,,
high,857,0.9527152226645497,0.005515792167458233,0.8,0.7997502684543026,3.8679878303722735,29.132698437165168,200,20,188540,3.9841409940712076,,,
high,858,0.9527143199685145,0.005524941830207686,0.8,0.7907361734170002,4.530848292134452,29.795558898927347,200,20,188760,4.523175185071961,,,
high,859,0.9527006903043906,0.00545014932222021,0.8,0.8016018585357357,6.304788782381181,31.569499389174076,200,20,188980,9.297917850445595,,,
high,860,0.9527390457297115,0.0054524435580840525,0.8,0.8011913045733271,4.985144491911366,30.249855098704263,200,20,189200,4.341498675165909,,,
high,861,0.9527928484157854,0.005360960382937097,0.8,0.8097035281044263,3.6400189402192336,28.90472954701213,200,20,189420,3.9878611101098356,,,
high,862,0.9527652682045886,0.005374072845228395,0.8,0.8348873760741952,6.544642525406689,31.809353132199586,200,20,189640,9.877340385518776,,,
high,863,0.9527802470214806,0.005315364854005966,0.8,0.7924231064049797,3.7858525175131077,29.050563124306002,200,20,189860,4.374526452887489,,,
high,864,0.9527518376060444,0.005265344303684194,0.8,0.8058259545576092,5.149303243190104,30.414013849983,200,20,190080,3.8821211747870787,,,
high,865,0.9527982478112436,0.0053285394682236475,0.8,0.8244436204415175,7.002917321830728,32.267627928623625,200,20,190300,9.830115742066749,,,
high,866,0.9528463086963149,0.005538814155036653,0.8,0.8035436988489849,2.408685025655847,27.67339563244874,200,20,190520,1.4004893003465124,,,
high,867,0.9528428224132903,0.005457664226777514,0.8,0.7795574344458959,4.012221311355377,29.27693191814827,200,20,190740,4.6938462888859664,,,
high,868,0.9528466371221802,0.00533615293782741,0.8,0.7871695103108767,5.587065216186979,30.851775822979874,200,20,190960,4.000939814125312,,,
high,869,0.9528035365834445,0.005276625867421281,0.8,0.7993211204938284,3.7079297797496333,28.97264038654253,200,20,191180,4.033718415451865,,,
high,870,0.952808431370485,0.005287445352170073,0.8,0.8013877017766382,4.3558301554688,29.620540762261697,200,20,191400,4.455980403267091,,,
high,871,0.9527802884037696,0.005298815009801783,0.8,0.8116450702764899,3.6349405093178153,28.89965111611071,200,20,191620,4.258231475768567,,,
high,872,0.9528474407872715,0.005187699605080254,0.8,0.8318773325438246,3.98898571877318,29.253696325566075,200,20,191840,4.300155465710983,,,
high,873,0.9528136055513314,0.005287202640559596,0.8,0.7898704179537351,4.893418054805714,30.15812866159861,200,20,192060,4.112610368087215,,,
high,874,0.952794048246217,0.0052811458158062985,0.8,0.7942536253593625,4.531658950814473,29.79636955760737,200,20,192280,4.902239740491096,,,
high,875,0.9527990681461924,0.005259101521594034,0.8,0.8505816677481151,6.168695211949335,31.43340581874223,200,20,192500,9.598111542418511,,,
high,876,0.952815604813101,0.0052688363778025105,0.8,0.7915567349669672,3.2286795462012066,28.493390152994102,200,20,192720,4.362784529382906,,,
high,877,0.9528332949547853,0.005316926816707479,0.8,0.8061807151907323,4.08889905352822,29.353609660321116,200,20,192940,3.9835395848394115,,,
high,878,0.9528321580511334,0.005239354586641154,0.8,0.7804337239394648,5.023453636790121,30.28816424358302,200,20,193160,4.792187793504985,,,
high,879,0.9528508127436559,0.0051102761402399555,0.8,0.8171450445334724,4.460163819082722,29.72487442587562,200,20,193380,4.3347029866633005,,,
high,880,0.9528291590673663,0.0050031345605848765,0.8,0.7805025911929109,4.313808782202773,29.57851938899567,200,20,193600,4.820041349819558,,,
high,881,0.9527953434640029,0.0050381118506417355,0.8,0.7926944868448326,3.6825874974023907,28.947298104195287,200,20,193820,4.415532584729396,,,
high,882,0.9528266968414948,0.004992908715270583,0.8,0.7501172631195575,7.3166842244400065,32.5813948312329,200,20,194040,9.823467562852375,,,
high,883,0.9528434986477841,0.004944677807885656,0.8,0.7968863703526122,2.3201984024801368,27.584909009273034,200,20,194260,1.257030139890961,,,
high,884,0.9528131991355019,0.004870715508735524,0.8,0.7897778106096192,5.036352271146781,30.30106287793968,200,20,194480,9.273905903159998,,,
high,885,0.952824954210661,0.005051373177892504,0.8,0.8000001732081767,2.397765157716936,27.662475764509832,200,20,194700,1.3629788356338524,,,
high,886,0.9527939516999971,0.004973037823935544,0.8,0.7728021393787353,2.4222273285870495,27.686937935379945,200,20,194920,1.4407255486393205,,,
high,887,0.9528171803762334,0.005062159758239537,0.8,0.7605112516921477,5.24792011215119,30.512630718944088,200,20,195140,4.656403174326067,,,
high,888,0.9528235720584316,0.00494727592867128,0.8,0.8409403653226014,3.6862867423211063,28.950997349114,200,20,195360,4.125823051264074,,,
high,889,0.9528364753597917,0.004875275675274127,0.8,0.8084470732029169,4.435486049320614,29.700196656113512,200,20,195580,4.50904053107956,,,
high,890,0.9528425047422817,0.004983037167603843,0.8,0.7598509986122695,6.050444159317312,31.315154766110208,200,20,195800,9.554912047987965,,,
high,891,0.9528586578863144,0.004987661637361307,0.8,0.7705862954227319,5.458956374489121,30.723666981282015,200,20,196020,3.9239560906211164,,,
high,892,0.9528428527694809,0.005012521969613548,0.8,0.7836586353472336,8.482342648942879,33.74705325573578,200,20,196240,16.199555039844615,,,
high,893,0.9528699196227066,0.005023582878065036,0.8,0.8083824687604394,3.2657763233948667,28.530486930187763,200,20,196460,3.763717079050059,,,
high,894,0.9528931567663461,0.0050069428678582995,0.8,0.8276635658516917,3.6033220445387473,28.868032651331642,200,20,196680,4.0656631030796975,,,
high,895,0.9528969671921692,0.004941748933443013,0.8,0.8187183963282489,5.127155507892356,30.39186611468525,200,20,196900,9.397761862178186,,,
high,896,0.952886361502447,0.005045017990081613,0.8,0.8038662408244371,5.498646844775445,30.76335745156834,200,20,197120,4.475190307922431,,,
high,897,0.9528889685972353,0.005110384618407848,0.8,0.8367154328468771,7.388180101671463,32.65289070846436,200,20,197340,9.475220802786746,,,
high,898,0.9529367218932966,0.005124256958978002,0.8,0.8179835865363055,4.64580510539304,29.910515712185937,200,20,197560,3.9609166684302513,,,
high,899,0.952899816066679,0.005145253931271965,0.8,0.8290445836512311,4.636783794136798,29.901494400929693,200,20,197780,4.779501969351068,,,
high,900,0.9529421566160098,0.005291498711174958,0.8,0.8347360898253688,6.980115144720302,32.2448257515132,200,20,198000,9.17586994152933,,,
high,901,0.9528900895586756,0.005408563425735147,0.8,0.7694581791471686,3.308618247575646,28.57332885436854,200,20,198220,4.437628864031743,,,
high,902,0.9529079248912136,0.005471061109169617,0.8,0.8037082151908045,3.5146844240431157,28.77939503083601,200,20,198440,4.679985347148593,,,
high,903,0.9529058752230686,0.005420833517034596,0.8,0.8046658776264178,7.010959409070339,32.275670015863234,200,20,198660,9.701467863056353,,,
high,904,0.952853678899122,0.005432093103330815,0.8,0.7900345861661496,5.024276737461801,30.288987344254696,200,20,198880,4.769763315715846,,,
high,905,0.9528554888926242,0.005468394534591026,0.8,0.7695402893521367,6.3046808632038625,31.56939146999676,200,20,199100,9.120284571336072,,,
high,906,0.9528442797612922,0.005395948988720978,0.8,0.7854243977881828,2.807832100526173,28.07254270731907,200,20,199320,1.4233948529726508,,,
high,907,0.9528358401383039,0.005459868878834762,0.8,0.7811323775247668,3.452700951828616,28.717411558621514,200,20,199540,4.613150719918316,,,
high,908,0.9528736317987505,0.005325953192211408,0.8,0.7851312303177075,7.184137698367407,32.448848305160304,200,20,199760,9.56350844879545,,,
high,909,0.952884025327352,0.005444825720579249,0.8,0.8089759986391415,2.149733620225279,27.414444227018176,200,20,199980,1.230349221149431,,,
high,910,0.9529531346681311,0.005448659411551149,0.8,0.8655324826715687,3.5901344683007688,28.854845075093664,200,20,200200,1.5361982424862906,,,
high,911,0.9529672006621502,0.005258948739011671,0.8,0.8039471701346201,8.71211457067961,33.976825177472506,200,20,200420,16.46853730602366,,,
high,912,0.9529613487726324,0.0052155838508402,0.8,0.8548475775941011,4.763995509044319,30.028706115837217,200,20,200640,4.108184230772919,,,
high,913,0.952971780429691,0.005140805816804095,0.8,0.7864097092853428,4.3977907823244315,29.662501389117327,200,20,200860,3.9660867224115255,,,
high,914,0.9529610025456813,0.005190545364079591,0.8,0.7703932675095047,4.21446940221585,29.479180009008747,200,20,201080,4.418130626464179,,,
high,915,0.9528819813479728,0.005094956600146916,0.8,0.7822613335045135,5.1493491693296,30.414059776122496,200,20,201300,8.50638674443501,,,
high,916,0.9528920265547045,0.004941048497996925,0.8,0.8414138356699787,3.9224272295094194,29.187137836302316,200,20,201520,4.333737805227469,,,
high,917,0.9529145017777622,0.0049528515251326954,0.8,0.7983863013410206,6.998679790863929,32.26339039765683,200,20,201740,9.70933042773046,,,
high,918,0.9529525724486586,0.0049648165728441995,0.8,0.8182034542516415,3.9133181204910126,29.17802872728391,200,20,201960,4.211794890932024,,,
high,919,0.9529558035624756,0.004900465356142081,0.8,0.8128664867479384,2.5384255325293097,27.803136139322206,200,20,202180,1.2818940326964086,,,
high,920,0.9530044255864001,0.004958189201296981,0.8,0.7877588240073211,8.042718558719763,33.30742916551266,200,20,202400,16.56378625781851,,,
high,921,0.9529940794877154,0.005011169281607608,0.8,0.8339230747309605,5.543599440916605,30.8083100477095,200,20,202620,4.416552306505462,,,
high,922,0.9529690719225248,0.004984357493875269,0.8,0.7701389219431594,2.218976595278331,27.483687202071227,200,20,202840,1.103986815671743,,,
high,923,0.9529943473642027,0.004734946115398486,0.8,0.8404965455949521,5.112406975824014,30.37711758261691,200,20,203060,4.169412718504406,,,
high,924,0.9530319016010953,0.004854997096467639,0.8,0.8055268200090303,4.031056822759458,29.295767429552356,200,20,203280,4.262292880917194,,,
high,925,0.9530510955938953,0.004879370610402889,0.8,0.7901963392191916,4.8435405405710785,30.108251147363973,200,20,203500,4.390660559132285,,,
high,926,0.9530657108401772,0.004831746074917653,0.8,0.8030412842859342,3.634912478579849,28.899623085372745,200,20,203720,4.284180047119135,,,
high,927,0.9530951611765287,0.004667815186393809,0.8,0.7581173849929446,4.048961940349664,29.31367254714256,200,20,203940,3.9332902761432105,,,
high,928,0.9531014130479477,0.0045693389897893955,0.8,0.8516163818781605,3.1302015829008574,28.394912189693752,200,20,204160,1.4048560543415674,,,
high,929,0.9530874611805109,0.004345438516723532,0.8,0.8030158139292201,4.163663067226188,29.428373674019085,200,20,204380,4.391011640262007,,,
high,930,0.9531058784398438,0.004414803075392104,0.8,0.7971749615875465,6.3996226656909325,31.66433327248383,200,20,204600,8.953934912827995,,,
high,931,0.9531249721402731,0.004371398161069018,0.8,0.831343055473706,6.886684268059974,32.15139487485287,200,20,204820,10.038880350492006,,,
high,932,0.9531398173454003,0.004489358731214255,0.8,0.7602675015952054,2.1174144331165263,27.382125039909422,200,20,205040,1.512475036541202,,,
high,933,0.9531150813911975,0.004538337637655099,0.8,0.7933075076001699,4.023691070287654,29.28840167708055,200,20,205260,4.120015387549232,,,
high,934,0.9530672980928516,0.004571913421895335,0.8,0.7807084865475125,2.426272964495617,27.690983571288513,200,20,205480,1.2770315799629968,,,
high,935,0.9530516428272692,0.004663259680374732,0.8,0.775201154825687,7.94182709257102,33.20653769936391,200,20,205700,9.770926697641796,,,
high,936,0.9530033639999029,0.0046821828391950815,0.8,0.8222192466135263,4.413091506847833,29.67780211364073,200,20,205920,4.567707550461055,,,
high,937,0.9530223750883519,0.004841233789478316,0.8,0.7963896192322638,3.7574796009773848,29.02219020777028,200,20,206140,4.38110337823093,,,
high,938,0.9529755561291525,0.004930831457253038,0.8,0.8066933983914558,2.246285683846647,27.510996290639543,200,20,206360,1.2760277122334935,,,
high,939,0.9529947964363854,0.00499093081712465,0.8,0.8094383174404677,2.4321153951242915,27.696826001917188,200,20,206580,1.3621401186712925,,,
high,940,0.9530450792941283,0.004944322362362086,0.8,0.8198655684558032,6.721870978416624,31.98658158520952,200,20,206800,9.683451360842463,,,
high,941,0.9530772836219824,0.00502493070321397,0.8,0.7897010970517719,6.3842700298461486,31.648980636639045,200,20,207020,9.500610722080172,,,
high,942,0.9531126162844064,0.005006019388672955,0.8,0.7812778050062887,2.9962060348243638,28.26091664161726,200,20,207240,1.3027875433617107,,,
high,943,0.9531727341325623,0.00492676728140562,0.8,0.8175178240274424,5.232902445657418,30.497613052450312,200,20,207460,4.442990843953975,,,
high,944,0.9531843070323608,0.0049007120620998545,0.8,0.7814453115492395,2.2210396508445767,27.485750257637473,200,20,207680,1.358224918251797,,,
high,945,0.9531858731851487,0.004738566099319219,0.8,0.7755339939223103,2.439402021711089,27.704112628503985,200,20,207900,1.3498326130313183,,,
high,946,0.9531505164298427,0.004653063223754916,0.8,0.7915376453328151,4.876258679101513,30.140969285894407,200,20,208120,4.100155728005951,,,
high,947,0.9531093842446949,0.00464373094469539,0.8,0.8187594527874343,5.303643121778161,30.568353728571058,200,20,208340,4.70334241464352,,,
high,948,0.9530893314757158,0.004549073548667515,0.8,0.7481268062595711,2.2098460620529057,27.4745566688458,200,20,208560,1.3875193533937773,,,
high,949,0.9530883246451668,0.004417668091972082,0.8,0.7795711243985439,5.6753365525754615,30.94004715936836,200,20,208780,9.57911549433977,,,
high,950,0.9530566749822219,0.004402323536259245,0.8,0.7959084778227028,7.1719624103188995,32.436673017111794,200,20,209000,8.891982253211685,,,
high,951,0.9530718095324664,0.0044430624869901125,0.8,0.788163341992108,7.018756351557348,32.283466958350246,200,20,209220,9.641593541988572,,,
high,952,0.9530646018104746,0.004565821088057254,0.8,0.8164332320686952,3.306240963740751,28.570951570533648,200,20,209440,1.437650763479916,,,
high,953,0.9530457881211244,0.0044180531486194274,0.8,0.7392580123787436,3.3118134532599792,28.576524060052876,200,20,209660,3.826539764277317,,,
high,954,0.9530586689081876,0.004354018356378275,0.8,0.7748171175161187,4.93767402516182,30.202384631954715,200,20,209880,4.520752838317635,,,
high,955,0.9530890987796404,0.0044579201353194264,0.8,0.7865365916602166,5.370392803502489,30.635103410295386,200,20,210100,4.380879041848543,,,
high,956,0.9531089229481914,0.004363439444631245,0.8,0.7711430526987866,4.979002940349229,30.243713547142125,200,20,210320,4.232801233981763,,,
high,957,0.9530753601768496,0.004384575893571996,0.8,0.7924101782956204,4.175805437543578,29.440516044336473,200,20,210540,4.4046016832611965,,,
high,958,0.9530528845242985,0.004320428930073339,0.8,0.8236927195817229,2.7850977097506884,28.049808316543583,200,20,210760,1.2088205503923661,,,
high,959,0.9530145640187798,0.0043125420876029,0.8,0.8201240552346725,4.426884300488566,29.691594907281463,200,20,210980,4.616165142005275,,,
high,960,0.952985083976867,0.004379170351856532,0.8,0.8166496932860355,6.264301931036891,31.529012537829786,200,20,211200,9.585159593487584,,,
high,961,0.9529741155196372,0.004323041719228149,0.8,0.8049996941525512,4.723308166803925,29.98801877359682,200,20,211420,4.247141501487928,,,
high,962,0.9529913003701268,0.004324764233666789,0.8,0.7687174465411875,10.442179797674637,35.70689040446753,200,20,211640,25.98976555397485,,,
high,963,0.9530322550795581,0.0042995201853938125,0.8,0.8348519600624557,5.001911093411525,30.26662170020442,200,20,211860,4.337195826328216,,,
high,964,0.9530262818000614,0.004196013468246607,0.8,0.7817522916629382,5.21047428309054,30.475184889883437,200,20,212080,4.333953125781895,,,
high,965,0.9530074481172428,0.004306083291186091,0.8,0.8169424540403203,3.6023113853907813,28.867021992183677,200,20,212300,4.479800006927594,,,
high,966,0.9529726371288616,0.004339865258614073,0.8,0.8013016634061174,4.910340561429419,30.175051168222314,200,20,212520,4.790176258874066,,,
high,967,0.9530322552130276,0.004396881366298011,0.8,0.8313696718043835,2.375291613577236,27.640002220370132,200,20,212740,1.1530971187819075,,,
high,968,0.9530313070732737,0.004132417272671773,0.8,0.7714936390179913,5.202920421606003,30.4676310283989,200,20,212960,8.318373941012466,,,
high,969,0.9530345395281924,0.004096945089384296,0.8,0.8177328849075914,4.9348940882980115,30.19960469509091,200,20,213180,4.151091075502889,,,
high,970,0.95306840282278,0.004087155195127923,0.8,0.7997786546112606,4.8346967178462235,30.09940732463912,200,20,213400,4.280487752691548,,,
high,971,0.9530687547257614,0.00383987885848458,0.8,0.7576053365262282,4.39048270349645,29.655193310289345,200,20,213620,4.732715554059648,,,
high,972,0.9530738962490836,0.003882621607829484,0.8,0.7983124151248137,5.439764218163423,30.704474824956318,200,20,213840,4.184690799639226,,,
high,973,0.9530503589360213,0.003883791958193994,0.8,0.7996670696113772,3.6064154656319354,28.871126072424833,200,20,214060,3.7622093654502837,,,
high,974,0.9530459122880972,0.0038188894156147013,0.8,0.823663984861705,5.904210287364102,31.168920894156997,200,20,214280,4.0951889912605015,,,
high,975,0.9530918273639306,0.003798154992008307,0.8,0.8166113275145491,5.7303941056131205,30.995104712406018,200,20,214500,10.429724054918456,,,
high,976,0.9530893853960162,0.003747917420994562,0.8,0.8198307298107894,5.22069258822129,30.485403195014186,200,20,214720,4.2583335178952115,,,
high,977,0.9530461668144163,0.0038676688832368633,0.8,0.7657744043639227,3.0081552064801085,28.272865813273004,200,20,214940,1.2067738299363833,,,
high,978,0.9530640506123046,0.0039813747918474585,0.8,0.8280248412663798,2.9230255431768124,28.18773614996971,200,20,215160,1.2844603165212363,,,
high,979,0.953056889558608,0.003819018297561816,0.8,0.7811160879747517,9.49938434035548,34.76409494714838,200,20,215380,16.160888070037217,,,
high,980,0.9530857321923245,0.0037502613392403905,0.8,0.7907738562387373,5.848238036685743,31.11294864347864,200,20,215600,4.577028256574486,,,
high,981,0.9531304745147429,0.0037366852005109585,0.8,0.8248076329047036,4.290296336573851,29.55500694336675,200,20,215820,4.287402808269841,,,
high,982,0.9531229545091948,0.0037364084785853624,0.8,0.8016969163151613,3.5782454581795657,28.842956064972462,200,20,216040,4.836201721457602,,,
high,983,0.9531578756487098,0.003779685176563796,0.8,0.7742444567596624,3.5511733109966004,28.815883917789495,200,20,216260,4.2754777181502,,,
high,984,0.953192444191065,0.0037457709110741977,0.8,0.8111876654490497,3.8739911171442247,29.13870172393712,200,20,216480,4.57695420890808,,,
high,985,0.9532265115854996,0.003782118268910284,0.8,0.7820331872302873,4.651646852088252,29.916357458881148,200,20,216700,4.58141039744453,,,
high,986,0.9532233135653277,0.003679075744403071,0.8,0.7764793481223033,4.317962769527811,29.582673376320706,200,20,216920,4.688606783384003,,,
high,987,0.9532476897281614,0.0036890071603720154,0.8,0.7819760417064379,3.9496568709310567,29.214367477723954,200,20,217140,4.409338584677635,,,
high,988,0.9532453009293569,0.0036587763574811305,0.8,0.7849717828612098,5.368629248555921,30.633339855348815,200,20,217360,9.325657745859859,,,
high,989,0.9532460358295652,0.0037010783519288992,0.8,0.8057134501254264,2.8247029689290213,28.089413575721917,200,20,217580,1.2610120151864865,,,
high,990,0.953225957388121,0.0035671783751772823,0.8,0.7975629694320954,6.411943793745338,31.676654400538233,200,20,217800,8.849765517426118,,,
high,991,0.9532471513608172,0.003519514329780593,0.8,0.8216745125474929,6.941111107131794,32.20582171392469,200,20,218020,9.725093965511762,,,
high,992,0.9533034912754182,0.003555131053227467,0.8,0.7704024975838084,4.254792123351356,29.519502730144254,200,20,218240,4.450308596058821,,,
high,993,0.9532584093415261,0.0035377705940276005,0.8,0.782257999389419,6.218033063721815,31.48274367051471,200,20,218460,10.371126112490932,,,
high,994,0.9532063311890414,0.0033299145344893866,0.8,0.7996914258652039,4.333492011469765,29.59820261826266,200,20,218680,4.172696402227351,,,
high,995,0.9531943269685718,0.0033602408973352205,0.8,0.8098938248904136,3.104860534730681,28.369571141523576,200,20,218900,1.4757271719984792,,,
high,996,0.9531736116325177,0.0033510209177540773,0.8,0.8139463459088486,5.49799531307762,30.762705919870516,200,20,219120,4.459281770479175,,,
high,997,0.9531687517080233,0.0033514932956194565,0.8,0.8094463775315679,6.563052553893127,31.827763160686022,200,20,219340,9.21744707955257,,,
high,998,0.9531881083855436,0.0033736895207552298,0.8,0.7677310813730512,2.233091408658453,27.49780201545135,200,20,219560,1.260669985632556,,,
high,999,0.9532381817400504,0.0033430941262269087,0.8,0.7743333555307623,5.670993048646465,30.93570365543936,200,20,219780,9.977212438623996,,,
high,1000,0.9532424626341489,0.003356493236773672,0.8,0.7646803640000248,6.337440447452159,31.602151054245056,200,20,220000,9.245887944697046,,,
high,1001,0.9532461807391667,0.0033926301306235196,0.8,0.7669545913049224,5.652583768691544,30.91729437548444,200,20,220220,9.045317948647286,,,
high,1002,0.9532781765535278,0.0033669130619645715,0.8,0.7920010138796928,4.280137721276954,29.54484832806985,200,20,220440,4.667564227803462,,,
high,1003,0.9533038087902724,0.0032016427352867805,0.8,0.7861063443499883,5.554069637580491,30.818780244373386,200,20,220660,9.632034114933136,,,
high,1004,0.9533247402275464,0.0031859931023492383,0.8,0.8077690352202374,4.646164454053614,29.91087506084651,200,20,220880,4.193810006112118,,,
high,1005,0.9533379404373505,0.0031858698960468557,0.8,0.7841915552955211,4.316099553329846,29.58081016012274,200,20,221100,4.152022062785864,,,
high,1006,0.9533779616377309,0.0029987323531290855,0.8,0.8489129159067564,4.02463030357554,29.289340910368438,200,20,221320,4.696563750867067,,,
high,1007,0.9533658413517683,0.003036676789421766,0.8,0.7947110155597978,3.460076791149135,28.72478739794203,200,20,221540,4.7641941785719615,,,
high,1008,0.9533752829247379,0.0030006149313727137,0.8,0.8090156468922284,6.623052191824286,31.88776279861718,200,20,221760,10.01634798214133,,,
high,1009,0.953356955328971,0.0030092799705769835,0.8,0.7660810936522847,5.097361570084959,30.362072176877856,200,20,221980,4.17220852975325,,,
high,1010,0.953383972765583,0.0029865202813740277,0.8,0.8868183558406367,4.845811237105031,30.110521843897928,200,20,222200,3.7137035672410947,,,
high,1011,0.9533883488498335,0.003090386507303977,0.8,0.7896286083965003,3.3447380442938734,28.60944865108677,200,20,222420,3.8266961310964622,,,
high,1012,0.9533990712111876,0.002906639345472084,0.8,0.8015358023262564,3.80050027162499,29.065210878417886,200,20,222640,4.443862380338287,,,
high,1013,0.9533770896147549,0.002872668221094221,0.8,0.7807803933615102,3.486576047014435,28.75128665380733,200,20,222860,4.5881540922894715,,,
high,1014,0.9533941048455429,0.002863776246589844,0.8,0.8145731090664026,7.146326646926148,32.411037253719044,200,20,223080,9.726473672845078,,,
high,1015,0.9534297030006567,0.002846333451367755,0.8,0.838457870041695,5.3616564649210146,30.62636707171391,200,20,223300,4.6231891127895866,,,
high,1016,0.9534619595160141,0.00291400951525278,0.8,0.8047804227038792,3.2476327769032305,28.512343383696127,200,20,223520,4.599654623594457,,,
high,1017,0.9534808624094381,0.003000723938937244,0.8,0.8129137212698756,2.1996363870140017,27.4643469938069,200,20,223740,1.3549821405537368,,,
high,1018,0.9534721746841522,0.003074764759620985,0.8,0.7645862725026735,4.2588982346137945,29.52360884140669,200,20,223960,4.491795970878511,,,
high,1019,0.9534596156608767,0.0031097419348831146,0.8,0.7910966976290451,3.9187489703545375,29.183459577147435,200,20,224180,4.076729219712486,,,
high,1020,0.953434409438506,0.0032249519815015226,0.8,0.8059602924614511,2.3409911960541265,27.605701802847022,200,20,224400,1.3465614559667154,,,
high,1021,0.9534481570080858,0.0031737936368587683,0.8,0.8058900410269867,5.399631345996295,30.66434195278919,200,20,224620,4.402214389003322,,,
high,1022,0.9534619735903831,0.0030378165117627143,0.8,0.8074146499459732,4.7326291383937145,29.99733974518661,200,20,224840,4.046205615749165,,,
high,1023,0.953437905029772,0.003043988432740452,0.8,0.8243532280151377,4.544259831840177,29.80897043863307,200,20,225060,4.248341623546978,,,
high,1024,0.9534194163315448,0.0029323431267636035,0.8,0.8171710992716078,6.141067000439212,31.405777607232107,200,20,225280,9.820850961221376,,,
high,1025,0.9534016278207174,0.0030276192149292225,0.8,0.7793178602008254,4.010054692452238,29.274765299245132,200,20,225500,4.271968469783597,,,
high,1026,0.9534648323157826,0.0032188876162632107,0.8,0.7724375272898661,5.011461508318604,30.2761721151115,200,20,225720,5.05956100625674,,,
high,1027,0.953467757922919,0.0034361105182353358,0.8,0.7962842867591101,7.6570639965554,32.9217746033483,200,20,225940,9.603963223481507,,,
high,1028,0.9534485467980526,0.0036072615645511563,0.8,0.835342813481036,2.3063446780706154,27.57105528486351,200,20,226160,1.3550182965191204,,,
high,1029,0.9534460649519299,0.0036764247806451156,0.8,0.8153434483686826,3.3026629700108074,28.567373576803703,200,20,226380,4.400996560104148,,,
high,1030,0.9534582043415473,0.00362556470486719,0.8,0.7930223692902746,4.975023321918025,30.23973392871092,200,20,226600,4.169616367170502,,,
high,1031,0.9534413394163236,0.0036884893896850235,0.8,0.7588936075368635,8.409298022653,33.67400862944589,200,20,226820,17.493888827357104,,,
high,1032,0.9534223768964025,0.0037834575698402206,0.8,0.8077840987699625,2.9724290263019055,28.237139633094802,200,20,227040,1.4114306342190999,,,
high,1033,0.9534123174855598,0.0037100932555583777,0.8,0.760891281367646,5.14929372657389,30.414004333366787,200,20,227260,4.3508120319251375,,,
high,1034,0.9534408078770659,0.003811658468816592,0.8,0.7782546448157556,4.704218079320728,29.968928686113625,200,20,227480,9.085522935389518,,,
high,1035,0.9534140476695373,0.003995126326608145,0.8,0.7865718430203883,3.687649408173837,28.952360014966732,200,20,227700,1.3369512264805201,,,
high,1036,0.9534324545215387,0.004011527817576965,0.8,0.8390253189735227,4.2768734076978285,29.541584014490724,200,20,227920,3.9181740758128605,,,
high,1037,0.9534332737488194,0.00410505996611199,0.8,0.7940388119508088,6.758723795111111,32.023434401904005,200,20,228140,9.507492709717527,,,
high,1038,0.9534018878148104,0.004265550394511153,0.8,0.769185039133719,3.311849573471431,28.576560180264327,200,20,228360,1.3959579055040463,,,
high,1039,0.9534211931148554,0.004294176264920679,0.8,0.7739881410200233,4.207819790464902,29.4725303972578,200,20,228580,4.070957725976617,,,
high,1040,0.9534529278904003,0.004244443656358121,0.8,0.8079392352705311,4.289561834871265,29.55427244166416,200,20,228800,4.597634007926285,,,
high,1041,0.9534837864461235,0.004142117811999357,0.8,0.8049024590505668,6.3912330692450885,31.655943676037985,200,20,229020,9.702773593283402,,,
high,1042,0.95346502230723,0.00417135910381905,0.8,0.7819994868749931,4.064695987185464,29.329406593978362,200,20,229240,4.127469069853106,,,
high,1043,0.9534753391772658,0.004112621323661747,0.8,0.8125245931682585,6.5284941276020865,31.793204734394983,200,20,229460,9.40823620015219,,,
high,1044,0.9534736413312347,0.0042200099952494075,0.8,0.7916309616603927,9.02770636497053,34.29241697176343,200,20,229680,16.52234841088432,,,
high,1045,0.9534621152038627,0.004343218111496516,0.8,0.8390454546409696,4.5280465456000645,29.79275715239296,200,20,229900,4.2673104615187025,,,
high,1046,0.953459658525758,0.0042438232638206674,0.8,0.7934677411617109,3.7875956061147935,29.052306212907688,200,20,230120,3.8945938470894763,,,
high,1047,0.9534608735077172,0.004142721033987051,0.8,0.7967002460758902,3.0918140976164765,28.356524704409374,200,20,230340,1.549748208685783,,,
high,1048,0.9534881411962587,0.004059464959451198,0.8,0.8106685263732668,4.288714949256211,29.553425556049106,200,20,230560,4.731813418574264,,,
high,1049,0.9535259545414386,0.003900997887357316,0.8,0.7832380054575572,4.84430123613432,30.109011842927217,200,20,230780,4.32518416986408,,,
high,1050,0.9534633805744258,0.003857093512305121,0.8,0.7762409269208183,5.491945022500728,30.756655629293626,200,20,231000,9.126333119171449,,,
high,1051,0.9534643283426731,0.003912385294289056,0.8,0.7788688263928097,3.985226926571539,29.249937533364434,200,20,231220,4.331849690847372,,,
high,1052,0.9534258067924545,0.003954104797124769,0.8,0.7984773647240675,6.758644166897235,32.02335477369013,200,20,231440,9.927896648031973,,,
high,1053,0.9534452186936512,0.0038094044808728578,0.8,0.8139473239403984,6.91262140466259,32.17733201145548,200,20,231660,8.9324874549551,,,
high,1054,0.9534659071374137,0.0036864650731551762,0.8,0.7917141015908129,2.8925031518120403,28.157213758604936,200,20,231880,1.314376824471043,,,
high,1055,0.9535085360231147,0.0036911550091954792,0.8,0.8435303019074044,3.5735537396887405,28.838264346481637,200,20,232100,4.120585791588435,,,
high,1056,0.9534698879835122,0.0037692408736370586,0.8,0.7783016794667377,3.4949404812831046,28.759651088076,200,20,232320,4.323352697079018,,,
high,1057,0.9534913907958668,0.003765432082610154,0.8,0.7834095573178729,3.503143844622517,28.767854451415413,200,20,232540,5.0535733955679545,,,
high,1058,0.9535399812322871,0.003726167958848392,0.8,0.8657926618135019,5.618410241179053,30.88312084797195,200,20,232760,9.17167120858992,,,
high,1059,0.9535428467901805,0.0037304863315934522,0.8,0.8290208782241033,4.455659150728337,29.720369757521233,200,20,232980,9.955140413032261,,,
high,1060,0.9535514798490784,0.0035801904625899494,0.8,0.8152529636718064,3.8364237687269047,29.101134375519802,200,20,233200,4.907689162276342,,,
high,1061,0.9535760032157283,0.003719477937367155,0.8,0.8351098470599305,6.530997355030803,31.795707961823698,200,20,233420,10.007331698581094,,,
high,1062,0.9535888767892124,0.0036435106420342755,0.8,0.8296128277768893,2.293896320915807,27.558606927708702,200,20,233640,1.206838919323696,,,
high,1063,0.9536332490084422,0.003673912974909599,0.8,0.8002414734088298,5.4151732089122095,30.679883815705104,200,20,233860,8.992434870655634,,,
high,1064,0.9536379463069778,0.0037649276090908623,0.8,0.7864763217804098,4.092353849869649,29.357064456662545,200,20,234080,4.425713765362162,,,
high,1065,0.9536272896934447,0.0036673196847114564,0.8,0.804568393165902,5.009818995073574,30.27452960186647,200,20,234300,4.599926599785013,,,
high,1066,0.9536046834687797,0.0035523865061146687,0.8,0.8241023710377917,8.420729013363728,33.68543962015662,200,20,234520,16.717711588801354,,,
high,1067,0.9535733380813206,0.0036623185729129926,0.8,0.8258124901854984,3.5045857807874143,28.76929638758031,200,20,234740,3.8566116267160395,,,
high,1068,0.9535560977689448,0.003829684997078364,0.8,0.7993238247842808,5.006812017158808,30.271522623951704,200,20,234960,4.424514241744181,,,
high,1069,0.95353915602849,0.003683949279572052,0.8,0.7730279609375503,3.127584659110418,28.392295265903314,200,20,235180,1.4777024602477808,,,
high,1070,0.9534632125562638,0.0037933733495779665,0.8,0.7717041721972515,2.3424551383295613,27.607165745122458,200,20,235400,1.2284740322627654,,,
high,1071,0.953439787732705,0.003727544470589428,0.8,0.7859005990691819,4.884392050953358,30.149102657746255,200,20,235620,4.229680862540538,,,
high,1072,0.9534231927033305,0.003519013047798336,0.8,0.8135382580591066,3.932822920100501,29.197533526893398,200,20,235840,4.421698688139015,,,
high,1073,0.9534331170082831,0.003510830753061134,0.8,0.8062874273884374,5.577334481217656,30.84204508801055,200,20,236060,9.300216285666464,,,
high,1074,0.953458034348947,0.0035021412704778765,0.8,0.8239006172313291,2.2855002709725194,27.550210877765416,200,20,236280,1.3485718398800948,,,
high,1075,0.9534395646369319,0.0034042513647399852,0.8,0.7748845898436425,3.7501320520281234,29.01484265882102,200,20,236500,3.805544955246999,,,
high,1076,0.9534564025421133,0.0033515131792641872,0.8,0.7897314333944021,5.661749416431959,30.926460023224855,200,20,236720,9.807380963163142,,,
high,1077,0.9534469956239194,0.003231977150141785,0.8,0.7877996127777895,4.412011844259829,29.676722451052726,200,20,236940,4.564908721114426,,,
high,1078,0.953434504422915,0.0032280024269079055,0.8,0.7690186942893288,3.453313802842383,28.71802440963528,200,20,237160,4.164634868649076,,,
high,1079,0.9534418880275521,0.003074931587700336,0.8,0.7836349781008273,4.784803996565884,30.04951460335878,200,20,237380,4.2347935886732495,,,
high,1080,0.9534158401343088,0.0030654308882975823,0.8,0.7990824085052144,5.106106993374043,30.370817600166937,200,20,237600,9.272031931978434,,,
high,1081,0.953402193895002,0.0029918981441019454,0.8,0.8171137850782577,2.3104723181592046,27.575182924952102,200,20,237820,1.1628289489363015,,,
high,1082,0.9533888642013782,0.003014480067713876,0.8,0.7842457876487858,3.684537757122912,28.949248363915807,200,20,238040,4.225649897553771,,,
high,1083,0.9533511813133033,0.0027601133527435096,0.8,0.8147306058191354,5.934310836187275,31.19902144298017,200,20,238260,4.216796243819015,,,
high,1084,0.9533490553178487,0.0028387474495552567,0.8,0.7752653868121746,4.102672247112501,29.367382853905397,200,20,238480,4.367811181043965,,,
high,1085,0.9533230548547375,0.002857191863166797,0.8,0.7921442067480079,4.532785479652166,29.79749608644506,200,20,238700,4.330907233429725,,,
high,1086,0.9533372320994933,0.0029584219416208812,0.8,0.8112623560056976,5.418656865921506,30.6833674727144,200,20,238920,9.334732809416696,,,
high,1087,0.9533384588010647,0.002985549459190051,0.8,0.7779138897722329,5.258298905895712,30.52300951268861,200,20,239140,4.539020301119307,,,
high,1088,0.9533353630620159,0.0028770157423037013,0.8,0.7865894522193454,6.157068157732976,31.42177876452587,200,20,239360,9.43178232448669,,,
high,1089,0.9533672699886362,0.0028274864755755136,0.8,0.8290412720159289,2.9177617231809974,28.182472329973894,200,20,239580,1.5419168209512453,,,
high,1090,0.9533547319086839,0.0027602494368856867,0.8,0.8576007153269659,5.586952456916758,30.851663063709655,200,20,239800,5.196684662298463,,,
high,1091,0.9533661673968675,0.0027123605601432343,0.8,0.806652792746116,2.7095819329847326,27.97429253977763,200,20,240020,1.3677176510255635,,,
high,1092,0.9533972097046172,0.0027154684134483853,0.8,0.8243232639518886,6.205032796197592,31.46974340299049,200,20,240240,9.683220808206169,,,
high,1093,0.9534026553189171,0.0029058436357378703,0.8,0.7939304491834938,4.066335182954709,29.331045789747606,200,20,240460,4.744526424038531,,,
high,1094,0.9533636681399702,0.0028493332080756772,0.8,0.8353230344929635,6.946282015312512,32.21099262210541,200,20,240680,10.044559691350713,,,
high,1095,0.9533357742768094,0.002764204659960634,0.8,0.8225084042357392,3.2369546550796535,28.50166526187255,200,20,240900,4.711899263334326,,,
high,1096,0.9533285978771503,0.002967399196693532,0.8,0.7935293049360679,5.564307249340034,30.82901785613293,200,20,241120,4.247998188692115,,,
high,1097,0.9533277161733419,0.0029046550204687716,0.8,0.7662084295456505,6.705606102360369,31.970316709153266,200,20,241340,9.813727895078953,,,
high,1098,0.9532960017540455,0.002809614180429243,0.8,0.8014521134775809,5.28601777273881,30.550728379531705,200,20,241560,4.256076811355197,,,
high,1099,0.953283515596168,0.0027651512457926852,0.8,0.799180808010394,4.222085473980205,29.4867960807731,200,20,241780,4.314537678594683,,,
high,1100,0.9533004168765917,0.002721997702534895,0.8,0.859237681477807,4.674157651706001,29.938868258498896,200,20,242000,4.2224211534355245,,,
high,1101,0.9533230654749223,0.002676564878188903,0.8,0.7690560792450737,3.9566060282821613,29.221316635075056,200,20,242220,4.125443822287039,,,
high,1102,0.9533403256796377,0.0025951097419847358,0.8,0.8236599272373842,5.405404876062082,30.67011548285498,200,20,242440,4.403487981852252,,,
high,1103,0.953374912661173,0.002651655939583719,0.8,0.817001199127884,6.600503138893859,31.865213745686756,200,20,242660,9.696649474053554,,,
high,1104,0.9533528893526169,0.0027679471715739146,0.8,0.8302266483720229,3.877328319886675,29.14203892667957,200,20,242880,5.268549395299159,,,
high,1105,0.9533499727930196,0.0027025881421351983,0.8,0.7539229172698424,4.787654638429035,30.05236524522193,200,20,243100,4.003891896518678,,,
high,1106,0.9533755209275883,0.002638150844121445,0.8,0.7885268041639987,5.997828142918396,31.262538749711293,200,20,243320,9.230550423420373,,,
high,1107,0.9533818798904119,0.0025454501729587076,0.8,0.7932742699451087,6.8837570668975,32.1484676736904,200,20,243540,9.37891564597845,,,
high,1108,0.9534174167525395,0.002510687733460748,0.8,0.7598507605404632,4.925126324873612,30.18983693166651,200,20,243760,4.2273472795515845,,,
high,1109,0.9534014180101061,0.0025319217361369217,0.8,0.8119389315416135,3.8835695558920147,29.148280162684912,200,20,243980,4.291989393117907,,,
high,1110,0.9533707193610205,0.002643534512227541,0.8,0.7828435118174425,3.7794050229367717,29.044115629729667,200,20,244200,4.069575984304374,,,
high,1111,0.9534107252988239,0.0025773040177311524,0.8,0.7900913510225666,4.555792369195865,29.82050297598876,200,20,244420,4.318779723423005,,,
high,1112,0.9533982300124539,0.002602472140818768,0.8,0.8083151158130532,2.4603060058204558,27.725016612613352,200,20,244640,1.4166923323665406,,,
high,1113,0.9534221962173111,0.0027193612937906897,0.8,0.7747818893014263,3.803466567858527,29.068177174651424,200,20,244860,4.303418174016876,,,
high,1114,0.9534595584693768,0.002805082225366795,0.8,0.7886216208509055,7.39846894338806,32.663179550180956,200,20,245080,9.278136693979542,,,
high,1115,0.9534882980259465,0.002807840414168039,0.8,0.7932466629564158,8.739656565586596,34.00436717237949,200,20,245300,17.95730515268814,,,
high,1116,0.9534423378541238,0.0026352733184353827,0.8,0.8309587888727259,4.071865781537185,29.33657638833008,200,20,245520,3.7598090240509126,,,
high,1117,0.953472678264799,0.0026329238776093833,0.8,0.8117499480519683,4.415261815272733,29.679972422065628,200,20,245740,4.225905380117681,,,
high,1118,0.9534874515442022,0.002748261095803728,0.8,0.7980759968523812,2.678118069062645,27.94282867585554,200,20,245960,1.3460361290060308,,,
high,1119,0.9534955909906002,0.0027338614867021827,0.8,0.797335589641251,2.741248915246657,28.005959522039554,200,20,246180,1.297556520479239,,,
high,1120,0.9534845987106119,0.0028199296403693674,0.8,0.7956186465918886,5.449090835874968,30.713801442667865,200,20,246400,9.55747627727046,,,
high,1121,0.9535136343205872,0.0028944664365543327,0.8,0.7616116328866773,6.764803867937199,32.02951447473009,200,20,246620,9.400110493666139,,,
high,1122,0.9534885821271745,0.003077691521201742,0.8,0.8174003219102737,4.056611651889427,29.321322258682322,200,20,246840,3.959850007493706,,,
high,1123,0.9534757186201928,0.0030677561310787915,0.8,0.8217356466782596,8.704472336301464,33.96918294309436,200,20,247060,17.305431591700504,,,
high,1124,0.9534841175873234,0.003056821017911826,0.8,0.7913545684354004,4.706600162081991,29.971310768874886,200,20,247280,4.096796579886576,,,
high,1125,0.9534613555367426,0.003048871258373942,0.8,0.797630852360055,8.18507925446258,33.449789861255475,200,20,247500,25.76943074121624,,,
high,1126,0.9534452555674682,0.0030808293026179934,0.8,0.8014692120382919,3.2441584988832384,28.508869105676133,200,20,247720,4.864570389344561,,,
high,1127,0.9534601784317632,0.0031587497595293446,0.8,0.7842155459772013,3.7147825034565103,28.979493110249408,200,20,247940,4.683751586199612,,,
high,1128,0.9534621876709028,0.003214803903321961,0.8,0.7922314902481198,3.3557521478534085,28.620462754646304,200,20,248160,4.530994363280582,,,
high,1129,0.9534888064119046,0.003071762603763406,0.8,0.8023578275456195,5.595854830733565,30.86056543752646,200,20,248380,4.3066186589437505,,,
high,1130,0.9534582183769872,0.0031431117732572122,0.8,0.8095468350556518,4.658739686071981,29.923450292864878,200,20,248600,4.1726511467656255,,,
high,1131,0.9534215688980038,0.0031667816686049566,0.8,0.814241464293425,4.559750732779099,29.824461339571997,200,20,248820,4.853442366901973,,,
high,1132,0.9534331369344277,0.0032650290206290844,0.8,0.818395929787297,3.000704165294321,28.26541477208722,200,20,249040,1.2260272910196017,,,
high,1133,0.9534249251954517,0.0032604906644090326,0.8,0.7861055690186715,5.25404807647935,30.518758683272246,200,20,249260,4.143043762831669,,,
high,1134,0.9534005090160684,0.003207184882788483,0.8,0.8047400783510367,3.7749831666044487,29.039693773397346,200,20,249480,3.8484269509182947,,,
high,1135,0.9534101216160886,0.0032234273592380847,0.8,0.8277956057059536,2.676442777032732,27.94115338382563,200,20,249700,1.3138934375142266,,,
high,1136,0.9534218444536324,0.003216243366798155,0.8,0.8476661169498542,6.6412586678815515,31.905969274674447,200,20,249920,10.046361634654254,,,
high,1137,0.9533830595894448,0.0031487034810318004,0.8,0.779900100858327,6.196016626677484,31.46072723347038,200,20,250140,9.60003955609677,,,
high,1138,0.9534224715667151,0.0031081023082502046,0.8,0.8423226699015228,3.820624208588641,29.085334815381536,200,20,250360,3.9818464266205065,,,
high,1139,0.9534187564610292,0.0031490859857370435,0.8,0.7555039335864219,4.078167230567288,29.342877837360184,200,20,250580,4.019789118259323,,,
high,1140,0.9533760618986571,0.0030060962134219604,0.8,0.787299809716784,7.383434948858368,32.64814555565126,200,20,250800,16.429692993025537,,,
high,1141,0.9533750116572561,0.0029383509442711953,0.8,0.8122591798815707,5.464775104981232,30.729485711774128,200,20,251020,4.158123766212096,,,
high,1142,0.9533471117357772,0.002947323960616699,0.8,0.7860143523382488,2.164241680062929,27.428952286855825,200,20,251240,1.3828916146139,,,
high,1143,0.9533851227412192,0.002995388531147225,0.8,0.8144262915290357,6.584584289598151,31.849294896391047,200,20,251460,9.972292579376777,,,
high,1144,0.9533515368149788,0.002929024217362297,0.8,0.7897402600865061,4.293036096863582,29.557746703656477,200,20,251680,4.269081861634917,,,
high,1145,0.9533859378679207,0.0027247119415600984,0.8,0.8265932071725843,6.68353335299169,31.948243959784584,200,20,251900,9.29093820639596,,,
high,1146,0.9533724374224397,0.0026683373165011792,0.8,0.8446286468923605,6.483329860418597,31.748040467211492,200,20,252120,8.828910302610335,,,
high,1147,0.9533826999691275,0.002695306710233214,0.8,0.7992987605799577,4.304655273921053,29.56936588071395,200,20,252340,4.680999941023936,,,
high,1148,0.953361088721003,0.0026729714835272977,0.8,0.7682865772649629,5.26002671308693,30.524737319879826,200,20,252560,4.605513906888261,,,
high,1149,0.9533910292806935,0.002504338337921519,0.8,0.8380446793100431,5.423620713714396,30.68833132050729,200,20,252780,4.899120206675614,,,
high,1150,0.9533782020176208,0.0025584900970649915,0.8,0.7899108528563975,5.310666968491424,30.57537757528432,200,20,253000,4.422163555035457,,,
high,1151,0.9534091804995968,0.0025966548952209845,0.8,0.7950455926288069,2.792355947278353,28.05706655407125,200,20,253220,1.1653657830410498,,,
high,1152,0.953424419935198,0.002445464655057017,0.8,0.8030787367813098,3.3108550781926342,28.57556568498553,200,20,253440,4.24566240931392,,,
high,1153,0.9534399993429097,0.0024209708060323187,0.8,0.8077713609564038,6.92197385197479,32.18668445876769,200,20,253660,8.732525828837533,,,
high,1154,0.9535227933010455,0.0023995896981350295,0.8,0.8159557159793049,5.38637111984274,30.651081726635635,200,20,253880,4.383946848779864,,,
high,1155,0.9535317591051969,0.002474754886043984,0.8,0.8074999843587556,4.096813343696935,29.361523950489833,200,20,254100,3.7654629449761763,,,
high,1156,0.9535127214868533,0.0026539689670499467,0.8,0.794079095417576,4.311652208467896,29.576362815260794,200,20,254320,4.1996982903061495,,,
high,1157,0.9535382053693754,0.0027425230953432855,0.8,0.7729173536559912,6.816551363448082,32.08126197024098,200,20,254540,9.261995058829973,,,
high,1158,0.9535721734506905,0.002611124339125026,0.8,0.7844838389215144,3.699221342810464,28.96393194960336,200,20,254760,4.466579515646208,,,
high,1159,0.9536116214348401,0.002557785005991353,0.8,0.7992061500579829,2.2729784874842434,27.53768909427714,200,20,254980,1.3335256026507687,,,
high,1160,0.9536537641912957,0.00263420983279794,0.8,0.7894850650954719,7.800282646319639,33.06499325311253,200,20,255200,9.9434431917439,,,
high,1161,0.953636134335605,0.0025599198774481913,0.8,0.796589516541247,3.960229077175798,29.224939683968692,200,20,255420,4.506689712295484,,,
high,1162,0.9536144446955704,0.002602894882920981,0.8,0.7834983044526586,3.692732881445994,28.95744348823889,200,20,255640,4.401073523998005,,,
high,1163,0.9536443418599347,0.0024649843761141987,0.8,0.8061413992915712,3.48048490773898,28.745195514531876,200,20,255860,3.791051883726113,,,
high,1164,0.953649447559592,0.002450162453157656,0.8,0.7818084981942587,4.86534045680439,30.130051063597286,200,20,256080,4.157034603556286,,,
high,1165,0.9536086343680008,0.002385003254214313,0.8,0.8081150984612722,4.343865289113685,29.608575895906583,200,20,256300,3.794559835079606,,,
high,1166,0.9535885966398104,0.002252206207792984,0.8,0.794334233880191,3.9799048387275024,29.2446154455204,200,20,256520,4.0067480610937976,,,
high,1167,0.9535486533906049,0.0022966811181222013,0.8,0.7704095457212912,4.454781557668553,29.71949216446145,200,20,256740,4.245081339022236,,,
high,1168,0.9535630994554919,0.0023802057058363024,0.8,0.7570499061121568,6.346643110557516,31.61135371735041,200,20,256960,8.583446517420054,,,
high,1169,0.9536164022610905,0.0023371556414030215,0.8,0.8178750990587743,2.5327980091022164,27.79750861589511,200,20,257180,1.337254920671249,,,
high,1170,0.9536752538165254,0.0024044965295360043,0.8,0.798967838090158,5.288549206513845,30.55325981330674,200,20,257400,4.558263058181261,,,
high,1171,0.9536877171880404,0.002509888162586127,0.8,0.7923963123525068,4.58203050100272,29.846741107795616,200,20,257620,4.478584477387589,,,
high,1172,0.9536944369749047,0.0024840630601413727,0.8,0.8019482024022642,5.770767086380319,31.035477693173213,200,20,257840,4.419479922544059,,,
high,1173,0.953702317013116,0.0024260661173246545,0.8,0.8071806545252648,5.756246042835529,31.020956649628424,200,20,258060,4.320628615809017,,,
high,1174,0.9536825590398167,0.0023936680081118045,0.8,0.8110129268006243,4.1725880476863555,29.43729865447925,200,20,258280,4.215549081779311,,,
high,1175,0.9536566341750826,0.0023020667756588065,0.8,0.8088138772505221,5.930028258916963,31.19473886570986,200,20,258500,9.271585326945466,,,
high,1176,0.9536560127233649,0.0022484319097826333,0.8,0.792976646062953,4.1401235245492405,29.404834131342135,200,20,258720,4.427677859125629,,,
high,1177,0.953666175696655,0.0022017958768186796,0.8,0.8098577948675636,2.863750397397445,28.128461004190342,200,20,258940,1.1249384079980531,,,
high,1178,0.9536746796198028,0.002100960962808207,0.8,0.7929697396962437,3.6764612079282966,28.941171814721194,200,20,259160,4.62476771933603,,,
high,1179,0.9537040679882623,0.0021135193553875053,0.8,0.8147428880349126,7.074823022699819,32.33953362949271,200,20,259380,9.475793897559823,,,
high,1180,0.9537142064780747,0.002019389973286545,0.8,0.7878334008092716,3.3431835582739864,28.60789416506688,200,20,259600,4.689070954880634,,,
high,1181,0.9536738466795462,0.0021352347418219786,0.8,0.7817573726765324,4.012135775341937,29.276846382134835,200,20,259820,4.39356393826094,,,
high,1182,0.9537105883071931,0.0019945174408880773,0.8,0.818709958327523,6.954269008683479,32.21897961547637,200,20,260040,8.971278248454777,,,
high,1183,0.9536709484016079,0.0018304179330825843,0.8,0.7735706529710801,5.47953940323599,30.744250010028885,200,20,260260,4.402012459457447,,,
high,1184,0.9536881268898281,0.0018324648511190977,0.8,0.7789284006356024,5.5035241089917735,30.76823471578467,200,20,260480,9.362631703135115,,,
high,1185,0.953722752664994,0.001708086742313819,0.8,0.8177517784128852,3.9092293532676745,29.173939960060572,200,20,260700,4.014318487645493,,,
high,1186,0.9537168371901522,0.0016636777529136504,0.8,0.7565689979012611,4.435520894432042,29.700231501224938,200,20,260920,4.8943049401772605,,,
high,1187,0.9537161847361106,0.0016396805546382565,0.8,0.8028736846374217,6.5358283716193135,31.80053897841221,200,20,261140,8.847458808011586,,,
high,1188,0.953713226134693,0.0018739853017103458,0.8,0.7720441366705445,6.093532976777326,31.35824358357022,200,20,261360,9.735930283542277,,,
high,1189,0.9536951069517409,0.0019087098777237355,0.8,0.8030127753873283,3.2265741271010673,28.491284733893963,200,20,261580,1.4910067349214506,,,
high,1190,0.9537041002025347,0.001924067378130112,0.8,0.7957824642564765,4.253360805463094,29.518071412255992,200,20,261800,4.451361471783797,,,
high,1191,0.953695312075961,0.0017810902514795446,0.8,0.8182415951415039,3.7023896601364457,28.967100266929343,200,20,262020,4.194128519535856,,,
high,1192,0.9536885901171585,0.0017416611050696806,0.8,0.7514206806484656,6.954812540461735,32.219523147254634,200,20,262240,9.77189797261953,,,
high,1193,0.9536869079823986,0.0017541985287666817,0.8,0.7683039167770688,5.566439982948977,30.831150589741874,200,20,262460,4.677367358069518,,,
high,1194,0.9536491321343153,0.0018032177210250966,0.8,0.8186367529953579,5.478891672994737,30.743602279787634,200,20,262680,4.487768014350314,,,
high,1195,0.9536776623371638,0.0017780768351780551,0.8,0.7913453055811076,2.569098018277182,27.833808625070077,200,20,262900,1.1334988888858601,,,
high,1196,0.9536923925645949,0.0016604394852027804,0.8,0.7877731532271751,4.433259883514606,29.6979704903075,200,20,263120,4.609298310373562,,,
high,1197,0.9536651068237963,0.0016700164678121743,0.8,0.8070334506378074,5.110913410756118,30.375624017549015,200,20,263340,4.4332261826148835,,,
high,1198,0.9536515649049303,0.0015209983811835803,0.8,0.773019768510432,4.303491603095877,29.568202209888774,200,20,263560,4.072662307728782,,,
high,1199,0.9536800942275322,0.001581656899906303,0.8,0.7891890146544024,6.55511243520632,31.819823041999214,200,20,263780,9.836393625364094,,,
high,1200,0.9536600324236395,0.0016484390773430224,0.8,0.7809752430659641,3.8118604906940075,29.076571097486905,200,20,264000,4.599810775123422,,,
high,1201,0.9536832559014132,0.0015707861265471523,0.8,0.8537089399411815,3.9806306306997494,29.245341237492646,200,20,264220,3.9792103585379146,,,
high,1202,0.9536908992404773,0.001781485398921201,0.8,0.7845030692016239,7.810728466657663,33.07543907345056,200,20,264440,16.528597111512514,,,
high,1203,0.9537060174086016,0.0018187710050256989,0.8,0.8298274949678323,4.835990668772506,30.100701275565402,200,20,264660,4.191122295123342,,,
high,1204,0.953738674340591,0.001706560875069707,0.8,0.7808288741447681,3.843352010942254,29.10806261773515,200,20,264880,4.5980232377037416,,,
high,1205,0.9537205048140173,0.0017167617452882311,0.8,0.7886515216065823,4.327164752230775,29.59187535902367,200,20,265100,4.841858363842459,,,
high,1206,0.9537288248961979,0.00174117593810319,0.8,0.8128298136430451,7.713380854198872,32.97809146099177,200,20,265320,9.70671142743892,,,
high,1207,0.9537441629096196,0.0017992046304872167,0.8,0.7880069324693292,4.6990870979844095,29.963797704777306,200,20,265540,4.6728693325631685,,,
high,1208,0.9537720151867293,0.0018442407567953456,0.8,0.7990893265928785,6.849467697405208,32.114178304198106,200,20,265760,8.976872158418418,,,
high,1209,0.9538126471799675,0.0018621448230169424,0.8,0.783305341908558,8.413326074367276,33.67803668116017,200,20,265980,16.71995414877151,,,
high,1210,0.9538136516752374,0.0018104054261495195,0.8,0.8002417791796961,3.8777649364261046,29.142475543219,200,20,266200,4.486001965641715,,,
high,1211,0.9537960811442268,0.0018302524473603476,0.8,0.7735469343744442,4.132613884427729,29.397324491220626,200,20,266420,4.4618074806920855,,,
high,1212,0.9538087422885781,0.0016738259256438015,0.8,0.8273057148596886,6.208723988926814,31.47343459571971,200,20,266640,9.945792418922258,,,
high,1213,0.9538419980041262,0.0017222891931482076,0.8,0.7938619265032595,6.016751238580459,31.281461845373354,200,20,266860,9.432951858011792,,,
high,1214,0.9538454303785213,0.001822275435132581,0.8,0.787850841614015,3.849467924439322,29.11417853123222,200,20,267080,4.467795018528499,,,
high,1215,0.9538244694282971,0.0017503272929614289,0.8,0.777300050263725,2.785130279534299,28.049840886327196,200,20,267300,1.3599484246948206,,,
high,1216,0.953830107699693,0.0018096720811261457,0.8,0.8262928932502744,3.8092810082832824,29.073991615076178,200,20,267520,4.589066928143105,,,
high,1217,0.9538322175716164,0.0018648458384507016,0.8,0.8052193029304591,4.5238134410715265,29.78852404786442,200,20,267740,4.251350976900483,,,
high,1218,0.9538537527314466,0.001981029443464455,0.8,0.8070417641039429,2.8337220798129317,28.09843268660583,200,20,267960,1.3697759945952794,,,
high,1219,0.9538126996544638,0.0018870351316208067,0.8,0.7960680191781527,3.3814423110539034,28.6461529178468,200,20,268180,4.025606217258355,,,
high,1220,0.9537732908896224,0.0017842588040856144,0.8,0.7983588730544753,3.733885577843967,28.998596184636863,200,20,268400,4.0094237900097065,,,
high,1221,0.9537878557768881,0.0018488407408937535,0.8,0.7927663227853367,5.267092347014467,30.531802953807365,200,20,268620,9.244201753620558,,,
high,1222,0.9537523315635104,0.001652006342392487,0.8,0.7992776571828522,4.15798481175183,29.422695418544727,200,20,268840,4.6986757770194,,,
high,1223,0.9537802332871033,0.0015918112261701367,0.8,0.779138700864717,4.634714784823144,29.89942539161604,200,20,269060,4.609784610252407,,,
high,1224,0.9537558472229407,0.0015328170124861984,0.8,0.8247643699669163,2.878317131697167,28.143027738490062,200,20,269280,1.3100024672258554,,,
high,1225,0.9537637510514488,0.0015599400539086927,0.8,0.8192025510290715,5.113862492348006,30.3785730991409,200,20,269500,8.67326822237015,,,
high,1226,0.9537521272226882,0.0015233170870004864,0.8,0.8092592688099741,4.790733590011361,30.055444196804256,200,20,269720,4.306984910374304,,,
high,1227,0.9537483461942746,0.0013444491049861007,0.8,0.8152234661740166,3.730479874483806,28.9951904812767,200,20,269940,4.7887526777356575,,,
high,1228,0.9537289402050921,0.0013335071170681445,0.8,0.8013764957419184,2.3652284437648814,27.629939050557777,200,20,270160,1.399522200033669,,,
high,1229,0.9537188764732755,0.0012758553726512911,0.8,0.7918358849629518,4.001106981331666,29.265817588124563,200,20,270380,4.321402730871475,,,
high,1230,0.9537233924722376,0.0013726142189693924,0.8,0.8087272475753449,2.0817603770987136,27.34647098389161,200,20,270600,1.0896606662783699,,,
high,1231,0.953699327837637,0.0013465710255953223,0.8,0.8380062778716459,4.438303327794658,29.703013934587553,200,20,270820,4.126399563595476,,,
high,1232,0.9536995010782052,0.0013503432210302257,0.8,0.7811729761626878,2.315662483185084,27.58037308997798,200,20,271040,1.3014204306371806,,,
high,1233,0.9536771106823371,0.0014504848301690743,0.8,0.8149411630358572,4.970578067972596,30.235288674765492,200,20,271260,9.705050363255683,,,
high,1234,0.9537146452920717,0.0013703099696334986,0.8,0.8381815717071526,4.891091390576319,30.155801997369217,200,20,271480,4.738321058760855,,,
high,1235,0.953722581921194,0.0015422895485833754,0.8,0.7827825296051538,3.4352454705418665,28.69995607733476,200,20,271700,4.569664608367261,,,
high,1236,0.953675156164212,0.0016547924596646002,0.8,0.7845348133457872,4.197098114331211,29.461808721124108,200,20,271920,3.859951362969263,,,
high,1237,0.9536675677934486,0.0016215695771795158,0.8,0.7782238136975056,4.393322682509397,29.658033289302292,200,20,272140,4.221532714931771,,,
high,1238,0.9536925484342064,0.0015696062996932714,0.8,0.7950209645508423,2.345884422193176,27.610595028986072,200,20,272360,1.1984485752134852,,,
high,1239,0.9536973829239731,0.0015037731971189183,0.8,0.801471130551556,2.537205768765387,27.80191637555828,200,20,272580,1.2251525319692675,,,
high,1240,0.953709504376011,0.0014489254177437738,0.8,0.8209827897507718,3.2798641011742755,28.544574707967172,200,20,272800,1.336158395924509,,,
high,1241,0.9537003696202674,0.0014564554884954894,0.8,0.7727848688912893,5.1896120799441325,30.45432268673703,200,20,273020,4.0309175847623555,,,
high,1242,0.9536977829022822,0.0015049010174704724,0.8,0.8128127931375602,2.6605212528546365,27.925231859647532,200,20,273240,1.224779461776273,,,
high,1243,0.9537058335995854,0.0014606718534135865,0.8,0.7776778979711961,3.8574078168256225,29.122118423618517,200,20,273460,4.467820314253745,,,
high,1244,0.9537137031542274,0.0015154482368042732,0.8,0.8081824599799419,4.367690346869187,29.632400953662085,200,20,273680,4.619357486399097,,,
high,1245,0.9537651308071954,0.0015513998372376214,0.8,0.8110438598609522,2.949413562760876,28.21412416955377,200,20,273900,1.3248850543312727,,,
high,1246,0.9537529468420607,0.001563692771610392,0.8,0.8060958108984809,7.372114350929441,32.63682495772234,200,20,274120,8.808308729298487,,,
high,1247,0.9537590592712073,0.001561645419262514,0.8,0.818023456337668,7.099202734676237,32.363913341469136,200,20,274340,9.607098981308662,,,
high,1248,0.953724841712952,0.0014041818812469131,0.8,0.8038599628148274,4.211468058417195,29.476178665210092,200,20,274560,4.230611828880029,,,
high,1249,0.9536605859089238,0.0014644802167788074,0.8,0.8216589527044607,4.7428853228413805,30.007595929634277,200,20,274780,4.4733512615237485,,,
high,1250,0.953667284005949,0.0013659619014333435,0.8,0.8043238415380288,4.25684025265137,29.521550859444265,200,20,275000,4.382891053793237,,,
high,1251,0.9536891091784289,0.0013970445439751566,0.8,0.7767628688109016,5.057796698048883,30.32250730484178,200,20,275220,4.289842814705421,,,
high,1252,0.9536679172046393,0.0014701406375634551,0.8,0.7808011672750951,5.003936387315096,30.268646994107993,200,20,275440,4.4700572762718345,,,
high,1253,0.9537054278636095,0.001595709692711167,0.8,0.80468945175844,4.250095821266628,29.514806428059522,200,20,275660,4.509590673378299,,,
high,1254,0.9537105225669767,0.0016018853024040158,0.8,0.78212939730292,6.394781662325139,31.659492269118033,200,20,275880,9.563406442712711,,,
high,1255,0.9537256293546271,0.0016811215591844286,0.8,0.7791204045012483,3.571421264001058,28.836131870793952,200,20,276100,4.172495065309985,,,
high,1256,0.9537453831171848,0.0016354625868639783,0.8,0.7784330093478131,3.0948793290886556,28.35958993588155,200,20,276320,1.2349264434891873,,,
high,1257,0.9537589732196947,0.0017143227639722092,0.8,0.7969838350494447,5.2407793228297,30.505489929622595,200,20,276540,4.640178108093274,,,
high,1258,0.9537469757634061,0.0016564632277366043,0.8,0.8116112964466564,3.502473087697626,28.767183694490523,200,20,276760,4.586394379208419,,,
high,1259,0.9537456167669813,0.0017255102047407656,0.8,0.7923943428563975,5.149817425421627,30.414528032214523,200,20,276980,4.337516344460807,,,
high,1260,0.9537648511757846,0.0016823628412062641,0.8,0.7926980815480228,4.049057796018384,29.31376840281128,200,20,277200,4.233311331984214,,,
high,1261,0.9537859495029587,0.0016711557783697373,0.8,0.7908703814498805,7.049385761009742,32.31409636780264,200,20,277420,9.305897436768795,,,
high,1262,0.9537674557493308,0.001623071478784821,0.8,0.8351409406810786,2.443344348986794,27.70805495577969,200,20,277640,1.4880381192842134,,,
high,1263,0.9537564429673454,0.0017291419473570713,0.8,0.8003234371994731,4.257007902312848,29.521718509105746,200,20,277860,4.4800352751109065,,,
high,1264,0.953732898258431,0.0016430106134783795,0.8,0.7870513362473568,4.701327302658469,29.966037909451366,200,20,278080,4.465777939613238,,,
high,1265,0.953724567044424,0.001704833059733346,0.8,0.7826538971461483,5.092027065424278,30.356737672217175,200,20,278300,4.278501619783172,,,
high,1266,0.9537039412817129,0.0018935899542859014,0.8,0.8138005318570634,4.362829124688463,29.62753973148136,200,20,278520,3.9342206592028086,,,
high,1267,0.9537097317036997,0.0018167346851040156,0.8,0.8277881179700926,2.7954428216836997,28.060153428476596,200,20,278740,1.1912517104259592,,,
high,1268,0.9536705831127368,0.001806439502676782,0.8,0.7794861006699481,4.002446778982103,29.267157385775,200,20,278960,4.268865947870159,,,
high,1269,0.9536839570877353,0.001872338109290772,0.8,0.7890812467332501,6.895307166080049,32.16001777287295,200,20,279180,9.380882651558437,,,
high,1270,0.9536813995109695,0.0018398539956463456,0.8,0.8190822159109878,4.806690103982108,30.071400710775002,200,20,279400,4.105214685197335,,,
high,1271,0.9536798145596111,0.0018207604859428184,0.8,0.8463934330880424,6.050761399330085,31.31547200612298,200,20,279620,9.47941469424673,,,
high,1272,0.9536579783708263,0.0018718797435628431,0.8,0.7976672586174055,3.4245184860926305,28.689229092885526,200,20,279840,1.1872825141558079,,,
high,1273,0.9536580780732363,0.0017670067150681312,0.8,0.8209100340705957,2.6737992667879387,27.938509873580834,200,20,280060,1.1043638221748862,,,
high,1274,0.95364949990842,0.0017349428625743624,0.8,0.8364966738161338,7.832510258255096,33.097220865047994,200,20,280280,16.285118239549874,,,
high,1275,0.9536118379571826,0.0016625644809113993,0.8,0.8060153480306702,5.32178568824063,30.586496295033527,200,20,280500,4.891675624592276,,,
high,1276,0.953625354086655,0.0016340227531614904,0.8,0.779423918428224,4.858788481581212,30.123499088374107,200,20,280720,4.389328712252318,,,
high,1277,0.9536344843964077,0.0016032177627515187,0.8,0.7879331473027306,3.922675364045379,29.187385970838275,200,20,280940,4.438924367774934,,,
high,1278,0.9536620034501506,0.0017097223487413382,0.8,0.7757269308322271,3.026377029477235,28.29108763627013,200,20,281160,1.1343621878724994,,,
high,1279,0.9536369950722818,0.001719510117335843,0.8,0.8152174742455268,6.836883506128741,32.10159411292164,200,20,281380,9.398287948105077,,,
high,1280,0.9536350788809216,0.0015854941705777392,0.8,0.8129366462003726,3.431250320249922,28.69596092704282,200,20,281600,4.029310970386937,,,
high,1281,0.9536568487645098,0.0016211543946715867,0.8,0.8420818125275441,3.8609060451064687,29.125616651899364,200,20,281820,4.564875552394658,,,
high,1282,0.9536468612633995,0.0014794785799632226,0.8,0.8171120593234545,6.790881291971154,32.05559189876405,200,20,282040,8.891500595582,,,
high,1283,0.9536721973962222,0.0015185801962546153,0.8,0.7710689339823853,7.632851987398436,32.897562594191335,200,20,282260,9.69504074903078,,,
high,1284,0.9537232785802539,0.0015922685173694884,0.8,0.769839566248067,4.200248731080445,29.464959337873342,200,20,282480,4.604420969466506,,,
high,1285,0.9537684806037929,0.0015732504758457777,0.8,0.7678447928232501,3.9536221268098646,29.21833273360276,200,20,282700,4.512893467841831,,,
high,1286,0.9537275548680713,0.00158331725873051,0.8,0.8103002002160422,6.060508720959709,31.325219327752606,200,20,282920,9.430118024102155,,,
high,1287,0.9537289265916117,0.0015703308701209284,0.8,0.8259440439130249,4.59037660994641,29.855087216739307,200,20,283140,4.042541196162759,,,
high,1288,0.953705364394569,0.00157147482307185,0.8,0.8007637658737806,4.7339252194261325,29.99863582621903,200,20,283360,9.339065391958473,,,
high,1289,0.9537174516290284,0.0015734210350758504,0.8,0.8018858456598233,3.3214978863358695,28.586208493128765,200,20,283580,1.1669740809219502,,,
high,1290,0.9537136720449921,0.0015602333112000322,0.8,0.8125117962954347,5.35295225507674,30.617662861869636,200,20,283800,4.240523325251875,,,
high,1291,0.9537360442444974,0.00156407671708092,0.8,0.7870210676406125,5.16903152287156,30.433742129664456,200,20,284020,4.339835620714975,,,
high,1292,0.9537068724558734,0.0014510714864646168,0.8,0.7705883272595931,6.147200085247238,31.411910692040134,200,20,284240,10.522805125738659,,,
high,1293,0.9537127041442414,0.0014039882650753732,0.8,0.8341858975001978,3.2080970261789963,28.472807632971893,200,20,284460,1.560942915922616,,,
high,1294,0.9536972728413403,0.0013007575026270368,0.8,0.7621684109201929,4.707957646748441,29.972668253541336,200,20,284680,3.9681885992287236,,,
high,1295,0.9537052331045679,0.0013951508823394354,0.8,0.8175705860167629,5.075596557686285,30.34030716447918,200,20,284900,9.801514916847148,,,
high,1296,0.9537301572005884,0.0015799786357660883,0.8,0.8204063538178689,2.233647848759218,27.498358455552115,200,20,285120,1.1220309654934977,,,
high,1297,0.9537298329093188,0.0015806174885379942,0.8,0.83050247874303,2.5450314705176185,27.809742077310514,200,20,285340,1.3718158266353488,,,
high,1298,0.953712966701101,0.001529275421969123,0.8,0.7957764132514322,3.9076264391914344,29.17233704598433,200,20,285560,4.823305734708271,,,
high,1299,0.953724259525328,0.0016300881317079519,0.8,0.7843458318458042,5.284520501690251,30.54923110848315,200,20,285780,9.704325312732953,,,
high,1300,0.9536833483817468,0.0013943271674531355,0.8,0.8342695566165876,2.6872995648914957,27.952010171684393,200,20,286000,1.341077655975044,,,
high,1301,0.9537144765984078,0.001339947077127035,0.8,0.7979125756683921,3.6018557830292792,28.866566389822175,200,20,286220,4.420124997805148,,,
high,1302,0.953718544575396,0.0011814135401906345,0.8,0.7816398511132763,3.4040629694759876,28.668773576268883,200,20,286440,3.671243637473505,,,
high,1303,0.953746949772041,0.0013539958026526078,0.8,0.7707747759488348,3.0983110500019357,28.36302165679483,200,20,286660,1.2447795236080628,,,
high,1304,0.9537822335467924,0.0013987023793279318,0.8,0.8485682978049945,5.725513007364179,30.990223614157074,200,20,286880,9.83526465745402,,,
high,1305,0.9537768405057362,0.0015479456690212778,0.8,0.8053593140926694,5.017176881121421,30.281887487914318,200,20,287100,4.749089941104906,,,
high,1306,0.953721517067475,0.0015468444830836203,0.8,0.7968288190091111,3.886321450367484,29.15103205716038,200,20,287320,4.81960229307848,,,
high,1307,0.9537082025784405,0.0015983477371508403,0.8,0.8003795112739807,4.503652501905831,29.76836310869873,200,20,287540,4.6981022123325715,,,
high,1308,0.9537208534393696,0.0015296875250808695,0.8,0.7899781029381012,3.345850532744334,28.61056113953723,200,20,287760,4.635570489776176,,,
high,1309,0.9537249942180965,0.0016266532962371238,0.8,0.7581761952491612,4.017325220386741,29.282035827179637,200,20,287980,4.286327365527615,,,
high,1310,0.9536635391104373,0.0014202085748700188,0.8,0.808204412201141,7.326464906295582,32.59117551308848,200,20,288200,16.685286663456314,,,
high,1311,0.9536584289026685,0.0013495184341495436,0.8,0.7787326131698106,3.5889920910198776,28.853702697812775,200,20,288420,4.615969639822372,,,
high,1312,0.9536762605451269,0.0014260499152503048,0.8,0.8159830793229322,4.779725421014823,30.04443602780772,200,20,288640,9.833197210221982,,,
high,1313,0.9536870936092486,0.0014058493964393959,0.8,0.8041887420108829,5.36047368645113,30.625184293244025,200,20,288860,4.489449123093868,,,
high,1314,0.9537089708453309,0.0014592729248263936,0.8,0.7910378491726984,6.104905981608696,31.36961658840159,200,20,289080,9.868775966678369,,,
high,1315,0.9536956461104236,0.0013136740793452395,0.8,0.8094722696492622,5.0337157426283845,30.29842634942128,200,20,289300,4.227180005976611,,,
high,1316,0.9536664534942355,0.0014391615748621245,0.8,0.8042068421715531,3.731969430787651,28.996680037580546,200,20,289520,4.773304424607167,,,
high,1317,0.9536660851388112,0.0014278572387815824,0.8,0.7706030541640331,3.8263860902076723,29.09109669700057,200,20,289740,4.0292010090874175,,,
high,1318,0.9536500411744717,0.001410374803812453,0.8,0.7734190467521105,5.280108385229542,30.54481899202244,200,20,289960,4.282856848916096,,,
high,1319,0.9536519769870558,0.0015840887077621657,0.8,0.7773864024788383,3.8671085000213994,29.131819106814294,200,20,290180,4.2868519672872685,,,
high,1320,0.9536476192462187,0.001524278212541641,0.8,0.8169173630672502,7.178853219405112,32.44356382619801,200,20,290400,9.375440034159826,,,
high,1321,0.9536475562950582,0.0015644247988814142,0.8,0.7981628897657282,3.6537027204746515,28.918413327267547,200,20,290620,4.399530621054246,,,
high,1322,0.9536234356889067,0.0014509519392628123,0.8,0.7819364622771626,2.8179272168530196,28.082637823645914,200,20,290840,1.3394247692221255,,,
high,1323,0.953580276906604,0.0015420037010600574,0.8,0.8193739902189757,4.0279279237414,29.292638530534298,200,20,291060,4.400459143884995,,,
high,1324,0.9535795872584244,0.0014168599986280617,0.8,0.7945673114863432,5.000434340723344,30.26514494751624,200,20,291280,4.403774241230788,,,
high,1325,0.9535811745758153,0.0013503647228373383,0.8,0.7763706490580833,5.9673004612158325,31.232011068008728,200,20,291500,9.067191854717285,,,
high,1326,0.9535890681012206,0.001411150127086258,0.8,0.8332592888731325,5.364158174019536,30.628868780812432,200,20,291720,9.215487182325456,,,
high,1327,0.9535814558596889,0.0014814242573190084,0.8,0.761509618743153,4.6563211393058275,29.921031746098723,200,20,291940,4.3006036650838055,,,
high,1328,0.9535797591465406,0.001326825933233966,0.8,0.746995319139924,2.344921759924357,27.609632366717253,200,20,292160,1.1516511540020524,,,
high,1329,0.9535361346408898,0.0013859708937581372,0.8,0.792882751845466,7.725468708084774,32.99017931487767,200,20,292380,9.090330420316713,,,
high,1330,0.9535289146315332,0.001388039490126891,0.8,0.8202808733398044,4.712981422489454,29.977692029282352,200,20,292600,4.351106763140951,,,
high,1331,0.9535783330175934,0.0014583219703281358,0.8,0.7970476609608912,2.5871771173057527,27.85188772409865,200,20,292820,1.2195792129718366,,,
high,1332,0.9535459290496968,0.0013559855942497645,0.8,0.7661866536911096,2.515397280099323,27.780107886892218,200,20,293040,1.210246395723442,,,
high,1333,0.9535462325144313,0.0012862712933858766,0.8,0.7646292471344001,5.033511090375253,30.29822169716815,200,20,293260,4.196256839912637,,,
high,1334,0.9535594908197961,0.00140155914388429,0.8,0.7653438200199283,8.233419190598653,33.49812979739155,200,20,293480,17.007382566627797,,,
high,1335,0.9536034495053309,0.0013464047490160391,0.8,0.7645091618707651,5.257257111424081,30.521967718216978,200,20,293700,4.479013511794341,,,
high,1336,0.9536018125346288,0.001462349719698386,0.8,0.8010055741104748,2.4336643230151527,27.698374929808047,200,20,293920,1.1634503189757779,,,
high,1337,0.9535560794577711,0.0013481722029689003,0.8,0.8331991483180572,3.642519661099911,28.907230267892807,200,20,294140,4.905031281428153,,,
high,1338,0.9535656334852538,0.0014183442505638633,0.8,0.8214429133290098,5.798314958332211,31.06302556512511,200,20,294360,9.161494479529287,,,
high,1339,0.9535691891482915,0.001365438393156504,0.8,0.7787997328524278,2.8321078211399704,28.096818427932867,200,20,294580,1.3297592750073979,,,
high,1340,0.9536119486008576,0.0014194808623801958,0.8,0.7872042820504455,7.748981413882549,33.01369202067544,200,20,294800,10.037765287884767,,,
high,1341,0.9535847431267473,0.0013511639013329413,0.8,0.7929075673646504,8.106200481740784,33.37091108853368,200,20,295020,16.8527871010085,,,
high,1342,0.9536066833657588,0.001472074436989157,0.8,0.7887985988581887,3.4675717709792697,28.732282377772165,200,20,295240,4.261192823285987,,,
high,1343,0.9535994239073335,0.0015480411312457365,0.8,0.8216681216841416,2.353419004056185,27.61812961084908,200,20,295460,1.3753894869644276,,,
high,1344,0.9535843223130397,0.001547670020270786,0.8,0.7981380848873136,3.646944596540183,28.91165520333308,200,20,295680,4.36337972434134,,,
high,1345,0.953616067492256,0.0016602382234314206,0.8,0.8063949834468841,4.828146504156028,30.092857110948923,200,20,295900,4.354122752982784,,,
high,1346,0.9535990807923953,0.001607127067760783,0.8,0.747098301718939,3.918264016810219,29.182974623603116,200,20,296120,3.426897089272594,,,
high,1347,0.9536256385645561,0.0016667063482206368,0.8,0.7938950686561164,6.862178683422016,32.12688929021491,200,20,296340,16.035267420213522,,,
high,1348,0.9536308282673366,0.001704899864492515,0.8,0.7784150616657137,4.2970771990777425,29.561787805870637,200,20,296560,4.054658264392175,,,
high,1349,0.9536109876068273,0.0015558531307812151,0.8,0.7874585558201481,5.1202468442783005,30.384957451071195,200,20,296780,4.094231164979578,,,
high,1350,0.9536624652815363,0.001588263207279117,0.8,0.7867191257817161,2.8827059488961777,28.147416555689073,200,20,297000,1.3507220990914568,,,
high,1351,0.953661372955663,0.0016957151917930124,0.8,0.7928434155103007,4.611693263156308,29.876403869949204,200,20,297220,4.673230564112152,,,
high,1352,0.9536981805512175,0.0016872688606922592,0.8,0.779420363481515,5.645438849006702,30.910149455799598,200,20,297440,4.666009138702261,,,
high,1353,0.9537049535693083,0.0017438627093357972,0.8,0.8159391463100224,5.104422617982466,30.36913322477536,200,20,297660,4.525342663261421,,,
high,1354,0.9537081339991459,0.001662797749500844,0.8,0.7829120201370918,6.857840984528936,32.12255159132183,200,20,297880,8.93960230767443,,,
high,1355,0.9537433850076739,0.001596617520117749,0.8,0.7708328308507578,6.391872852274682,31.656583459067576,200,20,298100,9.802694118462195,,,
high,1356,0.9536958696247804,0.0015066062590549656,0.8,0.8268190425032824,3.0761199437910003,28.340830550583895,200,20,298320,1.368029784724965,,,
high,1357,0.9537107119934891,0.0015280405178118572,0.8,0.8063168131621389,3.484992125838074,28.74970273263097,200,20,298540,4.705153945023631,,,
high,1358,0.9537110306259857,0.0014444443172273447,0.8,0.8485158528612339,4.914968377385633,30.17967898417853,200,20,298760,4.580764725159253,,,
high,1359,0.9537236635280691,0.0013572674431663323,0.8,0.804237281296874,2.418805964509321,27.683516571302217,200,20,298980,1.3560077572227105,,,
high,1360,0.9537424759280477,0.001532737446493182,0.8,0.787671181343834,5.0800395165619285,30.344750123354824,200,20,299200,9.36662580746893,,,
high,1361,0.9537338697550434,0.0016231002832515218,0.8,0.7839684275697025,4.2557354202119075,29.5204460270048,200,20,299420,4.28018609876616,,,
high,1362,0.9537570289705491,0.0015949261358022548,0.8,0.8081348868754455,3.905338959503798,29.170049566296694,200,20,299640,4.575482975848569,,,
high,1363,0.9537377187659797,0.001614291421938252,0.8,0.7660514372137651,4.209893649184553,29.47460425597745,200,20,299860,4.350872174515071,,,
high,1364,0.9537443256256087,0.0016675239967757216,0.8,0.791827543975432,6.771661484885309,32.0363720916782,200,20,300080,9.65293058173768,,,
high,1365,0.9537790195758183,0.0016222828797622935,0.8,0.8059801768248299,2.658860708689641,27.923571315482537,200,20,300300,1.289755783362988,,,
high,1366,0.9537769715981996,0.0016267798188330795,0.8,0.8351243541237936,6.078332578833083,31.34304318562598,200,20,300520,8.95207391909167,,,
high,1367,0.9537477913990978,0.0016615829685234784,0.8,0.7899325917192052,3.4366473371120088,28.701357943904906,200,20,300740,4.487806439177443,,,
high,1368,0.9536966637444404,0.0015414531907401718,0.8,0.7633492908063444,2.3282212373296405,27.592931844122536,200,20,300960,1.1862557440775106,,,
high,1369,0.953666843850968,0.001607077761753617,0.8,0.7712220238319321,4.730893415303072,29.995604022095968,200,20,301180,4.527089493102442,,,
high,1370,0.9536930253342795,0.00174236958061047,0.8,0.7731742376956757,2.7467142076742044,28.0114248144671,200,20,301400,1.2747695816074285,,,
high,1371,0.953686657522142,0.0016419868461123865,0.8,0.7767281481317893,3.9511419600368556,29.215852566829753,200,20,301620,4.275278775589962,,,
high,1372,0.953626867307285,0.0015969292684064884,0.8,0.8197955234519515,3.7877004184764824,29.05241102526938,200,20,301840,4.695159828473325,,,
high,1373,0.9536623956140662,0.0016282778917539042,0.8,0.7911426018418155,7.0015184773702,32.26622908416309,200,20,302060,9.09957503735113,,,
high,1374,0.9536257596157781,0.00172908705300856,0.8,0.809984828942724,3.715717583182266,28.98042818997516,200,20,302280,3.984155065152019,,,
high,1375,0.9536167996555255,0.001880163575640359,0.8,0.8081971139978595,6.323331362636164,31.58804196942906,200,20,302500,10.11076793584212,,,
high,1376,0.9535875647266389,0.001828285218440806,0.8,0.7718485281337321,5.007576476195813,30.272287082988708,200,20,302720,10.110254607268585,,,
high,1377,0.9536254384411562,0.0017610963450105377,0.8,0.8390319538765462,4.855937196045451,30.12064780283835,200,20,302940,4.84985859029384,,,
high,1378,0.9536448883168955,0.0019515047110471029,0.8,0.7996199030701892,2.3400693003938553,27.604779907186753,200,20,303160,1.4047791246659713,,,
high,1379,0.9536218043212858,0.0018623516241897953,0.8,0.8196058292765215,3.960466505055796,29.22517711184869,200,20,303380,4.353340090928144,,,
high,1380,0.9535841497154909,0.0018423033614953788,0.8,0.8237606726023101,4.224169556981199,29.488880163774095,200,20,303600,4.893981494686969,,,
high,1381,0.9536028173125091,0.0018934238019064908,0.8,0.7925719793379467,2.690965423454903,27.955676030247798,200,20,303820,1.191704652583059,,,
high,1382,0.9536380236795893,0.0019063213691543623,0.8,0.8118592912550998,4.938832726906616,30.203543333699514,200,20,304040,4.340366677348003,,,
high,1383,0.9536224796200143,0.001946924493546165,0.8,0.7884442404123443,4.982506674861259,30.247217281654155,200,20,304260,9.62125102050444,,,
high,1384,0.953611304904236,0.0018776028028510972,0.8,0.7625841425368463,5.803925391312698,31.068635998105595,200,20,304480,4.365433353026096,,,
high,1385,0.9536479894381554,0.0018586075272791769,0.8,0.7867459568331057,5.300364977086369,30.565075583879263,200,20,304700,4.317037220141001,,,
high,1386,0.9536412777543769,0.0017213294583814376,0.8,0.79972763705681,3.707758819088659,28.972469425881556,200,20,304920,4.3642757704239115,,,
high,1387,0.9536671462238648,0.0017399678486207382,0.8,0.7654300381275697,3.446635045945466,28.711345652738363,200,20,305140,4.0950795684921015,,,
high,1388,0.9536623768628755,0.0016826449106573937,0.8,0.8380408096991672,7.526259325498589,32.79096993229148,200,20,305360,9.365450117293364,,,
high,1389,0.9536750848501635,0.0017285636000313742,0.8,0.7764913152625317,3.77730911120491,29.042019717997807,200,20,305580,4.574098405742933,,,
high,1390,0.9536426520529787,0.0017290166465444567,0.8,0.8026098391736735,4.0571338066154725,29.321844413408368,200,20,305800,4.2014680013164005,,,
high,1391,0.9536387137146946,0.001644605910891661,0.8,0.8070768635035686,5.449095355778299,30.713805962571193,200,20,306020,4.197576704027247,,,
high,1392,0.9536641896629543,0.0017327602198223824,0.8,0.7981292603289905,4.461630291818359,29.726340898611255,200,20,306240,4.480034598124893,,,
high,1393,0.9536432094841862,0.0018186944207732036,0.8,0.7725114836056004,4.217139565639159,29.481850172432054,200,20,306460,4.391426611170724,,,
high,1394,0.9536477761016909,0.0018443677842640005,0.8,0.7775686357643251,6.190390176270264,31.45510078306316,200,20,306680,9.665925726428691,,,
high,1395,0.9536776334837098,0.0017437760083320875,0.8,0.7823103724198296,2.479073147177116,27.74378375397001,200,20,306900,1.2381921594086007,,,
high,1396,0.9537135724281209,0.0016726844404297836,0.8,0.7904014567635564,7.325046140512848,32.58975674730574,200,20,307120,10.03442551259095,,,
high,1397,0.9536948836410194,0.0017767849209967546,0.8,0.7853701581368038,3.6241197362697144,28.88883034306261,200,20,307340,4.4066936789297,,,
high,1398,0.9537412835991991,0.0019164649439221693,0.8,0.7786044594143877,2.2800308192389034,27.5447414260318,200,20,307560,1.257520768757718,,,
high,1399,0.9537590491777627,0.0020482835007545885,0.8,0.8208075801083183,3.3670717133234884,28.631782320116386,200,20,307780,1.3103960956728353,,,
high,1400,0.9537832208115631,0.0020658064867545844,0.8,0.7733181771274861,4.529499505092981,29.794210111885878,200,20,308000,4.124180257055971,,,
high,1401,0.9537524470322245,0.0019399145680096819,0.8,0.8110885160040259,3.5996629013061603,28.864373508099057,200,20,308220,4.458812799534644,,,
high,1402,0.953693270364445,0.0019143915886616902,0.8,0.7842992991579524,3.726827265706705,28.991537872499602,200,20,308440,4.386466729226624,,,
high,1403,0.953708294213303,0.001960037551716143,0.8,0.7461217912779391,7.107094406156431,32.371805012949324,200,20,308660,10.088551890162373,,,
high,1404,0.9536768762286475,0.0019884771786792266,0.8,0.7744326043013408,4.840778185650864,30.105488792443758,200,20,308880,4.3706623219944785,,,
high,1405,0.9536703904694439,0.0019680041199110487,0.8,0.7768586137415153,7.330045766905032,32.594756373697926,200,20,309100,9.05726273684831,,,
high,1406,0.9536906384665474,0.001989489021706925,0.8,0.8056498326307415,8.24772660508236,33.51243721187525,200,20,309320,16.63665470170309,,,
high,1407,0.9537345958220744,0.001916192036211406,0.8,0.7948862510577259,9.134119510757861,34.39883011755076,200,20,309540,16.30960977571125,,,
high,1408,0.9537133304242192,0.0019288408831951154,0.8,0.7998514930249102,3.4040472610722596,28.668757867865157,200,20,309760,1.315373238480779,,,
high,1409,0.953762906418149,0.0021153538823219797,0.8,0.7995490392810921,2.744429702648722,28.00914030944162,200,20,309980,1.2207312989457264,,,
high,1410,0.9537974741098444,0.0021827628361833495,0.8,0.8155911023120466,3.9577995680479807,29.222510174840878,200,20,310200,4.271795281922892,,,
high,1411,0.9538062365068453,0.0021997778344984287,0.8,0.7683120397824563,6.722562684332579,31.987273291125476,200,20,310420,9.818712117744267,,,
high,1412,0.9538047415861619,0.00218357021711324,0.8,0.8198107283333068,3.7860950459067264,29.050805652699623,200,20,310640,3.8522463633862554,,,
high,1413,0.9538142555886376,0.002265697017253987,0.8,0.800588232618403,7.324542224985858,32.58925283177875,200,20,310860,9.765303883588631,,,
high,1414,0.953820803956887,0.0022808276216618184,0.8,0.7979106536668805,6.458447357892616,31.723157964685512,200,20,311080,9.550377250713792,,,
high,1415,0.9538073782133117,0.0022478192913023554,0.8,0.7921767434513,2.6030280783173985,27.867738685110293,200,20,311300,1.3739411565797885,,,
high,1416,0.9538163502084379,0.0021163934476166046,0.8,0.8230419840719897,4.123565747642671,29.38827635443557,200,20,311520,4.098031260521874,,,
high,1417,0.9537968559379314,0.0021372450287868716,0.8,0.8172733097509264,4.814326685743167,30.079037292536064,200,20,311740,4.303621893959295,,,
high,1418,0.9538065646234224,0.002131257527238639,0.8,0.817639149566241,4.814401493776304,30.0791121005692,200,20,311960,4.4982508738184634,,,
high,1419,0.9538191113215403,0.002264635696728634,0.8,0.7730213878568836,7.317615258818995,32.58232586561189,200,20,312180,16.154403008225437,,,
high,1420,0.9537655297183655,0.0020722667606691836,0.8,0.7971045922663809,5.329283068879282,30.593993675672177,200,20,312400,9.163912565774476,,,
high,1421,0.9537692651610805,0.002062393469528301,0.8,0.7627894045198148,3.9394528598022984,29.204163466595194,200,20,312620,4.523467081772649,,,
high,1422,0.9537359178807183,0.0020358809510713227,0.8,0.7899265403671748,5.215361930796854,30.48007253758975,200,20,312840,4.3657031407759606,,,
high,1423,0.953775444229084,0.002150430722194452,0.8,0.8075227503974736,3.8594823489679695,29.124192955760865,200,20,313060,4.103177591534087,,,
high,1424,0.9537967816161241,0.0023717929926559966,0.8,0.824142066666044,4.185381150265886,29.450091757058782,200,20,313280,4.197311125401062,,,
high,1425,0.9537415193613461,0.0021661655423743653,0.8,0.7781267757587474,7.0915245889999,32.3562351957928,200,20,313500,9.003838143732416,,,
high,1426,0.9537359586104024,0.002146862449047826,0.8,0.8289901256849833,6.432773848990638,31.697484455783535,200,20,313720,9.3118478031356,,,
high,1427,0.9537164131606521,0.0019582893968379533,0.8,0.8011315728712559,4.001463256882901,29.266173863675796,200,20,313940,4.517366657180405,,,
high,1428,0.9537228675126477,0.002034042683295656,0.8,0.7767913240749019,5.350687956236876,30.61539856302977,200,20,314160,4.3061948444965426,,,
high,1429,0.953689879891887,0.0017990422761557934,0.8,0.785879649354438,3.824552820468372,29.08926342726127,200,20,314380,4.501432917076379,,,
high,1430,0.9536532635343046,0.0016030577326223705,0.8,0.7878028377015086,2.8709956899375646,28.13570629673046,200,20,314600,1.5525785223325934,,,
high,1431,0.9536755164343929,0.001516036099854734,0.8,0.7877568514607916,2.645804548207671,27.910515155000567,200,20,314820,1.2502260455181384,,,
high,1432,0.953691440694889,0.0015990361049920132,0.8,0.8212592344145818,6.615889793175064,31.88060039996796,200,20,315040,9.682928598138389,,,
high,1433,0.9537064270171532,0.0015525073836859526,0.8,0.8090190778804368,4.370069465027133,29.63478007182003,200,20,315260,4.239718702072179,,,
high,1434,0.9537302978310092,0.001657875937482678,0.8,0.7702076832621738,3.2251138101953134,28.48982441698821,200,20,315480,1.333489956201409,,,
high,1435,0.9537290601669631,0.0016593250769402212,0.8,0.793864383866498,4.6625472385295845,29.92725784532248,200,20,315700,4.3577041140303,,,
high,1436,0.9537393695233665,0.0017252207126746688,0.8,0.795161883502272,3.1916846900983,28.456395296891195,200,20,315920,1.2597878471675126,,,
high,1437,0.9537160969989614,0.0016580360600204624,0.8,0.7899753797486825,4.945242995495538,30.209953602288433,200,20,316140,9.630941185959466,,,
high,1438,0.9537147355576475,0.0015860895309788292,0.8,0.7775564398735169,2.3104998002629404,27.575210407055835,200,20,316360,1.249776760129748,,,
high,1439,0.9537237624034135,0.001564546673253453,0.8,0.8176360609002759,3.0856329603932293,28.350343567186126,200,20,316580,1.3905335906807637,,,
high,1440,0.9537475160907991,0.0015869884268967516,0.8,0.8014465269063766,3.2830464750830064,28.5477570818759,200,20,316800,3.926093699128881,,,
high,1441,0.9538017527141521,0.0016968016420971788,0.8,0.7997572310496744,2.2652586029772013,27.529969209770098,200,20,317020,1.3009252195782717,,,
high,1442,0.953778405013072,0.001546390268616693,0.8,0.7657808521578982,4.80023489659109,30.064945503383985,200,20,317240,4.5011262013643245,,,
high,1443,0.9537904180567652,0.0016210363380957382,0.8,0.8177510751408653,3.2823241063572013,28.547034713150097,200,20,317460,4.332522988152957,,,
high,1444,0.9538021482276341,0.0016078687904128586,0.8,0.8458105786249572,5.444872642212249,30.709583249005146,200,20,317680,4.443151188495539,,,
high,1445,0.9537961508653228,0.0016186982781267734,0.8,0.7681960057711028,5.980366309980347,31.245076916773243,200,20,317900,9.830181323338218,,,
high,1446,0.9538066139255974,0.0017867985558208677,0.8,0.8450561521992268,2.963881133318287,28.228591740111185,200,20,318120,1.3756451482674423,,,
high,1447,0.9538110005992896,0.0017546465572393366,0.8,0.7891723928072487,5.67267955089809,30.937390157690984,200,20,318340,8.58680951293937,,,
high,1448,0.9538466736105984,0.0017675367189029512,0.8,0.834400808327608,3.2441678186416567,28.508878425434553,200,20,318560,1.3522030553267244,,,
high,1449,0.9538678669669944,0.0019207348728914608,0.8,0.8022496073200056,3.8915019549874685,29.156212561780364,200,20,318780,4.292880505197058,,,
high,1450,0.9538543014859042,0.0018331941009571695,0.8,0.8003394038776136,4.767666191766197,30.032376798559092,200,20,319000,9.638228981446854,,,
high,1451,0.9538686403835099,0.001974737237741997,0.8,0.7826714548457119,2.1161735786979086,27.380884185490803,200,20,319220,1.6174480442184231,,,
high,1452,0.9539279903589877,0.002317853543371884,0.8,0.810615914245509,4.903210138552156,30.16792074534505,200,20,319440,4.372957274499976,,,
high,1453,0.9539501662913301,0.002336327758973189,0.8,0.8014984859628013,4.912577839859238,30.177288446652135,200,20,319660,4.250836880302769,,,
high,1454,0.9539624605755807,0.0023739076817037574,0.8,0.8369030664298629,5.103928398795184,30.36863900558808,200,20,319880,4.538042107444181,,,
high,1455,0.9539728541662331,0.0024163282742520886,0.8,0.8106463625205919,4.845984742155087,30.110695348947985,200,20,320100,3.987110283415439,,,
high,1456,0.9539298268197761,0.0023984204933826803,0.8,0.7838494228155177,3.7307521778059063,28.995462784598804,200,20,320320,4.273829145481775,,,
high,1457,0.9539399084461343,0.0023312656825417166,0.8,0.7750587643932465,5.687703661002469,30.952414267795366,200,20,320540,4.864428092105253,,,
high,1458,0.9539296309411395,0.0022762002907206202,0.8,0.7977596766421744,5.293240930364727,30.557951537157624,200,20,320760,4.275222194669842,,,
high,1459,0.9538931092733496,0.0020893693860914997,0.8,0.7976604268907026,4.8161551280888775,30.080865734881773,200,20,320980,10.159707703995844,,,
high,1460,0.9538833635998003,0.001998597089004406,0.8,0.8196361266208437,5.283417618814726,30.54812822560762,200,20,321200,4.49413179316949,,,
high,1461,0.9539183717483469,0.002037389573299908,0.8,0.7991618858150455,6.281846153956205,31.5465567607491,200,20,321420,9.300673732426395,,,
high,1462,0.9539128820179793,0.001911817528286619,0.8,0.7564059936151449,4.399079223197734,29.66378982999063,200,20,321640,4.768721346100634,,,
high,1463,0.9538954495180628,0.0015210570421136937,0.8,0.8165299299458002,3.245024272361338,28.509734879154234,200,20,321860,1.3612067151137062,,,
high,1464,0.9539101176362017,0.0015413518490635658,0.8,0.8496476856371492,5.062648662835088,30.327359269627983,200,20,322080,3.996442117270683,,,
high,1465,0.9539012813712489,0.0013691547621217381,0.8,0.7983536039180686,4.781887410337413,30.046598017130307,200,20,322300,4.196585344619368,,,
high,1466,0.9539216437528771,0.0014294222255328837,0.8,0.8192661312200378,2.2458908036814815,27.51060141047438,200,20,322520,1.183765285585052,,,
high,1467,0.9539459119675364,0.0015218670126547762,0.8,0.7788711946753262,4.709837546450873,29.97454815324377,200,20,322740,4.283227992886795,,,
high,1468,0.9539713340039142,0.00158763452649624,0.8,0.7979051567922959,2.5340191502356615,27.798729757028557,200,20,322960,1.3273311558576029,,,
high,1469,0.9539905509421458,0.0018229583089069967,0.8,0.8108327038856334,5.214789951482964,30.47950055827586,200,20,323180,4.264180101481054,,,
high,1470,0.9539978707394363,0.0018430004733243077,0.8,0.8080087006261045,3.823642809817204,29.0883534166101,200,20,323400,4.859658440627049,,,
high,1471,0.9540082072282736,0.001924330703053756,0.8,0.8131312248879551,6.239558695098613,31.504269301891508,200,20,323620,9.21632410459463,,,
high,1472,0.9540143541324386,0.0018735412266075446,0.8,0.8028259718673666,3.669845541486856,28.934556148279754,200,20,323840,4.473561427128434,,,
high,1473,0.9540487920129658,0.0019433568430421433,0.8,0.8130290037080264,3.7605731255412005,29.025283732334096,200,20,324060,4.334150760772745,,,
high,1474,0.9540829132167826,0.0020252978580185266,0.8,0.8041186150804881,4.744913405498112,30.009624012291006,200,20,324280,4.475100096529369,,,
high,1475,0.9540559594332246,0.002023269075056011,0.8,0.7603403669630909,3.8190620118126875,29.083772618605582,200,20,324500,4.323507437043672,,,
high,1476,0.9540588679318239,0.0020407243613326242,0.8,0.7729032001682824,4.820611088630521,30.085321695423417,200,20,324720,4.287234068243589,,,
high,1477,0.9540569898120608,0.0019706944136033133,0.8,0.8208896060388654,4.000117939547962,29.26482854634086,200,20,324940,4.606125599643939,,,
high,1478,0.9540390647424716,0.0018897518750857767,0.8,0.8308036719082488,4.791207684730387,30.055918291523284,200,20,325160,4.376955487234229,,,
high,1479,0.9540384933653115,0.0019290503920499358,0.8,0.8160564566349461,7.78555307121765,33.050263678010545,200,20,325380,9.409063409429505,,,
high,1480,0.9540327489004582,0.001938245922639803,0.8,0.7801493959183705,2.2399459125170664,27.50465651930996,200,20,325600,1.2470303165878214,,,
high,1481,0.9540288168364388,0.0018017342350773458,0.8,0.8028162120144212,2.472537645770871,27.737248252563766,200,20,325820,1.2844675213117156,,,
high,1482,0.9539987516378592,0.0017803401571329092,0.8,0.8182539212115655,5.5559028010040015,30.8206134077969,200,20,326040,9.471268712832165,,,
high,1483,0.953987994617464,0.0017674947429311416,0.8,0.7273777656024357,3.5299863389401565,28.79469694573305,200,20,326260,3.8482437554382334,,,
high,1484,0.953994977313579,0.0017094059952649232,0.8,0.8124051211156392,4.374747262792517,29.639457869585414,200,20,326480,3.9435834811584494,,,
high,1485,0.9539679188338587,0.0016358335906223598,0.8,0.8114094727579724,5.9178175518164045,31.1825281586093,200,20,326700,9.500502000410954,,,
high,1486,0.9539883511533517,0.0018057768959192089,0.8,0.7957461893263851,5.372205068039852,30.63691567483275,200,20,326920,9.232267091111783,,,
high,1487,0.9539757813701051,0.0019553615969075677,0.8,0.7582688393361683,4.112005996861067,29.376716603653964,200,20,327140,4.4521958606114165,,,
high,1488,0.9539800731105755,0.0019853544688402947,0.8,0.8254942745144291,4.184367125398952,29.449077732191846,200,20,327360,4.576039556602415,,,
high,1489,0.9539954679864711,0.0017954248044267374,0.8,0.8176006577444759,3.600200017875856,28.864910624668752,200,20,327580,4.159236301413862,,,
high,1490,0.9539963589573786,0.001748199952536389,0.8,0.7955954388223684,3.3901867473161764,28.65489735410907,200,20,327800,1.4353021691863126,,,
high,1491,0.9539902633721313,0.0017529642282816393,0.8,0.7577296621999379,3.6020838678690197,28.866794474661916,200,20,328020,4.21327704900053,,,
high,1492,0.953945663485967,0.0015606078327206063,0.8,0.7761435341030758,5.595893687507081,30.860604294299975,200,20,328240,4.306905637395958,,,
high,1493,0.9539466514472673,0.001494201261575956,0.8,0.7920518232211925,2.9000812031586403,28.164791809951538,200,20,328460,1.1592537934573512,,,
high,1494,0.9539648380556291,0.0015611620785210834,0.8,0.8060735925484775,4.719474158937794,29.98418476573069,200,20,328680,4.609341098930256,,,
high,1495,0.9539602706050082,0.001459995522333002,0.8,0.8119371690915143,3.4480660522075195,28.712776659000415,200,20,328900,4.577462556611336,,,
high,1496,0.953924262038261,0.0013004714386891658,0.8,0.8136730558287871,2.5455569027263634,27.81026750951926,200,20,329120,1.154987415543939,,,
high,1497,0.9539303119149499,0.0012819782413712177,0.8,0.7817236403580027,8.841257310387345,34.10596791718024,200,20,329340,16.864511832050827,,,
high,1498,0.9539636964132866,0.0012559378477746685,0.8,0.8203609471255913,2.3575332887660196,27.622243895558917,200,20,329560,1.3511316121024834,,,
high,1499,0.9539702559478402,0.0012005219721356042,0.8,0.7976274216071403,5.062541214903456,30.32725182169635,200,20,329780,9.590708209593245,,,
high,1500,0.9539577285088062,0.0011742223910150562,0.8,0.7907692630608076,5.694894355621651,30.959604962414545,200,20,330000,4.640559097312413,,,
