schedule,t,reward,gap,beta_true,beta_hat,cert,cert_hp,n_cal,n_mon,cum_aud,xi_sq,exp3_arm,exp3_p,exp3_loss
monitor_only,1,0.9295444422979391,0.02665961349484458,0.0,0.0,4.103969935291223,29.36868054208412,0,20,20,4.525329406439033,,,
monitor_only,2,0.92960978756698,0.026567233966415138,0.0,0.0,4.103913101821081,29.368623708613978,0,20,40,4.076316762597839,,,
monitor_only,3,0.9297190404511122,0.02652973052396912,0.0,0.0,3.9869991466668044,29.2517097534597,0,20,60,3.990311249370178,,,
monitor_only,4,0.9297474751421317,0.026435866503756178,0.0,0.0,4.022159062639469,29.286869669432363,0,20,80,4.518107490070509,,,
monitor_only,5,0.9298476941593029,0.02635337131855564,0.0,0.0,4.124228930572788,29.388939537365683,0,20,100,3.9734304941440572,,,
monitor_only,6,0.929953390773369,0.026278214703126412,0.0,0.0,4.206296605291046,29.47100721208394,0,20,120,4.736699932175281,,,
monitor_only,7,0.9299670087180135,0.026272265725779453,0.0,0.0,4.203984199902791,29.468694806695687,0,20,140,4.588983770408691,,,
monitor_only,8,0.9299839128681608,0.026252813285568832,0.0,0.0,4.026455155758782,29.291165762551678,0,20,160,4.532009539302523,,,
monitor_only,9,0.9300733701296173,0.026079022278391872,0.0,0.0,3.9990092401484088,29.263719846941306,0,20,180,4.634745603698654,,,
monitor_only,10,0.9300969486393635,0.025909482945807305,0.0,0.0,3.9768106443653943,29.24152125115829,0,20,200,3.9339117640428145,,,
monitor_only,11,0.9302284364742877,0.025691581556683274,0.0,0.0,10.368761976237598,35.633472583030496,0,20,220,26.448157021654048,,,
monitor_only,12,0.9303437956974411,0.025510980656716642,0.0,0.0,2.2540942952111407,27.518804902004035,0,20,240,1.2310697740397774,,,
monitor_only,13,0.9305115812863339,0.02538033671759865,0.0,0.0,2.3439065884790757,27.60861719527197,0,20,260,1.1915347545808177,,,
monitor_only,14,0.9305730485508347,0.025347205460117817,0.0,0.0,4.115385982872597,29.38009658966549,0,20,280,4.154817067880223,,,
monitor_only,15,0.9305232315235694,0.025633505775781273,0.0,0.0,2.270208696175758,27.534919302968653,0,20,300,1.3179250141556154,,,
monitor_only,16,0.9304998077808065,0.02558396353297432,0.0,0.0,2.2315282991598466,27.496238905952744,0,20,320,1.3735899355212255,,,
monitor_only,17,0.9306480660600075,0.025460326667572253,0.0,0.0,4.180996251345199,29.445706858138095,0,20,340,4.622704889684184,,,
monitor_only,18,0.9308293685531503,0.025204122992106837,0.0,0.0,4.317730152570256,29.582440759363152,0,20,360,4.541100438786012,,,
monitor_only,19,0.9309359352531614,0.025089735318749473,0.0,0.0,2.324841170527074,27.58955177731997,0,20,380,1.2036139340782652,,,
monitor_only,20,0.93102907692293,0.02495620081471639,0.0,0.0,6.283375031908944,31.548085638701842,0,20,400,9.748510063350768,,,
monitor_only,21,0.9311773940858431,0.02478606424975993,0.0,0.0,4.06393408047419,29.328644687267087,0,20,420,4.149536686216585,,,
monitor_only,22,0.9312566839549251,0.024717286895198143,0.0,0.0,4.100025485366644,29.36473609215954,0,20,440,3.8331434996077403,,,
monitor_only,23,0.9314075053008772,0.02458647404472314,0.0,0.0,2.2724105654677005,27.537121172260598,0,20,460,1.3520453916461284,,,
monitor_only,24,0.9314397909712123,0.024468090924783414,0.0,0.0,4.075225958438579,29.339936565231476,0,20,480,4.6479722926299205,,,
monitor_only,25,0.931520358870321,0.024406282756566755,0.0,0.0,4.025557492392931,29.290268099185827,0,20,500,4.638296724773447,,,
monitor_only,26,0.9315991732801362,0.024228722115137158,0.0,0.0,4.271943282719965,29.536653889512863,0,20,520,4.9066533607751035,,,
monitor_only,27,0.9316508033326452,0.024223090522256796,0.0,0.0,4.180138414636564,29.44484902142946,0,20,540,4.5825769161837755,,,
monitor_only,28,0.931701084934732,0.02417364874430561,0.0,0.0,4.055465990795384,29.32017659758828,0,20,560,4.813308320681863,,,
monitor_only,29,0.931638680910193,0.024343635842409506,0.0,0.0,4.207554054237095,29.47226466102999,0,20,580,4.809991062110006,,,
monitor_only,30,0.931732465405305,0.02420850472953684,0.0,0.0,4.168535928994179,29.433246535787074,0,20,600,4.399432573528478,,,
monitor_only,31,0.9318522408005874,0.024011953865315405,0.0,0.0,4.275825442930231,29.540536049723126,0,20,620,4.17073932213193,,,
monitor_only,32,0.931982364278658,0.02385540233769412,0.0,0.0,2.207815493088881,27.472526099881776,0,20,640,1.1758777693543034,,,
monitor_only,33,0.9320067768231624,0.023811029994625255,0.0,0.0,8.157235715597169,33.42194632239006,0,20,660,16.339268405422487,,,
monitor_only,34,0.932129750388454,0.02365343177467316,0.0,0.0,4.063159444453252,29.327870051246148,0,20,680,4.0186894649016995,,,
monitor_only,35,0.9323182259621793,0.023420004701189323,0.0,0.0,2.277965016417329,27.542675623210226,0,20,700,1.4214683747170904,,,
monitor_only,36,0.9323886636826398,0.023232315534457593,0.0,0.0,4.103572397177418,29.368283003970312,0,20,720,4.272485348813363,,,
monitor_only,37,0.9324606096057669,0.02313490911432936,0.0,0.0,4.06369261353123,29.328403220324127,0,20,740,4.415487613366197,,,
monitor_only,38,0.9326268351194675,0.022913491224109572,0.0,0.0,8.038527999366218,33.30323860615911,0,20,760,16.357404127399022,,,
monitor_only,39,0.9327446849296386,0.022669069506062622,0.0,0.0,4.485219356625243,29.74992996341814,0,20,780,4.071738271575456,,,
monitor_only,40,0.9326614889243223,0.022834860597073514,0.0,0.0,2.192298299967266,27.457008906760162,0,20,800,1.4313163810265461,,,
monitor_only,41,0.9327367403961149,0.022705099943529983,0.0,0.0,6.095042417079366,31.359753023872262,0,20,820,9.160052882169383,,,
monitor_only,42,0.9327747667820486,0.02278338174168626,0.0,0.0,4.636479275848376,29.901189882641273,0,20,840,4.249883651398144,,,
monitor_only,43,0.9329717938748884,0.022569102338656166,0.0,0.0,6.117992969549813,31.38270357634271,0,20,860,9.224764703460352,,,
monitor_only,44,0.9330606105283811,0.0224079859795413,0.0,0.0,6.045767031230208,31.310477638023105,0,20,880,9.02533929888299,,,
monitor_only,45,0.933216961210273,0.02212988279261008,0.0,0.0,6.107506241037978,31.372216847830874,0,20,900,9.503682156900716,,,
monitor_only,46,0.9333848383958426,0.0219199230335535,0.0,0.0,6.221848242696716,31.48655884948961,0,20,920,9.724024556692441,,,
monitor_only,47,0.9336252965755144,0.021693629787687407,0.0,0.0,4.011722288157857,29.27643289495075,0,20,940,4.327992186653818,,,
monitor_only,48,0.9338168187751823,0.021283297443260074,0.0,0.0,3.7762031031662975,29.04091370995919,0,20,960,4.086119062658799,,,
monitor_only,49,0.9339096685357431,0.02110598525949603,0.0,0.0,6.027415952243575,31.292126559036472,0,20,980,9.252905480701013,,,
monitor_only,50,0.934041305237687,0.020917449058985405,0.0,0.0,4.097283041489598,29.361993648282493,0,20,1000,4.121314430363454,,,
monitor_only,51,0.934199787083139,0.020744197233035333,0.0,0.0,6.128412954216683,31.39312356100958,0,20,1020,9.554798203912794,,,
monitor_only,52,0.9342107556975907,0.02086644775581925,0.0,0.0,6.212501452976191,31.477212059769087,0,20,1040,9.45928905169657,,,
monitor_only,53,0.9343408238373034,0.020589085338654556,0.0,0.0,4.175181086955414,29.439891693748308,0,20,1060,4.677959686034564,,,
monitor_only,54,0.9344449888908768,0.020430710835158572,0.0,0.0,4.234962892237623,29.499673499030518,0,20,1080,4.319796770769751,,,
monitor_only,55,0.9344921610140015,0.020388999657445672,0.0,0.0,6.039143738477179,31.303854345270075,0,20,1100,9.646989598854136,,,
monitor_only,56,0.9345412130009655,0.020217518808719803,0.0,0.0,3.99261601468925,29.257326621482147,0,20,1120,4.244586891843315,,,
monitor_only,57,0.9344897193722399,0.02023947903960366,0.0,0.0,4.026179757347035,29.29089036413993,0,20,1140,4.685744715591255,,,
monitor_only,58,0.9346655346800938,0.019925635787957252,0.0,0.0,2.442581203499067,27.707291810291963,0,20,1160,1.2998822140331494,,,
monitor_only,59,0.9347745710203347,0.019870984234145017,0.0,0.0,2.4007664555041583,27.665477062297054,0,20,1180,1.2687560315250024,,,
monitor_only,60,0.9349009160785509,0.019655376507210942,0.0,0.0,2.4354079239153137,27.70011853070821,0,20,1200,1.3928089462130144,,,
monitor_only,61,0.9351143250242435,0.01947291216761249,0.0,0.0,3.9468555559254828,29.211566162718377,0,20,1220,4.586747296089013,,,
monitor_only,62,0.935308118843882,0.01916710815764855,0.0,0.0,3.828293652762011,29.093004259554906,0,20,1240,3.864361921313928,,,
monitor_only,63,0.9353703989367828,0.019102527266685154,0.0,0.0,4.102437429672209,29.367148036465103,0,20,1260,3.9219786033033537,,,
monitor_only,64,0.935653275298489,0.018818738087813647,0.0,0.0,6.075507524905356,31.34021813169825,0,20,1280,9.194968205480588,,,
monitor_only,65,0.9357498582272382,0.018565179683745048,0.0,0.0,2.1827860080388115,27.447496614831707,0,20,1300,1.309284496010513,,,
monitor_only,66,0.9359042225838695,0.01842442168319236,0.0,0.0,6.1681361671536905,31.432846773946586,0,20,1320,9.642687055775072,,,
monitor_only,67,0.9361437355426331,0.018156427709866585,0.0,0.0,6.0984353844372405,31.363145991230137,0,20,1340,9.346154313051164,,,
monitor_only,68,0.9362943681163858,0.01788651571134292,0.0,0.0,3.977834949260178,29.242545556053074,0,20,1360,4.458103044133427,,,
monitor_only,69,0.9363120414273014,0.01772881406928828,0.0,0.0,4.063750003528383,29.32846061032128,0,20,1380,4.716019114950318,,,
monitor_only,70,0.9363573392560723,0.017713667195555338,0.0,0.0,4.207061506349904,29.471772113142798,0,20,1400,4.1647646826353215,,,
monitor_only,71,0.936474317278554,0.01751592233298338,0.0,0.0,3.9101276876343167,29.17483829442721,0,20,1420,4.502150277813665,,,
monitor_only,72,0.9365124963470103,0.017506055652674157,0.0,0.0,4.1308554751494535,29.39556608194235,0,20,1440,4.039483258873178,,,
monitor_only,73,0.936486371807697,0.017550632378854458,0.0,0.0,4.488093852391606,29.752804459184503,0,20,1460,4.177847419917447,,,
monitor_only,74,0.9366677323578365,0.017328048718055822,0.0,0.0,4.058090095831339,29.322800702624235,0,20,1480,4.536177524408658,,,
monitor_only,75,0.9367297509712038,0.01735829543977574,0.0,0.0,6.173199643033098,31.437910249825993,0,20,1500,9.239894336408334,,,
monitor_only,76,0.9367659107434003,0.01745357399749381,0.0,0.0,4.141890462021381,29.406601068814275,0,20,1520,4.403271276525427,,,
monitor_only,77,0.936771464314205,0.017430805629789492,0.0,0.0,2.2157794345838013,27.480490041376697,0,20,1540,1.3912955787093553,,,
monitor_only,78,0.9367986893979188,0.017283231605031424,0.0,0.0,4.235890588973909,29.500601195766805,0,20,1560,4.255936458868177,,,
monitor_only,79,0.93682059565066,0.017471672673698424,0.0,0.0,4.097098358176924,29.361808964969818,0,20,1580,4.433844741739009,,,
monitor_only,80,0.9369461170196997,0.017335676317213333,0.0,0.0,2.4525387176052202,27.717249324398118,0,20,1600,1.3032421836123593,,,
monitor_only,81,0.9369401258253013,0.017389524532505307,0.0,0.0,4.155563878517209,29.420274485310106,0,20,1620,4.424527406945439,,,
monitor_only,82,0.9369632349312618,0.017367941099788564,0.0,0.0,3.832655726510741,29.097366333303636,0,20,1640,4.315810478156472,,,
monitor_only,83,0.9368889306872643,0.017494911326958018,0.0,0.0,3.5671719709753917,28.831882577768287,0,20,1660,4.453127804934138,,,
monitor_only,84,0.9369425300690113,0.01742281951880109,0.0,0.0,3.9737931600922445,29.23850376688514,0,20,1680,4.474502413533417,,,
monitor_only,85,0.9369557874173678,0.01746365329559796,0.0,0.0,6.354432160909214,31.619142767702108,0,20,1700,10.05128985835147,,,
monitor_only,86,0.9370471648054983,0.017399333909591475,0.0,0.0,6.153856126898881,31.418566733691776,0,20,1720,8.533383547322682,,,
monitor_only,87,0.9370467943260379,0.017361106367037915,0.0,0.0,4.067322845802446,29.33203345259534,0,20,1740,4.3432394321925045,,,
monitor_only,88,0.9371538574857918,0.017173340464979092,0.0,0.0,2.487653238932972,27.752363845725867,0,20,1760,1.463003906104793,,,
monitor_only,89,0.9372153445863106,0.017111783760051624,0.0,0.0,2.27431626111341,27.539026867906305,0,20,1780,1.399280052257962,,,
monitor_only,90,0.9373536072684684,0.01699530501551172,0.0,0.0,4.162836541865143,29.42754714865804,0,20,1800,4.403504950764169,,,
monitor_only,91,0.9374995055717334,0.016796929605063293,0.0,0.0,4.1024853710135085,29.367195977806404,0,20,1820,4.265025644545116,,,
monitor_only,92,0.9374796929711836,0.01683303793058033,0.0,0.0,4.322930854146869,29.587641460939764,0,20,1840,4.384032569296583,,,
monitor_only,93,0.9374833463659288,0.016694431641971597,0.0,0.0,3.866025797495581,29.130736404288477,0,20,1860,4.409638294322148,,,
monitor_only,94,0.9376080678138015,0.01646571416737852,0.0,0.0,4.154172054563811,29.418882661356708,0,20,1880,4.334016404415996,,,
monitor_only,95,0.9376120906664525,0.016535046937970477,0.0,0.0,4.263971674344889,29.528682281137783,0,20,1900,4.185665388315372,,,
monitor_only,96,0.9378645251081823,0.016221212819452213,0.0,0.0,4.133965871816886,29.398676478609783,0,20,1920,4.216167349225628,,,
monitor_only,97,0.9379648074916545,0.01613519010657427,0.0,0.0,2.3093166706473736,27.57402727744027,0,20,1940,1.1629097897611833,,,
monitor_only,98,0.9380262106581586,0.016123705324118776,0.0,0.0,4.280573078377694,29.54528368517059,0,20,1960,4.617329741259954,,,
monitor_only,99,0.9379373533194858,0.01617366189180547,0.0,0.0,3.748452650111454,29.01316325690435,0,20,1980,4.167887107883269,,,
monitor_only,100,0.9381059347643469,0.01589269394941073,0.0,0.0,4.01854650546579,29.283257112258685,0,20,2000,4.668323443567896,,,
monitor_only,101,0.9381790824116444,0.01569714194902394,0.0,0.0,4.416947630253189,29.681658237046086,0,20,2020,4.517481577237615,,,
monitor_only,102,0.9382034486682204,0.015500806365600028,0.0,0.0,5.96389571186638,31.228606318659274,0,20,2040,9.302056770473756,,,
monitor_only,103,0.9382018487736627,0.015492558941415546,0.0,0.0,2.2982365692661824,27.56294717605908,0,20,2060,1.2769022874620375,,,
monitor_only,104,0.9381493506347477,0.015628366038259345,0.0,0.0,3.8414190219776048,29.1061296287705,0,20,2080,4.566551882650139,,,
monitor_only,105,0.9381683929141166,0.015606719899981969,0.0,0.0,3.818209983558444,29.08292059035134,0,20,2100,4.277710469485361,,,
monitor_only,106,0.9382339589896297,0.01563405629114767,0.0,0.0,6.354526283230661,31.619236890023558,0,20,2120,8.998890523283261,,,
monitor_only,107,0.9383503700427733,0.01560559869929834,0.0,0.0,7.912179645193944,33.17689025198684,0,20,2140,16.106217950424917,,,
monitor_only,108,0.9384980481269944,0.015340059447353505,0.0,0.0,4.060010073690506,29.324720680483402,0,20,2160,4.602736396687443,,,
monitor_only,109,0.938604988003017,0.01511950817018426,0.0,0.0,3.6840228823456798,28.948733489138576,0,20,2180,4.5927180296753525,,,
monitor_only,110,0.9387424576184348,0.014896735415673712,0.0,0.0,2.3210944234805906,27.585805030273487,0,20,2200,1.2970631095896088,,,
monitor_only,111,0.9387910533554324,0.014837915893017084,0.0,0.0,4.314358619634097,29.579069226426995,0,20,2220,4.212372469357311,,,
monitor_only,112,0.9389164361631097,0.014709390487247065,0.0,0.0,4.130374456156867,29.39508506294976,0,20,2240,4.250343419040755,,,
monitor_only,113,0.9390924797766241,0.014450234176626053,0.0,0.0,4.071436818501939,29.336147425294836,0,20,2260,4.595924225576928,,,
monitor_only,114,0.9391504996185714,0.014326407704415067,0.0,0.0,4.593702760480744,29.85841336727364,0,20,2280,4.346354720926509,,,
monitor_only,115,0.9393573281400673,0.014100619409386228,0.0,0.0,4.476357780457924,29.74106838725082,0,20,2300,4.725268725667746,,,
monitor_only,116,0.9395099910508813,0.013845039722548025,0.0,0.0,9.590895974639508,34.855606581432404,0,20,2320,25.319067246839484,,,
monitor_only,117,0.939616081912197,0.013744422573698567,0.0,0.0,4.290074065954117,29.55478467274701,0,20,2340,3.793404087103575,,,
monitor_only,118,0.939612654056188,0.013729215092444624,0.0,0.0,4.051211289288651,29.315921896081548,0,20,2360,4.536541230731678,,,
monitor_only,119,0.9397136653642643,0.013725375028965314,0.0,0.0,3.937881153918903,29.202591760711798,0,20,2380,4.157406614798498,,,
monitor_only,120,0.9397508560247753,0.013681622908511715,0.0,0.0,4.069462900167123,29.33417350696002,0,20,2400,4.766820069154144,,,
monitor_only,121,0.9397744443862823,0.013639682777025874,0.0,0.0,3.908700615613636,29.173411222406532,0,20,2420,4.035037584535563,,,
monitor_only,122,0.939844359221263,0.013527073432375358,0.0,0.0,4.362390368038856,29.62710097483175,0,20,2440,4.395723601927756,,,
monitor_only,123,0.9399419166923882,0.013494892018453664,0.0,0.0,4.184580227847579,29.449290834640475,0,20,2460,4.359166592369385,,,
monitor_only,124,0.9399334090273793,0.013559392688395122,0.0,0.0,6.4754541277788755,31.74016473457177,0,20,2480,9.478422113368882,,,
monitor_only,125,0.94007675458856,0.013407411520220291,0.0,0.0,4.058943794532097,29.323654401324994,0,20,2500,5.457047832820748,,,
monitor_only,126,0.9401027339921717,0.013332244509928093,0.0,0.0,4.166886887503285,29.43159749429618,0,20,2520,4.475575937053362,,,
monitor_only,127,0.9401508701076687,0.013353317885748672,0.0,0.0,8.142650714422926,33.407361321215824,0,20,2540,16.984443757965035,,,
monitor_only,128,0.9402444649499543,0.013301310145268697,0.0,0.0,2.4584006198477617,27.723111226640658,0,20,2560,1.3890337431635702,,,
monitor_only,129,0.94037448670498,0.013190910309290316,0.0,0.0,5.29810524146214,30.562815848255035,0,20,2580,9.58466726905846,,,
monitor_only,130,0.9405397224179839,0.01292549250730457,0.0,0.0,2.2378078090670828,27.502518415859978,0,20,2600,1.191675633049499,,,
monitor_only,131,0.9405505021024599,0.012822154803579178,0.0,0.0,4.227228043652291,29.491938650445185,0,20,2620,4.112534455778501,,,
monitor_only,132,0.9407316352272215,0.01260965324389296,0.0,0.0,4.403918013150972,29.668628619943867,0,20,2640,4.35479607126771,,,
monitor_only,133,0.940709465584722,0.012604767688793705,0.0,0.0,2.2759771194622984,27.540687726255193,0,20,2660,1.2464788424031494,,,
monitor_only,134,0.9407943572806579,0.012469799513338486,0.0,0.0,6.313393938262621,31.578104545055517,0,20,2680,9.541706381178189,,,
monitor_only,135,0.9409122320276042,0.012227036439375505,0.0,0.0,4.771777666646104,30.036488273438998,0,20,2700,4.5464008457280265,,,
monitor_only,136,0.9410942741780643,0.012216915839871167,0.0,0.0,3.786950755555294,29.05166136234819,0,20,2720,4.542988480801098,,,
monitor_only,137,0.9411260897432566,0.012082064498460499,0.0,0.0,6.464815843590058,31.729526450382956,0,20,2740,9.519290088546523,,,
monitor_only,138,0.9411334288872757,0.012089596789081614,0.0,0.0,4.2963544829731335,29.56106508976603,0,20,2760,4.219312945153688,,,
monitor_only,139,0.9412370971138794,0.011921045755477144,0.0,0.0,4.159617364819352,29.42432797161225,0,20,2780,4.776011747860967,,,
monitor_only,140,0.9413152109104335,0.011809995780377558,0.0,0.0,4.987132559958121,30.251843166751016,0,20,2800,9.877435967416345,,,
monitor_only,141,0.9414418657443548,0.01167685143020869,0.0,0.0,5.967901431466844,31.232612038259738,0,20,2820,9.779381871346875,,,
monitor_only,142,0.9414832749027786,0.011696175597676772,0.0,0.0,2.6480875382911955,27.912798145084093,0,20,2840,1.3959463318509555,,,
monitor_only,143,0.9416088092239382,0.01162229519737401,0.0,0.0,2.739371562458895,28.00408216925179,0,20,2860,1.3409297975124257,,,
monitor_only,144,0.9417303358467104,0.011477126986193742,0.0,0.0,4.247062795653812,29.511773402446707,0,20,2880,3.95816060741446,,,
monitor_only,145,0.9418568634291616,0.011290671136708674,0.0,0.0,3.5550587804676934,28.81976938726059,0,20,2900,4.171688816935327,,,
monitor_only,146,0.9418939144786718,0.011278464179691694,0.0,0.0,6.2529448516653865,31.517655458458282,0,20,2920,9.56470158215631,,,
monitor_only,147,0.9419881239337698,0.011104788883255168,0.0,0.0,3.3860478522229736,28.65075845901587,0,20,2940,4.348758315605272,,,
monitor_only,148,0.9420766915142428,0.011013781673620548,0.0,0.0,3.456247586918897,28.720958193711795,0,20,2960,4.480672400188003,,,
monitor_only,149,0.9420942698996669,0.01102205662079525,0.0,0.0,8.650168451498542,33.91487905829144,0,20,2980,17.423471354894026,,,
monitor_only,150,0.9421125374245011,0.011128609773349063,0.0,0.0,2.567247209108209,27.831957815901106,0,20,3000,1.4978451469171241,,,
monitor_only,151,0.9421285256492596,0.011197057445126446,0.0,0.0,4.127318063383439,29.392028670176334,0,20,3020,4.507529810792213,,,
monitor_only,152,0.9421862896584061,0.011193763166986836,0.0,0.0,8.022781488064783,33.28749209485768,0,20,3040,15.431789717818361,,,
monitor_only,153,0.9423179630320074,0.010952062072218771,0.0,0.0,6.25557898112178,31.520289587914675,0,20,3060,9.228401878800677,,,
monitor_only,154,0.9423525053539755,0.01092329707218942,0.0,0.0,4.233325317200411,29.498035923993307,0,20,3080,4.41200675905245,,,
monitor_only,155,0.9423787653476784,0.010904332675512385,0.0,0.0,6.0782725895547305,31.342983196347625,0,20,3100,9.676503159773663,,,
monitor_only,156,0.9425361964688791,0.010790468852933222,0.0,0.0,3.739968013399943,29.004678620192838,0,20,3120,4.386028386936109,,,
monitor_only,157,0.942639314958063,0.010670991219209558,0.0,0.0,4.700661605312903,29.965372212105798,0,20,3140,4.4320059637632765,,,
monitor_only,158,0.9426974524598313,0.010607271051650713,0.0,0.0,2.3347718016079795,27.599482408400874,0,20,3160,1.3732931390431784,,,
monitor_only,159,0.9426365305728163,0.010688264800712832,0.0,0.0,2.341748446115382,27.606459052908278,0,20,3180,1.1659766629297263,,,
monitor_only,160,0.9427393556561705,0.01049069741344888,0.0,0.0,6.770159809031053,32.034870415823946,0,20,3200,10.19515399443464,,,
monitor_only,161,0.942817038077132,0.010429974358327154,0.0,0.0,3.7679520736065655,29.03266268039946,0,20,3220,4.524300685782222,,,
monitor_only,162,0.9429020689482551,0.010285448558458476,0.0,0.0,6.565205818439662,31.829916425232557,0,20,3240,9.478011263717596,,,
monitor_only,163,0.9430673547265042,0.00998144692189673,0.0,0.0,4.606015382802319,29.870725989595215,0,20,3260,4.530406596397464,,,
monitor_only,164,0.9430889930060968,0.010002554179764367,0.0,0.0,4.616815691791207,29.881526298584102,0,20,3280,4.481365500106619,,,
monitor_only,165,0.9430981526178344,0.00997006544349488,0.0,0.0,4.523913408514586,29.788624015307484,0,20,3300,4.293279681280231,,,
monitor_only,166,0.943169306542721,0.009846612277670252,0.0,0.0,4.161631937151627,29.42634254394452,0,20,3320,4.104089237190869,,,
monitor_only,167,0.9432306879036974,0.009814422353596863,0.0,0.0,4.222726223833466,29.48743683062636,0,20,3340,4.818166930955433,,,
monitor_only,168,0.9433707460757749,0.009667690959137776,0.0,0.0,2.2742185047193546,27.53892911151225,0,20,3360,1.3323011865254595,,,
monitor_only,169,0.943381780354785,0.009581092003295266,0.0,0.0,4.976447498656892,30.241158105449788,0,20,3380,4.248068651825825,,,
monitor_only,170,0.9434741239831088,0.009509781834433184,0.0,0.0,2.2460734219621847,27.51078402875508,0,20,3400,1.2164506861622364,,,
monitor_only,171,0.943546648657507,0.00955882530346508,0.0,0.0,3.85445918767964,29.119169794472537,0,20,3420,3.7871473989616007,,,
monitor_only,172,0.9436924687519059,0.009370668291455275,0.0,0.0,2.774226471770799,28.038937078563695,0,20,3440,1.2735361904679314,,,
monitor_only,173,0.9437783337864339,0.009294489578414722,0.0,0.0,5.925703063454685,31.19041367024758,0,20,3460,9.177922572126601,,,
monitor_only,174,0.9438585152735032,0.009178605928666927,0.0,0.0,3.6133389307991304,28.878049537592027,0,20,3480,3.995208689264811,,,
monitor_only,175,0.9439407663901112,0.00903780064599835,0.0,0.0,4.019440973934532,29.28415158072743,0,20,3500,4.245491688967232,,,
monitor_only,176,0.9438897745506989,0.009110598762659516,0.0,0.0,5.334934867788143,30.59964547458104,0,20,3520,9.210148863057244,,,
monitor_only,177,0.9439381232080368,0.009183387897181872,0.0,0.0,4.016545589777213,29.28125619657011,0,20,3540,3.960236072230425,,,
monitor_only,178,0.9440120961492059,0.009038140751185586,0.0,0.0,3.885808925020569,29.150519531813465,0,20,3560,4.837089578998188,,,
monitor_only,179,0.9439898824556486,0.008924658002065766,0.0,0.0,8.62295398227457,33.88766458906747,0,20,3580,16.133702881746437,,,
monitor_only,180,0.9440713976976843,0.008832583038081543,0.0,0.0,4.668868665521047,29.933579272313942,0,20,3600,4.69569674302326,,,
monitor_only,181,0.9440898927405179,0.0088549710056256,0.0,0.0,4.286932025479955,29.551642632272852,0,20,3620,4.541965911113397,,,
monitor_only,182,0.9441368856090977,0.008873048617932255,0.0,0.0,6.067092479130309,31.331803085923205,0,20,3640,9.443948813545227,,,
monitor_only,183,0.944168093471301,0.008952824987532138,0.0,0.0,2.330885715690961,27.595596322483857,0,20,3660,1.2646640910805627,,,
monitor_only,184,0.9442049957248282,0.0090159957130167,0.0,0.0,2.114157176166164,27.37886778295906,0,20,3680,1.1840693013201968,,,
monitor_only,185,0.9443041381693056,0.008841960677856475,0.0,0.0,4.140604227242527,29.405314834035423,0,20,3700,4.136334973486749,,,
monitor_only,186,0.9443705784073024,0.008859763692998124,0.0,0.0,8.343551036659358,33.60826164345225,0,20,3720,16.79742542458438,,,
monitor_only,187,0.9443921752535686,0.00889708274858636,0.0,0.0,4.390386291850442,29.655096898643336,0,20,3740,4.5148311108335575,,,
monitor_only,188,0.9444155689696858,0.008939080651274689,0.0,0.0,4.2783600517292095,29.543070658522105,0,20,3760,4.231174779656443,,,
monitor_only,189,0.9443966784908109,0.008898375004114056,0.0,0.0,3.39312414868844,28.657834755481336,0,20,3780,4.139058760042346,,,
monitor_only,190,0.9444976551852924,0.008790208092585017,0.0,0.0,4.092223008822383,29.35693361561528,0,20,3800,4.043253041577491,,,
monitor_only,191,0.9445797950875368,0.008587001091961866,0.0,0.0,4.256402520391583,29.521113127184478,0,20,3820,4.464162014856411,,,
monitor_only,192,0.9446129225462468,0.008469859786457867,0.0,0.0,2.129694287313791,27.394404894106685,0,20,3840,1.144322835126667,,,
monitor_only,193,0.9445832776569207,0.008468167318390618,0.0,0.0,3.7893187531935393,29.054029359986437,0,20,3860,4.474691497831339,,,
monitor_only,194,0.9446108414365779,0.008407114811460059,0.0,0.0,2.758301923262837,28.023012530055734,0,20,3880,1.2734313987277293,,,
monitor_only,195,0.944698103501443,0.008278105376389067,0.0,0.0,2.4875774518635905,27.752288058656486,0,20,3900,1.2445140863476913,,,
monitor_only,196,0.9447255833264561,0.00819024722510231,0.0,0.0,6.081332030851416,31.346042637644313,0,20,3920,9.47649699937117,,,
monitor_only,197,0.9447529870644642,0.008140766876374439,0.0,0.0,6.769840340805632,32.034550947598525,0,20,3940,9.424508382152423,,,
monitor_only,198,0.9447845792315167,0.008099311919444463,0.0,0.0,8.08817274642314,33.352883353216036,0,20,3960,16.366418681830172,,,
monitor_only,199,0.9448164880736716,0.008053469619649478,0.0,0.0,4.002627398191171,29.26733800498407,0,20,3980,4.314743100479786,,,
monitor_only,200,0.9448798139964999,0.008031442773821729,0.0,0.0,3.7958576189046753,29.060568225697573,0,20,4000,4.323313783808996,,,
monitor_only,201,0.9449396836967127,0.007905448131806603,0.0,0.0,4.228553736960935,29.49326434375383,0,20,4020,4.021461997592345,,,
monitor_only,202,0.9450015708062992,0.007866600447284822,0.0,0.0,4.552639725330978,29.817350332123873,0,20,4040,3.9778119574589663,,,
monitor_only,203,0.9450471542080585,0.007830532918951971,0.0,0.0,4.979596861423154,30.24430746821605,0,20,4060,4.381930136007588,,,
monitor_only,204,0.9450979954781955,0.007766720606641742,0.0,0.0,4.979902901670185,30.244613508463082,0,20,4080,4.254522274320733,,,
monitor_only,205,0.9449967247924744,0.00797592147490378,0.0,0.0,3.5036204632555785,28.768331070048475,0,20,4100,4.198591772905349,,,
monitor_only,206,0.9449686606335033,0.008179446979528104,0.0,0.0,5.440837980067815,30.70554858686071,0,20,4120,9.387536264766398,,,
monitor_only,207,0.9450322717040369,0.008164915640102022,0.0,0.0,2.539654891686949,27.804365498479847,0,20,4140,1.199798120171261,,,
monitor_only,208,0.9451142068789704,0.00796158187341467,0.0,0.0,2.1864665907364307,27.451177197529326,0,20,4160,1.2798942750782072,,,
monitor_only,209,0.945051222391693,0.00796540001954138,0.0,0.0,4.002520758512909,29.267231365305804,0,20,4180,4.668310450511709,,,
monitor_only,210,0.9451841184741271,0.00783251280135644,0.0,0.0,4.797880624140253,30.06259123093315,0,20,4200,9.383683093572587,,,
monitor_only,211,0.9451768652610827,0.007888178565415793,0.0,0.0,5.320221951528758,30.584932558321654,0,20,4220,9.716753846794392,,,
monitor_only,212,0.9452579404265598,0.007691853023054529,0.0,0.0,6.253530184040817,31.518240790833712,0,20,4240,8.922771991971198,,,
monitor_only,213,0.9453053063623171,0.007720986886513237,0.0,0.0,4.733512092308419,29.998222699101316,0,20,4260,4.50669679115988,,,
monitor_only,214,0.9453987688543101,0.007550810450726586,0.0,0.0,4.311756713745468,29.576467320538363,0,20,4280,4.603639307778299,,,
monitor_only,215,0.945391751758952,0.007574526946487525,0.0,0.0,4.832913693668078,30.097624300460975,0,20,4300,4.46638247342358,,,
monitor_only,216,0.9454229589041867,0.007582129880654986,0.0,0.0,6.077868336529055,31.34257894332195,0,20,4320,9.940246789970713,,,
monitor_only,217,0.9454133411260702,0.0075705519858986214,0.0,0.0,5.5562083314817565,30.82091893827465,0,20,4340,9.40440310414197,,,
monitor_only,218,0.9454152117411619,0.007613215967648523,0.0,0.0,4.021326084956733,29.28603669174963,0,20,4360,4.37950656330962,,,
monitor_only,219,0.9453711307104842,0.007712148653778672,0.0,0.0,3.914219106901578,29.178929713694473,0,20,4380,4.441671457699897,,,
monitor_only,220,0.9455333099751796,0.0075758356114998815,0.0,0.0,5.348506022594529,30.613216629387423,0,20,4400,9.241288409091919,,,
monitor_only,221,0.9455807724953953,0.00750696876715351,0.0,0.0,3.934253386383622,29.19896399317652,0,20,4420,4.153772118391528,,,
monitor_only,222,0.9455549119645127,0.007522923584560082,0.0,0.0,5.982280115312764,31.24699072210566,0,20,4440,9.127882894019107,,,
monitor_only,223,0.9455861011667632,0.0075404492115828115,0.0,0.0,2.800698105569051,28.065408712361947,0,20,4460,1.2691526128225628,,,
monitor_only,224,0.9456927744952546,0.0074409346628810935,0.0,0.0,2.4468502473539453,27.711560854146843,0,20,4480,1.306306515335743,,,
monitor_only,225,0.9457199407469647,0.0075434720322902216,0.0,0.0,3.7902353332742535,29.05494594006715,0,20,4500,4.756290142626078,,,
monitor_only,226,0.9456777465635956,0.007769137867889242,0.0,0.0,3.7104006019086757,28.97511120870157,0,20,4520,4.598942056239915,,,
monitor_only,227,0.9456839147730117,0.00785014248353566,0.0,0.0,6.468172014059523,31.73288262085242,0,20,4540,9.721396184820398,,,
monitor_only,228,0.9456948836742362,0.007758119988697465,0.0,0.0,2.7011060850537327,27.96581669184663,0,20,4560,1.4053886361669115,,,
monitor_only,229,0.945675901640366,0.007691145796292376,0.0,0.0,2.506942695361603,27.771653302154498,0,20,4580,1.2391679895237713,,,
monitor_only,230,0.945840899510897,0.007430651523833265,0.0,0.0,4.136272175374331,29.400982782167226,0,20,4600,4.686419482514239,,,
monitor_only,231,0.9458827134855688,0.007309126053136605,0.0,0.0,2.323720804431017,27.58843141122391,0,20,4620,1.438655219389511,,,
monitor_only,232,0.9459818297481449,0.00735035738640355,0.0,0.0,4.403668199842412,29.668378806635307,0,20,4640,4.451460642377624,,,
monitor_only,233,0.9460018996822197,0.007345619722761598,0.0,0.0,7.150077598309792,32.41478820510269,0,20,4660,9.330781606951385,,,
monitor_only,234,0.9460607732899015,0.007359554779583388,0.0,0.0,4.553830181094995,29.81854078788789,0,20,4680,4.615026331966795,,,
monitor_only,235,0.9460615724229968,0.007442558846636471,0.0,0.0,3.781987915777938,29.046698522570836,0,20,4700,4.206260172151625,,,
monitor_only,236,0.9461576663942795,0.00742617068432172,0.0,0.0,4.778860501070378,30.043571107863272,0,20,4720,4.321514618335459,,,
monitor_only,237,0.9461639052780063,0.007496825834633514,0.0,0.0,6.530273013523058,31.794983620315953,0,20,4740,10.133902733466602,,,
monitor_only,238,0.9462279934651625,0.007417493070598358,0.0,0.0,6.353411162452162,31.618121769245057,0,20,4760,9.838501646928107,,,
monitor_only,239,0.9463901832632349,0.007320826630667021,0.0,0.0,4.361705718354791,29.626416325147687,0,20,4780,4.00853743269639,,,
monitor_only,240,0.9464388738928137,0.007351917145199338,0.0,0.0,3.966902199167227,29.231612805960122,0,20,4800,4.330502205874802,,,
monitor_only,241,0.9464726078976099,0.007208629495535468,0.0,0.0,6.109716964127153,31.374427570920048,0,20,4820,9.159402401396976,,,
monitor_only,242,0.946532851386115,0.007217586658543218,0.0,0.0,4.443873451255216,29.70858405804811,0,20,4840,4.301178392952576,,,
monitor_only,243,0.9466676013550029,0.007050899388926002,0.0,0.0,5.767249571240208,31.031960178033103,0,20,4860,10.025844517593923,,,
monitor_only,244,0.9466985752424433,0.006904015715476497,0.0,0.0,6.101982036425301,31.366692643218197,0,20,4880,9.158701547096694,,,
monitor_only,245,0.946640372978816,0.0069996979800571735,0.0,0.0,7.790141300952264,33.05485190774516,0,20,4900,16.69957328358447,,,
monitor_only,246,0.9466858955380708,0.007021356459196215,0.0,0.0,4.390262858417993,29.654973465210887,0,20,4920,4.7581403288328685,,,
monitor_only,247,0.9467085972903867,0.007095138287432801,0.0,0.0,4.295836075829121,29.560546682622018,0,20,4940,4.521103017055218,,,
monitor_only,248,0.9467412820236342,0.007095942199408012,0.0,0.0,4.213659782919568,29.478370389712463,0,20,4960,4.284257698841808,,,
monitor_only,249,0.9468566316298423,0.0069054682287043034,0.0,0.0,4.310455606595665,29.575166213388563,0,20,4980,4.569627438464087,,,
monitor_only,250,0.9468106791960972,0.0069395448917507485,0.0,0.0,6.989922113447207,32.2546327202401,0,20,5000,9.51587254112478,,,
monitor_only,251,0.9468581858111579,0.006865057602570723,0.0,0.0,2.3547527206980274,27.619463327490923,0,20,5020,1.431677507215733,,,
monitor_only,252,0.9468792293824676,0.006854380962683648,0.0,0.0,4.0987469278276105,29.36345753462051,0,20,5040,4.197108469575864,,,
monitor_only,253,0.9470130228111583,0.00681960020640715,0.0,0.0,4.113228390705057,29.377938997497953,0,20,5060,4.173033709792884,,,
monitor_only,254,0.9471152525507752,0.006720889983443223,0.0,0.0,6.473346540989387,31.738057147782282,0,20,5080,9.187801787515163,,,
monitor_only,255,0.9471558333925084,0.0066825364485344485,0.0,0.0,3.5999744876718456,28.86468509446474,0,20,5100,4.440802242196761,,,
monitor_only,256,0.9471467129971851,0.006616481883017222,0.0,0.0,4.9230500854307575,30.187760692223655,0,20,5120,4.268844653220938,,,
monitor_only,257,0.9472108054304095,0.006592602761857469,0.0,0.0,2.3720424173704653,27.63675302416336,0,20,5140,1.2412166032573848,,,
monitor_only,258,0.9471201825735724,0.006804925623916547,0.0,0.0,3.716925259830692,28.981635866623588,0,20,5160,4.666159488719832,,,
monitor_only,259,0.9471395893940917,0.006708274977403006,0.0,0.0,5.913062499182141,31.177773105975035,0,20,5180,9.11106449276617,,,
monitor_only,260,0.9471873932156906,0.006748831124706145,0.0,0.0,2.3530913433535887,27.617801950146486,0,20,5200,1.5148548200158298,,,
monitor_only,261,0.9471213584239109,0.006817303016849463,0.0,0.0,3.3085229513943726,28.57323355818727,0,20,5220,4.16328066013966,,,
monitor_only,262,0.9471498758768061,0.0066746551601464255,0.0,0.0,4.582652741631631,29.847363348424526,0,20,5240,4.513313092253694,,,
monitor_only,263,0.9472131320707263,0.006649847130094866,0.0,0.0,6.55316569005341,31.817876296846308,0,20,5260,9.485367056303241,,,
monitor_only,264,0.9472219386230661,0.006649936197926198,0.0,0.0,2.3188376724979967,27.58354827929089,0,20,5280,1.2489902144821379,,,
monitor_only,265,0.9472147724956368,0.0066635128984617875,0.0,0.0,2.1123371272316045,27.3770477340245,0,20,5300,1.281334050681535,,,
monitor_only,266,0.9471785548782243,0.006704464894824902,0.0,0.0,4.149968425139112,29.414679031932007,0,20,5320,4.269987193932421,,,
monitor_only,267,0.9472483253599967,0.006596414188881461,0.0,0.0,3.919190628346564,29.18390123513946,0,20,5340,4.407037905552622,,,
monitor_only,268,0.9472654137242442,0.006592743434153836,0.0,0.0,3.4920677546553804,28.756778361448276,0,20,5360,4.309730343457563,,,
monitor_only,269,0.9472215615634325,0.006656223969615627,0.0,0.0,2.6164198728238026,27.881130479616697,0,20,5380,1.1930083016462252,,,
monitor_only,270,0.9471773669260711,0.006747633601441483,0.0,0.0,5.45785523892298,30.722565845715877,0,20,5400,8.823043754105024,,,
monitor_only,271,0.9472197373603722,0.0066915636299773595,0.0,0.0,2.3933376827206674,27.658048289513562,0,20,5420,1.2095640635966713,,,
monitor_only,272,0.9473285684883992,0.0066233444351745385,0.0,0.0,7.1451869243690345,32.40989753116193,0,20,5440,9.44833844815655,,,
monitor_only,273,0.9473368133547461,0.0066333967431545515,0.0,0.0,5.499660895047488,30.764371501840383,0,20,5460,10.063937694057143,,,
monitor_only,274,0.9473795628741382,0.006552210325271979,0.0,0.0,3.3562663974301405,28.620977004223036,0,20,5480,4.073621052225842,,,
monitor_only,275,0.9474243950776836,0.0065148682593377805,0.0,0.0,3.927543172957977,29.19225377975087,0,20,5500,4.7326510588114665,,,
monitor_only,276,0.9475128445632733,0.006380779184629537,0.0,0.0,3.0716397730805975,28.336350379873494,0,20,5520,1.3290868015332207,,,
monitor_only,277,0.9474949884712061,0.00639106716742277,0.0,0.0,4.107082221320088,29.371792828112984,0,20,5540,4.432284400001125,,,
monitor_only,278,0.9475126902478902,0.006331866272499376,0.0,0.0,8.393433541921723,33.65814414871462,0,20,5560,17.16697995340656,,,
monitor_only,279,0.9475586489491625,0.006377189237135927,0.0,0.0,2.3014867265356167,27.566197333328514,0,20,5580,1.2648307786747277,,,
monitor_only,280,0.9475910592695403,0.006235858129726046,0.0,0.0,4.944811753511174,30.20952236030407,0,20,5600,4.152263509605184,,,
monitor_only,281,0.9475720762982128,0.006148879064171386,0.0,0.0,4.634583494906906,29.8992941016998,0,20,5620,4.370279484152341,,,
monitor_only,282,0.9476740645247291,0.006208691705861247,0.0,0.0,4.189568680739453,29.454279287532348,0,20,5640,4.443422410587475,,,
monitor_only,283,0.9476973127668512,0.006123733689542776,0.0,0.0,4.037098170495549,29.301808777288443,0,20,5660,4.501763788033738,,,
monitor_only,284,0.9477803198846677,0.0060211233715816714,0.0,0.0,3.975131769848272,29.239842376641167,0,20,5680,4.609098637799721,,,
monitor_only,285,0.9477827168907635,0.00597187184521486,0.0,0.0,6.450477679942154,31.71518828673505,0,20,5700,9.250727714678897,,,
monitor_only,286,0.9478317467412726,0.005853204132763246,0.0,0.0,2.8149624913235307,28.079673098116427,0,20,5720,1.249523236353479,,,
monitor_only,287,0.9477756613094372,0.005890095664862427,0.0,0.0,5.175402970004011,30.440113576796907,0,20,5740,4.524702336271057,,,
monitor_only,288,0.9477654500693569,0.005943183539041108,0.0,0.0,2.425257854595799,27.689968461388695,0,20,5760,1.30292505404492,,,
monitor_only,289,0.9477405324814953,0.005945549254714133,0.0,0.0,5.820527144561476,31.08523775135437,0,20,5780,9.37029613675223,,,
monitor_only,290,0.9478213533371163,0.0057165774015355275,0.0,0.0,6.918633525326963,32.183344132119856,0,20,5800,9.768622159813873,,,
monitor_only,291,0.9479288691334586,0.005481542673316797,0.0,0.0,2.8353764260712984,28.100087032864195,0,20,5820,1.3103433822635504,,,
monitor_only,292,0.9478991475147472,0.005486836812973017,0.0,0.0,3.8384613178279765,29.103171924620874,0,20,5840,4.413820967659995,,,
monitor_only,293,0.9479963556566071,0.0055347142942504535,0.0,0.0,3.4434394211928696,28.708150027985766,0,20,5860,4.853289941321296,,,
monitor_only,294,0.9480708187239378,0.005509300354900826,0.0,0.0,3.9552373407429537,29.21994794753585,0,20,5880,4.299090361602714,,,
monitor_only,295,0.9480381700362807,0.005549390203555937,0.0,0.0,2.3907175239136724,27.655428130706568,0,20,5900,1.2264151301431725,,,
monitor_only,296,0.9480335928973537,0.005501524076630182,0.0,0.0,4.048603427686483,29.31331403447938,0,20,5920,3.975611342700085,,,
monitor_only,297,0.9480732338009215,0.005459992650134193,0.0,0.0,4.45195516941817,29.716665776211066,0,20,5940,4.71566293925055,,,
monitor_only,298,0.9481081836391501,0.005421495064683923,0.0,0.0,7.457257903564102,32.721968510357,0,20,5960,16.6035340691776,,,
monitor_only,299,0.9481101139176249,0.005556119659994918,0.0,0.0,4.266956885411854,29.53166749220475,0,20,5980,4.389543881795006,,,
monitor_only,300,0.9481946986444555,0.005590907051748584,0.0,0.0,4.219977711912477,29.484688318705373,0,20,6000,4.263419042338065,,,
monitor_only,301,0.9481692734857934,0.005664845805198215,0.0,0.0,2.3635205948620857,27.62823120165498,0,20,6020,1.2777356744976924,,,
monitor_only,302,0.9482272813094832,0.005625591789778284,0.0,0.0,5.356553080586148,30.621263687379045,0,20,6040,9.3149948492223,,,
monitor_only,303,0.9483048973170227,0.005488312125062178,0.0,0.0,5.758090693020088,31.022801299812983,0,20,6060,9.68431513041529,,,
monitor_only,304,0.9483500888795235,0.005322630380418469,0.0,0.0,3.9475597726938796,29.212270379486775,0,20,6080,4.291744350278222,,,
monitor_only,305,0.9483562600750293,0.0052372060402933185,0.0,0.0,4.239775166900769,29.504485773693666,0,20,6100,4.36494490694204,,,
monitor_only,306,0.9482836609274651,0.005328027964628168,0.0,0.0,3.8228047926148587,29.087515399407756,0,20,6120,4.061780449929753,,,
monitor_only,307,0.9483123296878138,0.005308023059106715,0.0,0.0,2.9220213373551553,28.18673194414805,0,20,6140,1.3338062295814732,,,
monitor_only,308,0.9482738018045311,0.005305138902508055,0.0,0.0,4.054959899988278,29.319670506781172,0,20,6160,4.215089854784367,,,
monitor_only,309,0.9482754063028777,0.005385315139696201,0.0,0.0,3.6294598763903605,28.894170483183256,0,20,6180,4.47085462371021,,,
monitor_only,310,0.9482968450184731,0.005533473090510221,0.0,0.0,4.005982137141363,29.27069274393426,0,20,6200,4.087756855099991,,,
monitor_only,311,0.9484070855440787,0.00544222516197479,0.0,0.0,4.271936190912974,29.53664679770587,0,20,6220,4.311467273803042,,,
monitor_only,312,0.9484347776215393,0.005414806842072739,0.0,0.0,4.818508703468963,30.08321931026186,0,20,6240,4.17470785536024,,,
monitor_only,313,0.9485396943197838,0.005323516245345994,0.0,0.0,3.4148505486162652,28.67956115540916,0,20,6260,4.473659683322394,,,
monitor_only,314,0.9485114160544863,0.005399010128060655,0.0,0.0,3.403755489623351,28.668466096416246,0,20,6280,4.541565938350962,,,
monitor_only,315,0.9485866745589153,0.005317587406410973,0.0,0.0,4.289108631194121,29.553819237987017,0,20,6300,4.151141372416698,,,
monitor_only,316,0.9485817194176508,0.005394161202149528,0.0,0.0,5.8949140634868495,31.159624670279747,0,20,6320,9.332061379362063,,,
monitor_only,317,0.9485123479163512,0.005454906842690899,0.0,0.0,5.860579833534345,31.12529044032724,0,20,6340,9.915354780515704,,,
monitor_only,318,0.9485463497333676,0.005367364976592848,0.0,0.0,4.474263005745059,29.738973612537954,0,20,6360,3.813936057100662,,,
monitor_only,319,0.9484946962195973,0.0053393696387694645,0.0,0.0,5.029148671149168,30.293859277942065,0,20,6380,4.2386626772171025,,,
monitor_only,320,0.9485682505252713,0.00536306442531842,0.0,0.0,4.782627895004158,30.047338501797054,0,20,6400,4.525676000101682,,,
monitor_only,321,0.9486316243306746,0.005330552898353935,0.0,0.0,2.5929573184803885,27.857667925273283,0,20,6420,1.4254762770493248,,,
monitor_only,322,0.948672286095996,0.005294931601393604,0.0,0.0,4.704941082084065,29.96965168887696,0,20,6440,4.0636120949650065,,,
monitor_only,323,0.9486890764063192,0.005189118243258295,0.0,0.0,5.051927330745677,30.316637937538573,0,20,6460,8.931430233742418,,,
monitor_only,324,0.9486134683241065,0.005279464313219129,0.0,0.0,4.696082359362996,29.960792966155893,0,20,6480,4.32789872449972,,,
monitor_only,325,0.9486656119448793,0.00518807850179992,0.0,0.0,4.834075835953485,30.09878644274638,0,20,6500,4.693238866696781,,,
monitor_only,326,0.9487699238980933,0.005167680817128817,0.0,0.0,3.794464243015386,29.059174849808283,0,20,6520,3.8542763911914597,,,
monitor_only,327,0.948859778243648,0.005002897367105574,0.0,0.0,3.2380215297627335,28.50273213655563,0,20,6540,1.0966378680098863,,,
monitor_only,328,0.9488146190984714,0.0051437495481642115,0.0,0.0,3.5423126430898537,28.80702324988275,0,20,6560,4.182949664709008,,,
monitor_only,329,0.9489108090980852,0.0050444448547660725,0.0,0.0,5.4570216383938615,30.721732245186757,0,20,6580,9.040365117071806,,,
monitor_only,330,0.9488079488512547,0.005221736759558171,0.0,0.0,4.725525158792604,29.9902357655855,0,20,6600,9.472147502806937,,,
monitor_only,331,0.9488782254267097,0.005061363631130633,0.0,0.0,2.2032220293843285,27.467932636177224,0,20,6620,1.2558641340700967,,,
monitor_only,332,0.9489710099722296,0.004996647005372723,0.0,0.0,4.007382244546905,29.2720928513398,0,20,6640,4.162641964717664,,,
monitor_only,333,0.9489916417177567,0.005075211890138598,0.0,0.0,4.163776784197317,29.428487390990213,0,20,6660,4.746023203551771,,,
monitor_only,334,0.9489444532741655,0.005100857886101928,0.0,0.0,3.1969404736741147,28.46165108046701,0,20,6680,1.32460013405594,,,
monitor_only,335,0.9490053680090098,0.005070986499839725,0.0,0.0,3.5994039440977073,28.864114550890605,0,20,6700,4.138437850900315,,,
monitor_only,336,0.9490431853693462,0.0050705140129061466,0.0,0.0,3.7767465078028337,29.04145711459573,0,20,6720,4.366968037739442,,,
monitor_only,337,0.9491197670826982,0.00494839863823493,0.0,0.0,3.9619636060252654,29.22667421281816,0,20,6740,4.148381994955591,,,
monitor_only,338,0.9490702767424001,0.0049523956407181435,0.0,0.0,3.7954860750514974,29.060196681844392,0,20,6760,4.360622178555585,,,
monitor_only,339,0.9490836326239561,0.0050370987745930185,0.0,0.0,4.601742809749703,29.866453416542598,0,20,6780,4.519952779993934,,,
monitor_only,340,0.9491209911868947,0.004894488785819662,0.0,0.0,6.552155440289537,31.816866047082435,0,20,6800,9.332434832236343,,,
monitor_only,341,0.9491076267258123,0.004924906769510851,0.0,0.0,4.369510937045817,29.634221543838713,0,20,6820,4.365915862924362,,,
monitor_only,342,0.9490528517182503,0.005039391299657359,0.0,0.0,4.62189580298134,29.886606409774238,0,20,6840,4.332491354775285,,,
monitor_only,343,0.9490654320579565,0.00502611368061856,0.0,0.0,2.669434806788149,27.934145413581046,0,20,6860,1.360017065927235,,,
monitor_only,344,0.949093872058233,0.00483848984766222,0.0,0.0,6.883466109694476,32.14817671648737,0,20,6880,9.784274784082594,,,
monitor_only,345,0.9490572865837029,0.004858456704346148,0.0,0.0,3.7785938678984534,29.04330447469135,0,20,6900,4.706552036937513,,,
monitor_only,346,0.9490290786148361,0.004917568864255872,0.0,0.0,6.008129366233818,31.272839973026713,0,20,6920,9.043830827002303,,,
monitor_only,347,0.949132297411059,0.004696210520257926,0.0,0.0,4.672442026672945,29.937152633465843,0,20,6940,3.8624341389514307,,,
monitor_only,348,0.9491057493138588,0.004707000583718646,0.0,0.0,2.329388740468936,27.59409934726183,0,20,6960,1.354319769162753,,,
monitor_only,349,0.9492776906793038,0.004581892846714952,0.0,0.0,4.672676508561595,29.93738711535449,0,20,6980,4.003180545399349,,,
monitor_only,350,0.9491722240309879,0.00458358677445414,0.0,0.0,6.34448967597543,31.609200282768327,0,20,7000,8.913517783951193,,,
monitor_only,351,0.9492503098642652,0.004478739449822466,0.0,0.0,4.961033036717183,30.22574364351008,0,20,7020,4.191808943338447,,,
monitor_only,352,0.9492762038438148,0.004415594238222353,0.0,0.0,3.9428502956067244,29.20756090239962,0,20,7040,4.084330997757531,,,
monitor_only,353,0.9493083084384245,0.00444914171372035,0.0,0.0,5.527046193440008,30.791756800232903,0,20,7060,8.843116420971029,,,
monitor_only,354,0.9492943739769827,0.004382212530342655,0.0,0.0,4.100931295424784,29.365641902217682,0,20,7080,4.24758278511142,,,
monitor_only,355,0.9493130347247927,0.004316086934024299,0.0,0.0,6.418222358510456,31.68293296530335,0,20,7100,9.54790177928977,,,
monitor_only,356,0.9493201140265609,0.0043517393942393845,0.0,0.0,2.2629380137814965,27.527648620574393,0,20,7120,1.1787286221174504,,,
monitor_only,357,0.9493214166423879,0.004335761940562954,0.0,0.0,4.11926135605942,29.383971962852314,0,20,7140,4.339770946864309,,,
monitor_only,358,0.9494270144635888,0.004202574707350526,0.0,0.0,2.7852250791241557,28.049935685917053,0,20,7160,1.146151367977179,,,
monitor_only,359,0.9494253398682304,0.004178118394843833,0.0,0.0,4.383742031090774,29.648452637883672,0,20,7180,4.400490731172822,,,
monitor_only,360,0.9494072439547262,0.004264416346049793,0.0,0.0,2.391982796420818,27.656693403213715,0,20,7200,1.324786989915757,,,
monitor_only,361,0.9494514995007565,0.00430871783123199,0.0,0.0,4.380999707691563,29.64571031448446,0,20,7220,4.4903313529102515,,,
monitor_only,362,0.9494462314926769,0.004222133656580418,0.0,0.0,4.102425709885588,29.367136316678483,0,20,7240,3.607657156376162,,,
monitor_only,363,0.9495223049077659,0.004137345166937645,0.0,0.0,3.670110482769629,28.934821089562526,0,20,7260,3.995176475046526,,,
monitor_only,364,0.9494824285869095,0.004196568142177948,0.0,0.0,2.841111090953771,28.105821697746666,0,20,7280,1.2039467974825182,,,
monitor_only,365,0.9495392219232004,0.004226754598375959,0.0,0.0,2.889626973445868,28.154337580238764,0,20,7300,1.3641648353807112,,,
monitor_only,366,0.9496072485837548,0.004119607206850451,0.0,0.0,3.5677296044996547,28.83244021129255,0,20,7320,4.284746521817799,,,
monitor_only,367,0.9496969487431528,0.004076347948842374,0.0,0.0,4.470122810247386,29.73483341704028,0,20,7340,4.3737730526281275,,,
monitor_only,368,0.9497390801992563,0.004084050033683395,0.0,0.0,6.72587370425683,31.990584311049727,0,20,7360,9.26916406814468,,,
monitor_only,369,0.9497115076402044,0.004057869122175206,0.0,0.0,4.650675453553948,29.915386060346844,0,20,7380,4.557755791138986,,,
monitor_only,370,0.9497440575681594,0.004156354466025358,0.0,0.0,4.442214047796829,29.706924654589724,0,20,7400,4.597118045973063,,,
monitor_only,371,0.9498726593869581,0.0040602830674528745,0.0,0.0,4.174868113687212,29.439578720480107,0,20,7420,4.546562235115629,,,
monitor_only,372,0.9498403436345269,0.004115971140915553,0.0,0.0,6.870703120777707,32.1354137275706,0,20,7440,9.771097513468964,,,
monitor_only,373,0.949808635471085,0.003962370695007378,0.0,0.0,3.722315994306944,28.98702660109984,0,20,7460,4.540919745559205,,,
monitor_only,374,0.9498213948863672,0.003877804225305592,0.0,0.0,3.653435038555599,28.918145645348496,0,20,7480,4.06528275163297,,,
monitor_only,375,0.949795186098355,0.003923420852573689,0.0,0.0,6.44355541572938,31.708266022522274,0,20,7500,8.928721796204213,,,
monitor_only,376,0.9497438167188142,0.003946323850455125,0.0,0.0,7.094361647340439,32.35907225413334,0,20,7520,9.684341032359088,,,
monitor_only,377,0.9497910328694142,0.0038645128517579286,0.0,0.0,3.8523466032157745,29.11705721000867,0,20,7540,3.908595718108637,,,
monitor_only,378,0.9497907117562707,0.0037001774237299667,0.0,0.0,4.699825962995318,29.964536569788216,0,20,7560,8.652164127124182,,,
monitor_only,379,0.9498037234278311,0.0037315883118346216,0.0,0.0,6.79418905357093,32.05889966036383,0,20,7580,10.316704388856703,,,
monitor_only,380,0.9499087815279824,0.0037345004859079545,0.0,0.0,6.8657747738324995,32.130485380625394,0,20,7600,9.32917170599898,,,
monitor_only,381,0.9499685991834989,0.0036613958684688086,0.0,0.0,3.979326626640474,29.24403723343337,0,20,7620,3.9157558137522224,,,
monitor_only,382,0.9499718065628593,0.0035472534613277817,0.0,0.0,4.283655209346801,29.548365816139697,0,20,7640,4.223105036231614,,,
monitor_only,383,0.9499146020088286,0.0036646093985072126,0.0,0.0,4.652250055170645,29.916960661963543,0,20,7660,4.242734561957027,,,
monitor_only,384,0.9498862825068508,0.0035898946078083416,0.0,0.0,4.970409822002769,30.235120428795664,0,20,7680,4.471950641065138,,,
monitor_only,385,0.9498798736989496,0.003682450005064286,0.0,0.0,6.640260045323046,31.904970652115942,0,20,7700,9.072947082861354,,,
monitor_only,386,0.9499673262752985,0.003511362212298086,0.0,0.0,3.7219494874140535,28.98666009420695,0,20,7720,4.009984425539851,,,
monitor_only,387,0.9499724634629656,0.003477626827211755,0.0,0.0,3.5223317299210617,28.78704233671396,0,20,7740,4.679780973370061,,,
monitor_only,388,0.9500372321431797,0.0034522747782785856,0.0,0.0,3.440814096498115,28.70552470329101,0,20,7760,3.9454314915015276,,,
monitor_only,389,0.9500103457314643,0.0034995761300743444,0.0,0.0,6.836992621239796,32.10170322803269,0,20,7780,9.588914200461044,,,
monitor_only,390,0.9500001432076993,0.0034433755400022914,0.0,0.0,3.351337758502223,28.616048365295118,0,20,7800,1.2669751628546022,,,
monitor_only,391,0.9500551492276612,0.0034146916678533534,0.0,0.0,6.120227852880859,31.384938459673755,0,20,7820,9.379631581011514,,,
monitor_only,392,0.9501168204834123,0.0033411462437650252,0.0,0.0,5.2199796793047595,30.484690286097656,0,20,7840,9.743737624580094,,,
monitor_only,393,0.9501181782304937,0.0033486071464503553,0.0,0.0,7.570388482587355,32.83509908938025,0,20,7860,17.212649312648658,,,
monitor_only,394,0.9501379834813025,0.0032557885120810814,0.0,0.0,4.382137734510728,29.646848341303624,0,20,7880,4.367761255027811,,,
monitor_only,395,0.9501405983914112,0.003119554280303194,0.0,0.0,6.510463562970145,31.77517416976304,0,20,7900,10.079309422234623,,,
monitor_only,396,0.9501695510738153,0.0031860261660388023,0.0,0.0,7.0907527012672205,32.355463308060116,0,20,7920,10.411128534137285,,,
monitor_only,397,0.9501838598553021,0.0031345108165213853,0.0,0.0,4.668837906250127,29.93354851304302,0,20,7940,9.287878078314064,,,
monitor_only,398,0.9501462407542836,0.0034059320513708524,0.0,0.0,4.233649222265162,29.498359829058057,0,20,7960,4.192888565332004,,,
monitor_only,399,0.9501831411787949,0.0034336313174555544,0.0,0.0,3.4168360668552404,28.681546673648135,0,20,7980,4.253185007913239,,,
monitor_only,400,0.9502002366587398,0.003405953281527485,0.0,0.0,4.565762924676473,29.83047353146937,0,20,8000,3.887321999487624,,,
monitor_only,401,0.9501923575257586,0.0035420633942797597,0.0,0.0,2.214374246837382,27.479084853630276,0,20,8020,1.3297538370916333,,,
monitor_only,402,0.9502109572611191,0.0035913187188059137,0.0,0.0,2.8655393541629857,28.130249960955883,0,20,8040,1.3880363116382082,,,
monitor_only,403,0.9502269440193891,0.00352364940213834,0.0,0.0,3.3937320924978343,28.65844269929073,0,20,8060,3.7626022191474737,,,
monitor_only,404,0.9502499132351246,0.0037376186756533647,0.0,0.0,2.5404533033875807,27.805163910180475,0,20,8080,1.231065393740311,,,
monitor_only,405,0.9502938799675578,0.0037013417332206755,0.0,0.0,5.127192457660006,30.3919030644529,0,20,8100,4.297597370332183,,,
monitor_only,406,0.9503119207171441,0.003652495363546726,0.0,0.0,5.383466178976843,30.64817678576974,0,20,8120,9.589778494123083,,,
monitor_only,407,0.9504271681163594,0.0035346479128613995,0.0,0.0,2.7307734876763137,27.99548409446921,0,20,8140,1.349878765287967,,,
monitor_only,408,0.9505143826546874,0.003521017761735412,0.0,0.0,3.70844130980497,28.973151916597867,0,20,8160,4.112434389810883,,,
monitor_only,409,0.9505846417186995,0.003495707509434065,0.0,0.0,4.167550932766544,29.43226153955944,0,20,8180,3.795644804472593,,,
monitor_only,410,0.9506151383296283,0.0035169674899773185,0.0,0.0,5.103915042368786,30.368625649161682,0,20,8200,4.316305951822002,,,
monitor_only,411,0.9505730310228443,0.0034049107730539374,0.0,0.0,2.16684205371403,27.431552660506927,0,20,8220,1.145239753263446,,,
monitor_only,412,0.9506282551025249,0.0033561531905359487,0.0,0.0,3.8650697750436276,29.129780381836525,0,20,8240,4.126986294303484,,,
monitor_only,413,0.9506047947755103,0.0032660715701283705,0.0,0.0,4.180982304268708,29.445692911061606,0,20,8260,4.408508318487911,,,
monitor_only,414,0.9506106771807076,0.0032832104140746443,0.0,0.0,4.232129381810967,29.496839988603863,0,20,8280,4.371764958117449,,,
monitor_only,415,0.9505757015977396,0.0032272105038104737,0.0,0.0,4.6226484464279345,29.88735905322083,0,20,8300,4.4915181699006625,,,
monitor_only,416,0.9505475649232419,0.0032190126492901427,0.0,0.0,3.83394240197617,29.098653008769066,0,20,8320,4.392253442379079,,,
monitor_only,417,0.9505056230274492,0.0034885181171289137,0.0,0.0,3.66369128456401,28.928401891356906,0,20,8340,4.453576417113712,,,
monitor_only,418,0.9504796475269744,0.003411922413768087,0.0,0.0,4.893075317576815,30.157785924369712,0,20,8360,4.288888193236498,,,
monitor_only,419,0.9505209478486343,0.003493198784882967,0.0,0.0,6.780804723190452,32.045515329983346,0,20,8380,9.441421813159199,,,
monitor_only,420,0.950608000693191,0.003401816113334122,0.0,0.0,5.186556335271911,30.451266942064805,0,20,8400,4.654591035392267,,,
monitor_only,421,0.9505863100691855,0.003417884522885606,0.0,0.0,4.0835981042512675,29.34830871104416,0,20,8420,4.486605554416084,,,
monitor_only,422,0.9506485649623222,0.003459662919520712,0.0,0.0,3.592807319646445,28.857517926439343,0,20,8440,4.14033571515745,,,
monitor_only,423,0.950586227245073,0.00347666744745323,0.0,0.0,4.396808026131094,29.66151863292399,0,20,8460,3.8498570920495263,,,
monitor_only,424,0.9505822913674741,0.003487388195114405,0.0,0.0,6.221774604916304,31.4864852117092,0,20,8480,8.670490324441413,,,
monitor_only,425,0.9506348539030285,0.003487298558357166,0.0,0.0,3.2695534089309657,28.534264015723863,0,20,8500,4.0696211656554,,,
monitor_only,426,0.9506236435845815,0.003482404032613573,0.0,0.0,5.294479246249746,30.559189853042643,0,20,8520,4.1170058637655655,,,
monitor_only,427,0.9507063985228797,0.0033466905380840073,0.0,0.0,3.087572735379635,28.35228334217253,0,20,8540,1.312775214121262,,,
monitor_only,428,0.9506931950765063,0.0032875097066966674,0.0,0.0,2.1951242184927473,27.459834825285643,0,20,8560,1.3116988653967718,,,
monitor_only,429,0.9506874443173071,0.003346914138470103,0.0,0.0,3.9252403387227757,29.189950945515672,0,20,8580,4.551110655432097,,,
monitor_only,430,0.9507479226028047,0.0033706706284039045,0.0,0.0,6.310051504653667,31.574762111446564,0,20,8600,8.913160612373668,,,
monitor_only,431,0.9507152359125981,0.003307680529796464,0.0,0.0,4.220726923719939,29.485437530512833,0,20,8620,4.595921064272607,,,
monitor_only,432,0.9507255399715859,0.0032559739627641138,0.0,0.0,4.115798246296072,29.38050885308897,0,20,8640,4.088752648267661,,,
monitor_only,433,0.9507358664370046,0.003249521637324615,0.0,0.0,5.448418718959946,30.713129325752842,0,20,8660,10.104815869610379,,,
monitor_only,434,0.9507577115534335,0.003309161767449331,0.0,0.0,2.309972306131106,27.574682912924,0,20,8680,1.3543979534234611,,,
monitor_only,435,0.9507854500185072,0.003061396327714183,0.0,0.0,5.963991965410899,31.228702572203794,0,20,8700,9.773903838961553,,,
monitor_only,436,0.9508188924368699,0.0028807217654529538,0.0,0.0,6.3641201557588865,31.628830762551782,0,20,8720,8.88511276190054,,,
monitor_only,437,0.9507646504103815,0.002839733295588065,0.0,0.0,7.20682947896961,32.471540085762506,0,20,8740,9.678468869654134,,,
monitor_only,438,0.9507422041589043,0.0028898444641576315,0.0,0.0,7.7171155354567125,32.98182614224961,0,20,8760,16.38004801396945,,,
monitor_only,439,0.950721840096744,0.002803858041015017,0.0,0.0,3.8250718471227354,29.089782453915632,0,20,8780,4.754907881227962,,,
monitor_only,440,0.9506377656437699,0.0029234978879653095,0.0,0.0,4.795970602648524,30.06068120944142,0,20,8800,9.377072917745288,,,
monitor_only,441,0.950668031428413,0.0029583527095459194,0.0,0.0,4.028560365287392,29.293270972080286,0,20,8820,4.249211992475889,,,
monitor_only,442,0.9506627997174374,0.003070302620891696,0.0,0.0,6.40193991019945,31.666650516992345,0,20,8840,9.271016767361035,,,
monitor_only,443,0.9506399059093822,0.003041856037712898,0.0,0.0,5.021999985744412,30.286710592537307,0,20,8860,9.782372784239067,,,
monitor_only,444,0.9506180658309598,0.0029808221273113222,0.0,0.0,6.731797578338455,31.99650818513135,0,20,8880,9.013416466451604,,,
monitor_only,445,0.9506443125814871,0.0029988103262410526,0.0,0.0,4.372891187632942,29.637601794425837,0,20,8900,4.63395586799907,,,
monitor_only,446,0.950707519350216,0.003193334474693721,0.0,0.0,4.0086871989401995,29.273397805733097,0,20,8920,3.840636637703631,,,
monitor_only,447,0.9507158501128844,0.0032558835980635026,0.0,0.0,4.2718512236057125,29.536561830398607,0,20,8940,4.148128043925355,,,
monitor_only,448,0.9507987812543912,0.003213671864230383,0.0,0.0,5.878030989248906,31.1427415960418,0,20,8960,8.925117302287031,,,
monitor_only,449,0.9507733682696982,0.003104379067383811,0.0,0.0,2.3746184774673065,27.639329084260204,0,20,8980,1.3396868919140468,,,
monitor_only,450,0.9507896862226455,0.003031523668546976,0.0,0.0,3.931091038481262,29.19580164527416,0,20,9000,4.2506048241562615,,,
monitor_only,451,0.950765189898777,0.0030396471288883786,0.0,0.0,3.754805987537585,29.019516594330483,0,20,9020,4.244058123320178,,,
monitor_only,452,0.9508235255186759,0.0030826386014396467,0.0,0.0,4.505105518236155,29.769816125029053,0,20,9040,4.521688489327488,,,
monitor_only,453,0.9508013665604074,0.003025141398673603,0.0,0.0,4.6648078989358455,29.92951850572874,0,20,9060,4.654213642171594,,,
monitor_only,454,0.9508100050558984,0.0031535236729929306,0.0,0.0,6.667200780673752,31.93191138746665,0,20,9080,9.531177310040453,,,
monitor_only,455,0.950863918149326,0.003024944693913234,0.0,0.0,3.762876647579889,29.027587254372786,0,20,9100,4.1141840000337035,,,
monitor_only,456,0.9508178097905389,0.0030966861925210143,0.0,0.0,2.7611390783536542,28.02584968514655,0,20,9120,1.2110241677432345,,,
monitor_only,457,0.9508606074911424,0.003067189535452264,0.0,0.0,7.1026090713098435,32.36731967810274,0,20,9140,9.4066520951576,,,
monitor_only,458,0.9509688296567838,0.003065509698464086,0.0,0.0,7.034713020236415,32.29942362702931,0,20,9160,9.738991227314077,,,
monitor_only,459,0.9510464097005323,0.003017350392732654,0.0,0.0,6.3469774444564795,31.611688051249374,0,20,9180,9.946287742470274,,,
monitor_only,460,0.9511049385103891,0.002911822908933215,0.0,0.0,7.265034181140429,32.529744787933325,0,20,9200,9.251502640206096,,,
monitor_only,461,0.9511151126109836,0.0027855234683492602,0.0,0.0,5.399422587418137,30.664133194211033,0,20,9220,4.446157787619935,,,
monitor_only,462,0.9510994557460507,0.0029541815312675856,0.0,0.0,4.98875876915827,30.253469375951166,0,20,9240,4.360367324786097,,,
monitor_only,463,0.951142047038293,0.002928492642341851,0.0,0.0,4.232267660335526,29.496978267128423,0,20,9260,4.195857949947785,,,
monitor_only,464,0.9511236574074264,0.0029812488890725852,0.0,0.0,5.1380124825193105,30.402723089312207,0,20,9280,3.9284741093537394,,,
monitor_only,465,0.9510792086745238,0.002973399924399489,0.0,0.0,6.5367155090589195,31.801426115851815,0,20,9300,9.411273929617119,,,
monitor_only,466,0.9510460037268805,0.0030794572210492976,0.0,0.0,4.531668717693836,29.796379324486733,0,20,9320,4.291335689194624,,,
monitor_only,467,0.9510250033684475,0.0029395952957202987,0.0,0.0,2.2714249910250244,27.53613559781792,0,20,9340,1.3502902216627215,,,
monitor_only,468,0.9509738598972132,0.002988135452748897,0.0,0.0,6.197398674135177,31.462109280928072,0,20,9360,9.743737688738673,,,
monitor_only,469,0.9509707557853136,0.003062216806521967,0.0,0.0,4.318219474148751,29.582930080941647,0,20,9380,4.580314218813826,,,
monitor_only,470,0.9510324838666412,0.002992589870915885,0.0,0.0,4.017425188798498,29.282135795591394,0,20,9400,3.9380206104049247,,,
monitor_only,471,0.9509782642577618,0.0031428278856239222,0.0,0.0,5.323863706760266,30.58857431355316,0,20,9420,4.523510835643694,,,
monitor_only,472,0.950988983960484,0.003088918367328608,0.0,0.0,2.223717945058145,27.48842855185104,0,20,9440,1.5522753650305996,,,
monitor_only,473,0.9509444679821517,0.003236208275937069,0.0,0.0,2.765374947984963,28.03008555477786,0,20,9460,1.3786377866908608,,,
monitor_only,474,0.9509407548133214,0.0032531160282472937,0.0,0.0,3.936261555494876,29.200972162287773,0,20,9480,4.649343276245395,,,
monitor_only,475,0.9509512086442036,0.0032563753539343043,0.0,0.0,5.4269196999380815,30.69163030673098,0,20,9500,9.534051312327545,,,
monitor_only,476,0.9510167039495596,0.0031249562599585667,0.0,0.0,3.874913753054308,29.139624359847204,0,20,9520,4.270897505649031,,,
monitor_only,477,0.9510658062594884,0.0030630460873707355,0.0,0.0,4.001019406204345,29.265730012997242,0,20,9540,4.157934837079955,,,
monitor_only,478,0.951092837732071,0.0029311561646763185,0.0,0.0,4.210129451244211,29.474840058037106,0,20,9560,4.052363365922612,,,
monitor_only,479,0.9510697413575634,0.002994330978073667,0.0,0.0,7.97858758126822,33.24329818806112,0,20,9580,16.54813166406653,,,
monitor_only,480,0.9510062562273447,0.0030284002451045344,0.0,0.0,4.209565426872948,29.474276033665845,0,20,9600,4.35108009693885,,,
monitor_only,481,0.951016065489877,0.003146787639449422,0.0,0.0,4.581562095332169,29.846272702125063,0,20,9620,4.841787881875737,,,
monitor_only,482,0.9509847402056375,0.0032720534370324073,0.0,0.0,5.31563759780571,30.580348204598607,0,20,9640,9.846112095040652,,,
monitor_only,483,0.9509905779772264,0.003144479978286485,0.0,0.0,4.681920719906018,29.946631326698913,0,20,9660,3.9868761503622263,,,
monitor_only,484,0.9509484759343318,0.0032918367841874296,0.0,0.0,5.006014803500472,30.270725410293366,0,20,9680,9.076980824842016,,,
monitor_only,485,0.9509190950205989,0.003339905969321544,0.0,0.0,3.879350558051421,29.144061164844317,0,20,9700,4.183776580342371,,,
monitor_only,486,0.9509436626534378,0.003287485165071269,0.0,0.0,5.966401112547858,31.231111719340753,0,20,9720,9.744190688562707,,,
monitor_only,487,0.9509031560628972,0.0032295818534813225,0.0,0.0,4.3648523594277595,29.629562966220654,0,20,9740,3.994572171065174,,,
monitor_only,488,0.9509085050591247,0.003276279416628336,0.0,0.0,3.983522994930497,29.248233601723392,0,20,9760,4.305732181640229,,,
monitor_only,489,0.9509220586554219,0.0031680381185280604,0.0,0.0,3.442231981349549,28.706942588142446,0,20,9780,4.4501188487206065,,,
monitor_only,490,0.9509078975442569,0.0031684085719037025,0.0,0.0,4.605415780761477,29.87012638755437,0,20,9800,4.674827521279284,,,
monitor_only,491,0.9509492817877643,0.003158653521419641,0.0,0.0,3.4670351294415593,28.731745736234455,0,20,9820,4.247611668241586,,,
monitor_only,492,0.9509841143177994,0.0031338375136533703,0.0,0.0,4.658603718845241,29.923314325638138,0,20,9840,4.460136399622374,,,
monitor_only,493,0.9509733968699161,0.0030877564474038888,0.0,0.0,6.832273428540443,32.096984035333335,0,20,9860,9.125083362731113,,,
monitor_only,494,0.9509996943523288,0.0029768998644099653,0.0,0.0,3.8129069477964443,29.07761755458934,0,20,9880,4.004251984348698,,,
monitor_only,495,0.9509953498540195,0.0030047547390198437,0.0,0.0,4.720719191848883,29.98542979864178,0,20,9900,4.068534607031991,,,
monitor_only,496,0.9509773053869072,0.003019276129017534,0.0,0.0,3.955765815565638,29.220476422358534,0,20,9920,4.248903866084018,,,
monitor_only,497,0.9510237975931459,0.002973455944815573,0.0,0.0,4.546199197291373,29.810909804084268,0,20,9940,4.121090971754777,,,
monitor_only,498,0.9510250883758818,0.002988048904619789,0.0,0.0,5.376708872322196,30.641419479115093,0,20,9960,4.214495184097947,,,
monitor_only,499,0.9510558324952859,0.0028783682042289316,0.0,0.0,2.7063240141645193,27.971034620957415,0,20,9980,1.3029845332018846,,,
monitor_only,500,0.9511344537282451,0.002848692286169241,0.0,0.0,4.000316566167197,29.265027172960092,0,20,10000,4.334577993158503,,,
monitor_only,501,0.9511731457995825,0.0029189987656644822,0.0,0.0,3.6169605257381554,28.88167113253105,0,20,10020,4.103210515340837,,,
monitor_only,502,0.9512339924203663,0.0027999694781455364,0.0,0.0,4.344041264468729,29.608751871261624,0,20,10040,4.51753251207929,,,
monitor_only,503,0.9512383226398399,0.0027504769487528558,0.0,0.0,3.801271378709042,29.06598198550194,0,20,10060,4.480017137210284,,,
monitor_only,504,0.9512531114684505,0.0026308024779346795,0.0,0.0,5.678159904753881,30.942870511546776,0,20,10080,4.419212241168183,,,
monitor_only,505,0.9512792747236734,0.002580036718540457,0.0,0.0,4.624889350380071,29.88959995717297,0,20,10100,4.306323983624011,,,
monitor_only,506,0.9512733930420004,0.002475887989303205,0.0,0.0,2.6565502414868076,27.921260848279704,0,20,10120,1.3750114373731837,,,
monitor_only,507,0.9512534238708271,0.002533024660176686,0.0,0.0,4.8221518809263255,30.086862487719223,0,20,10140,9.52348799111227,,,
monitor_only,508,0.9511663631035424,0.0027088285345443497,0.0,0.0,5.185597525092609,30.450308131885507,0,20,10160,4.391705842320804,,,
monitor_only,509,0.9511308857923113,0.0028777984394716682,0.0,0.0,3.437892553550075,28.70260316034297,0,20,10180,4.338834495934798,,,
monitor_only,510,0.9511622110967605,0.0029527215739414414,0.0,0.0,3.704359214849652,28.96906982164255,0,20,10200,4.291740923135563,,,
monitor_only,511,0.951151507552394,0.002866264612917724,0.0,0.0,6.916375334458986,32.18108594125188,0,20,10220,10.063195829083508,,,
monitor_only,512,0.9512072603248629,0.0026692970637197666,0.0,0.0,4.517668107445431,29.782378714238327,0,20,10240,4.507167628457416,,,
monitor_only,513,0.9511956087497727,0.002517263009070625,0.0,0.0,4.82305636850614,30.087766975299036,0,20,10260,4.081987073720615,,,
monitor_only,514,0.9512025495211635,0.0026869463244811875,0.0,0.0,3.890768815621324,29.15547942241422,0,20,10280,4.0319316904391265,,,
monitor_only,515,0.9512030982919284,0.0028228963399030693,0.0,0.0,8.13254334470979,33.397253951502684,0,20,10300,16.861182083739024,,,
monitor_only,516,0.9511701226245215,0.0029885829455704727,0.0,0.0,5.226031102442341,30.490741709235238,0,20,10320,4.4478791228234,,,
monitor_only,517,0.9511700988506555,0.002929252566708951,0.0,0.0,2.7496836074835747,28.01439421427647,0,20,10340,1.2306287091718129,,,
monitor_only,518,0.9511230521492471,0.0030676124691034756,0.0,0.0,4.01046422886467,29.275174835657566,0,20,10360,4.220639993487012,,,
monitor_only,519,0.9510981542763933,0.0031305738486724355,0.0,0.0,4.377854536479957,29.642565143272854,0,20,10380,4.767197485115561,,,
monitor_only,520,0.9510712593684572,0.003133455115671757,0.0,0.0,5.197283643433328,30.461994250226223,0,20,10400,8.709817057153332,,,
monitor_only,521,0.9511101409564329,0.0032175108268654995,0.0,0.0,4.291103879210414,29.55581448600331,0,20,10420,4.651290331733128,,,
monitor_only,522,0.9510770723336907,0.0032938197003757885,0.0,0.0,4.189734744697808,29.454445351490705,0,20,10440,4.669630130891726,,,
monitor_only,523,0.9510707141549515,0.003370616772589541,0.0,0.0,2.474485719550328,27.739196326343222,0,20,10460,1.3410347433256131,,,
monitor_only,524,0.9510581948161321,0.003374356227292985,0.0,0.0,4.121483222091688,29.386193828884583,0,20,10480,4.1729608080899565,,,
monitor_only,525,0.9510612628578985,0.00340717660904577,0.0,0.0,5.505695919637005,30.770406526429902,0,20,10500,9.699573103572268,,,
monitor_only,526,0.9510586854531394,0.003343556679035853,0.0,0.0,7.353373793531699,32.6180844003246,0,20,10520,9.605465856046152,,,
monitor_only,527,0.9510127538520606,0.00339314341710939,0.0,0.0,2.3886192845918384,27.653329891384736,0,20,10540,1.2582884692548173,,,
monitor_only,528,0.9509801091735354,0.0032429836075438256,0.0,0.0,3.997646953674379,29.262357560467276,0,20,10560,4.14302870538098,,,
monitor_only,529,0.950968606675245,0.00331347384014824,0.0,0.0,5.181909853744162,30.44662046053706,0,20,10580,4.743662516243193,,,
monitor_only,530,0.9509343222202168,0.0033915801707696813,0.0,0.0,3.993374686377096,29.25808529316999,0,20,10600,4.50643306497655,,,
monitor_only,531,0.9509302220909577,0.0033849387661978314,0.0,0.0,4.092754463080984,29.35746506987388,0,20,10620,4.391046864967892,,,
monitor_only,532,0.9509440299045838,0.0032577899028460866,0.0,0.0,4.229158450127582,29.493869056920477,0,20,10640,4.262198726703824,,,
monitor_only,533,0.9509673285411983,0.0032190707755617165,0.0,0.0,3.5452094756512125,28.80992008244411,0,20,10660,4.4229646791948305,,,
monitor_only,534,0.9509908187543473,0.003302243247354175,0.0,0.0,3.77685339663648,29.041564003429375,0,20,10680,4.248136344664282,,,
monitor_only,535,0.9510412599534014,0.0032687445257253422,0.0,0.0,4.4337852076721065,29.698495814465,0,20,10700,4.456357070554579,,,
monitor_only,536,0.9510816627705355,0.0032484409798021474,0.0,0.0,6.040099778662745,31.30481038545564,0,20,10720,9.648914709813122,,,
monitor_only,537,0.9510921187280053,0.0033828051684600124,0.0,0.0,2.371746678212327,27.63645728500522,0,20,10740,1.211088714278233,,,
monitor_only,538,0.9511753051305109,0.0032824482523627907,0.0,0.0,6.243331546939404,31.5080421537323,0,20,10760,9.54898924971875,,,
monitor_only,539,0.9511883649524887,0.0032857468038374193,0.0,0.0,4.13977898501151,29.404489591804406,0,20,10780,4.099261985682746,,,
monitor_only,540,0.9511920616072237,0.003263712098335425,0.0,0.0,3.7480585122375287,29.012769119030423,0,20,10800,4.237391202037905,,,
monitor_only,541,0.9512249987469554,0.003185809451179078,0.0,0.0,4.582962385210128,29.847672992003023,0,20,10820,4.617149214728812,,,
monitor_only,542,0.9511613858485256,0.003177202864127593,0.0,0.0,4.214191234732193,29.47890184152509,0,20,10840,3.820408449685673,,,
monitor_only,543,0.9512219057437017,0.0033402729882836546,0.0,0.0,3.565150343131876,28.82986094992477,0,20,10860,4.607735655040605,,,
monitor_only,544,0.9512220372329567,0.003317810305733304,0.0,0.0,9.633809266292126,34.89851987308502,0,20,10880,23.97997103419524,,,
monitor_only,545,0.9511962097771962,0.0033975161944503895,0.0,0.0,3.5945699075019775,28.859280514294873,0,20,10900,4.387707940472615,,,
monitor_only,546,0.9512703839521527,0.003465313691299987,0.0,0.0,4.226476351093805,29.4911869578867,0,20,10920,4.325104307047305,,,
monitor_only,547,0.9512773412518377,0.0033856135754829486,0.0,0.0,4.480050521740989,29.744761128533884,0,20,10940,9.563650049795292,,,
monitor_only,548,0.9512674220099633,0.0032591891983821952,0.0,0.0,4.616506079628392,29.88121668642129,0,20,10960,4.063011083369493,,,
monitor_only,549,0.9512292734144085,0.003253346214609265,0.0,0.0,3.5782142209237175,28.842924827716615,0,20,10980,4.122632790315946,,,
monitor_only,550,0.9512533868113106,0.003292258795447922,0.0,0.0,9.543386001284892,34.80809660807779,0,20,11000,16.640459754077714,,,
monitor_only,551,0.9512430743637679,0.0032233982099609815,0.0,0.0,5.2390039321860975,30.503714538978993,0,20,11020,4.295297280026343,,,
monitor_only,552,0.951241708568629,0.003134308044348555,0.0,0.0,8.119771121077518,33.384481727870416,0,20,11040,16.961485789109812,,,
monitor_only,553,0.9512358380718857,0.003165729090400915,0.0,0.0,4.438079602942766,29.70279020973566,0,20,11060,4.309395717990007,,,
monitor_only,554,0.9512587543705728,0.0031630038801537808,0.0,0.0,5.039538447330338,30.304249054123233,0,20,11080,8.879308769731397,,,
monitor_only,555,0.9512539931931809,0.0032572170721573146,0.0,0.0,6.506429695424298,31.771140302217194,0,20,11100,9.827295782849395,,,
monitor_only,556,0.9512218888703995,0.0032526862248656307,0.0,0.0,3.9669658224019257,29.23167642919482,0,20,11120,3.6320280084943737,,,
monitor_only,557,0.9512331382934628,0.0032954919470109534,0.0,0.0,4.8423032530221635,30.10701385981506,0,20,11140,4.118768917653138,,,
monitor_only,558,0.9512211320950207,0.00329198790348173,0.0,0.0,2.452492393345924,27.71720300013882,0,20,11160,1.2147296476492615,,,
monitor_only,559,0.9512333220214653,0.0034099293461063995,0.0,0.0,4.397983294294635,29.66269390108753,0,20,11180,4.631564903827549,,,
monitor_only,560,0.9513041353148414,0.0034061923340590328,0.0,0.0,4.206366206338219,29.471076813131113,0,20,11200,4.7179233389518025,,,
monitor_only,561,0.9512987836380987,0.0033771561584328147,0.0,0.0,2.628567142371609,27.893277749164504,0,20,11220,1.2227387048969403,,,
monitor_only,562,0.9512995910543769,0.003353934948004067,0.0,0.0,4.620598920474988,29.885309527267886,0,20,11240,4.10097078422061,,,
monitor_only,563,0.9512862091943577,0.003369197532265833,0.0,0.0,4.465021504856295,29.72973211164919,0,20,11260,3.9868542960128397,,,
monitor_only,564,0.9513236069452216,0.0033208643377931057,0.0,0.0,3.9482146001977503,29.212925206990647,0,20,11280,4.336006241820028,,,
monitor_only,565,0.9513807792331143,0.0032038042849805715,0.0,0.0,5.122223053190559,30.386933659983455,0,20,11300,9.041389017291838,,,
monitor_only,566,0.9513877403691302,0.003230787113464584,0.0,0.0,4.544151696234907,29.8088623030278,0,20,11320,4.835015784684723,,,
monitor_only,567,0.9513919642100113,0.0033368437279099883,0.0,0.0,2.3779788553546886,27.642689462147583,0,20,11340,1.2348043409303486,,,
monitor_only,568,0.9514459591653274,0.003301208597797145,0.0,0.0,4.781067245783169,30.045777852576066,0,20,11360,4.581356683855799,,,
monitor_only,569,0.951475284311531,0.003443649937932225,0.0,0.0,4.069868162470865,29.33457876926376,0,20,11380,4.274538873441636,,,
monitor_only,570,0.9515154551391516,0.003502923292816096,0.0,0.0,4.0366418342727135,29.30135244106561,0,20,11400,4.61590975281884,,,
monitor_only,571,0.9514998745620172,0.0035231512065341253,0.0,0.0,5.626761855606751,30.891472462399648,0,20,11420,9.282847299159576,,,
monitor_only,572,0.9515245076035757,0.003549343263305915,0.0,0.0,4.569780768291102,29.834491375084,0,20,11440,4.480089278565696,,,
monitor_only,573,0.9515314394440642,0.0035008555416583542,0.0,0.0,2.598155499858861,27.862866106651758,0,20,11460,1.2188969402088965,,,
monitor_only,574,0.9515604187254657,0.0035978302943823204,0.0,0.0,6.437992074684272,31.702702681477167,0,20,11480,10.238558339069623,,,
monitor_only,575,0.9515150348882977,0.0035884607833236437,0.0,0.0,4.743178225992618,30.007888832785515,0,20,11500,4.609046998205183,,,
monitor_only,576,0.9515446226324493,0.0036459395337378186,0.0,0.0,4.078795678617042,29.343506285409937,0,20,11520,4.375870953341503,,,
monitor_only,577,0.9515770817380703,0.0036653778894860656,0.0,0.0,4.544607257534972,29.809317864327866,0,20,11540,3.9911229284667025,,,
monitor_only,578,0.9515974307879831,0.003670836591672777,0.0,0.0,3.753566772511406,29.0182773793043,0,20,11560,4.104626196114175,,,
monitor_only,579,0.9515938713284895,0.003689989326288279,0.0,0.0,4.386184078226941,29.650894685019836,0,20,11580,4.3671530202482565,,,
monitor_only,580,0.9516231332059099,0.0036397724970609335,0.0,0.0,4.046953021906044,29.31166362869894,0,20,11600,4.336120327304101,,,
monitor_only,581,0.9516197403816005,0.0036219119823179824,0.0,0.0,3.917281419118642,29.181992025911537,0,20,11620,4.324407025400364,,,
monitor_only,582,0.951616713327007,0.003560454983384087,0.0,0.0,5.340797082793167,30.605507689586062,0,20,11640,4.454929227102582,,,
monitor_only,583,0.9516411952165664,0.0034915414638866382,0.0,0.0,6.641261155842956,31.90597176263585,0,20,11660,9.350184491095208,,,
monitor_only,584,0.9517271673002313,0.0034610774625752905,0.0,0.0,4.094247901325307,29.358958508118203,0,20,11680,4.237485453062993,,,
monitor_only,585,0.9516950204436102,0.003484747643079822,0.0,0.0,3.2026354095609304,28.467346016353826,0,20,11700,4.24280003257914,,,
monitor_only,586,0.9517044191717138,0.0034052432104269004,0.0,0.0,4.017315783680897,29.282026390473792,0,20,11720,4.732318546337713,,,
monitor_only,587,0.9516791292192096,0.0033372354483653943,0.0,0.0,5.081537062816379,30.346247669609276,0,20,11740,3.914315981923839,,,
monitor_only,588,0.9516972978806316,0.003230323796515777,0.0,0.0,3.454616173346153,28.71932678013905,0,20,11760,4.3438560864905025,,,
monitor_only,589,0.9517261371219392,0.0032965003332597886,0.0,0.0,4.535626295711191,29.800336902504085,0,20,11780,4.287506935249694,,,
monitor_only,590,0.9517806747447328,0.003425962196170529,0.0,0.0,3.408365829284227,28.673076436077125,0,20,11800,4.51116063539394,,,
monitor_only,591,0.9518124108146073,0.0034230614225686518,0.0,0.0,3.8141093997350968,29.07882000652799,0,20,11820,4.310338677984537,,,
monitor_only,592,0.951837081143957,0.0035540022007094496,0.0,0.0,2.125788769587038,27.390499376379935,0,20,11840,1.2692345701780856,,,
monitor_only,593,0.9518711277683735,0.003615776536256554,0.0,0.0,3.9906619013943803,29.255372508187275,0,20,11860,4.203680668467604,,,
monitor_only,594,0.951908252642813,0.003478723805880768,0.0,0.0,3.597052588830612,28.861763195623507,0,20,11880,4.401174780306181,,,
monitor_only,595,0.9519186558767461,0.0035135483138067913,0.0,0.0,3.8405405722845525,29.10525117907745,0,20,11900,4.660026213144099,,,
monitor_only,596,0.9519551124287887,0.0034300305383280216,0.0,0.0,3.7282469364886954,28.99295754328159,0,20,11920,4.186713789766755,,,
monitor_only,597,0.9519596828452045,0.003380303390919326,0.0,0.0,5.961397237142514,31.22610784393541,0,20,11940,9.705728195625554,,,
monitor_only,598,0.9519514176387004,0.0033758394157011873,0.0,0.0,4.552144314599594,29.81685492139249,0,20,11960,4.446738266212946,,,
monitor_only,599,0.9520044803259455,0.0033373945954581208,0.0,0.0,6.139357659096091,31.404068265888988,0,20,11980,10.224268520099068,,,
monitor_only,600,0.9520726370133638,0.0033601959654964153,0.0,0.0,4.052452603104118,29.317163209897014,0,20,12000,4.569615552855293,,,
monitor_only,601,0.9520689303246885,0.003283534258353704,0.0,0.0,2.3115933243751505,27.576303931168045,0,20,12020,1.2988454952920845,,,
monitor_only,602,0.9520791229690643,0.0032332045478258298,0.0,0.0,3.5470245421682396,28.811735148961134,0,20,12040,4.412709500056114,,,
monitor_only,603,0.9520562612020209,0.00328480679806864,0.0,0.0,2.101143345897144,27.36585395269004,0,20,12060,1.3286056935897186,,,
monitor_only,604,0.9520466769852352,0.0033161110670553162,0.0,0.0,2.61184162949074,27.876552236283636,0,20,12080,1.1286800477789525,,,
monitor_only,605,0.9520860719463629,0.003132243658331757,0.0,0.0,3.539835681868687,28.804546288661584,0,20,12100,4.503991696639651,,,
monitor_only,606,0.9520779832132257,0.002968322295247461,0.0,0.0,4.71040642214156,29.975117028934456,0,20,12120,4.074860787410008,,,
monitor_only,607,0.9520960793423769,0.002998563067021953,0.0,0.0,3.668636341216593,28.93334694800949,0,20,12140,4.27075599064008,,,
monitor_only,608,0.9521004444459498,0.002901508301414224,0.0,0.0,3.469120711751668,28.733831318544564,0,20,12160,4.388778387655966,,,
monitor_only,609,0.9520690997968232,0.002905815093570574,0.0,0.0,4.775728385250311,30.040438992043207,0,20,12180,3.925597214926982,,,
monitor_only,610,0.9520734270262843,0.002809663181354116,0.0,0.0,3.2378305062043746,28.50254111299727,0,20,12200,4.6952524503282405,,,
monitor_only,611,0.9521167929600713,0.0027728915688883804,0.0,0.0,3.842727949450762,29.107438556243658,0,20,12220,4.115859605106159,,,
monitor_only,612,0.952079206453381,0.002805891068820121,0.0,0.0,5.4152362852094225,30.67994689200232,0,20,12240,9.29790465167288,,,
monitor_only,613,0.9520499199788286,0.002857631382680026,0.0,0.0,5.129593513817726,30.39430412061062,0,20,12260,4.156069980454783,,,
monitor_only,614,0.9520783675244403,0.002831650727050272,0.0,0.0,5.076408373906107,30.341118980699,0,20,12280,4.431038834531117,,,
monitor_only,615,0.9521147552313085,0.0028238850147016548,0.0,0.0,3.746304281869879,29.011014888662775,0,20,12300,3.9158910461686243,,,
monitor_only,616,0.9521468821775221,0.0026554936489543435,0.0,0.0,9.001242760496439,34.265953367289335,0,20,12320,24.331408542123153,,,
monitor_only,617,0.9521216131688597,0.0026870452667486777,0.0,0.0,5.215755935997434,30.48046654279033,0,20,12340,4.372456651236992,,,
monitor_only,618,0.9520812044218406,0.002858099232126432,0.0,0.0,4.896479214540879,30.161189821333775,0,20,12360,4.6066263491052375,,,
monitor_only,619,0.9520715649497037,0.00305239275942204,0.0,0.0,4.537914000345243,29.80262460713814,0,20,12380,4.098245431666588,,,
monitor_only,620,0.9521113808491309,0.0030214126877686764,0.0,0.0,3.4040867069021754,28.668797313695073,0,20,12400,4.767024372525591,,,
monitor_only,621,0.9521672033571257,0.002946094567837121,0.0,0.0,6.494628456750244,31.75933906354314,0,20,12420,9.927497202873129,,,
monitor_only,622,0.9521604747906953,0.003044118484610836,0.0,0.0,4.428048718903865,29.692759325696763,0,20,12440,3.7505819232116,,,
monitor_only,623,0.9520618038429242,0.0030673496306511394,0.0,0.0,4.660104070115515,29.92481467690841,0,20,12460,4.279929436147173,,,
monitor_only,624,0.9520327026081911,0.003103539523983012,0.0,0.0,3.8654223810487576,29.130132987841655,0,20,12480,4.532330241171897,,,
monitor_only,625,0.9519366909040461,0.003084623440732792,0.0,0.0,3.194321767451537,28.459032374244433,0,20,12500,4.3784784199577595,,,
monitor_only,626,0.9519367134270095,0.0031611126060504535,0.0,0.0,8.604722628034835,33.86943323482773,0,20,12520,17.240472271051797,,,
monitor_only,627,0.9519860193877523,0.003102014565612765,0.0,0.0,6.403340893313632,31.66805150010653,0,20,12540,9.458496415563223,,,
monitor_only,628,0.9519998082166489,0.0031567679453305963,0.0,0.0,4.0806192156571335,29.34532982245003,0,20,12560,3.929005196651121,,,
monitor_only,629,0.9519972788754665,0.0031253550315127887,0.0,0.0,6.633354584383752,31.89806519117665,0,20,12580,9.409610414804087,,,
monitor_only,630,0.9520376038244849,0.00318211424910686,0.0,0.0,5.232525157107517,30.497235763900413,0,20,12600,4.350698702441631,,,
monitor_only,631,0.952066603719245,0.003027756762390754,0.0,0.0,4.643218559469194,29.90792916626209,0,20,12620,4.439582002586874,,,
monitor_only,632,0.9520197625392084,0.002952851848219362,0.0,0.0,4.049342290338416,29.31405289713131,0,20,12640,4.674818585342859,,,
monitor_only,633,0.9520408948323076,0.002939911991498345,0.0,0.0,10.702381534518144,35.96709214131104,0,20,12660,26.9033734450767,,,
monitor_only,634,0.9520241996364793,0.002943536550161774,0.0,0.0,4.742386763120865,30.00709736991376,0,20,12680,10.065849273053837,,,
monitor_only,635,0.9520440063977492,0.002816306086164011,0.0,0.0,4.715823909551322,29.980534516344218,0,20,12700,4.6966828710797435,,,
monitor_only,636,0.9520214856804629,0.0028502400961583074,0.0,0.0,2.8749521207740583,28.139662727566954,0,20,12720,1.2503591574859267,,,
monitor_only,637,0.9520550158628514,0.0028230335270231777,0.0,0.0,4.6978911374869075,29.9626017442798,0,20,12740,4.323708132567252,,,
monitor_only,638,0.9520634114654297,0.0029135888179575575,0.0,0.0,2.245515629094635,27.51022623588753,0,20,12760,1.2180129576797636,,,
monitor_only,639,0.9520731158851996,0.0029417244720233438,0.0,0.0,5.032020858208255,30.29673146500115,0,20,12780,4.45681040262081,,,
monitor_only,640,0.9520716687811392,0.002835497649914309,0.0,0.0,5.898420885059626,31.16313149185252,0,20,12800,9.757827949104527,,,
monitor_only,641,0.95208436086511,0.0028890207427195724,0.0,0.0,3.8045327487926355,29.06924335558553,0,20,12820,4.381408882979044,,,
monitor_only,642,0.9520824758111764,0.002890473389424608,0.0,0.0,4.6374486657558265,29.902159272548722,0,20,12840,9.07877799376391,,,
monitor_only,643,0.9520381597360265,0.002877940321279082,0.0,0.0,4.888149759020397,30.152860365813293,0,20,12860,4.6184512529443005,,,
monitor_only,644,0.9520707218094192,0.0027800678538778545,0.0,0.0,4.807681909046564,30.07239251583946,0,20,12880,4.464101135362738,,,
monitor_only,645,0.9520838652761888,0.0027403281530627988,0.0,0.0,3.000865326052385,28.26557593284528,0,20,12900,1.2993425191240449,,,
monitor_only,646,0.952079434149142,0.0027032597711610373,0.0,0.0,5.736741641058866,31.001452247851763,0,20,12920,9.789645214265564,,,
monitor_only,647,0.9520993713552106,0.0028696844542153155,0.0,0.0,6.895487892156931,32.160198498949825,0,20,12940,9.711365781223241,,,
monitor_only,648,0.9520500489796366,0.00287771208738008,0.0,0.0,2.307913301388815,27.57262390818171,0,20,12960,1.1640272926646076,,,
monitor_only,649,0.9520621291941908,0.0027262026298763287,0.0,0.0,3.9597184674274635,29.22442907422036,0,20,12980,4.216227452636917,,,
monitor_only,650,0.952058637848039,0.002755289677334627,0.0,0.0,4.741221054243605,30.0059316610365,0,20,13000,4.731254909059988,,,
monitor_only,651,0.9520685159125971,0.002719509027806488,0.0,0.0,3.6489416487120074,28.913652255504903,0,20,13020,4.251497372100021,,,
monitor_only,652,0.9520856521749578,0.002680863640028397,0.0,0.0,7.211197970434421,32.475908577227315,0,20,13040,8.481346363469942,,,
monitor_only,653,0.9521151751840704,0.002641615418833232,0.0,0.0,4.225905403050875,29.49061600984377,0,20,13060,4.268568307987096,,,
monitor_only,654,0.9520822549223884,0.002765456066403771,0.0,0.0,2.371853874079466,27.636564480872362,0,20,13080,1.2785324695164586,,,
monitor_only,655,0.9520807386966604,0.002754854960653974,0.0,0.0,9.40615781217543,34.670868418968325,0,20,13100,16.329826341490133,,,
monitor_only,656,0.9520738797320956,0.002966366494142725,0.0,0.0,3.7151579679501903,28.979868574743087,0,20,13120,4.320397027176051,,,
monitor_only,657,0.9521047792518873,0.00287904145410367,0.0,0.0,10.688801994642882,35.953512601435776,0,20,13140,24.854536541338614,,,
monitor_only,658,0.9521313782394344,0.0027829616447385686,0.0,0.0,4.742109702959918,30.006820309752815,0,20,13160,4.450133061787595,,,
monitor_only,659,0.9521646270751207,0.002769933426280513,0.0,0.0,2.847477073916551,28.112187680709447,0,20,13180,1.132661488055565,,,
monitor_only,660,0.9522893707327774,0.00269802845260958,0.0,0.0,5.114548396952633,30.379259003745528,0,20,13200,4.51450050885503,,,
monitor_only,661,0.952291524261193,0.0026895046403212497,0.0,0.0,7.3715199349659795,32.63623054175888,0,20,13220,15.833507034484796,,,
monitor_only,662,0.9522605505161038,0.0027665240113441403,0.0,0.0,2.2784959699979948,27.54320657679089,0,20,13240,1.266429939520387,,,
monitor_only,663,0.952322186747732,0.0027561077874508344,0.0,0.0,4.035999054901015,29.30070966169391,0,20,13260,4.4898559366436155,,,
monitor_only,664,0.9522810344732915,0.002742285579355519,0.0,0.0,3.182790540878768,28.447501147671662,0,20,13280,1.326860146070668,,,
monitor_only,665,0.9522908079311907,0.002793760945818513,0.0,0.0,4.495032861596199,29.759743468389097,0,20,13300,4.671302559045773,,,
monitor_only,666,0.952247422800169,0.0027771208283560167,0.0,0.0,3.5134192345471016,28.778129841339997,0,20,13320,4.39812391410954,,,
monitor_only,667,0.9522286185710325,0.002860528653660155,0.0,0.0,2.2465588444955267,27.511269451288424,0,20,13340,1.375397522457088,,,
monitor_only,668,0.9522065833227225,0.0029598428167011415,0.0,0.0,5.162868307387224,30.42757891418012,0,20,13360,4.81987053704608,,,
monitor_only,669,0.9521505504318004,0.003084860405857981,0.0,0.0,2.407325385584986,27.672035992377882,0,20,13380,1.2626203645567102,,,
monitor_only,670,0.9521112694742941,0.0030924280460224995,0.0,0.0,2.3718355710704238,27.63654617786332,0,20,13400,1.2666619393328857,,,
monitor_only,671,0.952076471100488,0.0031854860221438575,0.0,0.0,2.4475903297083796,27.712300936501276,0,20,13420,1.4035003866804452,,,
monitor_only,672,0.9521058716601472,0.0030733851632129827,0.0,0.0,4.225680379661179,29.490390986454074,0,20,13440,4.4575922637554,,,
monitor_only,673,0.9521002724324031,0.002979252566358448,0.0,0.0,5.273928812312886,30.53863941910578,0,20,13460,9.449552499179878,,,
monitor_only,674,0.952119232781268,0.002976346052503853,0.0,0.0,2.306652819007693,27.571363425800588,0,20,13480,1.2558060640213098,,,
monitor_only,675,0.9521821007347695,0.0029727156495241713,0.0,0.0,5.960126015677478,31.224836622470374,0,20,13500,9.946400126255634,,,
monitor_only,676,0.9521489191369018,0.0029308514456695134,0.0,0.0,3.4268173833782662,28.691527990171164,0,20,13520,4.513102290218758,,,
monitor_only,677,0.9522008544569396,0.0028658257738405357,0.0,0.0,5.0693193219859145,30.33402992877881,0,20,13540,8.511706213988646,,,
monitor_only,678,0.9521866796576061,0.0028602057368291023,0.0,0.0,5.558447952291503,30.823158559084398,0,20,13560,9.52870891203972,,,
monitor_only,679,0.952175427819765,0.0028422690794422945,0.0,0.0,4.171257170838543,29.43596777763144,0,20,13580,4.350623632353137,,,
monitor_only,680,0.9522053671191638,0.002866024920599508,0.0,0.0,8.97236560412996,34.23707621092286,0,20,13600,16.717667477894107,,,
monitor_only,681,0.9521813936179545,0.0028806608754619045,0.0,0.0,2.5819178141580417,27.84662842095094,0,20,13620,1.3901367758077703,,,
monitor_only,682,0.9522305953788452,0.003043697944060897,0.0,0.0,3.7548752032214487,29.019585810014345,0,20,13640,4.259948748297845,,,
monitor_only,683,0.952237543949139,0.0030307774892794903,0.0,0.0,5.049593967117245,30.314304573910142,0,20,13660,4.289061612999232,,,
monitor_only,684,0.9522443442488823,0.003022056887976854,0.0,0.0,2.768368125197194,28.03307873199009,0,20,13680,1.3482025363304928,,,
monitor_only,685,0.952274882218796,0.002936444190587917,0.0,0.0,2.8041297286747424,28.068840335467637,0,20,13700,1.2978873836088614,,,
monitor_only,686,0.9522765523812985,0.003048990708981014,0.0,0.0,5.43008124863275,30.694791855425645,0,20,13720,9.658925709678387,,,
monitor_only,687,0.9523055523628752,0.0030757325730954577,0.0,0.0,7.397707157657987,32.66241776445088,0,20,13740,16.693354055716203,,,
monitor_only,688,0.9522966877706613,0.003271940155717745,0.0,0.0,10.793735314355313,36.058445921148206,0,20,13760,25.23688158503009,,,
monitor_only,689,0.9522791128610959,0.003108152061735203,0.0,0.0,3.6717427991322777,28.936453405925175,0,20,13780,4.119817286454529,,,
monitor_only,690,0.952309048801981,0.003155156036828033,0.0,0.0,2.386717439202131,27.651428045995026,0,20,13800,1.2698618489570923,,,
monitor_only,691,0.9523031700619136,0.0029954761285715392,0.0,0.0,4.3511723354934775,29.615882942286373,0,20,13820,3.900539010244657,,,
monitor_only,692,0.9522975385952318,0.0029338245695237353,0.0,0.0,2.5113366028597106,27.776047209652607,0,20,13840,1.239180799366984,,,
monitor_only,693,0.952305889171149,0.0028261789742920485,0.0,0.0,5.630477111819883,30.895187718612778,0,20,13860,9.557642327763189,,,
monitor_only,694,0.9523348785806549,0.002818004791958595,0.0,0.0,5.698920779946626,30.96363138673952,0,20,13880,9.237940363486931,,,
monitor_only,695,0.9523201282556183,0.0029027617304597797,0.0,0.0,3.82084654307765,29.085557149870546,0,20,13900,4.392216244425077,,,
monitor_only,696,0.9523051133602849,0.0030148085185097706,0.0,0.0,3.8311089682169217,29.095819575009816,0,20,13920,3.9102011091873528,,,
monitor_only,697,0.952308383967134,0.0029650871080674213,0.0,0.0,4.151902648544009,29.416613255336905,0,20,13940,4.624033475027229,,,
monitor_only,698,0.9522522212203168,0.0028811211451079677,0.0,0.0,6.5424137233811575,31.807124330174055,0,20,13960,9.63655766797205,,,
monitor_only,699,0.9522231967127394,0.0028500848432404524,0.0,0.0,5.255548604843977,30.520259211636873,0,20,13980,3.9933061418023823,,,
monitor_only,700,0.9522238750396187,0.0029210582873016033,0.0,0.0,4.650491470770298,29.915202077563194,0,20,14000,4.437501828957678,,,
monitor_only,701,0.9522257916241078,0.003019559117036885,0.0,0.0,4.708049042158345,29.97275964895124,0,20,14020,4.5634493609259446,,,
monitor_only,702,0.952292070462757,0.0031175242525982583,0.0,0.0,2.6518660853130394,27.916576692105934,0,20,14040,1.3148468835903733,,,
monitor_only,703,0.9523209312464208,0.003118847310029982,0.0,0.0,4.200271754624419,29.464982361417313,0,20,14060,4.73789216380178,,,
monitor_only,704,0.9523576583965859,0.003139157764931122,0.0,0.0,2.22843976542113,27.493150372214025,0,20,14080,1.4577363671666514,,,
monitor_only,705,0.9523916183699251,0.0033013855903607503,0.0,0.0,3.4788003448544296,28.743510951647327,0,20,14100,4.149887288290331,,,
monitor_only,706,0.9524580660037176,0.0033487591276393225,0.0,0.0,6.697310145538706,31.962020752331604,0,20,14120,9.060108334574101,,,
monitor_only,707,0.9524523448942122,0.0033269378837365027,0.0,0.0,4.555989849927698,29.820700456720594,0,20,14140,4.086888995895818,,,
monitor_only,708,0.9524487459620432,0.00325377453108866,0.0,0.0,4.497247560493982,29.761958167286878,0,20,14160,4.278511839894096,,,
monitor_only,709,0.9524822430278743,0.0031637480622059844,0.0,0.0,3.8414741217603834,29.10618472855328,0,20,14180,4.948032182057643,,,
monitor_only,710,0.9524405293695283,0.0030652546604507114,0.0,0.0,4.720054967162998,29.984765573955894,0,20,14200,4.404587814884507,,,
monitor_only,711,0.9524511409763203,0.0030384096542547256,0.0,0.0,4.338797276137896,29.603507882930792,0,20,14220,4.534427737227267,,,
monitor_only,712,0.9524710678026806,0.003013274429779056,0.0,0.0,3.112871726909882,28.377582333702776,0,20,14240,1.2369660507583706,,,
monitor_only,713,0.9524754949914085,0.002878214667842771,0.0,0.0,3.554382729811256,28.81909333660415,0,20,14260,4.372556101763571,,,
monitor_only,714,0.9524761285513192,0.0028837996661670307,0.0,0.0,4.00385736031005,29.268567967102946,0,20,14280,4.080302247198899,,,
monitor_only,715,0.9524912455197589,0.0027891801110296877,0.0,0.0,3.862457669942743,29.127168276735638,0,20,14300,4.367502358572616,,,
monitor_only,716,0.9524923148287617,0.002889120943997847,0.0,0.0,5.791203011744449,31.055913618537346,0,20,14320,9.5749896031603,,,
monitor_only,717,0.9525074230272706,0.002888926964534022,0.0,0.0,4.669967112256358,29.934677719049255,0,20,14340,4.658517783623757,,,
monitor_only,718,0.952498470225327,0.002937414407376604,0.0,0.0,7.101837799237304,32.3665484060302,0,20,14360,10.072421880680816,,,
monitor_only,719,0.9524776228387646,0.0030024434248249188,0.0,0.0,6.593095915169099,31.857806521961994,0,20,14380,9.789708943393238,,,
monitor_only,720,0.9524972027400644,0.0029203881570863954,0.0,0.0,5.348829704871654,30.61354031166455,0,20,14400,4.546453890652933,,,
monitor_only,721,0.9525076762084954,0.002949999998814401,0.0,0.0,4.560795245742972,29.82550585253587,0,20,14420,4.242481632285547,,,
monitor_only,722,0.9524994656474899,0.002910877168895154,0.0,0.0,5.6387365432667265,30.903447150059623,0,20,14440,4.420850510831849,,,
monitor_only,723,0.9524962784372497,0.0030268262395597434,0.0,0.0,4.51651365753502,29.781224264327918,0,20,14460,4.2725040084167825,,,
monitor_only,724,0.952549944650522,0.0029702485132041545,0.0,0.0,3.7214029321773334,28.98611353897023,0,20,14480,3.9550228839177817,,,
monitor_only,725,0.9525095039892393,0.0031389758737472295,0.0,0.0,4.586920609487591,29.851631216280488,0,20,14500,4.556084281535356,,,
monitor_only,726,0.9525790701960367,0.003185155942173723,0.0,0.0,6.818311207537987,32.083021814330884,0,20,14520,9.886248923479235,,,
monitor_only,727,0.952567305888443,0.003006252212479077,0.0,0.0,3.4930470365130755,28.757757643305972,0,20,14540,4.479079220564795,,,
monitor_only,728,0.9525634030090202,0.003046246312006229,0.0,0.0,5.115827234037318,30.380537840830215,0,20,14560,8.948679679260763,,,
monitor_only,729,0.9525927630429581,0.0029315969882690585,0.0,0.0,3.775689686640664,29.04040029343356,0,20,14580,4.2635534454828505,,,
monitor_only,730,0.9525417514196367,0.0029136830052105545,0.0,0.0,4.549100113460653,29.81381072025355,0,20,14600,3.7357922851885283,,,
monitor_only,731,0.9525387652201877,0.0027869444992715264,0.0,0.0,7.264791016592346,32.529501623385244,0,20,14620,9.41732010912155,,,
monitor_only,732,0.9525542032811218,0.0026692140779807083,0.0,0.0,3.2857899605439096,28.550500567336805,0,20,14640,1.230068137716564,,,
monitor_only,733,0.9525626915454569,0.002809989898348686,0.0,0.0,2.8708609953199713,28.13557160211287,0,20,14660,1.164549086638568,,,
monitor_only,734,0.9525275133081262,0.0028229541590713003,0.0,0.0,7.502288907332641,32.76699951412554,0,20,14680,9.425085620831476,,,
monitor_only,735,0.9525162570797544,0.0027385688912233697,0.0,0.0,4.772435173207766,30.037145780000664,0,20,14700,9.040323521690539,,,
monitor_only,736,0.9525115669247212,0.002716210769952765,0.0,0.0,3.5561663201459606,28.82087692693886,0,20,14720,4.277895137916083,,,
monitor_only,737,0.9524868563451633,0.0025871501109843154,0.0,0.0,3.9033341669848585,29.168044773777755,0,20,14740,4.871750052977463,,,
monitor_only,738,0.9525260870050517,0.002547889666685954,0.0,0.0,2.868678834904659,28.133389441697556,0,20,14760,1.4517195679048476,,,
monitor_only,739,0.9525057384781613,0.0026170388534501043,0.0,0.0,3.7135306057937583,28.978241212586653,0,20,14780,4.0510943366137955,,,
monitor_only,740,0.9525469063203224,0.0024915240568796904,0.0,0.0,3.7814808032670357,29.046191410059933,0,20,14800,4.386795607868539,,,
monitor_only,741,0.9525943636865382,0.0024652378908019967,0.0,0.0,6.194248976563714,31.45895958335661,0,20,14820,9.445696481858084,,,
monitor_only,742,0.9525679990978644,0.0025118122012207644,0.0,0.0,6.276267085127888,31.540977691920784,0,20,14840,9.19977647342034,,,
monitor_only,743,0.9525696926493529,0.0024809527158851097,0.0,0.0,2.65218971109885,27.916900317891745,0,20,14860,1.1929673478232972,,,
monitor_only,744,0.9525175248795094,0.002552466721546298,0.0,0.0,4.444598538937145,29.70930914573004,0,20,14880,4.730808140655645,,,
monitor_only,745,0.9524755857692357,0.002639601029330474,0.0,0.0,3.488829238345732,28.75353984513863,0,20,14900,3.6213738695164075,,,
monitor_only,746,0.9525227209084152,0.002725009468242723,0.0,0.0,3.481263782843089,28.745974389635986,0,20,14920,4.162915159126861,,,
monitor_only,747,0.9525355256225891,0.0028273229039736947,0.0,0.0,2.785482161645298,28.050192768438194,0,20,14940,1.40713369138554,,,
monitor_only,748,0.9524875657779187,0.0030730704190669034,0.0,0.0,4.84229257416265,30.107003180955545,0,20,14960,4.825481071408063,,,
monitor_only,749,0.9524987925840823,0.00296171686360569,0.0,0.0,4.651492021269075,29.91620262806197,0,20,14980,4.478525708216386,,,
monitor_only,750,0.9525169102147537,0.0030353200809479786,0.0,0.0,3.888629419638383,29.15334002643128,0,20,15000,4.681655827735123,,,
monitor_only,751,0.9522696919416529,0.002720080871241981,0.8,0.0,4.827377347534715,30.09208795432761,0,20,15020,13.575391984010405,,,
monitor_only,752,0.951734077542976,0.002805665636765764,0.8,0.0,2.471689476638997,27.736400083431892,0,20,15040,7.565559694366004,,,
monitor_only,753,0.9506362161917487,0.004152254217069662,0.8,0.0,3.645941525158582,28.91065213195148,0,20,15060,13.737513015219204,,,
monitor_only,754,0.9484652984484682,0.006691338334920416,0.8,0.0,5.237655066238211,30.502365673031107,0,20,15080,6.370663036031815,,,
monitor_only,755,0.945094623097844,0.011543096934940711,0.8,0.0,5.0301336335337075,30.294844240326604,0,20,15100,8.94684348654506,,,
monitor_only,756,0.9404705971814241,0.019428683508216693,0.8,0.0,3.54802470819351,28.812735314986405,0,20,15120,7.493808283903944,,,
monitor_only,757,0.9359828804418739,0.029193328305589072,0.8,0.0,4.886454789673417,30.15116539646631,0,20,15140,14.207550854716278,,,
monitor_only,758,0.9329047401033406,0.038243068586668594,0.8,0.0,4.056164133129489,29.320874739922385,0,20,15160,7.792229009099051,,,
monitor_only,759,0.9313008773763016,0.04528523476727386,0.8,0.0,3.712072529356494,28.97678313614939,0,20,15180,13.073965638784886,,,
monitor_only,760,0.930474262222969,0.051324482019268536,0.8,0.0,3.8096722173793633,29.07438282417226,0,20,15200,6.22321058288919,,,
monitor_only,761,0.9300965567375684,0.057004354002188284,0.8,0.0,3.8784314953397825,29.14314210213268,0,20,15220,6.02634017650697,,,
monitor_only,762,0.929938249703057,0.062106273018445735,0.8,0.0,4.138661461351756,29.40337206814465,0,20,15240,7.767793821507553,,,
monitor_only,763,0.929876005783919,0.06658587957797812,0.8,0.0,6.132517445268381,31.397228052061276,0,20,15260,12.625307209104035,,,
monitor_only,764,0.9298459396817003,0.07133573560658535,0.8,0.0,3.9304055984702564,29.19511620526315,0,20,15280,7.1475542598641715,,,
monitor_only,765,0.9298338001032553,0.07575964367747479,0.8,0.0,8.116502324819171,33.38121293161207,0,20,15300,13.366702865755228,,,
monitor_only,766,0.9298284600549818,0.08037236518191071,0.8,0.0,4.094184024623319,29.358894631416213,0,20,15320,7.09478767187799,,,
monitor_only,767,0.9298262534696247,0.084969163005301,0.8,0.0,4.1777865017944436,29.44249710858734,0,20,15340,13.4552469619675,,,
monitor_only,768,0.9298252804949821,0.08956797191466237,0.8,0.0,6.161381332881109,31.426091939674006,0,20,15360,13.69751218964953,,,
monitor_only,769,0.9298248689788048,0.09419192696209744,0.8,0.0,3.8890961161973596,29.153806722990254,0,20,15380,6.360933244855567,,,
monitor_only,770,0.9298246930260141,0.09885795043781298,0.8,0.0,6.133225994630883,31.39793660142378,0,20,15400,14.146335012615774,,,
monitor_only,771,0.9298246194950783,0.10311991859190628,0.8,0.0,8.065192259512887,33.32990286630579,0,20,15420,13.025507414605922,,,
monitor_only,772,0.929824586261504,0.10769049360146421,0.8,0.0,4.2350661020862885,29.499776708879185,0,20,15440,13.702202086595905,,,
monitor_only,773,0.9298245725038349,0.11212357640736781,0.8,0.0,3.9218106742595227,29.186521281052418,0,20,15460,5.932968668914048,,,
monitor_only,774,0.9298245661413796,0.11663387992960739,0.8,0.0,4.188204765370619,29.452915372163517,0,20,15480,10.302924182586956,,,
monitor_only,775,0.9298245635364826,0.1209751689761065,0.8,0.0,10.182388324367318,35.44709893116021,0,20,15500,16.362571405187474,,,
monitor_only,776,0.9298245623391889,0.1254728284454545,0.8,0.0,6.204897200611129,31.469607807404024,0,20,15520,14.170935260310069,,,
monitor_only,777,0.9298245618247951,0.12972697025058533,0.8,0.0,6.283514896250135,31.54822550304303,0,20,15540,13.126285784381682,,,
monitor_only,778,0.929824561594599,0.1340182607715117,0.8,0.0,4.267479397175752,29.532190003968648,0,20,15560,6.970637612282108,,,
monitor_only,779,0.9298245614870085,0.13866747777283905,0.8,0.0,6.0979297361580125,31.362640342950908,0,20,15580,8.039738295754228,,,
monitor_only,780,0.9298245614414526,0.1430575791778902,0.8,0.0,2.284419827344795,27.54913043413769,0,20,15600,7.30503326537806,,,
monitor_only,781,0.9298245614207334,0.1473613387223679,0.8,0.0,5.81222513059199,31.076935737384886,0,20,15620,2.502069217465098,,,
monitor_only,782,0.9298245614111671,0.1519352253471714,0.8,0.0,6.331081269014862,31.59579187580776,0,20,15640,13.879108817264026,,,
monitor_only,783,0.9298245614068112,0.1564169624228967,0.8,0.0,3.7998006895518803,29.064511296344776,0,20,15660,5.093738579453816,,,
monitor_only,784,0.9298245614049429,0.16098494529274388,0.8,0.0,4.306621132819167,29.571331739612063,0,20,15680,12.305449606345416,,,
monitor_only,785,0.9298245614041559,0.165331850129664,0.8,0.0,6.359697556927039,31.624408163719934,0,20,15700,13.043870736920958,,,
monitor_only,786,0.9298245614038124,0.1697454196696926,0.8,0.0,4.366169272132022,29.63087987892492,0,20,15720,6.874388463447534,,,
monitor_only,787,0.9298245614036427,0.17439645672697612,0.8,0.0,7.746935843337819,33.01164645013071,0,20,15740,6.961073795051488,,,
monitor_only,788,0.9298245614035666,0.17914465253771816,0.8,0.0,6.2321784800133635,31.49688908680626,0,20,15760,7.735218836738302,,,
monitor_only,789,0.929824561403535,0.1836278917330021,0.8,0.0,3.761152099721747,29.025862706514644,0,20,15780,2.8040911963419837,,,
monitor_only,790,0.9298245614035207,0.18814556171819452,0.8,0.0,3.8628892248917177,29.127599831684613,0,20,15800,6.228811377006526,,,
monitor_only,791,0.9298245614035138,0.19271938826774726,0.8,0.0,6.412807807921503,31.6775184147144,0,20,15820,14.175225220116737,,,
monitor_only,792,0.9298245614035112,0.19740201331582607,0.8,0.0,6.425419021700324,31.69012962849322,0,20,15840,14.226914923133306,,,
monitor_only,793,0.9298245614035098,0.20189923418313638,0.8,0.0,8.344956486006891,33.60966709279979,0,20,15860,13.860675911314123,,,
monitor_only,794,0.9298245614035093,0.20648475306644565,0.8,0.0,3.848169658791071,29.112880265583968,0,20,15880,6.338849585477168,,,
monitor_only,795,0.9298245614035092,0.2110753734089995,0.8,0.0,6.450304143560008,31.715014750352903,0,20,15900,13.307710787103055,,,
monitor_only,796,0.9298245614035087,0.21541213000492432,0.8,0.0,2.4321222112010816,27.69683281799398,0,20,15920,7.05818867473353,,,
monitor_only,797,0.929824561403509,0.21985129433022033,0.8,0.0,4.442586907947029,29.707297514739924,0,20,15940,13.733274993110417,,,
monitor_only,798,0.9298245614035089,0.22444344856651866,0.8,0.0,3.834874811295879,29.099585418088775,0,20,15960,6.178825585975626,,,
monitor_only,799,0.9298245614035087,0.22879795497341315,0.8,0.0,4.486959527776958,29.751670134569853,0,20,15980,13.739359210332363,,,
monitor_only,800,0.9298245614035088,0.23323389950417195,0.8,0.0,4.422508254309919,29.687218861102814,0,20,16000,7.131680557407282,,,
monitor_only,801,0.9298245614035088,0.23757985391932623,0.8,0.0,4.462438370416067,29.727148977208962,0,20,16020,14.102987003870778,,,
monitor_only,802,0.9298245614035089,0.2421158679817783,0.8,0.0,6.5152531185515885,31.779963725344484,0,20,16040,13.460403421417869,,,
monitor_only,803,0.9298245614035088,0.2465996023904008,0.8,0.0,6.40231895620145,31.667029562994344,0,20,16060,9.218710816640112,,,
monitor_only,804,0.9298245614035086,0.2509179233340564,0.8,0.0,3.814037986228844,29.07874859302174,0,20,16080,5.503303134349939,,,
monitor_only,805,0.9298245614035086,0.2552914342434346,0.8,0.0,6.4369844264469585,31.701695033239854,0,20,16100,19.67648715138137,,,
monitor_only,806,0.929824561403509,0.25961673487079395,0.8,0.0,6.3452458780919425,31.60995648488484,0,20,16120,7.146483268073154,,,
monitor_only,807,0.9298245614035089,0.2641683975305893,0.8,0.0,6.559468334691993,31.824178941484888,0,20,16140,12.4459919843895,,,
monitor_only,808,0.9298245614035088,0.26850981990926226,0.8,0.0,8.465004543446431,33.72971515023933,0,20,16160,13.902466648905635,,,
monitor_only,809,0.9298245614035088,0.272916870068857,0.8,0.0,5.636434660311306,30.9011452671042,0,20,16180,6.562932292008698,,,
monitor_only,810,0.9298245614035088,0.27733006556187345,0.8,0.0,6.591737142609539,31.856447749402435,0,20,16200,21.68763016371654,,,
monitor_only,811,0.9298245614035088,0.28152532875602865,0.8,0.0,4.441261391751497,29.705971998544392,0,20,16220,7.033259460657668,,,
monitor_only,812,0.9298245614035088,0.2856482542840949,0.8,0.0,2.604900261529456,27.86961086832235,0,20,16240,6.852649231739014,,,
monitor_only,813,0.9298245614035089,0.2898492470994528,0.8,0.0,6.503372157686455,31.768082764479352,0,20,16260,13.289504294351449,,,
monitor_only,814,0.9298245614035087,0.29416815814770747,0.8,0.0,2.5100714577898144,27.77478206458271,0,20,16280,7.1916737848295345,,,
monitor_only,815,0.9298245614035088,0.2981386486588089,0.8,0.0,3.776822787934647,29.041533394727544,0,20,16300,6.855300966518092,,,
monitor_only,816,0.9298245614035089,0.30249334667746697,0.8,0.0,3.773865990450928,29.038576597243825,0,20,16320,6.608572146844221,,,
monitor_only,817,0.9298245614035089,0.30668024338832445,0.8,0.0,4.64749467047201,29.912205277264906,0,20,16340,7.1118128135049385,,,
monitor_only,818,0.9298245614035088,0.3111960802166017,0.8,0.0,2.5458655060529445,27.81057611284584,0,20,16360,7.558502511250062,,,
monitor_only,819,0.9298245614035087,0.3155003221051188,0.8,0.0,5.7639652419797605,31.028675848772657,0,20,16380,6.477964820976486,,,
monitor_only,820,0.9298245614035088,0.3201563910567018,0.8,0.0,3.5705053348795874,28.835215941672484,0,20,16400,3.2168479223935607,,,
monitor_only,821,0.9298245614035087,0.32468227986971876,0.8,0.0,3.7572994838218863,29.02201009061478,0,20,16420,7.392243202598272,,,
monitor_only,822,0.9298245614035087,0.32890269946558615,0.8,0.0,6.692937345616516,31.957647952409413,0,20,16440,13.410400295937688,,,
monitor_only,823,0.9298245614035087,0.33328666880294644,0.8,0.0,4.7016057452830875,29.966316352075985,0,20,16460,7.616402360670301,,,
monitor_only,824,0.9298245614035088,0.33755301767987844,0.8,0.0,6.631011843241626,31.895722450034523,0,20,16480,12.515931847553295,,,
monitor_only,825,0.9298245614035088,0.3419240540256384,0.8,0.0,3.5399121080058813,28.80462271479878,0,20,16500,2.99203289083734,,,
monitor_only,826,0.9298245614035088,0.34633611756816496,0.8,0.0,3.7401590862575533,29.00486969305045,0,20,16520,6.274342851354382,,,
monitor_only,827,0.9298245614035087,0.35089004396636136,0.8,0.0,4.6889335162268955,29.953644123019792,0,20,16540,7.960648640819288,,,
monitor_only,828,0.9298245614035088,0.35524640109476036,0.8,0.0,6.624077434299202,31.8887880410921,0,20,16560,13.332610336131978,,,
monitor_only,829,0.9298245614035088,0.35985380305546455,0.8,0.0,4.484208028586168,29.748918635379063,0,20,16580,6.557604235704294,,,
monitor_only,830,0.9298245614035087,0.3643239529530332,0.8,0.0,5.726705187399694,30.99141579419259,0,20,16600,6.34452557007395,,,
monitor_only,831,0.9298245614035089,0.368865000165871,0.8,0.0,6.781279484853453,32.045990091646345,0,20,16620,14.361922371197217,,,
monitor_only,832,0.9298245614035087,0.3731659396122152,0.8,0.0,3.720039846057245,28.98475045285014,0,20,16640,5.922883474375186,,,
monitor_only,833,0.9298245614035087,0.37757299774346864,0.8,0.0,4.7920169125253205,30.056727519318216,0,20,16660,7.556993261749374,,,
monitor_only,834,0.9298245614035088,0.381928560313069,0.8,0.0,4.515301937798146,29.78001254459104,0,20,16680,7.584530488768618,,,
monitor_only,835,0.9298245614035089,0.3863287600539058,0.8,0.0,2.7529156883121213,28.017626295105018,0,20,16700,7.278557000348536,,,
monitor_only,836,0.9298245614035088,0.39071461045624567,0.8,0.0,6.630726672858735,31.89543727965163,0,20,16720,13.406553017140334,,,
monitor_only,837,0.9298245614035087,0.3951725244780129,0.8,0.0,4.793904115154439,30.058614721947336,0,20,16740,7.696069114063602,,,
monitor_only,838,0.9298245614035088,0.3995738912978398,0.8,0.0,2.842976627903417,28.107687234696314,0,20,16760,7.716581194027017,,,
monitor_only,839,0.9298245614035087,0.4041089619090412,0.8,0.0,4.712842889448914,29.97755349624181,0,20,16780,7.382494191390219,,,
monitor_only,840,0.9298245614035089,0.40852695155753727,0.8,0.0,3.449830742559745,28.71454134935264,0,20,16800,2.9568949002039213,,,
monitor_only,841,0.9298245614035088,0.41288254645577005,0.8,0.0,6.86062569668497,32.125336303477866,0,20,16820,13.634805555698142,,,
monitor_only,842,0.9298245614035089,0.41715709090265896,0.8,0.0,6.736460847082905,32.0011714538758,0,20,16840,13.852229665144995,,,
monitor_only,843,0.9298245614035087,0.42142069455084685,0.8,0.0,6.567888300551762,31.832598907344657,0,20,16860,13.658807467809346,,,
monitor_only,844,0.9298245614035088,0.42589303854594496,0.8,0.0,6.856916983533103,32.121627590326,0,20,16880,13.475130852140184,,,
monitor_only,845,0.9298245614035088,0.43017677614311123,0.8,0.0,3.420624886918759,28.685335493711655,0,20,16900,2.8239417466938024,,,
monitor_only,846,0.9298245614035088,0.43455613741708166,0.8,0.0,4.788723360048834,30.05343396684173,0,20,16920,7.733381322925671,,,
monitor_only,847,0.9298245614035087,0.4389368691580431,0.8,0.0,4.8272949180597875,30.092005524852684,0,20,16940,7.917009016759656,,,
monitor_only,848,0.9298245614035088,0.4433621780006437,0.8,0.0,3.3163296783103173,28.581040285103214,0,20,16960,3.4057997886689,,,
monitor_only,849,0.9298245614035088,0.44761920112628917,0.8,0.0,2.928680486384963,28.19339109317786,0,20,16980,7.157947370475072,,,
monitor_only,850,0.9298245614035087,0.4520297523853417,0.8,0.0,6.938064659058986,32.20277526585188,0,20,17000,12.715935113173055,,,
monitor_only,851,0.9298245614035088,0.4563725917294841,0.8,0.0,6.885543507542972,32.150254114335866,0,20,17020,14.004522844230243,,,
monitor_only,852,0.9298245614035087,0.4607818166932486,0.8,0.0,6.8693631491318765,32.134073755924774,0,20,17040,14.3296986826134,,,
monitor_only,853,0.9298245614035088,0.46503798647166983,0.8,0.0,4.822471601680908,30.087182208473806,0,20,17060,7.310147941787321,,,
monitor_only,854,0.9298245614035089,0.469179156912905,0.8,0.0,6.762138479842577,32.02684908663547,0,20,17080,13.608826323272847,,,
monitor_only,855,0.9298245614035088,0.4734433949451786,0.8,0.0,4.893755832650774,30.15846643944367,0,20,17100,7.586263412478861,,,
monitor_only,856,0.9298245614035087,0.4775904892083995,0.8,0.0,6.9889374949823,32.2536481017752,0,20,17120,13.923852899932692,,,
monitor_only,857,0.9298245614035087,0.4818884428260709,0.8,0.0,4.933342902604259,30.198053509397155,0,20,17140,7.170646924174731,,,
monitor_only,858,0.9298245614035089,0.4860292357309205,0.8,0.0,9.00676524176485,34.27147584855774,0,20,17160,13.42494189593407,,,
monitor_only,859,0.9298245614035089,0.49024936330075375,0.8,0.0,7.015207803907042,32.279918410699935,0,20,17180,13.917806739764302,,,
monitor_only,860,0.9298245614035088,0.4944128168834052,0.8,0.0,5.023671756487526,30.288382363280423,0,20,17200,7.569046459672814,,,
monitor_only,861,0.9298245614035088,0.49835296720299826,0.8,0.0,5.0414572127142305,30.306167819507127,0,20,17220,12.227387320317801,,,
monitor_only,862,0.9298245614035088,0.5027122651745148,0.8,0.0,4.950567226420712,30.21527783321361,0,20,17240,13.323453936227,,,
monitor_only,863,0.9298245614035088,0.5068513694110248,0.8,0.0,7.05805610929635,32.32276671608925,0,20,17260,13.573719507453376,,,
monitor_only,864,0.9298245614035088,0.5110677476073833,0.8,0.0,9.020392948715521,34.285103555508414,0,20,17280,14.17108080651279,,,
monitor_only,865,0.9298245614035088,0.515221450740448,0.8,0.0,6.975426965854581,32.24013757264748,0,20,17300,14.361311403932701,,,
monitor_only,866,0.9298245614035088,0.519612245244178,0.8,0.0,7.041524700164151,32.30623530695705,0,20,17320,14.33137703651349,,,
monitor_only,867,0.9298245614035088,0.5238694081552333,0.8,0.0,6.916104235588989,32.180814842381885,0,20,17340,13.669620842338942,,,
monitor_only,868,0.9298245614035088,0.5280507333844078,0.8,0.0,7.057602564424883,32.32231317121778,0,20,17360,13.947981931282268,,,
monitor_only,869,0.9298245614035088,0.5320540016839095,0.8,0.0,3.0658186096357554,28.33052921642865,0,20,17380,6.925706089135979,,,
monitor_only,870,0.9298245614035088,0.536178630613825,0.8,0.0,7.104794186195704,32.3695047929886,0,20,17400,13.154353819224813,,,
monitor_only,871,0.9298245614035088,0.5404123717802565,0.8,0.0,5.124988840175035,30.38969944696793,0,20,17420,14.021324643521616,,,
monitor_only,872,0.9298245614035088,0.5445026574742651,0.8,0.0,6.953364149416833,32.21807475620973,0,20,17440,13.817410949887519,,,
monitor_only,873,0.9298245614035088,0.5487642730391209,0.8,0.0,4.972793302338706,30.237503909131604,0,20,17460,7.182404181955064,,,
monitor_only,874,0.9298245614035088,0.5528372420824421,0.8,0.0,5.13754512975737,30.402255736550266,0,20,17480,12.871490947980465,,,
monitor_only,875,0.9298245614035088,0.5568886943407263,0.8,0.0,3.0204027317920654,28.28511333858496,0,20,17500,6.925229310367278,,,
monitor_only,876,0.9298245614035088,0.5609993725460158,0.8,0.0,4.938528815396808,30.203239422189704,0,20,17520,7.4014051282451225,,,
monitor_only,877,0.9298245614035088,0.5652343190232827,0.8,0.0,3.5750464652067633,28.83975707199966,0,20,17540,6.025438628836481,,,
monitor_only,878,0.9298245614035088,0.569243702352668,0.8,0.0,4.763322265354665,30.028032872147563,0,20,17560,7.193955478408921,,,
monitor_only,879,0.9298245614035088,0.5732011809440294,0.8,0.0,7.17751245862047,32.442223065413366,0,20,17580,13.911405884556183,,,
monitor_only,880,0.9298245614035088,0.5772947614003534,0.8,0.0,11.185895941190818,36.45060654798371,0,20,17600,21.442062182517493,,,
monitor_only,881,0.9298245614035088,0.5814560152597184,0.8,0.0,7.016532027143778,32.28124263393667,0,20,17620,14.393893729373668,,,
monitor_only,882,0.9298245614035088,0.5857328078428659,0.8,0.0,8.894806867461682,34.15951747425458,0,20,17640,14.795740192874064,,,
monitor_only,883,0.9298245614035088,0.5896273487546841,0.8,0.0,3.2150492876425574,28.479759894435453,0,20,17660,6.417305054394832,,,
monitor_only,884,0.9298245614035088,0.5934899337292889,0.8,0.0,5.090089249122609,30.354799855915505,0,20,17680,6.913886439295436,,,
monitor_only,885,0.9298245614035088,0.5974616975940557,0.8,0.0,5.080597071593047,30.345307678385943,0,20,17700,7.329098157068782,,,
monitor_only,886,0.9298245614035088,0.6015370539507383,0.8,0.0,9.088179947761054,34.35289055455395,0,20,17720,13.670881607773572,,,
monitor_only,887,0.9298245614035088,0.6055015805821411,0.8,0.0,3.5442015955933925,28.80891220238629,0,20,17740,5.824477104246688,,,
monitor_only,888,0.9298245614035088,0.6095536835217124,0.8,0.0,3.540983195949726,28.80569380274262,0,20,17760,5.51193206255993,,,
monitor_only,889,0.9298245614035088,0.6135944572854546,0.8,0.0,4.936759577772136,30.201470184565032,0,20,17780,7.529863914217767,,,
monitor_only,890,0.9298245614035088,0.6177263288402515,0.8,0.0,7.098446149263206,32.3631567560561,0,20,17800,14.334691332441247,,,
monitor_only,891,0.9298245614035088,0.6218857741692985,0.8,0.0,5.274766987950367,30.539477594743264,0,20,17820,7.689341328998719,,,
monitor_only,892,0.9298245614035088,0.6259107398913513,0.8,0.0,5.527486195686843,30.79219680247974,0,20,17840,5.77970546972602,,,
monitor_only,893,0.9298245614035088,0.6297991754625045,0.8,0.0,3.524348515018687,28.789059121811583,0,20,17860,6.04307887659946,,,
monitor_only,894,0.9298245614035088,0.6338930935754945,0.8,0.0,6.9664102325316435,32.23112083932454,0,20,17880,13.832656352920193,,,
monitor_only,895,0.9298245614035088,0.6378114247100135,0.8,0.0,11.247526276685752,36.51223688347865,0,20,17900,20.749441173920065,,,
monitor_only,896,0.9298245614035088,0.6417968513222949,0.8,0.0,5.054099357716666,30.318809964509562,0,20,17920,7.452969825478275,,,
monitor_only,897,0.9298245614035088,0.6457028217026559,0.8,0.0,7.2285824916860975,32.49329309847899,0,20,17940,12.534760416491084,,,
monitor_only,898,0.9298245614035088,0.649551201828632,0.8,0.0,9.331297891602429,34.59600849839532,0,20,17960,13.31677129853093,,,
monitor_only,899,0.9298245614035088,0.6534670501737507,0.8,0.0,8.876664792301863,34.141375399094755,0,20,17980,12.264323823394179,,,
monitor_only,900,0.9298245614035088,0.6575465586219509,0.8,0.0,7.286794001753094,32.55150460854599,0,20,18000,13.879885946686285,,,
monitor_only,901,0.9298245614035088,0.6615337991600654,0.8,0.0,9.200463138129464,34.46517374492236,0,20,18020,13.210785694251696,,,
monitor_only,902,0.9298245614035088,0.6653502755342153,0.8,0.0,3.3756991772675824,28.640409784060477,0,20,18040,7.0632464897564535,,,
monitor_only,903,0.9298245614035088,0.6693588798937962,0.8,0.0,3.3327794200852168,28.597490026878113,0,20,18060,7.233604430500928,,,
monitor_only,904,0.9298245614035088,0.6736499819039521,0.8,0.0,3.342887650510041,28.607598257302936,0,20,18080,8.180552465346826,,,
monitor_only,905,0.9298245614035088,0.6775844311675656,0.8,0.0,5.351113632141278,30.615824238934174,0,20,18100,7.235189710856498,,,
monitor_only,906,0.9298245614035088,0.6817245353565611,0.8,0.0,3.3564132420588066,28.621123848851703,0,20,18120,7.5971149938991465,,,
monitor_only,907,0.9298245614035088,0.685724795071488,0.8,0.0,3.416080649660671,28.680791256453567,0,20,18140,7.459334720950702,,,
monitor_only,908,0.9298245614035088,0.6896672049126569,0.8,0.0,3.478864530590613,28.74357513738351,0,20,18160,6.446829015819894,,,
monitor_only,909,0.9298245614035088,0.6935972630406759,0.8,0.0,5.218661427596866,30.483372034389763,0,20,18180,7.122013320298288,,,
monitor_only,910,0.9298245614035088,0.6975229230443136,0.8,0.0,5.439826105028753,30.70453671182165,0,20,18200,7.2077471447094235,,,
monitor_only,911,0.9298245614035088,0.7013260576096296,0.8,0.0,8.529940343821636,33.79465095061453,0,20,18220,13.677392108216027,,,
monitor_only,912,0.9298245614035088,0.7051980450516215,0.8,0.0,5.28034237979341,30.545052986586306,0,20,18240,7.301156933701353,,,
monitor_only,913,0.9298245614035088,0.7090358227473856,0.8,0.0,5.264345643627356,30.529056250420254,0,20,18260,7.499484652591564,,,
monitor_only,914,0.9298245614035088,0.7132188464374039,0.8,0.0,7.295169183283292,32.55987979007619,0,20,18280,14.283053842622806,,,
monitor_only,915,0.9298245614035088,0.7171197054277354,0.8,0.0,3.4631212225158,28.727831829308695,0,20,18300,6.546583277962144,,,
monitor_only,916,0.9298245614035088,0.7208886881282619,0.8,0.0,4.814031342435973,30.07874194922887,0,20,18320,2.582060856641584,,,
monitor_only,917,0.9298245614035088,0.7245377328523328,0.8,0.0,5.47839291508789,30.743103521880787,0,20,18340,7.269082743003304,,,
monitor_only,918,0.9298245614035088,0.728412476114616,0.8,0.0,3.4499469198073505,28.714657526600245,0,20,18360,6.041727085445953,,,
monitor_only,919,0.9298245614035088,0.7323067594964876,0.8,0.0,3.5094565311766246,28.77416713796952,0,20,18380,6.424646861669884,,,
monitor_only,920,0.9298245614035088,0.7360907743141196,0.8,0.0,5.4632335058875015,30.727944112680397,0,20,18400,7.35549252215124,,,
monitor_only,921,0.9298245614035088,0.7399608717504711,0.8,0.0,7.524813127575575,32.78952373436847,0,20,18420,13.753224376813487,,,
monitor_only,922,0.9298245614035088,0.7436907930914838,0.8,0.0,3.432753370070145,28.69746397686304,0,20,18440,7.389022409509454,,,
monitor_only,923,0.9298245614035088,0.7474917596966073,0.8,0.0,9.360523253081018,34.625233859873916,0,20,18460,13.875722381052288,,,
monitor_only,924,0.9298245614035088,0.7514125744502576,0.8,0.0,7.322945204672351,32.58765581146525,0,20,18480,14.635358389582464,,,
monitor_only,925,0.9298245614035088,0.7553113140766323,0.8,0.0,5.393637435679466,30.658348042472362,0,20,18500,7.840576365446884,,,
monitor_only,926,0.9298245614035088,0.7589601274424502,0.8,0.0,4.574751469283219,29.839462076076117,0,20,18520,7.174390076879885,,,
monitor_only,927,0.9298245614035088,0.7626369126550803,0.8,0.0,5.5548414090283895,30.819552015821287,0,20,18540,12.669618426831509,,,
monitor_only,928,0.9298245614035088,0.7666711263232509,0.8,0.0,7.577905404257498,32.842616011050396,0,20,18560,14.706768281917274,,,
monitor_only,929,0.9298245614035088,0.7706175401324338,0.8,0.0,7.358011192145,32.622721798937896,0,20,18580,14.210233875663521,,,
monitor_only,930,0.9298245614035088,0.7743148586853752,0.8,0.0,7.515833236961575,32.78054384375447,0,20,18600,13.70800467025928,,,
monitor_only,931,0.9298245614035088,0.7780736887381126,0.8,0.0,2.8185786323760453,28.08328923916894,0,20,18620,2.900640385663256,,,
monitor_only,932,0.9298245614035088,0.7821330726411375,0.8,0.0,4.951012206208816,30.21572281300171,0,20,18640,2.969451260717839,,,
monitor_only,933,0.9298245614035088,0.7858659063710369,0.8,0.0,6.704046575178495,31.96875718197139,0,20,18660,1.3163671448789285,,,
monitor_only,934,0.9298245614035088,0.7897954939207648,0.8,0.0,2.9404656978762964,28.20517630466919,0,20,18680,3.074561496606141,,,
monitor_only,935,0.9298245614035088,0.7935576036173055,0.8,0.0,7.4476262593928295,32.71233686618572,0,20,18700,13.660435437102105,,,
monitor_only,936,0.9298245614035088,0.7969823955655293,0.8,0.0,5.208887183916508,30.473597790709405,0,20,18720,6.759562573440474,,,
monitor_only,937,0.9298245614035088,0.8007797620451711,0.8,0.0,5.633863808836661,30.898574415629557,0,20,18740,13.706321193552748,,,
monitor_only,938,0.9298245614035088,0.8046723600004833,0.8,0.0,3.597759529532709,28.862470136325605,0,20,18760,6.295578943648874,,,
monitor_only,939,0.9298245614035088,0.8083951771780147,0.8,0.0,5.333255416927235,30.597966023720133,0,20,18780,7.5470633801620215,,,
monitor_only,940,0.9298245614035088,0.8120278254814224,0.8,0.0,7.089745835388328,32.354456442181224,0,20,18800,7.202229031253729,,,
monitor_only,941,0.9298245614035088,0.815760391117611,0.8,0.0,5.5083053238157245,30.773015930608622,0,20,18820,7.262000248149674,,,
monitor_only,942,0.9298245614035088,0.8192641825789748,0.8,0.0,5.6699927231848815,30.93470332997778,0,20,18840,7.147461483575113,,,
monitor_only,943,0.9298245614035088,0.8232705685168706,0.8,0.0,5.58544389064385,30.850154497436748,0,20,18860,7.996258626571725,,,
monitor_only,944,0.9298245614035088,0.8269149245962726,0.8,0.0,7.510980336612458,32.77569094340535,0,20,18880,13.547456029733361,,,
monitor_only,945,0.9298245614035088,0.8306988594076727,0.8,0.0,7.536101860800386,32.80081246759328,0,20,18900,14.205518110712502,,,
monitor_only,946,0.9298245614035088,0.8344019430768908,0.8,0.0,3.714029297762712,28.978739904555606,0,20,18920,7.591485373490084,,,
monitor_only,947,0.9298245614035088,0.8382688446342506,0.8,0.0,5.640044047726368,30.904754654519266,0,20,18940,7.886105454525667,,,
monitor_only,948,0.9298245614035088,0.8418192920047509,0.8,0.0,5.715447347335498,30.980157954128394,0,20,18960,7.366115137011027,,,
monitor_only,949,0.9298245614035088,0.8453624178979775,0.8,0.0,3.6812148305064816,28.945925437299376,0,20,18980,6.814698189623238,,,
monitor_only,950,0.9298245614035088,0.8490932835874287,0.8,0.0,7.68815962286188,32.95287022965478,0,20,19000,13.886537301924655,,,
monitor_only,951,0.9298245614035088,0.8527486697107467,0.8,0.0,7.144879786628451,32.40959039342135,0,20,19020,13.265537336438767,,,
monitor_only,952,0.9298245614035088,0.8562323569033021,0.8,0.0,3.6995138537364864,28.964224460529383,0,20,19040,6.388002900461558,,,
monitor_only,953,0.9298245614035088,0.8597815913137061,0.8,0.0,3.7506291833309056,29.0153397901238,0,20,19060,7.625009469154898,,,
monitor_only,954,0.9298245614035088,0.86341238231777,0.8,0.0,5.772194761574762,31.03690536836766,0,20,19080,13.821558800581833,,,
monitor_only,955,0.9298245614035088,0.8671178646425555,0.8,0.0,5.432572241732791,30.69728284852569,0,20,19100,7.582471768698589,,,
monitor_only,956,0.9298245614035088,0.8708024423696548,0.8,0.0,5.786867308232408,31.051577915025305,0,20,19120,13.815156620752179,,,
monitor_only,957,0.9298245614035088,0.8744421551747035,0.8,0.0,3.77647916799693,29.041189774789824,0,20,19140,6.621032432415424,,,
monitor_only,958,0.9298245614035088,0.8782489669939653,0.8,0.0,5.332999305945236,30.597709912738132,0,20,19160,6.478913001443342,,,
monitor_only,959,0.9298245614035088,0.8817346332259195,0.8,0.0,7.543888589252106,32.808599196045,0,20,19180,10.410734912160919,,,
monitor_only,960,0.9298245614035088,0.885166056719169,0.8,0.0,3.802082380960504,29.0667929877534,0,20,19200,6.669106787082936,,,
monitor_only,961,0.9298245614035088,0.8886145611371343,0.8,0.0,5.804969269636899,31.069679876429795,0,20,19220,12.878693747368079,,,
monitor_only,962,0.9298245614035088,0.8922865832919775,0.8,0.0,7.815799927166722,33.08051053395962,0,20,19240,13.428567002469157,,,
monitor_only,963,0.9298245614035088,0.8959073152205514,0.8,0.0,7.822847116217039,33.08755772300994,0,20,19260,13.357188643011822,,,
monitor_only,964,0.9298245614035088,0.8994280080951758,0.8,0.0,4.389955752510559,29.654666359303455,0,20,19280,2.4647491780686646,,,
monitor_only,965,0.9298245614035088,0.9031017104350199,0.8,0.0,5.766295475162337,31.031006081955233,0,20,19300,7.637935381726952,,,
monitor_only,966,0.9298245614035088,0.9069542315797026,0.8,0.0,5.601093337535872,30.865803944328768,0,20,19320,7.806405767371027,,,
monitor_only,967,0.9298245614035088,0.9104397560143169,0.8,0.0,5.37674810912525,30.641458715918148,0,20,19340,7.166561226848795,,,
monitor_only,968,0.9298245614035088,0.9141633540012204,0.8,0.0,5.760403329003149,31.025113935796046,0,20,19360,7.500187765486004,,,
monitor_only,969,0.9298245614035088,0.9178380195130622,0.8,0.0,3.3041582558666014,28.568868862659496,0,20,19380,5.861719560536391,,,
monitor_only,970,0.9298245614035088,0.9215688738975818,0.8,0.0,3.88830761797351,29.153018224766406,0,20,19400,7.679841436772814,,,
monitor_only,971,0.9298245614035088,0.9253156790233583,0.8,0.0,7.8347905855855515,33.09950119237845,0,20,19420,14.293772864241678,,,
monitor_only,972,0.9298245614035088,0.9290623070576753,0.8,0.0,5.701095641982382,30.96580624877528,0,20,19440,10.61439737525736,,,
monitor_only,973,0.9298245614035088,0.9326372884849676,0.8,0.0,5.894670158165051,31.159380764957948,0,20,19460,7.0701460331184185,,,
monitor_only,974,0.9298245614035088,0.9360569341082627,0.8,0.0,3.8300168722143253,29.094727479007222,0,20,19480,6.39976640437209,,,
monitor_only,975,0.9298245614035088,0.9395801789338025,0.8,0.0,5.836890068932045,31.101600675724942,0,20,19500,7.608326766368443,,,
monitor_only,976,0.9298245614035088,0.9431289932130904,0.8,0.0,5.80285455709884,31.067565163891736,0,20,19520,7.462504518386264,,,
monitor_only,977,0.9298245614035088,0.9466894493182236,0.8,0.0,7.878612949949684,33.14332355674258,0,20,19540,13.385944328720656,,,
monitor_only,978,0.9298245614035088,0.9504758185960294,0.8,0.0,7.5723490633356505,32.837059670128546,0,20,19560,9.28573132956435,,,
monitor_only,979,0.9298245614035088,0.9540550993756847,0.8,0.0,7.684679570254692,32.94939017704759,0,20,19580,13.758754596902566,,,
monitor_only,980,0.9298245614035088,0.9576457181451421,0.8,0.0,7.942668043857945,33.20737865065084,0,20,19600,13.871050184051573,,,
monitor_only,981,0.9298245614035088,0.9610240660566991,0.8,0.0,9.681687980696932,34.946398587489824,0,20,19620,13.77460428437816,,,
monitor_only,982,0.9298245614035088,0.964663611819065,0.8,0.0,7.787037634461171,33.05174824125407,0,20,19640,14.522629278308653,,,
monitor_only,983,0.9298245614035088,0.9684092950741265,0.8,0.0,7.265474575705848,32.53018518249874,0,20,19660,6.285096364299608,,,
monitor_only,984,0.9298245614035088,0.9719322612557406,0.8,0.0,8.737629667000515,34.00234027379341,0,20,19680,14.05188089848032,,,
monitor_only,985,0.9298245614035088,0.975280114701675,0.8,0.0,3.3087409916043953,28.57345159839729,0,20,19700,6.540400333384686,,,
monitor_only,986,0.9298245614035088,0.9787608508302286,0.8,0.0,4.742312232161036,30.007022838953933,0,20,19720,7.189228638258533,,,
monitor_only,987,0.9298245614035088,0.9824071318526495,0.8,0.0,5.993086051429941,31.257796658222837,0,20,19740,7.71560050538799,,,
monitor_only,988,0.9298245614035088,0.9859364590018453,0.8,0.0,8.017445842652554,33.28215644944545,0,20,19760,13.976008608555238,,,
monitor_only,989,0.9298245614035088,0.9895015852097608,0.8,0.0,7.81336429745276,33.07807490424565,0,20,19780,14.054077482046711,,,
monitor_only,990,0.9298245614035088,0.9931921410675117,0.8,0.0,5.940506866408176,31.205217473201074,0,20,19800,8.029536543108295,,,
monitor_only,991,0.9298245614035088,0.9963562996341462,0.8,0.0,7.504351002288369,32.76906160908126,0,20,19820,7.410004257846783,,,
monitor_only,992,0.9298245614035088,0.9996131040699969,0.8,0.0,5.980904708115418,31.245615314908314,0,20,19840,7.0002225526611,,,
monitor_only,993,0.9298245614035088,1.0028809775165441,0.8,0.0,8.034822717027055,33.29953332381995,0,20,19860,13.108005311493601,,,
monitor_only,994,0.9298245614035088,1.0062539360793294,0.8,0.0,2.7632314555356174,28.027942062328513,0,20,19880,2.914922246105407,,,
monitor_only,995,0.9298245614035088,1.0097728182643173,0.8,0.0,10.00034259894638,35.26505320573928,0,20,19900,14.300429045702383,,,
monitor_only,996,0.9298245614035088,1.0133913535718062,0.8,0.0,8.007326174825948,33.272036781618844,0,20,19920,14.344361785214279,,,
monitor_only,997,0.9298245614035088,1.0167595261266607,0.8,0.0,5.956321007978242,31.22103161477114,0,20,19940,7.279226904506557,,,
monitor_only,998,0.9298245614035088,1.0203498904836927,0.8,0.0,5.892191225499914,31.15690183229281,0,20,19960,11.142719447507412,,,
monitor_only,999,0.9298245614035088,1.0238340846384861,0.8,0.0,2.625456655769843,27.890167262562738,0,20,19980,3.0349855049855807,,,
monitor_only,1000,0.9298245614035088,1.027464937920301,0.8,0.0,8.083406822600145,33.34811742939304,0,20,20000,14.218650782973151,,,
monitor_only,1001,0.9298245614035088,1.0309154062851305,0.8,0.0,3.5552923908394027,28.820002997632297,0,20,20020,6.107627381946356,,,
monitor_only,1002,0.9298245614035088,1.0340926830795254,0.8,0.0,8.097308903761967,33.36201951055486,0,20,20040,12.889492288692534,,,
monitor_only,1003,0.9298245614035088,1.0373943084047725,0.8,0.0,7.903840600084399,33.1685512068773,0,20,20060,13.849375171754259,,,
monitor_only,1004,0.9298245614035088,1.0410089077877849,0.8,0.0,4.1274201957569785,29.392130802549875,0,20,20080,7.685262348632208,,,
monitor_only,1005,0.9298245614035088,1.0444446235323113,0.8,0.0,3.2090474612204885,28.473758068013385,0,20,20100,5.759305117420831,,,
monitor_only,1006,0.9298245614035088,1.0479130672918753,0.8,0.0,6.120656701658239,31.385367308451137,0,20,20120,13.931338741279902,,,
monitor_only,1007,0.9298245614035088,1.0513281794275466,0.8,0.0,7.950228638115202,33.214939244908095,0,20,20140,13.856557038864922,,,
monitor_only,1008,0.9298245614035088,1.0547083212993396,0.8,0.0,6.251009157513749,31.515719764306645,0,20,20160,2.4177680711607987,,,
monitor_only,1009,0.9298245614035088,1.0576775874945794,0.8,0.0,5.850948684187074,31.11565929097997,0,20,20180,6.576911420641892,,,
monitor_only,1010,0.9298245614035088,1.0608602248060028,0.8,0.0,8.027815808681757,33.292526415474654,0,20,20200,11.83869472494623,,,
monitor_only,1011,0.9298245614035088,1.0642964608792431,0.8,0.0,6.174352028559346,31.439062635352244,0,20,20220,14.41143783551472,,,
monitor_only,1012,0.9298245614035088,1.0675888941744056,0.8,0.0,9.889124146525699,35.15383475331859,0,20,20240,14.182724008218335,,,
monitor_only,1013,0.9298245614035088,1.070901304061363,0.8,0.0,8.1720149618756,33.43672556866849,0,20,20260,13.911637628256182,,,
monitor_only,1014,0.9298245614035088,1.0743030476631377,0.8,0.0,8.054028184476655,33.31873879126955,0,20,20280,14.050699091874522,,,
monitor_only,1015,0.9298245614035088,1.0775217260160217,0.8,0.0,6.108698418261724,31.37340902505462,0,20,20300,6.9578034634358845,,,
monitor_only,1016,0.9298245614035088,1.080801377730899,0.8,0.0,6.141027655817387,31.405738262610285,0,20,20320,7.39459547796118,,,
monitor_only,1017,0.9298245614035088,1.0842435774646908,0.8,0.0,5.8190507521574855,31.083761358950383,0,20,20340,7.283775354043902,,,
monitor_only,1018,0.9298245614035088,1.0873299881596117,0.8,0.0,6.205128698293834,31.46983930508673,0,20,20360,6.938481771745839,,,
monitor_only,1019,0.9298245614035088,1.090731279262435,0.8,0.0,7.909617824824977,33.17432843161787,0,20,20380,9.91624084178342,,,
monitor_only,1020,0.9298245614035088,1.0941073205325613,0.8,0.0,7.937365726972985,33.20207633376588,0,20,20400,14.061443091591219,,,
monitor_only,1021,0.9298245614035088,1.0973346032740705,0.8,0.0,5.654463462325339,30.919174069118235,0,20,20420,7.159902998425723,,,
monitor_only,1022,0.9298245614035088,1.1006053258749746,0.8,0.0,8.184630183885892,33.44934079067879,0,20,20440,13.454019294741567,,,
monitor_only,1023,0.9298245614035088,1.1040447679749235,0.8,0.0,6.191138187623248,31.455848794416145,0,20,20460,13.112309482939091,,,
monitor_only,1024,0.9298245614035088,1.1073284859653232,0.8,0.0,6.193117585936724,31.45782819272962,0,20,20480,7.5622325263824495,,,
monitor_only,1025,0.9298245614035088,1.1107466160827253,0.8,0.0,4.205058116898499,29.469768723691395,0,20,20500,7.767385401556146,,,
monitor_only,1026,0.9298245614035088,1.113928723243036,0.8,0.0,6.2741248111128325,31.53883541790573,0,20,20520,7.57387703527719,,,
monitor_only,1027,0.9298245614035088,1.1171790669042567,0.8,0.0,6.14914242155218,31.413853028345077,0,20,20540,7.094847312456898,,,
monitor_only,1028,0.9298245614035088,1.120226796552701,0.8,0.0,10.286989712755789,35.55170031954869,0,20,20560,13.172339492554093,,,
monitor_only,1029,0.9298245614035088,1.1235629169744261,0.8,0.0,4.199063490627472,29.46377409742037,0,20,20580,6.335107026055883,,,
monitor_only,1030,0.9298245614035088,1.1271249339593907,0.8,0.0,3.9739605126286888,29.238671119421586,0,20,20600,4.596367205142328,,,
monitor_only,1031,0.9298245614035088,1.1303286044610557,0.8,0.0,8.079374190991947,33.344084797784845,0,20,20620,13.563559437331788,,,
monitor_only,1032,0.9298245614035088,1.1334337152385576,0.8,0.0,6.859562996464396,32.12427360325729,0,20,20640,13.428980215034326,,,
monitor_only,1033,0.9298245614035088,1.1366272180038874,0.8,0.0,4.186832653561889,29.451543260354786,0,20,20660,7.19486324992342,,,
monitor_only,1034,0.9298245614035088,1.1399405974614851,0.8,0.0,8.262657467609909,33.5273680744028,0,20,20680,13.702829651932454,,,
monitor_only,1035,0.9298245614035088,1.1432659546400152,0.8,0.0,4.312116829345693,29.57682743613859,0,20,20700,7.750705567439986,,,
monitor_only,1036,0.9298245614035088,1.1466339872242883,0.8,0.0,4.193489742955118,29.458200349748015,0,20,20720,6.592064382999352,,,
monitor_only,1037,0.9298245614035088,1.1500565148692872,0.8,0.0,7.5449224133438975,32.80963302013679,0,20,20740,14.093111607003593,,,
monitor_only,1038,0.9298245614035088,1.153359270844197,0.8,0.0,6.873443990150085,32.13815459694298,0,20,20760,7.371948854000845,,,
monitor_only,1039,0.9298245614035088,1.1568321574514677,0.8,0.0,6.025534587405446,31.29024519419834,0,20,20780,10.177883437350056,,,
monitor_only,1040,0.9298245614035088,1.1599865254615846,0.8,0.0,8.366295893850218,33.63100650064311,0,20,20800,13.583799132993315,,,
monitor_only,1041,0.9298245614035088,1.1630886199170118,0.8,0.0,6.437717439340153,31.70242804613305,0,20,20820,10.90386224935632,,,
monitor_only,1042,0.9298245614035088,1.1660766742415307,0.8,0.0,6.308384160102871,31.573094766895768,0,20,20840,7.0111770938281035,,,
monitor_only,1043,0.9298245614035088,1.1693608225032375,0.8,0.0,8.173010082674448,33.43772068946734,0,20,20860,14.067052293036886,,,
monitor_only,1044,0.9298245614035088,1.172405715085229,0.8,0.0,8.887635138406154,34.15234574519905,0,20,20880,7.025678454647481,,,
monitor_only,1045,0.9298245614035088,1.1758049936870212,0.8,0.0,9.973237345021744,35.23794795181464,0,20,20900,13.659102827409045,,,
monitor_only,1046,0.9298245614035088,1.1791001409905657,0.8,0.0,8.386342780856543,33.65105338764944,0,20,20920,13.265551448746358,,,
monitor_only,1047,0.9298245614035088,1.1822561023538973,0.8,0.0,6.389596069410194,31.654306676203092,0,20,20940,7.361120248550618,,,
monitor_only,1048,0.9298245614035088,1.1855974444580284,0.8,0.0,8.395906056218603,33.660616663011496,0,20,20960,13.997195163136984,,,
monitor_only,1049,0.9298245614035088,1.1886461195393465,0.8,0.0,6.899606723889823,32.16431733068272,0,20,20980,13.745647416632204,,,
monitor_only,1050,0.9298245614035088,1.1916712311102933,0.8,0.0,4.358456982463016,29.623167589255914,0,20,21000,7.146346108363162,,,
monitor_only,1051,0.9298245614035088,1.1947367263405442,0.8,0.0,4.199606480782071,29.46431708757497,0,20,21020,5.937076946537427,,,
monitor_only,1052,0.9298245614035088,1.1979067923042066,0.8,0.0,4.341833546089333,29.60654415288223,0,20,21040,6.491354236823369,,,
monitor_only,1053,0.9298245614035088,1.2010132697027844,0.8,0.0,6.014669471019451,31.27938007781235,0,20,21060,7.043471407471937,,,
monitor_only,1054,0.9298245614035088,1.2043128663162428,0.8,0.0,8.436801685320082,33.70151229211298,0,20,21080,15.001589530422693,,,
monitor_only,1055,0.9298245614035088,1.2075004577405928,0.8,0.0,4.4612573115798195,29.725967918372717,0,20,21100,6.742555769800931,,,
monitor_only,1056,0.9298245614035088,1.2105784352993607,0.8,0.0,10.916362312473876,36.18107291926677,0,20,21120,13.778558673488538,,,
monitor_only,1057,0.9298245614035088,1.2137873353620516,0.8,0.0,8.453958537092111,33.71866914388501,0,20,21140,14.651825115037738,,,
monitor_only,1058,0.9298245614035088,1.2169467047458904,0.8,0.0,5.634236298163842,30.898946904956738,0,20,21160,7.687626335162091,,,
monitor_only,1059,0.9298245614035088,1.2200795938784526,0.8,0.0,5.075967006204678,30.340677612997574,0,20,21180,6.49737690919866,,,
monitor_only,1060,0.9298245614035088,1.2231485512590974,0.8,0.0,5.073322766136718,30.338033372929615,0,20,21200,6.126431052049389,,,
monitor_only,1061,0.9298245614035088,1.22639085825162,0.8,0.0,4.427240495505582,29.69195110229848,0,20,21220,7.870051314437378,,,
monitor_only,1062,0.9298245614035088,1.229562468973975,0.8,0.0,6.505413295450543,31.77012390224344,0,20,21240,13.680545109401251,,,
monitor_only,1063,0.9298245614035088,1.2327853180372508,0.8,0.0,6.49166095322812,31.756371560021016,0,20,21260,7.61403260182799,,,
monitor_only,1064,0.9298245614035088,1.235949695101503,0.8,0.0,10.276686353761306,35.5413969605542,0,20,21280,13.890281944867766,,,
monitor_only,1065,0.9298245614035088,1.2392637184815587,0.8,0.0,6.504496699273545,31.76920730606644,0,20,21300,7.9815185705816,,,
monitor_only,1066,0.9298245614035088,1.2423458049161182,0.8,0.0,10.513395049390132,35.77810565618303,0,20,21320,20.223014706874466,,,
monitor_only,1067,0.9298245614035088,1.245588647758063,0.8,0.0,8.51927211229717,33.78398271909006,0,20,21340,14.165945430892664,,,
monitor_only,1068,0.9298245614035088,1.2487320877636898,0.8,0.0,6.524226141410547,31.788936748203444,0,20,21360,13.045945288260178,,,
monitor_only,1069,0.9298245614035088,1.2518435143168165,0.8,0.0,6.550095754474796,31.814806361267692,0,20,21380,13.133501109587096,,,
monitor_only,1070,0.9298245614035088,1.254984646184251,0.8,0.0,6.55631860758111,31.821029214374008,0,20,21400,7.6179179780927235,,,
monitor_only,1071,0.9298245614035088,1.2580395059230989,0.8,0.0,8.415843760097726,33.68055436689062,0,20,21420,11.816553832527164,,,
monitor_only,1072,0.9298245614035088,1.2612311680509103,0.8,0.0,6.500431562129355,31.765142168922253,0,20,21440,14.597672290418263,,,
monitor_only,1073,0.9298245614035088,1.2644333055018115,0.8,0.0,6.556130815556571,31.820841422349467,0,20,21460,7.3590737620529545,,,
monitor_only,1074,0.9298245614035088,1.2675429871971484,0.8,0.0,8.106235081420627,33.370945688213524,0,20,21480,13.937961267062297,,,
monitor_only,1075,0.9298245614035088,1.2706562407790682,0.8,0.0,8.360909199947553,33.625619806740445,0,20,21500,14.275280414795208,,,
monitor_only,1076,0.9298245614035088,1.2736421670687548,0.8,0.0,3.710743921897309,28.975454528690204,0,20,21520,2.8676644038487966,,,
monitor_only,1077,0.9298245614035088,1.2765000122667611,0.8,0.0,9.714654739764796,34.97936534655769,0,20,21540,13.57752667171093,,,
monitor_only,1078,0.9298245614035088,1.2796284127504423,0.8,0.0,6.1470435071530956,31.411754113945992,0,20,21560,7.612181324009636,,,
monitor_only,1079,0.9298245614035088,1.282912642457651,0.8,0.0,8.131407553049712,33.39611815984261,0,20,21580,14.609910038228733,,,
monitor_only,1080,0.9298245614035088,1.2861502725367744,0.8,0.0,4.544064220320365,29.80877482711326,0,20,21600,8.013580003565743,,,
monitor_only,1081,0.9298245614035088,1.2891498302369764,0.8,0.0,3.0235958821662243,28.28830648895912,0,20,21620,5.798092871330273,,,
monitor_only,1082,0.9298245614035088,1.2919415006406119,0.8,0.0,4.610194980925826,29.87490558771872,0,20,21640,7.050992028566322,,,
monitor_only,1083,0.9298245614035088,1.2950282865020093,0.8,0.0,4.260423975636817,29.525134582429715,0,20,21660,2.325814879594653,,,
monitor_only,1084,0.9298245614035088,1.2981217243557135,0.8,0.0,10.62216389563408,35.88687450242698,0,20,21680,14.212342551225303,,,
monitor_only,1085,0.9298245614035088,1.3011108655011732,0.8,0.0,6.336689077305854,31.60139968409875,0,20,21700,10.671304667961728,,,
monitor_only,1086,0.9298245614035088,1.303972423398928,0.8,0.0,6.584500558761874,31.84921116555477,0,20,21720,7.350707496927275,,,
monitor_only,1087,0.9298245614035088,1.3069377732878389,0.8,0.0,2.4290474652538783,27.693758072046773,0,20,21740,2.886503617007818,,,
monitor_only,1088,0.9298245614035088,1.3097541168544906,0.8,0.0,6.991146310254237,32.25585691704713,0,20,21760,12.966152569233309,,,
monitor_only,1089,0.9298245614035088,1.3132248055785134,0.8,0.0,3.81796550664357,29.082676113436467,0,20,21780,6.84443174211146,,,
monitor_only,1090,0.9298245614035088,1.316328945584733,0.8,0.0,6.5697172812139115,31.834427888006807,0,20,21800,7.654490210983948,,,
monitor_only,1091,0.9298245614035088,1.3192608559484846,0.8,0.0,8.61484437132314,33.87955497811603,0,20,21820,13.32231958329026,,,
monitor_only,1092,0.9298245614035088,1.3221818102905185,0.8,0.0,2.9994669587512135,28.26417756554411,0,20,21840,6.051564860391653,,,
monitor_only,1093,0.9298245614035088,1.3251017194645118,0.8,0.0,8.22270798559316,33.48741859238606,0,20,21860,9.99744355753011,,,
monitor_only,1094,0.9298245614035088,1.3281288472500925,0.8,0.0,6.683089925501994,31.94780053229489,0,20,21880,7.499831040232315,,,
monitor_only,1095,0.9298245614035088,1.3310057426853834,0.8,0.0,8.55593179801133,33.820642404804225,0,20,21900,13.420603156417409,,,
monitor_only,1096,0.9298245614035088,1.3339697209735848,0.8,0.0,4.33799032611565,29.602700932908547,0,20,21920,6.801416708921814,,,
monitor_only,1097,0.9298245614035088,1.3367957373763881,0.8,0.0,6.401098909912738,31.665809516705636,0,20,21940,6.990746143603879,,,
monitor_only,1098,0.9298245614035088,1.339550316920967,0.8,0.0,8.37543007108972,33.64014067788261,0,20,21960,13.479742017027153,,,
monitor_only,1099,0.9298245614035088,1.3423148515543077,0.8,0.0,8.709645502673691,33.974356109466584,0,20,21980,13.301861696615836,,,
monitor_only,1100,0.9298245614035088,1.3454045220381452,0.8,0.0,6.385357011179546,31.650067617972443,0,20,22000,8.027136943548841,,,
monitor_only,1101,0.9298245614035088,1.3482782852375366,0.8,0.0,4.723946173761912,29.98865678055481,0,20,22020,6.665402361968373,,,
monitor_only,1102,0.9298245614035088,1.351142211632643,0.8,0.0,6.729516937676105,31.994227544469002,0,20,22040,13.288993378885657,,,
monitor_only,1103,0.9298245614035088,1.3540029711670474,0.8,0.0,4.180766685168086,29.445477291960984,0,20,22060,2.681038725321421,,,
monitor_only,1104,0.9298245614035088,1.3567430740802895,0.8,0.0,8.503568496982819,33.76827910377571,0,20,22080,10.236309473907523,,,
monitor_only,1105,0.9298245614035088,1.3596123526250026,0.8,0.0,8.410522789484958,33.675233396277854,0,20,22100,10.023112428261326,,,
monitor_only,1106,0.9298245614035088,1.3624987339352728,0.8,0.0,6.609824980009762,31.874535586802658,0,20,22120,7.6931236702991335,,,
monitor_only,1107,0.9298245614035088,1.36552124586112,0.8,0.0,8.538944120659457,33.803654727452354,0,20,22140,11.075495575317342,,,
monitor_only,1108,0.9298245614035088,1.3684352861063804,0.8,0.0,8.76117804496971,34.02588865176261,0,20,22160,14.600871714910424,,,
monitor_only,1109,0.9298245614035088,1.371372339256799,0.8,0.0,10.713741662416396,35.97845226920929,0,20,22180,14.420078581034828,,,
monitor_only,1110,0.9298245614035088,1.3742613028110624,0.8,0.0,8.640055280416163,33.90476588720906,0,20,22200,11.620102161266775,,,
monitor_only,1111,0.9298245614035088,1.3772513390610654,0.8,0.0,6.289449661362218,31.554160268155115,0,20,22220,9.204855291811812,,,
monitor_only,1112,0.9298245614035088,1.3799711338918195,0.8,0.0,8.567531527097193,33.83224213389009,0,20,22240,12.880816885491502,,,
monitor_only,1113,0.9298245614035088,1.3827128944433438,0.8,0.0,14.65033856898458,39.915049175777476,0,20,22260,29.351567875868938,,,
monitor_only,1114,0.9298245614035088,1.3855381799102797,0.8,0.0,8.74139168391101,34.00610229070391,0,20,22280,13.546487741712722,,,
monitor_only,1115,0.9298245614035088,1.3885620035564428,0.8,0.0,8.563284038889,33.8279946456819,0,20,22300,14.300891610153142,,,
monitor_only,1116,0.9298245614035088,1.3913407188647022,0.8,0.0,6.807379984639965,32.07209059143286,0,20,22320,7.126645081005828,,,
monitor_only,1117,0.9298245614035088,1.3942419039102727,0.8,0.0,4.678488447656643,29.94319905444954,0,20,22340,6.356896925790053,,,
monitor_only,1118,0.9298245614035088,1.3972210477446627,0.8,0.0,4.945024435478066,30.209735042270964,0,20,22360,6.497915814586083,,,
monitor_only,1119,0.9298245614035088,1.4000120085415484,0.8,0.0,4.824214878779003,30.0889254855719,0,20,22380,6.867741916742371,,,
monitor_only,1120,0.9298245614035088,1.4029449927163433,0.8,0.0,6.834412277337,32.0991228841299,0,20,22400,14.52037432259923,,,
monitor_only,1121,0.9298245614035088,1.4057063303254445,0.8,0.0,6.858521564380075,32.12323217117297,0,20,22420,7.057419411585162,,,
monitor_only,1122,0.9298245614035088,1.4085805546272099,0.8,0.0,8.79016870009309,34.05487930688599,0,20,22440,14.013986506329612,,,
monitor_only,1123,0.9298245614035088,1.41118885431967,0.8,0.0,6.847456181374507,32.1121667881674,0,20,22460,6.769904009622832,,,
monitor_only,1124,0.9298245614035088,1.4140498299290571,0.8,0.0,2.932360759387886,28.197071366180783,0,20,22480,6.519777842873445,,,
monitor_only,1125,0.9298245614035088,1.4169217861114702,0.8,0.0,6.548488185304109,31.813198792097005,0,20,22500,7.475247964255809,,,
monitor_only,1126,0.9298245614035088,1.4196165379088541,0.8,0.0,10.864306572027544,36.12901717882044,0,20,22520,21.976025182537786,,,
monitor_only,1127,0.9298245614035088,1.4224072404219228,0.8,0.0,2.870513945934287,28.135224552727184,0,20,22540,3.1316956236549567,,,
monitor_only,1128,0.9298245614035088,1.4252523291753574,0.8,0.0,10.391236852807804,35.6559474596007,0,20,22560,14.148692432576627,,,
monitor_only,1129,0.9298245614035088,1.4279444610876701,0.8,0.0,8.534111599063294,33.79882220585619,0,20,22580,13.404220699234955,,,
monitor_only,1130,0.9298245614035088,1.4309635281006032,0.8,0.0,4.890779907248847,30.155490514041745,0,20,22600,7.827725154031212,,,
monitor_only,1131,0.9298245614035088,1.433747211152095,0.8,0.0,5.927281495122733,31.19199210191563,0,20,22620,7.6441851934422615,,,
monitor_only,1132,0.9298245614035088,1.4364555045325897,0.8,0.0,10.675688077317698,35.94039868411059,0,20,22640,19.029033655795395,,,
monitor_only,1133,0.9298245614035088,1.4392487541666845,0.8,0.0,8.395712105423362,33.66042271221626,0,20,22660,13.901112397759176,,,
monitor_only,1134,0.9298245614035088,1.4419539208761922,0.8,0.0,4.400322889402068,29.665033496194965,0,20,22680,6.061747384204114,,,
monitor_only,1135,0.9298245614035088,1.4449076773811205,0.8,0.0,8.669038151441935,33.93374875823483,0,20,22700,12.25281412808947,,,
monitor_only,1136,0.9298245614035088,1.4478069394170616,0.8,0.0,12.540748009943172,37.80545861673607,0,20,22720,27.32043481862549,,,
monitor_only,1137,0.9298245614035088,1.4504041556630816,0.8,0.0,4.903811400116922,30.168522006909818,0,20,22740,5.821812572743576,,,
monitor_only,1138,0.9298245614035088,1.4532469253511875,0.8,0.0,8.181112108205184,33.44582271499808,0,20,22760,14.097803876372287,,,
monitor_only,1139,0.9298245614035088,1.4561453125290484,0.8,0.0,8.555028865961088,33.81973947275398,0,20,22780,10.729450715937283,,,
monitor_only,1140,0.9298245614035088,1.4588950687437257,0.8,0.0,6.885775499210544,32.15048610600344,0,20,22800,13.779351106494207,,,
monitor_only,1141,0.9298245614035088,1.461632199276565,0.8,0.0,4.700457069340018,29.965167676132914,0,20,22820,7.478504188778898,,,
monitor_only,1142,0.9298245614035088,1.4640447550033964,0.8,0.0,6.9546856736568925,32.219396280449786,0,20,22840,12.89979141018303,,,
monitor_only,1143,0.9298245614035088,1.4668366173889777,0.8,0.0,6.4616009760777615,31.726311582870657,0,20,22860,7.5120217557220625,,,
monitor_only,1144,0.9298245614035088,1.469658757843751,0.8,0.0,4.466307379988924,29.731017986781822,0,20,22880,4.160296366150795,,,
monitor_only,1145,0.9298245614035088,1.4725973247246105,0.8,0.0,6.452568050294569,31.717278657087466,0,20,22900,7.9175666006157,,,
monitor_only,1146,0.9298245614035088,1.4754326938279492,0.8,0.0,6.980811808929275,32.24552241572217,0,20,22920,13.719860957560485,,,
monitor_only,1147,0.9298245614035088,1.4784902079225917,0.8,0.0,6.217986782247635,31.48269738904053,0,20,22940,7.729766925448889,,,
monitor_only,1148,0.9298245614035088,1.481262115029163,0.8,0.0,4.987673129732002,30.252383736524898,0,20,22960,7.277466876056235,,,
monitor_only,1149,0.9298245614035088,1.484057147839098,0.8,0.0,4.894164144022474,30.15887475081537,0,20,22980,6.4449515930973975,,,
monitor_only,1150,0.9298245614035088,1.486575569777916,0.8,0.0,9.997482653655538,35.262193260448434,0,20,23000,12.699135468972921,,,
monitor_only,1151,0.9298245614035088,1.4896771356088998,0.8,0.0,4.947891931246886,30.212602538039782,0,20,23020,6.589129928732354,,,
monitor_only,1152,0.9298245614035088,1.4925713283331767,0.8,0.0,7.0096235392865465,32.27433414607944,0,20,23040,7.7959692782185686,,,
monitor_only,1153,0.9298245614035088,1.4952333719647706,0.8,0.0,8.867064394792123,34.13177500158502,0,20,23060,13.140474971939435,,,
monitor_only,1154,0.9298245614035088,1.4977035870340363,0.8,0.0,9.02420443757895,34.28891504437185,0,20,23080,12.769449930256448,,,
monitor_only,1155,0.9298245614035088,1.500259641635625,0.8,0.0,4.966757534965231,30.23146814175813,0,20,23100,7.151828618117459,,,
monitor_only,1156,0.9298245614035088,1.5030456236736771,0.8,0.0,8.799810337563562,34.06452094435646,0,20,23120,13.808171860928809,,,
monitor_only,1157,0.9298245614035088,1.5054491810880861,0.8,0.0,8.98042071937084,34.24513132616374,0,20,23140,13.17953524214089,,,
monitor_only,1158,0.9298245614035088,1.5082630244700546,0.8,0.0,6.892295535718631,32.15700614251153,0,20,23160,7.80877886973338,,,
monitor_only,1159,0.9298245614035088,1.5108821183462078,0.8,0.0,10.718899387411133,35.98360999420403,0,20,23180,13.608257997784664,,,
monitor_only,1160,0.9298245614035088,1.5134135525906751,0.8,0.0,8.819858683506254,34.08456929029915,0,20,23200,13.254808538744077,,,
monitor_only,1161,0.9298245614035088,1.516152052363456,0.8,0.0,5.056821968121312,30.321532574914208,0,20,23220,6.634399674732493,,,
monitor_only,1162,0.9298245614035088,1.518792722773677,0.8,0.0,8.962756588747046,34.227467195539944,0,20,23240,12.24302309726003,,,
monitor_only,1163,0.9298245614035088,1.5216216487071754,0.8,0.0,10.671013422684155,35.93572402947705,0,20,23260,14.354282690444267,,,
monitor_only,1164,0.9298245614035088,1.5240857777449388,0.8,0.0,5.073165889479014,30.33787649627191,0,20,23280,6.753102016950365,,,
monitor_only,1165,0.9298245614035088,1.5266801621306165,0.8,0.0,8.051671716102646,33.31638232289554,0,20,23300,7.1638521610218,,,
monitor_only,1166,0.9298245614035088,1.5293782905008004,0.8,0.0,5.027566930404722,30.29227753719762,0,20,23320,6.357152939817119,,,
monitor_only,1167,0.9298245614035088,1.5318801417857724,0.8,0.0,5.032834527881581,30.29754513467448,0,20,23340,7.288159233904119,,,
monitor_only,1168,0.9298245614035088,1.5346781032760555,0.8,0.0,6.301664760722285,31.56637536751518,0,20,23360,7.7058777708671435,,,
monitor_only,1169,0.9298245614035088,1.5373614253930692,0.8,0.0,3.0995647282425884,28.364275335035483,0,20,23380,2.484340330307148,,,
monitor_only,1170,0.9298245614035088,1.5400064805277738,0.8,0.0,8.565699279662908,33.830409886455804,0,20,23400,13.580561400584449,,,
monitor_only,1171,0.9298245614035088,1.5425022176763565,0.8,0.0,7.0535056315835245,32.31821623837642,0,20,23420,6.8987900142539536,,,
monitor_only,1172,0.9298245614035088,1.5451618849669757,0.8,0.0,6.878095519216838,32.14280612600973,0,20,23440,7.6759876179687785,,,
monitor_only,1173,0.9298245614035088,1.5478405568043876,0.8,0.0,8.862191359761482,34.12690196655438,0,20,23460,14.29197677257872,,,
monitor_only,1174,0.9298245614035088,1.550533674286558,0.8,0.0,9.148312692556146,34.41302329934904,0,20,23480,13.935134411583455,,,
monitor_only,1175,0.9298245614035088,1.553257421267998,0.8,0.0,7.1299768490158995,32.39468745580879,0,20,23500,7.372993570028857,,,
monitor_only,1176,0.9298245614035088,1.5559336364027148,0.8,0.0,7.159146421483532,32.42385702827643,0,20,23520,13.852074650095707,,,
monitor_only,1177,0.9298245614035088,1.5586623045731358,0.8,0.0,7.140467728211206,32.4051783350041,0,20,23540,7.613068816859616,,,
monitor_only,1178,0.9298245614035088,1.5611532366137986,0.8,0.0,4.739849679042436,30.004560285835332,0,20,23560,4.884277298798809,,,
monitor_only,1179,0.9298245614035088,1.5636117351405237,0.8,0.0,4.8194700123984076,30.084180619191304,0,20,23580,7.09437477733977,,,
monitor_only,1180,0.9298245614035088,1.5661590982768774,0.8,0.0,7.17985504922846,32.444565656021354,0,20,23600,13.395138082598434,,,
monitor_only,1181,0.9298245614035088,1.5689461758175962,0.8,0.0,9.184949775501158,34.449660382294056,0,20,23620,14.19928366420315,,,
monitor_only,1182,0.9298245614035088,1.571473193218304,0.8,0.0,11.110345647105836,36.375056253898734,0,20,23640,13.315702860025514,,,
monitor_only,1183,0.9298245614035088,1.5737854649897935,0.8,0.0,6.911042841344397,32.17575344813729,0,20,23660,7.2466504343147315,,,
monitor_only,1184,0.9298245614035088,1.5762831553501224,0.8,0.0,8.837327851629198,34.10203845842209,0,20,23680,13.676496572843673,,,
monitor_only,1185,0.9298245614035088,1.5788524379829367,0.8,0.0,8.631525972959556,33.896236579752454,0,20,23700,12.79702300711005,,,
monitor_only,1186,0.9298245614035088,1.5813433090740154,0.8,0.0,9.125492262762691,34.39020286955559,0,20,23720,13.680106013333402,,,
monitor_only,1187,0.9298245614035088,1.5839676636862443,0.8,0.0,9.037317306678005,34.3020279134709,0,20,23740,13.65368329204472,,,
monitor_only,1188,0.9298245614035088,1.5865240317851736,0.8,0.0,3.2010953530740003,28.465805959866895,0,20,23760,3.0599362548439366,,,
monitor_only,1189,0.9298245614035088,1.5891633321328518,0.8,0.0,3.2065505562676817,28.47126116306058,0,20,23780,2.8905419406646113,,,
monitor_only,1190,0.9298245614035088,1.5916749499164309,0.8,0.0,11.148588973628648,36.413299580421544,0,20,23800,13.610498416308099,,,
monitor_only,1191,0.9298245614035088,1.594091242721974,0.8,0.0,5.213600118538579,30.478310725331475,0,20,23820,7.427951329371221,,,
monitor_only,1192,0.9298245614035088,1.5966771437675853,0.8,0.0,6.679391589182539,31.944102195975436,0,20,23840,7.537398846797854,,,
monitor_only,1193,0.9298245614035088,1.5994503054889238,0.8,0.0,7.245985866482367,32.51069647327526,0,20,23860,8.096614342081976,,,
monitor_only,1194,0.9298245614035088,1.6019619502557607,0.8,0.0,10.400514641969494,35.66522524876239,0,20,23880,22.46118524438528,,,
monitor_only,1195,0.9298245614035088,1.6044260661130283,0.8,0.0,9.079173682528108,34.343884289321004,0,20,23900,13.925247619247672,,,
monitor_only,1196,0.9298245614035088,1.6069327592718754,0.8,0.0,6.69681977003999,31.961530376832886,0,20,23920,7.475899995077914,,,
monitor_only,1197,0.9298245614035088,1.6094468900337684,0.8,0.0,5.266497097491083,30.53120770428398,0,20,23940,6.855803081743358,,,
monitor_only,1198,0.9298245614035088,1.611942979671818,0.8,0.0,9.14558868069624,34.41029928748914,0,20,23960,13.429775995132337,,,
monitor_only,1199,0.9298245614035088,1.6145810269315517,0.8,0.0,10.832772112901239,36.097482719694135,0,20,23980,14.012499770333125,,,
monitor_only,1200,0.9298245614035088,1.6171936250734664,0.8,0.0,8.69725435751813,33.96196496431102,0,20,24000,9.34419150030931,,,
monitor_only,1201,0.9298245614035088,1.619724270184267,0.8,0.0,6.84182497037682,32.106535577169716,0,20,24020,7.533373867864374,,,
monitor_only,1202,0.9298245614035088,1.6221991967494727,0.8,0.0,3.278717417980867,28.543428024773764,0,20,24040,3.980824413573273,,,
monitor_only,1203,0.9298245614035088,1.6246889948389789,0.8,0.0,7.2780832827417425,32.542793889534636,0,20,24060,13.626603484728427,,,
monitor_only,1204,0.9298245614035088,1.6274286722741074,0.8,0.0,8.888576955331473,34.15328756212437,0,20,24080,14.755982285608981,,,
monitor_only,1205,0.9298245614035088,1.6299728605473518,0.8,0.0,9.285334961566605,34.5500455683595,0,20,24100,14.17332600372594,,,
monitor_only,1206,0.9298245614035088,1.6323235903436328,0.8,0.0,9.312577300042147,34.57728790683504,0,20,24120,12.96940065173109,,,
monitor_only,1207,0.9298245614035088,1.6348986747982586,0.8,0.0,9.233467564004817,34.498178170797715,0,20,24140,14.276855299814066,,,
monitor_only,1208,0.9298245614035088,1.6373664270730084,0.8,0.0,7.052508534716632,32.317219141509526,0,20,24160,7.145216564943762,,,
monitor_only,1209,0.9298245614035088,1.6399699098792377,0.8,0.0,6.735388436693105,32.000099043486,0,20,24180,7.601221283468276,,,
monitor_only,1210,0.9298245614035088,1.6424193317769673,0.8,0.0,9.244852635861587,34.50956324265448,0,20,24200,14.235994861398163,,,
monitor_only,1211,0.9298245614035088,1.6450517613652285,0.8,0.0,6.210937794117892,31.47564840091079,0,20,24220,6.590490078869053,,,
monitor_only,1212,0.9298245614035088,1.6475147002343793,0.8,0.0,3.2581814948522,28.522892101645095,0,20,24240,2.7809823765188746,,,
monitor_only,1213,0.9298245614035088,1.6498142883984273,0.8,0.0,7.347660979416257,32.61237158620915,0,20,24260,13.13456664470717,,,
monitor_only,1214,0.9298245614035088,1.652082365082898,0.8,0.0,6.933660515608912,32.19837112240181,0,20,24280,7.229065897536993,,,
monitor_only,1215,0.9298245614035088,1.654576035157713,0.8,0.0,5.356796309113179,30.621506915906075,0,20,24300,7.7672804608960355,,,
monitor_only,1216,0.9298245614035088,1.6569716466448436,0.8,0.0,3.2741313634846847,28.53884197027758,0,20,24320,2.9461511862271803,,,
monitor_only,1217,0.9298245614035088,1.659270741157853,0.8,0.0,4.947067482922118,30.211778089715015,0,20,24340,5.104492540787191,,,
monitor_only,1218,0.9298245614035088,1.6617773344150633,0.8,0.0,7.34930413567137,32.61401474246426,0,20,24360,13.86033777377284,,,
monitor_only,1219,0.9298245614035088,1.664299270113385,0.8,0.0,8.95588098124449,34.22059158803739,0,20,24380,14.216039242772393,,,
monitor_only,1220,0.9298245614035088,1.6667724869339462,0.8,0.0,7.3812301191742336,32.64594072596713,0,20,24400,13.596256760382449,,,
monitor_only,1221,0.9298245614035088,1.6692880952799525,0.8,0.0,7.301397166406408,32.566107773199306,0,20,24420,13.924673102778458,,,
monitor_only,1222,0.9298245614035088,1.6717632265732398,0.8,0.0,5.373394936466791,30.638105543259687,0,20,24440,6.454673893658371,,,
monitor_only,1223,0.9298245614035088,1.67427060498023,0.8,0.0,3.74888536088046,29.013595967673357,0,20,24460,6.497891177700816,,,
monitor_only,1224,0.9298245614035088,1.6768241335170193,0.8,0.0,9.216915680366736,34.48162628715963,0,20,24480,14.036960288838658,,,
monitor_only,1225,0.9298245614035088,1.6792858472105092,0.8,0.0,8.258057521004124,33.52276812779702,0,20,24500,7.307912438472658,,,
monitor_only,1226,0.9298245614035088,1.6815922905217524,0.8,0.0,7.392353727832794,32.65706433462569,0,20,24520,12.940243582204143,,,
monitor_only,1227,0.9298245614035088,1.6839988989808459,0.8,0.0,7.32663151096593,32.59134211775883,0,20,24540,12.693858428968094,,,
monitor_only,1228,0.9298245614035088,1.6864520539263166,0.8,0.0,8.959612702497756,34.224323309290654,0,20,24560,9.255439800069526,,,
monitor_only,1229,0.9298245614035088,1.6887386135403466,0.8,0.0,5.239872204661728,30.504582811454625,0,20,24580,7.266468366409838,,,
monitor_only,1230,0.9298245614035088,1.6911034890311838,0.8,0.0,11.002662635793286,36.26737324258618,0,20,24600,13.67031039848859,,,
monitor_only,1231,0.9298245614035088,1.6936990199202449,0.8,0.0,10.27653798400517,35.54124859079806,0,20,24620,14.006571926727824,,,
monitor_only,1232,0.9298245614035088,1.6961596115054138,0.8,0.0,7.420417489026931,32.68512809581983,0,20,24640,14.307157669258572,,,
monitor_only,1233,0.9298245614035088,1.6984316528465977,0.8,0.0,11.444950801958006,36.709661408750904,0,20,24660,13.528282031911852,,,
monitor_only,1234,0.9298245614035088,1.700912231753284,0.8,0.0,9.430018584572888,34.69472919136578,0,20,24680,13.510497335424155,,,
monitor_only,1235,0.9298245614035088,1.703442142327199,0.8,0.0,7.434681282480066,32.69939188927296,0,20,24700,14.191787396599054,,,
monitor_only,1236,0.9298245614035088,1.7056450877333227,0.8,0.0,5.4595158636016095,30.724226470394505,0,20,24720,6.307451831738731,,,
monitor_only,1237,0.9298245614035088,1.7079323436400096,0.8,0.0,5.276587332278193,30.54129793907109,0,20,24740,7.537664881018825,,,
monitor_only,1238,0.9298245614035088,1.7103394888022707,0.8,0.0,6.563342268369183,31.82805287516208,0,20,24760,7.587279478300318,,,
monitor_only,1239,0.9298245614035088,1.712578836738346,0.8,0.0,5.473310556551875,30.738021163344772,0,20,24780,6.682519908392104,,,
monitor_only,1240,0.9298245614035088,1.7151122907187866,0.8,0.0,8.863962146162597,34.128672752955495,0,20,24800,9.467760555720773,,,
monitor_only,1241,0.9298245614035088,1.717413374761606,0.8,0.0,5.01468356452809,30.279394171320988,0,20,24820,6.205069906378898,,,
monitor_only,1242,0.9298245614035088,1.7197603776356278,0.8,0.0,9.298867754830553,34.56357836162345,0,20,24840,12.017904075810375,,,
monitor_only,1243,0.9298245614035088,1.721906074661933,0.8,0.0,5.466476661520498,30.731187268313395,0,20,24860,7.145143086204933,,,
monitor_only,1244,0.9298245614035088,1.7243215877035472,0.8,0.0,7.407341734661183,32.672052341454076,0,20,24880,7.233426121344789,,,
monitor_only,1245,0.9298245614035088,1.7266739043245745,0.8,0.0,7.220958629064475,32.48566923585737,0,20,24900,7.532388306786696,,,
monitor_only,1246,0.9298245614035088,1.7290633400535353,0.8,0.0,5.484503119093158,30.749213725886055,0,20,24920,7.021966429325782,,,
monitor_only,1247,0.9298245614035088,1.7314035685575317,0.8,0.0,7.421720911877401,32.6864315186703,0,20,24940,7.299603493642087,,,
monitor_only,1248,0.9298245614035088,1.7337815689221132,0.8,0.0,9.426428028881446,34.69113863567434,0,20,24960,12.439177610341726,,,
monitor_only,1249,0.9298245614035088,1.735898887639818,0.8,0.0,5.047901494285725,30.31261210107862,0,20,24980,6.380706963372563,,,
monitor_only,1250,0.9298245614035088,1.738087037347438,0.8,0.0,9.217828468708452,34.48253907550135,0,20,25000,14.206497673804574,,,
monitor_only,1251,0.9298245614035088,1.740441314109866,0.8,0.0,5.510574205348652,30.77528481214155,0,20,25020,6.4454711033722285,,,
monitor_only,1252,0.9298245614035088,1.7428161823223582,0.8,0.0,5.655653942174203,30.9203645489671,0,20,25040,10.760625294399373,,,
monitor_only,1253,0.9298245614035088,1.7454379307237893,0.8,0.0,9.538263943591877,34.802974550384775,0,20,25060,13.757633234365128,,,
monitor_only,1254,0.9298245614035088,1.7480081466366528,0.8,0.0,5.518067403603861,30.782778010396758,0,20,25080,6.483558264952565,,,
monitor_only,1255,0.9298245614035088,1.7503910620413474,0.8,0.0,6.677770661420558,31.942481268213456,0,20,25100,6.121306581703174,,,
monitor_only,1256,0.9298245614035088,1.752590919792245,0.8,0.0,11.364133743218948,36.628844350011846,0,20,25120,13.498639886864321,,,
monitor_only,1257,0.9298245614035088,1.7549111626312193,0.8,0.0,6.946601673519505,32.2113122803124,0,20,25140,7.48831144977038,,,
monitor_only,1258,0.9298245614035088,1.757123477173476,0.8,0.0,8.363521310537106,33.62823191733,0,20,25160,13.214002954641082,,,
monitor_only,1259,0.9298245614035088,1.7593833548691482,0.8,0.0,5.541525451553374,30.806236058346272,0,20,25180,7.035771656020802,,,
monitor_only,1260,0.9298245614035088,1.7618512650052656,0.8,0.0,11.549868596560298,36.81457920335319,0,20,25200,13.738175092851185,,,
monitor_only,1261,0.9298245614035088,1.7641945851929266,0.8,0.0,9.550801703870397,34.815512310663294,0,20,25220,12.501144776619284,,,
monitor_only,1262,0.9298245614035088,1.7665887296237897,0.8,0.0,9.58102074933322,34.845731356126116,0,20,25240,13.702772424798956,,,
monitor_only,1263,0.9298245614035088,1.7687558703385988,0.8,0.0,3.3496506380496767,28.614361244842573,0,20,25260,5.115297216126314,,,
monitor_only,1264,0.9298245614035088,1.7710659893820597,0.8,0.0,5.590143319624303,30.8548539264172,0,20,25280,6.886668047846455,,,
monitor_only,1265,0.9298245614035088,1.7734191169660198,0.8,0.0,3.594763557711455,28.859474164504352,0,20,25300,6.276946866399411,,,
monitor_only,1266,0.9298245614035088,1.7756590598687418,0.8,0.0,7.508336192588938,32.77304679938183,0,20,25320,7.059924849219241,,,
monitor_only,1267,0.9298245614035088,1.7779662963950649,0.8,0.0,5.603949698684877,30.868660305477775,0,20,25340,7.16335326481674,,,
monitor_only,1268,0.9298245614035088,1.780432084312373,0.8,0.0,9.167366708015456,34.43207731480835,0,20,25360,14.290085908284368,,,
monitor_only,1269,0.9298245614035088,1.7827258509386719,0.8,0.0,9.211757684169774,34.47646829096267,0,20,25380,13.826119386479956,,,
monitor_only,1270,0.9298245614035088,1.7848028781652177,0.8,0.0,5.5990427855692815,30.863753392362177,0,20,25400,6.8897550027838275,,,
monitor_only,1271,0.9298245614035088,1.7870337309532205,0.8,0.0,5.596591397665899,30.861302004458796,0,20,25420,6.202551842684868,,,
monitor_only,1272,0.9298245614035088,1.7890602016418053,0.8,0.0,5.431538158417197,30.696248765210093,0,20,25440,6.3507829760230505,,,
monitor_only,1273,0.9298245614035088,1.7913714898133504,0.8,0.0,5.3171159950731335,30.58182660186603,0,20,25460,2.564595859560272,,,
monitor_only,1274,0.9298245614035088,1.793857531010141,0.8,0.0,5.608595983921229,30.873306590714126,0,20,25480,7.967774130477069,,,
monitor_only,1275,0.9298245614035088,1.7961941257184948,0.8,0.0,7.64034664096774,32.90505724776064,0,20,25500,7.341181465063656,,,
monitor_only,1276,0.9298245614035088,1.7984396693404368,0.8,0.0,4.643149928947234,29.90786053574013,0,20,25520,6.46560497191766,,,
monitor_only,1277,0.9298245614035088,1.8005786581073535,0.8,0.0,11.510902298719733,36.77561290551263,0,20,25540,13.748057046809162,,,
monitor_only,1278,0.9298245614035088,1.802981707062455,0.8,0.0,7.653788895161901,32.9184995019548,0,20,25560,7.575458481827262,,,
monitor_only,1279,0.9298245614035088,1.8052602991329432,0.8,0.0,7.014695170369502,32.279405777162395,0,20,25580,7.394599749862062,,,
monitor_only,1280,0.9298245614035088,1.8073510163083195,0.8,0.0,7.570066745369483,32.83477735216238,0,20,25600,6.929823863504487,,,
monitor_only,1281,0.9298245614035088,1.809691611725685,0.8,0.0,5.643499382721681,30.908209989514578,0,20,25620,7.665346931978594,,,
monitor_only,1282,0.9298245614035088,1.8118170000549816,0.8,0.0,9.580082071681773,34.84479267847467,0,20,25640,12.696631504247396,,,
monitor_only,1283,0.9298245614035088,1.8141311744944273,0.8,0.0,7.383475003321489,32.64818561011438,0,20,25660,7.693890414724291,,,
monitor_only,1284,0.9298245614035088,1.8164131324432786,0.8,0.0,7.361772530839138,32.626483137632036,0,20,25680,7.576373203457104,,,
monitor_only,1285,0.9298245614035088,1.8186643354544325,0.8,0.0,7.592195917195947,32.85690652398884,0,20,25700,14.15940320850424,,,
monitor_only,1286,0.9298245614035088,1.8208579668994915,0.8,0.0,9.39624390222851,34.66095450902141,0,20,25720,14.01194559435923,,,
monitor_only,1287,0.9298245614035088,1.8232885687069105,0.8,0.0,6.45201041689802,31.716721023690916,0,20,25740,8.42299606896025,,,
monitor_only,1288,0.9298245614035088,1.825479049813141,0.8,0.0,7.0649739379833445,32.32968454477624,0,20,25760,7.454790137587959,,,
monitor_only,1289,0.9298245614035088,1.8276098225659496,0.8,0.0,5.508190752845698,30.772901359638595,0,20,25780,6.845897520927959,,,
monitor_only,1290,0.9298245614035088,1.8296296432408845,0.8,0.0,7.512042998361798,32.776753605154695,0,20,25800,11.220687516818177,,,
monitor_only,1291,0.9298245614035088,1.8317460838364765,0.8,0.0,7.684692313642927,32.94940292043582,0,20,25820,7.48235247611993,,,
monitor_only,1292,0.9298245614035088,1.8338335657406504,0.8,0.0,5.577125057942567,30.841835664735463,0,20,25840,6.285558956785745,,,
monitor_only,1293,0.9298245614035088,1.8360653297065854,0.8,0.0,5.083080790496979,30.347791397289875,0,20,25860,4.305611058350805,,,
monitor_only,1294,0.9298245614035088,1.838313929451956,0.8,0.0,5.403696215344477,30.668406822137374,0,20,25880,5.391268936930151,,,
monitor_only,1295,0.9298245614035088,1.8404473513550579,0.8,0.0,3.7292594378512454,28.99397004464414,0,20,25900,2.7511515228252006,,,
monitor_only,1296,0.9298245614035088,1.842547969664704,0.8,0.0,7.71432538527506,32.979035992067956,0,20,25920,13.893011440205608,,,
monitor_only,1297,0.9298245614035088,1.844841254952491,0.8,0.0,11.598281536033332,36.86299214282623,0,20,25940,13.791109416891008,,,
monitor_only,1298,0.9298245614035088,1.8470210601228307,0.8,0.0,2.8988347096757634,28.16354531646866,0,20,25960,2.2636655720955483,,,
monitor_only,1299,0.9298245614035088,1.8494113865429853,0.8,0.0,9.291904040463427,34.556614647256325,0,20,25980,11.007274868459739,,,
monitor_only,1300,0.9298245614035088,1.8515312911831627,0.8,0.0,9.33607407616402,34.60078468295691,0,20,26000,10.364749300398893,,,
monitor_only,1301,0.9298245614035088,1.8536394977220738,0.8,0.0,7.733621058072989,32.99833166486589,0,20,26020,6.880331744032587,,,
monitor_only,1302,0.9298245614035088,1.85581180110224,0.8,0.0,11.099878991080535,36.36458959787343,0,20,26040,13.360970247009458,,,
monitor_only,1303,0.9298245614035088,1.8580328132638202,0.8,0.0,11.307321165130588,36.572031771923484,0,20,26060,14.208562176659804,,,
monitor_only,1304,0.9298245614035088,1.8601508341433004,0.8,0.0,6.596748709161299,31.861459315954196,0,20,26080,5.765320124210991,,,
monitor_only,1305,0.9298245614035088,1.862164758152727,0.8,0.0,7.125672358374686,32.39038296516758,0,20,26100,7.261537561975561,,,
monitor_only,1306,0.9298245614035088,1.864262027465666,0.8,0.0,4.59325620720108,29.857966813993976,0,20,26120,6.211370290230361,,,
monitor_only,1307,0.9298245614035088,1.8663543114541075,0.8,0.0,7.752880618827476,33.01759122562037,0,20,26140,13.969033692410363,,,
monitor_only,1308,0.9298245614035088,1.8684184388996001,0.8,0.0,7.4853685572069635,32.75007916399986,0,20,26160,7.4944236801429875,,,
monitor_only,1309,0.9298245614035088,1.870682677625146,0.8,0.0,5.485310763400359,30.750021370193256,0,20,26180,5.642234820901231,,,
monitor_only,1310,0.9298245614035088,1.872959082180506,0.8,0.0,7.333986119379006,32.5986967261719,0,20,26200,7.273527218262858,,,
monitor_only,1311,0.9298245614035088,1.8750876633684894,0.8,0.0,7.7038453533517295,32.96855596014463,0,20,26220,13.885496471181005,,,
monitor_only,1312,0.9298245614035088,1.8771309170220711,0.8,0.0,9.136042302914879,34.400752909707776,0,20,26240,13.627060520816656,,,
monitor_only,1313,0.9298245614035088,1.8791884781429677,0.8,0.0,9.778186208336972,35.042896815129865,0,20,26260,13.169753862418665,,,
monitor_only,1314,0.9298245614035088,1.8814647695427993,0.8,0.0,9.81100853523344,35.07571914202634,0,20,26280,14.417540998660977,,,
monitor_only,1315,0.9298245614035088,1.8836537725101394,0.8,0.0,11.815561118033127,37.08027172482602,0,20,26300,14.00092291477513,,,
monitor_only,1316,0.9298245614035088,1.8857091289071486,0.8,0.0,9.491728690624845,34.75643929741774,0,20,26320,13.820940023924575,,,
monitor_only,1317,0.9298245614035088,1.8879373287966492,0.8,0.0,11.31079638048315,36.57550698727604,0,20,26340,13.942045994011337,,,
monitor_only,1318,0.9298245614035088,1.8899822298919393,0.8,0.0,5.627575483533747,30.892286090326643,0,20,26360,11.734158865744405,,,
monitor_only,1319,0.9298245614035088,1.8917864514467049,0.8,0.0,9.503574607714427,34.76828521450732,0,20,26380,13.488921580419534,,,
monitor_only,1320,0.9298245614035088,1.8938973530324403,0.8,0.0,7.695241825690195,32.95995243248309,0,20,26400,13.603095646058945,,,
monitor_only,1321,0.9298245614035088,1.8960119188390319,0.8,0.0,3.8404262850121995,29.105136891805095,0,20,26420,6.380703381718304,,,
monitor_only,1322,0.9298245614035088,1.897971575553518,0.8,0.0,9.38035945256426,34.64507005935715,0,20,26440,10.104265114705214,,,
monitor_only,1323,0.9298245614035088,1.89999496617636,0.8,0.0,7.174877301389037,32.439587908181934,0,20,26460,8.924782782909682,,,
monitor_only,1324,0.9298245614035088,1.9019507118532435,0.8,0.0,9.833306357721389,35.09801696451429,0,20,26480,12.818532862558609,,,
monitor_only,1325,0.9298245614035088,1.9041322531472702,0.8,0.0,5.655395194495062,30.92010580128796,0,20,26500,6.245660717611284,,,
monitor_only,1326,0.9298245614035088,1.9063649452526026,0.8,0.0,7.767246446913987,33.03195705370688,0,20,26520,12.27699201179781,,,
monitor_only,1327,0.9298245614035088,1.9084908038364896,0.8,0.0,8.563143161692514,33.82785376848541,0,20,26540,14.273677708271773,,,
monitor_only,1328,0.9298245614035088,1.9104918071717425,0.8,0.0,5.774108265556303,31.0388188723492,0,20,26560,7.071005225351433,,,
monitor_only,1329,0.9298245614035088,1.9124815880908803,0.8,0.0,7.56858335246155,32.83329395925445,0,20,26580,7.399142106083156,,,
monitor_only,1330,0.9298245614035088,1.9143487188629067,0.8,0.0,9.572265527830648,34.83697613462354,0,20,26600,10.949112686122943,,,
monitor_only,1331,0.9298245614035088,1.9163177023745128,0.8,0.0,9.414397019456072,34.679107626248964,0,20,26620,13.504374501526902,,,
monitor_only,1332,0.9298245614035088,1.9183470087545975,0.8,0.0,7.885266983696511,33.14997759048941,0,20,26640,13.500932622125445,,,
monitor_only,1333,0.9298245614035088,1.9206258805338228,0.8,0.0,7.583463878126319,32.84817448491921,0,20,26660,7.736263915162827,,,
monitor_only,1334,0.9298245614035088,1.922835500764242,0.8,0.0,7.229012773174949,32.49372337996785,0,20,26680,8.040125827689671,,,
monitor_only,1335,0.9298245614035088,1.9246992358842163,0.8,0.0,3.4295737620929385,28.694284368885835,0,20,26700,4.970086149975855,,,
monitor_only,1336,0.9298245614035088,1.9266930854862865,0.8,0.0,13.47370297149837,38.738413578291265,0,20,26720,18.381472071227808,,,
monitor_only,1337,0.9298245614035088,1.9287537844418072,0.8,0.0,7.883225892919276,33.14793649971217,0,20,26740,7.481860186277792,,,
monitor_only,1338,0.9298245614035088,1.9310440683456414,0.8,0.0,7.910139147830932,33.17484975462383,0,20,26760,8.212631209955795,,,
monitor_only,1339,0.9298245614035088,1.9331764422853668,0.8,0.0,5.708977816900642,30.973688423693538,0,20,26780,7.482469000268835,,,
monitor_only,1340,0.9298245614035088,1.935360104114381,0.8,0.0,7.61222363936516,32.87693424615806,0,20,26800,7.742811705765204,,,
monitor_only,1341,0.9298245614035088,1.9376155048091335,0.8,0.0,3.8296221029721287,29.094332709765023,0,20,26820,3.330909790977053,,,
monitor_only,1342,0.9298245614035088,1.9396789674589312,0.8,0.0,3.724224475503206,28.988935082296102,0,20,26840,2.9128874195756906,,,
monitor_only,1343,0.9298245614035088,1.941736179849561,0.8,0.0,7.7900223016445125,33.05473290843741,0,20,26860,7.392278944719358,,,
monitor_only,1344,0.9298245614035088,1.9438480838213896,0.8,0.0,9.9081543651054,35.17286497189829,0,20,26880,13.99079503254687,,,
monitor_only,1345,0.9298245614035088,1.945807328414474,0.8,0.0,9.508790817376394,34.77350142416929,0,20,26900,10.488296887612504,,,
monitor_only,1346,0.9298245614035088,1.9479476358228045,0.8,0.0,7.41927057186634,32.68398117865924,0,20,26920,7.667092096538059,,,
monitor_only,1347,0.9298245614035088,1.9501117622577164,0.8,0.0,5.948526850592847,31.213237457385745,0,20,26940,7.755519727080171,,,
monitor_only,1348,0.9298245614035088,1.9521129543723699,0.8,0.0,5.427009592484637,30.691720199277533,0,20,26960,7.47310615671283,,,
monitor_only,1349,0.9298245614035088,1.9542391865557793,0.8,0.0,7.933810982640732,33.198521589433625,0,20,26980,7.3218682051279895,,,
monitor_only,1350,0.9298245614035088,1.9561579936149964,0.8,0.0,5.7527335980489624,31.01744420484186,0,20,27000,7.181457176825087,,,
monitor_only,1351,0.9298245614035088,1.958221755945831,0.8,0.0,7.9649475661775195,33.22965817297042,0,20,27020,14.047862459382,,,
monitor_only,1352,0.9298245614035088,1.9602988671153299,0.8,0.0,3.8740162319944225,29.138726838787317,0,20,27040,6.270905698887274,,,
monitor_only,1353,0.9298245614035088,1.962422741715763,0.8,0.0,7.973229313178081,33.23793991997098,0,20,27060,13.842239098161155,,,
monitor_only,1354,0.9298245614035088,1.9642794655392668,0.8,0.0,7.881701749276242,33.146412356069135,0,20,27080,7.194465587403153,,,
monitor_only,1355,0.9298245614035088,1.9663346020653727,0.8,0.0,9.885450135991505,35.1501607427844,0,20,27100,12.610130641285377,,,
monitor_only,1356,0.9298245614035088,1.9683490481119155,0.8,0.0,5.672285407632671,30.936996014425567,0,20,27120,7.22995918710197,,,
monitor_only,1357,0.9298245614035088,1.9705692264107533,0.8,0.0,11.989329675171046,37.25404028196394,0,20,27140,14.004170901807461,,,
monitor_only,1358,0.9298245614035088,1.9725538153839939,0.8,0.0,5.897196800800279,31.161907407593176,0,20,27160,7.204155059915667,,,
monitor_only,1359,0.9298245614035088,1.9746675333628538,0.8,0.0,5.977545748772097,31.242256355564994,0,20,27180,7.625412662487756,,,
monitor_only,1360,0.9298245614035088,1.9766817823774552,0.8,0.0,5.856231764718132,31.120942371511028,0,20,27200,5.912717980557371,,,
monitor_only,1361,0.9298245614035088,1.978659914256027,0.8,0.0,5.906560070211526,31.171270677004422,0,20,27220,6.329287181446758,,,
monitor_only,1362,0.9298245614035088,1.9807803667463013,0.8,0.0,9.986374652833092,35.25108525962599,0,20,27240,14.130148068054313,,,
monitor_only,1363,0.9298245614035088,1.982771685239933,0.8,0.0,6.663747604672305,31.928458211465202,0,20,27260,6.0840799970137835,,,
monitor_only,1364,0.9298245614035088,1.9848439005376444,0.8,0.0,6.018174949427173,31.28288555622007,0,20,27280,7.591866515678692,,,
monitor_only,1365,0.9298245614035088,1.9867384888069741,0.8,0.0,10.001019367541252,35.26572997433415,0,20,27300,13.49062784586456,,,
monitor_only,1366,0.9298245614035088,1.9886772105145527,0.8,0.0,5.926531143965121,31.191241750758017,0,20,27320,7.55915609822277,,,
monitor_only,1367,0.9298245614035088,1.9905700669707975,0.8,0.0,6.029985999976286,31.294696606769183,0,20,27340,6.889034307161478,,,
monitor_only,1368,0.9298245614035088,1.9928589889181867,0.8,0.0,9.345242359947104,34.609952966739996,0,20,27360,9.072441152964124,,,
monitor_only,1369,0.9298245614035088,1.994862713290013,0.8,0.0,6.680885169368291,31.945595776161188,0,20,27380,7.401777266552494,,,
monitor_only,1370,0.9298245614035088,1.9966518482738669,0.8,0.0,7.502862353357311,32.767572960150204,0,20,27400,7.098444941880914,,,
monitor_only,1371,0.9298245614035088,1.998521561038346,0.8,0.0,3.8323047872002767,29.09701539399317,0,20,27420,6.076615795079098,,,
monitor_only,1372,0.9298245614035088,2.000593515645572,0.8,0.0,4.4891552503795165,29.753865857172414,0,20,27440,6.522465752375924,,,
monitor_only,1373,0.9298245614035088,2.0024327201465546,0.8,0.0,7.71192630257057,32.976636909363464,0,20,27460,7.547294207858591,,,
monitor_only,1374,0.9298245614035088,2.0043569702798294,0.8,0.0,7.6139631351501675,32.87867374194306,0,20,27480,13.737013114545814,,,
monitor_only,1375,0.9298245614035088,2.006232589517249,0.8,0.0,10.696794457193922,35.96150506398682,0,20,27500,13.844412716107946,,,
monitor_only,1376,0.9298245614035088,2.008102349828981,0.8,0.0,8.044865477070669,33.30957608386356,0,20,27520,13.484526494869476,,,
monitor_only,1377,0.9298245614035088,2.0101970602331383,0.8,0.0,7.726289491422828,32.99100009821572,0,20,27540,7.860674131027425,,,
monitor_only,1378,0.9298245614035088,2.0120665568786196,0.8,0.0,9.924368878964742,35.18907948575764,0,20,27560,11.860729691020998,,,
monitor_only,1379,0.9298245614035088,2.0138265479562767,0.8,0.0,9.368050830734092,34.63276143752699,0,20,27580,13.192141683708373,,,
monitor_only,1380,0.9298245614035088,2.015882522559136,0.8,0.0,11.371087212305232,36.63579781909813,0,20,27600,14.349506337824264,,,
monitor_only,1381,0.9298245614035088,2.0178355421223513,0.8,0.0,9.986476770380175,35.25118737717307,0,20,27620,13.67859379644677,,,
monitor_only,1382,0.9298245614035088,2.0198052444898194,0.8,0.0,8.064549032931913,33.32925963972481,0,20,27640,12.55616253788843,,,
monitor_only,1383,0.9298245614035088,2.021614977923175,0.8,0.0,6.0922420679268425,31.35695267471974,0,20,27660,6.334028308258692,,,
monitor_only,1384,0.9298245614035088,2.0235913980197555,0.8,0.0,9.551157412005296,34.81586801879819,0,20,27680,14.121374729417811,,,
monitor_only,1385,0.9298245614035088,2.0258095015443898,0.8,0.0,9.779706365903849,35.044416972696744,0,20,27700,14.55364922367224,,,
monitor_only,1386,0.9298245614035088,2.027670212666462,0.8,0.0,12.005562327522057,37.27027293431495,0,20,27720,13.909160386775428,,,
monitor_only,1387,0.9298245614035088,2.0294472776864128,0.8,0.0,8.005808833078163,33.27051943987106,0,20,27740,7.025267828336204,,,
monitor_only,1388,0.9298245614035088,2.0316187178028473,0.8,0.0,7.6201816114970224,32.88489221828992,0,20,27760,7.876058049194593,,,
monitor_only,1389,0.9298245614035088,2.0332897265572436,0.8,0.0,6.095910559229196,31.360621166022092,0,20,27780,6.468222617052579,,,
monitor_only,1390,0.9298245614035088,2.0354499003217645,0.8,0.0,5.796816003455282,31.06152661024818,0,20,27800,5.45151939397626,,,
monitor_only,1391,0.9298245614035088,2.0373431293400834,0.8,0.0,7.77800500520281,33.0427156119957,0,20,27820,7.468267634913157,,,
monitor_only,1392,0.9298245614035088,2.0392245700179776,0.8,0.0,10.097391388043965,35.36210199483686,0,20,27840,14.18826174615345,,,
monitor_only,1393,0.9298245614035088,2.041141519643417,0.8,0.0,4.0325060564987325,29.29721666329163,0,20,27860,3.1316258530718097,,,
monitor_only,1394,0.9298245614035088,2.0429858624382637,0.8,0.0,6.134914618234006,31.399625225026902,0,20,27880,7.223298106334858,,,
monitor_only,1395,0.9298245614035088,2.0451408966287525,0.8,0.0,6.039975648859581,31.304686255652477,0,20,27900,8.084114178755472,,,
monitor_only,1396,0.9298245614035088,2.0470126702430775,0.8,0.0,7.647929760069777,32.912640366862675,0,20,27920,7.318918179005914,,,
monitor_only,1397,0.9298245614035088,2.049175696007379,0.8,0.0,7.822088825320938,33.086799432113835,0,20,27940,8.233278775123546,,,
monitor_only,1398,0.9298245614035088,2.050920447002027,0.8,0.0,11.93854601430644,37.203256621099335,0,20,27960,13.475829204791625,,,
monitor_only,1399,0.9298245614035088,2.0527945134593697,0.8,0.0,7.601785358942456,32.86649596573535,0,20,27980,7.413512169980623,,,
monitor_only,1400,0.9298245614035088,2.054616931540065,0.8,0.0,9.661887737945563,34.92659834473846,0,20,28000,10.244381729335934,,,
monitor_only,1401,0.9298245614035088,2.056721058787902,0.8,0.0,9.836278134762324,35.10098874155522,0,20,28020,14.639542565322024,,,
monitor_only,1402,0.9298245614035088,2.0583891891058395,0.8,0.0,12.13535830917067,37.400068915963566,0,20,28040,13.442877003171041,,,
monitor_only,1403,0.9298245614035088,2.0603389850407394,0.8,0.0,8.145434018339682,33.410144625132574,0,20,28060,7.401377766171669,,,
monitor_only,1404,0.9298245614035088,2.0623705939281214,0.8,0.0,12.074023638482839,37.33873424527573,0,20,28080,14.173543121160034,,,
monitor_only,1405,0.9298245614035088,2.064344922205236,0.8,0.0,8.073311263517553,33.33802187031045,0,20,28100,7.357110842984967,,,
monitor_only,1406,0.9298245614035088,2.065998523346976,0.8,0.0,6.149779309052216,31.414489915845113,0,20,28120,6.782257108637329,,,
monitor_only,1407,0.9298245614035088,2.0680258706000254,0.8,0.0,8.164939212928175,33.42964981972107,0,20,28140,14.362315505049443,,,
monitor_only,1408,0.9298245614035088,2.0696787613734378,0.8,0.0,10.089197532256929,35.35390813904982,0,20,28160,13.18557365073739,,,
monitor_only,1409,0.9298245614035088,2.0714665767729423,0.8,0.0,10.161122536983765,35.42583314377666,0,20,28180,13.79284063059796,,,
monitor_only,1410,0.9298245614035088,2.073318115606561,0.8,0.0,4.434003327323239,29.698713934116135,0,20,28200,5.821659014892631,,,
monitor_only,1411,0.9298245614035088,2.07529211087315,0.8,0.0,7.8510440851202175,33.11575469191311,0,20,28220,11.074903005152036,,,
monitor_only,1412,0.9298245614035088,2.0772231401930306,0.8,0.0,8.203215800693519,33.46792640748642,0,20,28240,14.105318677232313,,,
monitor_only,1413,0.9298245614035088,2.0789935958547403,0.8,0.0,5.705857594890631,30.970568201683527,0,20,28260,6.264861559595736,,,
monitor_only,1414,0.9298245614035088,2.080885442756112,0.8,0.0,5.991309205162831,31.256019811955728,0,20,28280,5.96797211812068,,,
monitor_only,1415,0.9298245614035088,2.0828218639621037,0.8,0.0,5.755432304722869,31.020142911515766,0,20,28300,11.229372242847372,,,
monitor_only,1416,0.9298245614035088,2.0844306375149735,0.8,0.0,8.063475586988414,33.328186193781306,0,20,28320,6.993014254425992,,,
monitor_only,1417,0.9298245614035088,2.0863379575993877,0.8,0.0,7.892896449994851,33.15760705678775,0,20,28340,10.657439123841282,,,
monitor_only,1418,0.9298245614035088,2.088252682427444,0.8,0.0,6.205771281662086,31.470481888454984,0,20,28360,7.432082540735134,,,
monitor_only,1419,0.9298245614035088,2.0901120879479276,0.8,0.0,12.198350158087882,37.46306076488078,0,20,28380,14.02291818301692,,,
monitor_only,1420,0.9298245614035088,2.0920619337593287,0.8,0.0,10.213387607889597,35.47809821468249,0,20,28400,13.047012986078867,,,
monitor_only,1421,0.9298245614035088,2.093711678379801,0.8,0.0,8.236755446466002,33.501466053258895,0,20,28420,6.849221997177473,,,
monitor_only,1422,0.9298245614035088,2.0955307742514,0.8,0.0,6.019042803873921,31.28375341066682,0,20,28440,5.936651750363358,,,
monitor_only,1423,0.9298245614035088,2.097413072162227,0.8,0.0,6.025320007939854,31.29003061473275,0,20,28460,6.189632827100829,,,
monitor_only,1424,0.9298245614035088,2.0991295933714422,0.8,0.0,10.025921461608885,35.29063206840178,0,20,28480,13.364034738508817,,,
monitor_only,1425,0.9298245614035088,2.1009924682949155,0.8,0.0,10.029243471309428,35.293954078102324,0,20,28500,11.743634716749085,,,
monitor_only,1426,0.9298245614035088,2.1027086393231027,0.8,0.0,4.254616515537085,29.519327122329983,0,20,28520,2.8935217743314467,,,
monitor_only,1427,0.9298245614035088,2.1044228610697635,0.8,0.0,5.691526355759986,30.956236962552882,0,20,28540,4.669533808424886,,,
monitor_only,1428,0.9298245614035088,2.1061124929368837,0.8,0.0,10.104729520309093,35.36944012710199,0,20,28560,13.629524456724674,,,
monitor_only,1429,0.9298245614035088,2.107835912803096,0.8,0.0,12.046588251660827,37.311298858453725,0,20,28580,13.598720995092602,,,
monitor_only,1430,0.9298245614035088,2.109618164275224,0.8,0.0,8.236494912329894,33.50120551912279,0,20,28600,7.555618596408197,,,
monitor_only,1431,0.9298245614035088,2.1112512396750205,0.8,0.0,4.245671444907279,29.510382051700176,0,20,28620,6.033949228286594,,,
monitor_only,1432,0.9298245614035088,2.113077767323916,0.8,0.0,9.158659072501981,34.42336967929488,0,20,28640,7.673720750220794,,,
monitor_only,1433,0.9298245614035088,2.1151093489500186,0.8,0.0,6.278787113595096,31.543497720387993,0,20,28660,7.264632298312901,,,
monitor_only,1434,0.9298245614035088,2.1168310264331103,0.8,0.0,8.262131442909702,33.526842049702594,0,20,28680,7.161957445850215,,,
monitor_only,1435,0.9298245614035088,2.1185050292051644,0.8,0.0,8.260379865813547,33.52509047260644,0,20,28700,7.241886710797458,,,
monitor_only,1436,0.9298245614035088,2.120310404579751,0.8,0.0,9.544301421525082,34.80901202831798,0,20,28720,13.922772004094918,,,
monitor_only,1437,0.9298245614035088,2.121864326288989,0.8,0.0,8.069169848819229,33.333880455612125,0,20,28740,11.77464033185989,,,
monitor_only,1438,0.9298245614035088,2.1235767135494594,0.8,0.0,7.550458325397358,32.815168932190254,0,20,28760,7.301043496682171,,,
monitor_only,1439,0.9298245614035088,2.1252621625754644,0.8,0.0,8.080750173145361,33.34546077993826,0,20,28780,13.309682531559405,,,
monitor_only,1440,0.9298245614035088,2.1272449661651347,0.8,0.0,11.180496448786243,36.44520705557914,0,20,28800,14.638363519908097,,,
monitor_only,1441,0.9298245614035088,2.129362747823593,0.8,0.0,9.952420525967607,35.2171311327605,0,20,28820,14.32121784372998,,,
monitor_only,1442,0.9298245614035088,2.13106046896978,0.8,0.0,10.204598499763431,35.469309106556324,0,20,28840,13.279510988877444,,,
monitor_only,1443,0.9298245614035088,2.132814325622684,0.8,0.0,4.2078010215281365,29.472511628321033,0,20,28860,5.62057752439063,,,
monitor_only,1444,0.9298245614035088,2.134674173080551,0.8,0.0,9.983361667974577,35.24807227476747,0,20,28880,14.210513014159204,,,
monitor_only,1445,0.9298245614035088,2.136475595311622,0.8,0.0,10.220197165815156,35.484907772608054,0,20,28900,13.675198515348043,,,
monitor_only,1446,0.9298245614035088,2.1382328523942107,0.8,0.0,10.299157085490076,35.56386769228297,0,20,28920,14.090054725794225,,,
monitor_only,1447,0.9298245614035088,2.139961844557753,0.8,0.0,8.30756193070215,33.572272537495046,0,20,28940,14.161160817302243,,,
monitor_only,1448,0.9298245614035088,2.1417267204714134,0.8,0.0,7.592745831885092,32.857456438677985,0,20,28960,7.153901870443149,,,
monitor_only,1449,0.9298245614035088,2.1434163751803315,0.8,0.0,7.82051948577949,33.08523009257239,0,20,28980,7.161748130510375,,,
monitor_only,1450,0.9298245614035088,2.1452412447000375,0.8,0.0,6.318084583740908,31.582795190533805,0,20,29000,7.571809290349318,,,
monitor_only,1451,0.9298245614035088,2.146761725617541,0.8,0.0,10.115071998933066,35.379782605725964,0,20,29020,13.188904579578201,,,
monitor_only,1452,0.9298245614035088,2.148701441612297,0.8,0.0,7.604291866797439,32.869002473590335,0,20,29040,7.9726999171243405,,,
monitor_only,1453,0.9298245614035088,2.1502438512376614,0.8,0.0,10.013390332622976,35.27810093941587,0,20,29060,13.208858242848125,,,
monitor_only,1454,0.9298245614035088,2.1519494495707647,0.8,0.0,9.598812145890559,34.86352275268345,0,20,29080,13.992018380363282,,,
monitor_only,1455,0.9298245614035088,2.153883980999403,0.8,0.0,6.8956632830766775,32.160373889869575,0,20,29100,7.933495480063632,,,
monitor_only,1456,0.9298245614035088,2.1554259970721112,0.8,0.0,8.338618113704873,33.60332872049777,0,20,29120,13.109824788968115,,,
monitor_only,1457,0.9298245614035088,2.1572611862948783,0.8,0.0,8.14130889198585,33.40601949877875,0,20,29140,14.060448509155863,,,
monitor_only,1458,0.9298245614035088,2.1589825904752287,0.8,0.0,10.332849911483589,35.59756051827648,0,20,29160,13.33921630061098,,,
monitor_only,1459,0.9298245614035088,2.1605308760901965,0.8,0.0,4.904939022944745,30.16964962973764,0,20,29180,2.8606733991843503,,,
monitor_only,1460,0.9298245614035088,2.1621759382181773,0.8,0.0,7.2320382555790275,32.49674886237192,0,20,29200,7.537283374513016,,,
monitor_only,1461,0.9298245614035088,2.1639299568318835,0.8,0.0,6.3430830634528474,31.607793670245744,0,20,29220,7.642411372494789,,,
monitor_only,1462,0.9298245614035088,2.1653915877699816,0.8,0.0,10.353834571241123,35.61854517803402,0,20,29240,12.886099226356242,,,
monitor_only,1463,0.9298245614035088,2.167129838095354,0.8,0.0,9.908645533996605,35.1733561407895,0,20,29260,13.902464629016443,,,
monitor_only,1464,0.9298245614035088,2.1688503311928162,0.8,0.0,10.157206933668402,35.421917540461294,0,20,29280,11.513091559379763,,,
monitor_only,1465,0.9298245614035088,2.170535084137641,0.8,0.0,9.869096662268174,35.133807269061066,0,20,29300,13.63318102055924,,,
monitor_only,1466,0.9298245614035088,2.1723698026669416,0.8,0.0,9.633104926164151,34.89781553295705,0,20,29320,14.054486189544864,,,
monitor_only,1467,0.9298245614035088,2.1742239061227373,0.8,0.0,8.173691107328978,33.43840171412187,0,20,29340,7.378750211815095,,,
monitor_only,1468,0.9298245614035088,2.1758430448339183,0.8,0.0,7.648504759328793,32.91321536612169,0,20,29360,7.020007355187312,,,
monitor_only,1469,0.9298245614035088,2.1773711409411103,0.8,0.0,4.355962046018173,29.62067265281107,0,20,29380,6.993355664041866,,,
monitor_only,1470,0.9298245614035088,2.1789777476821586,0.8,0.0,6.296260864240443,31.56097147103334,0,20,29400,7.4176660141522035,,,
monitor_only,1471,0.9298245614035088,2.1807581080078027,0.8,0.0,8.932603021412055,34.19731362820495,0,20,29420,14.302833149188475,,,
monitor_only,1472,0.9298245614035088,2.182373359826946,0.8,0.0,10.386178229468896,35.65088883626179,0,20,29440,14.14814425418427,,,
monitor_only,1473,0.9298245614035088,2.1841501716454808,0.8,0.0,13.893237599470089,39.157948206262986,0,20,29460,17.613515866603276,,,
monitor_only,1474,0.9298245614035088,2.1858188716628275,0.8,0.0,12.259183286341038,37.52389389313393,0,20,29480,14.022983133727996,,,
monitor_only,1475,0.9298245614035088,2.1872761121539632,0.8,0.0,5.899284316525003,31.1639949233179,0,20,29500,7.200241135418868,,,
monitor_only,1476,0.9298245614035088,2.1890185865303486,0.8,0.0,9.272058826111333,34.53676943290423,0,20,29520,13.58942012739829,,,
monitor_only,1477,0.9298245614035088,2.1908611989665534,0.8,0.0,4.346304450933,29.611015057725897,0,20,29540,6.325853064675622,,,
monitor_only,1478,0.9298245614035088,2.1925263025447537,0.8,0.0,2.7231736820245565,27.98788428881745,0,20,29560,2.31711011341839,,,
monitor_only,1479,0.9298245614035088,2.1939747971931762,0.8,0.0,10.326350771105126,35.59106137789802,0,20,29580,13.2094167836894,,,
monitor_only,1480,0.9298245614035088,2.1955116715493377,0.8,0.0,10.440581173333689,35.705291780126586,0,20,29600,13.762773146069522,,,
monitor_only,1481,0.9298245614035088,2.197118112914781,0.8,0.0,9.850704195494398,35.11541480228729,0,20,29620,13.681760178051498,,,
monitor_only,1482,0.9298245614035088,2.1987356927522077,0.8,0.0,4.419194719685796,29.683905326478694,0,20,29640,3.1690466449105,,,
monitor_only,1483,0.9298245614035088,2.200295857563244,0.8,0.0,8.28910690618386,33.55381751297676,0,20,29660,11.450391140571593,,,
monitor_only,1484,0.9298245614035088,2.2019344348843104,0.8,0.0,8.433873341005741,33.69858394779864,0,20,29680,14.124559402513672,,,
monitor_only,1485,0.9298245614035088,2.203695478174038,0.8,0.0,8.346549651980316,33.611260258773214,0,20,29700,7.785110790306855,,,
monitor_only,1486,0.9298245614035088,2.2055293656686157,0.8,0.0,7.932633723535977,33.197344330328875,0,20,29720,10.600706234022253,,,
monitor_only,1487,0.9298245614035088,2.2071472353209174,0.8,0.0,8.463690310284544,33.72840091707744,0,20,29740,7.291134392468588,,,
monitor_only,1488,0.9298245614035088,2.2086557085848577,0.8,0.0,8.43431355713354,33.69902416392644,0,20,29760,7.4770263650085305,,,
monitor_only,1489,0.9298245614035088,2.2103681013842635,0.8,0.0,10.308208464078538,35.572919070871436,0,20,29780,14.17708940891882,,,
monitor_only,1490,0.9298245614035088,2.211892984461155,0.8,0.0,10.129641398220883,35.39435200501378,0,20,29800,13.165210158297823,,,
monitor_only,1491,0.9298245614035088,2.213562369091166,0.8,0.0,8.373978772939381,33.63868937973228,0,20,29820,14.162462660117004,,,
monitor_only,1492,0.9298245614035088,2.2149226933878507,0.8,0.0,7.705493860592014,32.97020446738491,0,20,29840,6.803152980242256,,,
monitor_only,1493,0.9298245614035088,2.2164182719580987,0.8,0.0,8.25560515905598,33.52031576584888,0,20,29860,7.0276677336361635,,,
monitor_only,1494,0.9298245614035088,2.21802661954474,0.8,0.0,8.323013886414023,33.58772449320692,0,20,29880,6.997088426173122,,,
monitor_only,1495,0.9298245614035088,2.219571512023901,0.8,0.0,8.26184472404293,33.526555330835826,0,20,29900,7.094600077949377,,,
monitor_only,1496,0.9298245614035088,2.22123903718252,0.8,0.0,8.146747832686287,33.41145843947918,0,20,29920,7.200629911955795,,,
monitor_only,1497,0.9298245614035088,2.2228358354646094,0.8,0.0,9.67744793663447,34.94215854342737,0,20,29940,13.863884651493036,,,
monitor_only,1498,0.9298245614035088,2.2243690879405804,0.8,0.0,7.720277757530691,32.984988364323584,0,20,29960,7.101218243718025,,,
monitor_only,1499,0.9298245614035088,2.2258123713047215,0.8,0.0,10.47410754525572,35.738818152048616,0,20,29980,13.476165712259208,,,
monitor_only,1500,0.9298245614035088,2.227703275071333,0.8,0.0,6.471924676546905,31.7366352833398,0,20,30000,8.390064421808002,,,
