schedule,t,reward,gap,beta_true,beta_hat,cert,cert_hp,n_cal,n_mon,cum_aud,xi_sq,exp3_arm,exp3_p,exp3_loss
fixed_low,1,0.9294661872662017,0.02663701521224693,0.0,0.06304248071038648,2.2001103592409326,27.464820966033827,5,20,25,1.2530233472294356,,,
fixed_low,2,0.929561579940878,0.02648071740214486,0.0,-0.029075859531119207,3.9888298471976196,29.253540453990517,5,20,50,4.52174159507086,,,
fixed_low,3,0.9297080258812643,0.02634380988624274,0.0,-0.02922524936149398,4.402225185800038,29.666935792592934,5,20,75,4.297646450426011,,,
fixed_low,4,0.9299231330117006,0.02628253367391209,0.0,-0.3138691616476613,4.103662000123297,29.368372606916193,5,20,100,5.0123091120974514,,,
fixed_low,5,0.9298607117589373,0.026454480413345305,0.0,0.007737318351610443,4.348893644031944,29.61360425082484,5,20,125,4.599391068783192,,,
fixed_low,6,0.9299816345724149,0.02638424012507945,0.0,-0.0252460683029044,4.087153814208861,29.351864421001757,5,20,150,4.2752567555259455,,,
fixed_low,7,0.9299363426827252,0.02611910554429464,0.0,0.23109342444391237,6.172598430794067,31.437309037586964,5,20,175,9.067509337004394,,,
fixed_low,8,0.9300251025563084,0.025992398752460177,0.0,0.19408900850784563,8.046270313700065,33.31098092049296,5,20,200,16.734754204633056,,,
fixed_low,9,0.9301214822368534,0.0259189763360671,0.0,0.010026139391470075,2.320079998597608,27.584790605390502,5,20,225,1.4381273991265875,,,
fixed_low,10,0.9301861400680672,0.025783063423121533,0.0,0.09953607192242858,8.174929004261557,33.43963961105445,5,20,250,17.866511788450964,,,
fixed_low,11,0.9304846673137415,0.025574982147184233,0.0,-0.3716375507437448,2.157645860481088,27.422356467273985,5,20,275,1.7642944982004447,,,
fixed_low,12,0.9306127224599813,0.02528240943217741,0.0,0.05286215494480036,4.288524975540676,29.55323558233357,5,20,300,4.0935697061245655,,,
fixed_low,13,0.9306281360524801,0.0253891435916187,0.0,-0.03362885490866313,4.069244209916602,29.333954816709497,5,20,325,4.397865106337246,,,
fixed_low,14,0.9305775723950882,0.02522455764659659,0.0,0.08396779730346336,4.048869814506529,29.313580421299424,5,20,350,5.288883159886241,,,
fixed_low,15,0.9306456042331253,0.0250874810452828,0.0,0.10300570636179242,4.1709662755361565,29.43567688232905,5,20,375,4.470373840351907,,,
fixed_low,16,0.9306879280049458,0.02497144392831263,0.0,0.07316644796954722,2.3641984651023087,27.628909071895205,5,20,400,1.5646367853895724,,,
fixed_low,17,0.930744087352146,0.024961668713792906,0.0,0.1817517126633524,3.983169236289157,29.247879843082053,5,20,425,4.0795512723703045,,,
fixed_low,18,0.9307212350187929,0.025062074185764227,0.0,0.2312010173574821,4.172138147830844,29.43684875462374,5,20,450,4.354299131318264,,,
fixed_low,19,0.9306056697030786,0.025277336387357408,0.0,0.01743505913157557,2.239031743382271,27.503742350175166,5,20,475,1.21022206401761,,,
fixed_low,20,0.9306117440100616,0.025285620334231984,0.0,0.26713071085504164,6.043847518790826,31.308558125583723,5,20,500,8.29991723828125,,,
fixed_low,21,0.9307324633137302,0.02507416014957442,0.0,-0.017055521799607357,6.058671414031042,31.32338202082394,5,20,525,9.306319835104015,,,
fixed_low,22,0.9308964443581396,0.024783645764897,0.0,-0.006333325003952893,4.163626772837376,29.42833737963027,5,20,550,4.591405018389616,,,
fixed_low,23,0.9309924206638324,0.024736215941344564,0.0,-0.021076105169216867,6.249644455625716,31.514355062418613,5,20,575,9.357669660113077,,,
fixed_low,24,0.9309143540920317,0.02485118510874862,0.0,0.1610903786291818,4.072176467654069,29.336887074446963,5,20,600,4.2896746749189925,,,
fixed_low,25,0.9312572861131945,0.024725521657651406,0.0,-0.7342751007773496,2.327547218393284,27.59225782518618,5,20,625,12.37649009419759,,,
fixed_low,26,0.9314300995091205,0.024629199294870174,0.0,-0.021099903907859922,4.244738895013619,29.509449501806515,5,20,650,4.389667080545949,,,
fixed_low,27,0.9315524224130165,0.024404445991526247,0.0,-0.0521517913669956,4.11041643541333,29.375127042206227,5,20,675,4.510274549264652,,,
fixed_low,28,0.9316104438529104,0.024354750909360456,0.0,-0.031360442745933775,6.220775852331823,31.48548645912472,5,20,700,9.662549418434567,,,
fixed_low,29,0.9317739915265485,0.02412959361384437,0.0,-0.006516941402335038,4.115904034451712,29.38061464124461,5,20,725,4.417672763913446,,,
fixed_low,30,0.9318590446420506,0.02398331207746829,0.0,0.1382309442554698,2.4163816794661153,27.681092286259013,5,20,750,1.5163391579588668,,,
fixed_low,31,0.9320397463118573,0.023759870630929103,0.0,-0.21530463341526243,4.2326734563168396,29.497384063109735,5,20,775,4.518758563131406,,,
fixed_low,32,0.9320577507797997,0.02367100649450926,0.0,-0.043416262256105766,6.1732084464462496,31.437919053239145,5,20,800,9.481369006422709,,,
fixed_low,33,0.9321396351817168,0.023471819298334973,0.0,-0.05560902036610611,6.189934253447402,31.454644860240297,5,20,825,10.319697426831125,,,
fixed_low,34,0.9323443461175613,0.023153170655166977,0.0,-0.050688931127567845,3.97433902277879,29.239049629571685,5,20,850,3.9645963177093724,,,
fixed_low,35,0.9325436868220883,0.02278357101495687,0.0,0.3651119812958745,4.1953416540415045,29.460052260834402,5,20,875,4.403057932179373,,,
fixed_low,36,0.9325169893233883,0.02273922650663851,0.0,-0.03235359127185142,2.2377060080212448,27.50241661481414,5,20,900,1.3080594829892767,,,
fixed_low,37,0.9326154957879992,0.022423194285507764,0.0,0.0076925674905399975,4.163872447453074,29.42858305424597,5,20,925,3.709508880668682,,,
fixed_low,38,0.9326183466149355,0.02235280363752623,0.0,0.09116304726584505,2.2875658352844934,27.55227644207739,5,20,950,2.0002704429956264,,,
fixed_low,39,0.9326457577108983,0.022516083302771217,0.0,-0.055580272676409276,4.238994984674356,29.503705591467252,5,20,975,4.386325035779824,,,
fixed_low,40,0.9326768506275295,0.022523570423704342,0.0,0.005515461191191415,2.2935019535520684,27.558212560344963,5,20,1000,1.2071854988974104,,,
fixed_low,41,0.9328870366200962,0.022413890193874297,0.0,-0.33288538968889425,2.4132645849574073,27.677975191750303,5,20,1025,4.350585189341127,,,
fixed_low,42,0.9329768389171886,0.022217543433168285,0.0,0.010449066697084298,2.2150329906678614,27.479743597460757,5,20,1050,1.4585290468969152,,,
fixed_low,43,0.9331341138836862,0.02184934040903197,0.0,-0.014563981359872054,6.387989325369305,31.6526999321622,5,20,1075,10.942196100850177,,,
fixed_low,44,0.9332348225476589,0.021739492655542536,0.0,0.17685569680141622,4.085352952454671,29.350063559247566,5,20,1100,4.277915742871908,,,
fixed_low,45,0.9332545951640909,0.021793370174607585,0.0,0.1418831559207888,4.166756831713058,29.431467438505955,5,20,1125,3.986971295845354,,,
fixed_low,46,0.9331929079008132,0.021806030994717673,0.0,0.11586276116420777,4.25145526106167,29.516165867854568,5,20,1150,4.568144363225007,,,
fixed_low,47,0.9332715149689701,0.021768026245713168,0.0,0.0042313294251789275,3.9204971921971077,29.185207798990003,5,20,1175,4.2481891540965355,,,
fixed_low,48,0.9334945013145318,0.021596279775539462,0.0,-0.039145275344264596,4.160278854532282,29.42498946132518,5,20,1200,4.4335118169716985,,,
fixed_low,49,0.9335090715776792,0.02157928320220348,0.0,-0.025507783510771473,4.0295473084236235,29.29425791521652,5,20,1225,4.694923950903112,,,
fixed_low,50,0.9335130598451119,0.021599334062870623,0.0,-0.040660022403478775,2.3785669656017308,27.643277572394627,5,20,1250,1.1651389206049574,,,
fixed_low,51,0.9336907823227734,0.021410979588557755,0.0,0.04856183911335945,6.18517644909121,31.449887055884105,5,20,1275,9.032030180061728,,,
fixed_low,52,0.9337930766316412,0.02145111550883272,0.0,-0.472390878485539,3.999835949423255,29.26454655621615,5,20,1300,4.490986173256841,,,
fixed_low,53,0.9339215474792288,0.021408057260259628,0.0,0.018562078964660247,2.1420404505561548,27.40675105734905,5,20,1325,1.2833988932510165,,,
fixed_low,54,0.9340410857256968,0.02115149635516589,0.0,-0.008622163404503407,6.184881856462343,31.44959246325524,5,20,1350,9.981692497135779,,,
fixed_low,55,0.9340231540893656,0.0212121197583498,0.0,0.11540233534103048,4.216043878228817,29.480754485021713,5,20,1375,4.267088554049718,,,
fixed_low,56,0.9340813519924787,0.02104365272553599,0.0,-0.04110146381564858,4.07312474321236,29.337835350005257,5,20,1400,4.540965474998833,,,
fixed_low,57,0.9341708634843964,0.02102917058873577,0.0,-0.025812450658425357,2.274877316329803,27.5395879231227,5,20,1425,1.3172711963697132,,,
fixed_low,58,0.9343133029823567,0.020644695646254596,0.0,0.12151324463363015,3.993784009770096,29.25849461656299,5,20,1450,3.943919172336254,,,
fixed_low,59,0.9343296607479121,0.02073699568745213,0.0,-0.03127433879217651,4.188178108786694,29.45288871557959,5,20,1475,4.088176498586393,,,
fixed_low,60,0.9344261404736908,0.02063573797307383,0.0,0.0036810481447116915,4.118518894743344,29.383229501536242,5,20,1500,4.550514040978275,,,
fixed_low,61,0.9345370168425564,0.020380800234846008,0.0,0.07976307755609492,4.15577146637556,29.420482073168458,5,20,1525,4.025096063493606,,,
fixed_low,62,0.9346363362022224,0.020371952272936866,0.0,0.07916116296010502,6.292914701726134,31.55762530851903,5,20,1550,9.428606152450536,,,
fixed_low,63,0.9347609813711797,0.020240519356244824,0.0,0.09216047613211949,2.2683385521823407,27.53304915897524,5,20,1575,1.2203639831410733,,,
fixed_low,64,0.934824562446184,0.0201684664294135,0.0,0.09049823858120772,2.2123923847810514,27.477102991573947,5,20,1600,1.0989751492050608,,,
fixed_low,65,0.9347806716449755,0.020229675944458014,0.0,0.06379622398097172,4.164701318881514,29.429411925674408,5,20,1625,5.041152270977699,,,
fixed_low,66,0.9349203868862376,0.019909132049597433,0.0,0.02702995128205975,4.121812608547251,29.386523215340148,5,20,1650,4.004909607916806,,,
fixed_low,67,0.9348570082488658,0.019986404896414678,0.0,0.12446407815194838,6.095197782733873,31.35990838952677,5,20,1675,9.208095402427213,,,
fixed_low,68,0.9348801178155086,0.019885042836873867,0.0,-0.024610156603241947,6.381485958364737,31.646196565157634,5,20,1700,9.660668944980662,,,
fixed_low,69,0.9349070743536977,0.019762276758507724,0.0,0.1555879331429203,4.226336693292777,29.491047300085672,5,20,1725,4.252175320119149,,,
fixed_low,70,0.9348760813426317,0.019974224646224892,0.0,-0.005657810843077916,3.8749031170720296,29.139613723864926,5,20,1750,4.75047555959931,,,
fixed_low,71,0.9351383309742152,0.019750471190898344,0.0,-0.4062766266643019,2.6423840424906198,27.907094649283515,5,20,1775,3.0910002582155274,,,
fixed_low,72,0.935060055618975,0.02013192327783131,0.0,-0.3961798207523619,8.592604780097846,33.85731538689074,5,20,1800,17.506923819192235,,,
fixed_low,73,0.9350034538277587,0.020612071885186878,0.0,-0.5202095416621473,6.42138620265619,31.686096809449086,5,20,1825,11.33142136873988,,,
fixed_low,74,0.935113396758205,0.02058046782580003,0.0,-0.03499791626918355,4.5795665035691275,29.84427711036202,5,20,1850,4.697538365706906,,,
fixed_low,75,0.9350024019384466,0.02121309040343544,0.0,-0.3461124997949507,6.447787785078436,31.712498391871332,5,20,1875,8.711338060629442,,,
fixed_low,76,0.9348507016535033,0.02199668979067848,0.0,-0.29057225453635915,4.141997488548372,29.40670809534127,5,20,1900,4.627463350975493,,,
fixed_low,77,0.9351034803675408,0.021422587289113393,0.0,0.10224691808616919,4.131738816950587,29.396449423743483,5,20,1925,4.074134737089908,,,
fixed_low,78,0.9352255610090171,0.021178392321680617,0.0,0.07390290974253572,8.26390304582441,33.52861365261731,5,20,1950,17.004734736284316,,,
fixed_low,79,0.9352378150505628,0.021106785880185108,0.0,0.02848237423863324,4.298619584065727,29.563330190858622,5,20,1975,4.264336476073009,,,
fixed_low,80,0.9354315486228587,0.020645701880383616,0.0,0.08671377295994101,5.499146639734082,30.763857246526978,5,20,2000,11.86822782635562,,,
fixed_low,81,0.9354333608678513,0.020665716683744617,0.0,-0.035644658629685064,3.7421183339906334,29.006828940783528,5,20,2025,4.71886519480099,,,
fixed_low,82,0.9352995085432979,0.021175589754299784,0.0,-0.18100062322824018,4.53597777469583,29.800688381488726,5,20,2050,4.971875957774199,,,
fixed_low,83,0.9354657033388124,0.020713356578776487,0.0,0.07426845800281245,4.206833341429037,29.47154394822193,5,20,2075,3.896297416361889,,,
fixed_low,84,0.9355892839761308,0.02045641210738336,0.0,0.10959422727330381,4.317649249629952,29.582359856422848,5,20,2100,4.0623145314960745,,,
fixed_low,85,0.935585229827512,0.020414244743828358,0.0,0.0024248220924291096,2.1446211412817338,27.409331748074628,5,20,2125,1.1716894412368004,,,
fixed_low,86,0.9356756790721881,0.020412535763988604,0.0,-0.03295238265139299,5.612496345843165,30.87720695263606,5,20,2150,8.968709993872125,,,
fixed_low,87,0.9357619682511432,0.02008031637945573,0.0,0.14661107873338397,5.370526747550558,30.635237354343452,5,20,2175,12.326459958560905,,,
fixed_low,88,0.935801746807693,0.02007414087196091,0.0,0.008512324581809392,4.053066228807165,29.31777683560006,5,20,2200,4.831867517558535,,,
fixed_low,89,0.9358776918304046,0.020040500102531444,0.0,0.021516656345238416,4.181219346892945,29.44592995368584,5,20,2225,4.2790643359557645,,,
fixed_low,90,0.9356185626549465,0.020825456738565395,0.0,-0.2755976496376745,6.342944815600855,31.60765542239375,5,20,2250,9.363146570315493,,,
fixed_low,91,0.9356664642042071,0.020648125873156786,0.0,-0.025326156605304087,3.9232691198237926,29.18797972661669,5,20,2275,4.141154759326607,,,
fixed_low,92,0.9357953282053489,0.020442800197639666,0.0,-0.026747421914027656,4.355397644581753,29.62010825137465,5,20,2300,4.256316061804611,,,
fixed_low,93,0.9358375598115114,0.020397709192415903,0.0,-0.0018245862143166217,4.72515533660398,29.989865943396875,5,20,2325,4.234414533973263,,,
fixed_low,94,0.9360008242756761,0.019886408766392027,0.0,0.03933459229280105,4.297430335624338,29.562140942417233,5,20,2350,4.4728336023330675,,,
fixed_low,95,0.9361132427976592,0.01966419249685003,0.0,-0.000459035578932687,4.03804109277862,29.302751699571516,5,20,2375,4.301111003557043,,,
fixed_low,96,0.9367085598849715,0.018339817921631085,0.0,0.4741719982766153,4.175901005537436,29.440611612330333,5,20,2400,3.158124783928713,,,
fixed_low,97,0.9368487199457288,0.01802226458144296,0.0,0.11030091378151925,4.142029163707372,29.406739770500266,5,20,2425,4.48111431935975,,,
fixed_low,98,0.9358542097626195,0.020783294696741783,0.0,-0.9027481324000524,4.407457710567233,29.67216831736013,5,20,2450,17.052354373775625,,,
fixed_low,99,0.9362051038651356,0.019992087188461793,0.0,0.15032420507550473,6.2295252278849755,31.494235834677873,5,20,2475,9.624152000879606,,,
fixed_low,100,0.9363518076175932,0.019785992745556147,0.0,-0.009215680424448707,2.4827975847696484,27.747508191562545,5,20,2500,1.3316753080709327,,,
fixed_low,101,0.9363466550178892,0.019703053032880558,0.0,0.020869133873313853,3.9954261353294376,29.260136742122334,5,20,2525,4.138080561548147,,,
fixed_low,102,0.9370594617788522,0.017989628515217015,0.0,0.5116298982598847,4.1440654358974625,29.40877604269036,5,20,2550,5.5849797015064215,,,
fixed_low,103,0.9372468025556007,0.017607499467016563,0.0,0.1754620360962316,4.10547308455074,29.370183691343634,5,20,2575,5.310788468925684,,,
fixed_low,104,0.9366650213062864,0.01905640480125559,0.0,-0.6406023330972724,4.1165141934893095,29.381224800282205,5,20,2600,5.764979831257439,,,
fixed_low,105,0.9361809890091918,0.020592943150604115,0.0,-0.3455556585575089,2.354508429042162,27.61921903583506,5,20,2625,2.6325805812212257,,,
fixed_low,106,0.9365203863298671,0.01948250038553656,0.0,0.19131386017077495,4.732253077962127,29.996963684755023,5,20,2650,4.088301750333586,,,
fixed_low,107,0.9368103865862103,0.01898661192507034,0.0,0.15284216950827093,4.4549802220104775,29.719690828803373,5,20,2675,3.9794984949882917,,,
fixed_low,108,0.9369004655243174,0.01880922105069116,0.0,0.0523141883593174,2.642428269650612,27.907138876443508,5,20,2700,1.1863879571405935,,,
fixed_low,109,0.9368560225154555,0.01890716543656712,0.0,-0.03188556838374598,6.129117209959761,31.393827816752655,5,20,2725,9.647580304800636,,,
fixed_low,110,0.9363016606120133,0.0203368357616156,0.0,-0.37184499603318977,6.417486156448412,31.682196763241308,5,20,2750,9.67036588503472,,,
fixed_low,111,0.936411390949163,0.020424325208622918,0.0,0.01040368983441215,6.349477107934733,31.614187714727628,5,20,2775,8.797920780602196,,,
fixed_low,112,0.936603167117859,0.019998948948023898,0.0,0.08056221109905977,4.031507669477759,29.296218276270654,5,20,2800,4.056568358988744,,,
fixed_low,113,0.9365293949983344,0.020245006619814543,0.0,-0.10469179270522744,4.3419704018453995,29.606681008638297,5,20,2825,4.973412617369806,,,
fixed_low,114,0.9365741461828279,0.020398049531263118,0.0,-0.030202805980819758,2.1813365942964036,27.4460472010893,5,20,2850,1.366036813726091,,,
fixed_low,115,0.9368195673749903,0.01971268071280985,0.0,0.09923462809901236,3.7222657334897886,28.986976340282684,5,20,2875,3.848224191499602,,,
fixed_low,116,0.9367346566407033,0.019889110353156547,0.0,-0.0827363425515488,4.497285259569906,29.761995866362803,5,20,2900,4.386690427674088,,,
fixed_low,117,0.9361035095068101,0.02175399790844168,0.0,-0.35634436397281216,4.072198372035137,29.336908978828035,5,20,2925,5.20010634730293,,,
fixed_low,118,0.9364538099252961,0.020884280123913856,0.0,0.16488191734654964,2.414841058861049,27.679551665653946,5,20,2950,1.8791092956828976,,,
fixed_low,119,0.9370266568362402,0.019399718277756106,0.0,0.2741281467222646,4.616612862846918,29.881323469639813,5,20,2975,4.069870199430789,,,
fixed_low,120,0.9375643640771995,0.017973059919373147,0.0,0.347415047447646,4.382736897986092,29.647447504778988,5,20,3000,4.273870617728986,,,
fixed_low,121,0.9376031173405378,0.01782012174016767,0.0,0.005747252656481846,4.11961718960308,29.384327796395976,5,20,3025,4.206564671878069,,,
fixed_low,122,0.9377086578778547,0.017397600104644195,0.0,0.10303397418395036,4.252182735966287,29.516893342759182,5,20,3050,4.263763879542829,,,
fixed_low,123,0.9378683081053991,0.017214796703179713,0.0,0.021101997919881845,4.352011291258372,29.616721898051267,5,20,3075,4.4168903315888,,,
fixed_low,124,0.9379306855090446,0.017313430915259054,0.0,-0.06196852874798261,3.8821102068929894,29.146820813685885,5,20,3100,4.379765518241008,,,
fixed_low,125,0.937853925711943,0.01746844220692323,0.0,-0.034101480688821226,4.467979818141017,29.732690424933914,5,20,3125,4.187466407071474,,,
fixed_low,126,0.9379989008399858,0.017253394957090107,0.0,0.057229446396168705,4.081837577079819,29.346548183872713,5,20,3150,4.358647900358435,,,
fixed_low,127,0.9382831556625962,0.016765480580023362,0.0,0.15107237659366596,4.358553415011925,29.62326402180482,5,20,3175,4.863513913089015,,,
fixed_low,128,0.9384316408405681,0.016467258815952346,0.0,0.09181974023043778,4.14721332910733,29.411923935900226,5,20,3200,3.524746086056099,,,
fixed_low,129,0.9390990321987556,0.01528026344856237,0.0,0.5756763432170192,2.4733585726034986,27.738069179396394,5,20,3225,2.3605709257788052,,,
fixed_low,130,0.9391243621645721,0.015101139521574991,0.0,-0.023928175745716058,2.3487670527406075,27.613477659533505,5,20,3250,1.2963588943155961,,,
fixed_low,131,0.9392061694108106,0.014967657571959725,0.0,0.10997079992933749,4.405789629097328,29.670500235890223,5,20,3275,3.9960606694576484,,,
fixed_low,132,0.9392821533108482,0.014851604275190056,0.0,-0.042406329322174745,3.9688053342790632,29.23351594107196,5,20,3300,3.9780422165839893,,,
fixed_low,133,0.9394351262977271,0.014684360703872579,0.0,-0.02404599693267183,2.5552783587144647,27.81998896550736,5,20,3325,1.1694817334976926,,,
fixed_low,134,0.9394002431293236,0.014881275321205312,0.0,-0.02078736816975769,3.827392647799648,29.092103254592544,5,20,3350,4.631217343349473,,,
fixed_low,135,0.939690402301065,0.014473898495307003,0.0,0.48079128013532335,4.110486220508518,29.375196827301416,5,20,3375,4.1720013024012825,,,
fixed_low,136,0.9398215636955148,0.014454685221329089,0.0,-0.04004207512896016,3.740949783509763,29.00566039030266,5,20,3400,4.412082323546858,,,
fixed_low,137,0.9397931238241404,0.014392829380911132,0.0,-0.07182657679770395,4.120205366422693,29.38491597321559,5,20,3425,4.297611781542139,,,
fixed_low,138,0.9399433293832645,0.013976246821493565,0.0,0.1548333081012066,2.191888759931796,27.456599366724692,5,20,3450,2.9431083208679523,,,
fixed_low,139,0.940059727169465,0.013904223814175776,0.0,0.15079602555436658,3.8372943421787395,29.102004948971636,5,20,3475,4.227529228517968,,,
fixed_low,140,0.9400692267342584,0.013809788888906938,0.0,0.06218727160908809,6.088465617466949,31.353176224259844,5,20,3500,9.231518773563925,,,
fixed_low,141,0.9401089466946231,0.013803187102218839,0.0,0.1616271547745915,4.679834539267056,29.94454514605995,5,20,3525,4.483885739706157,,,
fixed_low,142,0.9403096388011736,0.01354710022231742,0.0,0.10297073466261472,2.204524526319273,27.469235133112168,5,20,3550,1.32733533152326,,,
fixed_low,143,0.940468610995658,0.013444255354210233,0.0,-0.06685267103442262,2.680971353134138,27.945681959927033,5,20,3575,1.481761394743341,,,
fixed_low,144,0.9406021981106119,0.01339986880779509,0.0,-0.11131598959360921,4.075300328486609,29.340010935279505,5,20,3600,4.656354861288179,,,
fixed_low,145,0.9405690200870425,0.013617609672411102,0.0,-0.09955387375953963,4.142741633798135,29.40745224059103,5,20,3625,4.621043301242014,,,
fixed_low,146,0.9406431335832831,0.013514640656644872,0.0,0.1723658412316837,3.6198617402843936,28.884572347077288,5,20,3650,3.991370885028897,,,
fixed_low,147,0.940794442494765,0.013352207247611658,0.0,0.1485389400128314,3.692836189472905,28.957546796265802,5,20,3675,4.113589105028285,,,
fixed_low,148,0.9408482823265721,0.013375499627296894,0.0,0.111110026153409,4.320272483572655,29.58498309036555,5,20,3700,4.141623940344826,,,
fixed_low,149,0.9409494126508233,0.013340403814205537,0.0,0.11010646853427168,4.680118870211179,29.944829477004074,5,20,3725,4.077399882203725,,,
fixed_low,150,0.9410036695675914,0.013271051198160078,0.0,0.15971685983630018,2.492410666455518,27.757121273248416,5,20,3750,1.8886990143356939,,,
fixed_low,151,0.9411140783789466,0.01334265435537274,0.0,0.06153995250611369,2.5384225005650283,27.803133107357922,5,20,3775,1.3259706146434715,,,
fixed_low,152,0.9411154930278959,0.013452868738613954,0.0,0.13138562758242756,5.895598394981169,31.160309001774067,5,20,3800,8.99265678990774,,,
fixed_low,153,0.9411564761458181,0.01336720124973556,0.0,0.14773966331370977,8.198057544669439,33.462768151462335,5,20,3825,16.535169507296185,,,
fixed_low,154,0.9412536049531491,0.01342323583923899,0.0,-0.0493291343992558,4.098997156594653,29.36370776338755,5,20,3850,4.757701806605681,,,
fixed_low,155,0.941283597768517,0.013404294030059272,0.0,-0.3172148256616345,4.50285654548359,29.767567152276484,5,20,3875,4.492162065714802,,,
fixed_low,156,0.9413143468551275,0.01344391142009238,0.0,-0.025594021687718002,4.151838859795809,29.416549466588705,5,20,3900,4.665971163764611,,,
fixed_low,157,0.9412360074363154,0.013689201487006697,0.0,-0.582871308044247,2.5855426058989113,27.850253212691808,5,20,3925,3.725708958409901,,,
fixed_low,158,0.9413508902405175,0.013510250025195236,0.0,0.1341347961762041,4.435856103454732,29.700566710247628,5,20,3950,3.9727290413379253,,,
fixed_low,159,0.9416223043899847,0.013097419389823783,0.0,0.27628064149613146,4.173812103887071,29.43852271067997,5,20,3975,4.032798974692678,,,
fixed_low,160,0.941714470107655,0.01311004148478112,0.0,0.06432663377565775,8.265281732541567,33.52999233933446,5,20,4000,18.804596750195643,,,
fixed_low,161,0.9417955555324592,0.01296327509146844,0.0,0.19635127893169627,4.230308337881512,29.495018944674406,5,20,4025,3.86238926727451,,,
fixed_low,162,0.9418686730451427,0.012774525522303182,0.0,0.13653009374471406,3.935597510699093,29.20030811749199,5,20,4050,3.672293128529723,,,
fixed_low,163,0.9419406267833317,0.012642189874666698,0.0,0.029206832447214438,2.261528474465151,27.526239081258048,5,20,4075,1.5375556261144592,,,
fixed_low,164,0.9420165906624576,0.01263829948335271,0.0,-0.024599403041655726,4.1822540558766095,29.446964662669505,5,20,4100,4.500355872688833,,,
fixed_low,165,0.9421245424019561,0.012630257935645317,0.0,0.14684921094227915,4.783084452205445,30.04779505899834,5,20,4125,8.952106111612416,,,
fixed_low,166,0.9420266139456858,0.012622067813292892,0.0,-0.31395120711668023,4.696683748323272,29.96139435511617,5,20,4150,4.087699300457134,,,
fixed_low,167,0.942084806885771,0.012633221059472066,0.0,0.04086335865686524,4.858967096560974,30.12367770335387,5,20,4175,4.760829356921521,,,
fixed_low,168,0.9421104837741047,0.012613167367050093,0.0,-0.005812987657730892,2.1986865031716216,27.463397109964518,5,20,4200,1.154633666915802,,,
fixed_low,169,0.9421775776307341,0.012523506336011736,0.0,0.04201915956140838,6.344571187884004,31.6092817946769,5,20,4225,9.240367911866365,,,
fixed_low,170,0.9422613241435353,0.012477863134150335,0.0,0.10546923152387526,4.454901618528726,29.719612225321622,5,20,4250,4.200041663673878,,,
fixed_low,171,0.9421056421812516,0.012517922696044015,0.0,-0.30091363911786717,2.618869750931708,27.883580357724604,5,20,4275,3.864919873403774,,,
fixed_low,172,0.9420915816770558,0.012414867273728758,0.0,0.06539756189551449,3.8781504545491012,29.142861061341996,5,20,4300,4.57393932532266,,,
fixed_low,173,0.9421296639419364,0.012432120066864782,0.0,0.0006239483863457418,4.688600900894347,29.953311507687243,5,20,4325,4.4449231419915805,,,
fixed_low,174,0.9421268743320342,0.01251475339679653,0.0,-0.0255653676072201,4.159113466937019,29.423824073729914,5,20,4350,4.32897022340466,,,
fixed_low,175,0.9421432943448736,0.012490680699522416,0.0,0.04093769796610618,2.4205302605626455,27.685240867355542,5,20,4375,1.1801888243525518,,,
fixed_low,176,0.9422664260615684,0.01224754233414227,0.0,0.02555328441551753,4.648896076864858,29.913606683657754,5,20,4400,4.5509859503391334,,,
fixed_low,177,0.9425659031417941,0.011858340978004533,0.0,0.16696219372059434,2.2052249242188746,27.46993553101177,5,20,4425,1.5042215499813185,,,
fixed_low,178,0.9426298607386505,0.011712617535727055,0.0,-0.0018968483628365328,4.6125096605506615,29.877220267343557,5,20,4450,4.692883253291861,,,
fixed_low,179,0.9427106671015564,0.011515168205477933,0.0,0.23120315283482068,2.536612606623988,27.801323213416882,5,20,4475,1.555526694163917,,,
fixed_low,180,0.9428290356354763,0.011331582668356988,0.0,-0.054139538670840905,6.650106704891636,31.91481731168453,5,20,4500,9.299788223856035,,,
fixed_low,181,0.942989147880285,0.011221866512191592,0.0,-0.05662291459942778,4.003344146622439,29.268054753415335,5,20,4525,4.865472592248498,,,
fixed_low,182,0.9430272057835732,0.011044521278564479,0.0,0.005596614157267957,4.034785496423397,29.299496103216292,5,20,4550,4.174584647445342,,,
fixed_low,183,0.9431299596659849,0.010728759995041304,0.0,0.03568148223629568,5.544282248211557,30.808992855004455,5,20,4575,9.132368063853828,,,
fixed_low,184,0.9432305826863603,0.0105747781718597,0.0,-0.018339817979757245,3.987828409423305,29.2525390162162,5,20,4600,4.1776021370020695,,,
fixed_low,185,0.9431971857103462,0.010682105838202172,0.0,0.23864923093090554,5.886439658994253,31.151150265787148,5,20,4625,8.573990862417405,,,
fixed_low,186,0.9431851083823349,0.010784694732646205,0.0,0.0026800448388243805,3.7770436638612637,29.04175427065416,5,20,4650,4.381617239131614,,,
fixed_low,187,0.9432485533512361,0.010644322258526295,0.0,0.19158997742154935,4.25280920954267,29.517519816335565,5,20,4675,4.546709216748331,,,
fixed_low,188,0.9433933842968367,0.010584293147433477,0.0,0.0035711292925952984,2.2795039557322916,27.544214562525188,5,20,4700,1.4113968858330295,,,
fixed_low,189,0.9433325952905689,0.010683136551074668,0.0,0.114455091708054,6.654673655930502,31.919384262723398,5,20,4725,9.034161430055345,,,
fixed_low,190,0.9433669012371297,0.01096278371278614,0.0,0.5237268329616694,5.8807741945160075,31.145484801308903,5,20,4750,8.451669810220789,,,
fixed_low,191,0.9434281514278355,0.010985685390044408,0.0,0.03721748452787925,3.838826360946303,29.1035369677392,5,20,4775,4.608567225157751,,,
fixed_low,192,0.9435081993646758,0.010815274453540025,0.0,-0.03183445496308844,2.4425558539373284,27.707266460730224,5,20,4800,1.3187903988620941,,,
fixed_low,193,0.9435565775291889,0.010839916671785965,0.0,0.07124774013588682,4.174297739573733,29.439008346366627,5,20,4825,4.5653768176935134,,,
fixed_low,194,0.9435485161164021,0.010772930035031325,0.0,-0.019600075394434018,6.696562631574706,31.961273238367603,5,20,4850,8.72962768731018,,,
fixed_low,195,0.9434392513224167,0.010895508919306796,0.0,0.005237484843981745,4.538676293728851,29.803386900521748,5,20,4875,4.625655591362407,,,
fixed_low,196,0.9435619648276284,0.010809446547670243,0.0,0.09919151454686,4.317258666207989,29.581969273000887,5,20,4900,4.733377653818107,,,
fixed_low,197,0.943545707834454,0.01089617952647648,0.0,0.11109510777429106,6.340942184016668,31.605652790809565,5,20,4925,9.030349360487698,,,
fixed_low,198,0.9435888244956036,0.010811277683219211,0.0,0.10498124009745426,4.558275177644523,29.82298578443742,5,20,4950,5.625544878772074,,,
fixed_low,199,0.9436099745326842,0.010909345106677404,0.0,0.08982832196172634,4.153223468316062,29.41793407510896,5,20,4975,4.090467080461212,,,
fixed_low,200,0.943549163846123,0.011017866284465105,0.0,0.3769003268690248,6.028453282374125,31.29316388916702,5,20,5000,8.637928988290717,,,
fixed_low,201,0.9436089249852707,0.010880581502065612,0.0,-0.0494417171269559,6.444676816802291,31.70938742359519,5,20,5025,9.635498814513742,,,
fixed_low,202,0.9437406345427284,0.010797075199330819,0.0,-0.18489798880258393,2.5029923948185813,27.767703001611476,5,20,5050,1.6944524997649297,,,
fixed_low,203,0.9438278637296297,0.010751365215599273,0.0,-0.012991938827934693,2.4187484793053393,27.683459086098235,5,20,5075,1.2139131546484632,,,
fixed_low,204,0.9436968676699109,0.011041901571301582,0.0,0.19293993125614772,5.456001343443621,30.720711950236517,5,20,5100,9.130176680097536,,,
fixed_low,205,0.9438166844129268,0.010962214273052884,0.0,-0.022988276584275595,5.52038569444696,30.785096301239854,5,20,5125,9.66929377428766,,,
fixed_low,206,0.9438509332792625,0.011126139343884178,0.0,0.2807750507260087,5.9946416846929855,31.259352291485882,5,20,5150,12.945776943981897,,,
fixed_low,207,0.9439206447005382,0.011040826269395732,0.0,0.1656876477181175,6.1964510887452215,31.461161695538117,5,20,5175,10.4904311544654,,,
fixed_low,208,0.9440270178325308,0.010930878441404945,0.0,-0.01800756367505249,4.77427819073952,30.038988797532415,5,20,5200,4.680702210540077,,,
fixed_low,209,0.9440647858715447,0.010942166446589185,0.0,0.08437012559452621,2.6881830283009513,27.952893635093847,5,20,5225,1.24149652100013,,,
fixed_low,210,0.944150966112668,0.010854962944001456,0.0,0.15180819972514437,3.7267375226696817,28.991448129462576,5,20,5250,4.045463372852769,,,
fixed_low,211,0.9443250388081537,0.01081227994582279,0.0,-0.2619534022696615,4.68373030671324,29.948440913506136,5,20,5275,4.417024891392062,,,
fixed_low,212,0.9443541686828444,0.01074932297436304,0.0,-0.08779028014314047,3.9027694277617373,29.167480034554632,5,20,5300,4.257931399016049,,,
fixed_low,213,0.9444111856285374,0.01061265839429204,0.0,-0.032824427661058295,4.136851128529885,29.40156173532278,5,20,5325,4.184253277868925,,,
fixed_low,214,0.9443445280329661,0.010809110658543064,0.0,0.07691699763952581,4.140922391201385,29.40563299799428,5,20,5350,3.8836874357362974,,,
fixed_low,215,0.9443940075148938,0.010729651766210102,0.0,-0.008772813226274772,2.316098646552073,27.58080925334497,5,20,5375,1.2319712516595207,,,
fixed_low,216,0.9443237454514892,0.010833055053763085,0.0,-0.019870263355469577,4.091310916734861,29.356021523527758,5,20,5400,4.36421826434974,,,
fixed_low,217,0.9444747703677144,0.01078299319833631,0.0,0.11125853013915625,3.4141699879540943,28.67888059474699,5,20,5425,4.042662841624093,,,
fixed_low,218,0.9444963009241596,0.010833661884609547,0.0,0.1857610155012758,4.165478601652397,29.43018920844529,5,20,5450,5.285004359532546,,,
fixed_low,219,0.9446463205340278,0.01034398755954602,0.0,-0.7144792360166472,3.8963910959210506,29.161101702713946,5,20,5475,11.814133147483744,,,
fixed_low,220,0.9446010873509839,0.01064637953914993,0.0,0.3898638223369081,3.7020658168541423,28.966776423647037,5,20,5500,3.623177154018263,,,
fixed_low,221,0.9446611668237191,0.010654511813487866,0.0,-0.09936925527117314,3.9038629080457063,29.168573514838602,5,20,5525,4.3472642473928484,,,
fixed_low,222,0.9446649606609403,0.010845983281531857,0.0,0.10669257821669505,3.798540624256149,29.063251231049044,5,20,5550,4.7382692190615465,,,
fixed_low,223,0.9446919861731221,0.010863842739423757,0.0,0.1646584356582455,6.960521190594524,32.22523179738742,5,20,5575,11.803318532096739,,,
fixed_low,224,0.944721047955627,0.010792150477326401,0.0,0.015330278000231031,5.934096121349977,31.198806728142873,5,20,5600,8.923810768242074,,,
fixed_low,225,0.9449032317865714,0.010734308688839955,0.0,-0.04216325070126498,5.163919223079701,30.428629829872598,5,20,5625,9.258311583859829,,,
fixed_low,226,0.9448528270279769,0.011349765056597683,0.0,0.3536093639963422,3.416808748446227,28.68151935523912,5,20,5650,3.795082028844302,,,
fixed_low,227,0.9449709841070132,0.011243093429226914,0.0,0.00521839406501228,3.6542644277927914,28.91897503458569,5,20,5675,3.9037904561168677,,,
fixed_low,228,0.9451373588836595,0.010823581738045096,0.0,-0.07590829218596162,3.7882829106124887,29.052993517405383,5,20,5700,4.8020129833807985,,,
fixed_low,229,0.9451673318245927,0.01068360909501398,0.0,-0.0018408660111969661,5.0088947645339905,30.273605371326887,5,20,5725,4.22202308976558,,,
fixed_low,230,0.9452047391315747,0.011614870204219474,0.0,0.17888626753675516,4.882953727047223,30.14766433384012,5,20,5750,3.8993668920246662,,,
fixed_low,231,0.94526125241862,0.010764693828519079,0.0,-0.136024416321695,3.2597123405225945,28.52442294731549,5,20,5775,4.197588333869201,,,
fixed_low,232,0.9452982497204888,0.011776459964137453,0.0,0.15466226261634725,4.314703536146659,29.579414142939555,5,20,5800,4.31376517174188,,,
fixed_low,233,0.9453773096465582,0.01008765240151055,0.0,-0.7107681036146863,4.915753463635516,30.180464070428414,5,20,5825,6.68267947475677,,,
fixed_low,234,0.945494270498268,0.010173419173329923,0.0,0.13069318054463822,3.179278147377442,28.443988754170338,5,20,5850,1.7418931214775455,,,
fixed_low,235,0.9454643129044684,0.010288549666214175,0.0,0.0820880576138102,3.4984224476693186,28.763133054462216,5,20,5875,4.302924822838704,,,
fixed_low,236,0.9454672299391267,0.010252986191108815,0.0,-0.012234941938412555,3.60049434226255,28.865204949055446,5,20,5900,4.1920857770069455,,,
fixed_low,237,0.9454778812355275,0.010337151355878205,0.0,-0.00442828943165099,3.629241567124944,28.89395217391784,5,20,5925,4.150724968767102,,,
fixed_low,238,0.9454712770797649,0.01044719738106048,0.0,0.15883089346834375,3.7186901486353676,28.983400755428264,5,20,5950,4.399004301267534,,,
fixed_low,239,0.9455253584889175,0.010428324606107764,0.0,0.13567068941197932,4.4253507635627205,29.690061370355615,5,20,5975,4.3045177595523105,,,
fixed_low,240,0.9456536366090871,0.011405577882479312,0.0,0.25699086944028754,5.736235318314244,31.00094592510714,5,20,6000,8.149838614908106,,,
fixed_low,241,0.9457103845582222,0.011347848563666996,0.0,-0.003475793481689163,2.3747200709035567,27.639430677696453,5,20,6025,1.2539508157511006,,,
fixed_low,242,0.9456779217023533,0.011503098235023601,0.0,0.0511181132294277,4.282708996704071,29.547419603496966,5,20,6050,4.446115733632241,,,
fixed_low,243,0.9456829532904725,0.012429160978273845,0.0,0.16308816245170504,4.84797872649591,30.112689333288806,5,20,6075,8.591617423357357,,,
fixed_low,244,0.9457670458606892,0.01309047339094993,0.0,0.14664956558635392,4.426593069270091,29.691303676062986,5,20,6100,6.172758943675847,,,
fixed_low,245,0.9458162564858115,0.014280646447452083,0.0,0.2166048406465292,2.423283719563377,27.68799432635627,5,20,6125,1.1032242822764782,,,
fixed_low,246,0.9458472973516958,0.01483692303981854,0.0,0.10175998980098303,4.032599268222066,29.29730987501496,5,20,6150,4.215844800498688,,,
fixed_low,247,0.9459246268136904,0.01567239235436968,0.0,0.16684681086986114,6.530582969077421,31.795293575870318,5,20,6175,11.071894694379944,,,
fixed_low,248,0.94585349691039,0.015622264021660781,0.0,-0.024908277231356368,3.695531602832598,28.960242209625495,5,20,6200,4.859209715985296,,,
fixed_low,249,0.9458490812601212,0.016232338198843177,0.0,0.10056122664491231,2.591955533165342,27.85666613995824,5,20,6225,1.33774985307351,,,
fixed_low,250,0.9458013878326629,0.017361392030207923,0.0,0.21019036005416974,2.252442753780721,27.517153360573616,5,20,6250,3.1520924691735006,,,
fixed_low,251,0.9457633771045774,0.017471867043761247,0.0,0.07321670911069614,6.660360763857013,31.92507137064991,5,20,6275,9.643410128427462,,,
fixed_low,252,0.9457587755138497,0.017372524675459133,0.0,-0.02401913757322122,4.483718499485498,29.748429106278394,5,20,6300,4.631238609981243,,,
fixed_low,253,0.9458460863800837,0.014998323616332798,0.0,-0.39820422087854773,3.5228214118599728,28.78753201865287,5,20,6325,5.201726032772895,,,
fixed_low,254,0.9459446065981687,0.014868171694889964,0.0,-0.004704901851366303,4.087890097752835,29.35260070454573,5,20,6350,3.6527730772978724,,,
fixed_low,255,0.9458727604308892,0.015574757489106639,0.0,0.10763607561868582,6.39791832540504,31.662628932197936,5,20,6375,8.89575242305522,,,
fixed_low,256,0.9459562626239321,0.015360976077746558,0.0,-0.02307659845757135,2.2467548161780777,27.511465422970975,5,20,6400,1.2495848486545327,,,
fixed_low,257,0.9459494316898867,0.016038567839849915,0.0,0.14385573274947122,5.658342350002343,30.92305295679524,5,20,6425,8.71011606990112,,,
fixed_low,258,0.9460524050259389,0.01630680246273819,0.0,0.04653445939857366,3.8533130238120528,29.11802363060495,5,20,6450,3.9660429108303603,,,
fixed_low,259,0.9459663702957819,0.017103798052227726,0.0,0.1466293645971635,3.0722893136657854,28.33699992045868,5,20,6475,1.1644825671494379,,,
fixed_low,260,0.9459935602961581,0.01710110033957013,0.0,0.03882961771098171,4.478231278965909,29.742941885758803,5,20,6500,4.009079798004727,,,
fixed_low,261,0.9459313920640563,0.017021895517847496,0.0,-0.013854602785446455,5.285526560307733,30.55023716710063,5,20,6525,4.447299891692674,,,
fixed_low,262,0.9458880225970303,0.016815633022822074,0.0,-0.0009561919793576869,7.944711156164949,33.209421762957845,5,20,6550,16.940313874011235,,,
fixed_low,263,0.9459090372506633,0.017382654399992647,0.0,0.07567960264717893,3.9841558426386,29.248866449431496,5,20,6575,4.383397976022047,,,
fixed_low,264,0.9459278515411346,0.014988226475459276,0.0,-0.38910795207082044,4.086683450666767,29.351394057459665,5,20,6600,5.297577625400763,,,
fixed_low,265,0.9460406961278089,0.015234289007255986,0.0,0.047519040271744944,4.119851123908637,29.384561730701535,5,20,6625,3.874417068074258,,,
fixed_low,266,0.9459671637597408,0.015249989946148235,0.0,0.004190277102057421,4.092114824833123,29.35682543162602,5,20,6650,4.72793363613251,,,
fixed_low,267,0.9459661376434914,0.015171677048593013,0.0,0.006325903623039248,5.531548487947971,30.79625909474087,5,20,6675,9.797658003325518,,,
fixed_low,268,0.9460442760687094,0.014018323617733808,0.0,-0.18270728172576836,3.8169022148128433,29.081612821605738,5,20,6700,4.41121409622638,,,
fixed_low,269,0.945970539195579,0.013898089772499067,0.0,-0.020274820591593305,3.3388974334364123,28.603608040229307,5,20,6725,4.0520905149886355,,,
fixed_low,270,0.9460004751955916,0.01691485798171133,0.0,0.507605941122559,2.3014092932291366,27.56611990002203,5,20,6750,1.3585438766945064,,,
fixed_low,271,0.9462274739331678,0.014626681282335685,0.0,-0.3543550529635006,4.2123470082529,29.477057615045794,5,20,6775,5.057931018862696,,,
fixed_low,272,0.9463259006850925,0.01325177829491031,0.0,-0.20422171513293363,3.5128084197922274,28.777519026585125,5,20,6800,4.644362413131251,,,
fixed_low,273,0.9463146831659842,0.013161385168141915,0.0,-0.03009950385080744,3.2918225698042898,28.556533176597185,5,20,6825,4.417741875707394,,,
fixed_low,274,0.9464528950215648,0.012472079104489553,0.0,-0.12426214151079543,4.242007367438748,29.506717974231645,5,20,6850,4.794561168322494,,,
fixed_low,275,0.9464226488283332,0.01212821255415919,0.0,-0.037330873569102606,4.158503844160824,29.423214450953722,5,20,6875,4.691843953910714,,,
fixed_low,276,0.9464299093084946,0.009966741281149272,0.0,-0.45682643896327735,3.929905104907807,29.194615711700703,5,20,6900,6.8070070460409235,,,
fixed_low,277,0.9464700111082608,0.009885574183552959,0.0,0.08081460524164572,4.27568966415226,29.540400270945156,5,20,6925,3.9020321297976173,,,
fixed_low,278,0.9464699851215712,0.011154649495221713,0.0,0.2702750373935245,4.19276144196645,29.457472048759346,5,20,6950,3.942454154613322,,,
fixed_low,279,0.946585800630509,0.01083202829362262,0.0,-0.03258927312284307,6.465178439420211,31.729889046213106,5,20,6975,9.626565142664049,,,
fixed_low,280,0.9465604097785792,0.00962756395685016,0.0,-0.38295633439733046,4.952129567438527,30.21684017423142,5,20,7000,6.198422967198638,,,
fixed_low,281,0.9466337620909432,0.009722778774635454,0.0,0.13576618663656692,6.282146170723935,31.54685677751683,5,20,7025,9.04441027260266,,,
fixed_low,282,0.9465797934552832,0.009867209328798032,0.0,0.009736132819380456,4.649644360046649,29.914354966839547,5,20,7050,4.66933489627776,,,
fixed_low,283,0.9465378117879578,0.009934783675307757,0.0,0.019353169001855058,2.3326545750594363,27.597365181852332,5,20,7075,1.4873401050343844,,,
fixed_low,284,0.9465454034624826,0.010057406969711247,0.0,0.08051639701122772,6.241750567400522,31.50646117419342,5,20,7100,9.386220026735156,,,
fixed_low,285,0.9464699620898922,0.01060775730261343,0.0,0.10557716198019484,4.498610388631848,29.763320995424742,5,20,7125,3.9037962347977917,,,
fixed_low,286,0.9464782560793632,0.011393378305891488,0.0,0.1715012975343179,4.449977326703372,29.71468793349627,5,20,7150,6.453300055342616,,,
fixed_low,287,0.9464876338700307,0.012337147055023534,0.0,0.1871052714827394,3.619541812589662,28.88425241938256,5,20,7175,4.2977509153767635,,,
fixed_low,288,0.946513561176358,0.010216830601351146,0.0,-0.3485849477793247,4.89911717119854,30.163827777991436,5,20,7200,10.618167799294435,,,
fixed_low,289,0.9465136617918434,0.009743654245596645,0.0,-0.37944356939472196,4.699559153676369,29.964269760469264,5,20,7225,4.11481270994319,,,
fixed_low,290,0.9464838291999147,0.009718836441772849,0.0,-0.037121657669025865,4.033330338749779,29.298040945542674,5,20,7250,4.514322911759667,,,
fixed_low,291,0.9465430511496596,0.009682881536219878,0.0,-0.0023875225984066584,4.590019164623214,29.85472977141611,5,20,7275,3.885833972732359,,,
fixed_low,292,0.9466905189121058,0.009462744625013508,0.0,-0.11436584723409052,3.808075752751309,29.072786359544203,5,20,7300,4.078436023375329,,,
fixed_low,293,0.9466720703429456,0.009329745702889358,0.0,-0.00652416306931657,4.754666835260364,30.019377442053262,5,20,7325,4.523057638391771,,,
fixed_low,294,0.9467359593734562,0.00935407111016151,0.0,0.0063614543628206805,8.511779025452698,33.77648963224559,5,20,7350,17.84456109920969,,,
fixed_low,295,0.9467810007514149,0.00899402412928263,0.0,-0.28293823414460795,5.009441827099257,30.274152433892155,5,20,7375,5.572820625830494,,,
fixed_low,296,0.9467655697611658,0.008945692710073838,0.0,-0.020648617503460167,4.567648841366462,29.83235944815936,5,20,7400,4.152979847734219,,,
fixed_low,297,0.9467316639614599,0.008851039646087355,0.0,-0.006308604296956577,6.138492177092952,31.40320278388585,5,20,7425,9.721376142219784,,,
fixed_low,298,0.9468542104220062,0.008748078189327768,0.0,0.07639153072628786,5.1189003832974125,30.383610990090308,5,20,7450,5.359807786467336,,,
fixed_low,299,0.9469133234566537,0.008735338452400598,0.0,-0.21494757171487927,4.265273258855624,29.529983865648518,5,20,7475,1.9208841058458725,,,
fixed_low,300,0.9468639107851762,0.00871787674027813,0.0,-0.006957030000331392,3.7296073244336747,28.994317931226572,5,20,7500,4.006918634175707,,,
fixed_low,301,0.9469299452038139,0.008731991911567372,0.0,-0.03965904691782334,2.405767177849872,27.670477784642767,5,20,7525,1.3252122803622475,,,
fixed_low,302,0.9470524873225967,0.008875917090552576,0.0,0.02763640435707721,2.367607704087018,27.632318310879914,5,20,7550,1.4492652670033754,,,
fixed_low,303,0.9470028622106139,0.009021596151725486,0.0,0.011853885841755828,3.5330893558007914,28.797799962593686,5,20,7575,3.975269405092184,,,
fixed_low,304,0.9471204077305531,0.008869244457227143,0.0,0.06805725012757191,4.476641307439847,29.741351914232744,5,20,7600,4.776113809823089,,,
fixed_low,305,0.9472190271569819,0.008760968959574567,0.0,-0.1566857374034343,4.182739874580822,29.447450481373718,5,20,7625,4.28979318524819,,,
fixed_low,306,0.9472753901629208,0.008734906468865544,0.0,-0.022385773479148163,4.668270415783641,29.932981022576538,5,20,7650,4.637208580026635,,,
fixed_low,307,0.9472214743066235,0.008763010695671203,0.0,0.09450622421932217,3.272683044209206,28.537393651002102,5,20,7675,3.718993154250411,,,
fixed_low,308,0.9472861608859555,0.008692003369069168,0.0,-0.21039492607725857,3.591361515725998,28.856072122518896,5,20,7700,4.763263114761047,,,
fixed_low,309,0.947368481584297,0.008536158804163696,0.0,-0.12215796965433887,6.4130323287256745,31.67774293551857,5,20,7725,8.499422379681606,,,
fixed_low,310,0.94740271160811,0.008537080784125073,0.0,0.1746425089524392,9.400869550258541,34.66558015705144,5,20,7750,17.621336499739186,,,
fixed_low,311,0.9474273542435158,0.008437694574901511,0.0,0.002604344409123271,6.365949771767822,31.63066037856072,5,20,7775,9.520671533372965,,,
fixed_low,312,0.9473810284099337,0.00854337272673611,0.0,0.006936320180771901,4.365158212061696,29.629868818854593,5,20,7800,4.412736025225808,,,
fixed_low,313,0.9473929788655444,0.008460985273507249,0.0,0.006465522910683057,5.150573093020164,30.41528369981306,5,20,7825,4.147196231825201,,,
fixed_low,314,0.9473227269036295,0.008446914155614937,0.0,0.0453372261255606,3.5211864581506775,28.785897064943573,5,20,7850,4.61002328327243,,,
fixed_low,315,0.9473576788054321,0.008538051405947211,0.0,0.08147945481076911,2.481903488243064,27.74661409503596,5,20,7875,1.4069550751564723,,,
fixed_low,316,0.9474463851699993,0.008436914007159069,0.0,0.08817079808722804,4.176800599458108,29.441511206251004,5,20,7900,4.13435527977987,,,
fixed_low,317,0.9474682966139829,0.008606859993417593,0.0,0.1481275115877047,4.423279148949062,29.68798975574196,5,20,7925,5.595571371204769,,,
fixed_low,318,0.9474974811438505,0.008514855794097054,0.0,0.0919457659454553,4.036169679777058,29.300880286569953,5,20,7950,3.5829949381551573,,,
fixed_low,319,0.9475751410292712,0.008125671133940804,0.0,-0.3402310277889915,2.5773425773989107,27.842053184191805,5,20,7975,2.490042946908596,,,
fixed_low,320,0.9475495057559016,0.007962841657049302,0.0,-0.254320493141389,6.754995114392351,32.01970572118525,5,20,8000,8.030318882191974,,,
fixed_low,321,0.9475760722881414,0.007991125756936723,0.0,0.16596546233135268,10.362692062073965,35.627402668866864,5,20,8025,24.767992110983556,,,
fixed_low,322,0.9475603084870454,0.007809377822459829,0.0,-0.36760033299683786,4.039816506411574,29.304527113204472,5,20,8050,5.022629390556783,,,
fixed_low,323,0.9475548647096447,0.007703215026708343,0.0,0.002553496091777022,6.909014428586511,32.173725035379405,5,20,8075,9.757973817370376,,,
fixed_low,324,0.9476149402805318,0.007661428083624688,0.0,-0.2986367312393966,2.2814111956036567,27.546121802396552,5,20,8100,1.8184535064514447,,,
fixed_low,325,0.9477278921349035,0.007558466324006918,0.0,-0.036498243818997966,3.7184905417938223,28.98320114858672,5,20,8125,4.479303114012511,,,
fixed_low,326,0.9477799226153694,0.007494358798435186,0.0,0.1083663326352133,2.3827782484840814,27.647488855276976,5,20,8150,2.1426104862116846,,,
fixed_low,327,0.9478587441732588,0.007679996499608821,0.0,0.17409465934937288,4.123363719069121,29.388074325862018,5,20,8175,4.2417958250923995,,,
fixed_low,328,0.9478227567380803,0.00791305533337261,0.0,0.12691553302912054,4.785640661341482,30.050351268134378,5,20,8200,3.9412306682298164,,,
fixed_low,329,0.9479478881982003,0.007626428313060596,0.0,-0.018852948492334952,5.748782617357228,31.013493224150125,5,20,8225,9.053668170868672,,,
fixed_low,330,0.9479597949744728,0.007772910829120017,0.0,0.15360184127312337,6.393646085243904,31.6583566920368,5,20,8250,9.990146054885606,,,
fixed_low,331,0.9480556006551458,0.007463156454089126,0.0,0.07819153104604606,4.585349171390442,29.850059778183336,5,20,8275,4.687829307932759,,,
fixed_low,332,0.9481258900805756,0.007548628108383193,0.0,0.0759682356801513,3.383768766136029,28.648479372928925,5,20,8300,4.409026317764179,,,
fixed_low,333,0.9481399577307826,0.007438933975280282,0.0,-0.08265542473090742,4.967531247280817,30.232241854073713,5,20,8325,3.0322128573508187,,,
fixed_low,334,0.9481151416490297,0.007414625821342891,0.0,-0.008408907937893744,7.349605104590751,32.61431571138365,5,20,8350,16.335577518880392,,,
fixed_low,335,0.9481309233868933,0.007459142206901359,0.0,0.010798558760164759,3.9081095270547097,29.172820133847605,5,20,8375,4.84878189418658,,,
fixed_low,336,0.9481492345585422,0.00726628247178962,0.0,0.022254907230382204,3.426832957646544,28.69154356443944,5,20,8400,4.179342495173658,,,
fixed_low,337,0.9481777603023251,0.00709476645120366,0.0,0.0730404864480352,4.856769244283539,30.121479851076437,5,20,8425,4.334811124664076,,,
fixed_low,338,0.9482075839146201,0.007048461866389744,0.0,0.16847871885134527,2.850209302056935,28.11491990884983,5,20,8450,1.3778673432883908,,,
fixed_low,339,0.9482253368757155,0.006933938360483283,0.0,-0.03557033006735283,5.823814424527942,31.088525031320838,5,20,8475,9.298310232734613,,,
fixed_low,340,0.9482865385444996,0.006949968009084984,0.0,0.0913963300550239,3.343898386389182,28.608608993182077,5,20,8500,3.861291191921062,,,
fixed_low,341,0.948343558588409,0.00711021005098067,0.0,0.4147490222405099,2.7411699323489707,28.005880539141867,5,20,8525,2.168564614193412,,,
fixed_low,342,0.9483900286874704,0.008020833393959315,0.0,0.425618657160625,4.436675790541503,29.7013863973344,5,20,8550,3.203368654687294,,,
fixed_low,343,0.9484145800946565,0.008238647250719433,0.0,0.05108202024618014,2.7927979570908987,28.057508563883793,5,20,8575,1.296389300165702,,,
fixed_low,344,0.948495078584516,0.008172824362290498,0.0,-0.02896015828940289,4.748220209418828,30.012930816211725,5,20,8600,4.330134698515321,,,
fixed_low,345,0.9485891628944876,0.007150105953602326,0.0,-0.2835605407880349,3.931354502916095,29.19606510970899,5,20,8625,4.530557254218207,,,
fixed_low,346,0.9486270777333509,0.007167944390586434,0.0,-0.10266157959088765,2.726351918537257,27.991062525330154,5,20,8650,1.7540800467929205,,,
fixed_low,347,0.9486183663640575,0.0073898652286733535,0.0,-0.01624831527363458,3.7344137397324912,28.999124346525388,5,20,8675,4.159267093060438,,,
fixed_low,348,0.9486719191444594,0.007277973052591813,0.0,0.13603222926030625,3.7129008746738523,28.97761148146675,5,20,8700,4.330972250263211,,,
fixed_low,349,0.9487004346116229,0.007311676965813141,0.0,0.03775813131427912,6.272994214358978,31.537704821151873,5,20,8725,9.217218883694926,,,
fixed_low,350,0.9487744270051285,0.00732738424783097,0.0,0.10268090752756874,6.663569914002051,31.928280520794946,5,20,8750,11.630682951073437,,,
fixed_low,351,0.9488332191220541,0.007399170507282671,0.0,0.08369435650656058,4.810063445917885,30.07477405271078,5,20,8775,4.677371792826048,,,
fixed_low,352,0.9488797766210416,0.008414965991211165,0.0,0.1384324362405727,4.433066631811873,29.69777723860477,5,20,8800,4.113291091990523,,,
fixed_low,353,0.9489471742661838,0.008200742105740289,0.0,-0.01430971996604155,3.6468713284362484,28.911581935229144,5,20,8825,4.637965705344161,,,
fixed_low,354,0.9489835469838253,0.007886822148583161,0.0,-0.013598038339778068,5.729702479938517,30.994413086731413,5,20,8850,9.70526394738414,,,
fixed_low,355,0.9489895175828731,0.007230701915367899,0.0,-0.20684913495556556,4.116963522318233,29.38167412911113,5,20,8875,1.6393156116133871,,,
fixed_low,356,0.9490382145389117,0.007151946075686921,0.0,0.011779123956659884,3.0243555427042303,28.289066149497128,5,20,8900,1.2153442457886274,,,
fixed_low,357,0.9490228290314621,0.007313326798778275,0.0,0.1817253420851011,4.592156162831694,29.856866769624588,5,20,8925,3.810699705317599,,,
fixed_low,358,0.949027342460045,0.007546898064317631,0.0,0.06384598188409013,2.2971563690268866,27.561866975819783,5,20,8950,1.7584616233960204,,,
fixed_low,359,0.9490600170847896,0.009154970771731996,0.0,0.2726841168309336,4.737415800150936,30.00212640694383,5,20,8975,9.551727116062949,,,
fixed_low,360,0.9490245416176186,0.010263988470878838,0.0,0.19223531823724455,2.532148840194446,27.79685944698734,5,20,9000,3.1902950638718846,,,
fixed_low,361,0.9490250577081741,0.010962076977293456,0.0,0.11286830819430645,5.584514310808081,30.849224917600978,5,20,9025,4.36502333384115,,,
fixed_low,362,0.9491121055899014,0.010836753703375779,0.0,-0.024200512156399814,2.237652170024432,27.50236277681733,5,20,9050,1.1140463773294873,,,
fixed_low,363,0.949108683730743,0.011705860591018968,0.0,0.13691729664933902,6.344019201100782,31.608729807893678,5,20,9075,8.798161006249542,,,
fixed_low,364,0.9491757745438171,0.011561289176401424,0.0,-0.022026506227306748,3.9958783884163003,29.260588995209197,5,20,9100,4.394852698094917,,,
fixed_low,365,0.9492254680664411,0.011968280830433553,0.0,0.08986003968580962,5.161265170023743,30.42597577681664,5,20,9125,4.133327183800062,,,
fixed_low,366,0.9491720427158653,0.01340027731229576,0.0,0.2817210406850426,3.96415453591524,29.228865142708138,5,20,9150,4.093052650380846,,,
fixed_low,367,0.9492321122727554,0.013556474327631851,0.0,0.004370844784288656,4.558920041645929,29.823630648438826,5,20,9175,4.078501498837917,,,
fixed_low,368,0.9493547801413939,0.013422007109247347,0.0,-0.013342363939244949,3.937317027413069,29.202027634205965,5,20,9200,4.452149822654308,,,
fixed_low,369,0.9493212324549217,0.013373057827602675,0.0,0.028092091410101452,2.4201134982435435,27.68482410503644,5,20,9225,1.1671346810485081,,,
fixed_low,370,0.9493337027158336,0.013734515234865685,0.0,0.06928422111870151,3.916989434876184,29.18170004166908,5,20,9250,3.9231173125612244,,,
fixed_low,371,0.9494054386317818,0.013634545063563652,0.0,-0.007588965108878285,4.1535469392052295,29.418257545998124,5,20,9275,4.06938180798912,,,
fixed_low,372,0.9493888900535692,0.01529316117362034,0.0,0.28596207182935107,2.6103508470314387,27.875061453824333,5,20,9300,1.197778034636949,,,
fixed_low,373,0.9495172027477746,0.014717443877257264,0.0,-0.07049493585024506,4.756203948277312,30.020914555070206,5,20,9325,4.966771123424916,,,
fixed_low,374,0.9496040440931689,0.014691911072037711,0.0,-0.0344438693692197,3.4255904820666827,28.690301088859577,5,20,9350,3.944291672383173,,,
fixed_low,375,0.949578582821038,0.015212211423682676,0.0,0.09246721136662522,2.355632541822678,27.620343148615575,5,20,9375,1.9804865952934116,,,
fixed_low,376,0.9495542551383636,0.01846370925273555,0.0,0.5767942548591416,3.8916999678385085,29.156410574631405,5,20,9400,4.179237329637364,,,
fixed_low,377,0.9495198155391575,0.01909111008309816,0.0,0.10406323237306984,4.4752270306143895,29.739937637407287,5,20,9425,5.179752554992083,,,
fixed_low,378,0.9494877047621942,0.018930241739072207,0.0,-0.023742335736715223,4.305710840254913,29.57042144704781,5,20,9450,4.1992341338825145,,,
fixed_low,379,0.9495556002771018,0.01730182619402698,0.0,-0.24401825864190665,3.427563913429461,28.692274520222355,5,20,9475,4.898669102217221,,,
fixed_low,380,0.9494851433015744,0.01721343130470243,0.0,-0.023752507391904102,5.000808116864758,30.265518723657653,5,20,9500,9.772644442543845,,,
fixed_low,381,0.9495030695552811,0.017256676442558683,0.0,0.017825915770579917,4.3052885606548275,29.569999167447722,5,20,9525,4.510593501040509,,,
fixed_low,382,0.9496692800956901,0.017115773272370016,0.0,-0.02790393402297741,6.611998279766961,31.876708886559857,5,20,9550,9.36118725930968,,,
fixed_low,383,0.9496322774914039,0.01793520484651412,0.0,0.13777719504174626,6.455964978749795,31.72067558554269,5,20,9575,8.884199458843943,,,
fixed_low,384,0.9496364120168218,0.017968816568725843,0.0,0.014407275121438228,4.229758049335218,29.494468656128113,5,20,9600,4.522210376877669,,,
fixed_low,385,0.9497173888327939,0.01791716386028741,0.0,-0.01256182208592893,4.612042020540696,29.87675262733359,5,20,9625,4.6986175815445215,,,
fixed_low,386,0.9497206677325505,0.017821960379049262,0.0,-0.007230634432811126,3.762355322250503,29.0270659290434,5,20,9650,4.802021679707666,,,
fixed_low,387,0.9497379542300834,0.017703717813502107,0.0,0.009685874045871417,7.825475855213687,33.090186462006585,5,20,9675,16.770185802330467,,,
fixed_low,388,0.9497075779942172,0.017588246961228404,0.0,-0.00961046691414332,5.109000038839807,30.373710645632702,5,20,9700,4.300703823925722,,,
fixed_low,389,0.9497118723351531,0.015680719873506055,0.0,-0.29662344349246583,3.592362328978348,28.857072935771242,5,20,9725,4.705474800841456,,,
fixed_low,390,0.9497157312037723,0.015543243506271454,0.0,-0.038503486804512904,2.2332751810818374,27.497985787874732,5,20,9750,1.3665486026384999,,,
fixed_low,391,0.9497465130715975,0.015787796591691272,0.0,0.03419194573490736,4.082583054332478,29.347293661125374,5,20,9775,4.25799509816494,,,
fixed_low,392,0.9497818867795542,0.01541798117119797,0.0,-0.05233437057352995,4.092526239115464,29.35723684590836,5,20,9800,3.8901862423050693,,,
fixed_low,393,0.9497441302418973,0.015379356676228362,0.0,-0.041065208189374786,2.6100006460841954,27.87471125287709,5,20,9825,1.3432740787899589,,,
fixed_low,394,0.9498039996246714,0.01606879022611063,0.0,0.10144309940536528,2.322987713767909,27.587698320560804,5,20,9850,1.1463929798819164,,,
fixed_low,395,0.949752218493178,0.014833598288970018,0.0,-0.2143601040123458,8.146490818035794,33.41120142482869,5,20,9875,16.015627546837354,,,
fixed_low,396,0.9497537933142374,0.015067166908536822,0.0,0.03420831387087595,4.256228973670643,29.52093958046354,5,20,9900,3.9036832292246624,,,
fixed_low,397,0.9498074369708464,0.015966095539895697,0.0,0.1576054803702656,2.560268535915572,27.824979142708468,5,20,9925,1.32197463409846,,,
fixed_low,398,0.9498117059483367,0.015671027826122397,0.0,-0.021427842911541838,6.84384886209984,32.108559468892736,5,20,9950,9.068098609220975,,,
fixed_low,399,0.9498930707966123,0.016844636290391346,0.0,0.20772820646502846,3.3723474448825415,28.63705805167544,5,20,9975,4.824592870203697,,,
fixed_low,400,0.9499652892704015,0.01675081700176373,0.0,-0.028063022816956537,5.027830731127467,30.292541337920362,5,20,10000,4.695175740327135,,,
fixed_low,401,0.9498995725477611,0.016389190550194277,0.0,-0.049812878069766586,3.581867745787883,28.846578352580778,5,20,10025,4.25133834807813,,,
fixed_low,402,0.9499620764288308,0.014329711562302783,0.0,-0.36053351374949566,3.134114786974413,28.39882539376731,5,20,10050,2.684072660491663,,,
fixed_low,403,0.9499535357616986,0.014979329540195763,0.0,0.12698543103988952,3.4875223905565247,28.75223299734942,5,20,10075,3.545377147672666,,,
fixed_low,404,0.9499569113615296,0.014256993123474393,0.0,-0.12098925496256138,5.037877901002995,30.30258850779589,5,20,10100,4.903674316958826,,,
fixed_low,405,0.950078668809149,0.014103063771709556,0.0,-0.040508385672845405,4.773925464379324,30.03863607117222,5,20,10125,4.61939618612452,,,
fixed_low,406,0.950049589925162,0.013990622428254773,0.0,-0.001046890673341518,3.970099472913721,29.234810079706616,5,20,10150,4.284736818916741,,,
fixed_low,407,0.950041483144467,0.013776720596175629,0.0,-0.0019345424932244782,5.636147765882496,30.900858372675394,5,20,10175,9.554858518683012,,,
fixed_low,408,0.9500563102151588,0.01006128351367308,0.0,-0.6416481026221964,4.041903090644544,29.30661369743744,5,20,10200,9.834274929978212,,,
fixed_low,409,0.9500669491836596,0.0097867696828432,0.0,-0.038665005735681705,6.459790052916484,31.724500659709378,5,20,10225,9.144772592356187,,,
fixed_low,410,0.950135441965336,0.009491072918165422,0.0,-0.0541037353633411,4.109374248927243,29.374084855720138,5,20,10250,4.608555429517884,,,
fixed_low,411,0.9501392251275069,0.009132605824569984,0.0,-0.07211445081641686,3.0227445321845905,28.287455138977485,5,20,10275,1.440806179840406,,,
fixed_low,412,0.9501507852100273,0.009055045357603375,0.0,-0.04093970848506247,8.439102689645045,33.70381329643794,5,20,10300,17.0424880939788,,,
fixed_low,413,0.9501577062076982,0.00900319142220607,0.0,-0.0013146786899801933,4.904047427632683,30.16875803442558,5,20,10325,4.2979143161900435,,,
fixed_low,414,0.9500793366666851,0.009958379590367716,0.0,0.16493689519549187,7.025858313420287,32.29056892021318,5,20,10350,19.99983115462365,,,
fixed_low,415,0.9501385548424941,0.010372705980722596,0.0,0.08708462674165142,3.6049488359313635,28.86965944272426,5,20,10375,4.836461653234666,,,
fixed_low,416,0.9501822483095986,0.008807597248484567,0.0,-0.2855963029614964,4.930672036398521,30.195382643191415,5,20,10400,4.573839374272307,,,
fixed_low,417,0.9502095838976929,0.008484172080357011,0.0,-0.04371927490304633,3.4788861607778623,28.743596767570757,5,20,10425,3.755745909585249,,,
fixed_low,418,0.950208933141409,0.011587046420663216,0.0,0.5389066411785519,2.174651842126125,27.43936244891902,5,20,10450,8.912687796345967,,,
fixed_low,419,0.9502520943716867,0.011496445232966113,0.0,0.0007837707914545232,6.4222476361102165,31.686958242903113,5,20,10475,9.648106782357221,,,
fixed_low,420,0.9502555624999058,0.012451334756346966,0.0,0.14982368221715403,4.111741789795864,29.37645239658876,5,20,10500,4.2092756409700005,,,
fixed_low,421,0.9502056142012386,0.01231563310263617,0.0,0.006102696243986839,3.8987735084182855,29.163484115211183,5,20,10525,4.193916991350773,,,
fixed_low,422,0.9502643568416099,0.012470063491505257,0.0,0.035442318337940405,2.3179042285725378,27.582614835365433,5,20,10550,1.2518844947817591,,,
fixed_low,423,0.9502752589872875,0.012235366756388921,0.0,-0.0035895199446325573,7.335064310903639,32.599774917696536,5,20,10575,9.393906549047877,,,
fixed_low,424,0.9502276079132315,0.011997855293640391,0.0,-0.048542573894978056,4.369925818529932,29.634636425322828,5,20,10600,4.595288476303011,,,
fixed_low,425,0.9502500758534881,0.01186072333168331,0.0,-0.01882114191778375,3.689558227363872,28.954268834156768,5,20,10625,4.368389743064208,,,
fixed_low,426,0.9502410719261968,0.011748121231486386,0.0,-0.04149030857872441,6.616169180728858,31.880879787521753,5,20,10650,9.393192490888417,,,
fixed_low,427,0.9502181856006618,0.011797476642781413,0.0,0.025438582779945304,4.042349109612413,29.30705971640531,5,20,10675,4.279689619492512,,,
fixed_low,428,0.9502148257099354,0.01166982088673485,0.0,-0.02859097890036459,5.01629366202185,30.281004268814748,5,20,10700,4.803102527465477,,,
fixed_low,429,0.9502145278651372,0.011344388703934283,0.0,-0.04111806798055187,4.773675410612016,30.03838601740491,5,20,10725,4.3236643069899845,,,
fixed_low,430,0.950206516336558,0.011933116869313531,0.0,0.090646902534894,3.5382000346913705,28.802910641484267,5,20,10750,3.9710237656453806,,,
fixed_low,431,0.9502609558841173,0.01206045628480601,0.0,0.003797940132784316,5.981944289546084,31.24665489633898,5,20,10775,9.406322709030576,,,
fixed_low,432,0.9502833787898937,0.011857345993188662,0.0,-0.040424221649498944,4.359355391571913,29.62406599836481,5,20,10800,4.114702791938357,,,
fixed_low,433,0.9502917127656051,0.013432492137668506,0.0,0.26423940596550166,4.2414750648989665,29.506185671691863,5,20,10825,3.9379080227991627,,,
fixed_low,434,0.9502966551438049,0.013225965295480147,0.0,-0.008602002200821057,3.2995051824418193,28.564215789234716,5,20,10850,1.3244247411375356,,,
fixed_low,435,0.9502816045969398,0.013743412332987925,0.0,0.08665499432012884,2.657272292505862,27.921982899298758,5,20,10875,1.1240936557206698,,,
fixed_low,436,0.9504142519201114,0.013849059705562272,0.0,0.019235146240545026,6.339218606422451,31.603929213215345,5,20,10900,9.261515331292795,,,
fixed_low,437,0.9504780012922988,0.013589787217481608,0.0,-0.021110503392262503,4.522646106604978,29.787356713397873,5,20,10925,4.412542003599876,,,
fixed_low,438,0.9505621708973467,0.01287554976970473,0.0,-0.1109829538181496,2.246187133485092,27.510897740277986,5,20,10950,1.3616668232007487,,,
fixed_low,439,0.950660479237594,0.012694915121197914,0.0,-0.009850780271925907,2.4912745250372357,27.75598513183013,5,20,10975,1.3361438605876583,,,
fixed_low,440,0.9507243716615212,0.01298200401265781,0.0,0.07266042055141982,4.652148094699392,29.916858701492288,5,20,11000,3.8870836642087663,,,
fixed_low,441,0.9507456270548232,0.013567738074034441,0.0,0.08403206722978741,4.832415061153485,30.09712566794638,5,20,11025,8.44555379701991,,,
fixed_low,442,0.950773931793474,0.013354960987721265,0.0,-0.0504472273575241,3.984627148807454,29.24933775560035,5,20,11050,4.573096220421427,,,
fixed_low,443,0.9509070844067257,0.011957983301910113,0.0,-0.22095126911475743,9.174446175237255,34.43915678203015,5,20,11075,18.986473679803705,,,
fixed_low,444,0.9509493594343233,0.011604107085043891,0.0,-0.0648282100747444,3.0850716303443004,28.349782237137198,5,20,11100,1.4138144809943398,,,
fixed_low,445,0.9509658382529046,0.011536569883693004,0.0,-0.010816725539892796,4.401103727956648,29.665814334749545,5,20,11125,3.7684054253571726,,,
fixed_low,446,0.9509910436686693,0.010552582440734315,0.0,-0.1770472374417117,7.904929362555316,33.16963996934821,5,20,11150,9.904763526653527,,,
fixed_low,447,0.9509763016291453,0.011316580293968204,0.0,0.11276892867410018,5.007712945503874,30.27242355229677,5,20,11175,4.716328246713914,,,
fixed_low,448,0.9509739872984942,0.012250405007444787,0.0,0.16039208180401215,4.13508864092837,29.399799247721266,5,20,11200,3.887899112897834,,,
fixed_low,449,0.9509147475574382,0.012093124211270845,0.0,-0.02106531444158865,4.13324170969034,29.397952316483234,5,20,11225,4.37470012546487,,,
fixed_low,450,0.9508575658081724,0.012469665125925844,0.0,0.061857262783750026,2.1534013458423136,27.418111952635208,5,20,11250,1.1637137153714172,,,
fixed_low,451,0.9508449789507137,0.012659030438247898,0.0,0.039493722384464185,4.294878793093765,29.55958939988666,5,20,11275,3.8207359086762334,,,
fixed_low,452,0.9507835139618501,0.012617050657042328,0.0,0.0026397285320277305,4.721304169280706,29.986014776073603,5,20,11300,4.172441771633243,,,
fixed_low,453,0.9508205851027401,0.01288205198719139,0.0,0.05201976507958473,2.477397439295758,27.742108046088653,5,20,11325,1.2383091335589467,,,
fixed_low,454,0.9508969438527464,0.013416208233970273,0.0,0.09832136242743542,3.98489640422083,29.249607011013726,5,20,11350,4.2597396404709595,,,
fixed_low,455,0.9508482008349711,0.01313377676812899,0.0,-0.03977831961456365,4.547903383143749,29.812613989936644,5,20,11375,4.572895689268669,,,
fixed_low,456,0.9509005734298409,0.01426715988742211,0.0,0.18119947559075278,2.322645471472235,27.58735607826513,5,20,11400,3.193397859676228,,,
fixed_low,457,0.9509535479886846,0.011505564093473253,0.0,-0.4929024609382402,4.702888262372016,29.967598869164913,5,20,11425,6.718024034331577,,,
fixed_low,458,0.9509511466192772,0.011718175056730562,0.0,0.044176103172851755,2.5868036387996223,27.85151424559252,5,20,11450,1.4182636116377878,,,
fixed_low,459,0.9509774463011351,0.013025463401004411,0.0,0.23917011294753768,4.973787348460946,30.23849795525384,5,20,11475,5.252547547980331,,,
fixed_low,460,0.951028468050819,0.012968434902388082,0.0,0.002400778882952622,4.7178754819102995,29.982586088703194,5,20,11500,4.543598103842806,,,
fixed_low,461,0.951071696571906,0.012840390983441363,0.0,-0.016976175194606636,7.766140476146837,33.03085108293973,5,20,11525,16.27325390420885,,,
fixed_low,462,0.9510837965135407,0.012794389962909491,0.0,-0.0021001424603806235,2.099797130566945,27.36450773735984,5,20,11550,1.1828324866486475,,,
fixed_low,463,0.9511311457888817,0.012696698861724975,0.0,-0.009752668237600456,3.042986109537378,28.307696716330273,5,20,11575,1.1939483980768724,,,
fixed_low,464,0.9512357212765545,0.01422437208391647,0.0,0.249421699615901,4.403488630477348,29.668199237270244,5,20,11600,3.260761482509852,,,
fixed_low,465,0.9512302162799908,0.014087287661456283,0.0,0.0006463537287737868,4.082269448521027,29.34698005531392,5,20,11625,4.383249223565788,,,
fixed_low,466,0.951267005109749,0.013873703256814474,0.0,0.015750120459408847,4.7291688800976095,29.993879486890506,5,20,11650,4.737345936327557,,,
fixed_low,467,0.9512887930578153,0.013787393776879098,0.0,-0.018067633461361997,4.545661663401267,29.810372270194165,5,20,11675,4.195254347981057,,,
fixed_low,468,0.9512932435433483,0.013900511187680986,0.0,0.05563110884237113,4.739918444779604,30.0046290515725,5,20,11700,4.0026496225365475,,,
fixed_low,469,0.9512037009718507,0.01453887353134764,0.0,0.12574035769427647,3.0463235378142577,28.311034144607152,5,20,11725,2.2399386833280754,,,
fixed_low,470,0.9511777287742763,0.014438100660835618,0.0,-0.0001258555750342933,5.1127593168551995,30.377469923648096,5,20,11750,4.743338531390584,,,
fixed_low,471,0.951212781967426,0.014092004491703114,0.0,-0.052606003712412634,2.2964985074709237,27.561209114263818,5,20,11775,1.355948172493063,,,
fixed_low,472,0.9513105050878493,0.013649496480423906,0.0,-0.06890650570600625,4.932985584010889,30.197696190803786,5,20,11800,4.354253032680126,,,
fixed_low,473,0.9513904474216341,0.010901326608958595,0.0,-0.49919847938809103,7.278458952823736,32.54316955961663,5,20,11825,7.678602964123575,,,
fixed_low,474,0.9514165991173228,0.010781361353405794,0.0,-0.025507367566689313,3.283671626900876,28.548382233693772,5,20,11850,4.025494426288145,,,
fixed_low,475,0.9513724077563867,0.010710005244536913,0.0,-0.005631682977370114,3.150083923761341,28.414794530554236,5,20,11875,3.965687548149552,,,
fixed_low,476,0.9514188386360553,0.011421881579158688,0.0,0.12432618828922329,3.0955155296334507,28.36022613642635,5,20,11900,1.3112692414240832,,,
fixed_low,477,0.95147661088023,0.007638786861568381,0.0,-0.6604490301149832,4.515946677817059,29.780657284609955,5,20,11925,5.612265746523234,,,
fixed_low,478,0.9515945811150563,0.0075777117714650455,0.0,-0.007191285480818398,3.5685274734418835,28.83323808023478,5,20,11950,4.593127395172927,,,
fixed_low,479,0.951607339764106,0.008940481232627695,0.0,0.2209741938130431,4.552457866827292,29.81716847362019,5,20,11975,3.702731286128057,,,
fixed_low,480,0.9515874366392973,0.008681592891431777,0.0,-0.03421249159901999,7.115835761222785,32.38054636801568,5,20,12000,9.547923549309395,,,
fixed_low,481,0.9515347221321673,0.008099847523926673,0.0,-0.08823315191262679,3.537357952186115,28.80206855897901,5,20,12025,4.971952770150546,,,
fixed_low,482,0.9515191227713544,0.008408239497977088,0.0,0.04184704714438831,6.062045763050802,31.326756369843697,5,20,12050,9.316115795424924,,,
fixed_low,483,0.9514834430648152,0.005687031023113187,0.0,-0.8148159834157559,7.890927908995963,33.15563851578886,5,20,12075,20.059220125525318,,,
fixed_low,484,0.9515095079938743,0.005991767330073672,0.0,0.36058414594975174,5.256926323773976,30.52163693056687,5,20,12100,8.248936533861224,,,
fixed_low,485,0.9515052063321167,0.005665123350900636,0.0,-0.10236142876610646,5.419735902518925,30.68444650931182,5,20,12125,4.731312379763806,,,
fixed_low,486,0.9514503009327113,0.005765310595962747,0.0,-0.04991073007253133,6.033028625661872,31.297739232454767,5,20,12150,9.684327737971815,,,
fixed_low,487,0.9514163704782699,0.005853293988296371,0.0,-0.04511611494919452,4.805082422834354,30.06979302962725,5,20,12175,4.663735457693473,,,
fixed_low,488,0.9514283380629579,0.005822571819911193,0.0,-0.011398711402549198,3.5162630465573037,28.7809736533502,5,20,12200,4.563705497833925,,,
fixed_low,489,0.9514137954338278,0.0055997471264029874,0.0,0.11423340674816179,5.577423512831014,30.84213411962391,5,20,12225,8.686066171153861,,,
fixed_low,490,0.9513517077909319,0.005577235915135259,0.0,-0.30899544177594623,5.055773283404592,30.320483890197487,5,20,12250,4.951396767439308,,,
fixed_low,491,0.9513104277049534,0.005644046173768347,0.0,-0.014984821556033241,6.6077037018439,31.872414308636795,5,20,12275,9.913092228689898,,,
fixed_low,492,0.9513065852281812,0.0056235471479221255,0.0,-0.44532084639378755,3.517740789793032,28.782451396585927,5,20,12300,6.516624547159477,,,
fixed_low,493,0.9513590785707786,0.005741654966490817,0.0,0.2023323046943283,3.367000032876395,28.63171063966929,5,20,12325,1.2111690376146775,,,
fixed_low,494,0.9513739710149962,0.005736219293138056,0.0,0.013480886846643557,4.52400347067339,29.788714077466285,5,20,12350,4.449648602164069,,,
fixed_low,495,0.9513825046664633,0.005710258289681414,0.0,-0.0009464402892970671,4.887728094213444,30.15243870100634,5,20,12375,4.022660588827035,,,
fixed_low,496,0.9513133315889718,0.005724816900381624,0.0,-0.028272469080977674,8.41732518897657,33.682035795769465,5,20,12400,17.012952723850834,,,
fixed_low,497,0.9514281151111267,0.005700971673088362,0.0,0.09356707196642641,3.7403123640475986,29.005022970840493,5,20,12425,5.9931083777856875,,,
fixed_low,498,0.9514124951520291,0.005635517970841275,0.0,0.018111664315151297,3.2635385970377153,28.52824920383061,5,20,12450,1.290411063560362,,,
fixed_low,499,0.9514143788926293,0.005562339110929737,0.0,-0.33702694430554,7.499438039487553,32.76414864628045,5,20,12475,8.180061300890694,,,
fixed_low,500,0.9514806919359974,0.005582288256974377,0.0,0.21668245884990664,3.971696873312085,29.23640748010498,5,20,12500,4.133642658881153,,,
fixed_low,501,0.9514736119760084,0.0055703510505895615,0.0,-0.03470975741499288,6.518000298412578,31.782710905205473,5,20,12525,9.331978470767076,,,
fixed_low,502,0.951491547663418,0.005641420982556711,0.0,0.04117057037732233,5.704490114088283,30.96920072088118,5,20,12550,9.097981216786664,,,
fixed_low,503,0.9514585394503625,0.005646905803356472,0.0,-0.20244192385916362,7.503180366777674,32.76789097357057,5,20,12575,10.62452330865824,,,
fixed_low,504,0.9515329251185073,0.005676965681031598,0.0,-0.00798291397083695,6.599551155435446,31.86426176222834,5,20,12600,9.202949851755797,,,
fixed_low,505,0.9516069797276376,0.0054733565065056,0.0,-0.004506098803561789,5.295334665427097,30.560045272219995,5,20,12625,9.70841859886653,,,
fixed_low,506,0.9516973303653055,0.005428392097178603,0.0,0.08030908879370006,5.227808558741276,30.492519165534173,5,20,12650,9.377380555980352,,,
fixed_low,507,0.9516175083584715,0.005376382492299436,0.0,-0.26706008460236536,2.6479374948194017,27.912648101612298,5,20,12675,1.5653549565400993,,,
fixed_low,508,0.9516053687455119,0.005450198571329223,0.0,-0.025348839588459102,2.805261808583629,28.069972415376526,5,20,12700,1.4091401520722073,,,
fixed_low,509,0.9515924441252127,0.005500457136168202,0.0,-0.02578796106929931,2.6791594984932354,27.94387010528613,5,20,12725,1.323989425613297,,,
fixed_low,510,0.9516303908605193,0.005609253574279993,0.0,0.05434225713103511,4.666171444103122,29.930882050896017,5,20,12750,9.168254306103742,,,
fixed_low,511,0.9516717930816871,0.005828639272272951,0.0,-0.1800490939915257,3.4789774887218323,28.743688095514727,5,20,12775,1.9699725520345788,,,
fixed_low,512,0.9515940731924704,0.0058043134710840105,0.0,0.181350615975072,3.6396166529976552,28.904327259790552,5,20,12800,7.887286401209901,,,
fixed_low,513,0.951631060003369,0.005653407218881856,0.0,0.005536930026061713,3.067545814700544,28.33225642149344,5,20,12825,1.4492280582656565,,,
fixed_low,514,0.9517109279415394,0.0056287252593520964,0.0,0.15417595455729483,4.100652669486868,29.365363276279766,5,20,12850,6.623441653508477,,,
fixed_low,515,0.9517349911764659,0.005618470262403252,0.0,-0.008434712801485056,3.587993911616173,28.85270451840907,5,20,12875,4.121461108317309,,,
fixed_low,516,0.9517711719342107,0.005525112361545403,0.0,0.013217602251688842,6.685390451371595,31.950101058164492,5,20,12900,9.773939154901658,,,
fixed_low,517,0.9518327187299374,0.005580557374177952,0.0,0.3125752764233606,2.547113616469616,27.811824223262512,5,20,12925,1.3913227791594176,,,
fixed_low,518,0.9518761059074413,0.005705657196445446,0.0,0.2133622989728108,2.9281707917009347,28.19288139849383,5,20,12950,1.2819145685519706,,,
fixed_low,519,0.9519087936048334,0.0056716046782799845,0.0,0.17955275398108997,2.8861705312172186,28.150881138010114,5,20,12975,3.0374900371357705,,,
fixed_low,520,0.9519412320387762,0.005661532362389199,0.0,-0.015637653722237497,7.431740674468363,32.69645128126126,5,20,13000,10.014170937885735,,,
fixed_low,521,0.951932822140026,0.00576867137955972,0.0,0.1161477907789773,3.693146684075135,28.95785729086803,5,20,13025,4.218979097699858,,,
fixed_low,522,0.9519107095923673,0.005592472523808345,0.0,-0.08383383206116785,3.4150472490492594,28.679757855842155,5,20,13050,4.4451183092791515,,,
fixed_low,523,0.951922922733363,0.006054535919018833,0.0,0.13468158201375174,4.819298627015905,30.0840092338088,5,20,13075,4.827451209588667,,,
fixed_low,524,0.9519240761166557,0.006616982319625153,0.0,0.08156594509018161,4.1079974444900715,29.372708051282967,5,20,13100,3.896980083266084,,,
fixed_low,525,0.9518818006182851,0.006023415667276044,0.0,-0.08888099397359128,4.743590595858776,30.008301202651673,5,20,13125,9.503120920420143,,,
fixed_low,526,0.951837930998039,0.007148354451112504,0.0,0.19736596199833512,6.679431779321445,31.94414238611434,5,20,13150,10.447455298985274,,,
fixed_low,527,0.9518294711793708,0.006109245581457978,0.0,-0.15723032062281056,4.247691384817839,29.512401991610734,5,20,13175,2.130862901731388,,,
fixed_low,528,0.9518453675009302,0.006733084374767051,0.0,0.10315832560507197,5.544250640284046,30.808961247076944,5,20,13200,9.617838126337201,,,
fixed_low,529,0.9518343135356329,0.006613553558217022,0.0,-0.010136705856523322,4.264174481582075,29.52888508837497,5,20,13225,4.6411346014149375,,,
fixed_low,530,0.9518181859373748,0.006085451882690718,0.0,-0.7875690304931279,4.5019951743944535,29.766705781187348,5,20,13250,13.756364594304006,,,
fixed_low,531,0.9518911782962793,0.0060872764307847715,0.0,0.11875067046217094,4.777436799953534,30.04214740674643,5,20,13275,4.247489629611286,,,
fixed_low,532,0.9518814872575145,0.005917904066201962,0.0,0.009312761847581858,7.0644478212839585,32.32915842807685,5,20,13300,9.512567583544792,,,
fixed_low,533,0.9519059829237774,0.005947080446571662,0.0,0.10310179037114088,4.399668358190707,29.6643789649836,5,20,13325,4.084673671983677,,,
fixed_low,534,0.9519288687569526,0.006088514753235019,0.0,-0.019664001654101367,4.058489517355888,29.323200124148784,5,20,13350,4.137457967123458,,,
fixed_low,535,0.9519656602058663,0.006274212945365343,0.0,-0.3164988864147657,3.188542397529069,28.453253004321965,5,20,13375,4.996996945538776,,,
fixed_low,536,0.9519114006063364,0.006285743469943039,0.0,-0.0017303361224077754,4.917966765413478,30.182677372206374,5,20,13400,4.537505389817139,,,
fixed_low,537,0.9518572838075796,0.006279101120548858,0.0,-0.3190840280618856,5.058454703884867,30.323165310677762,5,20,13425,4.505824207032047,,,
fixed_low,538,0.9518850428473709,0.006205575986999667,0.0,0.08197019427962267,5.388406177282125,30.65311678407502,5,20,13450,5.776219947233388,,,
fixed_low,539,0.9518872648564739,0.006075168432325584,0.0,0.4223357171849524,2.7996699108419034,28.0643805176348,5,20,13475,6.119876956220721,,,
fixed_low,540,0.951898978135564,0.006128229537140761,0.0,0.15209311180505158,3.717337683114356,28.98204828990725,5,20,13500,4.554995112186691,,,
fixed_low,541,0.951900469322307,0.006152749290872062,0.0,0.0059356278658331,7.688438605265853,32.95314921205875,5,20,13525,16.671546632960958,,,
fixed_low,542,0.951844131810405,0.006047978389891573,0.0,-0.014763044339978326,4.075672470616227,29.340383077409122,5,20,13550,4.066076708366014,,,
fixed_low,543,0.951883077854202,0.006145043808831296,0.0,0.18766689816906712,4.5898418688926315,29.854552475685527,5,20,13575,9.195301490142523,,,
fixed_low,544,0.951825367639927,0.006157378262846125,0.0,0.036512723541058285,3.419019111996316,28.683729718789213,5,20,13600,4.209471146299099,,,
fixed_low,545,0.9518180387432964,0.006057030382029316,0.0,-0.025394933574408293,3.933946253620305,29.1986568604132,5,20,13625,4.018935601978237,,,
fixed_low,546,0.9518598000171029,0.006062480150038518,0.0,0.012460955622417004,4.102533560371477,29.367244167164372,5,20,13650,4.330654178575103,,,
fixed_low,547,0.9518691793885901,0.0058788429466329895,0.0,-0.044216735204594675,3.811486667961211,29.076197274754108,5,20,13675,4.5223406157651675,,,
fixed_low,548,0.9518706776010729,0.005917532930733049,0.0,0.3791133093687747,4.703089908241749,29.967800515034646,5,20,13700,8.076353373712374,,,
fixed_low,549,0.9519591225121075,0.005788161378987189,0.0,-0.007795818653825308,4.041482687965879,29.306193294758774,5,20,13725,3.9293938714902867,,,
fixed_low,550,0.9519837743290203,0.0065105027879197586,0.0,0.14240840360006743,3.238283439282844,28.50299404607574,5,20,13750,4.423490517771034,,,
fixed_low,551,0.9520191380393536,0.005464795343026907,0.0,-0.33550148496662985,3.9351336816770575,29.199844288469954,5,20,13775,1.6711388701593282,,,
fixed_low,552,0.9520282029563455,0.005385341988127901,0.0,-0.03169366959022976,4.410507961488845,29.675218568281743,5,20,13800,4.152658986667789,,,
fixed_low,553,0.9519971991497372,0.0054316028613937695,0.0,0.02234703210089184,2.863255089701498,28.127965696494392,5,20,13825,1.3718989195173599,,,
fixed_low,554,0.952005388731283,0.005976226166147458,0.0,0.20529810641983648,3.635924516547629,28.900635123340525,5,20,13850,4.160116009715784,,,
fixed_low,555,0.9521122754246476,0.006114383469142393,0.0,0.02371742308877764,5.130118747772971,30.394829354565868,5,20,13875,9.776996182401767,,,
fixed_low,556,0.952117169713753,0.00587069020680131,0.0,-0.04328621862206718,3.7441481244869443,29.00885873127984,5,20,13900,4.982956036830948,,,
fixed_low,557,0.9521379519455031,0.005807280148580118,0.0,-0.02068908109007988,2.3967058800042587,27.661416486797155,5,20,13925,1.2899605824988072,,,
fixed_low,558,0.9520799164663604,0.005402228069985915,0.0,-0.06553216664027997,3.0302746461648686,28.294985252957765,5,20,13950,1.2433933599698181,,,
fixed_low,559,0.9520677985040623,0.006172648173672579,0.0,0.15109167349761918,5.300242742911718,30.564953349704613,5,20,13975,4.144855155775069,,,
fixed_low,560,0.9521197547207073,0.0070777265525320265,0.0,0.1592321833207282,3.973851040169639,29.238561646962534,5,20,14000,3.6883169549547468,,,
fixed_low,561,0.95204530140285,0.008181256928436964,0.0,0.18761827076531107,4.164314960551817,29.429025567344713,5,20,14025,4.052402777325166,,,
fixed_low,562,0.9520212080956777,0.009131918981402753,0.0,0.16953330673072062,4.463835948420048,29.728546555212944,5,20,14050,4.258398073746534,,,
fixed_low,563,0.9520056339207741,0.009567465647632,0.0,0.07732247014272668,9.499649968320865,34.76436057511376,5,20,14075,18.4363544844145,,,
fixed_low,564,0.9520048321191538,0.010138270946437489,0.0,0.11404609579558088,5.68711588824987,30.951826495042766,5,20,14100,8.921164268084429,,,
fixed_low,565,0.9520546265964606,0.009876780383170414,0.0,-0.020894501548592674,5.015741118284732,30.280451725077626,5,20,14125,4.676296801329499,,,
fixed_low,566,0.9520690619968865,0.010015142136515331,0.0,0.0331158337406449,2.6921050504722364,27.956815657265132,5,20,14150,1.246296522433437,,,
fixed_low,567,0.9521595906946387,0.010899581486218057,0.0,0.1286214329689197,5.8664791300343415,31.13118973682724,5,20,14175,8.747897732246473,,,
fixed_low,568,0.9521153886892779,0.010710006252393933,0.0,-0.02650661312900482,3.1125964549096548,28.377307061702552,5,20,14200,1.3003392599100139,,,
fixed_low,569,0.9521510130978422,0.010845933182754397,0.0,0.035059295234352764,5.737589445566922,31.002300052359818,5,20,14225,9.329562048352333,,,
fixed_low,570,0.9521666162204483,0.011857268846247826,0.0,0.18086586795927095,2.2440687035301186,27.508779310323014,5,20,14250,1.4519472995763623,,,
fixed_low,571,0.9521509361617653,0.012694118606848326,0.0,0.15752975115760043,4.322682840047532,29.58739344684043,5,20,14275,3.957947992973871,,,
fixed_low,572,0.9521900630781207,0.012622027128751157,0.0,-0.022640681157064642,2.5069449682775247,27.77165557507042,5,20,14300,1.3006228778621411,,,
fixed_low,573,0.9522329778209545,0.012517250704721983,0.0,-0.03847806021208225,4.599812848569754,29.86452345536265,5,20,14325,4.660912062974111,,,
fixed_low,574,0.9522720225302658,0.012352507659393441,0.0,-0.03093270486560432,5.03532909376004,30.300039700552936,5,20,14350,4.2959726301686985,,,
fixed_low,575,0.952308999065137,0.013570960034676949,0.0,0.21179539617567933,6.828678147002788,32.093388753795686,5,20,14375,8.452243319236404,,,
fixed_low,576,0.9522913329902051,0.013398759764950197,0.0,-0.025716742778072624,7.1697715900616235,32.43448219685452,5,20,14400,9.431562583415493,,,
fixed_low,577,0.9522882356707635,0.013234995357881307,0.0,-0.008586597630234451,3.7179684329767397,28.982679039769636,5,20,14425,4.084750451257631,,,
fixed_low,578,0.9522681193125345,0.011359588030939616,0.0,-0.3129840427084024,3.998601482825056,29.26331208961795,5,20,14450,4.492204601887704,,,
fixed_low,579,0.9523216707983329,0.011292802818564374,0.0,-0.03713076258104656,3.927643891183501,29.192354497976396,5,20,14475,3.7139995102414267,,,
fixed_low,580,0.9522796731330433,0.012170563314512495,0.0,0.1653588963888259,5.065873913359769,30.330584520152666,5,20,14500,9.080262820503588,,,
fixed_low,581,0.9523569737361754,0.012930637190169403,0.0,0.15080799043348503,6.332185177796789,31.596895784589684,5,20,14525,8.69951241478591,,,
fixed_low,582,0.9523914919717493,0.013910634812869915,0.0,0.17612063213253676,2.765338022196314,28.03004862898921,5,20,14550,1.4025197757304075,,,
fixed_low,583,0.9523940270337394,0.013780706885114236,0.0,-0.019180306011714186,6.689119975955895,31.95383058274879,5,20,14575,9.181526045627685,,,
fixed_low,584,0.9524236983550028,0.013560885598413841,0.0,-0.07253899944889804,2.4319444266626937,27.69665503345559,5,20,14600,1.385498024767631,,,
fixed_low,585,0.9524466372948871,0.01236565000243639,0.0,-0.18388635558598157,4.928624155828894,30.193334762621788,5,20,14625,4.869667239984493,,,
fixed_low,586,0.9524573783108495,0.012941676614188102,0.0,0.1356745298899488,5.384381413053793,30.64909201984669,5,20,14650,4.26748711985281,,,
fixed_low,587,0.9525115035784685,0.01407051290953465,0.0,0.19288436092726405,4.686976257595364,29.95168686438826,5,20,14675,3.642493991593807,,,
fixed_low,588,0.9525443444096101,0.011613521393975201,0.0,-0.43989730338117056,5.774781115795325,31.03949172258822,5,20,14700,11.215704986818778,,,
fixed_low,589,0.95257919202088,0.011410788273669703,0.0,-0.04822889142883117,4.2159095045638075,29.480620111356703,5,20,14725,4.008909804941377,,,
fixed_low,590,0.9526216822259825,0.011276736852902092,0.0,-0.024820852104510877,5.088605655073788,30.353316261866684,5,20,14750,4.469426655136072,,,
fixed_low,591,0.9526323102045094,0.010769584709136915,0.0,-0.11074265615413335,3.4160384583267125,28.68074906511961,5,20,14775,4.476213739608239,,,
fixed_low,592,0.9526480702742928,0.011090176865593548,0.0,0.04503023508619537,4.315287750370269,29.579998357163163,5,20,14800,3.878500154937019,,,
fixed_low,593,0.9526592854329508,0.0112688770793965,0.0,0.0345825672767055,2.901222712408243,28.165933319201137,5,20,14825,1.1957442303322734,,,
fixed_low,594,0.9527158166069923,0.012537758641329222,0.0,0.20423731555752664,3.742001120817651,29.006711727610547,5,20,14850,4.891954118382009,,,
fixed_low,595,0.9527570296827598,0.010151397079131153,0.0,-0.40485342158620147,5.0561382273490585,30.320848834141955,5,20,14875,5.795998297761721,,,
fixed_low,596,0.9527390204173788,0.01132188287756608,0.0,0.17045528082353997,5.201400815383589,30.466111422176485,5,20,14900,7.730216635901457,,,
fixed_low,597,0.9526809020791526,0.010924543424425837,0.0,-0.022312273145286048,3.7629869452839677,29.027697552076862,5,20,14925,4.081932253700749,,,
fixed_low,598,0.9526454024779772,0.010657648032444622,0.0,-0.01760338832349888,5.099614597472112,30.364325204265008,5,20,14950,4.844007686688146,,,
fixed_low,599,0.9526356939279187,0.010627596709982035,0.0,-0.008798541605544738,3.2066003764394204,28.471310983232318,5,20,14975,1.1334675421660771,,,
fixed_low,600,0.9526304762750972,0.0129840401284671,0.0,0.4077461455219288,4.632928802788185,29.897639409581082,5,20,15000,3.5810205528081793,,,
fixed_low,601,0.9526901997440794,0.012774039414843119,0.0,-0.04039143569397834,4.489397877400875,29.75410848419377,5,20,15025,4.60610509976902,,,
fixed_low,602,0.9526504590901339,0.013593790507134162,0.0,0.17028325579565462,3.583262740021938,28.847973346814832,5,20,15050,4.371624734758604,,,
fixed_low,603,0.95265139624072,0.014236249136834411,0.0,0.1195783567947364,2.3115785165119926,27.57628912330489,5,20,15075,1.3884064427234009,,,
fixed_low,604,0.9526459246059529,0.01482767544713881,0.0,0.0792299329827223,6.622883524368685,31.88759413116158,5,20,15100,9.712020868675754,,,
fixed_low,605,0.9526287302262784,0.015514655226781193,0.0,0.12926210479751704,3.7790081823311032,29.043718789124,5,20,15125,5.195980895013048,,,
fixed_low,606,0.952592253426864,0.015883465933943075,0.0,0.05886521745221089,3.8739889255400106,29.138699532332907,5,20,15150,3.880978453008256,,,
fixed_low,607,0.9526538546306159,0.015600412824689047,0.0,-0.039637171023066575,3.98566321087041,29.250373817663306,5,20,15175,4.418950135542251,,,
fixed_low,608,0.952699523612433,0.014034742448537196,0.0,-0.2921372271734833,7.391354836235534,32.65606544302843,5,20,15200,10.518622450017693,,,
fixed_low,609,0.9527611308786798,0.01503720911443418,0.0,0.15683051971903766,4.398860722411054,29.66357132920395,5,20,15225,4.186503268787451,,,
fixed_low,610,0.9527493418563162,0.015825841830185206,0.0,0.11638336213097396,4.528384753065575,29.79309535985847,5,20,15250,4.316120973521614,,,
fixed_low,611,0.9527660060517356,0.015525893515503264,0.0,-0.051006176779933,6.580376810107835,31.845087416900732,5,20,15275,9.482195816636372,,,
fixed_low,612,0.9526979066789721,0.0149432458574279,0.0,-0.06348892718179724,3.4289249317340205,28.693635538526916,5,20,15300,4.521506727739576,,,
fixed_low,613,0.952728053856549,0.015762894552062257,0.0,0.18696688627522304,5.470165071642727,30.73487567843562,5,20,15325,4.44333674350232,,,
fixed_low,614,0.9527831739267529,0.016337929887466518,0.0,0.09561426768553317,4.7072786245834966,29.97198923137639,5,20,15350,4.609787371918547,,,
fixed_low,615,0.9527726663694102,0.016373242417710654,0.0,0.019143655373054607,5.329999559001902,30.594710165794798,5,20,15375,4.9563728037346495,,,
fixed_low,616,0.9528127250068134,0.017300908088206723,0.0,0.17500621467015284,3.2821344003446997,28.546845007137595,5,20,15400,4.144815624750591,,,
fixed_low,617,0.9527720865886463,0.018117494855079186,0.0,0.1529798890163282,5.495650257243818,30.760360864036713,5,20,15425,4.904507336069188,,,
fixed_low,618,0.9527382342591298,0.019264350371334893,0.0,0.2053084167038026,2.198028325983368,27.462738932776265,5,20,15450,1.3057856078812091,,,
fixed_low,619,0.9527252393157627,0.01907375711416326,0.0,0.0016530518056101916,3.7772945135988656,29.04200512039176,5,20,15475,4.326466008396006,,,
fixed_low,620,0.9527194381836311,0.019396943889080642,0.0,0.061989987804337364,2.41736023170509,27.682070838497985,5,20,15500,1.393631481977039,,,
fixed_low,621,0.9527522265420656,0.020197701027364734,0.0,0.1380813326980122,2.333496533219122,27.59820714001202,5,20,15525,2.5123526218793364,,,
fixed_low,622,0.9528150160548267,0.018039564892263105,0.0,-0.3659052413707216,6.592788158056224,31.85749876484912,5,20,15550,11.081952955070246,,,
fixed_low,623,0.9527774078893188,0.017517070315289707,0.0,-0.07704302246383654,3.6109053992807874,28.875616006073685,5,20,15575,4.38279204994316,,,
fixed_low,624,0.952802819531829,0.016744056664457663,0.0,-0.11198877061859915,4.260974126949642,29.525684733742537,5,20,15600,4.770235689056618,,,
fixed_low,625,0.9528074206425033,0.019425076530423246,0.0,0.4767339038363949,4.95218830910718,30.216898915900074,5,20,15625,6.243660260433874,,,
fixed_low,626,0.952842049187426,0.019389531367168034,0.0,-0.011865809640361406,2.3698173958034854,27.634528002596383,5,20,15650,1.2479761125778257,,,
fixed_low,627,0.9527815749217948,0.01922052535718788,0.0,-0.024490080848720824,7.588593952527784,32.85330455932068,5,20,15675,10.143674859643752,,,
fixed_low,628,0.952819417915473,0.019162196065552584,0.0,-0.012144660256608384,3.704590957829344,28.96930156462224,5,20,15700,4.423135031548288,,,
fixed_low,629,0.9527838747987846,0.01903273651212034,0.0,-0.0017658348497361326,3.410149711781247,28.674860318574144,5,20,15725,4.390760793092651,,,
fixed_low,630,0.9527875474559723,0.018955814042992847,0.0,-0.013093633703301326,3.6782717286615423,28.942982335454438,5,20,15750,4.308470530130263,,,
fixed_low,631,0.9527760356814718,0.01948750897148699,0.0,0.1002824272047789,4.593080611047259,29.857791217840155,5,20,15775,4.170862180624964,,,
fixed_low,632,0.9527462059131003,0.017517147569339753,0.0,-0.32179371980253724,3.531630922373085,28.796341529165982,5,20,15800,4.858307164066802,,,
fixed_low,633,0.952717495313137,0.017196681808847925,0.0,-0.06109731327828884,7.532945644923953,32.79765625171685,5,20,15825,10.13524454361245,,,
fixed_low,634,0.9527586835059857,0.018030838756995737,0.0,0.13937741786932806,4.070234429229618,29.334945036022514,5,20,15850,3.870499152525384,,,
fixed_low,635,0.952763371446503,0.01730004965727061,0.0,-0.11195593532603977,3.9803335425778954,29.24504414937079,5,20,15875,5.341765971198058,,,
fixed_low,636,0.952739355414258,0.017243912745704693,0.0,-0.001017783917673018,5.270470552704329,30.535181159497224,5,20,15900,9.406364736143535,,,
fixed_low,637,0.9526968383265362,0.01892064049353792,0.0,0.3296931162571332,5.306126823899433,30.57083743069233,5,20,15925,9.694526382567766,,,
fixed_low,638,0.9526930726287828,0.017970286306334682,0.0,-0.12041936357057997,4.158107900379672,29.42281850717257,5,20,15950,4.368324132029561,,,
fixed_low,639,0.9526860667157617,0.017523175362216592,0.0,-0.06947834672075635,7.681829388369395,32.94653999516229,5,20,15975,9.412698743498494,,,
fixed_low,640,0.9526973824665879,0.015897238368387634,0.0,-0.2907063643099409,2.7350807040445364,27.99979131083743,5,20,16000,3.595599023486129,,,
fixed_low,641,0.9526853733006991,0.016216811693632094,0.0,0.0661761922903896,3.469787601080017,28.734498207872914,5,20,16025,4.566797703173197,,,
fixed_low,642,0.9527690981957847,0.016169485312914178,0.0,-0.00602825007074102,5.82892563768234,31.093636244475235,5,20,16050,9.76589109173806,,,
fixed_low,643,0.9527577258511685,0.015785055876821774,0.0,-0.07090733115251024,3.8702930041936834,29.13500361098658,5,20,16075,4.518292231376081,,,
fixed_low,644,0.9527600746334818,0.015674787000151902,0.0,0.007423191039992152,5.424563998570361,30.689274605363256,5,20,16100,4.429168704856514,,,
fixed_low,645,0.9527244059140257,0.015276551496756552,0.0,-0.06233839871798862,4.822949830776758,30.087660437569653,5,20,16125,4.535060868807401,,,
fixed_low,646,0.952709486594362,0.015227531145328599,0.0,-0.007370194649091938,3.431854343223235,28.696564950016132,5,20,16150,4.034697879908463,,,
fixed_low,647,0.9526749356669421,0.015092063324114946,0.0,-0.018249967321058377,3.703692412885968,28.968403019678863,5,20,16175,4.400981084076977,,,
fixed_low,648,0.952718686448328,0.015944078524670613,0.0,0.1811893316360848,7.672703109002158,32.93741371579505,5,20,16200,8.933822091580204,,,
fixed_low,649,0.9527437754143485,0.019172962431238116,0.0,0.5815768040667224,4.076241915906283,29.34095252269918,5,20,16225,6.1557115437717735,,,
fixed_low,650,0.9527752998945282,0.019127007365635662,0.0,0.016491585878578713,10.274820056716697,35.539530663509595,5,20,16250,26.178791018795113,,,
fixed_low,651,0.9527711326483422,0.018856074731408823,0.0,-0.016376307263689747,4.773432740181135,30.03814334697403,5,20,16275,3.953490423251814,,,
fixed_low,652,0.952745793158364,0.0166080657539579,0.0,-0.3690855925787907,4.1324127714963605,29.39712337828926,5,20,16300,5.215330977043426,,,
fixed_low,653,0.9527038966758847,0.016282861134194082,0.0,-0.04359351251129899,3.5822293499494458,28.846939956742343,5,20,16325,1.1285280576823447,,,
fixed_low,654,0.9527167105980939,0.017115911364492087,0.0,0.14468757030746865,6.035588517474302,31.300299124267198,5,20,16350,9.24419063763872,,,
fixed_low,655,0.9527077633090935,0.017972040723163718,0.0,0.14028929713558178,5.140373186854571,30.405083793647467,5,20,16375,6.873019225734465,,,
fixed_low,656,0.952694335864728,0.017458762632121205,0.0,-0.07717170119065808,2.15435904476261,27.419069651555507,5,20,16400,1.5541999445720232,,,
fixed_low,657,0.9526981713824281,0.016283346817290267,0.0,-0.19089371172331462,2.3363329718048758,27.60104357859777,5,20,16425,1.5643750410841621,,,
fixed_low,658,0.9527226413481391,0.015869833362157193,0.0,-0.06512448632522932,2.9373664231891614,28.202077029982057,5,20,16450,1.3142873377996769,,,
fixed_low,659,0.9527091678046372,0.015779905021202967,0.0,0.0024220181382423795,7.627560401250184,32.89227100804308,5,20,16475,8.772662432969383,,,
fixed_low,660,0.9527203040199418,0.014342798005976376,0.0,-0.2563403571010916,4.275975740142198,29.540686346935093,5,20,16500,4.925960197192696,,,
fixed_low,661,0.9527172205680456,0.013743932978699802,0.0,-0.0696352676851751,7.663953877264103,32.928664484057,5,20,16525,9.600058261539289,,,
fixed_low,662,0.952689201360059,0.01400827276127492,0.0,0.05222441584187024,4.740935887969181,30.005646494762075,5,20,16550,4.328703540269901,,,
fixed_low,663,0.9527059374158767,0.01373576275748234,0.0,-0.04705028723573273,3.240131634560698,28.504842241353593,5,20,16575,1.3628396141148549,,,
fixed_low,664,0.9527054955729478,0.012932115885035067,0.0,-0.15979266697748623,4.774411650542131,30.039122257335027,5,20,16600,4.843118101758398,,,
fixed_low,665,0.9527089299108273,0.013375249051267635,0.0,0.07327217256302439,3.6041972090173,28.868907815810196,5,20,16625,3.8282140755318723,,,
fixed_low,666,0.9526865985816806,0.013059267436678845,0.0,-0.06899931941169689,5.771164778694244,31.035875385487138,5,20,16650,9.688244723173627,,,
fixed_low,667,0.9527437517596548,0.01296478539651702,0.0,-0.013732660968562134,4.875383428703371,30.14009403549627,5,20,16675,9.377140497579852,,,
fixed_low,668,0.9527421500071394,0.012818568380558615,0.0,-0.01417959981881076,4.295248478514468,29.559959085307362,5,20,16700,4.3171369295305935,,,
fixed_low,669,0.9527762940070529,0.012494627398178193,0.0,-0.058507328918931664,4.599249509924164,29.86396011671706,5,20,16725,4.862041823217754,,,
fixed_low,670,0.9528129923775557,0.010506593246204288,0.0,-0.34967239040699305,4.345715955733419,29.610426562526314,5,20,16750,4.945050297446492,,,
fixed_low,671,0.9527793892689226,0.010289013507902789,0.0,-0.0034965926200099936,4.320082510089614,29.58479311688251,5,20,16775,4.349170150583353,,,
fixed_low,672,0.9527503520821423,0.010193948756917703,0.0,-0.012249695143146212,4.162127800906512,29.426838407699407,5,20,16800,4.602503752304588,,,
fixed_low,673,0.9527170386118331,0.011636587121539033,0.0,0.25227617887163384,3.6243860579430986,28.889096664735995,5,20,16825,3.99217074719262,,,
fixed_low,674,0.9527361811625698,0.009180507426128748,0.0,-0.4336679038015928,4.6616862638446595,29.926396870637554,5,20,16850,10.073517862444149,,,
fixed_low,675,0.9526982426935824,0.008921175851194008,0.0,-0.03164525984758549,4.632925536871114,29.89763614366401,5,20,16875,9.937182874270341,,,
fixed_low,676,0.9526668189661789,0.008738253170812338,0.0,-0.023467561620028894,4.406571449481425,29.671282056274322,5,20,16900,4.342883164966773,,,
fixed_low,677,0.9527263370618032,0.008431072315476795,0.0,-0.037553285168797516,3.7564625456644634,29.021173152457358,5,20,16925,4.21007342810739,,,
fixed_low,678,0.9527571057508185,0.008493234419949536,0.0,0.0023610517564108036,5.180830941613137,30.445541548406034,5,20,16950,4.339091612151633,,,
fixed_low,679,0.9527681775861905,0.008346359017796234,0.0,-0.025196048712982665,3.98233307896704,29.247043685759937,5,20,16975,4.397314266380407,,,
fixed_low,680,0.9527504438571363,0.008053065204829957,0.0,-0.024412310494213173,4.364924720700608,29.629635327493503,5,20,17000,4.3903293410594735,,,
fixed_low,681,0.9527282096183488,0.008011768926147078,0.0,0.011389881643834029,2.1191654390703425,27.38387604586324,5,20,17025,1.307732564811925,,,
fixed_low,682,0.9526565003681613,0.007876095723215015,0.0,-0.021220763718855073,3.358582969699558,28.623293576492454,5,20,17050,1.4068272637459096,,,
fixed_low,683,0.9526553460894865,0.008645618080341033,0.0,0.13379664116897633,3.7646135531176474,29.029324159910544,5,20,17075,4.015541563169552,,,
fixed_low,684,0.9526141544882756,0.008647858459310043,0.0,0.0075727389664899634,3.5181263132303355,28.782836920023232,5,20,17100,4.045086429740516,,,
fixed_low,685,0.952601327505815,0.008503551902570794,0.0,-0.052588296358467304,4.30757976956877,29.572290376361664,5,20,17125,4.2785100589472655,,,
fixed_low,686,0.9526084289864288,0.009416044617356678,0.0,0.16890135945377707,9.255973225935998,34.52068383272889,5,20,17150,16.132467953045957,,,
fixed_low,687,0.9526525714531069,0.009344912804574057,0.0,-0.009845576814616806,4.128699709283778,29.393410316076675,5,20,17175,4.0060321226687545,,,
fixed_low,688,0.9526888602341367,0.007486371550085913,0.0,-0.32298521646364947,2.3522313153837207,27.616941922176615,5,20,17200,2.6236631365005585,,,
fixed_low,689,0.952651309872851,0.004401035721473767,0.0,-0.5125571673515006,4.75794365051678,30.022654257309675,5,20,17225,7.8539738713840705,,,
fixed_low,690,0.9526417568445819,0.0032055723515042045,0.0,-0.22024836092107844,4.43252100868345,29.697231615476348,5,20,17250,4.088814477949909,,,
fixed_low,691,0.952663269208358,0.003084893201690364,0.0,0.01664096421917894,3.9044018152839386,29.169112422076836,5,20,17275,4.372621572845412,,,
fixed_low,692,0.9526925276178992,0.002994535711228652,0.0,-0.06567719216316723,4.0331650490989315,29.29787565589183,5,20,17300,4.594379771062991,,,
fixed_low,693,0.9526850110655573,0.0030263151869679428,0.0,0.0020696434528562372,7.973811174890158,33.238521781683055,5,20,17325,9.245610769679402,,,
fixed_low,694,0.9526722387341433,0.0032078433209262736,0.0,0.11346638532603527,3.838852952794894,29.10356355958779,5,20,17350,4.9031902790799915,,,
fixed_low,695,0.9526478646229628,0.0033487977802415525,0.0,-0.009120751830434454,8.975559714224865,34.24027032101776,5,20,17375,16.387409803865243,,,
fixed_low,696,0.9526549637881951,0.00326654594462239,0.0,-0.010593005857384255,5.71412698720293,30.978837593995827,5,20,17400,9.476106997297757,,,
fixed_low,697,0.952653311263783,0.00318079547006922,0.0,-0.0060275793950428855,4.641775107719718,29.906485714512613,5,20,17425,4.258710813561313,,,
fixed_low,698,0.9526956096798219,0.00318483129955649,0.0,-0.019407092595578126,4.178211337588797,29.442921944381695,5,20,17450,4.336207837468092,,,
fixed_low,699,0.9527022811509637,0.005787487860610563,0.0,0.43840162633826785,5.454596970093583,30.71930757688648,5,20,17475,4.290595791590521,,,
fixed_low,700,0.9527385549778017,0.006107150013161311,0.0,0.06523855210131183,2.2638035220378203,27.528514128830714,5,20,17500,1.3581199176518663,,,
fixed_low,701,0.9527481506425771,0.004517869427577592,0.0,-0.293342548108315,6.533186768488823,31.79789737528172,5,20,17525,9.58784497546182,,,
fixed_low,702,0.9526981031364644,0.005082404031268584,0.0,0.13436943786397787,5.404815724362506,30.669526331155403,5,20,17550,9.471540042887991,,,
fixed_low,703,0.9527107696706417,0.003226900265246746,0.0,-0.34061371272622104,3.7235352119330267,28.98824581872592,5,20,17575,5.242558834056659,,,
fixed_low,704,0.95271480845209,0.0037702338384675294,0.0,0.12349634057952272,3.7730340937711335,29.03774470056403,5,20,17600,4.312080714291378,,,
fixed_low,705,0.9527216447203859,0.003278711630798292,0.0,-0.33601760541914993,7.157988640215718,32.422699247008616,5,20,17625,4.760982499333315,,,
fixed_low,706,0.9526749380699807,0.003295446028152571,0.0,-0.020029207760912954,4.866933627856757,30.131644234649652,5,20,17650,3.8735824128344714,,,
fixed_low,707,0.9527268251604993,0.0031995665878860047,0.0,-0.022648525584936345,4.014268851892416,29.278979458685313,5,20,17675,3.988169579859587,,,
fixed_low,708,0.9527267133709861,0.0031973254234404225,0.0,0.16115487667218295,4.533898788701237,29.798609395494132,5,20,17700,4.217514206131784,,,
fixed_low,709,0.9527239038334018,0.0033046438413736334,0.0,0.12224646290073073,6.529525872321597,31.794236479114492,5,20,17725,9.321130307266744,,,
fixed_low,710,0.9527576780763132,0.003215515440891825,0.0,-0.047030191281407854,4.785407624893165,30.05011823168606,5,20,17750,4.444931260765335,,,
fixed_low,711,0.9527689257262099,0.003008559204755623,0.0,-0.3628163710596535,3.260704260161589,28.525414866954485,5,20,17775,1.764589142748675,,,
fixed_low,712,0.9527622786310805,0.0031635104434937222,0.0,-0.03781834798661706,4.205165495001238,29.469876101794135,5,20,17800,4.056402004416563,,,
fixed_low,713,0.9527552761609573,0.0030742466284437997,0.0,0.013221768288425688,3.9496045543981504,29.214315161191045,5,20,17825,4.444646687945678,,,
fixed_low,714,0.9526903050439511,0.0030190843779719367,0.0,-0.01185576088740523,2.729595973077298,27.994306579870194,5,20,17850,1.3476680810361714,,,
fixed_low,715,0.9526947062556178,0.003048873803217278,0.0,0.12329180134743994,6.217345214947085,31.48205582173998,5,20,17875,8.664365073384468,,,
fixed_low,716,0.9526633359473003,0.003093407460008968,0.0,0.043146128692143876,5.463964314989145,30.72867492178204,5,20,17900,8.908860237729325,,,
fixed_low,717,0.9526396372697546,0.003251363584501288,0.0,0.1558984956255359,4.831497587922071,30.09620819471497,5,20,17925,4.554748653503233,,,
fixed_low,718,0.9526553069828801,0.0032875523461768363,0.0,0.03960599029483973,3.667135644269398,28.931846251062293,5,20,17950,4.814377452129181,,,
fixed_low,719,0.9526471827100099,0.0034708087273976895,0.0,0.0871592061334129,4.763240458834978,30.027951065627875,5,20,17975,4.634699216232496,,,
fixed_low,720,0.9526223810785401,0.0038659480543109526,0.0,0.05424769241458926,3.945914310498793,29.21062491729169,5,20,18000,4.304607267170631,,,
fixed_low,721,0.9526635310116589,0.0037164753385010574,0.0,-0.003748461283950349,4.461562656788505,29.7262732635814,5,20,18025,4.578608033960818,,,
fixed_low,722,0.9526755951197321,0.004640482183628336,0.0,0.16044097388832174,4.173621855930948,29.438332462723842,5,20,18050,3.838590893379199,,,
fixed_low,723,0.9526870761097375,0.005441841216165977,0.0,0.13858580977429846,2.8541984580821493,28.118909064875044,5,20,18075,1.7866901821075696,,,
fixed_low,724,0.9526467887735948,0.0048068713737713376,0.0,-0.1001958958497944,5.014017101773878,30.278727708566773,5,20,18100,4.488492854066362,,,
fixed_low,725,0.9526562943014489,0.004728710636580313,0.0,-0.04702275359607156,2.5823939286506428,27.84710453544354,5,20,18125,1.1601402945077668,,,
fixed_low,726,0.9526650688046046,0.0047078271982959885,0.0,-0.005374012589370087,5.1416991263071825,30.406409733100077,5,20,18150,4.040564118240156,,,
fixed_low,727,0.9526863149946097,0.003859130145713263,0.0,-0.1489079076307148,3.7832946433423067,29.0480052501352,5,20,18175,4.885014514506859,,,
fixed_low,728,0.9527143982862849,0.004932992300141548,0.0,0.1809920358722443,4.551720708524012,29.81643131531691,5,20,18200,4.2891644748683335,,,
fixed_low,729,0.9527070076860668,0.004839138699998413,0.0,-0.012477299969342664,5.239436710654055,30.50414731744695,5,20,18225,4.316709145161323,,,
fixed_low,730,0.9526892630383406,0.005645087747301436,0.0,0.1413094459214546,4.175537003642817,29.440247610435712,5,20,18250,4.350345533741132,,,
fixed_low,731,0.9526544343708858,0.006514396971705749,0.0,0.15553351906138366,4.115510591921059,29.380221198713954,5,20,18275,3.9040808178125417,,,
fixed_low,732,0.9526074860989336,0.006952741374874893,0.0,0.0781453031576071,6.892636442209588,32.15734704900248,5,20,18300,9.187996451835,,,
fixed_low,733,0.9526148019574614,0.006502247519295512,0.0,-0.07274632046351756,4.024129845443712,29.288840452236606,5,20,18325,4.346548959215287,,,
fixed_low,734,0.9525825969968348,0.006251562005500033,0.0,-0.010431254252560931,4.068841213588925,29.33355182038182,5,20,18350,4.570712278346312,,,
fixed_low,735,0.9525627283883593,0.006157411129581458,0.0,-0.023402100867889238,7.799320789607829,33.06403139640072,5,20,18375,17.29852369810478,,,
fixed_low,736,0.9525509854083055,0.006049625597470021,0.0,-0.03137942084055174,3.3283654783729264,28.593076085165823,5,20,18400,4.14948598215456,,,
fixed_low,737,0.952546019812545,0.0073401539027434515,0.0,0.2203855364347468,3.961188455045708,29.225899061838604,5,20,18425,4.101840772877196,,,
fixed_low,738,0.9525690656302275,0.007237405708556244,0.0,0.004101920536697108,3.383222047379083,28.647932654171978,5,20,18450,4.4751373738879385,,,
fixed_low,739,0.9525508087300679,0.0073278568877492845,0.0,0.027435955362796874,5.271552415598224,30.53626302239112,5,20,18475,9.01189896455361,,,
fixed_low,740,0.9525888358538046,0.007423378826874716,0.0,0.0015958047585672497,4.173134769365645,29.437845376158542,5,20,18500,4.012069251558954,,,
fixed_low,741,0.9526070520289275,0.007358717655320257,0.0,-0.009283695100063874,3.271478161656435,28.536188768449332,5,20,18525,4.073457910402147,,,
fixed_low,742,0.952550113054258,0.0080096065569637,0.0,0.1397031950816607,6.573614597060166,31.83832520385306,5,20,18550,9.522327831746267,,,
fixed_low,743,0.9525510783370676,0.0078218314637849,0.0,-0.00533090938414311,6.18691749333229,31.451628100125184,5,20,18575,9.47365763103995,,,
fixed_low,744,0.9525174027031995,0.007664918341032889,0.0,-0.004103810777407506,7.114405002381475,32.37911560917437,5,20,18600,9.14444555736146,,,
fixed_low,745,0.9524804098652102,0.0076084209322619945,0.0,-0.016586955473751358,3.923999130787418,29.188709737580314,5,20,18625,4.164025485227809,,,
fixed_low,746,0.9524765015751038,0.007436491149483082,0.0,-0.048030053226058786,2.3756009089904104,27.640311515783306,5,20,18650,1.3383573003764586,,,
fixed_low,747,0.9524672273211301,0.007316009042012572,0.0,-0.05685719621513503,6.2801980370651656,31.54490864385806,5,20,18675,9.762201598980845,,,
fixed_low,748,0.9524708621407462,0.0076813731146569975,0.0,0.0822601626235314,8.64846468612584,33.91317529291874,5,20,18700,15.941334066162291,,,
fixed_low,749,0.9524736723770879,0.008214266963282868,0.0,0.076330285722897,5.463865867871297,30.728576474664195,5,20,18725,10.51018929100509,,,
fixed_low,750,0.9524672704850626,0.009142003088872808,0.0,0.15532450530166336,2.473949697036347,27.738660303829242,5,20,18750,1.417349087953731,,,
fixed_low,751,0.9524521133379882,0.009685863348628754,0.8,0.8917767507134119,6.783581208743241,32.04829181553614,5,20,18775,9.4121517955823,,,
fixed_low,752,0.9524595578001052,0.009691808783762856,0.8,0.7962242487325696,3.8849569693762165,29.14966757616911,5,20,18800,4.286901317338546,,,
fixed_low,753,0.9524474219486381,0.009781367594622892,0.8,0.8172194433174408,3.5986268605281313,28.863337467321028,5,20,18825,4.389460013734068,,,
fixed_low,754,0.9524642291974955,0.01040122495579443,0.8,0.9074784166562743,5.540115730985567,30.804826337778465,5,20,18850,8.908710900438692,,,
fixed_low,755,0.9525184248601255,0.010275411947911373,0.8,0.7875583076781204,4.641826530808524,29.90653713760142,5,20,18875,3.7733877090272774,,,
fixed_low,756,0.9525267905821047,0.010024656280051114,0.8,0.7458891312235443,4.848439368165056,30.113149974957953,5,20,18900,4.6625320758630915,,,
fixed_low,757,0.9525123180125756,0.010031986253413283,0.8,0.7969617038625934,2.456194906375938,27.720905513168834,5,20,18925,1.2838747941860715,,,
fixed_low,758,0.9525321370845367,0.00986310190410622,0.8,0.7767559413257035,3.285178756260425,28.54988936305332,5,20,18950,1.402667289450227,,,
fixed_low,759,0.9525534955972714,0.010500429252874643,0.8,0.9039726961416087,5.566230276571714,30.83094088336461,5,20,18975,8.631954961960526,,,
fixed_low,760,0.9525597666335561,0.010235669388005353,0.8,0.7712434580109041,6.76292287686117,32.027633483654064,5,20,19000,9.65694659754213,,,
fixed_low,761,0.9525622619001173,0.010252560886071516,0.8,0.7845158735212638,3.452165593102808,28.716876199895705,5,20,19025,4.22781267618044,,,
fixed_low,762,0.9525115976202219,0.009844589230463163,0.8,0.7423359558900207,3.783612125507087,29.048322732299983,5,20,19050,3.493650899535451,,,
fixed_low,763,0.952448212215699,0.010239927940057347,0.8,0.8824284508867903,3.2412294015018537,28.50594000829475,5,20,19075,4.588399364672562,,,
fixed_low,764,0.952440335227107,0.011351921956536781,0.8,0.9769753597115783,3.4632775145560513,28.727988121348947,5,20,19100,6.022927939064818,,,
fixed_low,765,0.9523806597314174,0.009827623629724336,0.8,0.5473230227401428,5.379867316763743,30.64457792355664,5,20,19125,5.319280044293493,,,
fixed_low,766,0.9524159220385631,0.009937585662511572,0.8,0.7996598015902517,4.281305143111845,29.54601574990474,5,20,19150,4.618960403401508,,,
fixed_low,767,0.9523990795028507,0.010595105596879262,0.8,0.9297492835469698,6.781492813860525,32.04620342065342,5,20,19175,8.795736357709659,,,
fixed_low,768,0.9523699494572883,0.010641323872927821,0.8,0.822255689352246,5.097946151087402,30.3626567578803,5,20,19200,4.566326286339183,,,
fixed_low,769,0.9524036624555934,0.0105837668538874,0.8,0.799457324711522,4.584663475102636,29.849374081895533,5,20,19225,4.502975713918219,,,
fixed_low,770,0.9524249102473045,0.009111149318451695,0.8,0.5211567298598719,2.8243086250988783,28.089019231891776,5,20,19250,2.025686770813521,,,
fixed_low,771,0.9523736123381533,0.006733987949743669,0.8,0.39271894985185973,3.976086458121987,29.240797064914883,5,20,19275,5.560776127638042,,,
fixed_low,772,0.95241701379958,0.007245653967159038,0.8,0.8628797058324477,4.66227186855055,29.926982475343447,5,20,19300,4.3274448187742625,,,
fixed_low,773,0.952400927599536,0.007886644264677445,0.8,0.9003568885126684,5.174079706644574,30.43879031343747,5,20,19325,4.64379676532906,,,
fixed_low,774,0.9524377076028808,0.008763709391742092,0.8,0.9069092185963156,3.603170161781341,28.86788076857424,5,20,19350,4.049607023091482,,,
fixed_low,775,0.9524586400480197,0.00957483859065733,0.8,0.9211865990119852,7.853688109879867,33.118398716672765,5,20,19375,14.928492588558381,,,
fixed_low,776,0.9524717444163368,0.005904537416370648,0.8,0.1876922969533733,4.681418757253198,29.946129364046094,5,20,19400,4.555147822543673,,,
fixed_low,777,0.9524998460683226,0.00891006326791377,0.8,1.31517311012087,7.248819680644284,32.51353028743718,5,20,19425,8.531506712545966,,,
fixed_low,778,0.9524849415906241,0.009838008405269827,0.8,0.9591665433565396,2.504056964207391,27.768767571000286,5,20,19450,1.4008441829524099,,,
fixed_low,779,0.952509727275558,0.009154892489085964,0.8,0.6782165217711229,5.237531790614583,30.50224239740748,5,20,19475,4.181698393543202,,,
fixed_low,780,0.9524800045571941,0.009093746056591412,0.8,0.781018197740425,4.996258276891577,30.260968883684473,5,20,19500,4.545110286163388,,,
fixed_low,781,0.9524498053761968,0.008474820667826455,0.8,0.7138622012903734,2.8995106762776044,28.1642212830705,5,20,19525,1.2742705292599499,,,
fixed_low,782,0.9524612271008157,0.009208550507844526,0.8,0.9149471813468073,4.0592674525089905,29.323978059301886,5,20,19550,4.6236728474186695,,,
fixed_low,783,0.9524736066687957,0.009971230934104125,0.8,0.919696057193095,4.379832992627444,29.644543599420338,5,20,19575,4.11865005224209,,,
fixed_low,784,0.9525084147004446,0.010296290021960641,0.8,0.8760128697614579,6.362974635744605,31.627685242537503,5,20,19600,10.115567204781518,,,
fixed_low,785,0.9525318443966518,0.011380321464834586,0.8,1.012801033542062,10.369946173003228,35.634656779796124,5,20,19625,26.92485629910842,,,
fixed_low,786,0.9525265107932736,0.011469721120994869,0.8,0.7893810909771819,6.078444677415078,31.343155284207974,5,20,19650,9.595070438532302,,,
fixed_low,787,0.9525207112016282,0.012113971520904987,0.8,0.9236180004023898,5.748318931606392,31.013029538399287,5,20,19675,4.0292425836966625,,,
fixed_low,788,0.9525799023869274,0.012523546624348958,0.8,0.859422859722845,3.951617560248057,29.216328167040952,5,20,19700,4.154188007074898,,,
fixed_low,789,0.9525756638635694,0.01355042377565241,0.8,0.9663867602360253,4.532496806339229,29.797207413132124,5,20,19725,3.7846617791243435,,,
fixed_low,790,0.9525662193402444,0.014129697387232576,0.8,0.9315146846802537,7.0275205418045115,32.29223114859741,5,20,19750,16.27326775410055,,,
fixed_low,791,0.9525719878537667,0.014669112191633915,0.8,0.8681550582284413,6.5948565103936945,31.85956711718659,5,20,19775,9.489240993026659,,,
fixed_low,792,0.9526232715123932,0.014763164452556099,0.8,0.8166847037925263,5.140669971904837,30.405380578697734,5,20,19800,8.900822009506289,,,
fixed_low,793,0.9526406401120966,0.014643010680550517,0.8,0.7858951599279768,4.223206788727726,29.487917395520622,5,20,19825,3.9255786846034932,,,
fixed_low,794,0.9526649977918056,0.014526765020909105,0.8,0.7675246330074841,2.382193094351525,27.64690370114442,5,20,19850,1.2296796507870218,,,
fixed_low,795,0.9527133103799942,0.01486035414882958,0.8,0.8388871765313591,6.679042719226964,31.94375332601986,5,20,19875,9.874154489201496,,,
fixed_low,796,0.9527443392749911,0.015042656662398346,0.8,0.8319159170855126,5.321803408381399,30.586514015174295,5,20,19900,4.545918308617312,,,
fixed_low,797,0.952747540676014,0.013161173356136535,0.8,0.4671826773618907,5.108310436847031,30.373021043639927,5,20,19925,5.428057772371699,,,
fixed_low,798,0.9527855643827915,0.013054209004677908,0.8,0.7851810392119016,4.396178310353445,29.66088891714634,5,20,19950,4.405712117064215,,,
fixed_low,799,0.9527625801666287,0.013508757292511553,0.8,0.8947680271059925,4.253211881172551,29.517922487965446,5,20,19975,4.073706743293629,,,
fixed_low,800,0.9527546541974209,0.014383934403890852,0.8,0.9254303029529328,5.1380285616428525,30.402739168435748,5,20,20000,9.107203431389761,,,
fixed_low,801,0.9528242100477192,0.013789849917832608,0.8,0.7239946771283139,2.6802696777368524,27.94498028452975,5,20,20025,1.3964077850439498,,,
fixed_low,802,0.9528163340808867,0.01367380635757287,0.8,0.7658625930351344,5.533956096242044,30.79866670303494,5,20,20050,10.050309127977117,,,
fixed_low,803,0.9528187617342188,0.01507846437845739,0.8,1.0539909033992665,5.452065910950804,30.7167765177437,5,20,20075,8.282792557476066,,,
fixed_low,804,0.9528188362244577,0.0156902038527299,0.8,0.9041028919202189,3.934052568634917,29.198763175427814,5,20,20100,4.385526129819438,,,
fixed_low,805,0.9528256862766368,0.015607434086196803,0.8,0.7739327209460477,6.132155682050455,31.396866288843352,5,20,20125,8.945963826470607,,,
fixed_low,806,0.9528098021811066,0.015351876777435214,0.8,0.7699510840223073,2.5910346027466455,27.855745209539542,5,20,20150,1.433858189509392,,,
fixed_low,807,0.9527969009780091,0.01642521988745893,0.8,0.9609676377658495,4.237179604360551,29.501890211153448,5,20,20175,3.9107231829547073,,,
fixed_low,808,0.9527897995129445,0.019190519754580304,0.8,1.2859776331805637,3.5866089671565384,28.851319573949436,5,20,20200,4.573281334902878,,,
fixed_low,809,0.9527535443563194,0.019326947866875166,0.8,0.8324540328978137,3.84029672733757,29.105007334130466,5,20,20225,4.502343243643177,,,
fixed_low,810,0.9527841052486138,0.01897706294735002,0.8,0.7531152796014337,4.806931917879379,30.071642524672274,5,20,20250,4.629274137144943,,,
fixed_low,811,0.9527964608506192,0.020271932774579282,0.8,1.0201991836902986,3.9799066017872082,29.244617208580102,5,20,20275,3.9730292772451254,,,
fixed_low,812,0.9527506730068602,0.021177682804798037,0.8,0.9746847090072651,2.4613255069580164,27.72603611375091,5,20,20300,1.9579235723141224,,,
fixed_low,813,0.9528312647740229,0.020822941768058656,0.8,0.7306046465451093,7.084364213981515,32.34907482077441,5,20,20325,9.639104947293399,,,
fixed_low,814,0.9528602223794036,0.018590163391267178,0.8,0.40267947926701914,3.9940725989986015,29.2587832057915,5,20,20350,5.33003614656672,,,
fixed_low,815,0.9528619946108791,0.018831211911502277,0.8,0.8221284256830232,2.300718073999516,27.56542868079241,5,20,20375,1.2506405194705383,,,
fixed_low,816,0.9528683054876375,0.01982379002130652,0.8,0.9873457753532778,5.2352432969506895,30.499953903743585,5,20,20400,8.475257572394858,,,
fixed_low,817,0.9527948425497387,0.019871604418570943,0.8,0.828213492558353,5.496773724226875,30.761484331019773,5,20,20425,9.341801042094962,,,
fixed_low,818,0.9528331041830045,0.020545376475058164,0.8,0.9118290950634331,2.2662624655120127,27.53097307230491,5,20,20450,1.3314612528076188,,,
fixed_low,819,0.9528330882248239,0.018110653255640097,0.8,0.416116358443779,4.736143029753791,30.000853636546687,5,20,20475,5.5507604031985815,,,
fixed_low,820,0.9528970259275791,0.017974999922745094,0.8,0.7578377669368865,4.7236030335596775,29.988313640352573,5,20,20500,4.224752392309051,,,
fixed_low,821,0.9528691364006595,0.017594312611624363,0.8,0.7592712168121062,8.568709680733548,33.833420287526444,5,20,20525,16.021102032581076,,,
fixed_low,822,0.9528441674600053,0.01772660951859173,0.8,0.8267471646422112,7.032138068950031,32.29684867574293,5,20,20550,9.277792559249487,,,
fixed_low,823,0.952835594171659,0.018292171905799792,0.8,0.91470293423464,6.498816349477664,31.76352695627056,5,20,20575,9.865933548515152,,,
fixed_low,824,0.95280271688131,0.01891607844216614,0.8,0.919244770857542,5.602868204999816,30.86757881179271,5,20,20600,9.531404183224137,,,
fixed_low,825,0.9528370768528056,0.018704943396644635,0.8,0.7896645105438334,5.314633824576332,30.57934443136923,5,20,20625,4.9670079115426145,,,
fixed_low,826,0.9528684812685821,0.01945366966477713,0.8,0.9538253120990041,4.404637045576525,29.66934765236942,5,20,20650,4.148967757921932,,,
fixed_low,827,0.9528888852230148,0.02006257619449403,0.8,0.904665674420804,4.906551774973855,30.171262381766752,5,20,20675,4.454044726995185,,,
fixed_low,828,0.9528658341321514,0.019749774142258425,0.8,0.759105073888527,4.488306045951276,29.753016652744172,5,20,20700,4.952465984361106,,,
fixed_low,829,0.9528720711797943,0.02030750969026307,0.8,0.875882450648592,3.2648796224285253,28.52959022922142,5,20,20725,1.3318172865724747,,,
fixed_low,830,0.9529323195587429,0.02181228157222692,0.8,1.0694221559194863,6.362482963165453,31.62719356995835,5,20,20750,13.463328627120738,,,
fixed_low,831,0.9529162139933771,0.01986051920761278,0.8,0.47779935493637143,5.902126347253304,31.1668369540462,5,20,20775,9.281999435624115,,,
fixed_low,832,0.9528813073031921,0.02037496937256522,0.8,0.9092011447487302,4.139199641309004,29.4039102481019,5,20,20800,4.055266418272318,,,
fixed_low,833,0.9528758729731549,0.02083062252366863,0.8,0.8841796571795518,3.211298438238533,28.47600904503143,5,20,20825,4.038596808155658,,,
fixed_low,834,0.9528467605229618,0.02153377370792453,0.8,0.9229023965341354,4.649729050521938,29.914439657314833,5,20,20850,4.170399834939291,,,
fixed_low,835,0.9528910858611923,0.021570150018781376,0.8,0.8304731659300895,5.742044986715969,31.006755593508863,5,20,20875,9.430822548047637,,,
fixed_low,836,0.9529345196628357,0.021435944720381017,0.8,0.7674625717515238,9.876277933468595,35.14098854026149,5,20,20900,16.931613404726804,,,
fixed_low,837,0.9529864657147096,0.02226710416159261,0.8,0.9269398258535485,2.5597082302283214,27.824418837021216,5,20,20925,1.2989569042948423,,,
fixed_low,838,0.9529676473833477,0.02185705351346412,0.8,0.758998512839655,5.559993257066244,30.824703863859142,5,20,20950,4.681366055389894,,,
fixed_low,839,0.9529704665039218,0.022216592009672853,0.8,0.8601192426398786,4.324360292878062,29.589070899670958,5,20,20975,4.412946368146168,,,
fixed_low,840,0.9529613574021133,0.022656740655511043,0.8,0.8613324804854889,4.298391242261746,29.563101849054643,5,20,21000,4.200986630578109,,,
fixed_low,841,0.9529540504552597,0.022301761743656834,0.8,0.702713343948499,4.10214602285635,29.366856629649245,5,20,21025,4.306924055478653,,,
fixed_low,842,0.9529135818384014,0.022435174238680355,0.8,0.8518204515692605,4.718719314877258,29.983429921670155,5,20,21050,4.676166986887299,,,
fixed_low,843,0.9529071563530842,0.022292838169481022,0.8,0.8161392542799163,3.187500046048161,28.452210652841057,5,20,21075,4.356131280499218,,,
fixed_low,844,0.9529331766257865,0.02274437496965942,0.8,0.8798751310897978,3.0269938382936328,28.29170444508653,5,20,21100,1.2337339129087732,,,
fixed_low,845,0.9529632976047377,0.02262054436088623,0.8,0.770048369626435,6.068059350909422,31.332769957702318,5,20,21125,9.501321797669394,,,
fixed_low,846,0.9529663581553702,0.022108988385646344,0.8,0.7354278988616653,5.59155505707676,30.856265663869657,5,20,21150,4.587786752165027,,,
fixed_low,847,0.953004742075059,0.0232944268741323,0.8,0.9941993542970313,3.9109628253481916,29.17567343214109,5,20,21175,4.640437851302063,,,
fixed_low,848,0.9530410586711271,0.023474032350063734,0.8,0.8558105034600817,2.422488314837785,27.68719892163068,5,20,21200,1.370842683092759,,,
fixed_low,849,0.9530053453827819,0.02338907398500223,0.8,0.7954983506192633,4.150103774292967,29.41481438108586,5,20,21225,4.568655236160891,,,
fixed_low,850,0.9529863682336671,0.0232050926770222,0.8,0.7609395736914822,4.505437034459973,29.77014764125287,5,20,21250,4.13316598989515,,,
fixed_low,851,0.9529389665541955,0.024239284995761667,0.8,0.9452020083399915,7.163755445709899,32.4284660525028,5,20,21275,13.602236374461226,,,
fixed_low,852,0.952952623545009,0.024860220534625332,0.8,0.8987913626873123,6.180495249153644,31.44520585594654,5,20,21300,10.720338935392515,,,
fixed_low,853,0.9529758854995936,0.02190748518673946,0.8,0.32569550505929085,5.196541131406222,30.461251738199117,5,20,21325,5.637816610874243,,,
fixed_low,854,0.953002356886609,0.01353356771856451,0.8,-0.6585019768972284,5.256209190909933,30.52091979770283,5,20,21350,34.6148208605669,,,
fixed_low,855,0.9529720621306327,0.014122543451602132,0.8,0.8929010418542078,3.5657801908425073,28.830490797635402,5,20,21375,4.313384399679175,,,
fixed_low,856,0.9529021031040317,0.013764412944096804,0.8,0.7572997307114168,7.114761436358347,32.379472043151246,5,20,21400,9.811708186936004,,,
fixed_low,857,0.9528817629598134,0.015198956272049147,0.8,1.0354757135132349,4.76933439692857,30.034045003721467,5,20,21425,8.616893315222493,,,
fixed_low,858,0.9529070117806403,0.01582811821287755,0.8,0.9111277660717035,5.215236091078126,30.47994669787102,5,20,21450,4.181583643186249,,,
fixed_low,859,0.9529389042049512,0.01583058344233046,0.8,0.7880432695316768,4.3843925826511265,29.649103189444023,5,20,21475,4.308246591233138,,,
fixed_low,860,0.9529308877934753,0.014150027566347867,0.8,0.5077457460964083,4.296585596965994,29.56129620375889,5,20,21500,4.6638078559599965,,,
fixed_low,861,0.9529155276758933,0.01360520708896995,0.8,0.7142424368797028,3.936015006403534,29.20072561319643,5,20,21525,4.613441288151597,,,
fixed_low,862,0.9529678622398123,0.013444310253699077,0.8,0.7257938765784808,2.4781677857637128,27.74287839255661,5,20,21550,1.1486527689693102,,,
fixed_low,863,0.9529394277377489,0.014424980021788048,0.8,0.9783390515901578,7.550797107062031,32.81550771385493,5,20,21575,8.666050070905365,,,
fixed_low,864,0.9529152623485931,0.014301854491993504,0.8,0.7560312288475373,6.316916398550034,31.58162700534293,5,20,21600,9.368529074593612,,,
fixed_low,865,0.9529287743062892,0.015482558087881015,0.8,0.9995591822647363,7.387054619505288,32.65176522629818,5,20,21625,16.21559747652897,,,
fixed_low,866,0.9529607436684486,0.016183493103451907,0.8,0.9336706433629317,2.1820141979776397,27.446724804770536,5,20,21650,1.0901113314324047,,,
fixed_low,867,0.9529717428578943,0.014477470129322989,0.8,0.5069848982612324,2.533833127450535,27.79854373424343,5,20,21675,2.076602346108526,,,
fixed_low,868,0.9530369943697292,0.015006279147143586,0.8,0.8918861916708071,2.995526781973261,28.260237388766157,5,20,21700,1.0747035186788136,,,
fixed_low,869,0.9530636775171627,0.013529371009830315,0.8,0.5535857865567314,3.372712551973513,28.63742315876641,5,20,21725,4.228201902364308,,,
fixed_low,870,0.9530789455094452,0.013526260470071327,0.8,0.8134080059370782,4.774462440587592,30.039173047380487,5,20,21750,4.795042052622279,,,
fixed_low,871,0.9530817245615144,0.011444923443693855,0.8,0.45644394337084354,4.299527235221078,29.564237842013974,5,20,21775,4.921127436467343,,,
fixed_low,872,0.953110483142814,0.011604982767017602,0.8,0.8180225803590164,6.626111752961035,31.89082235975393,5,20,21800,9.612044772420882,,,
fixed_low,873,0.9531301037360873,0.01013815118474315,0.8,0.5590337573323976,4.53959305405334,29.804303660846237,5,20,21825,5.029771906483687,,,
fixed_low,874,0.9531381194803354,0.010104476092410053,0.8,0.8030016018128177,3.8581782696566007,29.122888876449498,5,20,21850,4.138327601428837,,,
fixed_low,875,0.9531577796660143,0.011921258311881289,0.8,1.0879234302242924,7.541384801713377,32.80609540850627,5,20,21875,14.917470554094663,,,
fixed_low,876,0.9531081248063092,0.011803793760157832,0.8,0.8388796134422466,4.162839910642213,29.427550517435108,5,20,21900,4.612358923684456,,,
fixed_low,877,0.9531037700573415,0.010852155659254348,0.8,0.6329362098088702,3.957343519355478,29.222054126148375,5,20,21925,5.154886443918323,,,
fixed_low,878,0.9530721610133233,0.010634547395728888,0.8,0.7489956997758427,6.191769736442225,31.45648034323512,5,20,21950,9.014371917942897,,,
fixed_low,879,0.9530647769179709,0.008296605802982082,0.8,0.3944467498522948,4.112861865024106,29.377572471817004,5,20,21975,5.412241241482148,,,
fixed_low,880,0.9530136144973801,0.005406342051168633,0.8,0.3200382485935652,3.8070748757497714,29.071785482542666,5,20,22000,5.584234283614307,,,
fixed_low,881,0.9530533661827841,0.0047886217015168375,0.8,0.7112635325902286,3.2868309684655266,28.551541575258423,5,20,22025,3.6822778517927612,,,
fixed_low,882,0.9530937382436063,0.004738701698909997,0.8,0.8140799843783668,5.658874538868167,30.923585145661065,5,20,22050,9.425775328028138,,,
fixed_low,883,0.953117347875349,0.006068764605038801,0.8,1.0383953965304151,2.371375142358327,27.636085749151224,5,20,22075,2.2151281864386663,,,
fixed_low,884,0.9530770303055598,0.005696189422165321,0.8,0.7496546191667062,2.2807384223028677,27.545449029095764,5,20,22100,1.1909921168724211,,,
fixed_low,885,0.9530968610128435,0.006418364820836353,0.8,0.9369486846227029,4.605626732700145,29.87033733949304,5,20,22125,5.39281872511317,,,
fixed_low,886,0.9530984685154279,0.006868947760325983,0.8,0.8989879985036878,4.540046649418628,29.804757256211523,5,20,22150,4.062198901245757,,,
fixed_low,887,0.9531205524925316,0.006742816158087472,0.8,0.7716104968114855,2.8113649984010114,28.076075605193907,5,20,22175,1.3567024953345304,,,
fixed_low,888,0.9530616359202125,0.006321417361366599,0.8,0.707567417697256,4.665413573051932,29.930124179844828,5,20,22200,4.309504988580839,,,
fixed_low,889,0.9530641271163032,0.0036436585008666755,0.8,0.3432322039794535,3.8787848504688016,29.143495457261697,5,20,22225,5.083781892603144,,,
fixed_low,890,0.9530971458434889,0.003908317340220013,0.8,0.8416173755075192,7.278489675199151,32.54320028199205,5,20,22250,9.361948794532488,,,
fixed_low,891,0.9531157274862417,0.004154927601560887,0.8,0.8845377638914872,6.017676036847077,31.282386643639974,5,20,22275,8.67539076409985,,,
fixed_low,892,0.953113741126335,0.0055038907530901016,0.8,1.0192327191065969,3.6545279778090873,28.919238584601985,5,20,22300,4.0504044385052955,,,
fixed_low,893,0.9531263487215689,0.005501902960347471,0.8,0.7776168443146904,4.332781391344994,29.59749199813789,5,20,22325,4.387699589848709,,,
fixed_low,894,0.95316973610438,0.0054069342499497575,0.8,0.7664371181171132,4.0624248226085165,29.327135429401412,5,20,22350,4.213100000515362,,,
fixed_low,895,0.9531395630704683,0.004592631846602746,0.8,0.6371029667392664,4.319396613221225,29.584107220014122,5,20,22375,3.9063765321626356,,,
fixed_low,896,0.9530959789308916,0.003298253258503747,0.8,0.45009179817406925,3.035177219848368,28.299887826641264,5,20,22400,5.032472390369158,,,
fixed_low,897,0.9530874242338828,0.0032261498608618933,0.8,0.5198781921965612,2.2242471672136785,27.488957774006575,5,20,22425,3.7021551685288956,,,
fixed_low,898,0.9530571575391836,0.0032604294456499705,0.8,0.7244295700054448,4.221796994971152,29.486507601764046,5,20,22450,4.828138211208959,,,
fixed_low,899,0.9529991311166893,0.00349543574571487,0.8,0.912644768718659,2.6590405640179453,27.923751170810842,5,20,22475,1.22815262175116,,,
fixed_low,900,0.9529651082780348,0.003179311866540968,0.8,0.321084248991903,4.524402949497816,29.78911355629071,5,20,22500,5.884731097602414,,,
fixed_low,901,0.9530277416141059,0.0030793021359046824,0.8,0.9784174336493947,4.852188466730419,30.116899073523314,5,20,22525,5.8271741275891324,,,
fixed_low,902,0.9530620550097777,0.0031875762870373636,0.8,0.874729867121744,6.696545186195991,31.961255792988887,5,20,22550,9.089846247360834,,,
fixed_low,903,0.9530781089237342,0.0032118833752246,0.8,1.0450342580449647,6.890603735778307,32.1553143425712,5,20,22575,8.44097153033799,,,
fixed_low,904,0.9530978981679911,0.0031903085683744337,0.8,0.7718020760101543,6.627118237132047,31.89182884392494,5,20,22600,9.140802941356874,,,
fixed_low,905,0.9531009891474855,0.0030422852604262696,0.8,0.8561292207514645,8.689910561184282,33.95462116797718,5,20,22625,16.254887536840414,,,
fixed_low,906,0.9531310059939185,0.003044501783272202,0.8,0.8122242536098666,4.047837499115452,29.31254810590835,5,20,22650,4.272355660194832,,,
fixed_low,907,0.9531650663566545,0.002981641511918598,0.8,0.7257801883197749,3.5796145005500923,28.84432510734299,5,20,22675,4.181685856571857,,,
fixed_low,908,0.9531790158227673,0.00311381442272729,0.8,0.8167953109878138,2.2991037103249137,27.56381431711781,5,20,22700,1.185263036870366,,,
fixed_low,909,0.9531547583756455,0.0031780503920161296,0.8,0.8095802479133777,6.658523456081245,31.92323406287414,5,20,22725,9.461447931541962,,,
fixed_low,910,0.9531772837206648,0.0031102963499118896,0.8,0.7384649308921635,4.909361707682226,30.174072314475122,5,20,22750,4.598067083692412,,,
fixed_low,911,0.9531081156242106,0.003159965369541773,0.8,-0.024850633657633434,3.694662769554936,28.95937337634783,5,20,22775,6.368190021735741,,,
fixed_low,912,0.9531212146534189,0.003191852915236937,0.8,0.8140050059110698,6.226631535008197,31.49134214180109,5,20,22800,9.846017088885644,,,
fixed_low,913,0.9530825597408688,0.003209738442374266,0.8,0.8180788180619407,4.834409716166856,30.099120322959752,5,20,22825,4.346318100115246,,,
fixed_low,914,0.9531298350029709,0.0031527435696909745,0.8,0.9432161258679927,2.90752291494587,28.172233521738764,5,20,22850,1.834781506042898,,,
fixed_low,915,0.9531245240134096,0.00322914963396026,0.8,0.8055006586318824,4.001519599767369,29.266230206560266,5,20,22875,4.469658549680102,,,
fixed_low,916,0.9530537577293449,0.0032826194273331,0.8,0.29243302205705507,4.972587449922535,30.23729805671543,5,20,22900,5.539702232897441,,,
fixed_low,917,0.9531030675843022,0.003138072498538924,0.8,0.9129970046005136,5.3839322874568705,30.648642894249768,5,20,22925,10.679693928273654,,,
fixed_low,918,0.9530971101734598,0.0032413617065815137,0.8,0.7641395342139015,5.202103945595992,30.46681455238889,5,20,22950,9.301908006584984,,,
fixed_low,919,0.9531190241164396,0.0031858936417423767,0.8,0.8261769281501689,4.360695397830069,29.625406004622967,5,20,22975,4.0996115129462956,,,
fixed_low,920,0.9528484507716496,0.0034388145133368297,0.8,-0.13041282182387356,5.639415085063589,30.904125691856486,5,20,23000,17.233639304737157,,,
fixed_low,921,0.9529476270882379,0.003333179015600596,0.8,0.9804822467503805,5.736396787154032,31.001107393946928,5,20,23025,8.502682700744174,,,
fixed_low,922,0.9529687737865015,0.0033434297798797807,0.8,0.7761833505065779,5.620697626096604,30.8854082328895,5,20,23050,9.559923714800428,,,
fixed_low,923,0.9530639110437615,0.0032471258045106977,0.8,1.2248077083995348,3.4877401068951523,28.75245071368805,5,20,23075,3.8060384183025167,,,
fixed_low,924,0.9530383759602351,0.003211718376146866,0.8,0.7712220416168044,6.129667750401937,31.39437835719483,5,20,23100,9.402847587660531,,,
fixed_low,925,0.9530248681241995,0.003391203334406012,0.8,0.8196662095762717,6.034829457343019,31.299540064135915,5,20,23125,8.441019106304566,,,
fixed_low,926,0.9529834705218608,0.0033623131845400556,0.8,0.8289677153615995,6.585609639726599,31.850320246519495,5,20,23150,9.32596392311815,,,
fixed_low,927,0.9529832738211702,0.0033083371623729985,0.8,0.7997697490861739,4.375686885966251,29.64039749275915,5,20,23175,3.9368346769999953,,,
fixed_low,928,0.9530095803408731,0.0031780566591638193,0.8,0.8118394732633092,9.700362138010991,34.96507274480389,5,20,23200,17.28628406629309,,,
fixed_low,929,0.9529612176191379,0.003065319587813753,0.8,0.6692014175539086,6.303665710892305,31.5683763176852,5,20,23225,9.148975994736103,,,
fixed_low,930,0.9529330500109746,0.0029418363411888304,0.8,0.893379471995553,3.5761321485072353,28.84084275530013,5,20,23250,4.381667434243606,,,
fixed_low,931,0.9530178081891904,0.0026744303624295362,0.8,0.9877773308123645,9.076319834020767,34.34103044081366,5,20,23275,25.287073752287277,,,
fixed_low,932,0.9530386838982816,0.0026537130248661667,0.8,0.955710339161549,5.67444181823632,30.939152425029217,5,20,23300,8.871531512282807,,,
fixed_low,933,0.9530311197146822,0.002784807815949364,0.8,0.7444650649465422,4.167066220577664,29.43177682737056,5,20,23325,4.345179674590144,,,
fixed_low,934,0.9530405972652606,0.0027658672084538427,0.8,0.701496151085912,4.025335249251391,29.290045856044287,5,20,23350,4.269133987058168,,,
fixed_low,935,0.9530698848389108,0.002849910913389375,0.8,0.7881189957986736,4.597407740881597,29.862118347674492,5,20,23375,4.672211151540438,,,
fixed_low,936,0.9529816778775375,0.002765112215039167,0.8,0.49643290963554754,2.696013396799514,27.96072400359241,5,20,23400,1.5722167482842457,,,
fixed_low,937,0.9528270581642843,0.0028314514610200403,0.8,0.5696462855029604,5.046360499313897,30.311071106106795,5,20,23425,3.8201624568284944,,,
fixed_low,938,0.9528160242386438,0.0027887613270509704,0.8,0.6340141927519879,4.191819543058448,29.456530149851343,5,20,23450,4.116216868162537,,,
fixed_low,939,0.9526471459716055,0.002961622698856692,0.8,0.46540236379742983,4.173482221827446,29.43819282862034,5,20,23475,5.0299846730828905,,,
fixed_low,940,0.9523660899628474,0.003170849542298626,0.8,0.4329962937001131,4.798394892421276,30.06310549921417,5,20,23500,5.0050166532586315,,,
fixed_low,941,0.9523452885696235,0.003057774435787697,0.8,0.7872320342039574,4.689139757356558,29.953850364149453,5,20,23525,4.6570473581860705,,,
fixed_low,942,0.9526338525237248,0.0028217837211828023,0.8,1.17186186008384,3.466733374480901,28.7314439812738,5,20,23550,11.589653391965863,,,
fixed_low,943,0.9523790835298633,0.003104946728175406,0.8,0.4423071167810518,4.344451185550462,29.609161792343357,5,20,23575,4.026066391040919,,,
fixed_low,944,0.9525564317804355,0.002928974326207756,0.8,0.9624182203754829,6.077902136490453,31.342612743283347,5,20,23600,8.652848376508508,,,
fixed_low,945,0.9521735712349608,0.003195412330674219,0.8,0.4133406203819406,6.5836082338605095,31.848318840653405,5,20,23625,8.754253342046615,,,
fixed_low,946,0.9518696172493809,0.0035741516331899703,0.8,0.5430927989063381,6.25550601417008,31.520216620962977,5,20,23650,10.97001420143026,,,
fixed_low,947,0.9519548065841466,0.003332279732633059,0.8,0.8504260834618678,5.1328069815340776,30.397517588326973,5,20,23675,4.49489836262431,,,
fixed_low,948,0.9519200979480934,0.003411286365359145,0.8,0.730451476068077,3.092760593599253,28.357471200392148,5,20,23700,1.4758435234527814,,,
fixed_low,949,0.9519702701164848,0.0033618743016664565,0.8,0.8100395148782522,5.3451473034075425,30.60985791020044,5,20,23725,9.610968186833343,,,
fixed_low,950,0.9521217795628247,0.0031905287673951177,0.8,0.9355971042697165,3.9163628016317285,29.181073408424623,5,20,23750,4.222468629864117,,,
fixed_low,951,0.9513785712482004,0.003957667244233964,0.8,0.30661341672199915,4.496092143099416,29.760802749892314,5,20,23775,4.871592205078817,,,
fixed_low,952,0.9518121575148403,0.0033239202110429966,0.8,1.046150957076864,5.789115151801179,31.053825758594076,5,20,23800,8.54933834096278,,,
fixed_low,953,0.9520421718417562,0.0031428523824551524,0.8,0.9443405145240509,5.014488454649551,30.279199061442448,5,20,23825,3.9877440619508557,,,
fixed_low,954,0.9520486581112184,0.0031154300648620348,0.8,0.7964965861626903,6.3782189119509365,31.642929518743834,5,20,23850,9.244523868069892,,,
fixed_low,955,0.9517125973155818,0.0034736910589454606,0.8,0.5431910467997043,3.9215008178785857,29.18621142467148,5,20,23875,5.2477702443526075,,,
fixed_low,956,0.9517190945306049,0.003572783373664845,0.8,0.7894755578996262,3.763589852300993,29.028300459093888,5,20,23900,4.429571310475502,,,
fixed_low,957,0.951738239793104,0.0035916160162287047,0.8,0.8192309663621583,3.054077158908117,28.318787765701014,5,20,23925,1.2520644639945244,,,
fixed_low,958,0.9517430616501152,0.0036940114454965256,0.8,0.8075237294679474,3.6145299693744573,28.879240576167355,5,20,23950,4.319628405047451,,,
fixed_low,959,0.9518372821910834,0.0034048027026915006,0.8,0.8044509236496142,4.395622781757288,29.660333388550185,5,20,23975,3.875517644480073,,,
fixed_low,960,0.9521043135539434,0.0031307554269852655,0.8,0.9787135476045433,3.7329619335463424,28.997672540339238,5,20,24000,4.238121972081609,,,
fixed_low,961,0.9513336069476344,0.0040295278523221345,0.8,0.32488474629378306,5.482182316122362,30.746892922915258,5,20,24025,5.48278618644219,,,
fixed_low,962,0.9513713463061909,0.00392442392891823,0.8,0.8016533867591884,4.182823895518852,29.447534502311747,5,20,24050,4.386912614168954,,,
fixed_low,963,0.9513756966044344,0.003908834085654678,0.8,0.7901688802149937,3.9799799067986252,29.24469051359152,5,20,24075,4.505664246551776,,,
fixed_low,964,0.9513700093905506,0.004113191068410571,0.8,0.7781864683211904,3.9303711423427865,29.19508174913568,5,20,24100,4.871667783861039,,,
fixed_low,965,0.9516565822385891,0.0038342968647280262,0.8,0.9457350146234491,3.3474656078992235,28.61217621469212,5,20,24125,4.575988795244961,,,
fixed_low,966,0.9517341424480382,0.003788869281334706,0.8,0.8480370051618421,3.5655488787684995,28.830259485561395,5,20,24150,4.711770981647241,,,
fixed_low,967,0.9518624707050166,0.0035618242484277696,0.8,0.8743608104487435,5.237958172986591,30.502668779779487,5,20,24175,4.1168605866260695,,,
fixed_low,968,0.9520868351761965,0.0033090835830610343,0.8,0.9415369259598996,6.579112141540751,31.843822748333647,5,20,24200,8.572310760792005,,,
fixed_low,969,0.9522944946209864,0.0029628314914493803,0.8,0.9917848281150218,7.494232797525722,32.758943404318615,5,20,24225,8.886486270438077,,,
fixed_low,970,0.9522755772852765,0.003161757234114382,0.8,0.7634403620131324,7.2391249819607815,32.503835588753674,5,20,24250,9.374315487764358,,,
fixed_low,971,0.9526546077589624,0.00297026136863332,0.8,1.1684746628776514,3.4570051705133134,28.72171577730621,5,20,24275,3.6029627304359155,,,
fixed_low,972,0.9527754751073388,0.002818625159095811,0.8,0.965082826068903,4.3213858921818264,29.586096498974722,5,20,24300,5.115191277414519,,,
fixed_low,973,0.9527951924484241,0.0028247404634319517,0.8,0.782082810285741,6.610837403881755,31.87554801067465,5,20,24325,9.101475821302468,,,
fixed_low,974,0.9525501142291877,0.0030930294902169475,0.8,0.4880704299466128,4.63916048404898,29.903871090841875,5,20,24350,4.578398772901138,,,
fixed_low,975,0.9525079499806124,0.0030975870357643487,0.8,0.7700051088948632,3.1155078616621092,28.380218468455006,5,20,24375,4.198784337937349,,,
fixed_low,976,0.9527258631299302,0.0028365836645519726,0.8,0.9941459699873605,6.300499017038667,31.565209623831564,5,20,24400,8.398679174492264,,,
fixed_low,977,0.9526982843659438,0.002945346691477835,0.8,0.7311488853143544,5.7670849628808964,31.031795569673793,5,20,24425,9.397944383869646,,,
fixed_low,978,0.9526805167096547,0.0028590951810014698,0.8,0.8260633727245237,3.9928547642208,29.257565371013698,5,20,24450,4.506258764803679,,,
fixed_low,979,0.9529647794378723,0.0026883508012968127,0.8,1.2528350296163149,4.84707114417503,30.111781750967925,5,20,24475,6.839528200967315,,,
fixed_low,980,0.952951460821105,0.002683412914190275,0.8,0.7744756759773426,3.9407323537823458,29.20544296057524,5,20,24500,4.583461842232819,,,
fixed_low,981,0.9529556031737255,0.0028336469752574533,0.8,0.8409764025387373,4.812081370567071,30.076791977359967,5,20,24525,4.123356513910695,,,
fixed_low,982,0.9529256938872874,0.002752621383695364,0.8,0.8052889380976489,4.6448677665907105,29.909578373383606,5,20,24550,4.529966295997875,,,
fixed_low,983,0.9528962613483167,0.002744807088853274,0.8,0.8323774981023421,3.5353788262658083,28.800089433058705,5,20,24575,4.336291334165937,,,
fixed_low,984,0.9525827640706027,0.0030974122956493044,0.8,0.26261114307469163,6.121294896995484,31.38600550378838,5,20,24600,11.881010534558383,,,
fixed_low,985,0.9527041005739628,0.003040813864070846,0.8,0.974287135402491,3.337819595459142,28.602530202252037,5,20,24625,4.484591580183399,,,
fixed_low,986,0.9527900994521082,0.002996432299123497,0.8,0.8544623737042276,5.567402961084429,30.832113567877325,5,20,24650,10.569376918438302,,,
fixed_low,987,0.9528736914039814,0.003045207281679785,0.8,0.8901946560205435,4.5081449757677206,29.772855582560616,5,20,24675,4.2512349549329755,,,
fixed_low,988,0.9528120859392338,0.00319545097181706,0.8,0.7426570723642016,2.487066671174075,27.751777277966973,5,20,24700,1.3102689169800013,,,
fixed_low,989,0.9528182310424735,0.003333738665078134,0.8,0.8995478322201421,4.793810391625143,30.05852099841804,5,20,24725,4.583615434628216,,,
fixed_low,990,0.9528101770787863,0.003256983715472561,0.8,0.8568619355271718,3.6139612004343884,28.878671807227285,5,20,24750,4.846629540224358,,,
fixed_low,991,0.9528123214119829,0.0032960660416475607,0.8,0.8217842108266316,3.650686048117883,28.91539665491078,5,20,24775,4.43347282684424,,,
fixed_low,992,0.9528181616704346,0.0032619952124333107,0.8,0.7687744496661776,3.3784810198659043,28.6431916266588,5,20,24800,4.530608598159671,,,
fixed_low,993,0.9527127787871746,0.003355307870606117,0.8,0.5801345803915158,4.760865055135716,30.025575661928613,5,20,24825,5.135596785278724,,,
fixed_low,994,0.9526107524608196,0.0035054500448745696,0.8,0.6930472407104302,8.592008748314619,33.856719355107515,5,20,24850,16.706440584378793,,,
fixed_low,995,0.9526550808860448,0.003383802175708106,0.8,0.8563047452426937,3.256174737094568,28.520885343887464,5,20,24875,1.2325329248097663,,,
fixed_low,996,0.9527479215907771,0.0033431974023978572,0.8,0.8407451862233952,4.527377519635847,29.792088126428744,5,20,24900,5.020872428075442,,,
fixed_low,997,0.9527048559445527,0.0034411456715681688,0.8,0.7543957264611006,4.3210191157337885,29.585729722526686,5,20,24925,3.6166776949462123,,,
fixed_low,998,0.9523898689236525,0.0036961723083021036,0.8,0.4598208999952081,3.463589413105003,28.728300019897897,5,20,24950,1.6069713162935928,,,
fixed_low,999,0.952401051894589,0.003628688770472177,0.8,0.8467976251487406,6.238565102790328,31.503275709583225,5,20,24975,9.762816538705852,,,
fixed_low,1000,0.9525317145191063,0.003564152772866258,0.8,0.875675975110552,5.732465898820409,30.997176505613304,5,20,25000,9.076986565304578,,,
fixed_low,1001,0.9525757278656863,0.003573204684220954,0.8,0.8227808226444842,5.804489733556264,31.06920034034916,5,20,25025,8.778961152221143,,,
fixed_low,1002,0.9524685726968273,0.0035793200040284967,0.8,0.7341793539996153,4.150840504487511,29.415551111280408,5,20,25050,4.803942884405507,,,
fixed_low,1003,0.9522351418027898,0.0037670943959866587,0.8,0.5577216610809227,5.077973020345371,30.342683627138268,5,20,25075,10.060723565408166,,,
fixed_low,1004,0.9522020676693238,0.003890162602648517,0.8,0.7568336942188434,5.847577514118194,31.11228812091109,5,20,25100,8.774907796339322,,,
fixed_low,1005,0.9515856460593279,0.004584127112840175,0.8,0.3466618728087263,4.896058005936935,30.160768612729832,5,20,25125,5.498953268081867,,,
fixed_low,1006,0.9516155273160742,0.004782433129312924,0.8,0.7945384212013312,3.525454277607156,28.790164884400053,5,20,25150,1.3091100693248867,,,
fixed_low,1007,0.9518674681190052,0.0046508203537538595,0.8,0.9011622575513939,2.5115216699070495,27.776232276699947,5,20,25175,1.3359182418318867,,,
fixed_low,1008,0.9518688553526442,0.00460841528235989,0.8,0.7750503468268665,2.209902641536041,27.474613248328936,5,20,25200,1.6653390259665835,,,
fixed_low,1009,0.9518543675872176,0.004689999817749202,0.8,0.8090969093139116,4.280633821522584,29.54534442831548,5,20,25225,4.042940375791921,,,
fixed_low,1010,0.9518287467527556,0.004785975231081485,0.8,0.7741118620850332,6.039708426712013,31.30441903350491,5,20,25250,9.80709069449339,,,
fixed_low,1011,0.9518017613150684,0.004829798368903515,0.8,0.7846166764043178,3.829052550473296,29.093763157266192,5,20,25275,4.678858774236298,,,
fixed_low,1012,0.9520739676549622,0.004335744964983124,0.8,0.9710747327271988,3.944513210920215,29.20922381771311,5,20,25300,4.127671436284599,,,
fixed_low,1013,0.9516392113191011,0.004752950263820388,0.8,0.5300845872653093,2.8608674764208897,28.125578083213785,5,20,25325,2.401035030074512,,,
fixed_low,1014,0.9514960749361597,0.004898636507805754,0.8,0.7221157147631433,2.5622747749170505,27.826985381709946,5,20,25350,1.5947516956316405,,,
fixed_low,1015,0.95139690747516,0.0049100166595237305,0.8,0.767050228727342,6.061890670053951,31.326601276846848,5,20,25375,9.668094127390704,,,
fixed_low,1016,0.9513796387369209,0.005019000362017856,0.8,0.8041292759426748,4.666244390195155,29.93095499698805,5,20,25400,4.370823060532987,,,
fixed_low,1017,0.9518261291961019,0.00460827878334491,0.8,1.0179811021255394,4.235700650085769,29.500411256878664,5,20,25425,3.734794669099854,,,
fixed_low,1018,0.9519280298787832,0.004300044182937834,0.8,0.8987256204164523,3.0966774045818606,28.361388011374757,5,20,25450,2.153662543908895,,,
fixed_low,1019,0.9520401001548339,0.004290281227354198,0.8,0.817262455982556,4.855601305458227,30.120311912251122,5,20,25475,4.0069334791801365,,,
fixed_low,1020,0.9519983421881691,0.00435717054099094,0.8,0.7672125182562207,3.3884136188447607,28.653124225637658,5,20,25500,4.79285260838094,,,
fixed_low,1021,0.9519541734906513,0.004428821493423163,0.8,0.7777065759414356,6.1851655750990275,31.449876181891923,5,20,25525,8.80156729988207,,,
fixed_low,1022,0.9519732021606383,0.0043655874385315485,0.8,0.7927937144778598,2.636973115450086,27.901683722242982,5,20,25550,1.1922324592454667,,,
fixed_low,1023,0.9522168126234287,0.004191810019649522,0.8,0.9390759397367692,3.4410792916156994,28.705789898408597,5,20,25575,4.0435366494435145,,,
fixed_low,1024,0.95219423285728,0.004324112239988076,0.8,0.7468458457967196,6.930817767893674,32.19552837468657,5,20,25600,9.292126036943234,,,
fixed_low,1025,0.9523159388617868,0.003962661425525149,0.8,0.9714424725652027,4.488742012226253,29.75345261901915,5,20,25625,4.260250684554244,,,
fixed_low,1026,0.952258624823613,0.003906302283233631,0.8,0.7956831190951885,3.8097512688396815,29.07446187563258,5,20,25650,4.183177282707402,,,
fixed_low,1027,0.9524026539947861,0.0037989549118511157,0.8,0.9276121274781446,2.678957488289691,27.943668095082586,5,20,25675,1.9768612300627553,,,
fixed_low,1028,0.9525400352459483,0.003677988919878139,0.8,0.9072756358630313,5.2878902181014,30.552600824894295,5,20,25700,4.152698934296988,,,
fixed_low,1029,0.9527361174256571,0.003466572082146957,0.8,1.086833139786255,3.7156434129532276,28.980354019746123,5,20,25725,5.262355899197555,,,
fixed_low,1030,0.9527038355524363,0.0033290801098025957,0.8,0.8056154029315813,5.469146104920022,30.733856711712917,5,20,25750,9.735463775767217,,,
fixed_low,1031,0.9527747129180688,0.003143450927467595,0.8,0.8430836335190774,5.063431443462951,30.32814205025585,5,20,25775,4.293695629837011,,,
fixed_low,1032,0.9527065915091114,0.0032075868026192333,0.8,0.7298093089761324,3.1267384603318003,28.391449067124697,5,20,25800,1.3517096522578527,,,
fixed_low,1033,0.9523583653478708,0.003539594898927745,0.8,0.3264165952686393,4.386934671288101,29.651645278081,5,20,25825,6.212149805547736,,,
fixed_low,1034,0.9524876012446662,0.003484663613525507,0.8,0.974441215425384,3.562835876112945,28.82754648290584,5,20,25850,5.640169159348245,,,
fixed_low,1035,0.9519566159055399,0.004139479225667819,0.8,0.3225229387713494,5.43766113041566,30.702371737208555,5,20,25875,4.864112319600394,,,
fixed_low,1036,0.9520862364383492,0.0039710384769308105,0.8,0.9094707869795622,5.473264420123098,30.737975026915993,5,20,25900,3.79674635391211,,,
fixed_low,1037,0.9521938496447558,0.003815088238907416,0.8,0.8339315717866306,3.979546833043561,29.244257439836456,5,20,25925,4.033306876825574,,,
fixed_low,1038,0.9521739371761804,0.003722592015687587,0.8,0.793318923645422,3.552887230796217,28.817597837589112,5,20,25950,4.271986885233109,,,
fixed_low,1039,0.9523470968626135,0.003707154360050424,0.8,0.9355005120468407,2.746036037921266,28.01074664471416,5,20,25975,1.253398656617023,,,
fixed_low,1040,0.9524895088411242,0.0036001084637661274,0.8,0.9636836681792239,8.542624313200687,33.80733491999358,5,20,26000,16.55706466812132,,,
fixed_low,1041,0.9525275797108338,0.0036098562608228857,0.8,0.8416552083057769,4.131351428885353,29.39606203567825,5,20,26025,4.565889184250907,,,
fixed_low,1042,0.9524871158587684,0.0035236407533674186,0.8,0.7633464955079636,5.925457984125283,31.19016859091818,5,20,26050,9.100486024672259,,,
fixed_low,1043,0.9524572439725526,0.003507152336853947,0.8,0.8000752969914684,4.148483389723806,29.413193996516704,5,20,26075,4.544730824522793,,,
fixed_low,1044,0.9524354935825914,0.003626377278769022,0.8,0.749804512134181,4.922320468877681,30.187031075670575,5,20,26100,4.653404817449996,,,
fixed_low,1045,0.9524393651626962,0.0036264647431187846,0.8,0.7589027142025061,3.3716306530579474,28.636341259850845,5,20,26125,1.3046198305690702,,,
fixed_low,1046,0.9525003469074745,0.003768610017468088,0.8,0.7875582923030808,4.594536690871717,29.859247297664613,5,20,26150,4.821194168704298,,,
fixed_low,1047,0.9526148759015747,0.003600387755830603,0.8,1.0027248829824482,3.994033073055828,29.258743679848724,5,20,26175,3.741943298765131,,,
fixed_low,1048,0.9525672643841279,0.003737125051060497,0.8,0.7028394110977659,2.9237367949657487,28.188447401758644,5,20,26200,1.3634676048221457,,,
fixed_low,1049,0.9527284023603366,0.003720289027804524,0.8,1.0486567713250998,5.039696023396053,30.30440663018895,5,20,26225,3.9537542894210587,,,
fixed_low,1050,0.9527241031731248,0.0036933908726384246,0.8,0.7705163195227495,6.210721932351933,31.47543253914483,5,20,26250,9.479534294691353,,,
fixed_low,1051,0.9527982323618942,0.0034329528124835695,0.8,0.9325164575187803,4.778334085967752,30.04304469276065,5,20,26275,3.9843719229318006,,,
fixed_low,1052,0.9528347155407109,0.0035244377093475165,0.8,0.8002042972579563,2.3049089268180896,27.569619533610986,5,20,26300,1.3019424042392276,,,
fixed_low,1053,0.9523513809364829,0.004235037523962704,0.8,0.1571458586172,3.0051087152517764,28.269819322044672,5,20,26325,10.372516779381082,,,
fixed_low,1054,0.9525038999183423,0.00409936963763835,0.8,0.901522741640131,4.097339364413919,29.362049971206815,5,20,26350,4.430932489855436,,,
fixed_low,1055,0.9526800060219441,0.003959421793199858,0.8,0.9790503495252616,3.646053780388599,28.910764387181494,5,20,26375,4.1927528201917115,,,
fixed_low,1056,0.9523752783122572,0.004461960819852839,0.8,0.44378194566718365,4.561371061994363,29.82608166878726,5,20,26400,4.944644432572545,,,
fixed_low,1057,0.9523806879801487,0.004552374578247531,0.8,0.8183123010972038,4.806332611496372,30.07104321828927,5,20,26425,3.866383899929401,,,
fixed_low,1058,0.9523289895750331,0.004324928051414378,0.8,0.7896638095755961,4.129668184354956,29.39437879114785,5,20,26450,4.309159226209753,,,
fixed_low,1059,0.9524711422557155,0.004135229413544161,0.8,0.9776607301893142,3.1393246877971257,28.40403529459002,5,20,26475,1.569975682402639,,,
fixed_low,1060,0.9525925188001627,0.003942257954370643,0.8,0.9258522079487701,2.822467563674409,28.087178170467304,5,20,26500,1.2822144758095781,,,
fixed_low,1061,0.9525755717491654,0.003917088852862016,0.8,0.8221327384228825,2.659947493132424,27.92465809992532,5,20,26525,1.4104903301424483,,,
fixed_low,1062,0.9526095694971853,0.0037667018737640445,0.8,0.8511998061418754,4.340402264166293,29.60511287095919,5,20,26550,4.373610014224827,,,
fixed_low,1063,0.9526781242642094,0.0035774265164290053,0.8,0.9679006085144742,4.831487019174732,30.096197625967626,5,20,26575,4.084666750733694,,,
fixed_low,1064,0.9526169416812517,0.003647970730949357,0.8,0.7606528395597059,4.5475141340443255,29.812224740837223,5,20,26600,4.578538415461281,,,
fixed_low,1065,0.9525753642040933,0.0036648857485671593,0.8,0.7996155522559327,7.126087844435325,32.39079845122822,5,20,26625,8.6230748432476,,,
fixed_low,1066,0.9526963173992423,0.003550895906998641,0.8,0.9714123417776817,3.7854302229723062,29.0501408297652,5,20,26650,3.959313446124957,,,
fixed_low,1067,0.9526851805491875,0.0037069027422861334,0.8,0.7802854429563333,2.2947588302126456,27.559469437005543,5,20,26675,1.3564376448575453,,,
fixed_low,1068,0.9526786040826211,0.0037441433244407296,0.8,0.8154402900508467,4.356869494549123,29.62158010134202,5,20,26700,4.739869408583006,,,
fixed_low,1069,0.9526466095911662,0.0036949501271186236,0.8,0.782722628333477,7.632599045418117,32.897309652211014,5,20,26725,8.744098205366594,,,
fixed_low,1070,0.9527260959716535,0.003661848489776909,0.8,1.0013143922612628,2.7139579056233245,27.97866851241622,5,20,26750,3.091733595588794,,,
fixed_low,1071,0.9527207464575584,0.0036885883389347063,0.8,0.7661946482824251,3.807660115272502,29.072370722065397,5,20,26775,5.10260132060778,,,
fixed_low,1072,0.9527833295506909,0.0036001765340804015,0.8,0.9616089235759235,3.237066757075042,28.501777363867937,5,20,26800,2.53045437523487,,,
fixed_low,1073,0.9527876122549349,0.0034160870228784335,0.8,0.9215067243173484,4.9977408961186685,30.262451502911563,5,20,26825,4.69894033965732,,,
fixed_low,1074,0.9528893225800232,0.003346128626765532,0.8,1.021203387694244,4.356480026301362,29.62119063309426,5,20,26850,3.9820531490471045,,,
fixed_low,1075,0.9528837967553029,0.0033435679786307793,0.8,0.6713704555474217,3.747551825439822,29.012262432232717,5,20,26875,5.056624084010136,,,
fixed_low,1076,0.9527945172841112,0.0034128469394874017,0.8,0.6590705945442622,3.427553034469932,28.692263641262826,5,20,26900,4.807561494689289,,,
fixed_low,1077,0.952876622944622,0.00322685248379162,0.8,1.0137338469922084,4.8321876654672495,30.096898272260145,5,20,26925,3.724368196636464,,,
fixed_low,1078,0.9529479936985671,0.0031329929982670812,0.8,1.096783369099935,4.07470664861652,29.339417255409415,5,20,26950,3.7731289166891018,,,
fixed_low,1079,0.9529942449245093,0.0027488970249588407,0.8,0.9919978715004784,4.101816706744371,29.36652731353727,5,20,26975,5.373426988228756,,,
fixed_low,1080,0.9529836969306342,0.00270995446011002,0.8,0.7849721973445078,3.637645386787205,28.9023559935801,5,20,27000,4.208325635371358,,,
fixed_low,1081,0.9529930526541952,0.0024835706728891793,0.8,1.0425989008756973,3.8187941806128625,29.083504787405758,5,20,27025,3.882156522083296,,,
fixed_low,1082,0.9529640842479612,0.0024487608886376577,0.8,0.769425721080016,5.657583549498333,30.92229415629123,5,20,27050,4.4875109154184525,,,
fixed_low,1083,0.9529288954789852,0.0024100564564037974,0.8,0.9295426655747353,5.034987704554248,30.299698311347143,5,20,27075,9.28920895673588,,,
fixed_low,1084,0.9526048536710331,0.0028855462681460775,0.8,-0.44033626433170076,2.6917322751005113,27.95644288189341,5,20,27100,18.496302947821853,,,
fixed_low,1085,0.952661707489996,0.002929323485415747,0.8,0.8159118091784846,4.357829397884588,29.622540004677482,5,20,27125,4.757350292113541,,,
fixed_low,1086,0.9526359793651117,0.0028970788244629953,0.8,0.7890729957353747,4.059449237161388,29.324159843954284,5,20,27150,4.267523075074664,,,
fixed_low,1087,0.9527604804841164,0.0029558564870120208,0.8,0.977195150122067,4.277684223305266,29.54239483009816,5,20,27175,4.41754833748211,,,
fixed_low,1088,0.9527274057902516,0.0029744859159591686,0.8,0.7580873936176381,4.570298016379025,29.835008623171923,5,20,27200,4.890977865294779,,,
fixed_low,1089,0.9526166960220539,0.0029371960831154897,0.8,0.5436979305413393,4.5663738359274495,29.831084442720346,5,20,27225,4.153548381887896,,,
fixed_low,1090,0.9526121768163882,0.0030274578286373366,0.8,0.7969777740274474,6.982090521608115,32.24680112840101,5,20,27250,9.135237250360424,,,
fixed_low,1091,0.9525351182295704,0.0030354158474213966,0.8,0.7565703554279639,6.237824004599696,31.50253461139259,5,20,27275,9.087255374375493,,,
fixed_low,1092,0.9525529707640702,0.003131971808105538,0.8,0.7881852722912934,4.042000590719714,29.30671119751261,5,20,27300,4.515557179621371,,,
fixed_low,1093,0.9526404936825476,0.0029976728669531827,0.8,0.9642814140466344,4.292479428711856,29.557190035504753,5,20,27325,6.9745507433799965,,,
fixed_low,1094,0.9527060938268673,0.0028122536027321843,0.8,0.8139961394558964,6.750899164874141,32.01560977166704,5,20,27350,9.230659778315568,,,
fixed_low,1095,0.9528809613202519,0.0028996653122543847,0.8,1.3175178900828934,3.5040451607756142,28.76875576756851,5,20,27375,3.292530718961294,,,
fixed_low,1096,0.95290988131003,0.002937528214489782,0.8,1.0638703757706065,2.5534797776700087,27.818190384462905,5,20,27400,2.4190649803269975,,,
fixed_low,1097,0.9528991195490262,0.002906088510682303,0.8,0.8289043660166123,5.935597158904169,31.200307765697065,5,20,27425,10.474642535694153,,,
fixed_low,1098,0.9528670165760481,0.0030107885248225053,0.8,0.7694925251028899,6.853232739443925,32.11794334623682,5,20,27450,9.823527026298185,,,
fixed_low,1099,0.9528519299723668,0.0028954226092320345,0.8,0.7824287815402983,3.7377731164708825,29.00248372326378,5,20,27475,4.558641805522231,,,
fixed_low,1100,0.9528397518310187,0.003035544361108533,0.8,0.7551769202784342,3.2493453484457473,28.514055955238643,5,20,27500,4.929667617475654,,,
fixed_low,1101,0.9528398324626631,0.003120278721381653,0.8,0.7638120448927589,3.820958007424373,29.08566861421727,5,20,27525,4.117151705403675,,,
fixed_low,1102,0.9528597156172296,0.0031155062143904955,0.8,0.7704977076024011,3.245103218458708,28.509813825251605,5,20,27550,4.270119165588844,,,
fixed_low,1103,0.9528533398591377,0.003103879697216816,0.8,0.782368261389727,4.249853014499842,29.514563621292737,5,20,27575,4.585515171165056,,,
fixed_low,1104,0.9529136632614288,0.0031095106335523592,0.8,0.9386562985362009,6.910887625631869,32.17559823242476,5,20,27600,9.340819395392144,,,
fixed_low,1105,0.95291025939973,0.003197637231027839,0.8,0.7100769216003149,4.392884096834399,29.657594703627296,5,20,27625,4.471361450008578,,,
fixed_low,1106,0.9529071130734594,0.0034255375537880495,0.8,0.7883870783398486,3.894165978382318,29.158876585175214,5,20,27650,4.33364328317123,,,
fixed_low,1107,0.9529442651069724,0.0035241409900034215,0.8,0.8473228588240959,4.634378635182004,29.8990892419749,5,20,27675,3.745737232091417,,,
fixed_low,1108,0.9529200010451881,0.003508229289957643,0.8,0.756595287579243,6.983898228272718,32.24860883506561,5,20,27700,10.201568670931847,,,
fixed_low,1109,0.9529150872442792,0.0033711038434984797,0.8,0.7720705893353902,3.296463901684119,28.561174508477016,5,20,27725,4.243768223952784,,,
fixed_low,1110,0.9529312221848583,0.0033467361597525613,0.8,0.89164960177164,7.292620310821193,32.55733091761409,5,20,27750,9.32885440363929,,,
fixed_low,1111,0.9529179600335981,0.0034187224668549288,0.8,0.8116178450787668,5.508473044963672,30.77318365175657,5,20,27775,4.98844073418176,,,
fixed_low,1112,0.9528975522774517,0.003432633329635726,0.8,0.8226397999592089,7.77091860708433,33.03562921387723,5,20,27800,9.870489294699679,,,
fixed_low,1113,0.9528409400734394,0.0034749970578028533,0.8,0.8257022850087292,5.577166072798194,30.84187667959109,5,20,27825,4.495486432565683,,,
fixed_low,1114,0.9528248666772611,0.003622226981948473,0.8,1.0050808250470167,6.901309592928539,32.16602019972144,5,20,27850,13.974620394186749,,,
fixed_low,1115,0.9528774664249082,0.003601735562785424,0.8,0.9722917998910731,3.6548264467107003,28.919537053503596,5,20,27875,4.049375042296959,,,
fixed_low,1116,0.9528760041349786,0.003428517262063502,0.8,0.9094933465528067,4.574855512142347,29.83956611893524,5,20,27900,5.122064265818685,,,
fixed_low,1117,0.9528529125403128,0.003404337547591174,0.8,0.693112566119857,3.3608090204435306,28.625519627236425,5,20,27925,4.644659826609737,,,
fixed_low,1118,0.952885436550622,0.0034081074026759417,0.8,0.8276269421327551,3.9585173585513176,29.223227965344215,5,20,27950,4.024872647568385,,,
fixed_low,1119,0.952929280964164,0.0031751089575955405,0.8,0.9945803758323252,6.55180514405981,31.816515750852705,5,20,27975,8.64336245030196,,,
fixed_low,1120,0.9529694192379261,0.003019314452272881,0.8,0.7910016996825583,3.3918077417691315,28.656518348562027,5,20,28000,4.48445913305201,,,
fixed_low,1121,0.9529756428770725,0.0031069244428023612,0.8,0.7894356533926796,3.7760389972189747,29.04074960401187,5,20,28025,4.1267748621248606,,,
fixed_low,1122,0.9529582663070243,0.0030700641349086233,0.8,0.8781407922359235,3.651658279523546,28.91636888631644,5,20,28050,4.487676759851455,,,
fixed_low,1123,0.9529818188527414,0.002916892615511979,0.8,0.7910932287248919,2.8219511642043176,28.086661770997214,5,20,28075,1.3226540847729897,,,
fixed_low,1124,0.9529891505155518,0.0028772647646003735,0.8,0.7591081095457574,2.385853154538427,27.650563761331323,5,20,28100,1.3866797975301313,,,
fixed_low,1125,0.952999964265664,0.0028917390465678094,0.8,0.7915404478236069,5.003651394720818,30.268362001513715,5,20,28125,3.652248708121271,,,
fixed_low,1126,0.9529668765377706,0.0029170269824704276,0.8,0.7561589174339894,5.28393355536879,30.548644162161686,5,20,28150,4.479439279699641,,,
fixed_low,1127,0.952956943446706,0.002983745891116052,0.8,0.9285485917904645,2.842189101245281,28.106899708038178,5,20,28175,2.14901548229557,,,
fixed_low,1128,0.952916737507327,0.003013380276752353,0.8,0.4249422384428447,3.938641139293556,29.20335174608645,5,20,28200,4.875611048115432,,,
fixed_low,1129,0.9529245605999235,0.0028710233192219548,0.8,0.9394897630547023,4.059818717842575,29.32452932463547,5,20,28225,4.264050015543132,,,
fixed_low,1130,0.9529388592729926,0.002802874064053773,0.8,0.9340997775621361,4.071186829450692,29.335897436243588,5,20,28250,4.145787905722115,,,
fixed_low,1131,0.9529124318963617,0.002890661952721474,0.8,0.6041146165306159,4.873671269670229,30.138381876463125,5,20,28275,5.235529714821949,,,
fixed_low,1132,0.9529237937302735,0.002851272841268515,0.8,0.7495094410801486,4.264225858434315,29.52893646522721,5,20,28300,4.855132817786154,,,
fixed_low,1133,0.9529495071077669,0.002856639040385245,0.8,0.7857128815530816,2.778038105598395,28.04274871239129,5,20,28325,1.3426997606334838,,,
fixed_low,1134,0.9529441807840294,0.0029593504479983324,0.8,0.7674891539459512,4.04340803864025,29.308118645433147,5,20,28350,4.243065264285558,,,
fixed_low,1135,0.9528099548431587,0.0029162878915725,0.8,0.3028250123554428,6.56770844315376,31.832419049946655,5,20,28375,19.48834052487587,,,
fixed_low,1136,0.9528376338951681,0.002852502456277106,0.8,0.7990072040854098,5.974258975306524,31.238969582099422,5,20,28400,9.913008375638782,,,
fixed_low,1137,0.9528464927675828,0.002747131343904363,0.8,0.766031376695787,4.347916948605237,29.612627555398134,5,20,28425,4.201373630936224,,,
fixed_low,1138,0.9528924614713616,0.002819251142653356,0.8,0.9271509066790486,7.609163303399879,32.87387391019278,5,20,28450,15.261929276637277,,,
fixed_low,1139,0.952928369625219,0.0026976668792891845,0.8,0.7587819889152153,4.6320513805113,29.896761987304195,5,20,28475,4.8344042500417865,,,
fixed_low,1140,0.9529493032816009,0.0027581387410891,0.8,0.9693215454274073,7.386717231937324,32.65142783873022,5,20,28500,9.118982793077487,,,
fixed_low,1141,0.9529852389236644,0.002631723020717569,0.8,0.9835502677841252,3.9380906288821302,29.202801235675025,5,20,28525,4.109135298825733,,,
fixed_low,1142,0.9529543032781796,0.0026086967403684547,0.8,0.7932154352686275,5.03452345197128,30.299234058764178,5,20,28550,9.762062944220236,,,
fixed_low,1143,0.9530070262111899,0.0026612799997074443,0.8,0.874264341804545,7.049926708910149,32.314637315703045,5,20,28575,8.815354838266556,,,
fixed_low,1144,0.9530521152719565,0.0026385271631187424,0.8,0.823940048924995,4.158500093850311,29.423210700643207,5,20,28600,4.723047564236443,,,
fixed_low,1145,0.9529663301268192,0.002904262053105122,0.8,0.2819599207536806,3.549027686459192,28.813738293252086,5,20,28625,6.347536839661443,,,
fixed_low,1146,0.9529554054221328,0.002973732427726694,0.8,0.9904165723788977,2.5736236170245164,27.838334223817412,5,20,28650,1.290840776635359,,,
fixed_low,1147,0.9529851677462745,0.002911100809829703,0.8,0.7380301294330119,6.390205642509012,31.65491624930191,5,20,28675,9.295203310778556,,,
fixed_low,1148,0.9525871717453686,0.0033410623754436264,0.8,-0.31181935589888177,4.225024811841631,29.489735418634528,5,20,28700,14.957636714880314,,,
fixed_low,1149,0.9526854730084103,0.0032972838692360007,0.8,1.0109927874511748,7.186514429176216,32.45122503596911,5,20,28725,9.00188290387845,,,
fixed_low,1150,0.9527619250144717,0.003267346003065774,0.8,0.9002841192056644,5.759255114477261,31.02396572127016,5,20,28750,8.903134240911534,,,
fixed_low,1151,0.9528741099291632,0.0031782247618173942,0.8,0.8504470452187446,4.89381126819866,30.158521874991557,5,20,28775,5.143818553606907,,,
fixed_low,1152,0.9528812507988936,0.003190100780473326,0.8,0.7662961750399454,5.184869318945357,30.449579925738252,5,20,28800,4.532771632377972,,,
fixed_low,1153,0.9529099517096076,0.0030995676128452443,0.8,0.9296804554256772,6.9010205743055355,32.16573118109843,5,20,28825,10.215011592048898,,,
fixed_low,1154,0.9530309763942033,0.003052671000546625,0.8,1.0685124153479477,3.5844219690805033,28.849132575873398,5,20,28850,6.548411819412761,,,
fixed_low,1155,0.9530557521279891,0.003037051477042585,0.8,0.8418888439116672,6.7502098751101105,32.014920481903005,5,20,28875,9.892405382015815,,,
fixed_low,1156,0.9530111017298567,0.003132735830038147,0.8,0.7746644756013726,4.5078348730186315,29.772545479811527,5,20,28900,4.243319589877951,,,
fixed_low,1157,0.9528905114213473,0.003274138736315768,0.8,0.43215422346243093,5.861722986693381,31.126433593486276,5,20,28925,11.155002314684218,,,
fixed_low,1158,0.9529294340545167,0.003115754342685295,0.8,0.8779583426836555,2.3418932057798494,27.606603812572747,5,20,28950,1.2498788427631877,,,
fixed_low,1159,0.9529202339562372,0.003208025919384183,0.8,0.7992513103746002,3.476862799880365,28.74157340667326,5,20,28975,4.263386021263339,,,
fixed_low,1160,0.9529569143632194,0.0032505716021716813,0.8,0.7952670390151212,4.511752837821653,29.77646344461455,5,20,29000,4.542780864816348,,,
fixed_low,1161,0.9529369642504131,0.003145314447526859,0.8,0.7758118379606401,5.152969505108266,30.417680111901163,5,20,29025,4.466464986298115,,,
fixed_low,1162,0.9529513553726398,0.0032734973122190425,0.8,0.819656695154187,7.31987988287861,32.584590489671506,5,20,29050,9.92379154637258,,,
fixed_low,1163,0.9530135159187006,0.0030576042745117382,0.8,0.930753001564186,3.9321159930468252,29.19682659983972,5,20,29075,5.7242570883988115,,,
fixed_low,1164,0.9530715748433599,0.0028445910382551842,0.8,0.8094903278438945,4.847015902039268,30.111726508832163,5,20,29100,4.2425845183656,,,
fixed_low,1165,0.9529305360969701,0.0030102468917467817,0.8,0.3841652945705077,8.313886889368625,33.57859749616152,5,20,29125,15.657059839924484,,,
fixed_low,1166,0.9530842680675108,0.0027551807486176916,0.8,1.0252215540030947,3.5323431931680647,28.79705379996096,5,20,29150,3.881469829678116,,,
fixed_low,1167,0.9530753053191443,0.0026322366543314324,0.8,0.786142649581968,2.7258988834403146,27.99060949023321,5,20,29175,1.1808882547019852,,,
fixed_low,1168,0.9532065513832918,0.0023679164560835853,0.8,1.0603001260932339,2.9745545761678125,28.239265182960708,5,20,29200,2.1626699050771117,,,
fixed_low,1169,0.9532307080950159,0.0024422408448137034,0.8,0.7632841875648312,2.315542014226115,27.58025262101901,5,20,29225,1.4251897856116242,,,
fixed_low,1170,0.9532090944805519,0.0023759075990403833,0.8,0.7205609286964105,4.57137038223541,29.836080989028307,5,20,29250,4.334209921704036,,,
fixed_low,1171,0.9532104182760948,0.002291572691518029,0.8,0.753272679542826,4.64208104564907,29.906791652441967,5,20,29275,4.2694331212252195,,,
fixed_low,1172,0.9532295676368293,0.0022464697308294257,0.8,0.8099876620581106,4.981407382751974,30.24611798954487,5,20,29300,9.144764038429503,,,
fixed_low,1173,0.9532024977337438,0.0021244935647607432,0.8,0.8609027796467162,5.249800477995212,30.514511084788108,5,20,29325,9.438150713697667,,,
fixed_low,1174,0.9530319165475174,0.002299707352386826,0.8,0.3626410271491994,5.48960070627131,30.754311313064207,5,20,29350,10.302134635115172,,,
fixed_low,1175,0.9530789344380987,0.002245211712858186,0.8,0.8851978527856462,3.192337317894474,28.45704792468737,5,20,29375,1.4876741978684023,,,
fixed_low,1176,0.9523344887899728,0.0030329997959848143,0.8,-0.18879772255620053,4.091555392780207,29.356265999573104,5,20,29400,11.290407927851462,,,
fixed_low,1177,0.9516646234456853,0.003731751993533816,0.8,0.3608788112664895,4.7830389112428175,30.047749518035715,5,20,29425,5.967666965066401,,,
fixed_low,1178,0.9516397916341215,0.003810959395921909,0.8,0.7672553288390395,2.346978786800339,27.611689393593235,5,20,29450,1.2559944090421924,,,
fixed_low,1179,0.9516301794019577,0.003838446024552966,0.8,0.794794836616261,3.865449955438399,29.130160562231296,5,20,29475,4.750379202355337,,,
fixed_low,1180,0.9521551066521546,0.0033073799192209208,0.8,1.0840470357416307,4.738393624324687,30.003104231117582,5,20,29500,3.688572509661456,,,
fixed_low,1181,0.952348331757957,0.0029961147780266373,0.8,0.909406563940455,5.190791001112683,30.45550160790558,5,20,29525,3.9781919235200385,,,
fixed_low,1182,0.952164744388588,0.003309142065738846,0.8,0.6547593931710123,5.044606176028235,30.30931678282113,5,20,29550,5.4475655053395995,,,
fixed_low,1183,0.9523076873739892,0.0029698424069870555,0.8,0.8873337127067734,3.3235964098878665,28.588307016680762,5,20,29575,1.3131102231595113,,,
fixed_low,1184,0.9524022049119837,0.0028030399896499247,0.8,0.8723707781350777,3.569341496311317,28.834052103104213,5,20,29600,4.481509443925947,,,
fixed_low,1185,0.9522988677094054,0.0028650708793269697,0.8,0.7725360068368954,4.480989240711315,29.745699847504213,5,20,29625,4.6852605814724715,,,
fixed_low,1186,0.9524708380450867,0.0027826751612716194,0.8,0.9466924533149796,3.1621069154300305,28.426817522222926,5,20,29650,4.229396789807396,,,
fixed_low,1187,0.952593875753188,0.002611760110627248,0.8,0.8982858079778028,4.274836585807497,29.539547192600395,5,20,29675,4.0572409512970005,,,
fixed_low,1188,0.9526661018837449,0.0025086323087748497,0.8,0.8722681818861807,5.0891633294360785,30.353873936228975,5,20,29700,9.566758662590136,,,
fixed_low,1189,0.9522195046033712,0.002842472846190658,0.8,0.4306412028061044,4.172229486744883,29.43694009353778,5,20,29725,5.615975116393093,,,
fixed_low,1190,0.9520087526345645,0.0030944158122950816,0.8,0.6566488074246195,7.2416493100529555,32.50635991684585,5,20,29750,9.958542018648902,,,
fixed_low,1191,0.9520280728765956,0.003123538399366743,0.8,0.7676737123682573,2.751042110662217,28.015752717455115,5,20,29775,1.1243501875032946,,,
fixed_low,1192,0.9523234515626954,0.002754832251179451,0.8,0.9990534554024053,4.62953885522894,29.894249462021836,5,20,29800,7.25931642581995,,,
fixed_low,1193,0.9525864262449408,0.0025194449120791162,0.8,0.9731248885230456,6.385297584690152,31.650008191483046,5,20,29825,11.944044082622828,,,
fixed_low,1194,0.9518699952588967,0.0034556727570594914,0.8,0.2420209103946389,3.8590117892966296,29.123722396089526,5,20,29850,3.9031659527877207,,,
fixed_low,1195,0.9518361499592635,0.0035311225333514162,0.8,0.7872875995274036,7.68418551847855,32.948896125271446,5,20,29875,9.342066430914073,,,
fixed_low,1196,0.9523563151011653,0.003019897345026945,0.8,1.1731663747083052,3.194155548458869,28.458866155251766,5,20,29900,2.9853658442052153,,,
fixed_low,1197,0.9525034945636391,0.0028976133357058176,0.8,0.9924774598598998,2.3968855190969314,27.661596125889826,5,20,29925,1.196933402041056,,,
fixed_low,1198,0.9525803675645819,0.002797230239910631,0.8,0.808833601070202,7.07820981344343,32.342920420236325,5,20,29950,9.263422903818139,,,
fixed_low,1199,0.9527342865040317,0.0026535433370582506,0.8,0.9439883905292831,3.62460402845676,28.889314635249654,5,20,29975,1.1120807637042007,,,
fixed_low,1200,0.9528547436236104,0.0025828610080415038,0.8,0.9456723335075161,5.415920158331824,30.680630765124718,5,20,30000,4.186111636714197,,,
fixed_low,1201,0.952843573902405,0.002482643718903277,0.8,0.7857914666155255,3.530209265965868,28.794919872758765,5,20,30025,4.501134164399584,,,
fixed_low,1202,0.952868761523741,0.002448384810444182,0.8,0.7760765712705354,3.9496578418840307,29.214368448676925,5,20,30050,4.267320660253478,,,
fixed_low,1203,0.9529533963727155,0.0023732362410565644,0.8,0.9294873946193122,2.6720385598009404,27.936749166593835,5,20,30075,1.9119163289974526,,,
fixed_low,1204,0.9531665400154782,0.0022793490181238774,0.8,1.11419475789606,4.044789583804219,29.309500190597113,5,20,30100,5.070121970525327,,,
fixed_low,1205,0.9531618047804453,0.0020976298701274043,0.8,0.7361746482465582,4.793928518026385,30.05863912481928,5,20,30125,3.9961058824991906,,,
fixed_low,1206,0.9532337318376395,0.0019588120017498545,0.8,0.9120374520071715,7.109199985359959,32.37391059215285,5,20,30150,11.19857501642187,,,
fixed_low,1207,0.9532730110814712,0.0020674005794081296,0.8,0.8554508847729483,6.538305026292628,31.803015633085522,5,20,30175,15.79596522077593,,,
fixed_low,1208,0.9532697038315285,0.001967151971933867,0.8,0.8553515729960869,4.692541776630904,29.9572523834238,5,20,30200,4.24022616691292,,,
fixed_low,1209,0.9532792615709993,0.0019776322628934917,0.8,0.7432028863040463,4.527143392168959,29.791853998961855,5,20,30225,4.67707812000262,,,
fixed_low,1210,0.9533703142188596,0.001910305998204187,0.8,1.0655879692166397,3.985456719577822,29.25016732637072,5,20,30250,4.311312984626027,,,
fixed_low,1211,0.953437067160819,0.001705176636948913,0.8,1.2690345008627049,4.390584232610431,29.655294839403325,5,20,30275,4.30990211132788,,,
fixed_low,1212,0.9534447038918791,0.0016644203287413672,0.8,0.880963959570318,5.246038910835524,30.51074951762842,5,20,30300,4.5336971362799625,,,
fixed_low,1213,0.9534650589926965,0.0017455755121547067,0.8,0.7637422280151631,4.367427084343107,29.632137691136002,5,20,30325,4.532850584218565,,,
fixed_low,1214,0.9534658940545636,0.0017278806416075598,0.8,0.9290850005666138,2.144082572620839,27.408793179413735,5,20,30350,1.2844538513103019,,,
fixed_low,1215,0.9534874003547275,0.0017722165438448512,0.8,0.7853677955633535,4.970317828777813,30.235028435570708,5,20,30375,9.26513856614927,,,
fixed_low,1216,0.9534146816936304,0.0018313478145820516,0.8,0.6446495570828544,4.60687204395943,29.871582650752327,5,20,30400,5.04451410293972,,,
fixed_low,1217,0.9534759733640383,0.001915104852038274,0.8,1.0535702887576468,2.4086130161299257,27.673323622922823,5,20,30425,1.3353338133185628,,,
fixed_low,1218,0.9534922847967953,0.0017778130564476413,0.8,0.7915946904772588,2.923529565121424,28.18824017191432,5,20,30450,1.2856743685217782,,,
fixed_low,1219,0.953545717178629,0.0018627904983994359,0.8,0.9148507252575009,4.236986368278176,29.50169697507107,5,20,30475,3.995205365562234,,,
fixed_low,1220,0.9535648054680762,0.0018053986434295455,0.8,0.7859759044357825,6.027048387584451,31.291758994377346,5,20,30500,10.234165924521353,,,
fixed_low,1221,0.953595268711523,0.0018848486745962623,0.8,0.8319252338421537,4.2055925829818515,29.470303189774746,5,20,30525,4.707177898271773,,,
fixed_low,1222,0.9536167444523586,0.0020301830878620697,0.8,0.7770554991349944,3.796735533866854,29.06144614065975,5,20,30550,4.20960993924564,,,
fixed_low,1223,0.9535821266601424,0.0022455412617332637,0.8,0.7950219959412804,4.013065802721943,29.27777640951484,5,20,30575,4.779648097807794,,,
fixed_low,1224,0.9536040747453823,0.00218116204529184,0.8,0.8884547582603008,3.82789159193242,29.092602198725316,5,20,30600,4.0234331685440505,,,
fixed_low,1225,0.9536379708704098,0.0022078285927742414,0.8,1.332813330832026,3.17342829157574,28.438138898368635,5,20,30625,7.437439082948179,,,
fixed_low,1226,0.9535756534434,0.0022963844531853628,0.8,0.46124819304510245,4.4146401265228095,29.679350733315705,5,20,30650,4.976527558281433,,,
fixed_low,1227,0.9536046341842793,0.002270191828137036,0.8,0.974383582074706,3.7829693621538807,29.047679968946778,5,20,30675,4.029927427227503,,,
fixed_low,1228,0.9535861491178261,0.0023717767686307623,0.8,0.7332080529693006,2.212051554289169,27.476762161082064,5,20,30700,1.320039699399582,,,
fixed_low,1229,0.9535627180967956,0.0023676104147396515,0.8,0.8081216672284497,3.257868132813798,28.522578739606693,5,20,30725,1.3661342443082383,,,
fixed_low,1230,0.9535772368642441,0.002300989141409193,0.8,0.7372732183801628,4.749078225706644,30.01378883249954,5,20,30750,3.380667682765674,,,
fixed_low,1231,0.9536044012261448,0.002138674059745438,0.8,0.8551828667708483,4.569020211051309,29.833730817844206,5,20,30775,4.253179776469244,,,
fixed_low,1232,0.95360665052392,0.0022377685215488885,0.8,0.8450953795895099,3.855818596966206,29.1205292037591,5,20,30800,4.288369111423423,,,
fixed_low,1233,0.95362880174755,0.0022209976796651043,0.8,0.7688957846361709,4.919598806666778,30.184309413459673,5,20,30825,4.294687251883453,,,
fixed_low,1234,0.9536296366906538,0.00219266834304066,0.8,1.0082027900532842,4.265419448374427,29.530130055167323,5,20,30850,4.482083581359401,,,
fixed_low,1235,0.9535206862277354,0.002426066097793389,0.8,-0.07954982254380459,2.2905188547647084,27.555229461557605,5,20,30875,15.766651486696334,,,
fixed_low,1236,0.9535062383032502,0.0023514662825899757,0.8,0.8090808376301892,10.892946599725263,36.15765720651816,5,20,30900,26.101618874137834,,,
fixed_low,1237,0.9535308217689309,0.002546288919602624,0.8,0.9913123037632346,5.542521256374972,30.807231863167868,5,20,30925,9.750620937401898,,,
fixed_low,1238,0.9535555296872524,0.0027879072683364425,0.8,0.7903696981291697,2.409610466088177,27.674321072881074,5,20,30950,1.2267617523234415,,,
fixed_low,1239,0.9535893099531502,0.0026922060364319433,0.8,1.008372806053022,4.747759003828127,30.012469610621025,5,20,30975,4.023129825306003,,,
fixed_low,1240,0.953534813422126,0.0029383499842681182,0.8,0.7962809612334449,5.978783829051349,31.243494435844244,5,20,31000,10.137176260737593,,,
fixed_low,1241,0.9534792143515523,0.0030254248462959765,0.8,0.3021480964423085,6.927992122275748,32.19270272906864,5,20,31025,11.493847838184259,,,
fixed_low,1242,0.9533109401902957,0.0032298065001060694,0.8,0.3824704577853561,5.470702418432904,30.7354130252258,5,20,31050,9.926231049229807,,,
fixed_low,1243,0.9531445456753866,0.003505387297777718,0.8,0.42829983207197053,6.233582159682053,31.498292766474947,5,20,31075,8.36697576819293,,,
fixed_low,1244,0.9531125892623642,0.0034264763428847322,0.8,0.8059861846531835,3.3194998459650114,28.584210452757908,5,20,31100,1.326533258409524,,,
fixed_low,1245,0.9531478944882776,0.0034271929812831337,0.8,0.8367682505314463,4.694154241945922,29.95886484873882,5,20,31125,9.503102926936661,,,
fixed_low,1246,0.9531011807841462,0.003521904987881852,0.8,0.8096534424057636,4.883210220215646,30.14792082700854,5,20,31150,4.08273458129791,,,
fixed_low,1247,0.9533039529843643,0.0034127719209706697,0.8,1.2627897690685186,2.942553121270457,28.207263728063353,5,20,31175,3.094964191480521,,,
fixed_low,1248,0.9533016837381608,0.0034016979694707628,0.8,0.8523459774160225,3.675080043586953,28.939790650379848,5,20,31200,4.013150644378148,,,
fixed_low,1249,0.9533524460711175,0.0035175286263642302,0.8,0.849033057558761,7.420350805397868,32.68506141219076,5,20,31225,9.856266991917423,,,
fixed_low,1250,0.9533964842370664,0.003502220643298748,0.8,0.9066694177481642,3.878072310211753,29.14278291700465,5,20,31250,4.128883002509882,,,
fixed_low,1251,0.9532824514894573,0.0036668071640071354,0.8,0.3810008254754265,2.384317531992449,27.649028138785344,5,20,31275,2.953628043715382,,,
fixed_low,1252,0.9533360115992296,0.0036373129576697805,0.8,0.9460155324857554,2.7444206324206077,28.009131239213502,5,20,31300,2.5139451339854415,,,
fixed_low,1253,0.9534553550587987,0.003321930558846886,0.8,1.1270272531514307,4.735969292060364,30.00067989885326,5,20,31325,5.522683617842463,,,
fixed_low,1254,0.9535042097896171,0.0032482443164681962,0.8,1.0535616261351082,4.022397612416599,29.287108219209493,5,20,31350,3.7336272324297792,,,
fixed_low,1255,0.9535157973718966,0.0031013150951942903,0.8,0.8164614184170064,5.048640095379568,30.313350702172464,5,20,31375,4.844897248645634,,,
fixed_low,1256,0.9535675759997679,0.0032350831755717513,0.8,0.8778580639005383,5.414021753311359,30.678732360104256,5,20,31400,4.588330401442331,,,
fixed_low,1257,0.9535498832639774,0.003201684037970942,0.8,0.74897262294494,5.1456331584780495,30.410343765270945,5,20,31425,3.6937238536297774,,,
fixed_low,1258,0.9535817364973104,0.0031726861116538885,0.8,1.05474899444466,3.3333211405772976,28.598031747370193,5,20,31450,3.938520564406103,,,
fixed_low,1259,0.9536518624535852,0.0030779568428763726,0.8,1.0239539174759202,2.947476261443702,28.212186868236596,5,20,31475,1.4493021199287959,,,
fixed_low,1260,0.9536147490606119,0.0030106196090032844,0.8,1.0043731807006169,5.135539036726329,30.400249643519224,5,20,31500,3.861379746946288,,,
fixed_low,1261,0.9536110068951656,0.002932842235390476,0.8,0.7800820316796118,4.959430923961893,30.22414153075479,5,20,31525,4.3272475127739725,,,
fixed_low,1262,0.9535895864566262,0.0027016525179311968,0.8,0.991017238524703,3.9691264777452266,29.233837084538123,5,20,31550,4.43781168339766,,,
fixed_low,1263,0.9535827886472293,0.0025509356035653408,0.8,0.7834393601347834,3.1212715264081416,28.385982133201036,5,20,31575,1.362328137090433,,,
fixed_low,1264,0.9536206616070186,0.0025994159547855222,0.8,0.9829811646629607,3.9781560832485217,29.242866690041417,5,20,31600,3.761688348301601,,,
fixed_low,1265,0.9536149325473886,0.002635986326879114,0.8,0.8032724717762629,6.114339201612447,31.37904980840534,5,20,31625,9.459440607864117,,,
fixed_low,1266,0.9535801247560591,0.002742006495898064,0.8,0.7714632417363607,6.730613409330062,31.995324016122957,5,20,31650,9.3815599649107,,,
fixed_low,1267,0.9535489040950071,0.002908368031700137,0.8,0.20106303075154636,3.5108960940006355,28.77560670079353,5,20,31675,8.863607633259317,,,
fixed_low,1268,0.95356167291383,0.002848612956888541,0.8,0.9033889243133868,4.03013121170191,29.294841818494806,5,20,31700,4.034293777329925,,,
fixed_low,1269,0.9535624315090858,0.0029118655393581827,0.8,0.8866558000417479,5.783263117552566,31.04797372434546,5,20,31725,8.9780896579035,,,
fixed_low,1270,0.9535130321296287,0.0028643278903668357,0.8,0.7541191243619985,3.985647465146483,29.250358071939377,5,20,31750,4.567212611353208,,,
fixed_low,1271,0.9534336434919292,0.0030514306933725477,0.8,0.0992522635670421,4.653070154999002,29.917780761791896,5,20,31775,5.934182560123863,,,
fixed_low,1272,0.9534534235934784,0.0030235461850839362,0.8,0.799619645105581,3.617820591303355,28.882531198096252,5,20,31800,3.9100264297640295,,,
fixed_low,1273,0.9534030144266656,0.003032186453471475,0.8,0.6557846000280612,4.488115798671372,29.75282640546427,5,20,31825,5.125046649885378,,,
fixed_low,1274,0.9533168731354942,0.00325502429890534,0.8,0.5322137616069146,6.560348876893861,31.825059483686758,5,20,31850,8.35620469875026,,,
fixed_low,1275,0.9533564942677812,0.0033241490858363365,0.8,0.8063824628964383,3.012737298217764,28.27744790501066,5,20,31875,1.4479139615489358,,,
fixed_low,1276,0.9533595882545085,0.0033558323365960874,0.8,0.7897118345311599,7.840095393892645,33.10480600068554,5,20,31900,8.96152850311609,,,
fixed_low,1277,0.9533495800147336,0.003293224288598129,0.8,0.733644946509705,6.623325070736324,31.88803567752922,5,20,31925,9.793914433215933,,,
fixed_low,1278,0.9533544841588594,0.0033131063108103875,0.8,0.818775581558762,6.233926076021374,31.498636682814272,5,20,31950,9.003304112825052,,,
fixed_low,1279,0.953417166731624,0.0033396389954756245,0.8,1.063503549241169,3.055377733341164,28.32008834013406,5,20,31975,1.4169988783482028,,,
fixed_low,1280,0.9534029956836336,0.003406017003741768,0.8,0.6471177576168137,5.609136099072789,30.873846705865684,5,20,32000,11.009487964713097,,,
fixed_low,1281,0.9533880394238671,0.0035424460469900554,0.8,0.5835012625636397,3.5106423941121014,28.775353000904996,5,20,32025,4.508760747733119,,,
fixed_low,1282,0.9534371353345837,0.003663181566580076,0.8,0.969559901949558,6.863993762314009,32.128704369106906,5,20,32050,8.967198207386623,,,
fixed_low,1283,0.9535009193398325,0.003560493084141636,0.8,0.8971983455040184,4.668202350477879,29.932912957270773,5,20,32075,4.2105456797352625,,,
fixed_low,1284,0.953453758493833,0.003490509520396201,0.8,0.7615333994020068,3.152943267872489,28.417653874665383,5,20,32100,1.384049499051258,,,
fixed_low,1285,0.9533316681071009,0.0036716231866138482,0.8,0.32713708398841845,6.7724397693290115,32.03715037612191,5,20,32125,11.482311439771593,,,
fixed_low,1286,0.9534858905316255,0.003562289651612982,0.8,1.2343623849182166,5.521284426686188,30.785995033479082,5,20,32150,8.170450698635685,,,
fixed_low,1287,0.9535220994570417,0.0036060563769713116,0.8,0.9306748587836486,2.3953103555559396,27.660020962348835,5,20,32175,1.2823928801293103,,,
fixed_low,1288,0.9535440127054001,0.003647134069320046,0.8,0.7618725926453731,4.440015475948287,29.704726082741182,5,20,32200,4.60153368581738,,,
fixed_low,1289,0.9535254240472147,0.0036523682100452204,0.8,0.7583661389955721,2.1597832186267176,27.424493825419614,5,20,32225,1.2626969696533878,,,
fixed_low,1290,0.9535554706987074,0.0035339888038874445,0.8,0.9411793036440598,4.3861523512271425,29.65086295802004,5,20,32250,4.9741111165878955,,,
fixed_low,1291,0.9536029268441478,0.0033710203522103743,0.8,0.7719384185711123,3.9163826972125357,29.181093304005433,5,20,32275,4.4862077455820515,,,
fixed_low,1292,0.9536200586879707,0.003297100647469131,0.8,0.7551002277356111,2.310757101150473,27.575467707943368,5,20,32300,1.2154715592487477,,,
fixed_low,1293,0.9536644267103365,0.003197120513392826,0.8,1.103115636511604,6.449905875436806,31.7146164822297,5,20,32325,8.898501551221775,,,
fixed_low,1294,0.9535898762876402,0.00333636841203766,0.8,0.5288080995191196,4.468564289202248,29.733274895995145,5,20,32350,4.546107901374546,,,
fixed_low,1295,0.9536126031383478,0.003234961598032715,0.8,0.8967710576712371,6.744898040858928,32.009608647651824,5,20,32375,9.377932009873563,,,
fixed_low,1296,0.9536700457247096,0.0032888452196965234,0.8,0.9768611136010042,4.952334643589871,30.217045250382768,5,20,32400,3.9843768226253236,,,
fixed_low,1297,0.9537243031368718,0.003420677099667202,0.8,0.8700978888592843,7.050857783523681,32.31556839031658,5,20,32425,9.22561497381048,,,
fixed_low,1298,0.9536991008983928,0.003486130120855413,0.8,0.6544724647655762,2.083838603963892,27.348549210756786,5,20,32450,2.342931829535419,,,
fixed_low,1299,0.9537327410225627,0.003398757649134998,0.8,0.8068703563266999,2.5411387840399646,27.80584939083286,5,20,32475,1.403777699333866,,,
fixed_low,1300,0.9537579764323058,0.0033884568981538132,0.8,0.8534092244900893,7.312998543236484,32.57770915002938,5,20,32500,9.819627179513386,,,
fixed_low,1301,0.9536880259186311,0.003206247587755784,0.8,0.7920828613414782,5.429634998239585,30.69434560503248,5,20,32525,10.158998524487156,,,
fixed_low,1302,0.9537053217194678,0.0031577073108651765,0.8,0.8629715590830357,4.995943099853276,30.260653706646174,5,20,32550,4.872461783099613,,,
fixed_low,1303,0.9536897642201071,0.003080021138091471,0.8,0.7100517736279592,3.6776675537135093,28.942378160506404,5,20,32575,4.307834437957858,,,
fixed_low,1304,0.9537017243286375,0.0031249776696743448,0.8,0.8540734177434433,4.6198327050338674,29.884543311826764,5,20,32600,4.250835662608046,,,
fixed_low,1305,0.9536149078107918,0.0031387354611613905,0.8,0.4858274469100879,2.2546719553202865,27.519382562113183,5,20,32625,1.1800791500442875,,,
fixed_low,1306,0.953709509214941,0.0029723659795848345,0.8,1.5921529325807362,4.281464922257598,29.546175529050494,5,20,32650,13.021816175052576,,,
fixed_low,1307,0.9536855665756152,0.0030098928763903077,0.8,0.689390412068717,5.43186649840318,30.696577105196077,5,20,32675,4.915378513889533,,,
fixed_low,1308,0.9536555956862988,0.003078468058770434,0.8,0.8421842239825952,4.332008028338789,29.596718635131687,5,20,32700,3.9597272027607944,,,
fixed_low,1309,0.9536966746438978,0.0030732092530129096,0.8,0.9684064681538846,2.3197227181216564,27.584433324914553,5,20,32725,1.2218345713346994,,,
fixed_low,1310,0.9537195590973087,0.0028747100972572603,0.8,1.0611288941338914,5.15813027625813,30.422840883051027,5,20,32750,9.616071882825574,,,
fixed_low,1311,0.9536761164713111,0.0028957303249578237,0.8,0.7829621667705822,5.02327133280818,30.287981939601075,5,20,32775,4.06093842588957,,,
fixed_low,1312,0.9536490957528118,0.0028281337389750583,0.8,0.7742942170419836,2.4344931319236767,27.699203738716573,5,20,32800,1.2513499244806603,,,
fixed_low,1313,0.9537035609994785,0.0026662167446519502,0.8,0.9936984527659748,3.4217001274362433,28.68641073422914,5,20,32825,2.0586834650791124,,,
fixed_low,1314,0.9536758952586607,0.0026280645558591775,0.8,0.2759972631460246,4.809846915377287,30.07455752217018,5,20,32850,4.876630370398598,,,
fixed_low,1315,0.95366712755559,0.0027370311013033,0.8,0.7451127560701829,4.274490938763688,29.539201545556583,5,20,32875,4.441373180352617,,,
fixed_low,1316,0.9531891799864438,0.0031371175774633775,0.8,-0.8826876769600254,4.182827626407931,29.447538233200827,5,20,32900,45.74045488966753,,,
fixed_low,1317,0.9531963080881113,0.0029161459300981463,0.8,0.8149897066770629,4.348466384817888,29.613176991610786,5,20,32925,4.592646964440252,,,
fixed_low,1318,0.9532624608172068,0.0029576507115972595,0.8,1.0123711774520499,4.0411128367612825,29.30582344355418,5,20,32950,6.3495144331243,,,
fixed_low,1319,0.9532582871335211,0.0030448712896938845,0.8,0.7956533248043677,2.8786679139485223,28.143378520741418,5,20,32975,1.4354118164972818,,,
fixed_low,1320,0.9532647428693706,0.0029774536365825277,0.8,0.9206602043631084,2.929218991156033,28.19392959794893,5,20,33000,2.1579955276982785,,,
fixed_low,1321,0.9532513301322647,0.0031433293113692917,0.8,0.7619667841782977,4.163636885904355,29.42834749269725,5,20,33025,4.546932155166625,,,
fixed_low,1322,0.9531607137729873,0.0030365987030880337,0.8,0.6633336032862213,2.7228346816805313,27.987545288473427,5,20,33050,1.5637884689033328,,,
fixed_low,1323,0.9531825697928632,0.002980681857432166,0.8,0.7853521502536223,4.814990758260833,30.07970136505373,5,20,33075,4.849830859983366,,,
fixed_low,1324,0.9532867246094597,0.002925386384480144,0.8,1.0033110723971503,6.49579098053741,31.760501587330307,5,20,33100,8.8715170467565,,,
fixed_low,1325,0.9534011204795149,0.0027497596386940604,0.8,1.0675257755788123,2.7014110280533314,27.96612163484623,5,20,33125,1.1971071893774847,,,
fixed_low,1326,0.9533927917176753,0.0028416560349465714,0.8,0.7801771853012465,4.012706129903217,29.27741673669611,5,20,33150,4.154474599668158,,,
fixed_low,1327,0.9533973490278208,0.0028060694758563764,0.8,0.826997990718026,3.6091278602930217,28.873838467085918,5,20,33175,4.230860128168753,,,
fixed_low,1328,0.9533988780508822,0.002883836726564226,0.8,0.8726033485187801,2.717878816971562,27.98258942376446,5,20,33200,1.5784070559967354,,,
fixed_low,1329,0.9533756721160469,0.00279605889418566,0.8,0.647093391651531,4.9044756629318425,30.16918626972474,5,20,33225,4.3813467755807585,,,
fixed_low,1330,0.9534358620786964,0.0027646787699862063,0.8,0.8824875815234303,3.721368391602518,28.986078998395413,5,20,33250,3.930372658823453,,,
fixed_low,1331,0.9533765428419042,0.002896970326032755,0.8,0.6218240095285793,3.2697857847542906,28.534496391547187,5,20,33275,2.5429395925945943,,,
fixed_low,1332,0.9533394914986308,0.0027792697272138733,0.8,0.7376194782040282,5.509961396123363,30.774672002916258,5,20,33300,4.871250305220927,,,
fixed_low,1333,0.953311394394924,0.002692319269368859,0.8,0.7847395266136157,3.045956592420512,28.31066719921341,5,20,33325,1.24384821301211,,,
fixed_low,1334,0.9527278251263088,0.003249904942247195,0.8,-0.1285650955274776,4.769857648851738,30.034568255644633,5,20,33350,17.252423745019044,,,
fixed_low,1335,0.9527020608252005,0.0030578541290264827,0.8,0.7568672657966857,4.026137411381916,29.290848018174813,5,20,33375,4.200292232690996,,,
fixed_low,1336,0.9528862624915425,0.003021546509972328,0.8,0.9593584444037799,3.603749024350899,28.868459631143796,5,20,33400,3.6445978562591543,,,
fixed_low,1337,0.9529116446415891,0.002886273268621231,0.8,0.8200292063491323,5.998437784278023,31.26314839107092,5,20,33425,9.303794777828998,,,
fixed_low,1338,0.9527778647434761,0.0030756370319210413,0.8,0.595266134424778,4.383723534850067,29.648434141642962,5,20,33450,5.03478331081747,,,
fixed_low,1339,0.9527184863844201,0.003067609760155632,0.8,0.7154270301981781,7.135512028049493,32.400222634842386,5,20,33475,10.56287555744507,,,
fixed_low,1340,0.9518228620137913,0.003946748326938976,0.8,0.16491530880690158,2.512346084101192,27.77705669089409,5,20,33500,2.3051689022640742,,,
fixed_low,1341,0.9512579232984979,0.004676911195444444,0.8,0.5030755030926393,2.2553849405399258,27.520095547332822,5,20,33525,1.4428060495796673,,,
fixed_low,1342,0.9512177946012501,0.004732933467771483,0.8,0.7912313559382945,3.9950294808697375,29.259740087662635,5,20,33550,4.277075674376278,,,
fixed_low,1343,0.951472644169421,0.0044222418706524325,0.8,0.8911302357980224,6.178562260017175,31.44327286681007,5,20,33575,11.140149924642836,,,
fixed_low,1344,0.9517954539091927,0.003974595920422708,0.8,0.9544201028253573,4.073014577624585,29.33772518441748,5,20,33600,5.711505592851257,,,
fixed_low,1345,0.9510993986019325,0.004797772943840539,0.8,0.4714903674232687,4.185118699830543,29.44982930662344,5,20,33625,1.1800210502716797,,,
fixed_low,1346,0.9511343567302962,0.004660269279339602,0.8,0.832431950282592,3.2970598563701454,28.561770463163043,5,20,33650,3.8803204654186505,,,
fixed_low,1347,0.9510382041692779,0.004613470322473945,0.8,0.8031276306761377,4.127325858825647,29.392036465618542,5,20,33675,3.887629754787847,,,
fixed_low,1348,0.9513375811484879,0.004273483828848068,0.8,0.916308967032816,2.86931959367348,28.134030200466377,5,20,33700,1.2317183520928632,,,
fixed_low,1349,0.9509953922526936,0.004773429476985558,0.8,0.6695462674978206,4.250471572724597,29.515182179517492,5,20,33725,4.310111542260283,,,
fixed_low,1350,0.9512471126554338,0.004377746128405469,0.8,0.8889254613558432,3.784289540180484,29.04900014697338,5,20,33750,3.8520421304933,,,
fixed_low,1351,0.9512028211088291,0.00450954400337733,0.8,0.816120634272387,4.556649759173977,29.821360365966875,5,20,33775,4.528730760413186,,,
fixed_low,1352,0.9516034687797188,0.004174452461416012,0.8,0.9263084603144723,4.51447672519087,29.779187331983767,5,20,33800,4.522225719805333,,,
fixed_low,1353,0.9518103955088663,0.0037167234969742724,0.8,0.9271393889855633,5.006788989613391,30.271499596406287,5,20,33825,4.283813310056573,,,
fixed_low,1354,0.9517729039929752,0.0037256011237185582,0.8,0.7619709975793371,4.897588843436042,30.162299450228936,5,20,33850,4.278462176757711,,,
fixed_low,1355,0.9517640567435932,0.003793237922981585,0.8,0.7989510689091913,3.2461237025456633,28.51083430933856,5,20,33875,4.467146568846442,,,
fixed_low,1356,0.9525425908278259,0.002938928641092353,0.8,1.302507718254842,4.1319524258626945,29.39666303265559,5,20,33900,4.350087932089474,,,
fixed_low,1357,0.9523771414933886,0.0030973168174882604,0.8,0.6246431516705298,4.609931644774417,29.874642251567312,5,20,33925,4.018558510618522,,,
fixed_low,1358,0.9526505369759459,0.002730217632771481,0.8,0.9748739894623941,3.5685602555643983,28.833270862357296,5,20,33950,3.4856847972730183,,,
fixed_low,1359,0.9526321162241369,0.002802734102186455,0.8,0.7979585469470716,3.779501496858933,29.04421210365183,5,20,33975,4.285762836651821,,,
fixed_low,1360,0.9525864866832258,0.002923168679966448,0.8,0.7968707286672013,3.32622353371845,28.590934140511347,5,20,34000,4.299607076654104,,,
fixed_low,1361,0.952301848004093,0.0032784459191291804,0.8,0.5509977321624133,6.250396770759461,31.515107377552358,5,20,34025,10.029148480510921,,,
fixed_low,1362,0.9523946215738255,0.003132837259548049,0.8,0.8618446926709168,4.232857375680078,29.497567982472972,5,20,34050,4.561767818848211,,,
fixed_low,1363,0.9514721825560682,0.004106426506152228,0.8,0.24113013903029865,5.898737242794154,31.16344784958705,5,20,34075,10.631986799382425,,,
fixed_low,1364,0.9524135510821202,0.0031647863974062496,0.8,1.3142693870292326,11.240060927014163,36.50477153380706,5,20,34100,22.443109931601892,,,
fixed_low,1365,0.9523982648514391,0.0031633744563558386,0.8,0.7712882968877595,4.977140983939187,30.241851590732082,5,20,34125,4.598466343989789,,,
fixed_low,1366,0.9523339813441798,0.003320446582546821,0.8,0.7448299138063809,4.0872721816431,29.351982788435997,5,20,34150,4.441077963990119,,,
fixed_low,1367,0.9521846398643455,0.003517220415991229,0.8,0.6510453534116232,4.495364925466149,29.760075532259044,5,20,34175,3.844095896152118,,,
fixed_low,1368,0.952446539751109,0.003200357842870871,0.8,0.9566823835982556,4.676484657572312,29.941195264365206,5,20,34200,3.9908381650516804,,,
fixed_low,1369,0.9525296091940838,0.0031308039972792745,0.8,0.8426287254016364,6.426356322451509,31.691066929244407,5,20,34225,8.875547454483563,,,
fixed_low,1370,0.9527414117964563,0.0029990892612619113,0.8,0.9573057742140961,5.695115794537363,30.95982640133026,5,20,34250,4.127371048709945,,,
fixed_low,1371,0.9523493113650631,0.0033641670443486094,0.8,0.48558392852104565,5.466993940916033,30.73170454770893,5,20,34275,5.278194732010465,,,
fixed_low,1372,0.9526304017287771,0.003046066975792794,0.8,0.9794900815296693,5.4230583805571495,30.687768987350047,5,20,34300,8.417377578774158,,,
fixed_low,1373,0.9525993312553067,0.002828728464167485,0.8,0.7740783706026674,3.719743298939352,28.98445390573225,5,20,34325,4.4301247180252945,,,
fixed_low,1374,0.952760311168915,0.0024811154100280453,0.8,0.9496230926943967,4.300122693083209,29.564833299876106,5,20,34350,6.521917666810916,,,
fixed_low,1375,0.9528096908573748,0.002361093136925674,0.8,0.8684069055537998,4.3252189862521435,29.58992959304504,5,20,34375,4.622056493018024,,,
fixed_low,1376,0.9529087003419535,0.0024197770615155267,0.8,0.8674555323000939,3.8417461831671775,29.106456789960074,5,20,34400,3.894887165022252,,,
fixed_low,1377,0.9530471631590014,0.00229071787373214,0.8,0.937973806645563,4.933391876141924,30.19810248293482,5,20,34425,4.138134618363026,,,
fixed_low,1378,0.953266472764294,0.001997191197449788,0.8,1.047848680378283,3.4560160754566986,28.720726682249595,5,20,34450,1.424497824953999,,,
fixed_low,1379,0.9532574513821908,0.0019830364938676626,0.8,0.8053946276224453,6.692981652480216,31.957692259273113,5,20,34475,9.952967426638951,,,
fixed_low,1380,0.9534184776199478,0.0018253509880313823,0.8,0.9509222615930821,4.812774469665092,30.07748507645799,5,20,34500,8.625109811912033,,,
fixed_low,1381,0.9535349336245519,0.0017384483080137292,0.8,1.0280744943102658,4.108972011404281,29.373682618197176,5,20,34525,4.359602033297233,,,
fixed_low,1382,0.9535943521363305,0.001767404382066129,0.8,1.0588419203970327,4.091410729095293,29.35612133588819,5,20,34550,5.0124558566392805,,,
fixed_low,1383,0.9536407282525704,0.0019055749001611888,0.8,0.9242265351005552,4.125922372187879,29.390632978980776,5,20,34575,5.111380765839112,,,
fixed_low,1384,0.9536703736889429,0.001886805757332466,0.8,0.9604247190259774,3.843063129578514,29.10777373637141,5,20,34600,5.898848467769822,,,
fixed_low,1385,0.9536784345653776,0.0018719470857062603,0.8,0.7584494021802084,4.323231588368464,29.58794219516136,5,20,34625,4.319758212214519,,,
fixed_low,1386,0.9537094864915409,0.0019690599873042336,0.8,0.9700905002012559,3.459369300710541,28.724079907503437,5,20,34650,2.6630605633685813,,,
fixed_low,1387,0.9537067346019055,0.0020231674172950243,0.8,0.8203924329068902,5.682263096819097,30.94697370361199,5,20,34675,4.045360279073788,,,
fixed_low,1388,0.9537579965364625,0.0017897483616865495,0.8,0.9438684339112097,4.670036922444883,29.93474752923778,5,20,34700,4.029654745768068,,,
fixed_low,1389,0.9537753038890275,0.0017244687132897951,0.8,0.7658308832620634,4.716209473853057,29.98092008064595,5,20,34725,4.4347610246286076,,,
fixed_low,1390,0.9537357014958215,0.0016908559582377025,0.8,0.5763136178987949,3.1725442346563737,28.43725484144927,5,20,34750,1.824073038889176,,,
fixed_low,1391,0.9537263375346666,0.0017537564731562316,0.8,0.8018517489586526,13.586556973958277,38.85126758075117,5,20,34775,37.2213751480048,,,
fixed_low,1392,0.9536893725236807,0.001825920148970317,0.8,0.6689917639957884,6.465899919486482,31.730610526279378,5,20,34800,9.543485140336962,,,
fixed_low,1393,0.9537405958461477,0.0019047989135555499,0.8,1.018946962353538,5.688358909903871,30.953069516696768,5,20,34825,8.514688597220951,,,
fixed_low,1394,0.9536605004443873,0.0020307699855096617,0.8,0.3535043679616843,6.353782318643998,31.618492925436893,5,20,34850,10.630209320194982,,,
fixed_low,1395,0.953613981223024,0.002065356065554136,0.8,0.8143860487352024,6.899109962729835,32.16382056952273,5,20,34875,8.879159802074737,,,
fixed_low,1396,0.9535912932852557,0.0020873715352577316,0.8,0.7943862813764974,7.582391653506876,32.84710226029977,5,20,34900,9.445176515123286,,,
fixed_low,1397,0.9536792459484885,0.0020613036615478864,0.8,1.0533324399764141,4.091220309652143,29.35593091644504,5,20,34925,3.256898394387125,,,
fixed_low,1398,0.9536882606684509,0.002124610235379465,0.8,0.773127929425931,3.392379795302046,28.65709040209494,5,20,34950,1.183007542731768,,,
fixed_low,1399,0.953739682107422,0.0021312572724005996,0.8,0.920144078223632,3.370119084752971,28.634829691545868,5,20,34975,4.039416121306347,,,
fixed_low,1400,0.9538088938946284,0.002188758972113458,0.8,0.9273783045090276,5.113193917092687,30.377904523885583,5,20,35000,4.1304396346879395,,,
fixed_low,1401,0.9537146205719833,0.002246226852478994,0.8,0.4263137773921226,11.457386703885454,36.72209731067835,5,20,35025,26.34288763912871,,,
fixed_low,1402,0.9536607795873586,0.002245003728142181,0.8,0.5166705593766534,3.8500506332887974,29.114761240081695,5,20,35050,5.024913664197131,,,
fixed_low,1403,0.9537356979514384,0.0020847098123878416,0.8,1.046695340420217,4.206215145605878,29.470925752398774,5,20,35075,4.27277236801495,,,
fixed_low,1404,0.9535888386322654,0.002180609381084775,0.8,0.4870129845899618,4.503867843053064,29.76857844984596,5,20,35100,4.344418994000776,,,
fixed_low,1405,0.9535550060402844,0.0022164716981724064,0.8,0.7804717197525346,3.251692417517965,28.51640302431086,5,20,35125,1.3705908415476635,,,
fixed_low,1406,0.9536054727163366,0.0022897812584770083,0.8,0.9033741690412886,4.790984169697509,30.055694776490405,5,20,35150,4.437196799566438,,,
fixed_low,1407,0.9536168405716766,0.0020887156969905396,0.8,0.7669626616974689,4.20597674070105,29.470687347493946,5,20,35175,4.206739612043911,,,
fixed_low,1408,0.9535990068995067,0.0020212808717999797,0.8,0.8361944120277102,3.9383351715663033,29.2030457783592,5,20,35200,4.988918817775607,,,
fixed_low,1409,0.9536193067118597,0.00208256082770375,0.8,0.8260496358096755,8.383598717911115,33.64830932470401,5,20,35225,17.00450676853326,,,
fixed_low,1410,0.9531852274649635,0.0023952445127418676,0.8,0.012890612279670213,2.3065671203457416,27.571277727138636,5,20,35250,2.5557095596898187,,,
fixed_low,1411,0.9532564921561425,0.002321205681875327,0.8,0.9100626726293787,6.842220414221555,32.106931021014454,5,20,35275,9.064959676836718,,,
fixed_low,1412,0.9532524078017125,0.00225742953635788,0.8,0.8360723695164424,4.8628243906323885,30.127534997425286,5,20,35300,4.591597249774572,,,
fixed_low,1413,0.9532861415910706,0.0021834811904157814,0.8,0.800691602602072,3.3103689525837368,28.575079559376633,5,20,35325,1.249510731112836,,,
fixed_low,1414,0.9528604538759006,0.0025679528847526445,0.8,0.35910832001312304,5.523900190269028,30.788610797061924,5,20,35350,10.148891860987034,,,
fixed_low,1415,0.9530121491290177,0.002359047328176489,0.8,0.9652904507516942,4.5485699384641345,29.81328054525703,5,20,35375,3.9486569538876077,,,
fixed_low,1416,0.9529523674704513,0.00227333345368097,0.8,0.7782285610721803,2.702281102829029,27.966991709621926,5,20,35400,1.153710302809384,,,
fixed_low,1417,0.9529559619423549,0.0023286627198798593,0.8,0.7737541447645248,4.821814852172446,30.08652545896534,5,20,35425,4.0443796291925365,,,
fixed_low,1418,0.9526324135196836,0.0028699954281907747,0.8,0.4927086112776421,2.8583176273213007,28.123028234114198,5,20,35450,2.544687689682283,,,
fixed_low,1419,0.9521882955364742,0.003274386444764521,0.8,0.4572843546209257,5.705697648196023,30.970408254988918,5,20,35475,5.080146835420796,,,
fixed_low,1420,0.9523370312873626,0.003099030333689523,0.8,0.9144739105955838,5.293784414769111,30.558495021562006,5,20,35500,3.868063868593995,,,
fixed_low,1421,0.9522702221325542,0.002994838692694013,0.8,0.7167757004874653,2.5979950440638935,27.86270565085679,5,20,35525,1.5000903066764895,,,
fixed_low,1422,0.9528346941906213,0.00238152984027562,0.8,1.2113057652429873,4.29175748790416,29.556468094697056,5,20,35550,3.4722387474560596,,,
fixed_low,1423,0.9527678699070932,0.002317585384877363,0.8,0.7827149006505254,3.9098063887628984,29.174516995555795,5,20,35575,4.691129576546249,,,
fixed_low,1424,0.9530086900102174,0.002144588598963715,0.8,1.0296192488976206,3.8017172394639034,29.0664278462568,5,20,35600,4.222915337394041,,,
fixed_low,1425,0.953143070806069,0.0019432711275717551,0.8,0.9878687517591388,5.7924614620464565,31.057172068839353,5,20,35625,8.89587315389125,,,
fixed_low,1426,0.9531755326679417,0.0018401985422273892,0.8,0.8472773695999113,4.333549363637853,29.59825997043075,5,20,35650,4.801490323268178,,,
fixed_low,1427,0.9531490187265331,0.0017894747758310237,0.8,0.7938879665382484,2.8345792284094995,28.099289835202395,5,20,35675,1.1693042469105592,,,
fixed_low,1428,0.9532531675353209,0.0016800094656973519,0.8,0.9451933625000527,5.0684163992781475,30.333127006071045,5,20,35700,6.779144788719758,,,
fixed_low,1429,0.9532967104997736,0.0016053843986024718,0.8,0.9113939643218655,4.718703781394367,29.983414388187263,5,20,35725,5.9389264141244436,,,
fixed_low,1430,0.9532996369587301,0.0016759671672001986,0.8,0.7726929861760251,3.1467233579538636,28.41143396474676,5,20,35750,1.3199785090679947,,,
fixed_low,1431,0.9533042297297761,0.00161091819264092,0.8,0.7806587969711458,3.535139040108285,28.79984964690118,5,20,35775,4.200404328044608,,,
fixed_low,1432,0.9532332220147968,0.0015642776418876014,0.8,0.6751912333503518,4.781068368801369,30.045778975594267,5,20,35800,4.857233961918522,,,
fixed_low,1433,0.9533847010619978,0.0015205065762546877,0.8,0.9947269400108092,7.103039575829696,32.36775018262259,5,20,35825,9.309456647257747,,,
fixed_low,1434,0.9531959563665632,0.0015694766555582884,0.8,0.5406812943457231,6.107879694952433,31.37259030174533,5,20,35850,11.28313417597531,,,
fixed_low,1435,0.953304778171464,0.0015375878630525808,0.8,0.916931799780488,6.2674031859778845,31.53211379277078,5,20,35875,12.514729086180761,,,
fixed_low,1436,0.9529134152561154,0.0016180536155434577,0.8,0.3034264703854448,2.607641295328112,27.872351902121007,5,20,35900,6.829998156446643,,,
fixed_low,1437,0.9531267194795666,0.0015893228460513997,0.8,1.0198352497304184,3.8215010797414823,29.086211686534376,5,20,35925,4.135192841873802,,,
fixed_low,1438,0.9532581649927945,0.0014697613057181869,0.8,0.9356236114889727,4.212685436710326,29.477396043503223,5,20,35950,3.466192556381466,,,
fixed_low,1439,0.953046797381001,0.0014767322666527916,0.8,0.5021223536688497,4.853949617531306,30.118660224324202,5,20,35975,4.41950348610585,,,
fixed_low,1440,0.9527696092163582,0.0018894741435895313,0.8,0.5056594369325693,7.7260661292372514,32.99077673603015,5,20,36000,10.499166214974514,,,
fixed_low,1441,0.9529278505439801,0.0017589962203400367,0.8,0.9544517102992788,4.1584721121614,29.423182718954294,5,20,36025,3.9755570508052216,,,
fixed_low,1442,0.9530609330549779,0.0015152101599462675,0.8,0.9067399557948701,6.369284156952208,31.633994763745104,5,20,36050,10.84250019486808,,,
fixed_low,1443,0.9531883660334544,0.0015750532447393883,0.8,1.0088473122802175,4.22048115536353,29.485191762156425,5,20,36075,3.8577929725766977,,,
fixed_low,1444,0.9531878712282563,0.0017243929841825878,0.8,0.8017465021034706,6.148336594435082,31.41304720122798,5,20,36100,8.865869946270342,,,
fixed_low,1445,0.9531841575588058,0.0016158892072370978,0.8,0.7547575960580717,3.5653148867497966,28.830025493542692,5,20,36125,4.604011713622559,,,
fixed_low,1446,0.9531220099669029,0.0015586238070792735,0.8,0.7631725738696771,2.7997404097671117,28.064451016560007,5,20,36150,1.4873125442000077,,,
fixed_low,1447,0.9533355509232972,0.0014699254637605685,0.8,1.0685245090277948,3.9273160483676604,29.192026655160557,5,20,36175,4.18440432958797,,,
fixed_low,1448,0.9533717238314174,0.00151889773865177,0.8,0.9093833742375251,4.034266947931929,29.298977554724825,5,20,36200,4.284098377041132,,,
fixed_low,1449,0.9533616535045194,0.001500162823132034,0.8,0.802953473014786,4.055624057834734,29.32033466462763,5,20,36225,5.110874595004872,,,
fixed_low,1450,0.9533522051566327,0.001598446316233404,0.8,0.8390356884780679,6.124556939593885,31.38926754638678,5,20,36250,9.10630044652209,,,
fixed_low,1451,0.9533559451581333,0.0016837822973748695,0.8,0.9092895604428803,2.55142034564778,27.816130952440677,5,20,36275,1.1166481404694502,,,
fixed_low,1452,0.9533583389076986,0.001632578409815899,0.8,0.8081569133913273,4.827562250860582,30.092272857653477,5,20,36300,4.4138881387971765,,,
fixed_low,1453,0.9534537913159081,0.0018135066747393402,0.8,1.0932490943881388,4.101938721576592,29.366649328369487,5,20,36325,4.807223530958025,,,
fixed_low,1454,0.9535038632574037,0.0020718986375283244,0.8,1.0392980765336428,4.735723567115307,30.000434173908204,5,20,36350,3.836348305456482,,,
fixed_low,1455,0.9534805005203397,0.0020578063129774726,0.8,0.7777406509462038,2.604040567710117,27.868751174503014,5,20,36375,1.2252275050390904,,,
fixed_low,1456,0.9535257779830212,0.002207172231302179,0.8,1.002600734452885,4.02887060738191,29.293581214174807,5,20,36400,4.300816187084282,,,
fixed_low,1457,0.9534783621375713,0.0021144174393971094,0.8,0.6373434369744052,2.584144487970007,27.848855094762904,5,20,36425,1.9997648880016312,,,
fixed_low,1458,0.9534595452918587,0.0019300788043935535,0.8,0.7672734919513803,6.296442977601089,31.561153584393985,5,20,36450,9.332002281954988,,,
fixed_low,1459,0.9533450100333479,0.001834199185340335,0.8,0.49618320136134947,4.440297672047963,29.705008278840857,5,20,36475,4.438027895598522,,,
fixed_low,1460,0.9534088443760533,0.001797259750059732,0.8,1.0166567611543664,4.569288246184076,29.833998852976972,5,20,36500,3.7910200475752793,,,
fixed_low,1461,0.9534168121581285,0.0018674454793893291,0.8,0.8707882576305953,3.617057050720216,28.881767657513112,5,20,36525,4.386023570214814,,,
fixed_low,1462,0.9534955417396664,0.0019414186681473433,0.8,0.9187796952233579,2.3434610120751445,27.60817161886804,5,20,36550,1.257979094273034,,,
fixed_low,1463,0.9534472019100126,0.0019411971110075976,0.8,0.7608641352989363,5.355185041312678,30.619895648105576,5,20,36575,9.680948498966693,,,
fixed_low,1464,0.9534526081260287,0.0020364407393932416,0.8,0.9067268726610405,7.62566962179164,32.89038022858453,5,20,36600,25.65671580626598,,,
fixed_low,1465,0.953449813171599,0.0019838303304099414,0.8,0.7987907437660059,3.6475917769852977,28.912302383778194,5,20,36625,4.397246770938071,,,
fixed_low,1466,0.9534851815109172,0.002019680372371657,0.8,0.9187377425844877,5.399156322379973,30.66386692917287,5,20,36650,9.316569060753276,,,
fixed_low,1467,0.9535234527588671,0.0018066277480798254,0.8,0.7887612962066296,2.85025146817806,28.114962074970954,5,20,36675,1.2525653837380344,,,
fixed_low,1468,0.9535296901253846,0.0017331333289756223,0.8,0.7225188349662586,2.365864726578193,27.630575333371088,5,20,36700,1.3926095455677239,,,
fixed_low,1469,0.9534622881202495,0.0015672044252103001,0.8,0.6563848262182953,3.668455011859824,28.93316561865272,5,20,36725,4.711841382838136,,,
fixed_low,1470,0.9534198579632287,0.0016251790624627338,0.8,0.7589227639805722,4.575285856856757,29.839996463649655,5,20,36750,4.629133948750874,,,
fixed_low,1471,0.9534241152799278,0.0015092778255646477,0.8,0.7743388607294454,5.089497057264413,30.35420766405731,5,20,36775,4.469232130278378,,,
fixed_low,1472,0.9534061854371061,0.001614488517333923,0.8,0.8074700849124823,4.241742282142883,29.50645288893578,5,20,36800,4.836785550945049,,,
fixed_low,1473,0.953521734929914,0.0018156203439317897,0.8,1.2659030993002338,4.0045335216860956,29.26924412847899,5,20,36825,8.517500138728067,,,
fixed_low,1474,0.9535055314454495,0.001824301929574168,0.8,0.7592366823757859,4.356180204458021,29.620890811250916,5,20,36850,3.8390788762612993,,,
fixed_low,1475,0.9534997339877818,0.0018872887536796057,0.8,0.8031883501871444,2.8223252711873297,28.087035877980227,5,20,36875,1.2844378573060617,,,
fixed_low,1476,0.953511631813186,0.0019179661421684369,0.8,0.9049417201168046,3.128331551273653,28.39304215806655,5,20,36900,1.5040309327591548,,,
fixed_low,1477,0.9535341451910699,0.0018531301313803317,0.8,0.8954848785718252,4.252931722177671,29.517642328970567,5,20,36925,4.606517283496123,,,
fixed_low,1478,0.953540645736431,0.0018563181551480845,0.8,0.8437286961536591,3.8661709929831485,29.130881599776046,5,20,36950,4.02918221213257,,,
fixed_low,1479,0.9534450364324201,0.0016471641263227088,0.8,0.2437861875888775,4.307975506153882,29.572686112946776,5,20,36975,6.145390618702542,,,
fixed_low,1480,0.9534752767413416,0.0016740660813127084,0.8,0.9237226272708695,4.853756943559564,30.11846755035246,5,20,37000,11.456410733516359,,,
fixed_low,1481,0.953462282325607,0.0016307330806930587,0.8,0.7581635296798191,11.095102654357014,36.35981326114991,5,20,37025,25.578519717543806,,,
fixed_low,1482,0.9533838455039483,0.001408143536366313,0.8,0.45493283454920797,2.613651772711148,27.878362379504043,5,20,37050,4.378264035225178,,,
fixed_low,1483,0.9534330686121683,0.001409749070604538,0.8,0.7690026256604703,6.787510877045397,32.052221483838295,5,20,37075,9.132908343499599,,,
fixed_low,1484,0.9534449128164688,0.001374771474006109,0.8,0.8050032839153805,4.5783306498704945,29.84304125666339,5,20,37100,4.18068507881044,,,
fixed_low,1485,0.9534738621276831,0.001362351053949662,0.8,0.9316508924218081,5.0081626052576524,30.27287321205055,5,20,37125,5.5007287176768775,,,
fixed_low,1486,0.9534996967621718,0.0015314884711558063,0.8,0.8932109770340507,4.88394459070276,30.148655197495657,5,20,37150,4.212632321954988,,,
fixed_low,1487,0.9535353581030452,0.0015384346671707405,0.8,0.7885499913898436,2.7894195111871842,28.05413011798008,5,20,37175,1.2431344784365386,,,
fixed_low,1488,0.9535208537564193,0.0015180942816781506,0.8,0.7806621595551927,5.567602702697428,30.832313309490324,5,20,37200,4.773947957826654,,,
fixed_low,1489,0.9535260194080312,0.0015620361552320938,0.8,0.904841227685204,3.4589367421373836,28.723647348930278,5,20,37225,6.131302610161152,,,
fixed_low,1490,0.9533662103377428,0.0014181020372728836,0.8,0.3038473819416701,4.999857512180345,30.26456811897324,5,20,37250,5.904803328059339,,,
fixed_low,1491,0.9534269616896555,0.0013948146050082322,0.8,0.9936402660703227,3.749072642171048,29.013783248963943,5,20,37275,3.8399686656611642,,,
fixed_low,1492,0.9534226741714339,0.0014806500728712368,0.8,0.7877414798768266,4.526826142358453,29.791536749151348,5,20,37300,4.086222292935779,,,
fixed_low,1493,0.9534227404269917,0.0016094428761282975,0.8,0.8059001113738613,3.163050607546107,28.427761214339004,5,20,37325,1.1747356634145274,,,
fixed_low,1494,0.953585458758531,0.0019168293522249247,0.8,1.456188432064653,5.986961361732886,31.251671968525784,5,20,37350,11.065401924822398,,,
fixed_low,1495,0.9535161559660459,0.0017885154728880526,0.8,0.6061779069019088,3.8583334043888664,29.12304401118176,5,20,37375,5.312919712647915,,,
fixed_low,1496,0.9534911289465776,0.0018442387056708531,0.8,0.7963224339819275,3.6583256900989998,28.923036296891894,5,20,37400,4.358059607751802,,,
fixed_low,1497,0.9535453068107806,0.0017666418051321964,0.8,1.009788562689152,3.8330954783259568,29.097806085118854,5,20,37425,4.176054597878374,,,
fixed_low,1498,0.9535002358174748,0.0017503867251078553,0.8,0.7591868510290194,2.4517444258380032,27.7164550326309,5,20,37450,1.3428855837648694,,,
fixed_low,1499,0.9535228805274351,0.0016667527555502826,0.8,0.9056835052414212,8.911331635785485,34.17604224257838,5,20,37475,17.290316075531464,,,
fixed_low,1500,0.9534862745161667,0.0016942338997102402,0.8,0.7727590824823577,5.19301244008369,30.457723046876588,5,20,37500,4.314429063676999,,,
