schedule,t,reward,gap,beta_true,beta_hat,cert,cert_hp,n_cal,n_mon,cum_aud,xi_sq,exp3_arm,exp3_p,exp3_loss
adaptive,1,0.9294106190889463,0.02669891227330423,0.0,0.10368417051697758,4.105205522806289,29.369916129599183,5,20,25,4.933948455791065,,,
adaptive,2,0.9295253536976226,0.026689880589991555,0.0,-0.11517767979336996,8.068719080147558,33.333429686940455,5,20,50,17.195707454054894,,,
adaptive,3,0.9296807431843097,0.026441823588787217,0.0,0.08835791874819862,6.318444770713593,31.58315537750649,5,20,75,11.12898779714533,,,
adaptive,4,0.9296494336927102,0.026443464823158958,0.0,-0.030123595610406242,4.215584171941537,29.480294778734432,5,20,100,4.46057125605843,,,
adaptive,5,0.9295844414385276,0.026487158771645758,0.0,0.08130075349145544,2.215438373574345,27.48014898036724,5,20,125,1.8824068613007725,,,
adaptive,6,0.9295531234565332,0.026532840798116353,0.0,0.25040710759939705,6.1360973417228655,31.400807948515762,5,20,150,8.04464554117807,,,
adaptive,7,0.9297650514231194,0.026342429334390127,0.0,-0.026202127853162567,3.9241297975919123,29.18884040438481,5,20,175,4.554773193631399,,,
adaptive,8,0.9298774176790404,0.026210056131857673,0.0,-0.032038739691179464,6.097541104719883,31.36225171151278,5,20,200,9.389550412868344,,,
adaptive,9,0.9298638069952009,0.026253570129509907,0.0,0.24024729742026016,4.1043147146912355,29.36902532148413,5,20,225,5.385054590203548,,,
adaptive,10,0.9298530962886656,0.026486354869046602,0.0,0.3303826555385498,3.93781566471366,29.202526271506557,5,20,250,4.882898200708393,,,
adaptive,11,0.9301646967443359,0.026068986370066716,0.0,-0.3236631763239568,2.3000247124305573,27.564735319223452,5,20,275,2.2913023262455536,,,
adaptive,12,0.9301127034419812,0.02611004381855475,0.0,0.05532515591822574,4.259046224228249,29.523756831021146,5,20,300,4.274707837630069,,,
adaptive,13,0.9300900904266316,0.02607193888365167,0.0,-0.021089656350025677,4.223261615621924,29.487972222414818,5,20,325,4.249115225381765,,,
adaptive,14,0.930174648653447,0.026066035199051596,0.0,-0.01563921475737552,4.114726195038329,29.379436801831226,5,20,350,4.536637558728927,,,
adaptive,15,0.9303445768352179,0.025815008166508724,0.0,0.01689148524742295,2.18170245303374,27.446413059826636,5,20,375,1.1882368583354601,,,
adaptive,16,0.9303445434259433,0.02594250735417103,0.0,0.1340681781582885,4.22499425033329,29.489704857126185,5,20,400,3.7030010978349197,,,
adaptive,17,0.9303265951887959,0.026008574721296696,0.0,0.06826473419532575,4.2695257380271325,29.53423634482003,5,20,425,4.21713917026952,,,
adaptive,18,0.9302896638690185,0.026047398192713955,0.0,0.09009525787496626,4.033593438044483,29.29830404483738,5,20,450,4.481292132655145,,,
adaptive,19,0.930359696648048,0.025988945657899665,0.0,0.0626347374705981,2.302449143509878,27.567159750302775,5,20,475,1.4847664816396002,,,
adaptive,20,0.9302667926647771,0.026196745721944747,0.0,0.30100117294562695,5.933564734971184,31.19827534176408,5,20,500,7.9671340215361655,,,
adaptive,21,0.930407451887474,0.025826533874382163,0.0,-0.007499603638655175,2.4161506726153235,27.68086127940822,5,20,525,1.306742865791883,,,
adaptive,22,0.9304089587968988,0.02587041458952899,0.0,0.019731063087709996,10.081165776573783,35.34587638336668,5,20,550,25.42871307592056,,,
adaptive,23,0.9304378912482025,0.02587353936927117,0.0,0.08257775685610222,4.375043474784626,29.63975408157752,5,20,575,4.180162637798854,,,
adaptive,24,0.9305931299803759,0.02568770995922931,0.0,0.08534710166294938,3.9018123705198096,29.166522977312706,5,20,600,3.927659565423992,,,
adaptive,25,0.9307029094556742,0.025692157899305568,0.0,0.12306312924686263,3.910656580765841,29.175367187558738,5,20,625,4.158324889958396,,,
adaptive,26,0.9307440332802424,0.025641090795098576,0.0,-0.008316354679286111,4.074217283668142,29.338927890461036,5,20,650,4.3077644146063205,,,
adaptive,27,0.9308072552343575,0.02552009117797671,0.0,-0.01779431126856218,4.040936119145599,29.305646725938495,5,20,675,4.171001767046567,,,
adaptive,28,0.9307452974563062,0.02562853065860926,0.0,0.21883548583452297,4.437916143594645,29.70262675038754,5,20,700,4.3901606512353,,,
adaptive,29,0.930721567245195,0.025720831242277753,0.0,0.1385561931431277,6.466731732628688,31.731442339421584,5,20,725,8.70302165624787,,,
adaptive,30,0.9310516758518784,0.025106328437200176,0.0,-0.3600436909455518,3.760761395476102,29.025472002268998,5,20,750,5.409987127301237,,,
adaptive,31,0.9310434631530924,0.025115598376852954,0.0,-0.007675092330890169,2.533729209388138,27.798439816181034,5,20,775,1.3475390903402449,,,
adaptive,32,0.9310569986578519,0.025161394096883782,0.0,0.08870657857634227,6.129818789545038,31.394529396337933,5,20,800,8.872844653639286,,,
adaptive,33,0.9311540361225673,0.02497983348773203,0.0,-0.011822199192725426,5.731697668657019,30.996408275449916,5,20,825,9.50325856328759,,,
adaptive,34,0.9313188746278775,0.024873926223054843,0.0,-0.0028813499062839256,4.033952504055732,29.29866311084863,5,20,850,4.298936612868332,,,
adaptive,35,0.9314469923854602,0.024772473346150514,0.0,0.2126766347486742,4.053826365753075,29.31853697254597,5,20,875,5.164254169921532,,,
adaptive,36,0.9316205832895933,0.024475860944230154,0.0,-0.04492595169509435,3.965931265166885,29.230641871959783,5,20,900,4.4076197151027845,,,
adaptive,37,0.9319056885321821,0.023891926772011574,0.0,-0.3888877585128843,4.203407959042667,29.468118565835564,5,20,925,5.198114596577031,,,
adaptive,38,0.9318234254896667,0.024057186579861223,0.0,0.15364324650255143,4.284866690024861,29.54957729681776,5,20,950,4.243883011854314,,,
adaptive,39,0.9317162823285353,0.024196339317069104,0.0,0.18350102753999203,4.1128823617779044,29.377592968570802,5,20,975,4.008644556195162,,,
adaptive,40,0.9317288467525253,0.024245959904178438,0.0,-0.01014746239263749,4.296337108755596,29.56104771554849,5,20,1000,4.524287240626953,,,
adaptive,41,0.9316250352372056,0.024433475747465017,0.0,0.10629974603053602,6.045867671695529,31.310578278488425,5,20,1025,9.233743668411197,,,
adaptive,42,0.9318499756762366,0.024122893061110928,0.0,0.060303096171515705,5.978624536322571,31.243335143115466,5,20,1050,9.527759014373121,,,
adaptive,43,0.9319365956104395,0.02393901386276076,0.0,-0.02001986165332983,4.2180892860274435,29.48279989282034,5,20,1075,4.648074759481887,,,
adaptive,44,0.9318947752433441,0.024093413909195838,0.0,0.1524396203530478,3.7425088850713903,29.007219491864287,5,20,1100,4.123297653350474,,,
adaptive,45,0.9318523100797719,0.024209458778288506,0.0,0.12898843375610594,4.240530370508081,29.50524097730098,5,20,1125,3.686849146443905,,,
adaptive,46,0.9319324594062846,0.024175380123146684,0.0,0.08665571891409501,4.464080619510897,29.72879122630379,5,20,1150,5.366306302233898,,,
adaptive,47,0.931897752772061,0.024304547743524085,0.0,0.1486272274046498,4.444295004285266,29.70900561107816,5,20,1175,4.176165496665196,,,
adaptive,48,0.9322171689873925,0.023704606341595658,0.0,-0.31011960680069756,2.371669784619716,27.63638039141261,5,20,1200,1.7802635736922099,,,
adaptive,49,0.9324069646541001,0.023507794449735053,0.0,-0.004280685825155266,3.8396991641631097,29.104409770956007,5,20,1225,4.021872509140484,,,
adaptive,50,0.9324106443796863,0.023475251277209175,0.0,0.1310483755238333,4.049691751602649,29.314402358395544,5,20,1250,3.9909833031955846,,,
adaptive,51,0.9324653924183168,0.023163720959844758,0.0,-0.16751300576164738,4.046304678256639,29.311015285049535,5,20,1275,4.148334867671583,,,
adaptive,52,0.9324510193411756,0.023043951934209606,0.0,0.029277112842675472,4.0779191220583035,29.3426297288512,5,20,1300,4.402346191521723,,,
adaptive,53,0.9325927364261806,0.02271870309145907,0.0,-0.1659435659897711,4.0946241343225465,29.359334741115443,5,20,1325,4.9568406751986265,,,
adaptive,54,0.9327201826741114,0.02265225411539884,0.0,0.026758107768734184,4.130904316925266,29.395614923718163,5,20,1350,4.329271888163531,,,
adaptive,55,0.9328358896440087,0.022535789505530146,0.0,-0.011546737722826377,6.122575363188719,31.387285969981615,5,20,1375,9.045658788644856,,,
adaptive,56,0.9328895190259903,0.022406975901127613,0.0,-0.2682956086301879,6.351971600639723,31.616682207432618,5,20,1400,8.180430487582491,,,
adaptive,57,0.9327742132570431,0.022563185013147358,0.0,0.1224604848827975,6.227120457820011,31.491831064612906,5,20,1425,9.393087003783036,,,
adaptive,58,0.9328683029247636,0.02245833226356675,0.0,-0.036086447341717356,6.319426475799898,31.584137082592793,5,20,1450,10.06719801269721,,,
adaptive,59,0.9331076989105344,0.022194377602103854,0.0,0.05453949093260251,2.238725661868301,27.503436268661197,5,20,1475,1.3375259964994526,,,
adaptive,60,0.9330874005658677,0.02229397388229848,0.0,0.07859748554871832,2.286251155321761,27.550961762114657,5,20,1500,1.2702661208665398,,,
adaptive,61,0.933197645807413,0.02205587683053034,0.0,0.021274431821546404,4.263558957499565,29.52826956429246,5,20,1525,4.3268412216705805,,,
adaptive,62,0.9332185514212219,0.022110420979197465,0.0,0.10011873196919147,6.140381528410375,31.40509213520327,5,20,1550,8.54008921784112,,,
adaptive,63,0.9332678763813401,0.022312544181363747,0.0,0.26231393237773454,6.1889762177187615,31.453686824511657,5,20,1575,8.92107315356216,,,
adaptive,64,0.9333048223890045,0.02220815591482972,0.0,-0.04728735675376907,2.6367846499175474,27.901495256710444,5,20,1600,1.333434412631324,,,
adaptive,65,0.9335089182378481,0.021937435767490854,0.0,-0.2833373419153347,8.19790756204633,33.46261816883923,5,20,1625,17.497723637322505,,,
adaptive,66,0.9335693875481416,0.022003960400885925,0.0,0.06159979792274525,2.33927540755365,27.603986014346546,5,20,1650,1.2577377378052788,,,
adaptive,67,0.9338913671752437,0.021512678368455163,0.0,-0.45540387606777466,4.379993972532982,29.64470457932588,5,20,1675,6.5243852496478825,,,
adaptive,68,0.9339821905977825,0.02139636499987818,0.0,-0.0752233334413046,3.991716960961292,29.256427567754187,5,20,1700,4.679804268067861,,,
adaptive,69,0.9342190273873121,0.02125526851275017,0.0,-0.028612342008144904,4.011974935577351,29.276685542370245,5,20,1725,4.572477520537829,,,
adaptive,70,0.9342233026134232,0.02119809619441948,0.0,-0.03979050360460767,4.321124134299489,29.585834741092384,5,20,1750,4.303139218517524,,,
adaptive,71,0.9343721226647361,0.021085706709978336,0.0,0.027035888096891333,4.141794193841977,29.406504800634874,5,20,1775,4.426588292698072,,,
adaptive,72,0.9342645416265178,0.021119792620562183,0.0,0.1176975308795951,6.509821434591432,31.774532041384326,5,20,1800,8.731740732761002,,,
adaptive,73,0.9343219302001945,0.021169351388999336,0.0,0.06900082935600303,6.158141178354721,31.422851785147618,5,20,1825,9.750197657638154,,,
adaptive,74,0.9344648415962369,0.02100628407230909,0.0,0.02084518408506542,6.188390836176131,31.45310144296903,5,20,1850,9.41339403795927,,,
adaptive,75,0.9346214194157323,0.02074886961056477,0.0,-0.2702247975040751,4.344120826709005,29.6088314335019,5,20,1875,4.745281519695404,,,
adaptive,76,0.9346910632290254,0.02081446634251205,0.0,0.05441558128984605,4.038070879756056,29.30278148654895,5,20,1900,4.366411804799817,,,
adaptive,77,0.9348716715936127,0.020613593969855404,0.0,-0.0021197832264367705,2.3463459783858154,27.611056585178712,5,20,1925,1.5068402136227832,,,
adaptive,78,0.9349459065821757,0.020548511764527988,0.0,0.00848392026052583,6.3019374884911,31.566648095283995,5,20,1950,9.31702413246271,,,
adaptive,79,0.9350017072481479,0.02069080619821695,0.0,0.2287143099318229,4.038500298164625,29.30321090495752,5,20,1975,3.674364924344893,,,
adaptive,80,0.9351323542152937,0.020476448730410435,0.0,-0.05191135176248182,6.137404369974673,31.40211497676757,5,20,2000,10.107018167599813,,,
adaptive,81,0.9352189024274542,0.02037707046534465,0.0,0.07707510087252732,4.00139941498103,29.266110021773926,5,20,2025,4.152411069357126,,,
adaptive,82,0.9352016694252272,0.02067137332856117,0.0,0.47536828821053284,4.197037673791035,29.461748280583933,5,20,2050,7.639851595756403,,,
adaptive,83,0.9352657389094046,0.02064134544053453,0.0,-0.03661415822387875,4.068098054936962,29.332808661729857,5,20,2075,4.599890010757182,,,
adaptive,84,0.9351983079106926,0.020696688991484802,0.0,0.012455533365223995,3.8306051595205077,29.095315766313405,5,20,2100,4.080806260004983,,,
adaptive,85,0.9354197151912608,0.020393171688363187,0.0,0.03438263916754647,6.364724704973157,31.629435311766052,5,20,2125,10.163157396850766,,,
adaptive,86,0.9354947671052497,0.020169042211563237,0.0,-0.02459892854693105,4.252083326499581,29.516793933292476,5,20,2150,4.503415960973264,,,
adaptive,87,0.9353953826061845,0.020428901947060485,0.0,0.5264510988387845,6.280826300941656,31.54553690773455,5,20,2175,8.74571674465641,,,
adaptive,88,0.9355167336765585,0.02037711001236664,0.0,-0.07765800524116773,2.5149205477126726,27.77963115450557,5,20,2200,1.2853389305861023,,,
adaptive,89,0.9354387049892754,0.020660535758727172,0.0,0.18365211645445317,4.320263879904358,29.584974486697256,5,20,2225,4.649791816196287,,,
adaptive,90,0.9356668179846852,0.020129103788868896,0.0,-0.32246824783973566,3.87917005901969,29.143880665812585,5,20,2250,4.746573498682065,,,
adaptive,91,0.935720997568506,0.02022155544101656,0.0,0.07065243607183419,4.008206163422992,29.272916770215886,5,20,2275,4.5151871460765,,,
adaptive,92,0.9357490227505756,0.020308833515427782,0.0,0.10406190824593979,4.1940733790263245,29.45878398581922,5,20,2300,4.924317825454228,,,
adaptive,93,0.9357436458526164,0.0204957691706249,0.0,0.04725250849659983,4.1743314035827455,29.43904201037564,5,20,2325,4.646209609737057,,,
adaptive,94,0.9359263426269033,0.02010420567923199,0.0,-0.20483867976897135,3.8844628030908237,29.14917340988372,5,20,2350,4.544682342141283,,,
adaptive,95,0.9360560102455091,0.0199363199477669,0.0,-0.0261342006724497,2.3877699970098756,27.652480603802772,5,20,2375,1.4473495212034357,,,
adaptive,96,0.9361263876224013,0.019806459796639864,0.0,0.09654947522562479,2.442597776265021,27.707308383057917,5,20,2400,1.2201750796201252,,,
adaptive,97,0.9361386888806983,0.01973838003693784,0.0,-0.046648313823775774,4.065088177562418,29.329798784355315,5,20,2425,4.862607896241464,,,
adaptive,98,0.9361523080281525,0.019814704803564287,0.0,-0.02591476938099939,6.561422320949203,31.826132927742098,5,20,2450,9.075341778111522,,,
adaptive,99,0.9363993236292177,0.01949806346776284,0.0,-0.033377481928841074,6.44890829732597,31.713618904118867,5,20,2475,9.449733954168256,,,
adaptive,100,0.9364100631663136,0.01959651104547111,0.0,0.0008734677860669762,3.593993452222143,28.85870405901504,5,20,2500,4.2037853862792,,,
adaptive,101,0.936419040050535,0.01960389508680571,0.0,0.008076624608563662,4.1846111205807075,29.449321727373604,5,20,2525,4.319732752602648,,,
adaptive,102,0.9364122084168502,0.019354342307660866,0.0,-0.3806439359450506,3.509312216267938,28.774022823060832,5,20,2550,5.218620425262891,,,
adaptive,103,0.9365019798433867,0.019150084526514455,0.0,-0.10359408707834608,2.4342199695693942,27.69893057636229,5,20,2575,1.6484653008770063,,,
adaptive,104,0.9364047452058326,0.019544937677912766,0.0,0.21410361718063478,2.4834732256227445,27.74818383241564,5,20,2600,1.4474473738420275,,,
adaptive,105,0.9364290898689184,0.019626382743810233,0.0,0.1305108934039663,4.189454977923583,29.454165584716478,5,20,2625,4.0589347396336475,,,
adaptive,106,0.936469855898209,0.01949224703440189,0.0,0.0039001923789384984,3.9541685393361217,29.21887914612902,5,20,2650,4.933708591956891,,,
adaptive,107,0.936558121742483,0.01941413092605404,0.0,0.04127272109525528,8.79866777442798,34.06337838122087,5,20,2675,16.650893038407816,,,
adaptive,108,0.9365836413957928,0.01938475078018531,0.0,-0.05020709781225573,4.590731267853836,29.855441874646733,5,20,2700,4.463865895395957,,,
adaptive,109,0.9366406245736074,0.019291942273679807,0.0,0.1111121076917013,2.3748435446338094,27.639554151426704,5,20,2725,1.2891665168577573,,,
adaptive,110,0.9368225550061489,0.018838904233477116,0.0,-0.2777656824750463,4.145171686889835,29.40988229368273,5,20,2750,5.293365579406625,,,
adaptive,111,0.9368986239035816,0.018845964338488175,0.0,-0.034882023487855796,2.1758262526653254,27.44053685945822,5,20,2775,1.517821615296977,,,
adaptive,112,0.9369581322238536,0.01872466091977698,0.0,0.014527449356436127,3.7804767962192716,29.045187403012168,5,20,2800,4.613600693923781,,,
adaptive,113,0.9368587490593006,0.01891281923687571,0.0,-0.026502486014012148,6.494405938140628,31.759116544933523,5,20,2825,9.374725636354498,,,
adaptive,114,0.9369324091796686,0.018934251016156867,0.0,0.04584614891886507,5.966194000154869,31.230904606947764,5,20,2850,9.33524642672466,,,
adaptive,115,0.9369875937383203,0.019125280589883054,0.0,0.2939159234284043,4.213383853908792,29.478094460701687,5,20,2875,4.144033406409866,,,
adaptive,116,0.9369677706406383,0.019247776428702346,0.0,0.2172718363923125,2.2750772097439667,27.53978781653686,5,20,2900,1.6401608271083115,,,
adaptive,117,0.9371123069992058,0.019065743580769734,0.0,-0.03343898894169134,3.8253622906628943,29.09007289745579,5,20,2925,4.30948500777581,,,
adaptive,118,0.9372861249529347,0.01903966606452745,0.0,0.20540359048196388,7.917294225904759,33.18200483269766,5,20,2950,16.417699132536757,,,
adaptive,119,0.9371680225165155,0.019144613429224355,0.0,-0.015430886658283422,4.433780622452791,29.698491229245686,5,20,2975,4.410006592026543,,,
adaptive,120,0.9372170363201363,0.019141556410734006,0.0,0.0937582781038686,4.041050169211531,29.305760776004426,5,20,3000,4.8714171263223625,,,
adaptive,121,0.9371168590904094,0.019344081099095134,0.0,0.2661596120556876,8.223735643001909,33.488446249794805,5,20,3025,16.458816762069826,,,
adaptive,122,0.9373388347287247,0.018750421073616463,0.0,-0.48284402182603187,3.839631333058326,29.10434193985122,5,20,3050,5.354593104943284,,,
adaptive,123,0.9375127170547926,0.018325674332382857,0.0,-0.4466036449673967,7.9706164902144705,33.235327097007364,5,20,3075,16.513156738093386,,,
adaptive,124,0.9376040726475544,0.018136120966672387,0.0,-0.24904453174836857,5.338181501532503,30.6028921083254,5,20,3100,9.886580051080488,,,
adaptive,125,0.9376127072868903,0.018059859745119144,0.0,0.1447957056234895,5.931330865036772,31.196041471829666,5,20,3125,9.351485987206017,,,
adaptive,126,0.9376764756188966,0.017939515215511848,0.0,-0.026045264110046065,4.36542191130353,29.630132518096424,5,20,3150,4.256216489947988,,,
adaptive,127,0.9377599206399929,0.017778222332175853,0.0,0.07624252404039614,8.377982687603959,33.64269329439686,5,20,3175,16.81690512443183,,,
adaptive,128,0.9378764255211381,0.017506362621522165,0.0,-0.026404000482294184,4.463099333674457,29.727809940467353,5,20,3200,4.7956500511887885,,,
adaptive,129,0.9379477286103494,0.01752750010523374,0.0,0.06939607434349422,8.345270726247216,33.60998133304011,5,20,3225,17.224079242446667,,,
adaptive,130,0.9379307836501533,0.017647777984603485,0.0,0.0003660390482572282,3.850509416583475,29.11522002337637,5,20,3250,4.2421987159743315,,,
adaptive,131,0.9379807019350417,0.01733018459280422,0.0,-0.6945171731188723,3.7660056026823296,29.030716209475226,5,20,3275,11.234049005241722,,,
adaptive,132,0.937976483448763,0.017270422467935087,0.0,-0.009036658668419958,4.161613961916325,29.42632456870922,5,20,3300,4.06315600398985,,,
adaptive,133,0.9380485288513929,0.017151808432174787,0.0,-0.11800429199319788,3.939984949884047,29.204695556676942,5,20,3325,3.4142303847587923,,,
adaptive,134,0.9382682941140793,0.01686794003658798,0.0,-0.08331001908790381,2.2456576174014677,27.510368224194362,5,20,3350,1.6571377787716823,,,
adaptive,135,0.9382406851870998,0.017000381056199276,0.0,-0.03782995013532359,4.103085664448142,29.367796271241037,5,20,3375,4.660779176627926,,,
adaptive,136,0.9383289242329158,0.01691120688566017,0.0,-0.0028446050667927645,2.2943503086639407,27.559060915456836,5,20,3400,1.3806345245911236,,,
adaptive,137,0.9383996736229526,0.016755048271415718,0.0,-0.1700229608202808,3.9484957431847723,29.213206349977668,5,20,3425,4.647980293753048,,,
adaptive,138,0.938204063004188,0.017137478470798273,0.0,-0.4715099826404287,3.617412318138687,28.882122924931583,5,20,3450,6.297685354478885,,,
adaptive,139,0.9382193022079977,0.017300055146828863,0.0,-0.29725109074268596,5.827525079454226,31.092235686247122,5,20,3475,10.51357898911159,,,
adaptive,140,0.9385719115443085,0.016832766718141712,0.0,0.3341456147757209,4.442610266151524,29.707320872944422,5,20,3500,3.8098557632335637,,,
adaptive,141,0.9385691557442686,0.01690515395423897,0.0,-0.14749292508298384,6.392598717453432,31.657309324246327,5,20,3525,9.677136333629365,,,
adaptive,142,0.9385769902643639,0.01687238719373718,0.0,0.039686545106559744,3.4198525928881915,28.684563199681087,5,20,3550,4.187303736783672,,,
adaptive,143,0.938392599761268,0.017421903878448552,0.0,-0.43354595902702825,2.271449850240038,27.536160457032935,5,20,3575,1.5472924654461377,,,
adaptive,144,0.9384893008877883,0.017381835021553882,0.0,-0.026702493395250392,3.8197660618536573,29.084476668646552,5,20,3600,4.395185944994857,,,
adaptive,145,0.9386338572363774,0.016924852947769464,0.0,0.10605183055284027,2.186278133341003,27.450988740133898,5,20,3625,1.2350955166543884,,,
adaptive,146,0.9384565541361569,0.01721602526493904,0.0,-0.27051254955955095,2.267928950409397,27.532639557202295,5,20,3650,1.6350161773910898,,,
adaptive,147,0.938712733938319,0.016751459578762784,0.0,0.24028754379999664,4.4160498779174855,29.680760484710383,5,20,3675,4.499553716076484,,,
adaptive,148,0.9388417773115832,0.01642103117267646,0.0,0.14908490215746156,3.9836254373477944,29.24833604414069,5,20,3700,4.053648988550954,,,
adaptive,149,0.9390214292667419,0.016098208982082474,0.0,0.35821657375244875,4.149231346903528,29.413941953696423,5,20,3725,3.7293340009908773,,,
adaptive,150,0.9391037575302975,0.016003322246255558,0.0,0.0217531270495184,5.848813934907521,31.113524541700418,5,20,3750,9.66122675044942,,,
adaptive,151,0.9392677005605613,0.015790606095160142,0.0,0.28995175468873197,4.695704459673424,29.960415066466318,5,20,3775,9.398841263586753,,,
adaptive,152,0.9393936454936841,0.015616543263817895,0.0,-0.022629538498895273,2.747733341501542,28.01244394829444,5,20,3800,1.3744812508140958,,,
adaptive,153,0.9395004888591137,0.015439465777544958,0.0,-0.023880205096605402,2.35609077211738,27.620801378910276,5,20,3825,1.2799777951675075,,,
adaptive,154,0.939612348124634,0.015309357063329365,0.0,-0.1046517543379828,3.988972394162293,29.25368300095519,5,20,3850,4.536620821750204,,,
adaptive,155,0.9398161465045283,0.014953667259225423,0.0,-0.003720964663800764,4.543800509892244,29.80851111668514,5,20,3875,4.758485020479782,,,
adaptive,156,0.9396942092292666,0.015182511536067422,0.0,-0.20422559162316947,2.401058054271938,27.665768661064835,5,20,3900,1.62991165847305,,,
adaptive,157,0.9396265491052381,0.015322313958036182,0.0,-0.18015668871647425,5.507355846228937,30.772066453021832,5,20,3925,8.829528687615428,,,
adaptive,158,0.9396412792369262,0.01547313920496507,0.0,-0.03883132242343928,2.2744970806510048,27.539207687443902,5,20,3950,1.3451498337626528,,,
adaptive,159,0.9395708038717825,0.015395379832054523,0.0,-0.04501086215241221,4.855446822712793,30.12015742950569,5,20,3975,4.310176857412151,,,
adaptive,160,0.9398561262994022,0.015008713004451946,0.0,0.13477492554391976,6.3150155568382065,31.5797261636311,5,20,4000,8.389180063377696,,,
adaptive,161,0.939969583785937,0.014837537391799716,0.0,0.10920930758012301,3.8988379789974,29.163548585790295,5,20,4025,4.668882925011363,,,
adaptive,162,0.9400747489696321,0.014833211428131099,0.0,-0.015701659762819183,3.9052080781200647,29.16991868491296,5,20,4050,4.18474332769785,,,
adaptive,163,0.9401352089969877,0.014791357453203813,0.0,-0.016654012631432995,5.273287042324899,30.537997649117795,5,20,4075,9.377995597274897,,,
adaptive,164,0.9400977715011104,0.014768502453971988,0.0,0.009012246512255784,3.906824320582662,29.171534927375557,5,20,4100,3.8490859013265455,,,
adaptive,165,0.9401144160742282,0.014734130540428603,0.0,-0.001562267521407128,4.141835023520152,29.406545630313047,5,20,4125,4.371758150728428,,,
adaptive,166,0.9403082695327334,0.014574931312623884,0.0,0.180445586768131,2.285677772916931,27.550388379709826,5,20,4150,2.731117088552839,,,
adaptive,167,0.9405642665698845,0.014287712973374167,0.0,0.1871162854752165,4.301594989673392,29.566305596466286,5,20,4175,4.1274558889190684,,,
adaptive,168,0.9406965066618002,0.014203436655520485,0.0,0.29401613707981233,5.757267224536095,31.02197783132899,5,20,4200,9.303767945972158,,,
adaptive,169,0.940847255706612,0.014029725289105288,0.0,0.10022957095359421,4.771381858482551,30.036092465275445,5,20,4225,5.828300097600757,,,
adaptive,170,0.9409691444659571,0.013885726615995408,0.0,0.046565900584668446,3.4589864582486123,28.72369706504151,5,20,4250,3.5683771641014466,,,
adaptive,171,0.9408873320659931,0.013926361351364602,0.0,-0.261530223597996,4.039005874135923,29.30371648092882,5,20,4275,5.3083619938413795,,,
adaptive,172,0.9408710976838884,0.014067821115140156,0.0,-0.1418502917880577,2.3604021338765264,27.625112740669422,5,20,4300,1.305076818584568,,,
adaptive,173,0.940821243056868,0.014086654109994434,0.0,-0.007975110231658847,3.953997762165292,29.21870836895819,5,20,4325,4.266443767067838,,,
adaptive,174,0.9409432256137781,0.014162658761374458,0.0,0.06340255471964187,4.5133264696140785,29.778037076406974,5,20,4350,4.393062647060079,,,
adaptive,175,0.9410278506475684,0.014080112675866951,0.0,0.036173811095785935,3.6710389231847285,28.935749529977624,5,20,4375,4.029127211729972,,,
adaptive,176,0.9406540595298126,0.014219476370552209,0.0,-0.6839738991796346,6.213215915823048,31.477926522615945,5,20,4400,10.291133740346858,,,
adaptive,177,0.9406958683461951,0.014271999287979509,0.0,-0.01151108118895181,2.4530003637719293,27.717710970564823,5,20,4425,1.4087515276711577,,,
adaptive,178,0.9408468958472163,0.014080223312102347,0.0,0.0012481382417581803,8.02692182582641,33.29163243261931,5,20,4450,16.1898846106649,,,
adaptive,179,0.9407501846375275,0.01407295848219936,0.0,-0.18295638086258248,2.2078384657606516,27.472549072553548,5,20,4475,2.5133571008739604,,,
adaptive,180,0.9407675429895043,0.014141449023273078,0.0,-0.04976086421203521,4.285026205602043,29.54973681239494,5,20,4500,4.444389597970585,,,
adaptive,181,0.9408919710961058,0.014040028947198024,0.0,0.19550873265247123,4.301118123312506,29.5658287301054,5,20,4525,5.880292108362786,,,
adaptive,182,0.9408482875677995,0.01421015031935724,0.0,-0.0214531814797803,10.202897915599781,35.46760852239268,5,20,4550,26.603456618974214,,,
adaptive,183,0.9412043599359687,0.013883545655532958,0.0,0.256606909544993,2.396975007961574,27.661685614754468,5,20,4575,1.1274785510702852,,,
adaptive,184,0.9414901375788722,0.013563882085008694,0.0,0.17334433634750637,4.1718772284851475,29.436587835278043,5,20,4600,7.392106715155131,,,
adaptive,185,0.9415383078372158,0.01350812626517739,0.0,-0.019076863516646607,3.9704131370281264,29.23512374382102,5,20,4625,4.575226903807196,,,
adaptive,186,0.9414749912095473,0.013544459238151951,0.0,-0.19515245740967607,2.5819688831451875,27.846679489938083,5,20,4650,1.4965299050861043,,,
adaptive,187,0.9415287203525918,0.013688880063843056,0.0,-0.018524060068958004,6.053053154641909,31.317763761434804,5,20,4675,9.43289447225056,,,
adaptive,188,0.9417287111970436,0.013494751346352585,0.0,0.24034818192285207,4.2437021527609335,29.508412759553828,5,20,4700,3.674459526735081,,,
adaptive,189,0.9417331217659352,0.013443671524466572,0.0,-0.007789361915781941,2.606711064770434,27.87142167156333,5,20,4725,1.3571217975421719,,,
adaptive,190,0.9418544735735794,0.013449239802636015,0.0,0.1241290688750888,2.4704229979273666,27.73513360472026,5,20,4750,1.3020917556262934,,,
adaptive,191,0.9419742718669792,0.013590459527447862,0.0,0.21354229883350828,4.5419975717946555,29.806708178587552,5,20,4775,4.75472217719147,,,
adaptive,192,0.9420607323946086,0.013784719855259198,0.0,0.383183999725321,4.396079450430699,29.660790057223593,5,20,4800,3.794262084408978,,,
adaptive,193,0.9420883084230649,0.013935380907657668,0.0,0.14134055377623767,6.313708155443273,31.57841876223617,5,20,4825,9.46187644880584,,,
adaptive,194,0.9420944688312255,0.014005274870429685,0.0,-0.07999053034101532,2.572918297947101,27.837628904739997,5,20,4850,1.2550534002194507,,,
adaptive,195,0.9421269358878661,0.013857084729208102,0.0,-0.024695051428208895,5.228953266752294,30.493663873545188,5,20,4875,9.613109399690526,,,
adaptive,196,0.9423708234774608,0.013837637460416108,0.0,0.4143971255763249,2.44214795720227,27.706858563995166,5,20,4900,1.500923146348121,,,
adaptive,197,0.94232615890767,0.013862434644980826,0.0,-0.030442984533502797,3.789202615986007,29.053913222778903,5,20,4925,4.269010074616433,,,
adaptive,198,0.9424442520118419,0.014024730669886964,0.0,0.16544436224429465,4.237261827334108,29.501972434127005,5,20,4950,4.345305546755201,,,
adaptive,199,0.9424504440371311,0.013810372343767363,0.0,-0.473117466968993,2.811273630869776,28.075984237662674,5,20,4975,1.6181708144645777,,,
adaptive,200,0.9423629067281686,0.013842725398178102,0.0,-0.18218246551692116,4.118147576539412,29.38285818333231,5,20,5000,4.297359468388301,,,
adaptive,201,0.9423941900983589,0.013728648363504292,0.0,0.12175937993477447,3.8833978923619394,29.148108499154837,5,20,5025,4.295817693216991,,,
adaptive,202,0.9424423196251651,0.013759902643906474,0.0,0.16332584359265018,3.646229226391604,28.9109398331845,5,20,5050,4.243773842309581,,,
adaptive,203,0.9424651447559593,0.013632813179216607,0.0,-0.28335709247162105,2.3552697221026913,27.619980328895586,5,20,5075,1.8947755623480762,,,
adaptive,204,0.9426284339353366,0.013466506804982847,0.0,0.26191891238382053,2.475253593554909,27.739964200347806,5,20,5100,1.526679125632107,,,
adaptive,205,0.9427984788549747,0.013434933272299943,0.0,0.24272948807797598,4.353445442467583,29.618156049260477,5,20,5125,5.133616096216746,,,
adaptive,206,0.9428625840360497,0.013386874065059673,0.0,0.2495465460122072,4.136661559664289,29.401372166457186,5,20,5150,4.119671533196739,,,
adaptive,207,0.9430037234775983,0.013196569031126426,0.0,-0.15721050671945194,5.851058251655095,31.115768858447993,5,20,5175,8.705836009302681,,,
adaptive,208,0.9430095206415073,0.013101102175574586,0.0,0.008987628710071863,8.615430149079103,33.880140755872,200,20,5395,16.580900813815187,,,
adaptive,209,0.9430170798559149,0.013071249709896482,0.0,0.00275435184783028,5.697843917080274,30.96255452387317,200,20,5615,9.114478666012237,,,
adaptive,210,0.9430812606015369,0.013064513970891922,0.0,-0.021855169055523243,4.267971664341168,29.532682271134064,200,20,5835,4.076087400544887,,,
adaptive,211,0.9430997968815817,0.013059366040398923,0.0,-0.010400811666909034,4.027068849372169,29.291779456165067,200,20,6055,4.117504381092301,,,
adaptive,212,0.9430657458622564,0.013133594641579482,0.0,0.047596273863806084,3.7539147447829384,29.018625351575835,200,20,6275,4.611032029521683,,,
adaptive,213,0.9431149777286475,0.01310280626752569,0.0,-0.0008143100325200821,3.9428354575586395,29.207546064351536,200,20,6495,4.105996445307138,,,
adaptive,214,0.9431629247167513,0.01311537083792469,0.0,-0.04237298390535714,3.843061504415243,29.10777211120814,200,20,6715,4.413538382140276,,,
adaptive,215,0.9430904322076413,0.013163060560727913,0.0,0.015220291293299583,5.220350231397913,30.485060838190808,200,20,6935,9.70465130823123,,,
adaptive,216,0.9431772396745468,0.01323212040966093,0.0,-0.025938481355360987,2.5826233700436125,27.84733397683651,200,20,7155,1.3080137737021122,,,
adaptive,217,0.9432803068486957,0.01317168235223487,0.0,-0.011642492894873109,6.4442260288356366,31.708936635628532,200,20,7375,9.126271069717443,,,
adaptive,218,0.9434324970054324,0.013109226493684734,0.0,0.0012016513278356026,4.660418145656663,29.92512875244956,200,20,7595,4.486175849420968,,,
adaptive,219,0.9434506503296977,0.013042423874686793,0.0,0.012429873862769508,4.912040048902795,30.17675065569569,200,20,7815,9.275608023787882,,,
adaptive,220,0.9435629537820187,0.012986578012188721,0.0,-0.0062278452340185295,3.6381809342048026,28.9028915409977,200,20,8035,4.443341742177525,,,
adaptive,221,0.9436445196251638,0.01301789151130861,0.0,-0.001714398076034347,3.467897105995634,28.73260771278853,200,20,8255,3.8318640122336545,,,
adaptive,222,0.9436967685451558,0.012990585164314283,0.0,0.02010365636866236,6.15095976498768,31.415670371780575,200,20,8475,9.665187645870814,,,
adaptive,223,0.9437950635483217,0.01290782268134516,0.0,0.05620660910504057,6.138620119129769,31.403330725922665,200,20,8695,9.252577302031696,,,
adaptive,224,0.9438877429256144,0.01294770852688465,0.0,0.0077693936101073235,2.2354278327376678,27.500138439530563,200,20,8915,1.3784482489033916,,,
adaptive,225,0.9439946304277441,0.01292302237570353,0.0,-0.0005565505949722454,5.266105188941467,30.530815795734362,200,20,9135,4.407469300566665,,,
adaptive,226,0.9441349503421674,0.01281609288972907,0.0,0.0013854145927095828,4.452276001332955,29.71698660812585,200,20,9355,4.230598679123353,,,
adaptive,227,0.944127636096372,0.012629140027729524,0.0,0.04775728330138905,4.781978518871217,30.046689125664113,200,20,9575,4.4268095352867745,,,
adaptive,228,0.9441237887296675,0.012654435062732339,0.0,-0.006210132882672192,3.9760253262395393,29.240735933032436,200,20,9795,4.35856770742049,,,
adaptive,229,0.9442095836442228,0.012486015028515207,0.0,0.025666348350355316,2.170057603721017,27.434768210513912,200,20,10015,1.1616644314933864,,,
adaptive,230,0.944252690709522,0.012614371393648738,0.0,-0.0016176587360942382,3.2577468972935097,28.522457504086404,200,20,10235,4.485580413534649,,,
adaptive,231,0.9442583533905858,0.012542167189419473,0.0,0.01135650845903938,2.635125989629903,27.899836596422798,200,20,10455,1.2409922845543466,,,
adaptive,232,0.9443713150384555,0.01243229515323363,0.0,0.021995845244834857,4.101144742619127,29.365855349412023,200,20,10675,4.224654688532666,,,
adaptive,233,0.9444051618948461,0.012493017151904762,0.0,-0.011318414917041946,4.5561846578160825,29.82089526460898,200,20,10895,4.619307623418856,,,
adaptive,234,0.9443367798584492,0.012484909718532555,0.0,0.0440253565293117,3.315139926988946,28.57985053378184,200,20,11115,4.5322284436724605,,,
adaptive,235,0.9444267256581348,0.012505438201854235,0.0,-0.014728354840453688,4.493647831111405,29.7583584379043,200,20,11335,5.024403307419931,,,
adaptive,236,0.9445009930238295,0.012434917557506475,0.0,0.0006086078254842966,6.682739243577045,31.947449850369942,200,20,11555,9.619091154603751,,,
adaptive,237,0.9445563021709099,0.012438278558218774,0.0,-0.00891552035097529,4.727274654851736,29.991985261644633,200,20,11775,4.557761495303627,,,
adaptive,238,0.9444895338997362,0.012484892441007145,0.0,0.02374304972061059,4.243087130231829,29.507797737024724,200,20,11995,4.139587700343883,,,
adaptive,239,0.9445917269962457,0.01224705398365633,0.0,0.013523279758503998,4.7080867639907344,29.97279737078363,200,20,12215,4.119223154105569,,,
adaptive,240,0.9445830629931588,0.012294062584849885,0.0,-0.020184515168618272,4.5779574514325185,29.842668058225414,200,20,12435,4.0851268048158085,,,
adaptive,241,0.9447222452254369,0.012186608597934412,0.0,0.007123476473000941,3.842513492710696,29.107224099503593,200,20,12655,4.442281565688519,,,
adaptive,242,0.9448103319630792,0.01219379922593955,0.0,0.014511890664967863,3.5507455071681657,28.815456113961062,200,20,12875,4.027085578092322,,,
adaptive,243,0.9449185044252026,0.012281303567498347,0.0,0.015666643334705427,8.35398429682508,33.61869490361798,200,20,13095,18.067526119612754,,,
adaptive,244,0.9449907317912339,0.012109037394626876,0.0,-0.02521908314423061,3.8412779051825496,29.105988511975447,200,20,13315,4.22060566831137,,,
adaptive,245,0.945153307578623,0.011834947608872937,0.0,0.0051268522396193065,4.16176652725084,29.426477134043736,200,20,13535,4.622874318365058,,,
adaptive,246,0.9451265973254003,0.011734312120175727,0.0,0.004233819118417391,6.753730423711983,32.01844103050488,200,20,13755,10.0734656049845,,,
adaptive,247,0.9450960359467703,0.011750998376898192,0.0,0.02780479917982428,3.899311834574343,29.164022441367237,200,20,13975,4.218735532130199,,,
adaptive,248,0.9450414330119571,0.01185543244868481,0.0,0.006785075281342355,4.148173624606055,29.41288423139895,200,20,14195,4.114139457994154,,,
adaptive,249,0.945048062858745,0.011796923352237698,0.0,0.0015944666573400796,5.089676877460677,30.35438748425357,200,20,14415,4.458001671644582,,,
adaptive,250,0.9450688157607063,0.011700565279169073,0.0,0.04183512302061627,3.772968904869621,29.037679511662517,200,20,14635,4.3642872565798525,,,
adaptive,251,0.9451078222966582,0.01168799131174414,0.0,0.03732361275494137,2.5586728192994235,27.82338342609232,200,20,14855,1.1408203455863442,,,
adaptive,252,0.9450787888727306,0.011664212684749375,0.0,0.05190789257687787,3.623606624581513,28.88831723137441,200,20,15075,4.572665155718847,,,
adaptive,253,0.9451689947657937,0.011724219256097457,0.0,-0.009455915399652877,2.4408735857839425,27.70558419257684,200,20,15295,1.4562956106569456,,,
adaptive,254,0.9451559504664394,0.011738991848671887,0.0,-0.03764998795293036,4.247743987080634,29.512454593873528,200,20,15515,3.9208583823636016,,,
adaptive,255,0.945166453497389,0.011812614232221574,0.0,-0.006916961234281439,2.1680466091603323,27.432757215953227,200,20,15735,1.4064808253726255,,,
adaptive,256,0.9452298955687127,0.011806038953295572,0.0,0.02131708697579953,3.4858587646994974,28.750569371492393,200,20,15955,4.082414244199195,,,
adaptive,257,0.9452627330714127,0.011613558682449288,0.0,0.008501881518782803,6.260949202591831,31.525659809384727,200,20,16175,9.40290385988745,,,
adaptive,258,0.9453244935891237,0.01162542028377267,0.0,-0.011973731615087864,3.2914135583787925,28.55612416517169,200,20,16395,4.424688553976376,,,
adaptive,259,0.9454256370762494,0.011590533583909046,0.0,0.04168230073275716,3.655896187486904,28.9206067942798,200,20,16615,4.516204967803822,,,
adaptive,260,0.945408219158308,0.011598787605227479,0.0,-0.011748923048756781,6.604226178062436,31.868936784855332,200,20,16835,9.642926622730188,,,
adaptive,261,0.9455499846399228,0.011446182890947232,0.0,-0.03186780101779087,4.794475118025444,30.05918572481834,200,20,17055,4.435451954444206,,,
adaptive,262,0.9456662881270264,0.01142956380923732,0.0,0.049247262680412275,6.185120112622125,31.449830719415022,200,20,17275,9.2773542538392,,,
adaptive,263,0.9457040914697455,0.011480527979592647,0.0,-0.01353919552626645,3.505036431917004,28.7697470387099,200,20,17495,4.331331983044511,,,
adaptive,264,0.9456587963688154,0.011526649636760089,0.0,-0.003061387637041786,4.1810380730023855,29.44574867979528,200,20,17715,4.863291253448321,,,
adaptive,265,0.9457949282841049,0.011444503594542854,0.0,0.012498086563759041,4.023185940109648,29.287896546902545,200,20,17935,4.404865849728587,,,
adaptive,266,0.9459350230977543,0.011379333145504988,0.0,0.010831344228199986,2.4081925873186996,27.672903194111594,200,20,18155,1.2109333152786133,,,
adaptive,267,0.9458290381142115,0.01158651029350477,0.0,0.013551602126715757,7.461291080266822,32.72600168705972,200,20,18375,9.13918877351271,,,
adaptive,268,0.945913578461694,0.011842571287299597,0.0,0.0026174909545123096,2.292718975023066,27.557429581815963,200,20,18595,1.4076256993492322,,,
adaptive,269,0.946054986242803,0.011763554541291632,0.0,0.020382184285897213,4.233289906324864,29.49800051311776,200,20,18815,4.826748622894442,,,
adaptive,270,0.9460470402404024,0.011703046027867536,0.0,0.009615454131230569,3.070250892734805,28.3349614995277,200,20,19035,1.3514748364556894,,,
adaptive,271,0.946039154625662,0.011583222723735132,0.0,-0.006305093657395029,6.9702694423393705,32.23498004913227,200,20,19255,9.605434447433748,,,
adaptive,272,0.9460656111131724,0.0115839279892479,0.0,0.0038669574227198477,3.581968154629901,28.846678761422798,200,20,19475,4.586183955309097,,,
adaptive,273,0.9461107804906425,0.011555169332810977,0.0,-0.005185460814535569,2.242589287886504,27.5072998946794,200,20,19695,1.4504357793039964,,,
adaptive,274,0.9460213925211267,0.011502275071114565,0.0,-0.03999921197325701,4.293873044558701,29.558583651351597,200,20,19915,4.179069993591792,,,
adaptive,275,0.9460013269386646,0.011619412754871883,0.0,0.018659771223440022,4.640187675191259,29.904898281984156,200,20,20135,4.682955035841266,,,
adaptive,276,0.9461106551124793,0.011663409286500448,0.0,-0.018644866159349485,4.056652778138908,29.321363384931804,200,20,20355,4.262194923962049,,,
adaptive,277,0.9462186262116633,0.011610651730678545,0.0,-0.0029955017099473785,3.2503162227822813,28.515026829575177,200,20,20575,3.918899592226685,,,
adaptive,278,0.9462308955439382,0.011688354926689626,0.0,0.009329099745691929,7.007305977958885,32.27201658475178,200,20,20795,16.489556262668668,,,
adaptive,279,0.9461837968375026,0.01169353769248238,0.0,0.019282353593516828,2.9430658091613173,28.207776415954214,200,20,21015,1.2090113323587794,,,
adaptive,280,0.9462660000185655,0.011738548578198116,0.0,-0.0018808760788322251,5.241113568390702,30.505824175183598,200,20,21235,3.986227876174233,,,
adaptive,281,0.9462399785677714,0.011612677189605125,0.0,-0.04619036870279493,5.129580911237627,30.394291518030524,200,20,21455,4.699245130931557,,,
adaptive,282,0.9462954327089944,0.011561071542290802,0.0,0.029907546435185423,2.346555577377059,27.611266184169956,200,20,21675,1.2527288096373352,,,
adaptive,283,0.9463844314898953,0.011586679591401916,0.0,-0.013046418417267867,5.446890536148243,30.711601142941138,200,20,21895,9.046876099376068,,,
adaptive,284,0.9463499346585202,0.011539587164214882,0.0,0.04626141314195651,3.821088886276743,29.08579949306964,200,20,22115,4.389786137147971,,,
adaptive,285,0.9464758426706809,0.011453415583807414,0.0,-0.027391690689532656,2.321152464835965,27.58586307162886,200,20,22335,1.3348215593533201,,,
adaptive,286,0.9465099541574981,0.01133292655434015,0.0,-0.002988915811405171,2.338851055925269,27.603561662718164,200,20,22555,1.0594730894460465,,,
adaptive,287,0.9465474405817392,0.011295143568493038,0.0,-0.028191641675072623,4.795826420866209,30.060537027659105,200,20,22775,4.808848455968766,,,
adaptive,288,0.9465779493066756,0.01124030349489158,0.0,-0.006549738233310815,4.597552446673752,29.86226305346665,200,20,22995,4.35671977491025,,,
adaptive,289,0.9466424852487357,0.011077803535821662,0.0,-0.021225815891660733,2.2905572433063734,27.55526785009927,200,20,23215,1.3845237797037322,,,
adaptive,290,0.9467307010922629,0.01113876223316923,0.0,-0.009759565178842189,4.877404094051753,30.14211470084465,200,20,23435,3.8898429576895848,,,
adaptive,291,0.9467453644157253,0.011151797630161275,0.0,-0.015611522188746564,4.325635875091706,29.590346481884602,200,20,23655,4.148939076914618,,,
adaptive,292,0.9468051786549164,0.010994310158699672,0.0,0.0277649069864029,4.451395804606624,29.71610641139952,200,20,23875,4.297904218719499,,,
adaptive,293,0.9468392225753449,0.011033959408498273,0.0,0.004003896809053803,2.1936931030289957,27.45840370982189,200,20,24095,1.2060424767125604,,,
adaptive,294,0.9468947551615666,0.010815695434241879,0.0,-0.021003355572985015,4.138197204945226,29.40290781173812,200,20,24315,4.240420802137338,,,
adaptive,295,0.94692489797874,0.010666819471617073,0.0,-0.00826073650421483,3.9470044777619497,29.211715084554847,200,20,24535,4.640691460769897,,,
adaptive,296,0.9469659654032256,0.01051827675879935,0.0,-0.0041292060317561635,2.471352600943728,27.736063207736624,200,20,24755,1.2309114014014106,,,
adaptive,297,0.9469945133232186,0.010327256556386,0.0,-0.0002574382544842038,6.859467492861208,32.1241780996541,200,20,24975,15.98187340602281,,,
adaptive,298,0.9470212260952049,0.01027131143030513,0.0,-0.015309754739157251,4.38571860187392,29.650429208666814,200,20,25195,4.850233554130664,,,
adaptive,299,0.9469570138526827,0.010380197930191626,0.0,-0.017852384069247686,4.37745861364742,29.642169220440316,200,20,25415,4.470486769260471,,,
adaptive,300,0.9469344447209183,0.01048026580998318,0.0,0.017297257475891354,3.6355750884651568,28.900285695258052,200,20,25635,4.473398726081417,,,
adaptive,301,0.9468860451098768,0.010573397938165585,0.0,-0.016138435637500375,4.1766104111993245,29.44132101799222,200,20,25855,4.8704665617243466,,,
adaptive,302,0.9470006763917245,0.010446766818352993,0.0,-0.012323171428218243,5.092256948568276,30.356967555361173,200,20,26075,4.298086417229396,,,
adaptive,303,0.9469725694636678,0.01045279656478959,0.0,-0.03198820734145751,3.388330529746502,28.653041136539397,200,20,26295,4.139058674086878,,,
adaptive,304,0.9469803424447198,0.010378460391484046,0.0,0.014454059953369706,4.289055311671326,29.553765918464222,200,20,26515,4.26334708461621,,,
adaptive,305,0.9470285960196282,0.010432365687613632,0.0,0.021531042804428174,2.1866380054214027,27.4513486122143,200,20,26735,1.2515526579293677,,,
adaptive,306,0.9470814592692401,0.010397612711379733,0.0,-0.024014919136218386,4.7921494999010745,30.05686010669397,200,20,26955,4.2730485718989994,,,
adaptive,307,0.9471629881294696,0.010274052137090206,0.0,-0.007892235981327269,5.179056528354914,30.44376713514781,200,20,27175,9.101638037815905,,,
adaptive,308,0.9472138942016738,0.010194225711158245,0.0,0.03177736172843663,2.553789810921924,27.81850041771482,200,20,27395,1.1931181149628736,,,
adaptive,309,0.9471905105249248,0.010060341776579329,0.0,-0.006512296483932844,3.0353608466504785,28.300071453443373,200,20,27615,1.3088751359774569,,,
adaptive,310,0.9472085557264055,0.010069219362188075,0.0,-0.024183557813164093,2.4782707409656903,27.742981347758587,200,20,27835,1.3504015217179481,,,
adaptive,311,0.9472459509428097,0.010090282252685157,0.0,-0.0012988310019052972,3.6795320267531917,28.94424263354609,200,20,28055,4.27650358906312,,,
adaptive,312,0.9472350912666008,0.009982894268108944,0.0,-0.009213218161226056,2.415274213608423,27.67998482040132,200,20,28275,1.2845314270382222,,,
adaptive,313,0.9473172687437915,0.009998986049843062,0.0,-0.024712515972810083,4.440201194945407,29.704911801738305,200,20,28495,4.322873657848953,,,
adaptive,314,0.9473650401532854,0.010016675659022534,0.0,0.0010984880039089525,2.83738054674003,28.102091153532925,200,20,28715,1.3655791647290465,,,
adaptive,315,0.9473579953657545,0.009950695161855538,0.0,0.0030257333216213594,4.777699620411193,30.042410227204087,200,20,28935,9.531272717245068,,,
adaptive,316,0.9473447611639092,0.009773916309542274,0.0,-0.017326045192229404,3.2984633673942687,28.563173974187166,200,20,29155,4.477906357250654,,,
adaptive,317,0.9474105129690329,0.009750756777282654,0.0,0.005481629307071227,3.7962486260127295,29.060959232805626,200,20,29375,4.669206415867476,,,
adaptive,318,0.9474347969549617,0.00950269955230909,0.0,-0.010731281415657663,5.134517624149189,30.399228230942086,200,20,29595,4.935288074985643,,,
adaptive,319,0.9474791430738245,0.009450266326662127,0.0,-0.03936862997582586,6.297822509006662,31.562533115799557,200,20,29815,9.381437741135704,,,
adaptive,320,0.9475811586593279,0.009256085067838593,0.0,0.05810771722403727,4.725423041081199,29.990133647874096,200,20,30035,4.390181204939373,,,
adaptive,321,0.9475550693254503,0.00922181071745476,0.0,0.051713260964677564,3.5450043715215225,28.809714978314418,200,20,30255,4.072064175213138,,,
adaptive,322,0.9475118539219045,0.009318063999318227,0.0,-0.005221009511214346,7.286437866359667,32.551148473152566,200,20,30475,9.015372527399883,,,
adaptive,323,0.9475506329042425,0.00932827557573801,0.0,-0.03323348841484734,4.533224567523292,29.797935174316187,200,20,30695,4.793726370318525,,,
adaptive,324,0.9476172113208416,0.009148090616065585,0.0,-0.042672535493478415,3.656901947428837,28.92161255422173,200,20,30915,4.20348947538426,,,
adaptive,325,0.9477053625312323,0.008913185705442306,0.0,0.016017136563863058,4.05618060311738,29.320891209910275,200,20,31135,4.2010589751372045,,,
adaptive,326,0.9477608089106027,0.008918344951471036,0.0,0.05556340287150933,2.679064657878716,27.94377526467161,200,20,31355,1.380574619621439,,,
adaptive,327,0.9477655228486237,0.008804185762260719,0.0,-0.025303011590760826,2.461914606702163,27.72662521349506,200,20,31575,1.3065611961223387,,,
adaptive,328,0.9477456913093091,0.008672685740927721,0.0,-0.33988938523922346,3.967119729355833,29.23183033614873,5,20,31600,5.237413127939375,,,
adaptive,329,0.9477434881739304,0.00872099565066442,0.0,0.005389521694725378,3.6326462489368563,28.897356855729754,5,20,31625,4.062208190986009,,,
adaptive,330,0.9478076654947782,0.008709107408791494,0.0,0.035320875831807035,3.950346549865415,29.21505715665831,5,20,31650,4.9833281796863504,,,
adaptive,331,0.9475606371018502,0.008449189338680552,0.0,-0.6229386432308431,3.5383557748247494,28.803066381617647,5,20,31675,2.1666163573104367,,,
adaptive,332,0.9476089631378076,0.008457396656380012,0.0,-0.036872510715138335,8.344712061469295,33.60942266826219,200,20,31895,17.22729423415824,,,
adaptive,333,0.94770095759634,0.008511399137037912,0.0,0.03930151184583879,4.544148808848604,29.8088594156415,200,20,32115,4.4917971686470235,,,
adaptive,334,0.9477225706697846,0.008377679316909137,0.0,-0.023205040207690823,2.683486030353185,27.948196637146083,200,20,32335,1.2783960825856595,,,
adaptive,335,0.9478793070045117,0.008213998678435419,0.0,0.017503025823859073,3.7950242076795657,29.059734814472463,200,20,32555,3.8105915096801852,,,
adaptive,336,0.9479209895203026,0.008199819235602868,0.0,-0.0015329806734292613,4.229727505424332,29.494438112217228,200,20,32775,4.65714206631987,,,
adaptive,337,0.9479040209143782,0.008318232427868444,0.0,0.010727238428982887,3.3953235336143237,28.66003414040722,200,20,32995,4.264093217111441,,,
adaptive,338,0.9479247290518037,0.008199788965458032,0.0,-0.03837724658519423,6.409044985921993,31.67375559271489,200,20,33215,9.58321416083916,,,
adaptive,339,0.9479204838055015,0.008324286841898232,0.0,-0.009582890525040594,3.4816843770469568,28.746394983839853,200,20,33435,4.256517590341712,,,
adaptive,340,0.9479495833467677,0.008270884097857811,0.0,-0.020623182260368664,4.322088080025432,29.586798686818327,200,20,33655,4.02475392781657,,,
adaptive,341,0.9479433513904383,0.00835581065585933,0.0,0.027040807722794574,3.8391632502937565,29.103873857086654,200,20,33875,4.361840727778514,,,
adaptive,342,0.9479134456819492,0.008246740694831667,0.0,0.008521318769870492,4.832178204281184,30.09688881107408,200,20,34095,4.767382901882158,,,
adaptive,343,0.9479609590312353,0.008191983173375772,0.0,-0.06647878525681089,2.2670882387711515,27.531798845564047,200,20,34315,1.2590571675966353,,,
adaptive,344,0.9479872077653207,0.008201586523885251,0.0,0.028223005724273505,6.87552957503228,32.14024018182518,200,20,34535,9.743814180811356,,,
adaptive,345,0.9479629207867256,0.008019765480898666,0.0,-0.02233239950224399,3.909322179734884,29.17403278652778,200,20,34755,4.258690836923254,,,
adaptive,346,0.9478779651614422,0.008093112902403443,0.0,-0.028842283333584566,4.236552329181371,29.501262935974268,200,20,34975,4.173499111216487,,,
adaptive,347,0.9479345816513204,0.008026377583555289,0.0,0.031755488929026146,3.528225762021536,28.79293636881443,200,20,35195,4.045616426330057,,,
adaptive,348,0.9479792565753146,0.007769845066642689,0.0,0.0007868339997953147,4.476770000249417,29.741480607042313,200,20,35415,4.1918262156110195,,,
adaptive,349,0.9480403800686861,0.007626083437086817,0.0,-0.020248796010369056,4.468532285468089,29.733242892260986,200,20,35635,4.537726414554098,,,
adaptive,350,0.9480863996469873,0.00752419977865415,0.0,-0.003526777623876654,2.534602041349141,27.79931264814204,200,20,35855,1.206823065516216,,,
adaptive,351,0.9481243206769149,0.007363477936024987,0.0,0.012309249540218545,6.819696650383654,32.08440725717655,200,20,36075,9.488269609627471,,,
adaptive,352,0.9480989304313151,0.007364307102053269,0.0,-0.02363982079886646,5.941199814405568,31.205910421198464,200,20,36295,9.375275619534756,,,
adaptive,353,0.9480967263720822,0.00731830373126674,0.0,0.0011816809662261749,3.8558462151067787,29.120556821899676,200,20,36515,3.6925630966868477,,,
adaptive,354,0.9481298468609417,0.007284470299867674,0.0,0.02047394096045532,5.123535757678329,30.388246364471225,200,20,36735,9.145703209529938,,,
adaptive,355,0.9481566944847509,0.007307622919593415,0.0,-0.016175645410666132,3.892258855909912,29.156969462702808,200,20,36955,4.566459896001757,,,
adaptive,356,0.9481682892390563,0.007296606546784323,0.0,-0.008648840849996479,2.6333872433874177,27.898097850180314,200,20,37175,1.1516161708113288,,,
adaptive,357,0.9482478113886575,0.007298620790384569,0.0,-0.003127536241429065,3.814865331049053,29.07957593784195,200,20,37395,4.408068325893971,,,
adaptive,358,0.9482702159902885,0.007490929281454783,0.0,-0.016334392779189112,2.2098830728210888,27.474593679613985,200,20,37615,1.3485852354446684,,,
adaptive,359,0.9483043120761477,0.007535632903553746,0.0,0.002717014635856725,4.4528057638476435,29.71751637064054,200,20,37835,4.263587810241644,,,
adaptive,360,0.9483072149826626,0.007579459294768998,0.0,0.0030972254704616296,3.2075657723346307,28.47227637912753,200,20,38055,1.2110537654082845,,,
adaptive,361,0.9483439927494527,0.007556776788658293,0.0,-0.01565255274535896,2.25799976460797,27.522710371400866,200,20,38275,1.1248889455430444,,,
adaptive,362,0.9483414745094042,0.007375549049094543,0.0,-0.009960685977257725,5.0559118916436425,30.32062249843654,200,20,38495,9.65851010814077,,,
adaptive,363,0.9483405849798515,0.0073203169754726405,0.0,0.027531031483022696,2.899757495291548,28.164468102084445,200,20,38715,1.4091589238610807,,,
adaptive,364,0.9483460330737008,0.007445906333872987,0.0,3.5058800921858322e-06,6.769073669563198,32.033784276356094,200,20,38935,9.944216986267094,,,
adaptive,365,0.9484120045668875,0.007482911824933214,0.0,-0.017006526286452495,4.7664011135139335,30.03111172030683,200,20,39155,4.426236881629096,,,
adaptive,366,0.9484292906348968,0.007357276645112543,0.0,0.010521512575017005,6.789291621116374,32.05400222790927,200,20,39375,9.613593593922065,,,
adaptive,367,0.9485017788913029,0.007233564657048386,0.0,0.015247407822628182,3.874567205776314,29.139277812569212,200,20,39595,4.428221570900714,,,
adaptive,368,0.9485908160994073,0.0072986354150396116,0.0,0.00818236556390266,4.661326327986569,29.926036934779464,200,20,39815,4.3895079852785015,,,
adaptive,369,0.9486099629534882,0.007314009889701101,0.0,-0.02599169835391743,7.375615700004842,32.64032630679774,200,20,40035,10.125027869729806,,,
adaptive,370,0.9487047649301783,0.007160495903500319,0.0,0.010836711793542063,4.859906061865863,30.12461666865876,200,20,40255,4.439866883431052,,,
adaptive,371,0.9487226527719242,0.007380544626139129,0.0,0.02998352914322963,4.963880562322921,30.228591169115816,200,20,40475,4.709483411618505,,,
adaptive,372,0.9487446823505149,0.007321994603319837,0.0,0.006894132019123807,3.7185857654330476,28.983296372225944,200,20,40695,4.537780168126327,,,
adaptive,373,0.9487560761057215,0.007213396415872375,0.0,0.00042529258920071976,7.039154730875097,32.30386533766799,200,20,40915,9.345216731664518,,,
adaptive,374,0.9487725040139838,0.007192910638937122,0.0,-0.013300043881798392,2.519164347356055,27.78387495414895,200,20,41135,1.218899345056724,,,
adaptive,375,0.948702061004107,0.007230314720651498,0.0,0.0038430354880910618,3.6853579863812143,28.95006859317411,200,20,41355,4.039912634786159,,,
adaptive,376,0.9487067354308105,0.007235116112864093,0.0,0.00845179183502279,4.905307082860275,30.17001768965317,200,20,41575,4.820024289792404,,,
adaptive,377,0.9486883945883812,0.007279469711732767,0.0,-0.012489982096158623,6.863566211654725,32.128276818447624,200,20,41795,17.124193515936415,,,
adaptive,378,0.9486825123971299,0.007371451431138598,0.0,-0.02495951022119339,7.13805902561604,32.40276963240893,200,20,42015,9.596214255361891,,,
adaptive,379,0.9486812009329574,0.007407641590150615,0.0,-0.0037664383656810874,5.086998029166541,30.351708635959437,200,20,42235,4.487604888339996,,,
adaptive,380,0.9488063304339562,0.007269206169753573,0.0,-0.0034399451671665044,4.4265145692354695,29.691225176028365,200,20,42455,4.731363454999042,,,
adaptive,381,0.9487876511475142,0.007260415978454393,0.0,0.012408342546438878,10.739369881681977,36.00408048847487,200,20,42675,26.098999596856665,,,
adaptive,382,0.94880614471841,0.007304470726172907,0.0,0.0026882420300798474,6.152570903144878,31.417281509937773,200,20,42895,9.446256755414547,,,
adaptive,383,0.9489065376810738,0.0071934352369377175,0.0,0.006152182447837682,4.199848358442763,29.46455896523566,200,20,43115,4.69454384050501,,,
adaptive,384,0.9489835058567764,0.007186486582140494,0.0,0.02640684520582151,6.705951683429203,31.970662290222098,200,20,43335,9.194524884885933,,,
adaptive,385,0.9489886301378204,0.007193125601551609,0.0,0.000394622454654256,6.229782776814738,31.494493383607633,200,20,43555,9.148443657926002,,,
adaptive,386,0.9489770954717823,0.007144762654110126,0.0,-0.03539303952834513,4.286782062187269,29.551492668980167,200,20,43775,4.2748971562627,,,
adaptive,387,0.9490272044938829,0.006990420426778776,0.0,-0.026854066592672456,6.751634598388709,32.01634520518161,200,20,43995,9.60959019998487,,,
adaptive,388,0.9491206929764963,0.006933549000347927,0.0,0.010911086494558997,4.928885295843386,30.193595902636282,200,20,44215,4.3105612796709725,,,
adaptive,389,0.9490889471468359,0.007124600227865763,0.0,0.004325932961087321,3.5900194030934474,28.854730009886342,200,20,44435,4.29713712667142,,,
adaptive,390,0.9490065847874217,0.007136771440256151,0.0,0.03136580005064972,3.845110628290323,29.109821235083217,200,20,44655,4.581444097196161,,,
adaptive,391,0.949091814230259,0.007180888610261116,0.0,0.010410205912734062,4.392194788919027,29.656905395711924,200,20,44875,4.185419465052165,,,
adaptive,392,0.9492547940927605,0.0071907220131833816,0.0,-0.03538830688384661,6.6935083140395,31.958218920832394,200,20,45095,9.702232137089803,,,
adaptive,393,0.9491407573348455,0.007286047567901077,0.0,-0.04676585980618583,3.6823810739815164,28.947091680774413,200,20,45315,4.49174409340339,,,
adaptive,394,0.9491822163048707,0.007338722062639413,0.0,-0.010619232339174512,3.651498213528095,28.91620882032099,200,20,45535,4.065477711479231,,,
adaptive,395,0.9492163729299178,0.007348989333170075,0.0,0.026837167957236865,9.058930931486335,34.32364153827923,200,20,45755,17.6761842201295,,,
adaptive,396,0.9492114108835674,0.0073126348482933645,0.0,-0.013832271159503869,3.4719923727467417,28.736702979539636,200,20,45975,4.4398153871833,,,
adaptive,397,0.9492997075106864,0.007213245813617264,0.0,0.01360508179301263,6.032191602653279,31.296902209446174,200,20,46195,9.516864161514341,,,
adaptive,398,0.949247062953784,0.007170478988860141,0.0,0.0004715473429857078,4.611960706255481,29.876671313048377,200,20,46415,4.367377945480233,,,
adaptive,399,0.9492943206841359,0.007137031688136286,0.0,0.01604365441316191,4.692002560012788,29.956713166805685,200,20,46635,4.329277734142984,,,
adaptive,400,0.9492790211122686,0.007016479194172032,0.0,-0.03496898034448017,3.8461850739326167,29.110895680725513,200,20,46855,4.846349895690756,,,
adaptive,401,0.9492828926167958,0.006947287610824637,0.0,0.0050227752470311865,6.990415055883814,32.25512566267671,200,20,47075,9.641214988733326,,,
adaptive,402,0.9493800137381462,0.0068434401977152115,0.0,-0.00030975069063083314,3.412551461389104,28.677262068182,200,20,47295,4.811222854404501,,,
adaptive,403,0.9494407178040372,0.0065187159887123425,0.0,0.009514324284566014,4.212172939945149,29.476883546738044,200,20,47515,3.401314280727421,,,
adaptive,404,0.9494401021106483,0.006665492199284362,0.0,-0.023940435805996314,2.6265369043624527,27.89124751115535,200,20,47735,1.2858574612554963,,,
adaptive,405,0.949458087995049,0.006846521738694378,0.0,-0.009946658996120447,3.7502472509203075,29.014957857713203,200,20,47955,3.9988621282104684,,,
adaptive,406,0.949495952981608,0.006838652793185629,0.0,-0.02831706031123665,5.301806799681701,30.566517406474595,200,20,48175,9.791334798334331,,,
adaptive,407,0.9494875665552391,0.0068016775555307385,0.0,-0.0027022455036593133,4.99470077101479,30.259411377807687,200,20,48395,4.262480494845099,,,
adaptive,408,0.9495115681069385,0.00670275693478084,0.0,0.009818734876802659,4.532289755171106,29.797000361964002,200,20,48615,4.755208278431563,,,
adaptive,409,0.9495232145924886,0.006796948188905638,0.0,-0.001916613396837564,6.3785721622576474,31.643282769050543,200,20,48835,9.572750783973259,,,
adaptive,410,0.9495121258536672,0.006597983947371544,0.0,0.00622962298418026,4.846067582676379,30.110778189469276,200,20,49055,4.076826520565104,,,
adaptive,411,0.9495400229006408,0.0066109857994859356,0.0,0.002628569766868657,3.7140542077538843,28.97876481454678,200,20,49275,4.612214558734568,,,
adaptive,412,0.9495536209425852,0.006585143218589606,0.0,-0.01520639874017983,2.1051900012768745,27.36990060806977,200,20,49495,1.3243642249708596,,,
adaptive,413,0.9495775864552397,0.006620278181710071,0.0,0.0202240756705882,7.1215416455275005,32.386252252320396,200,20,49715,9.118333465243275,,,
adaptive,414,0.9495847920242783,0.006665157754372042,0.0,-0.006664572372230995,4.086583690963917,29.351294297756812,200,20,49935,4.489605906156065,,,
adaptive,415,0.9496995585803174,0.006485523761854961,0.0,0.05421259131538008,3.8855129127851957,29.15022351957809,200,20,50155,5.1279465865051295,,,
adaptive,416,0.9497190480723022,0.0064738059622774236,0.0,0.0025651460287628245,5.0852309715551804,30.349941578348076,200,20,50375,4.380756270772431,,,
adaptive,417,0.9497988284661866,0.0063827024042442115,0.0,0.011958284038810526,2.1887007024033127,27.45341130919621,200,20,50595,1.232124715137169,,,
adaptive,418,0.9497655239410865,0.006485915853249757,0.0,0.012852083480845907,9.63416312117627,34.89887372796917,200,20,50815,16.445268588789048,,,
adaptive,419,0.9497382974273528,0.006558657409999835,0.0,0.02168959667280938,6.412997995335658,31.677708602128554,200,20,51035,9.932641311452217,,,
adaptive,420,0.9496911478893653,0.006707931961739133,0.0,-0.012621353632565706,2.4403549968189164,27.705065603611814,200,20,51255,1.4095181626320321,,,
adaptive,421,0.9496714273516998,0.006636456291959525,0.0,-0.0018560842663361606,4.050937806407767,29.315648413200663,200,20,51475,4.468923656030091,,,
adaptive,422,0.9497551398358516,0.006610291320863326,0.0,0.0014662115958415443,4.510313530387991,29.775024137180885,200,20,51695,4.921241408132846,,,
adaptive,423,0.9498120002650847,0.006495594957751205,0.0,-0.0030805973757090706,4.034099587879014,29.29881019467191,200,20,51915,4.58760703394812,,,
adaptive,424,0.9497375056494506,0.006478012416252565,0.0,-0.015245943503347745,5.036854225100822,30.301564831893717,200,20,52135,9.268869702714442,,,
adaptive,425,0.9497480919373957,0.006336377297243678,0.0,-0.03183727628431827,3.888565950358433,29.15327655715133,200,20,52355,4.598828266550853,,,
adaptive,426,0.9498094519452207,0.0064580189859670956,0.0,0.01548294680199527,4.179005728568899,29.443716335361795,200,20,52575,4.7561679853234144,,,
adaptive,427,0.9497844269357204,0.006421125893952495,0.0,-0.03086098077693594,3.934485609864753,29.199196216657647,200,20,52795,4.449160496406479,,,
adaptive,428,0.9497586047476914,0.006319788740733023,0.0,-0.02052923594851546,6.2050061114824935,31.46971671827539,200,20,53015,9.175688727901688,,,
adaptive,429,0.9497352452090183,0.006278155513978034,0.0,0.010302906384386811,9.831138105503262,35.09584871229616,200,20,53235,25.98275527993756,,,
adaptive,430,0.9496799438280761,0.006259463859477843,0.0,-0.010596599002212041,3.0611234569555905,28.325834063748488,200,20,53455,1.2673020717135801,,,
adaptive,431,0.9497074183325432,0.006160229904141223,0.0,-0.0557580754770351,5.032327891104247,30.29703849789714,200,20,53675,9.877479546836225,,,
adaptive,432,0.9496680087925973,0.006046032933939904,0.0,0.012479313773787408,4.090484304073436,29.35519491086633,200,20,53895,4.12432590122288,,,
adaptive,433,0.9496766955464806,0.006173249272627079,0.0,0.0065487832799281005,3.9126862543025633,29.17739686109546,200,20,54115,4.222936382216883,,,
adaptive,434,0.9497281993126624,0.006135116349530789,0.0,-0.012717485127184845,3.4543640110873435,28.71907461788024,200,20,54335,4.414247636098073,,,
adaptive,435,0.9496952263899048,0.006163658428257501,0.0,-0.0213167860991744,2.305494530505822,27.570205137298718,200,20,54555,1.3444711625933228,,,
adaptive,436,0.9497367919932206,0.0060500816154940296,0.0,-0.023780234458291402,4.591321095255587,29.856031702048483,200,20,54775,4.303040224429049,,,
adaptive,437,0.9497788357153077,0.00613314350669647,0.0,0.046829494437221904,3.995415149724018,29.260125756516913,200,20,54995,4.417974706826624,,,
adaptive,438,0.949899824606331,0.00595703139942505,0.0,0.021430160966171043,3.4635879030338894,28.728298509826786,200,20,55215,4.501237339295736,,,
adaptive,439,0.9499001832903887,0.005972287729628101,0.0,0.012751973174490203,5.1381410520092965,30.40285165880219,200,20,55435,4.118336140453892,,,
adaptive,440,0.9498199196634672,0.00589479987554975,0.0,-0.02733749450327291,5.326948480778833,30.591659087571728,200,20,55655,4.138875824647655,,,
adaptive,441,0.9498468593398592,0.006020711413633695,0.0,0.022366623569202992,3.6805864507599177,28.945297057552814,200,20,55875,4.209932264965171,,,
adaptive,442,0.9499715526347805,0.005959770296383171,0.0,0.04453703242053751,11.099503366440217,36.36421397323311,200,20,56095,25.850800582877966,,,
adaptive,443,0.9499676306782066,0.006070124271497557,0.0,0.009329208061791647,4.347125375191627,29.611835981984523,200,20,56315,4.567897734967584,,,
adaptive,444,0.9500403649554311,0.0059026616778398155,0.0,-1.896540015268027e-05,2.594001096674686,27.85871170346758,200,20,56535,1.454861951130224,,,
adaptive,445,0.9500423757011084,0.005901383138324001,0.0,0.03209634767164945,3.8086217006279064,29.073332307420802,200,20,56755,4.524193967938276,,,
adaptive,446,0.9501076986380788,0.005907042523879857,0.0,0.02297620385127946,2.614677952055993,27.879388558848888,200,20,56975,1.2128007087424792,,,
adaptive,447,0.9501417991352037,0.005853413424365295,0.0,-0.03218400464762659,3.3480160293255006,28.612726636118396,200,20,57195,4.0430732668302545,,,
adaptive,448,0.9502185853749617,0.005841342705678043,0.0,-0.006536470621965232,2.285791955777382,27.550502562570276,200,20,57415,1.6505620581752585,,,
adaptive,449,0.950239421870444,0.005863726888838405,0.0,0.027648335951364376,4.716312278051198,29.981022884844094,200,20,57635,4.130971686349789,,,
adaptive,450,0.9502038164091634,0.005717533608951886,0.0,-0.012398329005146045,5.183525127277074,30.448235734069968,200,20,57855,4.439231793376953,,,
adaptive,451,0.9502272694770958,0.005688029530928396,0.0,-0.012664712503713395,4.021373497670399,29.286084104463296,200,20,58075,4.335270953690313,,,
adaptive,452,0.950372604016691,0.005876605457463158,0.0,0.20062581695658857,4.008873403058779,29.273584009851675,5,20,58100,5.219189983688068,,,
adaptive,453,0.9501184720095098,0.005940837745493033,0.0,-0.5010379426570091,3.1595510386497523,28.424261645442648,5,20,58125,2.2613473458670796,,,
adaptive,454,0.9503741312452236,0.005919894238340717,0.0,0.4544269816272728,4.6645796741725665,29.92929028096546,5,20,58150,3.0592761697141406,,,
adaptive,455,0.9504118383058053,0.005763420371718508,0.0,-0.015231260792992982,3.471817778422863,28.73652838521576,5,20,58175,3.875546580760751,,,
adaptive,456,0.9502348982434082,0.0055694438852765815,0.0,-0.3383953137466816,5.57258706437454,30.837297671167434,5,20,58200,10.271508435298175,,,
adaptive,457,0.9502608093230434,0.0055878417092105614,0.0,-0.03032952092018317,3.838862064256515,29.10357267104941,5,20,58225,4.190941810254298,,,
adaptive,458,0.9502849244761544,0.005569895380660661,0.0,-0.04324905282658209,3.767834259871952,29.03254486666485,5,20,58250,4.468740312489322,,,
adaptive,459,0.9503431619656261,0.005586270783275893,0.0,0.10721140378131129,2.709150817030597,27.973861423823493,5,20,58275,1.9779685442528965,,,
adaptive,460,0.9503510376376925,0.005465859661600625,0.0,-0.028358752765525495,4.814282244040921,30.078992850833817,5,20,58300,4.139303755838511,,,
adaptive,461,0.9502968210669918,0.005460120971554794,0.0,0.033628573275047584,6.149260490662651,31.413971097455548,5,20,58325,9.603410387774865,,,
adaptive,462,0.9503865824025006,0.005347382900519837,0.0,0.11438995921254914,3.8490775440949716,29.113788150887867,5,20,58350,3.894449949633718,,,
adaptive,463,0.9504500950075669,0.005321128088499716,0.0,0.013310393608740317,2.176570725160237,27.44128133195313,5,20,58375,1.3088898304155325,,,
adaptive,464,0.9504435902187953,0.0052133652060019076,0.0,-0.010453306439569862,6.963070797093479,32.227781403886375,5,20,58400,9.261417430520973,,,
adaptive,465,0.9504903213408222,0.005302777735132769,0.0,0.01786115052775494,8.576212193119773,33.84092279991267,200,20,58620,16.94680747016004,,,
adaptive,466,0.9505348072814941,0.005243115911606422,0.0,-0.018350651448873587,4.320063101416865,29.58477370820976,200,20,58840,4.576435013059845,,,
adaptive,467,0.9505615036056542,0.005182807091038799,0.0,0.0226648876739909,6.68759634460516,31.952306951398057,200,20,59060,9.60506276363218,,,
adaptive,468,0.9505463138243091,0.005111689043509116,0.0,0.002181299091186379,6.907164162294751,32.171874769087644,200,20,59280,10.485204508833323,,,
adaptive,469,0.9505419212749486,0.005137785332370859,0.0,0.0449462557232075,4.992696971870486,30.257407578663383,200,20,59500,9.38107626221867,,,
adaptive,470,0.9505384037427819,0.005121127519367663,0.0,-0.022209891900490577,4.7135247496253685,29.978235356418264,200,20,59720,4.26820022876983,,,
adaptive,471,0.9505148343691213,0.004983411632969337,0.0,0.007778509109320879,4.698242339904821,29.96295294669772,200,20,59940,4.768096366326548,,,
adaptive,472,0.9505010514834036,0.004899944806457501,0.0,-0.017829080810656275,6.7084609401301405,31.973171546923037,200,20,60160,9.339225040404878,,,
adaptive,473,0.9505095973525206,0.004874833321966476,0.0,-0.026325987868796846,3.8882575264216297,29.152968133214525,200,20,60380,4.590255302780762,,,
adaptive,474,0.950528944250648,0.004852859585426805,0.0,0.03546860899744796,4.90100226644596,30.165712873238856,200,20,60600,4.471157015584215,,,
adaptive,475,0.9505061618686714,0.005036367609096537,0.0,-0.030712648019054725,3.7047062976261524,28.96941690441905,200,20,60820,4.781337481315738,,,
adaptive,476,0.9504801022252949,0.005153225006933826,0.0,-0.04175420420620787,4.330281270065851,29.594991876858746,200,20,61040,4.486548339764021,,,
adaptive,477,0.9504964804243636,0.005047270304949003,0.0,-0.0006155064591033529,3.71118270241816,28.975893309211056,200,20,61260,4.487498514811202,,,
adaptive,478,0.9504611512107645,0.0051186422254945185,0.0,-0.004076266228119498,5.1344306405795574,30.399141247372455,200,20,61480,4.831772363775562,,,
adaptive,479,0.9504505943290928,0.005048579811293141,0.0,0.052233382675649316,4.801743945423708,30.066454552216605,200,20,61700,4.948700634622534,,,
adaptive,480,0.9504022325024805,0.005081429508517532,0.0,-0.028807686224322563,2.7212714641162874,27.985982070909184,200,20,61920,1.4202632405126003,,,
adaptive,481,0.950453540319383,0.0048906272084637825,0.0,0.021797806321203907,3.2058104264298324,28.470521033222727,200,20,62140,1.3982844177372784,,,
adaptive,482,0.9504987442199001,0.004919819495774691,0.0,0.010781392845664003,5.273432612221861,30.538143219014756,200,20,62360,4.14363678459709,,,
adaptive,483,0.9505081885208165,0.0048508149421188085,0.0,0.010630475472019308,4.449107178053028,29.713817784845922,200,20,62580,4.378336648345942,,,
adaptive,484,0.9505111786917588,0.004751829431889454,0.0,0.012456156882927793,2.3945889044756776,27.659299511268575,200,20,62800,1.3457434474281649,,,
adaptive,485,0.9505096401945621,0.004772420514585818,0.0,-0.006440223183894687,2.7698316730153474,28.034542279808242,200,20,63020,1.397356515951573,,,
adaptive,486,0.9505793003088325,0.004655101550652407,0.0,0.014014939077512202,2.142730479574275,27.40744108636717,200,20,63240,1.202772415657596,,,
adaptive,487,0.9506236539061484,0.004788909650227713,0.0,-0.010462306595940975,3.6430288768983146,28.90773948369121,200,20,63460,4.211847892797433,,,
adaptive,488,0.9506210312703379,0.004692930196758205,0.0,-0.005579947399887369,4.610011239539454,29.87472184633235,200,20,63680,4.5042511113551775,,,
adaptive,489,0.9506281161625967,0.004516678071797564,0.0,0.042296670180906784,4.434829632868824,29.69954023966172,200,20,63900,4.882114181905064,,,
adaptive,490,0.9505926157675152,0.004603146948988113,0.0,0.018216398623454925,4.521301726802976,29.78601233359587,200,20,64120,3.987599363424428,,,
adaptive,491,0.9505892816035261,0.004603905466401215,0.0,-0.008907905229827687,2.63562663917342,27.900337245966316,200,20,64340,1.3829982955729132,,,
adaptive,492,0.950480692472291,0.004682698199727664,0.0,-0.034011570817527904,4.185063755507727,29.449774362300623,200,20,64560,4.452172935055608,,,
adaptive,493,0.9504889498540005,0.004623367467597839,0.0,-0.032412284802848204,5.399554081013681,30.66426468780658,200,20,64780,9.78573001944589,,,
adaptive,494,0.9505863713301045,0.004386899351506823,0.0,0.008700965380440231,4.5011543322009056,29.7658649389938,200,20,65000,4.330815355348635,,,
adaptive,495,0.9506611234140838,0.004386657804015148,0.0,0.0034882044194457346,2.478797537283482,27.74350814407638,200,20,65220,1.5033500523820158,,,
adaptive,496,0.9506660628232738,0.004351937462585775,0.0,-0.005782663605505131,2.2230676976834034,27.4877783044763,200,20,65440,1.410702334530226,,,
adaptive,497,0.9506912830318827,0.004364870697734835,0.0,-0.009240191154551611,4.468763767889465,29.73347437468236,200,20,65660,4.514248447823669,,,
adaptive,498,0.9506533322048785,0.004357161561620804,0.0,-0.022188106948779825,6.372997048257797,31.637707655050693,200,20,65880,9.62187170494702,,,
adaptive,499,0.9506846421866758,0.004429276681794825,0.0,0.02895218603687137,4.646359056758039,29.911069663550933,200,20,66100,4.3020259863130415,,,
adaptive,500,0.9506605040727443,0.004375101219889821,0.0,0.0027399836401660414,4.419400480559539,29.684111087352434,200,20,66320,4.825193307228753,,,
adaptive,501,0.9506630417249551,0.004314200983899674,0.0,-0.02327584026290186,6.886144916172147,32.150855522965045,200,20,66540,9.190995631236005,,,
adaptive,502,0.9506347292630332,0.004250734364270481,0.0,0.017715141148229505,4.598708290406962,29.863418897199857,200,20,66760,4.1926250887174925,,,
adaptive,503,0.9505902458794425,0.004215805538354767,0.0,0.017309755196764927,4.348244721024447,29.612955327817343,200,20,66980,4.514859084420559,,,
adaptive,504,0.9505778303986471,0.0043640916017798626,0.0,-0.02002711213658534,4.565258968349763,29.82996957514266,200,20,67200,4.195334514925144,,,
adaptive,505,0.9505934643927132,0.0044047385351774215,0.0,0.007673350708597761,4.620871909382861,29.885582516175756,200,20,67420,4.347822568310285,,,
adaptive,506,0.9506614939562922,0.004467178453653631,0.0,0.021040117442343444,4.097884155536595,29.36259476232949,200,20,67640,4.3794895110016165,,,
adaptive,507,0.9506867195193732,0.004465148633267635,0.0,0.007259729944891584,3.613942613501985,28.87865322029488,200,20,67860,1.4449823477760442,,,
adaptive,508,0.9506396405797429,0.0045400250644602735,0.0,-0.014799212121305262,3.654875851626412,28.919586458419307,200,20,68080,4.510470193278799,,,
adaptive,509,0.9506806626677462,0.004647565776080387,0.0,-0.004348293682819705,3.8089221269586915,29.073632733751587,200,20,68300,4.61339370992651,,,
adaptive,510,0.9507335876139131,0.004670812453265061,0.0,0.0021169445129343807,2.7128481000852305,27.977558706878128,200,20,68520,1.4748959224063576,,,
adaptive,511,0.9507658936603723,0.004548270352335626,0.0,0.011210061119206131,3.7700843867813822,29.034794993574277,200,20,68740,4.436423939217136,,,
adaptive,512,0.9507116247496539,0.004488342485937102,0.0,-0.04475061047723215,3.7428631712842635,29.00757377807716,200,20,68960,4.217973361175214,,,
adaptive,513,0.9507616627033377,0.004453791635397275,0.0,0.04160052137101924,3.942751015775176,29.207461622568072,200,20,69180,4.421105374428086,,,
adaptive,514,0.9508045037102416,0.004416966734656302,0.0,0.00994050451868416,2.346852850543099,27.611563457335993,200,20,69400,1.1751464394785431,,,
adaptive,515,0.9507935854739995,0.0045302738410474275,0.0,-0.004762507033171844,3.557627588898156,28.822338195691053,200,20,69620,4.587134235915721,,,
adaptive,516,0.9508022916682991,0.004463113571660182,0.0,0.002512403246203602,3.870075761444821,29.134786368237716,200,20,69840,4.415805805842305,,,
adaptive,517,0.9508070796017996,0.004516064026116484,0.0,-0.019383581087937248,5.866023451655709,31.130734058448603,200,20,70060,9.825012019431467,,,
adaptive,518,0.9507906554895917,0.004483291974377246,0.0,-0.006183131075631986,4.414044925641951,29.67875553243485,200,20,70280,4.356192108647628,,,
adaptive,519,0.9508162119526948,0.004445001130755966,0.0,-0.022051565491119335,4.7147610463414305,29.979471653134325,200,20,70500,4.071603837769269,,,
adaptive,520,0.950885829335488,0.004485336598478384,0.0,0.01093394183233658,6.805257360635181,32.06996796742808,200,20,70720,9.82071793190772,,,
adaptive,521,0.9508709601818196,0.00444061945506935,0.0,0.01436087897403742,5.31718144300317,30.581892049796068,200,20,70940,9.506670160812812,,,
adaptive,522,0.9508890808862857,0.004415858297962205,0.0,-0.030901834178297255,3.148278238386261,28.412988845179157,200,20,71160,1.3556178656276525,,,
adaptive,523,0.950916652787121,0.004301040140011758,0.0,-0.005613087640254461,4.678517578519501,29.943228185312396,200,20,71380,4.4756037873621715,,,
adaptive,524,0.9509832925740057,0.004180572178043462,0.0,-0.03397678715649535,6.684750926550424,31.94946153334332,200,20,71600,9.20921851252798,,,
adaptive,525,0.9510168851679484,0.004105081735623739,0.0,0.006551934779007799,4.6923034763178055,29.9570140831107,200,20,71820,4.386911843797346,,,
adaptive,526,0.9509769168546569,0.004132360589383266,0.0,0.007032370232185047,4.284458532459793,29.54916913925269,200,20,72040,4.489594429228993,,,
adaptive,527,0.9509531233066647,0.004102074552706059,0.0,-0.013351998908292815,2.5575819451202424,27.822292551913137,200,20,72260,1.1969085064839795,,,
adaptive,528,0.9509791020274552,0.004057366320311173,0.0,-0.02075169696877086,2.3846647093531232,27.64937531614602,200,20,72480,1.4822682576221886,,,
adaptive,529,0.9509800854398629,0.004235351893641659,0.0,-0.05784723255619203,3.7703059008313495,29.035016507624245,200,20,72700,4.643394638001497,,,
adaptive,530,0.9509670247306953,0.004375401632897513,0.0,0.013182234340836511,5.856331514025317,31.121042120818213,200,20,72920,9.074526604666355,,,
adaptive,531,0.9510084746443769,0.0044296439090770745,0.0,0.044633841173449935,4.635898650040844,29.90060925683374,200,20,73140,4.646920358382952,,,
adaptive,532,0.9509527378797303,0.004507118141426458,0.0,-0.046128288518814356,4.5455711803930186,29.810281787185914,200,20,73360,4.661152919017434,,,
adaptive,533,0.9509723844504863,0.00460216485662035,0.0,-0.009628124424643442,4.508734833847796,29.773445440640693,200,20,73580,4.298564375680269,,,
adaptive,534,0.9509584189706477,0.00467094458530215,0.0,0.024373847481321608,3.536475546705704,28.8011861534986,200,20,73800,4.520306976016595,,,
adaptive,535,0.9509203173139632,0.004610532786210153,0.0,-0.030040018104374996,5.92302110471693,31.187731711509826,200,20,74020,9.093358190335952,,,
adaptive,536,0.9508984516434847,0.0044349797708322924,0.0,0.02929390710504318,5.2638893704775604,30.528599977270456,200,20,74240,9.450892499485038,,,
adaptive,537,0.9508986180076444,0.004515975500236635,0.0,-0.01871946704306044,2.697735205582285,27.96244581237518,200,20,74460,1.215161660500433,,,
adaptive,538,0.9508706807527542,0.0045640989996585946,0.0,-0.02218269883549576,8.867349216622523,34.13205982341542,200,20,74680,17.35444737718773,,,
adaptive,539,0.9508435849272909,0.004503403906444103,0.0,-0.011877908908403288,3.6770742065486903,28.941784813341584,200,20,74900,4.478038281693321,,,
adaptive,540,0.9508066971506546,0.004615554974699121,0.0,0.019533931254356394,3.8956469716810207,29.160357578473917,200,20,75120,4.352775904634223,,,
adaptive,541,0.9508241717262774,0.004705396442208354,0.0,-0.009976575408234422,6.509014992004676,31.773725598797572,200,20,75340,8.834326444408818,,,
adaptive,542,0.9507486776572882,0.004798941249606115,0.0,0.016031562871216598,3.6136886608459506,28.878399267638848,200,20,75560,4.441936898028109,,,
adaptive,543,0.9507578411630931,0.004707522534444064,0.0,-0.02656078425193978,4.044316073541678,29.309026680334576,200,20,75780,4.07264395116821,,,
adaptive,544,0.9507805504556603,0.004590864629032687,0.0,-0.004508546362217568,3.791216499488863,29.055927106281757,200,20,76000,4.10734291506653,,,
adaptive,545,0.9508216845340031,0.004584846236050821,0.0,0.06126587372718836,5.435207084398152,30.699917691191047,200,20,76220,8.951751318423105,,,
adaptive,546,0.950762124592672,0.004518748353085633,0.0,-0.03160284604315046,2.9377584369344687,28.202469043727366,200,20,76440,1.410762255723945,,,
adaptive,547,0.9507257164801228,0.004466593967666799,0.0,0.006512024222970399,3.643944324844529,28.908654931637425,200,20,76660,4.410470497152585,,,
adaptive,548,0.9507259708773173,0.004499873767444096,0.0,0.01764770618297667,4.963556124417817,30.228266731210713,200,20,76880,4.350999591734391,,,
adaptive,549,0.9506617100857148,0.004462751527326891,0.0,-0.03201204148708149,5.178446222757312,30.443156829550208,200,20,77100,9.675788608539632,,,
adaptive,550,0.9506886016927928,0.004555934428422614,0.0,-0.008481990061594277,2.418749470906142,27.68346007769904,200,20,77320,1.304953392763818,,,
adaptive,551,0.9507560289766173,0.004484987782939709,0.0,-0.01987565032097443,4.255136416505401,29.519847023298297,200,20,77540,4.462338096833911,,,
adaptive,552,0.9507777909027643,0.004329636745083465,0.0,0.009758548859097882,2.680273063891254,27.94498367068415,200,20,77760,1.3305545101135694,,,
adaptive,553,0.9507501117316635,0.004524365986895984,0.0,-0.010677564856314837,3.4561680854932915,28.72087869228619,200,20,77980,4.398484267497303,,,
adaptive,554,0.9507927906784621,0.004428387278385237,0.0,0.011980967269308801,3.56763055858792,28.832341165380818,200,20,78200,3.6391124857437833,,,
adaptive,555,0.9508651185653276,0.004308904829505522,0.0,0.0010376688386294188,4.097692064235915,29.36240267102881,200,20,78420,4.362852502776856,,,
adaptive,556,0.9508595093411599,0.004351725825626929,0.0,-0.013970683230424503,4.73162417829727,29.996334785090166,200,20,78640,4.297666701645349,,,
adaptive,557,0.9508447571735489,0.0044171876241250185,0.0,0.00419019888354885,4.422905324449889,29.687615931242785,200,20,78860,4.390909914170224,,,
adaptive,558,0.9508253053179485,0.004317485053760728,0.0,0.011333294626666815,5.0751695812612585,30.339880188054153,200,20,79080,9.024792032264628,,,
adaptive,559,0.9508400430168312,0.004410970356061972,0.0,-0.026071231448951255,4.1147177096987155,29.379428316491612,200,20,79300,4.441250942377556,,,
adaptive,560,0.9508209696555459,0.004368492186843098,0.0,-0.029761951145040093,4.047835991937034,29.31254659872993,200,20,79520,4.759206699517798,,,
adaptive,561,0.9508158801041882,0.004238130768352333,0.0,0.016262566735409833,2.6876591826357994,27.952369789428694,200,20,79740,1.3923252455557151,,,
adaptive,562,0.9508678078160678,0.004203625243057396,0.0,-0.003929288334970696,7.450776643733596,32.71548725052649,200,20,79960,15.887012088302493,,,
adaptive,563,0.9508562301881391,0.004358851824669774,0.0,-0.022730974545748763,4.633981850893416,29.898692457686312,200,20,80180,4.57273423506009,,,
adaptive,564,0.9508448935885769,0.004384901175604861,0.0,-0.007474024130026145,4.919553603635282,30.18426421042818,200,20,80400,4.259530590014991,,,
adaptive,565,0.9508533318773037,0.004556544534233153,0.0,-0.0007188017465391729,4.998519921924013,30.26323052871691,200,20,80620,9.926506731520137,,,
adaptive,566,0.9508322407171591,0.0046494075827862025,0.0,0.027345207357568742,5.075236112892116,30.339946719685013,200,20,80840,4.530707889603562,,,
adaptive,567,0.9507722172528876,0.004758269903168966,0.0,0.01296890126810435,3.2015390096089047,28.4662496164018,200,20,81060,1.2628264117025056,,,
adaptive,568,0.9507213142710317,0.0047952892219383925,0.0,-0.044297223584005514,6.106395296065292,31.37110590285819,200,20,81280,9.931008026975338,,,
adaptive,569,0.9506909793217841,0.0048407022315576365,0.0,-0.016606267793334722,3.4311562399709237,28.69586684676382,200,20,81500,1.3680964029059488,,,
adaptive,570,0.9507510352132323,0.0048054917110863515,0.0,0.025502925452432976,2.306210192150048,27.570920798942943,200,20,81720,1.3669673466302579,,,
adaptive,571,0.9507735436498951,0.004680884370995786,0.0,0.003865251563781411,6.691077944525921,31.95578855131882,200,20,81940,9.846148092300044,,,
adaptive,572,0.9507456177120251,0.004608852183909384,0.0,-0.026578678157266993,4.1534342808043325,29.41814488759723,200,20,82160,4.244895343581893,,,
adaptive,573,0.9507501228749882,0.004573242875752559,0.0,0.006929805675304569,5.546869035106365,30.81157964189926,200,20,82380,4.743781866417329,,,
adaptive,574,0.9507762207260771,0.004688201885991172,0.0,-0.013222075152845287,9.258054553357129,34.52276516015002,200,20,82600,17.375544654035835,,,
adaptive,575,0.9508516615508293,0.004752955542074888,0.0,0.007813664793259444,3.942006958995152,29.206717565788047,200,20,82820,3.7056226258490135,,,
adaptive,576,0.9509050565130254,0.004648798361934214,0.0,0.04130790563501953,4.877102548466423,30.14181315525932,200,20,83040,4.667831562981586,,,
adaptive,577,0.9509081250208001,0.004689714995382954,0.0,0.007932413525401557,3.562083459512115,28.826794066305013,200,20,83260,4.219602717741779,,,
adaptive,578,0.9509582823822663,0.004708383727849541,0.0,0.010947944418648006,9.488899899738728,34.75361050653162,200,20,83480,26.11556403984604,,,
adaptive,579,0.9510534288888582,0.004429031057680555,0.0,0.026794445867880524,4.84708671312656,30.111797319919454,200,20,83700,4.74280914536154,,,
adaptive,580,0.9510879210256342,0.004303856775216497,0.0,0.009708560052232931,4.199823756629905,29.4645343634228,200,20,83920,4.458356338532802,,,
adaptive,581,0.9510370799723256,0.004321136140844839,0.0,-0.014859142173118635,4.485371402533094,29.75008200932599,200,20,84140,4.231627460698433,,,
adaptive,582,0.9510673876340666,0.004278798518867255,0.0,0.04123506544710113,5.711000556784067,30.975711163576964,200,20,84360,9.366963452339338,,,
adaptive,583,0.9511061569665491,0.004189445621785803,0.0,-0.025053275713157165,3.4514020344721965,28.71611264126509,200,20,84580,3.9054118449622806,,,
adaptive,584,0.9510989283980614,0.004275163661323522,0.0,0.008040377334945836,3.5653339202525105,28.830044527045406,200,20,84800,4.0897192503214645,,,
adaptive,585,0.9511041407442774,0.0043074537165813664,0.0,-0.028907990217014068,2.4674698561331403,27.732180462926035,5,20,84825,1.316818583863985,,,
adaptive,586,0.9511295509383177,0.004171828411185241,0.0,-0.02212443376315936,3.7187140667746554,28.98342467356755,5,20,84850,4.212424507514321,,,
adaptive,587,0.9509504988271994,0.004076919782699195,0.0,-0.2396247590227811,4.272386461388987,29.537097068181883,5,20,84875,4.168099339919574,,,
adaptive,588,0.9509225864698733,0.004170419284287186,0.0,-0.12889327419246924,5.376207768310166,30.640918375103062,5,20,84900,4.366814870126026,,,
adaptive,589,0.9510084382019839,0.004029756282858066,0.0,-0.003266577137247776,9.468520083549011,34.733230690341905,200,20,85120,16.766232783823206,,,
adaptive,590,0.951033099451275,0.003988128095707921,0.0,-0.0028207203308188698,6.550048590961612,31.81475919775451,200,20,85340,9.782404384701556,,,
adaptive,591,0.9509491677511357,0.004008837724705949,0.0,-0.01377313248882599,2.1704877378881102,27.435198344681005,200,20,85560,1.1736156408671168,,,
adaptive,592,0.9510144909695671,0.004027996440720938,0.0,0.03425071351770834,4.909478598259424,30.174189205052322,200,20,85780,4.294298590259321,,,
adaptive,593,0.9510421600977663,0.003901307008411292,0.0,0.028285223793791194,5.041160378952953,30.305870985745848,200,20,86000,4.191985300105056,,,
adaptive,594,0.9510474201673108,0.003993260842006796,0.0,-0.02755053984576556,3.846347687719373,29.11105829451227,200,20,86220,4.552456976260243,,,
adaptive,595,0.9510244727766124,0.004044311663905731,0.0,-0.010866288131346009,3.557479031083081,28.822189637875976,200,20,86440,3.8038548182700462,,,
adaptive,596,0.9509610379322874,0.004138324142506589,0.0,0.04014145691414091,2.274080861329055,27.53879146812195,200,20,86660,1.2974108497072672,,,
adaptive,597,0.9509393532100029,0.004123954799979068,0.0,-0.022321736089458828,4.167358578805371,29.432069185598266,200,20,86880,4.424070251955039,,,
adaptive,598,0.9508726275989022,0.004049313345280248,0.0,0.030582612471327895,4.151400927449867,29.416111534242763,200,20,87100,4.631269827499108,,,
adaptive,599,0.9508409010601933,0.0040466976376254404,0.0,-0.0001456347335302333,3.5487966568669713,28.81350726365987,200,20,87320,4.332162988053857,,,
adaptive,600,0.950800115700957,0.004141673278273972,0.0,-0.027283915114570713,3.919849410302953,29.184560017095848,200,20,87540,4.009303228731087,,,
adaptive,601,0.9508603454899553,0.004191385037863649,0.0,-0.004946541797010671,3.5334491912219694,28.798159798014865,200,20,87760,4.050688707295241,,,
adaptive,602,0.9508644261174802,0.004258541136409333,0.0,-0.008412553587736073,3.457932160209083,28.72264276700198,200,20,87980,4.325486475350819,,,
adaptive,603,0.950829176499115,0.004497444174995424,0.0,0.011960763306287595,2.7770720754737055,28.0417826822666,200,20,88200,1.1716921997806613,,,
adaptive,604,0.9508522580333612,0.004410531702084497,0.0,0.008506799563953879,3.6360508539118688,28.900761460704764,200,20,88420,4.632814247694965,,,
adaptive,605,0.9508246162061985,0.004452578000865404,0.0,-0.0003032668751379088,3.8703497185897318,29.13506032538263,200,20,88640,4.428214089928799,,,
adaptive,606,0.950827960983778,0.004394436191154538,0.0,-0.008730224605893169,7.147796582578793,32.41250718937169,200,20,88860,9.549345297926076,,,
adaptive,607,0.9508135356439658,0.004444632941476789,0.0,-0.02565923990487278,3.6625349006486414,28.927245507441537,200,20,89080,3.9447928026214973,,,
adaptive,608,0.9507892684243174,0.0044343610162491665,0.0,-0.019187224275792444,7.536691355344119,32.801401962137014,200,20,89300,16.450151505924833,,,
adaptive,609,0.9507869060566053,0.004470876889680175,0.0,0.0392576347923522,2.939439851065753,28.20415045785865,200,20,89520,1.170079615319838,,,
adaptive,610,0.9507761451197265,0.004437622978421318,0.0,-0.02524632400857564,4.476105374300483,29.740815981093377,200,20,89740,4.524034332015229,,,
adaptive,611,0.9507728049092654,0.004371565247183629,0.0,0.02969364555075599,8.702563849220205,33.9672744560131,200,20,89960,17.601655604563962,,,
adaptive,612,0.9507429832573282,0.004322621760606271,0.0,0.007503897985149177,3.9727144964234267,29.237425103216324,200,20,90180,4.129909222714681,,,
adaptive,613,0.9507236021101705,0.004385896999988814,0.0,0.030319645310513618,3.3541749654832516,28.61888557227615,200,20,90400,3.876683899625568,,,
adaptive,614,0.9507147564334585,0.004413039745753022,0.0,0.019496075935750812,6.200360306682187,31.46507091347508,200,20,90620,8.925716637188744,,,
adaptive,615,0.9507346686535623,0.004362227139941943,0.0,0.008080803529470373,3.3202591650358246,28.58496977182872,200,20,90840,3.9120124952233475,,,
adaptive,616,0.9507176303368408,0.004485882620363424,0.0,0.01030293637957201,3.703123514675577,28.967834121468474,200,20,91060,4.689658685944548,,,
adaptive,617,0.9506939623811322,0.004564664174867894,0.0,-0.0320976450501641,5.9805528540073425,31.24526346080024,200,20,91280,9.513170641072241,,,
adaptive,618,0.9507265653831398,0.004420747247783963,0.0,-0.014562119403744864,2.313778053268392,27.57848866006129,200,20,91500,1.4433923864182838,,,
adaptive,619,0.9507813639828095,0.004433317474202725,0.0,0.03677322333786108,5.391843194591959,30.656553801384856,200,20,91720,9.120575077720972,,,
adaptive,620,0.9508077634283432,0.0044943524819962555,0.0,-0.020498353184178305,5.556564072021128,30.821274678814024,200,20,91940,9.382052310014577,,,
adaptive,621,0.9508065951496771,0.004564673788436724,0.0,-0.01701723034636377,4.145253446574937,29.409964053367833,200,20,92160,4.55710367106932,,,
adaptive,622,0.9507605273925825,0.004687982418327796,0.0,0.00764475510359267,2.4903415144462993,27.755052121239196,200,20,92380,1.4801741930633172,,,
adaptive,623,0.9507713866204793,0.004569060776300593,0.0,0.020815535651213128,5.7233451794947126,30.98805578628761,200,20,92600,4.461415185363317,,,
adaptive,624,0.9507648433332685,0.004640074179810605,0.0,0.011970723811888748,7.391975382243076,32.65668598903597,200,20,92820,9.243905981886705,,,
adaptive,625,0.9507641899644024,0.004759916309542533,0.0,0.032737109968069944,5.229956509361978,30.494667116154872,200,20,93040,9.42517992965953,,,
adaptive,626,0.9508073168917903,0.004818672455429884,0.0,0.003933729351654217,3.869849799184415,29.13456040597731,200,20,93260,4.034017382474818,,,
adaptive,627,0.9509209079822177,0.004731810170740092,0.0,-0.018665583872268403,2.3810724596152597,27.645783066408157,200,20,93480,1.1644571371850796,,,
adaptive,628,0.950859386890863,0.00466572516221786,0.0,-0.052534945716315486,3.45493821709431,28.719648823887205,200,20,93700,4.496737146599835,,,
adaptive,629,0.9509102880194263,0.004505414519494821,0.0,-0.014909172709214585,4.407896690914865,29.67260729770776,200,20,93920,4.622156580187563,,,
adaptive,630,0.9509804742978227,0.004518053409415246,0.0,-0.0036099382617551207,2.71341270292425,27.978123309717144,200,20,94140,1.2076159415936993,,,
adaptive,631,0.9510278731251919,0.004604269645543613,0.0,0.012711173954653094,4.012576789127467,29.27728739592036,200,20,94360,4.623021311552876,,,
adaptive,632,0.9509937500185758,0.004478696988649333,0.0,-0.01828190693234386,2.947396855343606,28.2121074621365,200,20,94580,1.3115738147776528,,,
adaptive,633,0.9510349487915654,0.004321408156149342,0.0,-0.025037194558927875,3.4966975388664334,28.76140814565933,200,20,94800,3.876357399056313,,,
adaptive,634,0.9509772311501467,0.004409017869724807,0.0,0.01308218069049115,2.8440215906283317,28.108732197421226,200,20,95020,1.3394214477775945,,,
adaptive,635,0.9509932691049868,0.004430831906188537,0.0,-0.0416969601669794,4.725355829246987,29.990066436039882,200,20,95240,4.131843432954677,,,
adaptive,636,0.9509288138723839,0.0044927173143824994,0.0,-0.0020461164689779044,3.7331755290943267,28.99788613588722,200,20,95460,4.426051866315629,,,
adaptive,637,0.9509646333663315,0.0043284725804945134,0.0,0.030937590985561345,3.964985228480443,29.22969583527334,200,20,95680,4.201136867359192,,,
adaptive,638,0.9510149395026264,0.004215094326097124,0.0,-0.009600025536869276,2.3608518446234874,27.625562451416382,200,20,95900,1.2062139654104436,,,
adaptive,639,0.9510944131531199,0.004188535819219186,0.0,-0.010493213275296266,4.08962202231638,29.354332629109276,200,20,96120,4.3670814584286335,,,
adaptive,640,0.9510789251510559,0.004096015296756295,0.0,-0.007103909411501491,5.190548098618717,30.455258705411612,200,20,96340,4.297573807524384,,,
adaptive,641,0.9511177270775508,0.004215137705848582,0.0,-0.014508068203175113,2.5543787816463817,27.819089388439277,200,20,96560,1.4805297847537486,,,
adaptive,642,0.9511144135649602,0.004433788446038367,0.0,0.018753383383313414,2.272257298874282,27.53696790566718,200,20,96780,1.2925203076356797,,,
adaptive,643,0.9510818459058119,0.004527387437518682,0.0,0.009053216600343467,5.25503063031753,30.519741237110427,200,20,97000,9.561575130647801,,,
adaptive,644,0.9510692300932441,0.004579628720680962,0.0,-0.01275668380863968,3.6604563703193573,28.925166977112255,200,20,97220,4.171487852445517,,,
adaptive,645,0.9510271232248394,0.004730087834779351,0.0,-0.013111709060495707,2.4741134088395893,27.738824015632485,200,20,97440,1.2508162098822022,,,
adaptive,646,0.9510622233368803,0.004660340593247381,0.0,0.024465602737082776,4.314429230619827,29.579139837412722,200,20,97660,4.267431234735379,,,
adaptive,647,0.9510472888777409,0.004772686702575468,0.0,0.013391155082983703,4.9139023502732035,30.1786129570661,200,20,97880,4.473656610613848,,,
adaptive,648,0.9510426971449067,0.004783680244266564,0.0,0.01546869754309475,2.841270331235555,28.105980938028452,200,20,98100,1.2204104328676224,,,
adaptive,649,0.9510312833826305,0.004794961290923938,0.0,-0.0028042850059972527,3.8291930994599683,29.093903706252863,200,20,98320,4.242822179239334,,,
adaptive,650,0.9510288645358298,0.004886235720169774,0.0,-0.006803346715717395,3.2859411095475792,28.550651716340475,200,20,98540,4.640018191817156,,,
adaptive,651,0.9510520016004376,0.004908243291366854,0.0,0.007827710088169789,3.6443277602291344,28.90903836702203,200,20,98760,4.348456795412271,,,
adaptive,652,0.9511141747044746,0.004999022714340717,0.0,-0.004619007744274656,3.9338408864534276,29.198551493246324,200,20,98980,4.265079598728609,,,
adaptive,653,0.9511196025125755,0.004839075726192799,0.0,-0.009114584092582052,3.9993271093166185,29.264037716109513,200,20,99200,3.7014249228762792,,,
adaptive,654,0.9512083364983892,0.004781225034438008,0.0,0.04498646504461412,4.786369351632754,30.05107995842565,200,20,99420,4.08551659793981,,,
adaptive,655,0.951208687084882,0.004902083015230763,0.0,0.007802582796335881,7.42651474715948,32.691225353952376,200,20,99640,9.286453041831749,,,
adaptive,656,0.9512138507524688,0.004866954657490985,0.0,0.00010058296416865252,3.602678340243933,28.86738894703683,200,20,99860,4.284891887486318,,,
adaptive,657,0.9511926008718519,0.0047174337549446,0.0,0.021067370028779234,3.706113759927003,28.9708243667199,200,20,100080,4.322986091530147,,,
adaptive,658,0.951249107124443,0.0047516676232195465,0.0,-0.017610844325645764,4.394596722385321,29.65930732917822,200,20,100300,4.480092071389933,,,
adaptive,659,0.9511967194927251,0.004751010101015862,0.0,0.015893693580461228,4.593333763160054,29.85804436995295,200,20,100520,4.677411736177899,,,
adaptive,660,0.9511950806903994,0.004884524241749344,0.0,0.0003924931880460511,2.4283308058491593,27.693041412642057,200,20,100740,1.2749216737563644,,,
adaptive,661,0.9511600257349816,0.004909896374081013,0.0,-0.019935066668575377,5.285940004813577,30.55065061160647,200,20,100960,9.354769510264353,,,
adaptive,662,0.9511005728981723,0.004922906428501239,0.0,-0.053925037786929905,5.810089664758943,31.074800271551837,200,20,101180,9.663904705741828,,,
adaptive,663,0.9510794677937995,0.0050525698382763995,0.0,-0.01142323495168197,2.629306426475377,27.894017033268273,200,20,101400,1.2573544431079864,,,
adaptive,664,0.9511064254381774,0.004852062389475664,0.0,0.033290990112905205,4.834005198341037,30.098715805133935,200,20,101620,4.362751152712603,,,
adaptive,665,0.951138207264419,0.004783132993627426,0.0,0.007378455798390751,2.296337909885361,27.561048516678255,200,20,101840,1.486085276070429,,,
adaptive,666,0.9511852469335902,0.004771948362646605,0.0,0.026497779006149462,3.539110347690768,28.803820954483665,200,20,102060,4.578249066967815,,,
adaptive,667,0.9511875369613865,0.004665868067429302,0.0,0.04511084502415546,5.3455984761830395,30.610309082975935,200,20,102280,5.239305032966767,,,
adaptive,668,0.9512308428569644,0.004630527742015,0.0,-0.0011516456238650117,3.5896451554751034,28.854355762268,200,20,102500,4.206797811931814,,,
adaptive,669,0.9512605304719732,0.004625418660828107,0.0,-0.012026495001488936,4.9284491884891715,30.193159795282067,200,20,102720,4.5911788229725365,,,
adaptive,670,0.9512785634158353,0.0046664522331331115,0.0,-0.012010455318229057,4.364798772872467,29.629509379665365,200,20,102940,4.271176735226268,,,
adaptive,671,0.9513390496489015,0.0046859564108487906,0.0,0.03235670384885056,2.6037014435655172,27.868412050358412,200,20,103160,1.3521470474827317,,,
adaptive,672,0.9513852909327045,0.004749691382555543,0.0,0.017648960418258964,4.275271089516776,29.539981696309674,200,20,103380,4.462425566360843,,,
adaptive,673,0.9513954853237464,0.0045784410564525535,0.0,-0.0012300164930485597,3.7406908055829473,29.005401412375843,200,20,103600,4.346929172064936,,,
adaptive,674,0.951448172624516,0.004468452355204877,0.0,0.009484356228940331,2.2130244671911337,27.47773507398403,200,20,103820,1.3156164182868497,,,
adaptive,675,0.9514460793188508,0.004462696461296933,0.0,-0.010461501652181723,6.770584883834837,32.03529549062773,200,20,104040,9.149906839612708,,,
adaptive,676,0.9515142858644792,0.004365140857177652,0.0,-0.008225085072135381,4.9568989177080045,30.2216095245009,200,20,104260,4.290865187459104,,,
adaptive,677,0.9515682714543094,0.004225444369291398,0.0,0.003016657272401528,4.882706445305014,30.14741705209791,200,20,104480,4.964463891291607,,,
adaptive,678,0.9516187307432572,0.004104109637711351,0.0,-0.009022606271957875,5.749246726783393,31.01395733357629,200,20,104700,8.964879997764308,,,
adaptive,679,0.9516083478240069,0.0039799252324801415,0.0,-0.002436979140210632,3.7509449254206926,29.01565553221359,200,20,104920,4.436593594495242,,,
adaptive,680,0.9516145332940209,0.004128824585500679,0.0,-0.0021619727728958726,6.8385353245419545,32.103245931334854,200,20,105140,9.008311490581253,,,
adaptive,681,0.9516729822224917,0.004057529935645343,0.0,-0.025850280648630337,2.582732514802203,27.8474431215951,200,20,105360,1.5527916009407774,,,
adaptive,682,0.951730405056599,0.003940670819860492,0.0,0.04503590049528175,3.8423937627173244,29.10710436951022,200,20,105580,4.23314686422452,,,
adaptive,683,0.9517592199639044,0.003992050445376316,0.0,-0.030517845759073087,2.7544632070936412,28.01917381388654,200,20,105800,1.3400305634294647,,,
adaptive,684,0.9517262601548873,0.004035819404485164,0.0,0.014453641571593233,4.771111873459664,30.03582248025256,200,20,106020,3.8995515864886356,,,
adaptive,685,0.9517068332076841,0.004045832223953827,0.0,0.012382120818725148,3.9980457206024522,29.262756327395348,200,20,106240,4.619217149403734,,,
adaptive,686,0.9517285591941317,0.0038462761331804485,0.0,-0.00966072093589623,5.262015501192197,30.52672610798509,200,20,106460,4.541581975490333,,,
adaptive,687,0.9516978285279318,0.0037976695637228497,0.0,-0.026395030905294475,6.731985385999452,31.996695992792347,200,20,106680,10.030947854255148,,,
adaptive,688,0.9517306099215647,0.0037263861132647014,0.0,0.017419205618742873,2.76196596542016,28.026676572213056,200,20,106900,1.4045311422605489,,,
adaptive,689,0.9517500109388642,0.0036563548619897857,0.0,-0.037678995904796835,4.283507069523993,29.548217676316888,200,20,107120,4.6110784913338945,,,
adaptive,690,0.9517599804364696,0.0036843777545698675,0.0,-0.016327059704239838,4.210802596844206,29.475513203637103,200,20,107340,4.184621910483761,,,
adaptive,691,0.9518035306482726,0.0037186451904085427,0.0,-0.0046814490363322305,3.2450892071231547,28.50979981391605,200,20,107560,1.239747993576919,,,
adaptive,692,0.9517941160716028,0.0036920275365138755,0.0,-0.035300473235241304,6.353008572012464,31.61771917880536,200,20,107780,9.152328742295976,,,
adaptive,693,0.9518144031149551,0.003633152186165556,0.0,0.017950922876110036,2.9132987129429226,28.178009319735818,200,20,108000,1.2854675824976618,,,
adaptive,694,0.9516761332990387,0.0035897977468639652,0.0,0.0040439168900860585,5.415042506563538,30.679753113356433,200,20,108220,8.351507645467928,,,
adaptive,695,0.9517176781317207,0.003530027951024084,0.0,0.009185126159471592,6.506779573527625,31.77149018032052,200,20,108440,9.7307751080635,,,
adaptive,696,0.9517502815523038,0.003455904204187843,0.0,-0.04403918351841007,2.451228244451318,27.715938851244214,200,20,108660,1.2918649088533485,,,
adaptive,697,0.9516894736901266,0.0035912123144075103,0.0,0.014798680970325462,4.056852539988797,29.321563146781692,200,20,108880,4.648626934908896,,,
adaptive,698,0.9516704514166083,0.003526982004307011,0.0,0.008459781859397253,4.113266343691987,29.377976950484882,200,20,109100,4.13901333609318,,,
adaptive,699,0.9516366540980649,0.0035271245915581284,0.0,-0.02789270735449301,3.602193714094105,28.866904320887002,200,20,109320,4.673836533408843,,,
adaptive,700,0.9517216164767078,0.0034759533147953325,0.0,0.05069643706848533,5.024465945340284,30.289176552133178,200,20,109540,4.471317293884244,,,
adaptive,701,0.9517385255023859,0.003544329144717362,0.0,-0.017403496564956336,3.8426156846759305,29.107326291468826,200,20,109760,4.4825215724202785,,,
adaptive,702,0.9517475681544272,0.003703246771589508,0.0,-0.003362544585124396,5.209686707692525,30.474397314485422,200,20,109980,4.265709594947468,,,
adaptive,703,0.9517738012639796,0.0037478821378935656,0.0,0.03543550303804137,4.518717561786479,29.783428168579377,200,20,110200,4.577853505228534,,,
adaptive,704,0.9518307430639881,0.0036967377509586896,0.0,0.02382108941775155,4.491678589460641,29.756389196253537,200,20,110420,4.258874312885277,,,
adaptive,705,0.9518648504419338,0.0038690259820660655,0.0,-0.01794691963044664,2.4864637897723543,27.75117439656525,200,20,110640,1.2667138230248314,,,
adaptive,706,0.9518982537279506,0.003813946699840476,0.0,-0.016036751010115292,2.350967962786456,27.61567856957935,200,20,110860,1.4592196674677103,,,
adaptive,707,0.9519561340508942,0.0037253530826826253,0.0,-0.004033777200945563,7.665119378846046,32.92982998563894,200,20,111080,10.120406606378552,,,
adaptive,708,0.9518782432331968,0.003785496850787884,0.0,0.0013969665846814683,4.352275308841684,29.61698591563458,200,20,111300,4.0187702058602675,,,
adaptive,709,0.951777229692056,0.0037005720525230545,0.0,-0.2151190138977966,3.327136308424692,28.591846915217587,5,20,111325,4.526999881792934,,,
adaptive,710,0.9512370734226729,0.003621473445630796,0.0,-0.7163183405384287,4.99865369881977,30.263364305612665,5,20,111350,11.839250466246746,,,
adaptive,711,0.9514187527320458,0.0035610601647516615,0.0,0.16294150343158695,2.270901818776635,27.535612425569532,5,20,111375,2.65678849483983,,,
adaptive,712,0.9516020547026252,0.0034932642360081534,0.0,0.09805192849875873,3.200883335744065,28.465593942536962,5,20,111400,1.4812329032076144,,,
adaptive,713,0.9514888140064995,0.0036319589467723734,0.0,-0.14429958575370933,5.546468587039492,30.811179193832388,5,20,111425,9.4492006867859,,,
adaptive,714,0.951431094750036,0.003608918581409437,0.0,-0.027404372057853715,3.8407535605251337,29.10546416731803,5,20,111450,4.147220314758458,,,
adaptive,715,0.9514474346355144,0.0036091916057114926,0.0,0.0154586166878037,4.689145546719438,29.953856153512334,5,20,111475,4.337231365898063,,,
adaptive,716,0.951452459254556,0.0035652168528338413,0.0,-0.03954102388694814,3.4440834199116597,28.708794026704556,5,20,111500,3.9543394949956925,,,
adaptive,717,0.9516820492129594,0.003491947735790313,0.0,0.19829356394268707,6.717381514193548,31.982092120986444,5,20,111525,8.862349078930885,,,
adaptive,718,0.9516000172114659,0.003381676352609553,0.0,-0.18044271164592615,4.644547090474568,29.909257697267464,5,20,111550,3.802144424161149,,,
adaptive,719,0.9517276188094396,0.0035927077736516155,0.0,0.18792771512360862,3.8729802263806037,29.1376908331735,5,20,111575,4.602518836222752,,,
adaptive,720,0.9520044335042123,0.0036720168485812055,0.0,0.34621252946895603,7.0636164732793825,32.32832708007228,5,20,111600,13.808053440662173,,,
adaptive,721,0.952001904710581,0.003624188947897844,0.0,-0.009259111336058697,7.73438562562836,32.99909623242126,5,20,111625,9.89877219945233,,,
adaptive,722,0.951691027424045,0.0037528011200895772,0.0,-0.419304032540823,3.60516624410116,28.869876850894055,5,20,111650,4.323359748073319,,,
adaptive,723,0.9518115759391713,0.003774546906811893,0.0,0.09063613625981737,2.2658200538173627,27.53053066061026,5,20,111675,2.020544576306169,,,
adaptive,724,0.95169428906408,0.003919048124960689,0.0,-0.13688344911214198,4.308689678915587,29.573400285708484,5,20,111700,4.945536688609625,,,
adaptive,725,0.9516551812781686,0.004003187468259672,0.0,-0.051638746052135004,3.7116746299471446,28.97638523674004,5,20,111725,4.585410899754499,,,
adaptive,726,0.9518681607145092,0.0038684140881771745,0.0,0.14924046448835074,5.935737832634386,31.200448439427284,5,20,111750,12.046136230370978,,,
adaptive,727,0.9519397681085865,0.0038594228171041634,0.0,0.006852156644071399,2.6156583684744543,27.880368975267352,5,20,111775,1.201950804354075,,,
adaptive,728,0.9519374305271294,0.003917966666326711,0.0,-0.002668089502927774,4.500236493539775,29.76494710033267,5,20,111800,4.500667276339359,,,
adaptive,729,0.9519108215645555,0.004097210983477928,0.0,-0.0480591143389809,2.910301786126162,28.175012392919058,5,20,111825,1.3839256049131887,,,
adaptive,730,0.9518571500867047,0.004103136960612264,0.0,-0.092830842713287,2.429206724546449,27.693917331339346,5,20,111850,1.7485337632258646,,,
adaptive,731,0.9520832863610535,0.004073760370533419,0.0,0.16380278419086974,2.289987328994806,27.5546979357877,5,20,111875,1.219205594113725,,,
adaptive,732,0.9521257059288181,0.003990375384721023,0.0,0.14228656711281126,3.1852338384633936,28.44994444525629,5,20,111900,5.977489643262029,,,
adaptive,733,0.9523749071016796,0.00421553629034177,0.0,0.44708664356998445,4.9771797467358665,30.241890353528763,5,20,111925,3.4220819001584077,,,
adaptive,734,0.9524360522530458,0.004277502364088748,0.0,0.044179288126434915,3.6112964365414753,28.876007043334372,5,20,111950,4.376038044310696,,,
adaptive,735,0.9523764932941708,0.004228369686636535,0.0,-0.06758854270203561,2.9081165656075734,28.17282717240047,5,20,111975,1.4144061633480287,,,
adaptive,736,0.9523871730186984,0.004269941875881145,0.0,0.005401536610566324,4.101496846117917,29.366207452910814,5,20,112000,4.07043463945205,,,
adaptive,737,0.9523089333995212,0.004205232811192006,0.0,-0.11212869461816957,2.766852695318805,28.0315633021117,5,20,112025,2.039292474397674,,,
adaptive,738,0.9523679962403641,0.004157197662268186,0.0,0.1325275895948543,3.4119016232447996,28.676612230037694,5,20,112050,4.16745726803788,,,
adaptive,739,0.9523298605626671,0.004116879119169581,0.0,0.013953914868125934,4.683763335135118,29.948473941928015,5,20,112075,4.145155849359087,,,
adaptive,740,0.9524472027222574,0.004279450637927118,0.0,0.24882726486850842,4.065183116422968,29.329893723215864,5,20,112100,4.1011033970784005,,,
adaptive,741,0.9525265518761262,0.004295807018014908,0.0,0.14343885949227983,4.67292915174301,29.937639758535905,5,20,112125,4.290089738649665,,,
adaptive,742,0.9525274616394703,0.004337193925046723,0.0,-0.015496509688220217,4.471301222642209,29.736011829435107,5,20,112150,4.199432221107085,,,
adaptive,743,0.9525316530519093,0.004476520308601573,0.0,-0.09493407995828379,6.843053858307572,32.107764465100466,5,20,112175,10.003158353933681,,,
adaptive,744,0.9525865071898171,0.004640440096184917,0.0,0.0818343711630957,4.5302647615131475,29.794975368306044,5,20,112200,4.099111673649136,,,
adaptive,745,0.9525808957732261,0.004749539551370363,0.0,0.05187658088886499,4.23615783044052,29.500868437233414,5,20,112225,4.373425400185795,,,
adaptive,746,0.9525574287592182,0.004685891249417873,0.0,-0.12123916363501766,5.056126976525128,30.320837583318024,5,20,112250,4.064681164708724,,,
adaptive,747,0.9523461262211576,0.004664546105510481,0.0,-0.5062389125796315,4.249962700083357,29.514673306876254,5,20,112275,6.537396749625414,,,
adaptive,748,0.9523711163068699,0.004823873085624819,0.0,0.007589308327436681,3.8237976969435667,29.08850830373646,5,20,112300,4.318840152633773,,,
adaptive,749,0.9523645617696513,0.00480534837422697,0.0,0.10401210542852372,2.254854290639122,27.51956489743202,5,20,112325,1.982261917271672,,,
adaptive,750,0.952258639289904,0.004567489401342106,0.0,-0.19495885039929342,4.032072627110187,29.296783233903085,5,20,112350,4.813459437637908,,,
adaptive,751,0.9523022514910034,0.00451774055501486,0.8,0.8783572410996733,3.721217174649806,28.9859277814427,5,20,112375,4.174792241407422,,,
adaptive,752,0.952255280853673,0.004667397787924243,0.8,0.7898090997846274,2.67355241955609,27.938263026348984,5,20,112400,1.2988028976167416,,,
adaptive,753,0.9523723642884984,0.0045701068110695076,0.8,0.9865071944582775,6.2415130483365635,31.50622365512946,5,20,112425,8.661869731331429,,,
adaptive,754,0.9523308736860754,0.004720034912295223,0.8,0.9053537702520765,3.1548426053359173,28.419553212128815,5,20,112450,1.1777954730907894,,,
adaptive,755,0.952395200647727,0.004701415195351388,0.8,0.8350897281995318,3.342931042790622,28.607641649583517,5,20,112475,1.3722265406184535,,,
adaptive,756,0.9524315319221262,0.0045547381943991105,0.8,0.759076277131191,3.808187627093746,29.07289823388664,5,20,112500,4.1801734029446225,,,
adaptive,757,0.9524048121933034,0.004641138212894691,0.8,0.7873493180279706,6.346254334288929,31.610964941081825,5,20,112525,10.013951908457287,,,
adaptive,758,0.9523900708475483,0.004535111426155036,0.8,0.7072988041986049,5.053419491233567,30.31813009802646,5,20,112550,4.156926025565545,,,
adaptive,759,0.9523969194280906,0.00450284441019333,0.8,0.9036730735146785,4.260755033080827,29.525465639873723,5,20,112575,4.068453487436089,,,
adaptive,760,0.9523602047993394,0.004354331239105447,0.8,0.7760220212092046,2.539513272703436,27.804223879496334,5,20,112600,1.3164233079096845,,,
adaptive,761,0.952381582429551,0.004052615090270439,0.8,0.9517977063341095,7.090728088951949,32.355438695744844,5,20,112625,17.459049371737983,,,
adaptive,762,0.9524321733044476,0.0040927669185190085,0.8,0.8463369124309728,3.5906343615003617,28.85534496829326,5,20,112650,3.936029588646207,,,
adaptive,763,0.9525039986837829,0.004020476138174911,0.8,0.9215733094139268,4.351345075803477,29.61605568259637,5,20,112675,4.8449456247853835,,,
adaptive,764,0.9525694991459597,0.003927099217509555,0.8,0.8321355078099458,3.7883234694684442,29.05303407626134,5,20,112700,4.356741673029931,,,
adaptive,765,0.9525476040965003,0.003961191256196539,0.8,0.7748987224138151,3.988030500244883,29.252741107037778,5,20,112725,5.060553089028779,,,
adaptive,766,0.95257925615366,0.004033604773740818,0.8,0.8109892766674321,2.153690656588211,27.418401263381107,5,20,112750,1.2910553327569927,,,
adaptive,767,0.9526817446052037,0.003982909917206512,0.8,0.8569041415902788,2.1467896530196264,27.411500259812524,5,20,112775,1.7267995156248048,,,
adaptive,768,0.9527153528631366,0.003956810862589144,0.8,0.9039904826395787,3.7019236850439246,28.96663429183682,5,20,112800,4.723910865846118,,,
adaptive,769,0.9525929730348704,0.004081249075655546,0.8,0.4772060586094283,3.6874843994466824,28.952195006239577,5,20,112825,4.647668205589554,,,
adaptive,770,0.9526502290924763,0.004137951793598549,0.8,1.0212033985509739,4.913319724452466,30.17803033124536,5,20,112850,3.8273712612930773,,,
adaptive,771,0.9526759943841747,0.0042982357664892445,0.8,0.8127191750294632,2.6083528629264436,27.87306346971934,5,20,112875,1.3606988033926435,,,
adaptive,772,0.9526835109804125,0.004263375734536168,0.8,0.7998764590417707,9.841600766319974,35.106311373112874,200,20,113095,25.892206856881565,,,
adaptive,773,0.9527156381060125,0.004138779670024628,0.8,0.8089065236923958,3.9692132939471603,29.233923900740056,200,20,113315,4.28432810373276,,,
adaptive,774,0.952701068100368,0.004051549620323391,0.8,0.7750265284064142,4.144484658965727,29.409195265758623,200,20,113535,4.569938584271535,,,
adaptive,775,0.9526756998785888,0.004200339126174013,0.8,0.7861783528091156,4.023185950297567,29.287896557090463,200,20,113755,4.100721071779988,,,
adaptive,776,0.9526671612653677,0.0041537435166520975,0.8,0.7679954769699063,3.9020948522237955,29.166805459016693,200,20,113975,4.014835357007028,,,
adaptive,777,0.952685965833046,0.0039485862897006285,0.8,0.7667283589440259,2.750354921249417,28.015065528042314,200,20,114195,1.252502051875161,,,
adaptive,778,0.9526769991081128,0.0038465636636210165,0.8,0.807284963755287,6.487633594349745,31.75234420114264,200,20,114415,9.34346492142441,,,
adaptive,779,0.9527210267908637,0.003894278553808639,0.8,0.7874849605082196,6.087476468555915,31.35218707534881,200,20,114635,9.859458006358132,,,
adaptive,780,0.952661108153689,0.0038177100381983076,0.8,0.8048310666362825,6.714824764631479,31.979535371424376,200,20,114855,9.531148284832268,,,
adaptive,781,0.9526749158878931,0.00381523781995996,0.8,0.7517527942587428,4.028893305179036,29.293603911971932,200,20,115075,4.7361594300886445,,,
adaptive,782,0.9526725379726854,0.003876970853684547,0.8,0.7595093703555599,7.129442232643854,32.39415283943675,200,20,115295,9.954561784848392,,,
adaptive,783,0.9526983825624408,0.0038930355859583265,0.8,0.8007048124899478,4.168562701141079,29.433273307933973,200,20,115515,4.206713923985609,,,
adaptive,784,0.9526898784077554,0.0037083036845281248,0.8,0.7765481466136732,4.763072673756553,30.02778328054945,200,20,115735,4.400345542675884,,,
adaptive,785,0.952669646531809,0.003621402607547175,0.8,0.8001709690921877,6.564676989209085,31.82938759600198,200,20,115955,9.851394496991288,,,
adaptive,786,0.952598903792444,0.0036034013417438615,0.8,0.7605565458267021,3.551509181220162,28.816219788013058,200,20,116175,4.24270625903663,,,
adaptive,787,0.9526282501806764,0.003509570517202021,0.8,0.8192455217457846,3.847220522639298,29.111931129432193,200,20,116395,4.6151958513993305,,,
adaptive,788,0.9526790572372675,0.0034341968608768703,0.8,0.8349428535173964,4.039995757608514,29.30470636440141,200,20,116615,4.563906428348374,,,
adaptive,789,0.952682170902241,0.0035443440705380524,0.8,0.7807064883953065,3.444863117672769,28.709573724465663,200,20,116835,4.262574488978128,,,
adaptive,790,0.9526194773535782,0.003449658012437018,0.8,0.7848162047850239,3.061667489903861,28.326378096696757,200,20,117055,1.3936347154121103,,,
adaptive,791,0.9526053634881875,0.0035751971816443406,0.8,0.8111689139488576,4.5621763565631195,29.826886963356017,200,20,117275,4.16269203150623,,,
adaptive,792,0.9526256105084487,0.0034999459967242075,0.8,0.8227386216118074,4.44279236102485,29.707502967817746,200,20,117495,4.354543816355243,,,
adaptive,793,0.9526445855225272,0.0035014093383419764,0.8,0.8330279220129044,3.6351769755490895,28.899887582341986,200,20,117715,4.31752405827482,,,
adaptive,794,0.9526125739175643,0.0036052458532592757,0.8,0.7848700688820781,2.632418507630175,27.89712911442307,200,20,117935,1.337448814418495,,,
adaptive,795,0.9526295244626031,0.0035941819775435757,0.8,0.7890001101944106,4.166165134810911,29.430875741603806,200,20,118155,4.667926692341967,,,
adaptive,796,0.9526205489988252,0.0037102262512415107,0.8,0.8077487805424624,6.683446619804476,31.948157226597374,200,20,118375,9.323435936354032,,,
adaptive,797,0.952617450268435,0.0036843254645034795,0.8,0.7988957250264744,7.955631978426808,33.220342585219704,200,20,118595,16.843804655639804,,,
adaptive,798,0.9526300723531591,0.003665281485727756,0.8,0.7985412090738537,4.022251798743143,29.286962405536038,200,20,118815,4.43238400648421,,,
adaptive,799,0.9525927534692334,0.003593008647974294,0.8,0.8458484493549263,5.554461332512197,30.819171939305093,200,20,119035,9.94080141039476,,,
adaptive,800,0.9525694953655498,0.0036328159389955594,0.8,0.8200184026239792,5.0491913213862505,30.313901928179146,200,20,119255,9.24009603533185,,,
adaptive,801,0.9525859773404803,0.0035550441153540113,0.8,0.7789109608647258,4.31671122169459,29.581421828487485,200,20,119475,4.578746106320247,,,
adaptive,802,0.9526030350946741,0.0036608421705697225,0.8,0.7987169046145114,3.4170956616700954,28.681806268462992,200,20,119695,4.369969799642561,,,
adaptive,803,0.9526305631007057,0.0036911405860151625,0.8,0.7556733427928641,3.4669442639127928,28.73165487070569,200,20,119915,4.218412670719012,,,
adaptive,804,0.9526760213785694,0.003658926986196631,0.8,0.8242069822195047,3.7814559093887743,29.04616651618167,200,20,120135,4.166977384122063,,,
adaptive,805,0.9526294923965167,0.0037659418958222446,0.8,0.8154359642255156,4.08079108895783,29.345501695750727,200,20,120355,4.446670850178513,,,
adaptive,806,0.9526546416776784,0.0037113318587609356,0.8,0.8176876053429691,5.268673062550891,30.533383669343788,200,20,120575,9.386540620852855,,,
adaptive,807,0.9526498512404135,0.003579189397318716,0.8,0.7956148290363378,5.368549826523518,30.633260433316416,200,20,120795,9.231065060951943,,,
adaptive,808,0.9526561095608403,0.0036086058132454024,0.8,0.866326707372086,6.794070432369318,32.05878103916221,200,20,121015,9.831500597928116,,,
adaptive,809,0.9526607930223341,0.003518279632658494,0.8,0.7950848443011962,3.2719379918184273,28.536648598611322,200,20,121235,4.766655899051617,,,
adaptive,810,0.9526634799952224,0.003649119218920527,0.8,0.7915429004066871,3.667177365853157,28.931887972646052,200,20,121455,1.3396215629881207,,,
adaptive,811,0.9527241218017027,0.003761480959520891,0.8,0.7959719670889788,4.554405779867113,29.81911638666001,200,20,121675,4.465791923037849,,,
adaptive,812,0.9527659029736978,0.003658925543279734,0.8,0.8585136790667347,2.5836394186112353,27.84835002540413,200,20,121895,1.6022500285331027,,,
adaptive,813,0.9528077929180208,0.003732230168919548,0.8,0.8124145399545177,4.3209172130557025,29.585627819848597,200,20,122115,4.273268120072608,,,
adaptive,814,0.9528279784859158,0.00384214260256166,0.8,0.7878026172054192,3.7685566836518367,29.033267290444734,200,20,122335,4.322387263063383,,,
adaptive,815,0.9528380205197226,0.00384918317150984,0.8,0.798489537726129,6.561811595449247,31.826522202242142,200,20,122555,9.566173882780475,,,
adaptive,816,0.9528338562767308,0.003993134972828605,0.8,0.7926256157744785,5.0060588154225245,30.27076942221542,200,20,122775,4.003940517794767,,,
adaptive,817,0.9528243098889357,0.004034279106645666,0.8,0.7781359920840197,6.266326062431595,31.53103666922449,200,20,122995,9.192690177972809,,,
adaptive,818,0.9528271431859043,0.00406433268055062,0.8,0.8253951097550314,4.288595090949861,29.553305697742758,200,20,123215,4.588837315619907,,,
adaptive,819,0.9528100967826155,0.004000733325755124,0.8,0.8149263268005834,4.3589481214701085,29.623658728263003,200,20,123435,4.582310197482768,,,
adaptive,820,0.9527973104487009,0.004043885659789526,0.8,0.7977275398712198,2.245465690609639,27.510176297402534,200,20,123655,1.2487346449801497,,,
adaptive,821,0.9527601258703373,0.004164987229277273,0.8,0.7730392948811862,3.833820129137766,29.098530735930662,200,20,123875,4.608692038345269,,,
adaptive,822,0.9527914361533539,0.00443069519203898,0.8,0.805342686388595,3.89128551031141,29.155996117104305,200,20,124095,4.720278204272618,,,
adaptive,823,0.9527816669349689,0.0044102083567852945,0.8,0.7646466501945611,5.343327444426709,30.608038051219605,200,20,124315,4.270435698605213,,,
adaptive,824,0.9528187517559042,0.004524765755411497,0.8,0.7763614514856348,3.025641470648145,28.290352077441042,200,20,124535,1.3893657922948501,,,
adaptive,825,0.9527804361414878,0.004486376537104264,0.8,0.7870053120620428,3.9857873267309865,29.25049793352388,200,20,124755,4.754998123199579,,,
adaptive,826,0.9528073886531696,0.004635234841573355,0.8,0.8189402891163241,6.057315196906346,31.32202580369924,200,20,124975,10.168478767369107,,,
adaptive,827,0.9528661072794974,0.00445440772657435,0.8,0.7967296830681336,3.4044213492356397,28.669131956028536,200,20,125195,4.740930803927963,,,
adaptive,828,0.9528917455840058,0.00443259315761535,0.8,0.8057091261928763,4.641439060477346,29.906149667270242,200,20,125415,4.517022963593458,,,
adaptive,829,0.9529221971023585,0.004493683127610115,0.8,0.7999911950599545,4.979494796549627,30.244205403342523,200,20,125635,4.5901586838879895,,,
adaptive,830,0.9529317910091243,0.0046153287178736235,0.8,0.8060658512356225,2.878723051959147,28.143433658752045,200,20,125855,1.1870607717280437,,,
adaptive,831,0.9529356725220214,0.004478605391944779,0.8,0.7516679993816555,3.709302265561779,28.974012872354674,200,20,126075,4.149528614511968,,,
adaptive,832,0.95291813747222,0.004540342183902313,0.8,0.7975752810390877,4.299780710940871,29.56449131773377,200,20,126295,4.562512135433237,,,
adaptive,833,0.9529071211220653,0.004569767937823932,0.8,0.7895142186466312,3.244235030808553,28.50894563760145,200,20,126515,3.786796309806931,,,
adaptive,834,0.9529130812987764,0.0046108218177122184,0.8,0.8154481357962102,5.042173335353914,30.30688394214681,200,20,126735,9.76740103340232,,,
adaptive,835,0.9529217929615053,0.004583462619079937,0.8,0.8207185505350345,6.376524589494279,31.641235196287177,200,20,126955,9.068042270414574,,,
adaptive,836,0.9529808545976852,0.004748841594682474,0.8,0.829235530366812,2.5229343328291933,27.78764493962209,200,20,127175,1.4376060993737672,,,
adaptive,837,0.952991126699126,0.0047394337561743605,0.8,0.7995070989032149,4.0151278485971025,29.27983845539,200,20,127395,3.96350065451041,,,
adaptive,838,0.9529642620531718,0.004748891064340177,0.8,0.8212749906345305,3.63872391363067,28.903434520423566,200,20,127615,4.23755459170027,,,
adaptive,839,0.9529582630568536,0.004662915117331745,0.8,0.7925349522071864,6.123360291689778,31.388070898482674,200,20,127835,9.153310590460189,,,
adaptive,840,0.9529939431565556,0.004530949632883696,0.8,0.8046050400690355,4.5591624246030715,29.82387303139597,200,20,128055,4.573569684489854,,,
adaptive,841,0.9529955005786594,0.004490453341011835,0.8,0.8027465924941795,6.451588379240709,31.716298986033607,200,20,128275,10.10221526519208,,,
adaptive,842,0.9529996720324291,0.004487063305994798,0.8,0.7887625816785708,4.495639342179877,29.760349948972774,200,20,128495,4.463016946178922,,,
adaptive,843,0.9529610212018095,0.004381587388464725,0.8,0.7920799713999866,4.535564272953062,29.800274879745956,200,20,128715,4.498625120700602,,,
adaptive,844,0.9529650247433905,0.004423598787904881,0.8,0.7785021419541317,5.152239908198072,30.41695051499097,200,20,128935,5.005300862434689,,,
adaptive,845,0.9529133971568425,0.004357112346847325,0.8,0.7634200870541124,2.3465199789320983,27.611230585724993,200,20,129155,1.3783563520178055,,,
adaptive,846,0.9529156375537305,0.004306756995617889,0.8,0.7794561031018629,4.685545816056228,29.950256422849122,200,20,129375,4.207573613774897,,,
adaptive,847,0.9528828047883445,0.004350830815932016,0.8,0.824842719396109,4.154664091510983,29.41937469830388,200,20,129595,4.134645453364672,,,
adaptive,848,0.9528121360572518,0.004243316704805933,0.8,0.7588908132975114,3.9226269104709943,29.18733751726389,200,20,129815,4.592797897240123,,,
adaptive,849,0.9527534736358938,0.004126265524146855,0.8,0.8255484350548661,4.030681375032692,29.29539198182559,200,20,130035,4.852351927999972,,,
adaptive,850,0.9527907451193707,0.0041774965522735075,0.8,0.783209934908449,7.657307550583402,32.9220181573763,200,20,130255,9.199603992625944,,,
adaptive,851,0.9528183975316752,0.004082352460328953,0.8,0.8281750069712149,5.090018786650138,30.354729393443034,200,20,130475,4.2323677076387565,,,
adaptive,852,0.9528344296444804,0.0040851760681756,0.8,0.8065201806334723,6.765930134627223,32.03064074142012,200,20,130695,9.345641336123165,,,
adaptive,853,0.9527973361110298,0.003945262899740398,0.8,0.7659097492833089,2.507709663458385,27.77242027025128,200,20,130915,1.4689809759317078,,,
adaptive,854,0.9528000530850077,0.004139021819461464,0.8,0.8035925442947786,4.175268127801325,29.43997873459422,200,20,131135,4.642011966452747,,,
adaptive,855,0.9527860312091123,0.004162084326449156,0.8,0.792360502726382,3.4401827552518425,28.70489336204474,200,20,131355,4.642531118562221,,,
adaptive,856,0.9528073530393141,0.004198090560798118,0.8,0.8047769788647628,4.297664198595474,29.56237480538837,200,20,131575,4.622559031217146,,,
adaptive,857,0.9528180007532792,0.004255686621728372,0.8,0.7640310727859286,3.4619804885696386,28.726691095362533,200,20,131795,4.5653531544289825,,,
adaptive,858,0.9528880565489246,0.0043343454403352855,0.8,0.8201807084945912,3.7032309009414828,28.96794150773438,200,20,132015,4.611509177087064,,,
adaptive,859,0.9528866497604659,0.004454807611369627,0.8,0.7755762994463823,6.999791012920255,32.26450161971315,200,20,132235,9.230366581293685,,,
adaptive,860,0.9528926472829,0.004303973394696015,0.8,0.7675053526871365,6.463198391013151,31.727908997806047,200,20,132455,9.609348714325892,,,
adaptive,861,0.9529083287321423,0.0043946459415624695,0.8,0.8155126134545968,5.071559055222679,30.336269662015575,200,20,132675,4.622090779368844,,,
adaptive,862,0.9528845155236814,0.004329233389124942,0.8,0.8027239666642482,7.740835386869728,33.00554599366262,200,20,132895,17.21792656269701,,,
adaptive,863,0.9528763242906122,0.004086906085598585,0.8,0.7663606912105754,3.9300277812650135,29.19473838805791,200,20,133115,4.578561806991019,,,
adaptive,864,0.9528763967481394,0.0039753050611047724,0.8,0.7799796301289087,2.5625156845263364,27.82722629131923,200,20,133335,1.1772114008995782,,,
adaptive,865,0.9528547649681183,0.003914310526476172,0.8,0.8037545522628281,2.992631288456073,28.25734189524897,200,20,133555,1.3446551606219468,,,
adaptive,866,0.9528460312872441,0.003958611906970111,0.8,0.7897458914308105,4.211523548265536,29.47623415505843,200,20,133775,4.460189273988018,,,
adaptive,867,0.9528690949511953,0.003931520117491427,0.8,0.7651980888619396,2.6593689274348256,27.924079534227722,200,20,133995,1.1924324079908128,,,
adaptive,868,0.9528588663633414,0.004033541417255648,0.8,0.8277084011024971,6.4696155008130205,31.734326107605916,200,20,134215,9.698084639455246,,,
adaptive,869,0.9528184073633847,0.003984392308030271,0.8,0.7971772422742084,5.508060468919891,30.772771075712786,200,20,134435,9.650627136035519,,,
adaptive,870,0.9528634789621777,0.003892442936285323,0.8,0.8254533176497445,2.1012827427290475,27.365993349521943,200,20,134655,1.315697582758724,,,
adaptive,871,0.9528891349242489,0.004000016079928725,0.8,0.7649211051497499,2.6180638353220194,27.882774442114915,200,20,134875,1.2478686482755093,,,
adaptive,872,0.9529209508517185,0.00416398709181387,0.8,0.7887822592029856,6.373183459030147,31.637894065823044,200,20,135095,9.336615502780813,,,
adaptive,873,0.9529204125640888,0.0041475172563459894,0.8,0.8110254899159395,4.676992504625034,29.94170311141793,200,20,135315,9.290744722920955,,,
adaptive,874,0.9529312053093865,0.00408447664636491,0.8,0.839051553589673,4.475785202270234,29.74049580906313,200,20,135535,3.8826563170310124,,,
adaptive,875,0.9529287662774495,0.004300118626516358,0.8,0.808794939756908,2.901940984558167,28.166651591351062,200,20,135755,1.309837932122536,,,
adaptive,876,0.952930733309154,0.00419890277160051,0.8,0.7655065323947219,4.2540061922644865,29.518716799057383,200,20,135975,4.503618801588885,,,
adaptive,877,0.9529332736161732,0.004155635633613208,0.8,0.7978838189209423,5.154218873469317,30.418929480262214,200,20,136195,4.63464199039481,,,
adaptive,878,0.9529283149001823,0.004165888973247656,0.8,0.758809985626597,6.185281192382689,31.449991799175585,200,20,136415,9.690649918023675,,,
adaptive,879,0.9529157804688497,0.004124001516141451,0.8,0.7997241361672552,5.383484000298811,30.648194607091707,200,20,136635,9.828935433476552,,,
adaptive,880,0.9529599480371637,0.00401010187741746,0.8,0.7655143609495467,8.374474750848275,33.63918535764117,200,20,136855,16.340436777439123,,,
adaptive,881,0.953003953189913,0.004054619753254274,0.8,0.8324653711595921,4.111964671024667,29.37667527781756,200,20,137075,4.370599541904782,,,
adaptive,882,0.9529899248241425,0.004011055585398826,0.8,0.8110082205765842,3.6889225750679,28.953633181860795,200,20,137295,4.376693821879246,,,
adaptive,883,0.9530671425587551,0.004004060966074974,0.8,0.764867924455637,5.366282142647956,30.63099274944085,200,20,137515,4.625583045411702,,,
adaptive,884,0.9530990843735389,0.003798908648711352,0.8,0.786321344559669,5.03541064255309,30.300121249345985,200,20,137735,4.557345997565259,,,
adaptive,885,0.953095483999239,0.0037137903667985306,0.8,0.8229948716168551,3.5849366408670527,28.84964724765995,200,20,137955,1.3102698164857005,,,
adaptive,886,0.9531383351311267,0.0037489775357899546,0.8,0.8490205863254373,6.092605996211267,31.357316603004165,200,20,138175,9.941669690528759,,,
adaptive,887,0.9531166269930939,0.0037715484806131183,0.8,0.8200811475007594,5.594240824078107,30.858951430871002,200,20,138395,4.434473480332931,,,
adaptive,888,0.953077084858307,0.0036328939928811366,0.8,0.8241290075602637,2.7461612822045804,28.010871888997478,200,20,138615,1.3249828883504906,,,
adaptive,889,0.9530541061586544,0.003639363937204654,0.8,0.7990014115658538,4.242712712126464,29.507423318919358,200,20,138835,4.177152422615768,,,
adaptive,890,0.953062552778485,0.003600083177188629,0.8,0.7868023247328578,3.6365706150874253,28.90128122188032,200,20,139055,4.255410294385847,,,
adaptive,891,0.9530651593125578,0.003579408082655,0.8,0.8340505279754618,3.476270775997689,28.740981382790586,200,20,139275,4.0567117384761096,,,
adaptive,892,0.9531412407548813,0.0035439337271777616,0.8,1.0339677910783716,3.528711238360872,28.793421845153766,5,20,139300,4.51501961487055,,,
adaptive,893,0.9530928243353606,0.0034069613898285445,0.8,0.7023677285070896,3.114919890377919,28.379630497170815,5,20,139325,1.4273430944628474,,,
adaptive,894,0.9531190954744609,0.003404576888759614,0.8,0.8583414188375893,3.2889975380752414,28.55370814486814,5,20,139350,4.052170004870214,,,
adaptive,895,0.9531316198401055,0.003625098567459739,0.8,0.8045298525918619,4.14711707396162,29.411827680754516,5,20,139375,3.8872059408049555,,,
adaptive,896,0.9531473264946595,0.0036409640710970415,0.8,0.7801177012534262,3.3675412910784184,28.632251897871313,5,20,139400,1.234768283956378,,,
adaptive,897,0.9531512208862913,0.003581626393551529,0.8,0.9566258123618909,2.679171403992595,27.94388201078549,5,20,139425,2.522216277964173,,,
adaptive,898,0.9531734094342943,0.0036055749938919135,0.8,0.8086846274577101,5.397715564693509,30.662426171486405,5,20,139450,4.294615584649976,,,
adaptive,899,0.9531152415498219,0.003680692537619934,0.8,0.8041319988449661,7.082712431247592,32.34742303804049,5,20,139475,9.875890264469385,,,
adaptive,900,0.9530714745266312,0.0038476569998813215,0.8,0.7715435758672593,4.033477798689548,29.298188405482442,5,20,139500,4.522937381789317,,,
adaptive,901,0.9531113606463287,0.0038368519911213816,0.8,0.7977151495227607,4.187671050768001,29.4523816575609,5,20,139525,4.90706739414677,,,
adaptive,902,0.9532399289141069,0.00425660369703551,0.8,1.5781118525473945,4.1717001177512225,29.436410724544118,5,20,139550,7.5078797165405,,,
adaptive,903,0.9532788948049037,0.004325643523646616,0.8,0.6595859842252464,7.193624027528133,32.45833463432103,5,20,139575,9.437408921150844,,,
adaptive,904,0.9532205777863498,0.004211976139735341,0.8,0.5049788686594883,7.483990608213492,32.74870121500639,5,20,139600,17.008283992849027,,,
adaptive,905,0.9532839223146491,0.004341813712994247,0.8,0.9251903289967243,4.7543387792842955,30.019049386077192,5,20,139625,4.210182465536696,,,
adaptive,906,0.9532976033590731,0.004193159075657205,0.8,0.909608517927962,5.801316866445707,31.066027473238602,5,20,139650,9.139260467061222,,,
adaptive,907,0.9532658162841073,0.0040661390192993085,0.8,0.7712901952136653,2.2666782482663295,27.531388855059227,5,20,139675,1.4296887758723715,,,
adaptive,908,0.953306797154902,0.00404569067756666,0.8,0.7395661684787446,4.188891014020606,29.4536016208135,5,20,139700,4.255368462846868,,,
adaptive,909,0.9533141139218566,0.004129775044104278,0.8,0.9226952421554983,6.859011147339371,32.12372175413227,5,20,139725,9.78342563714212,,,
adaptive,910,0.9532886641152637,0.003976824410058533,0.8,0.7810693958745862,4.578720635703245,29.84343124249614,5,20,139750,4.363715146499012,,,
adaptive,911,0.9533363216019577,0.003918188782322418,0.8,0.7644095439625217,3.968226959755738,29.232937566548635,5,20,139775,4.001008622818734,,,
adaptive,912,0.953338896971843,0.003799510656532945,0.8,0.6665066580061623,4.504979011492267,29.769689618285163,5,20,139800,4.611997461417836,,,
adaptive,913,0.9533589613772085,0.0038390481954074795,0.8,0.7913919092244514,3.3067338935067507,28.57144450029965,5,20,139825,4.054703846770875,,,
adaptive,914,0.9533893754031441,0.0039811604188833005,0.8,0.9975351069927371,5.415206164590238,30.679916771383134,5,20,139850,5.124746918980028,,,
adaptive,915,0.9534012462527127,0.003953100557375855,0.8,0.8226354333057548,4.229821062818422,29.49453166961132,5,20,139875,4.171177535074285,,,
adaptive,916,0.9533647184994232,0.003936551629820317,0.8,0.8038593100651695,5.37472055159854,30.639431158391435,5,20,139900,4.607737390139884,,,
adaptive,917,0.9533450542165974,0.0038424044263376533,0.8,0.8579062893363179,6.403699475787558,31.668410082580454,5,20,139925,9.008791997807544,,,
adaptive,918,0.9533202038243433,0.003916021754920784,0.8,0.6795564681786507,6.584800151444277,31.849510758237173,5,20,139950,9.244210132852833,,,
adaptive,919,0.9533339277688526,0.003967105151983175,0.8,1.0006620838402998,4.931445755087104,30.19615636188,5,20,139975,4.241483833316285,,,
adaptive,920,0.9533807195053028,0.004276218185578662,0.8,0.9779647906186876,5.34428209392316,30.608992700716055,5,20,140000,3.9925319744850305,,,
adaptive,921,0.9533790537646045,0.004020163295838097,0.8,0.37375155717099406,4.308061597586732,29.57277220437963,5,20,140025,4.7323908060569515,,,
adaptive,922,0.9533345010076323,0.003914020018319975,0.8,0.5197459952930842,3.3339373956870024,28.598648002479898,5,20,140050,4.617077373548386,,,
adaptive,923,0.9533095229948589,0.0037474034597011485,0.8,0.6999279896564906,4.527616268651601,29.792326875444495,5,20,140075,4.26609853289056,,,
adaptive,924,0.9533108104666509,0.0036902709210091533,0.8,0.7748863860765838,5.294134287408633,30.558844894201528,5,20,140100,4.354172593628344,,,
adaptive,925,0.953243173103147,0.003549322551304135,0.8,0.48936628630721285,5.916296809547886,31.181007416340783,5,20,140125,8.311908099427548,,,
adaptive,926,0.9533252272325572,0.0036684588130327933,0.8,0.9103855342681036,2.341482209368613,27.60619281616151,5,20,140150,2.3729595044309115,,,
adaptive,927,0.9533035116071051,0.003561977330145738,0.8,0.444969486771182,2.925978995890792,28.190689602683687,5,20,140175,4.3009042144802025,,,
adaptive,928,0.9532180781514348,0.003495502717078436,0.8,0.6685936230539767,6.166268941485484,31.43097954827838,5,20,140200,10.549947124759527,,,
adaptive,929,0.9532626963784617,0.0034486524461762036,0.8,0.7905637507104232,2.6365496188386066,27.901260225631503,5,20,140225,1.1387598380905517,,,
adaptive,930,0.9531757233617678,0.003237007025276073,0.8,0.4992127560428653,2.6650686442899807,27.929779251082877,5,20,140250,4.114047296164341,,,
adaptive,931,0.9530054285811191,0.00306512570592421,0.8,0.3773620344582998,3.548602852256616,28.81331345904951,5,20,140275,4.099320043964562,,,
adaptive,932,0.9529757613159506,0.0030183832742012306,0.8,0.7785676416691948,4.090682182294803,29.3553927890877,5,20,140300,4.257541389213623,,,
adaptive,933,0.9530603452393119,0.0030322923668741897,0.8,0.9500027625857388,3.510896831822441,28.77560743861534,5,20,140325,3.9439729586175574,,,
adaptive,934,0.9530640064520763,0.003104323447463253,0.8,0.8124330790659279,9.201528472373575,34.46623907916647,200,20,140545,16.61835532310444,,,
adaptive,935,0.95303619276542,0.003115952887260076,0.8,0.7721056902910951,3.7980621442216256,29.06277275101452,200,20,140765,4.588398478093619,,,
adaptive,936,0.9530417904398729,0.00312690836852092,0.8,0.799538442543635,3.7242703959023307,28.988981002695226,200,20,140985,4.02862504252474,,,
adaptive,937,0.9530600550751069,0.0032368887055508333,0.8,0.7954134108984905,5.438880304116218,30.703590910909114,200,20,141205,4.604181656159077,,,
adaptive,938,0.9530548013798749,0.003167875279142862,0.8,0.8240634868776117,2.4847369496601104,27.749447556453006,200,20,141425,1.3335750560403856,,,
adaptive,939,0.9531118813946751,0.0032933973677312656,0.8,0.8198802557716068,4.627217314793771,29.891927921586667,200,20,141645,4.751457143265925,,,
adaptive,940,0.9531451523854145,0.003350050593041276,0.8,0.7965056474120126,5.383039598302679,30.647750205095576,200,20,141865,9.115955921181483,,,
adaptive,941,0.9531077252566189,0.0033074085423737687,0.8,0.7861193296504015,2.674472509868421,27.93918311666132,200,20,142085,1.4598644446665663,,,
adaptive,942,0.9531719060213408,0.003414775091521993,0.8,0.7783100306561531,3.8890528532563677,29.153763460049262,200,20,142305,4.087446533150011,,,
adaptive,943,0.9531884344090736,0.0033088607347256938,0.8,0.7982689370215192,4.56960774622816,29.834318353021054,200,20,142525,4.5585690958696325,,,
adaptive,944,0.9531764977515038,0.0031759494718217596,0.8,0.7569704768017066,4.765236819579329,30.029947426372225,200,20,142745,3.894930945804442,,,
adaptive,945,0.9531458018895151,0.0030300223624518674,0.8,0.7965452589925571,4.053595593767995,29.31830620056089,200,20,142965,4.317209446148285,,,
adaptive,946,0.953150682835721,0.0031328177391564127,0.8,0.8206395714956018,3.6361846843821883,28.900895291175082,200,20,143185,4.453251520855874,,,
adaptive,947,0.953162615639689,0.003110369011822378,0.8,0.8022393523198794,5.21536023185582,30.480070838648714,200,20,143405,5.027689756043248,,,
adaptive,948,0.9531501534487349,0.0030165792427269134,0.8,0.789637823528517,6.355901672087749,31.620612278880646,200,20,143625,9.324320074451977,,,
adaptive,949,0.9531583162013866,0.0029673636136346992,0.8,0.7756280395652969,4.133008976311718,29.397719583104614,200,20,143845,4.124641162496842,,,
adaptive,950,0.953185734135637,0.0029122148229712153,0.8,0.7790317816572013,3.18805941021162,28.452770017004518,200,20,144065,1.3722580711564694,,,
adaptive,951,0.9531855288784343,0.0029899798129846555,0.8,0.7832907193310531,4.872268279234027,30.136978886026924,200,20,144285,4.465231108800545,,,
adaptive,952,0.9531871695731505,0.002970583813370231,0.8,0.8233665195782692,4.087365870997722,29.352076477790618,200,20,144505,3.9661503073532325,,,
adaptive,953,0.953157507270275,0.002982030327321583,0.8,0.8402473320848968,3.7160803311330324,28.980790937925928,200,20,144725,4.293738419795309,,,
adaptive,954,0.9531618640986081,0.002923511904284748,0.8,0.8059387065093574,3.795645598860245,29.06035620565314,200,20,144945,4.59625299451689,,,
adaptive,955,0.9531324126352886,0.0030919439249827985,0.8,0.80004532482612,4.534286776037469,29.798997382830365,200,20,145165,4.117169743655473,,,
adaptive,956,0.9531578786559453,0.0032325728829336597,0.8,0.7990308577286515,4.31135800593468,29.576068612727575,200,20,145385,4.360548788112881,,,
adaptive,957,0.9531570942971179,0.0031524050369167167,0.8,0.8031841839531906,2.953772831067301,28.218483437860197,200,20,145605,1.281369704513846,,,
adaptive,958,0.9531656453774355,0.003083525749662641,0.8,0.810662144713038,4.46354789852904,29.728258505321936,200,20,145825,4.178182069017933,,,
adaptive,959,0.9531532516399916,0.003049702562609502,0.8,0.7537573001595446,4.121844567661484,29.38655517445438,200,20,146045,4.009656604732535,,,
adaptive,960,0.953178142643669,0.0029136970378979,0.8,0.8112782105926951,2.5552529454163313,27.819963552209227,200,20,146265,1.2142476986380846,,,
adaptive,961,0.9531352250828667,0.0029765936522387904,0.8,0.7688236916728799,3.685229963986598,28.949940570779493,200,20,146485,4.545921797174035,,,
adaptive,962,0.9530741319355194,0.0029962650538373214,0.8,0.7836731225276131,3.7156623471570867,28.98037295394998,200,20,146705,4.377177710476145,,,
adaptive,963,0.953104675330276,0.0030127712981573573,0.8,0.8357263320294059,3.9449146636393526,29.209625270432248,200,20,146925,4.063522401822012,,,
adaptive,964,0.9530920036391118,0.002947376220904796,0.8,0.797048351852589,4.804990345042939,30.069700951835834,200,20,147145,4.432700806536415,,,
adaptive,965,0.953109066670764,0.002932017318976965,0.8,0.7981773100616609,3.894370179021158,29.159080785814055,200,20,147365,4.565787004060022,,,
adaptive,966,0.9531400608641358,0.0028001046784276173,0.8,0.8052507799225378,3.622787965782904,28.8874985725758,200,20,147585,3.9779610771596343,,,
adaptive,967,0.9531635494340522,0.0028066932304605663,0.8,0.8031974604929125,4.288709255000132,29.553419861793028,200,20,147805,4.166281364665486,,,
adaptive,968,0.9531612355708678,0.002849849208166444,0.8,0.8356569323659372,4.428737041298422,29.69344764809132,200,20,148025,4.818411412403349,,,
adaptive,969,0.9531244212129836,0.002824860221162684,0.8,0.7987350679557147,3.1712114822746793,28.435922089067574,200,20,148245,1.2684490080197126,,,
adaptive,970,0.9531647230933824,0.0030486092678618792,0.8,0.8081506801466929,4.104258441454922,29.36896904824782,200,20,148465,4.500709369049627,,,
adaptive,971,0.9531906102555889,0.0030306900873348086,0.8,0.7899896731340276,4.960769208465959,30.225479815258854,200,20,148685,4.623059857619236,,,
adaptive,972,0.9532132385337864,0.0030983425061986702,0.8,0.7880802521004086,4.158823854329185,29.42353446112208,200,20,148905,3.91714549060052,,,
adaptive,973,0.9532021522443423,0.003062226346128516,0.8,0.8108732890626879,4.482130512384891,29.746841119177788,200,20,149125,4.071713306401474,,,
adaptive,974,0.9532022898075909,0.002938393144360729,0.8,0.7947223640557364,4.65755751619521,29.922268122988108,200,20,149345,4.061927716334231,,,
adaptive,975,0.9531984296709601,0.0028620039926658958,0.8,0.8187839852628589,4.861187638974022,30.12589824576692,200,20,149565,5.01823316063547,,,
adaptive,976,0.9532574450776805,0.002825712052321183,0.8,0.8120515144383774,3.257281519429323,28.52199212622222,200,20,149785,1.2848282206430417,,,
adaptive,977,0.9532664404351944,0.002940464271194765,0.8,0.8115734045963903,4.388717510703338,29.653428117496233,200,20,150005,3.982290342981604,,,
adaptive,978,0.9532912091847509,0.003018071270194489,0.8,0.777661877749748,4.828072982530382,30.09278358932328,200,20,150225,3.966400634536737,,,
adaptive,979,0.9533065099135292,0.0028622505988327163,0.8,0.8514554770326286,4.596688843718022,29.861399450510916,200,20,150445,4.239866353855711,,,
adaptive,980,0.9532812953368947,0.0029326659259799603,0.8,0.8017664016558121,6.612022341481029,31.876732948273926,200,20,150665,10.377982441966603,,,
adaptive,981,0.9532731136862663,0.002911423798908519,0.8,0.8003708563680624,3.191024954598899,28.455735561391794,200,20,150885,1.3244728068982812,,,
adaptive,982,0.9532514582534686,0.0028305257196057365,0.8,0.8126021528004411,4.126541599154526,29.39125220594742,200,20,151105,4.206530426485736,,,
adaptive,983,0.9532590430045146,0.0028195715231129626,0.8,0.7971636014320125,2.368535186500816,27.63324579329371,200,20,151325,1.3074930237813924,,,
adaptive,984,0.953294963973403,0.0027483921677798895,0.8,0.8157634596973027,7.980369500980512,33.245080107773404,200,20,151545,8.738320353985497,,,
adaptive,985,0.9532823155724253,0.0026000707150235502,0.8,0.8182899812005759,5.175430779024476,30.44014138581737,200,20,151765,9.498110693814525,,,
adaptive,986,0.9532856347377718,0.0026549639573554273,0.8,0.8207955758289518,6.5426320202625545,31.80734262705545,200,20,151985,9.390531003487398,,,
adaptive,987,0.9532656079368671,0.0026982720665923443,0.8,0.7999331060797938,7.865296685572656,33.130007292365555,200,20,152205,9.441892387122587,,,
adaptive,988,0.9532659982373448,0.0027238510165596974,0.8,0.7855447487829141,3.924441688043215,29.189152294836113,200,20,152425,4.276440332476229,,,
adaptive,989,0.9532339565327969,0.0026610478569883966,0.8,0.7893769867380858,2.9041937183850997,28.168904325177994,200,20,152645,1.1915109980722587,,,
adaptive,990,0.9532424097852387,0.00266777260147244,0.8,0.814163290292689,3.575854207261636,28.84056481405453,200,20,152865,4.490384526545514,,,
adaptive,991,0.9532517750507165,0.002728797257765092,0.8,0.7969732878840531,3.303535742699003,28.5682463494919,200,20,153085,4.409205301833192,,,
adaptive,992,0.9532443331947096,0.0026485679101017068,0.8,0.8151462721258488,4.768810936919706,30.033521543712602,200,20,153305,4.340997761730912,,,
adaptive,993,0.9532514993137622,0.002533391799119822,0.8,0.8589679490259815,6.687995707400736,31.952706314193634,200,20,153525,9.554925447052224,,,
adaptive,994,0.9532515572622523,0.002629940713337775,0.8,0.8058967979669358,4.408966009036661,29.673676615829557,200,20,153745,4.256048959461238,,,
adaptive,995,0.9531951795570379,0.002544028319226288,0.8,0.8271561153485092,4.530464925632732,29.795175532425628,200,20,153965,4.09018750278266,,,
adaptive,996,0.9532180589571757,0.002522660394091769,0.8,0.8483766533310437,4.787495241943887,30.052205848736783,200,20,154185,4.388148955160572,,,
adaptive,997,0.9532388491482024,0.002413477319436752,0.8,0.7920829860588542,7.5245417352760215,32.78925234206892,200,20,154405,9.286802458653822,,,
adaptive,998,0.9532607205889431,0.0022079698437179607,0.8,0.7656597332434532,3.9000068731601734,29.16471747995307,200,20,154625,4.333837149509765,,,
adaptive,999,0.9532627266381992,0.0023388016728020933,0.8,0.8099477271194595,4.282113575456166,29.54682418224906,200,20,154845,4.773140900332107,,,
adaptive,1000,0.9532725404615904,0.002361684143434517,0.8,0.8087163547559387,2.444688873166141,27.709399479959036,200,20,155065,1.3764254497554,,,
adaptive,1001,0.9533013875784033,0.0022944260270154615,0.8,0.7945261772949558,3.820629088636009,29.085339695428907,200,20,155285,3.9668872908530175,,,
adaptive,1002,0.9532895577640499,0.002179034303692595,0.8,0.8260637505504566,3.2896919447594577,28.554402551552354,200,20,155505,4.332291763960484,,,
adaptive,1003,0.9533152603810998,0.0022286194512569635,0.8,0.804164836554574,5.445652052173116,30.710362658966012,200,20,155725,4.503030187127991,,,
adaptive,1004,0.9533100121819934,0.0022268000880877326,0.8,0.7638410164264008,5.063760934402918,30.328471541195814,200,20,155945,4.744664755354286,,,
adaptive,1005,0.9532930079712678,0.00224739877208191,0.8,0.7679109809535211,4.68213605109853,29.946846657891427,200,20,156165,9.464175175653027,,,
adaptive,1006,0.9533357159658387,0.0022469875631437874,0.8,0.801310242936817,3.573150240357516,28.837860847150413,200,20,156385,3.902167196323662,,,
adaptive,1007,0.9533734037547279,0.002272526180839951,0.8,0.7974272137745588,3.4108614161878594,28.675572022980756,200,20,156605,4.464743361839396,,,
adaptive,1008,0.9533580969291415,0.00221163758092191,0.8,0.8233917740695677,4.501544140736087,29.766254747528983,200,20,156825,3.764804044835478,,,
adaptive,1009,0.9533289571018404,0.002156358309106321,0.8,0.798760647829383,3.9168761730425237,29.18158677983542,200,20,157045,4.073064789330388,,,
adaptive,1010,0.9533371748856416,0.0021528452573147394,0.8,0.7991984046368232,3.78088304356686,29.045593650359756,200,20,157265,4.071626173810142,,,
adaptive,1011,0.9533134191448543,0.0022371779231563638,0.8,0.7979075151950695,3.224073483569062,28.488784090361957,200,20,157485,1.1603913107177941,,,
adaptive,1012,0.9533194705868393,0.0023081818546716315,0.8,0.7982832988847998,6.119467034767853,31.384177641560747,200,20,157705,9.352557595883406,,,
adaptive,1013,0.9532949388185125,0.002358289282575865,0.8,0.7608149759700772,5.801081488850134,31.06579209564303,200,20,157925,9.683306824428664,,,
adaptive,1014,0.9533144772651295,0.0024700882084724984,0.8,0.8402243863980594,4.31431432780491,29.579024934597804,200,20,158145,3.9911205482198273,,,
adaptive,1015,0.9532718521110846,0.0025630410627421885,0.8,0.7581848012933913,4.249165817723959,29.513876424516855,200,20,158365,4.098971947936939,,,
adaptive,1016,0.9532711089868641,0.002655250202770576,0.8,0.825111667998418,2.0718532076703817,27.33656381446328,200,20,158585,1.333133847858401,,,
adaptive,1017,0.9532833867022996,0.002666226865067789,0.8,0.7681477369352704,4.715209310408858,29.979919917201755,200,20,158805,4.740218581909986,,,
adaptive,1018,0.9532551135273375,0.002642281854416617,0.8,0.8041833522399094,7.468321938846845,32.733032545639745,200,20,159025,9.472130690867077,,,
adaptive,1019,0.9532573702712482,0.0026067804098851566,0.8,0.8340794819438387,5.987205564732163,31.25191617152506,200,20,159245,9.55336726698818,,,
adaptive,1020,0.9532693020820672,0.0026221353722537533,0.8,0.8164239356408374,6.878076879199467,32.142787485992365,200,20,159465,9.388925742753926,,,
adaptive,1021,0.9532667693397334,0.00266659254963153,0.8,0.7908068690767529,4.774302722886549,30.039013329679445,200,20,159685,4.440252199350233,,,
adaptive,1022,0.953246078859054,0.002604840468194758,0.8,0.7959246026846626,4.401957492305925,29.66666809909882,200,20,159905,4.343040361864949,,,
adaptive,1023,0.9532621933024362,0.0024345900142275223,0.8,0.792503543661349,3.7125519737722734,28.97726258056517,200,20,160125,4.410569332057781,,,
adaptive,1024,0.9532929642272121,0.002445778388651343,0.8,0.8022633764054004,3.864381341593337,29.129091948386233,200,20,160345,4.0027330539381225,,,
adaptive,1025,0.9533409875209989,0.0024223562599993143,0.8,0.7890747271000601,3.7558026452118556,29.02051325200475,200,20,160565,4.220844984383125,,,
adaptive,1026,0.9533826657950095,0.0024266013822993315,0.8,0.8596129601497019,5.260311074562023,30.525021681354918,200,20,160785,4.490113837157131,,,
adaptive,1027,0.9534149936478893,0.0023629803485974987,0.8,0.7891181003198027,2.2937690411816867,27.558479647974583,200,20,161005,1.1399339202825831,,,
adaptive,1028,0.953447871284519,0.0024135665223153913,0.8,0.7855216729023397,4.791329979230634,30.056040586023528,200,20,161225,4.086983479343955,,,
adaptive,1029,0.9534093890370812,0.0025295776434365314,0.8,0.760280935714012,4.693691747492166,29.958402354285063,200,20,161445,4.686699746535532,,,
adaptive,1030,0.95340529439529,0.0024720574002849993,0.8,0.8316543714647058,3.2829735510635123,28.54768415785641,200,20,161665,4.726713702664833,,,
adaptive,1031,0.9534153578706903,0.0024596633922484568,0.8,0.810581274413459,5.288823976151937,30.553534582944835,200,20,161885,3.9027463005689484,,,
adaptive,1032,0.95341814578296,0.0025649987937140795,0.8,0.7965613900321785,6.850613504022356,32.11532411081525,200,20,162105,9.310750607260452,,,
adaptive,1033,0.9534030278310136,0.002635084493746054,0.8,0.7794742308736716,3.302387898255277,28.567098505048172,200,20,162325,4.353899733137121,,,
adaptive,1034,0.9533946883106363,0.0027053633465079496,0.8,0.8063964751594143,4.6154899425528,29.880200549345695,200,20,162545,4.4040138391637855,,,
adaptive,1035,0.9534029946163187,0.002625317839539676,0.8,0.8073212595138238,2.5145000558772135,27.77921066267011,200,20,162765,1.4982907500956577,,,
adaptive,1036,0.9533667613043367,0.002609746173104721,0.8,0.7440135331363378,4.762924234777746,30.02763484157064,200,20,162985,4.368625297269112,,,
adaptive,1037,0.9533311870351645,0.0025937357830452257,0.8,0.779466144875985,7.0015499330934805,32.266260539886375,200,20,163205,9.935345367756259,,,
adaptive,1038,0.9533720615279268,0.0025468403533209782,0.8,0.8505341326920949,4.990534069672859,30.255244676465754,200,20,163425,4.1078366091593,,,
adaptive,1039,0.953405602972694,0.0025404547242298126,0.8,0.8265501712710324,4.70169492813698,29.966405534929876,200,20,163645,4.253037469224564,,,
adaptive,1040,0.9534122757270762,0.0025155267406662407,0.8,0.8249888513316368,4.852134100039094,30.11684470683199,200,20,163865,4.459782808527149,,,
adaptive,1041,0.9533313631322823,0.002516129245544896,0.8,0.7608426558022037,2.6215719142240475,27.886282521016945,200,20,164085,1.1969000929318836,,,
adaptive,1042,0.9532752813351255,0.002511022898356585,0.8,0.8100041697663833,5.038922432240461,30.303633039033357,200,20,164305,3.903009169905641,,,
adaptive,1043,0.9532054427934069,0.002481194674921028,0.8,0.7557884200823095,3.147992624955713,28.41270323174861,200,20,164525,1.4188474212987972,,,
adaptive,1044,0.9532130288883701,0.00252946453116909,0.8,0.790884754992952,5.937941979260733,31.20265258605363,200,20,164745,9.814483344906648,,,
adaptive,1045,0.9531996868173553,0.0025348386715446924,0.8,0.8074514675697358,4.359608130441608,29.624318737234503,200,20,164965,4.109102054831738,,,
adaptive,1046,0.9532318947435732,0.0025054205501134907,0.8,0.8333744059986103,2.81346831381748,28.078178920610377,200,20,165185,1.4661138391764625,,,
adaptive,1047,0.9532389157968638,0.0024847289475977696,0.8,0.7668103199547649,4.923010402096672,30.187721008889568,200,20,165405,4.283682240191492,,,
adaptive,1048,0.9532591477042875,0.002498316682334023,0.8,0.8155965999617365,5.295145193554586,30.55985580034748,200,20,165625,4.472638019076915,,,
adaptive,1049,0.9533109183395306,0.0025949157728394345,0.8,0.8115461502885096,3.3871804085228776,28.651891015315773,200,20,165845,4.3289645559676,,,
adaptive,1050,0.9533427857678904,0.002564091987126149,0.8,0.8264051787479133,5.39111798582291,30.655828592615805,200,20,166065,4.1891573119907815,,,
adaptive,1051,0.9533301836962097,0.002574578144540429,0.8,0.7845418697771516,6.579961523821431,31.844672130614327,200,20,166285,8.773380994905528,,,
adaptive,1052,0.9533665592581421,0.0026163972702286653,0.8,0.7841272677261016,5.320548297557949,30.585258904350844,200,20,166505,4.663864555634925,,,
adaptive,1053,0.9533796671739257,0.002766626057978505,0.8,0.7559682185040196,2.549715818861238,27.814426425654133,200,20,166725,1.4010453094737958,,,
adaptive,1054,0.9533723850513262,0.0027808331749832327,0.8,0.7394958870193069,3.5853286950089047,28.8500393018018,5,20,166750,3.6424930142657397,,,
adaptive,1055,0.9533955400401251,0.0027181194660037544,0.8,0.7697982785128374,5.06257726892929,30.327287875722185,5,20,166775,4.5180616147949655,,,
adaptive,1056,0.9535369219638679,0.00275552000346857,0.8,1.4575981155208688,7.176649523032375,32.44136012982527,5,20,166800,7.930760443504606,,,
adaptive,1057,0.9535767344123249,0.002688262710971223,0.8,0.8779996188216199,5.801437829502353,31.06614843629525,5,20,166825,9.973434611297206,,,
adaptive,1058,0.9535609790559858,0.002669315389777216,0.8,0.8078703584447099,3.2116313608380542,28.47634196763095,5,20,166850,1.2076536253614585,,,
adaptive,1059,0.953584776627271,0.002706610689598987,0.8,0.7997899978897727,8.994843173036164,34.25955377982906,200,20,167070,16.526939250958737,,,
adaptive,1060,0.953538958643886,0.002663923541425084,0.8,0.8109495716077688,5.155493016858153,30.420203623651048,200,20,167290,4.1945579382266045,,,
adaptive,1061,0.9535377294527952,0.0026941498278275633,0.8,0.8150149966173628,6.218793130119668,31.483503736912564,200,20,167510,10.583793840729536,,,
adaptive,1062,0.953544834327565,0.002655022994815348,0.8,0.8070577260591962,7.642050482874828,32.906761089667725,200,20,167730,10.022455100882933,,,
adaptive,1063,0.953537240319623,0.0026619293665813837,0.8,0.7805287290009264,2.67278949271818,27.937500099511077,200,20,167950,1.3787023995040895,,,
adaptive,1064,0.9535555832237383,0.002558285097453372,0.8,0.7739139148094054,4.66415931414191,29.928869920934808,200,20,168170,4.202065858803861,,,
adaptive,1065,0.9535149946547427,0.0025237083206457456,0.8,0.8174185687412157,3.174188920826304,28.4388995276192,200,20,168390,1.3152946112070232,,,
adaptive,1066,0.95351908210696,0.0025065716140287853,0.8,0.7990208922522457,2.737614460148545,28.00232506694144,200,20,168610,1.2680323374301552,,,
adaptive,1067,0.9534869445799459,0.0024921217060833722,0.8,0.7320443784554796,3.2822354476997453,28.54694605449264,200,20,168830,1.2575694384221268,,,
adaptive,1068,0.9534458261153388,0.00255388077869656,0.8,0.787929299339538,6.8938919676028165,32.158602574395715,200,20,169050,8.666292319218613,,,
adaptive,1069,0.953456804262572,0.0026464992680987898,0.8,0.8364609555355945,5.581443303552866,30.846153910345762,200,20,169270,8.738480946453118,,,
adaptive,1070,0.9534489394756632,0.002680649609139052,0.8,0.7991345816563634,4.341164830341408,29.605875437134305,200,20,169490,4.615882691404781,,,
adaptive,1071,0.9534948818397359,0.002702629704482873,0.8,0.7824784094710948,3.9605951276643547,29.22530573445725,200,20,169710,4.395407394756792,,,
adaptive,1072,0.9534864180393368,0.002621374266790988,0.8,0.8173713578023016,4.15153498411745,29.416245590910346,200,20,169930,4.230709348821795,,,
adaptive,1073,0.9535073363224508,0.0026475445282513332,0.8,0.8033663629318798,3.5549337823019123,28.819644389094808,200,20,170150,4.140575885108655,,,
adaptive,1074,0.9534632389323744,0.002706656166580279,0.8,0.7877872189468276,4.1220279665852955,29.386738573378192,200,20,170370,3.765443739975861,,,
adaptive,1075,0.9534856932225613,0.002789333574084396,0.8,0.8219028869187879,2.2440878951706416,27.508798501963536,200,20,170590,1.3622284230982684,,,
adaptive,1076,0.9534916120249667,0.00295089511092983,0.8,0.8001045032813247,3.7121231777826726,28.976833784575568,200,20,170810,4.27366245660661,,,
adaptive,1077,0.9534764232105867,0.003076225719979231,0.8,0.8061926771710803,5.446857198660162,30.711567805453058,200,20,171030,4.535563088474661,,,
adaptive,1078,0.9535173373728172,0.0030745141359862505,0.8,0.7645982988683431,3.0612403093406306,28.325950916133525,200,20,171250,1.122543027358693,,,
adaptive,1079,0.9535275188513797,0.003078580860433555,0.8,0.8004182917075058,2.810727592904761,28.075438199697658,200,20,171470,1.2551940077175043,,,
adaptive,1080,0.9535844874758918,0.0028972835037489597,0.8,0.7794674048645115,7.425496831337409,32.6902074381303,200,20,171690,9.829746913980449,,,
adaptive,1081,0.953562176546404,0.0029022719952975784,0.8,0.7688102757743945,4.690697348649165,29.955407955442062,200,20,171910,4.256947741084753,,,
adaptive,1082,0.9535845232030596,0.003082153718528491,0.8,0.8029530817057101,4.78622850496898,30.050939111761878,200,20,172130,9.972830931009518,,,
adaptive,1083,0.9535689296851971,0.002891961682653821,0.8,0.7381561477689293,4.544332045381453,29.809042652174348,200,20,172350,10.403681352193756,,,
adaptive,1084,0.9535865720374027,0.003016057447056797,0.8,0.8017638376814592,6.873763524672878,32.13847413146577,200,20,172570,9.689181245438851,,,
adaptive,1085,0.9536070188879473,0.0028166898752527425,0.8,0.7882710138508721,5.42892936426783,30.693639971060726,200,20,172790,8.508178550488802,,,
adaptive,1086,0.9536445147842046,0.0029826006306177266,0.8,0.7794047051219917,4.083917952677461,29.348628559470356,200,20,173010,4.5925922674859585,,,
adaptive,1087,0.9536888327063128,0.002795711127117295,0.8,0.7938851456382044,6.330550505757742,31.595261112550638,200,20,173230,8.934961565344283,,,
adaptive,1088,0.9537007246858137,0.0028680509150507127,0.8,0.7924011386210047,4.649009077084701,29.913719683877595,200,20,173450,9.49377970759952,,,
adaptive,1089,0.9536942000881544,0.0028841748594603533,0.8,0.8330415769956729,3.12337998187783,28.388090588670725,200,20,173670,1.2651785146265861,,,
adaptive,1090,0.9537065339477869,0.0028546568196754496,0.8,0.8002962637301533,4.880305323723181,30.145015930516077,200,20,173890,4.455047666969547,,,
adaptive,1091,0.9537286114477194,0.0029408078774945112,0.8,0.7952500520090259,3.4576283228825226,28.72233892967542,200,20,174110,4.751341008838451,,,
adaptive,1092,0.9537001701735065,0.003077763380747167,0.8,0.8025557389023947,2.2850673091185887,27.549777915911484,200,20,174330,1.2987852711923187,,,
adaptive,1093,0.953675522060818,0.003003643520620769,0.8,0.7627596512997527,5.616395381709438,30.881105988502334,200,20,174550,4.82565831469313,,,
adaptive,1094,0.9537054933637966,0.0029984973533681014,0.8,0.7906664573677695,2.8674758363341533,28.13218644312705,200,20,174770,1.4212770710684761,,,
adaptive,1095,0.9536741991328901,0.003098378724518458,0.8,0.804180922336961,5.283601738244842,30.548312345037736,200,20,174990,4.603296981688743,,,
adaptive,1096,0.9536749026658059,0.00305895520461974,0.8,0.7789371090108224,4.2581675784867805,29.522878185279676,200,20,175210,4.104818809847081,,,
adaptive,1097,0.9537356175445943,0.003151053662005965,0.8,0.7634526032840137,5.354645012466268,30.619355619259164,200,20,175430,4.678040054451281,,,
adaptive,1098,0.9536765648051037,0.0032819029887471984,0.8,0.7905723226574886,2.8383642817114962,28.10307488850439,200,20,175650,1.3673004981502084,,,
adaptive,1099,0.9536364414817874,0.003366987000486432,0.8,0.8177617278689876,4.441603958428007,29.706314565220904,200,20,175870,4.506606601330153,,,
adaptive,1100,0.9536410199384681,0.0034846698717546642,0.8,0.825610363299623,5.174014161740966,30.438724768533863,200,20,176090,4.189531745765714,,,
adaptive,1101,0.9536138894810048,0.00350239464524027,0.8,0.794443824636253,7.203214501572468,32.467925108365364,200,20,176310,9.413840156979784,,,
adaptive,1102,0.953622868748319,0.0034968132231729676,0.8,0.784656188825144,5.399615849570344,30.66432645636324,200,20,176530,4.10539109564087,,,
adaptive,1103,0.9536153211481015,0.0035402429388053935,0.8,0.8095533336870854,4.726305351551431,29.991015958344327,200,20,176750,3.5007063020376585,,,
adaptive,1104,0.9536467928753212,0.0034972659872697376,0.8,0.8602297828560077,6.304480791179456,31.569191397972354,200,20,176970,9.758741351521348,,,
adaptive,1105,0.9536121702298769,0.0034900775425349417,0.8,0.8267626033829352,3.502494607235953,28.76720521402885,200,20,177190,3.9874317509064356,,,
adaptive,1106,0.9536324068546018,0.003485721524508323,0.8,0.80760577186067,4.192105509741672,29.45681611653457,200,20,177410,4.37983650212834,,,
adaptive,1107,0.9536498396090182,0.00348364262311307,0.8,0.7664919430947567,6.162735899356543,31.427446506149437,200,20,177630,9.224146268440622,,,
adaptive,1108,0.9536634958634749,0.003516992211678005,0.8,0.7862767219203972,9.230946921217372,34.49565752801027,200,20,177850,17.0709663150844,,,
adaptive,1109,0.9536574389085534,0.00354337470420929,0.8,0.8355980127338144,4.445990323550486,29.710700930343382,200,20,178070,4.677647871254228,,,
adaptive,1110,0.9536643964339409,0.0036584564703896483,0.8,0.8325712118157667,4.106779920463912,29.371490527256807,200,20,178290,4.32462550898721,,,
adaptive,1111,0.9536723672415464,0.0037613126694671095,0.8,0.7735375017765435,2.7575614710375382,28.022272077830433,200,20,178510,1.3505538898933904,,,
adaptive,1112,0.9537145670408824,0.003900207281157808,0.8,0.7966578227138389,7.226617939758018,32.49132854655092,200,20,178730,9.930966839512134,,,
adaptive,1113,0.9537304956854232,0.004067474417404182,0.8,0.8230352001979695,3.371375154882752,28.63608576167565,200,20,178950,4.6540471919338975,,,
adaptive,1114,0.9537260992323937,0.00404849084753911,0.8,0.8168376491770544,5.440507335577146,30.70521794237004,200,20,179170,9.732877494688868,,,
adaptive,1115,0.9537676484033425,0.004136863644162436,0.8,0.8321321137323873,6.556709996679922,31.821420603472816,200,20,179390,9.271563044005877,,,
adaptive,1116,0.9537547730520207,0.0040570588692445675,0.8,0.793108371052596,3.6709647987892384,28.935675405582135,200,20,179610,4.089218597876158,,,
adaptive,1117,0.9537536757030948,0.00413003410937407,0.8,0.7956071722617697,4.7886738920916905,30.053384498884586,200,20,179830,4.617211133598781,,,
adaptive,1118,0.95374354179019,0.00406128723570176,0.8,0.7715445084294837,4.222857535324227,29.487568142117123,200,20,180050,4.234612627673513,,,
adaptive,1119,0.9537739095064083,0.004150680419270136,0.8,0.856834054411881,5.019435162761109,30.284145769554005,200,20,180270,4.256916033315961,,,
adaptive,1120,0.9537671794494527,0.004066738988323659,0.8,0.7928968320976049,4.061428240517166,29.326138847310062,200,20,180490,4.063876215373151,,,
adaptive,1121,0.9537609313716787,0.004086385839597972,0.8,0.7853605652093236,4.804931694138995,30.06964230093189,200,20,180710,4.542733171698731,,,
adaptive,1122,0.9537898135495441,0.0040984459066705226,0.8,0.7935397884406413,4.903545935885121,30.168256542678016,200,20,180930,9.280423400779963,,,
adaptive,1123,0.9537561505771235,0.004080673197818907,0.8,0.7958131910615467,4.063804849096188,29.328515455889082,200,20,181150,4.328007296015873,,,
adaptive,1124,0.953725564105586,0.0041708431846221306,0.8,0.7771089633084887,8.759317593647795,34.02402820044069,200,20,181370,16.496873539048885,,,
adaptive,1125,0.9537237568467448,0.004112548422137374,0.8,0.7672301274817677,3.8833558873410956,29.148066494133992,200,20,181590,4.1213198486461025,,,
adaptive,1126,0.9537299472153772,0.004139239779925474,0.8,0.7833544661503282,2.4480071294941506,27.712717736287047,200,20,181810,1.1581407694573123,,,
adaptive,1127,0.9537634053370929,0.003958643392601324,0.8,0.8318837015908764,2.933546181786724,28.19825678857962,200,20,182030,1.2802395501753583,,,
adaptive,1128,0.9537704402046916,0.0038618423132718016,0.8,0.796722305262095,4.715027987990283,29.97973859478318,200,20,182250,3.9016351256484887,,,
adaptive,1129,0.9537374499678042,0.0038403059598089984,0.8,0.8014374798646554,6.543799359549885,31.808509966342783,200,20,182470,9.336591848417076,,,
adaptive,1130,0.9537382633057252,0.0037716007104524607,0.8,0.7770784511169532,4.706482155867797,29.971192762660692,200,20,182690,4.510535485921362,,,
adaptive,1131,0.9537266067956711,0.0037663543238415365,0.8,0.7775319301979179,4.3007662119566525,29.56547681874955,200,20,182910,4.457222490734209,,,
adaptive,1132,0.9537460009611444,0.003722180178614032,0.8,0.7744553943283804,4.243241625054088,29.507952231846986,200,20,183130,4.4940763902750875,,,
adaptive,1133,0.953741271069716,0.003730843344588508,0.8,0.7710456903409332,5.21743279830713,30.482143405100025,200,20,183350,3.9623487674673887,,,
adaptive,1134,0.9537376203347446,0.0038141072007641386,0.8,0.7947270701737973,5.379930583399203,30.644641190192097,200,20,183570,8.81762087178337,,,
adaptive,1135,0.9537289756481958,0.0037780268629897806,0.8,0.8143362467878528,3.229061629961855,28.49377223675475,200,20,183790,4.064536141081491,,,
adaptive,1136,0.9537525764079856,0.0037891520490432873,0.8,0.7913842319448523,4.387487873833507,29.652198480626403,200,20,184010,4.285446737555454,,,
adaptive,1137,0.9537175591250266,0.0037795416078932886,0.8,0.8046899774471644,4.402880229233724,29.66759083602662,200,20,184230,4.361141735890125,,,
adaptive,1138,0.9537161988674203,0.0037126777709776126,0.8,0.8183290646623014,3.2638082151276895,28.528518821920585,200,20,184450,4.407720574538837,,,
adaptive,1139,0.9537058361724909,0.0035980175473241394,0.8,0.8058555118332256,4.356027220473935,29.62073782726683,200,20,184670,4.424672740486328,,,
adaptive,1140,0.9536809163076598,0.0036372193586744483,0.8,0.7751979360978923,4.390835078845164,29.65554568563806,200,20,184890,4.142545275420307,,,
adaptive,1141,0.9536456391126862,0.0036527871863980543,0.8,0.8240727329237042,2.9598633904370746,28.22457399722997,200,20,185110,1.310195831783928,,,
adaptive,1142,0.9536118911880298,0.0036094874595837823,0.8,0.8155027024802763,2.6558272334123614,27.920537840205256,200,20,185330,1.276074688501442,,,
adaptive,1143,0.9536221023795151,0.00366979964539782,0.8,0.812970139289744,3.9605319649852984,29.225242571778196,200,20,185550,4.215489531140169,,,
adaptive,1144,0.953601848080437,0.003570061993772522,0.8,0.7863848650643367,3.4632845605394005,28.727995167332296,200,20,185770,4.017915156471682,,,
adaptive,1145,0.9535723288760924,0.0035297213335733213,0.8,0.7938589600799382,5.173166058863284,30.43787666565618,200,20,185990,9.82658796252891,,,
adaptive,1146,0.95357891055784,0.0035985868612613547,0.8,0.8099401327625596,6.086256323392845,31.35096693018574,200,20,186210,9.199220818799295,,,
adaptive,1147,0.9535669531414717,0.0036150092780173892,0.8,0.7981605474131483,5.5435234891595515,30.808234095952447,200,20,186430,9.873983574503644,,,
adaptive,1148,0.9536001413225222,0.0037485772166814257,0.8,0.79368577392811,4.317076036697185,29.58178664349008,200,20,186650,4.1421187163433535,,,
adaptive,1149,0.9536041816434015,0.003775631272291302,0.8,0.8168653201009313,3.4216491244247353,28.68635973121763,200,20,186870,4.167518073490272,,,
adaptive,1150,0.9536004742916903,0.00356434478530665,0.8,0.7796095625120664,4.769629892374233,30.03434049916713,200,20,187090,4.3489394490583955,,,
adaptive,1151,0.9535952229465924,0.0036799952468088426,0.8,0.7761936712094013,2.8734105849184344,28.13812119171133,200,20,187310,1.4119979970797683,,,
adaptive,1152,0.9535930957739466,0.0038159892521276717,0.8,0.7884348500518898,4.81590087138756,30.080611478180458,200,20,187530,4.54012003039227,,,
adaptive,1153,0.9536118008700448,0.003754075785556865,0.8,0.7875139499924947,5.484324036463025,30.74903464325592,200,20,187750,4.060925929124986,,,
adaptive,1154,0.9536792055314334,0.0036657933425248146,0.8,0.7991812047138219,5.393856744524821,30.658567351317718,200,20,187970,4.826316114126608,,,
adaptive,1155,0.9536957926558944,0.0036742071031363732,0.8,0.7955941102269719,7.334297262705899,32.59900786949879,200,20,188190,9.04905964818453,,,
adaptive,1156,0.9536566697883161,0.0035989464327191856,0.8,0.7678593034647005,5.625067124093599,30.889777730886493,200,20,188410,4.177808934142334,,,
adaptive,1157,0.953687623781596,0.003504438315060643,0.8,0.7809990821498742,4.70133186539773,29.966042472190626,200,20,188630,3.9965051723671676,,,
adaptive,1158,0.953667784327213,0.003512260468533368,0.8,0.8081160298224265,9.163116186692728,34.42782679348562,200,20,188850,16.367140973255477,,,
adaptive,1159,0.9536288655637646,0.003329983314715901,0.8,0.7929323928197749,5.157453808500001,30.422164415292897,200,20,189070,4.596958133912344,,,
adaptive,1160,0.9536123170020309,0.003372924196466842,0.8,0.7603890626809672,3.87633403546769,29.141044642260585,200,20,189290,4.380313660202802,,,
adaptive,1161,0.9536138612396654,0.0033951642802527715,0.8,0.7433833411604917,6.205077835344352,31.469788442137247,200,20,189510,9.206845775651784,,,
adaptive,1162,0.9536013329374939,0.003442777784225304,0.8,0.8231669329850502,2.4265497442893573,27.691260351082253,200,20,189730,1.2380860455242433,,,
adaptive,1163,0.9536422904199102,0.00341630604016685,0.8,0.8117464553502101,3.3800006137929284,28.644711220585826,200,20,189950,4.023720333839526,,,
adaptive,1164,0.9536438925545779,0.0033819479357101168,0.8,0.8134593928985719,5.5246612038566365,30.789371810649534,200,20,190170,9.301389202517315,,,
adaptive,1165,0.9536303394481382,0.003219680808641101,0.8,0.8070991428412073,3.9593702657695182,29.224080872562414,200,20,190390,4.586046110545989,,,
adaptive,1166,0.9536505493827935,0.0031449311952185255,0.8,0.7805134059643377,4.508948856095773,29.77365946288867,200,20,190610,4.16834568935804,,,
adaptive,1167,0.953586957318394,0.00297336240035484,0.8,0.8079721219618297,4.661152825097271,29.925863431890168,200,20,190830,3.792119014739605,,,
adaptive,1168,0.9535720154407766,0.003035640386304106,0.8,0.7734630519617752,6.376433552205554,31.64114415899845,200,20,191050,9.025867929734252,,,
adaptive,1169,0.9535572326279018,0.0030898293945192945,0.8,0.8498050988319785,5.784822503976319,31.049533110769215,200,20,191270,9.320733686455211,,,
adaptive,1170,0.953547361284935,0.0031192539522749696,0.8,0.806956589397208,4.43192793806659,29.696638544859486,200,20,191490,4.503628907992263,,,
adaptive,1171,0.9535945529862402,0.0031674757694781785,0.8,0.8399953579530856,6.643738023825408,31.908448630618302,200,20,191710,9.866007928948253,,,
adaptive,1172,0.9536006514705213,0.00309054437662748,0.8,0.7851472448333442,3.2486513771962695,28.513361983989164,200,20,191930,1.1582014479804033,,,
adaptive,1173,0.9536181102726234,0.003050914590108089,0.8,0.7789330266564454,3.9386631954280142,29.20337380222091,200,20,192150,4.080111334329447,,,
adaptive,1174,0.9535744835554021,0.00302369573628547,0.8,0.7823159326839763,5.673149553201484,30.93786015999438,200,20,192370,4.892667727413237,,,
adaptive,1175,0.95357053701032,0.0028837069026240725,0.8,0.809326415274666,2.2363596695293873,27.501070276322285,200,20,192590,1.1772147451278485,,,
adaptive,1176,0.9535577780172791,0.002949886254703271,0.8,0.8019253961724965,4.693541120631743,29.95825172742464,200,20,192810,4.0133276149935115,,,
adaptive,1177,0.9535651531004169,0.0029487322564993868,0.8,0.8055924295685764,6.710603385278056,31.97531399207095,200,20,193030,9.288196087570865,,,
adaptive,1178,0.9535679302510086,0.0028874431119516597,0.8,0.7918018101397678,2.630588630068137,27.89529923686103,200,20,193250,1.2901788122859745,,,
adaptive,1179,0.9536186000938003,0.0031407283575027867,0.8,0.9981323405791388,5.777874436747643,31.04258504354054,5,20,193275,3.9960703275103295,,,
adaptive,1180,0.953670294125242,0.0030991771065076446,0.8,0.9199595742824271,4.607208885778305,29.8719194925712,5,20,193300,4.3448714764506855,,,
adaptive,1181,0.9537281271898554,0.0033209211819179574,0.8,0.9310179864137399,2.1991416512564133,27.463852258049307,5,20,193325,1.7706452421017174,,,
adaptive,1182,0.9536525245733333,0.0031896584535385797,0.8,0.20453163850013023,4.605377449240416,29.87008805603331,5,20,193350,4.824086150455774,,,
adaptive,1183,0.9535214141319512,0.0028684803900072,0.8,0.36822754814329445,5.4679713025182775,30.732681909311175,5,20,193375,11.507609034012352,,,
adaptive,1184,0.953413689368615,0.0027688554751333916,0.8,0.6421734512423105,2.3831024873399764,27.64781309413287,5,20,193400,1.5620953251541285,,,
adaptive,1185,0.9534887480138456,0.0027071001771252767,0.8,0.91626558425901,5.214594092337332,30.47930469913023,5,20,193425,3.721690461506923,,,
adaptive,1186,0.9535167602457193,0.0028017927332469883,0.8,0.8123664429951781,4.059525821951913,29.324236428744808,5,20,193450,4.310904677026544,,,
adaptive,1187,0.9534952851261063,0.00274881893069423,0.8,0.7563046677769921,5.216388941976869,30.481099548769766,5,20,193475,9.246654681472178,,,
adaptive,1188,0.953460483832967,0.002792284165668124,0.8,0.8127802485863358,3.944772645196699,29.209483251989596,5,20,193500,4.532244388417483,,,
adaptive,1189,0.953452316704822,0.0028893778499347045,0.8,0.9041606348710624,4.474974001605007,29.7396846083979,5,20,193525,5.046741598759237,,,
adaptive,1190,0.9534027580558008,0.002949767581412188,0.8,0.7061889642854478,4.760511531836603,30.0252221386295,5,20,193550,4.677222567859722,,,
adaptive,1191,0.9533984876261034,0.002891151240332346,0.8,0.7950050921460913,6.659117223812643,31.92382783060554,5,20,193575,9.555823917077433,,,
adaptive,1192,0.9535126516768634,0.0030634827827155098,0.8,1.27754012069737,2.701074843364869,27.965785450157764,5,20,193600,3.062836547768609,,,
adaptive,1193,0.9535100189352105,0.00313716943821718,0.8,0.7879587626278777,6.236869635031795,31.50158024182469,5,20,193625,9.650080762550354,,,
adaptive,1194,0.9535374850112325,0.0030895184926310604,0.8,0.7956030376567454,2.7023890690800445,27.96709967587294,5,20,193650,1.2770276737252086,,,
adaptive,1195,0.9535305788005384,0.0030640883867196766,0.8,0.7944765670958066,4.7445525406549,30.009263147447797,5,20,193675,4.588595913858042,,,
adaptive,1196,0.9535851439680022,0.0030945376010645953,0.8,1.0048102186253254,2.6334502837239406,27.898160890516838,5,20,193700,1.3501558855144435,,,
adaptive,1197,0.9536398750219818,0.0032695228260805065,0.8,0.8971736907574525,3.8871190057770977,29.151829612569994,5,20,193725,3.8485144909831663,,,
adaptive,1198,0.9536272854723477,0.003244121249418863,0.8,0.801934012520418,4.2710079316327905,29.535718538425687,5,20,193750,4.624262297553052,,,
adaptive,1199,0.9536058072876387,0.0031579369336077745,0.8,0.8569582028266252,2.363866357911271,27.628576964704166,5,20,193775,1.4424388410561877,,,
adaptive,1200,0.9535751317998599,0.0034207730810656978,0.8,0.8348103219309917,4.338706258593952,29.603416865386848,5,20,193800,4.154307415454393,,,
adaptive,1201,0.9535813987183238,0.0033639077391689476,0.8,0.7452153950061959,3.4461895086585277,28.710900115451423,5,20,193825,4.440837959798513,,,
adaptive,1202,0.9535575308499035,0.0034555756076805055,0.8,0.7744599113387576,2.3035747684658805,27.568285375258775,5,20,193850,1.3082266690336393,,,
adaptive,1203,0.95358645383774,0.0035605174077977253,0.8,0.8139175202295461,2.1361674579778818,27.40087806477078,5,20,193875,1.1640241896887682,,,
adaptive,1204,0.9536064447253882,0.0035813040481125213,0.8,0.7949627083565964,4.303374059130098,29.568084665922996,5,20,193900,4.359122733755024,,,
adaptive,1205,0.9535726036278666,0.003625075408285938,0.8,0.9331009501425277,4.422698459293356,29.687409066086254,5,20,193925,3.8188250800390753,,,
adaptive,1206,0.9535428439636681,0.00383187273315877,0.8,0.8146706499078693,6.068026868225227,31.332737475018124,5,20,193950,9.863348285764737,,,
adaptive,1207,0.9535723193916181,0.003985592006905514,0.8,1.0448851053734272,3.771584335144019,29.036294941936916,5,20,193975,3.90989307857251,,,
adaptive,1208,0.9535882884843794,0.003819469194381586,0.8,0.754927480034745,4.70387164713663,29.968582253929526,5,20,194000,4.578203069003034,,,
adaptive,1209,0.9535439527143857,0.0035302732584023833,0.8,0.5345032350028378,3.468355448849982,28.73306605564288,5,20,194025,4.476893061194782,,,
adaptive,1210,0.9535875508775676,0.003642623760966024,0.8,1.1033672327414241,4.031530981056614,29.296241587849508,5,20,194050,9.791730445661996,,,
adaptive,1211,0.9536000294668225,0.0037512687871158468,0.8,0.80423241785942,4.596527159352491,29.861237766145386,5,20,194075,4.291810079225005,,,
adaptive,1212,0.9535836112845868,0.0038812861232081497,0.8,0.7959308376357951,8.198664284181033,33.46337489097393,5,20,194100,15.842830309115943,,,
adaptive,1213,0.953628298635518,0.0038949325685067038,0.8,0.8792713785177806,6.12062069365622,31.385331300449117,5,20,194125,9.662237132783519,,,
adaptive,1214,0.953633310217361,0.003759281317493035,0.8,0.8105713687377335,5.239093566985785,30.503804173778683,5,20,194150,4.232016334793238,,,
adaptive,1215,0.9536594927778778,0.0037705456418275496,0.8,0.8886708564265008,6.875668251039693,32.14037885783259,5,20,194175,9.789668978737202,,,
adaptive,1216,0.9537066496942769,0.003850078759615072,0.8,0.9260703393149842,2.3933513548462333,27.658061961639127,5,20,194200,1.4642905972815434,,,
adaptive,1217,0.9536640691750649,0.0037927300625213434,0.8,0.6798845887864063,6.830693646010669,32.09540425280356,5,20,194225,10.60325802831957,,,
adaptive,1218,0.9536570722731491,0.0038401622909985944,0.8,0.7697479638865528,3.8667695700778917,29.131480176870788,5,20,194250,4.6419412301266885,,,
adaptive,1219,0.9536902648282453,0.0038792839000162394,0.8,1.01572430897345,4.89063813055795,30.155348737350845,5,20,194275,3.4701855123823644,,,
adaptive,1220,0.953686588429133,0.0038763777604005067,0.8,0.8760130103730605,5.441936044872796,30.706646651665693,5,20,194300,4.501066362467709,,,
adaptive,1221,0.9536607991073305,0.0037826451813329776,0.8,0.7341906330421306,3.6216604987361927,28.88637110552909,5,20,194325,4.554963433174908,,,
adaptive,1222,0.9536780630372114,0.003862249346749169,0.8,0.8129865306664278,2.7481618344210768,28.012872441213972,5,20,194350,1.3657165974752785,,,
adaptive,1223,0.9536521031931291,0.003862741083494825,0.8,0.6733581066582243,4.748888292755425,30.01359889954832,5,20,194375,4.5967846838201245,,,
adaptive,1224,0.9535380993954334,0.0035773025382368484,0.8,0.14869827199673738,4.260796861518007,29.525507468310902,5,20,194400,5.747781240137904,,,
adaptive,1225,0.9535439018241758,0.003570972662621963,0.8,0.9689160079491379,4.647792088869717,29.912502695662614,5,20,194425,6.639795158914617,,,
adaptive,1226,0.9535452008967613,0.0036790093682206315,0.8,0.7980360012843407,4.442284045960173,29.706994652753067,5,20,194450,4.324342948609003,,,
adaptive,1227,0.9535778470706601,0.0035630138105727793,0.8,0.7519162156380302,9.395837168113879,34.660547774906775,200,20,194670,17.340909508999882,,,
adaptive,1228,0.9535284790466737,0.0035779131462323477,0.8,0.799532863784632,3.7003412165741514,28.965051823367048,200,20,194890,4.550482453533517,,,
adaptive,1229,0.9535246660923092,0.0035834829581862238,0.8,0.8023620317140574,2.773103214471998,28.037813821264894,200,20,195110,1.3808693360726119,,,
adaptive,1230,0.9535341366990224,0.0035760815082920283,0.8,0.8611710999718499,4.227663339159484,29.49237394595238,200,20,195330,4.5386991999510435,,,
adaptive,1231,0.9535377905124843,0.003564357297492382,0.8,0.7780296530795088,3.555081165197006,28.8197917719899,200,20,195550,4.482259953537861,,,
adaptive,1232,0.9535223637763026,0.0035620665718744116,0.8,0.7807554732922246,2.67231325046929,27.937023857262187,200,20,195770,1.3386926936522308,,,
adaptive,1233,0.9535265496218026,0.003420405236179813,0.8,0.8125592507107903,4.169851739098864,29.43456234589176,200,20,195990,4.088027538591117,,,
adaptive,1234,0.9535453866048815,0.0032595379896331877,0.8,0.7717463785992121,8.272406898277964,33.53711750507086,200,20,196210,16.42543673975591,,,
adaptive,1235,0.9535689475649037,0.00317821175345101,0.8,0.804769079435194,5.144797504686672,30.409508111479568,200,20,196430,4.783028678459586,,,
adaptive,1236,0.9535435716391782,0.003297163325775343,0.8,0.8133185836819836,3.643392606423138,28.908103213216034,200,20,196650,3.9607280043123687,,,
adaptive,1237,0.9534944079097113,0.003321911894404894,0.8,0.8000592413540005,4.648442167698473,29.91315277449137,200,20,196870,3.737928174166698,,,
adaptive,1238,0.953488277457642,0.003472577772160257,0.8,0.8369128842453992,5.248843234468507,30.513553841261402,200,20,197090,9.064794567971193,,,
adaptive,1239,0.9534884466898237,0.003468596593774298,0.8,0.8071280596049873,5.498277701199228,30.762988307992124,200,20,197310,9.631772501461256,,,
adaptive,1240,0.9534600468468326,0.003670102420090249,0.8,0.8347704226395325,6.27461689089345,31.539327497686344,200,20,197530,9.399767914959572,,,
adaptive,1241,0.9534702346684788,0.0036120630353267957,0.8,0.791245805018624,3.3281191860383084,28.592829792831203,200,20,197750,4.6547429276185746,,,
adaptive,1242,0.9534589641435383,0.003790888674861548,0.8,0.819570066873894,2.9540458068585096,28.218756413651406,200,20,197970,1.2914729687281608,,,
adaptive,1243,0.9534942994486822,0.0037315398956391244,0.8,0.8375562694598596,4.264099766487255,29.52881037328015,200,20,198190,4.054137150654433,,,
adaptive,1244,0.9535406015344072,0.0037547657602493567,0.8,0.8137453774764273,4.573245694216465,29.83795630100936,200,20,198410,4.636650318942479,,,
adaptive,1245,0.9535171350296312,0.0036261315399188643,0.8,0.7531746268953503,4.735793144232826,30.00050375102572,200,20,198630,4.215587373073879,,,
adaptive,1246,0.9535405202301037,0.003537875275027358,0.8,0.8141576304774781,5.325127050629196,30.58983765742209,200,20,198850,4.969212330952503,,,
adaptive,1247,0.9535461550348503,0.0035674250698328747,0.8,0.7647412972734019,3.714506649781044,28.97921725657394,200,20,199070,4.173254016300355,,,
adaptive,1248,0.953525107568579,0.003512197173243359,0.8,0.7697415242695461,4.789215852833322,30.05392645962622,200,20,199290,4.2287251212910935,,,
adaptive,1249,0.9535200567577411,0.0035096527588530657,0.8,0.8283053079600329,4.653961742194065,29.91867234898696,200,20,199510,4.289869338413967,,,
adaptive,1250,0.9534870565121162,0.003256820878168476,0.8,0.794106384063593,3.388686693231306,28.653397300024203,200,20,199730,4.204401659517151,,,
adaptive,1251,0.9534482822295688,0.0034021949372077254,0.8,0.8118975450663024,6.260794430554659,31.525505037347557,200,20,199950,9.244141003837177,,,
adaptive,1252,0.9534555948259298,0.003249472515951868,0.8,0.79632845643102,4.4045607509168985,29.669271357709796,200,20,200170,4.439608837415813,,,
adaptive,1253,0.9534961406854271,0.003314026503180356,0.8,0.7853983921433163,5.078527223061766,30.34323782985466,200,20,200390,4.495534721770863,,,
adaptive,1254,0.9534895992781333,0.003457153795508594,0.8,0.7809806298464763,9.004081258964684,34.26879186575758,200,20,200610,17.094233048468134,,,
adaptive,1255,0.953451434719342,0.0033343289507478113,0.8,0.7768410627643005,6.229080858317508,31.493791465110405,200,20,200830,9.398098536240774,,,
adaptive,1256,0.9534186389647523,0.0031683757448507377,0.8,0.786221606129184,3.579634389466844,28.84434499625974,200,20,201050,4.864038315284288,,,
adaptive,1257,0.9534387832608575,0.003234961672239245,0.8,0.8181363757191119,6.589011488616817,31.853722095409715,200,20,201270,9.443482593986605,,,
adaptive,1258,0.9534694577601485,0.003085971059675563,0.8,0.7914178996972101,4.152859693945077,29.41757030073797,200,20,201490,4.197809422366341,,,
adaptive,1259,0.9534452925830357,0.003061141341809903,0.8,0.7865586020112308,3.234126754053239,28.498837360846135,200,20,201710,4.142316943685519,,,
adaptive,1260,0.9534489556159934,0.003185857599793507,0.8,0.8356913792743961,4.417034836527337,29.68174544332023,200,20,201930,4.382806984297147,,,
adaptive,1261,0.9534326195396788,0.003226397377590784,0.8,0.8566829712823193,5.361127912411621,30.625838519204517,200,20,202150,9.089921371364385,,,
adaptive,1262,0.9534567414562749,0.003157619634930553,0.8,0.8224264494996882,5.074503375280296,30.33921398207319,200,20,202370,4.602546062612808,,,
adaptive,1263,0.9534321190467241,0.0031027465807748067,0.8,0.7748927484541536,4.574430300958987,29.839140907751883,200,20,202590,4.230232671246365,,,
adaptive,1264,0.9534498972825856,0.0030325840176727015,0.8,0.7813275504090295,7.27096151598886,32.535672122781754,200,20,202810,9.825809289815483,,,
adaptive,1265,0.953475468689041,0.003017018393944193,0.8,0.8117040316913524,4.361738350625207,29.626448957418102,200,20,203030,4.376208623330496,,,
adaptive,1266,0.9534560212832985,0.003046795857706952,0.8,0.8195800030467483,3.5952380671807695,28.859948673973665,200,20,203250,4.11882418630397,,,
adaptive,1267,0.9534856077217749,0.003184312160007141,0.8,0.8435755654847824,2.326049896289195,27.59076050308209,200,20,203470,1.2723278081239249,,,
adaptive,1268,0.9535089058044364,0.0032118321463101562,0.8,0.799168259234514,2.2533706116327705,27.518081218425667,200,20,203690,1.327053766260942,,,
adaptive,1269,0.9535371868124034,0.003259716705828919,0.8,0.8028844459264971,3.3698731940278623,28.634583800820756,200,20,203910,4.249196394504844,,,
adaptive,1270,0.9535258002381868,0.0031445793346464024,0.8,0.8116411948209652,4.77996039600697,30.044671002799866,200,20,204130,4.720877077924258,,,
adaptive,1271,0.9535586871301176,0.0032004431806890166,0.8,0.802321503148121,4.573372023570608,29.838082630363502,200,20,204350,4.122319987035036,,,
adaptive,1272,0.9535467973241056,0.003068555239172044,0.8,0.7852487773204442,2.6521137624238778,27.916824369216773,200,20,204570,1.350774293968246,,,
adaptive,1273,0.953589961365077,0.0031099317579698083,0.8,0.8419873224594544,4.258028511400409,29.522739118193304,200,20,204790,4.210812402038476,,,
adaptive,1274,0.9535641472431153,0.0030733157462462524,0.8,0.8288555338405283,3.5555972167624423,28.82030782355534,200,20,205010,4.162534998609483,,,
adaptive,1275,0.9535418451480454,0.002987834349181817,0.8,0.8197520379716173,3.7837716644858133,29.048482271278708,200,20,205230,4.495695014600772,,,
adaptive,1276,0.9535767235525154,0.0031785451924958297,0.8,0.816775085382553,3.8129180232260853,29.07762863001898,200,20,205450,4.1079472536098995,,,
adaptive,1277,0.9535976836569248,0.0031702514688926042,0.8,0.7684845771671095,4.903919852272148,30.168630459065042,200,20,205670,3.965454445777267,,,
adaptive,1278,0.9535855721069664,0.0031985946500620033,0.8,0.79837434927642,3.7780344075564782,29.042745014349375,200,20,205890,4.039407007126429,,,
adaptive,1279,0.9535959148751265,0.00342853821025102,0.8,0.7751399116010266,8.603850896649043,33.86856150344194,200,20,206110,17.06957705130081,,,
adaptive,1280,0.9535909891558914,0.003657837721664059,0.8,0.8025997692790102,9.125935371945259,34.390645978738156,200,20,206330,16.371984751254228,,,
adaptive,1281,0.9535986437444721,0.0038087114445357617,0.8,0.7825405318951993,6.350027652989983,31.61473825978288,200,20,206550,9.546646794434473,,,
adaptive,1282,0.9536210335357183,0.0038911036378755925,0.8,0.8380246717477231,8.950456105011149,34.215166711804045,200,20,206770,15.803936443524577,,,
adaptive,1283,0.9536382250615096,0.003864767992087681,0.8,0.79438863397084,2.679336779924906,27.944047386717802,200,20,206990,1.3602501115829553,,,
adaptive,1284,0.9536549117405074,0.0037398872070641964,0.8,0.7522240089566323,5.2264684017448735,30.49117900853777,200,20,207210,9.561369798734969,,,
adaptive,1285,0.9536743486299419,0.0038334342201679084,0.8,0.7724867008362745,3.145521256306528,28.410231863099423,200,20,207430,1.3775690085771353,,,
adaptive,1286,0.9536810201431652,0.003887220090504351,0.8,0.8375876176762755,4.361543985465703,29.626254592258597,200,20,207650,4.335537533328237,,,
adaptive,1287,0.9536594294231042,0.0036171296504319272,0.8,0.8050961211021993,2.4460062692338758,27.710716876026773,200,20,207870,1.2693707804728835,,,
adaptive,1288,0.9536541885236015,0.0036014763289162754,0.8,0.7941056869225556,3.1573132674827202,28.422023874275617,200,20,208090,1.1802159342809928,,,
adaptive,1289,0.9536540729520874,0.003502384183065921,0.8,0.7939130955729465,4.413674317978869,29.678384924771766,200,20,208310,3.9699280022802927,,,
adaptive,1290,0.9536285240823932,0.003478337182677871,0.8,0.8378562591125936,2.116426989954826,27.38113759674772,200,20,208530,1.2021049033315316,,,
adaptive,1291,0.9536573569722864,0.0034124172908309713,0.8,0.7573143497580901,3.8631080792163206,29.127818686009217,200,20,208750,4.472031991187588,,,
adaptive,1292,0.9536539985876464,0.003542828856572089,0.8,0.8357314970483761,6.860688530721626,32.12539913751452,200,20,208970,9.028750743498746,,,
adaptive,1293,0.9536248583224001,0.0034880250128181967,0.8,0.7873889128900139,6.793764451014249,32.058475057807144,200,20,209190,9.37839559239845,,,
adaptive,1294,0.9536558746699414,0.003524286428729928,0.8,0.8047832834442312,3.7014342654877184,28.966144872280616,200,20,209410,4.204948160041398,,,
adaptive,1295,0.9536524678357946,0.0035028542533294127,0.8,0.8281933770158971,3.869639369352558,29.134349976145455,200,20,209630,3.9268630091089824,,,
adaptive,1296,0.9536654878492767,0.003513578619532276,0.8,0.8151194606639568,4.608335357942304,29.873045964735198,200,20,209850,4.029577015155508,,,
adaptive,1297,0.9536781712904572,0.003508520275375071,0.8,0.8029817922985901,5.79154715878348,31.056257765576376,200,20,210070,4.282412813130543,,,
adaptive,1298,0.9537004668249104,0.0035839162819650827,0.8,0.7960268918950173,5.947801618587374,31.21251222538027,200,20,210290,9.278951177203307,,,
adaptive,1299,0.9536994898397071,0.0033928477392650702,0.8,0.7822993828709406,4.874808609528027,30.139519216320924,200,20,210510,4.041588025324894,,,
adaptive,1300,0.9537352406649119,0.0032765000149540535,0.8,0.8141948976390241,4.4032916708576275,29.668002277650523,200,20,210730,4.367620121188295,,,
adaptive,1301,0.953775953196896,0.003159993600800992,0.8,0.7978486949184052,3.4440581772102767,28.708768784003173,200,20,210950,4.162333141643969,,,
adaptive,1302,0.9538048325075762,0.0031505534025680904,0.8,0.8662007182501712,5.104340304058512,30.369050910851406,200,20,211170,4.187184345589895,,,
adaptive,1303,0.9537736268345972,0.003116129636038689,0.8,0.8305441957763637,3.689289635587777,28.954000242380673,200,20,211390,4.539340757849049,,,
adaptive,1304,0.9537327234326229,0.0029819210030600507,0.8,0.7647938371330478,4.669792992577066,29.93450359936996,200,20,211610,4.3741181179246995,,,
adaptive,1305,0.9537293064237015,0.0028804266594030237,0.8,0.8005513225388434,6.124994052079541,31.389704658872436,200,20,211830,9.34299966287556,,,
adaptive,1306,0.9537783016126,0.0028153805034244472,0.8,0.7834239631311974,4.587439164300236,29.85214977109313,200,20,212050,4.600418775865152,,,
adaptive,1307,0.9538026203841043,0.0029582980223996636,0.8,0.7809232639899086,3.600216425194372,28.864927031987268,200,20,212270,4.345250776366504,,,
adaptive,1308,0.9537608107797496,0.003037856240145076,0.8,0.7991114451369177,4.998177516969682,30.26288812376258,200,20,212490,4.175981782299103,,,
adaptive,1309,0.9537077237196141,0.0030431282069254273,0.8,0.7538234267625024,6.506957147726485,31.77166775451938,200,20,212710,9.82884085261297,,,
adaptive,1310,0.9537360457281837,0.0031406135045937145,0.8,0.799184576255667,5.412083734946517,30.676794341739413,200,20,212930,4.695721080553861,,,
adaptive,1311,0.9537373341326613,0.0031695480171081147,0.8,0.8310806131230113,5.077873696189808,30.342584302982704,200,20,213150,9.688924615279383,,,
adaptive,1312,0.9536990647159852,0.0030595287238218694,0.8,0.8332301357340355,4.202560734926113,29.46727134171901,200,20,213370,4.419802439557622,,,
adaptive,1313,0.9537143476739437,0.003023257004450719,0.8,0.7891630667395685,4.865238656991057,30.129949263783953,200,20,213590,4.243131828591382,,,
adaptive,1314,0.9537148410077949,0.0031264039455094483,0.8,0.8262508307334357,3.4773134715213607,28.742024078314255,200,20,213810,4.412661693217898,,,
adaptive,1315,0.9536849926515938,0.003043643682037689,0.8,0.8197358452966154,7.127201681641087,32.391912288433986,200,20,214030,10.148710300281184,,,
adaptive,1316,0.9537010741140405,0.0029903100766359714,0.8,0.795499012034425,4.659067156168528,29.923777762961425,200,20,214250,4.622373907298458,,,
adaptive,1317,0.9536705660327687,0.0030750170874118687,0.8,0.8555613116557654,2.4768734171009728,27.741584023893868,200,20,214470,1.1382889540401155,,,
adaptive,1318,0.9537041447869523,0.0031500190480001633,0.8,0.8159767425247416,3.7181602345672626,28.98287084136016,200,20,214690,4.256358004426107,,,
adaptive,1319,0.9536719082878267,0.003133069579301706,0.8,0.7945792617637557,4.042289634090375,29.30700024088327,200,20,214910,4.262903732863858,,,
adaptive,1320,0.9536548409447713,0.0033106448375684883,0.8,0.8386099675466612,4.770592138300164,30.03530274509306,200,20,215130,4.5572151364966,,,
adaptive,1321,0.953695718054902,0.0033092268029992766,0.8,0.8552362615599989,3.840307620836795,29.105018227629692,200,20,215350,4.23572105304386,,,
adaptive,1322,0.9537204411258565,0.003320371433352287,0.8,0.8130410250693951,5.6268427988233025,30.8915534056162,200,20,215570,9.512394359758966,,,
adaptive,1323,0.9537415149855492,0.003211156323308706,0.8,0.7889441195229048,3.6054251317173667,28.870135738510264,200,20,215790,4.404778629870129,,,
adaptive,1324,0.9537447512774111,0.003198383741913724,0.8,0.7918778162667938,4.0513265466759805,29.316037153468876,200,20,216010,3.8048579726353857,,,
adaptive,1325,0.9537270401339892,0.0034542236349132116,0.8,0.8217772964773237,3.45282946769087,28.717540074483765,200,20,216230,4.415610871844173,,,
adaptive,1326,0.953744439611623,0.0034034357320986697,0.8,0.8408001476678325,3.449801917893188,28.714512524686086,200,20,216450,3.6396698600280897,,,
adaptive,1327,0.9537337601508816,0.003313329094594697,0.8,0.8075618709028899,3.736917390101373,29.001627996894268,200,20,216670,4.3892428641926,,,
adaptive,1328,0.9537665186562936,0.0033183225256865345,0.8,0.7731955639243638,3.4480284050754633,28.712739011868358,200,20,216890,4.720091028320573,,,
adaptive,1329,0.9537623768277813,0.0033008612269971316,0.8,0.8124824157278221,4.761445368100302,30.0261559748932,200,20,217110,4.075316309457038,,,
adaptive,1330,0.9537629933384463,0.003278748235847062,0.8,0.788662339461519,5.758825614894341,31.023536221687237,200,20,217330,3.991717497956558,,,
adaptive,1331,0.9538129697743558,0.0031866951865969773,0.8,0.7855752615392828,5.549779812743285,30.81449041953618,200,20,217550,9.617833297268684,,,
adaptive,1332,0.9537588349258102,0.0032035778768296774,0.8,0.7920429151776505,6.66453169529235,31.929242302085246,200,20,217770,9.291874782423667,,,
adaptive,1333,0.953744788565976,0.0031013727117528145,0.8,0.7969137576242205,4.337870105984617,29.602580712777513,200,20,217990,4.394148955965735,,,
adaptive,1334,0.9537684603085246,0.0032004985684674914,0.8,0.7729467825838132,4.747101579818507,30.0118121866114,200,20,218210,4.986831248152853,,,
adaptive,1335,0.953764055687303,0.0031909199285229395,0.8,0.8238423686520504,2.341713959312269,27.606424566105165,200,20,218430,1.3458392030452435,,,
adaptive,1336,0.9537739247473676,0.0033128078181768883,0.8,0.8153251846629553,2.836544619102254,28.10125522589515,200,20,218650,1.258334838991131,,,
adaptive,1337,0.9537383987357737,0.0031960764221560245,0.8,0.8096688196554251,7.028915428307986,32.293626035100885,200,20,218870,10.210538354975151,,,
adaptive,1338,0.9537153555968196,0.0032101125482828508,0.8,0.7812610817528965,3.693634558467889,28.958345165260784,200,20,219090,4.273093792701279,,,
adaptive,1339,0.9537604715666311,0.003077761532318868,0.8,0.7790522577834831,4.862713479663212,30.12742408645611,200,20,219310,4.256192267987257,,,
adaptive,1340,0.9537579544815427,0.003055332190533333,0.8,0.8094089342940247,7.210424827150109,32.475135433943,200,20,219530,9.09870313040293,,,
adaptive,1341,0.9537635753966809,0.00304550958212757,0.8,0.8074967971796031,4.860523902146268,30.125234508939165,200,20,219750,9.289880222314697,,,
adaptive,1342,0.9538037951781638,0.0031220512702136993,0.8,0.813562931234557,3.8988848281541357,29.16359543494703,200,20,219970,4.721411243084019,,,
adaptive,1343,0.9538131370468471,0.0032010485889039098,0.8,0.8355986365747282,2.319549824962873,27.58426043175577,200,20,220190,1.2538257691744545,,,
adaptive,1344,0.9538486176382335,0.003088185099543339,0.8,0.7966074429661959,5.150711686404921,30.415422293197818,200,20,220410,9.449116988238234,,,
adaptive,1345,0.9538641941781704,0.0030928729049544135,0.8,0.7845846344823955,5.498864798276903,30.7635754050698,200,20,220630,4.34771200159797,,,
adaptive,1346,0.9538640901829166,0.003137132641468754,0.8,0.7724422325244709,3.8847468994472574,29.149457506240154,200,20,220850,4.698683400135073,,,
adaptive,1347,0.9538725123806868,0.0029957892241782025,0.8,0.8023187448159872,4.602250147028316,29.86696075382121,5,20,220875,4.554061980236171,,,
adaptive,1348,0.9538878843313721,0.002866993502503745,0.8,0.8181470273664321,4.6707936060021575,29.935504212795053,5,20,220900,4.233948226032863,,,
adaptive,1349,0.9538739734533301,0.0029714123258544056,0.8,0.8018211703131088,4.8806122333952775,30.14532284018817,5,20,220925,4.651937457310892,,,
adaptive,1350,0.9538577136938876,0.002959926762229892,0.8,0.783773158393296,4.169022910475676,29.43373351726857,5,20,220950,4.305864193871303,,,
adaptive,1351,0.9538634871874331,0.0030187139971518118,0.8,0.9096044826765393,4.172324896826007,29.4370355036189,5,20,220975,4.464247519353457,,,
adaptive,1352,0.9539019413713103,0.003162636088512527,0.8,0.938944024971045,6.7653700551809814,32.03008066197388,5,20,221000,8.665683633115027,,,
adaptive,1353,0.9539721008297143,0.003321806621472745,0.8,1.0748724920958765,3.685216908569255,28.949927515362152,5,20,221025,5.740447935823975,,,
adaptive,1354,0.9540022307069982,0.003304708423665592,0.8,0.9318392176844591,5.051106332517132,30.31581693931003,5,20,221050,6.551368505778271,,,
adaptive,1355,0.9540082724946392,0.0036875308075606794,0.8,0.9506414689313695,3.929498323391593,29.194208930184487,5,20,221075,4.164060534596651,,,
adaptive,1356,0.9539772339660916,0.004091243024751057,0.8,0.8439592323254465,6.165045550422824,31.42975615721572,5,20,221100,9.680229409749975,,,
adaptive,1357,0.9539849653863415,0.005046939884589374,0.8,0.9879663757781668,5.077581859863347,30.342292466656243,5,20,221125,3.679065894254855,,,
adaptive,1358,0.9539772957770934,0.006712879294291874,0.8,1.0759843083848817,3.7746170039058864,29.039327610698784,5,20,221150,3.879094969512185,,,
adaptive,1359,0.9539315297743426,0.004609646512424792,0.8,0.4516054888491197,4.250277524561595,29.514988131354492,5,20,221175,5.742691432105236,,,
adaptive,1360,0.9539230555401199,0.004965258319664434,0.8,0.846884448760317,6.688752500678166,31.953463107471062,5,20,221200,9.987478764131561,,,
adaptive,1361,0.9539325889287447,0.005102186087955984,0.8,0.807361139701672,7.242765272868424,32.50747587966132,5,20,221225,9.39106295096923,,,
adaptive,1362,0.9539093949345667,0.005891463363398408,0.8,0.9468303882046218,3.658439465874214,28.92315007266711,5,20,221250,4.2785577178161205,,,
adaptive,1363,0.9539042538779213,0.006424899609247636,0.8,0.8738329493730796,4.65916640203798,29.923877008830875,5,20,221275,3.950481118335317,,,
adaptive,1364,0.953895673089442,0.006108163311525749,0.8,0.7471685453208223,2.2577210428570424,27.52243164964994,5,20,221300,1.3191643770178845,,,
adaptive,1365,0.9539161016548339,0.006185473747807757,0.8,0.7828152470867047,3.1028728948391473,28.367583501632044,5,20,221325,1.238357696590423,,,
adaptive,1366,0.9539115361387941,0.006017247338896636,0.8,0.7899326775971257,2.1813349031837994,27.446045509976695,5,20,221350,1.1398063559135727,,,
adaptive,1367,0.9538533487074815,0.0032345136907117045,0.8,0.24673435835099125,5.0563595895147335,30.32107019630763,5,20,221375,8.19217764125386,,,
adaptive,1368,0.9538201329995417,0.003065073091862658,0.8,0.598828232483225,3.3046662996966223,28.569376906489516,5,20,221400,2.740909437548755,,,
adaptive,1369,0.9538413551916927,0.00297122416432527,0.8,0.931124672839567,2.7033071820849948,27.96801778887789,5,20,221425,1.7898441546000279,,,
adaptive,1370,0.9538528760177628,0.0031510973463577674,0.8,0.9466595957396216,6.683239289331994,31.94794989612489,5,20,221450,9.009652989189359,,,
adaptive,1371,0.9538228412467612,0.002849814606291412,0.8,0.4271573800700544,3.4010660232828145,28.66577663007571,5,20,221475,5.063843592469554,,,
adaptive,1372,0.9538419425365797,0.0030558266727945815,0.8,0.9511582455268006,2.283058596711218,27.547769203504114,5,20,221500,1.2813469889409586,,,
adaptive,1373,0.9538376664716696,0.003088387229935874,0.8,0.7352402856276985,7.037995572584049,32.30270617937695,5,20,221525,9.241224040054176,,,
adaptive,1374,0.9538506191688696,0.0030876217491193625,0.8,0.9867909942162494,4.804492013900192,30.069202620693087,5,20,221550,7.451575210663705,,,
adaptive,1375,0.9538749228937721,0.003266159335981733,0.8,0.8710634151090346,3.26959995488113,28.534310561674026,5,20,221575,1.1764129194999742,,,
adaptive,1376,0.9538804221478546,0.003391043381581138,0.8,0.8982933460026464,3.9785409621868486,29.243251568979744,5,20,221600,4.4942871351797455,,,
adaptive,1377,0.9538533128731732,0.0038172408155828785,0.8,0.8973829344338341,7.1360602344636,32.400770841256495,5,20,221625,9.408397856490746,,,
adaptive,1378,0.9538728328622216,0.003830398580621175,0.8,0.8094478845294896,3.3497028550320054,28.614413461824903,5,20,221650,4.27694133420763,,,
adaptive,1379,0.9538493820419011,0.0033726963980054148,0.8,0.7377758845754742,3.844064667937176,29.10877527473007,5,20,221675,4.267941841979639,,,
adaptive,1380,0.95388624248582,0.003439286003356634,0.8,0.8099381119334792,3.946887687350576,29.21159829414347,5,20,221700,4.175872197477394,,,
adaptive,1381,0.9539170095139238,0.0034632365389148934,0.8,0.7783285062367205,2.385669020324229,27.650379627117125,5,20,221725,1.4102530322700122,,,
adaptive,1382,0.9538891203079439,0.0034826302451206326,0.8,0.7048639031091194,4.088348991594286,29.353059598387183,5,20,221750,3.865651474386477,,,
adaptive,1383,0.9538406259298481,0.0032422333592917463,0.8,0.3655833798406385,3.390177100246038,28.654887707038935,5,20,221775,5.863137746813937,,,
adaptive,1384,0.953878506977166,0.0031643067669731018,0.8,0.7860613245058141,3.6404671734827967,28.905177780275693,5,20,221800,4.541167167718865,,,
adaptive,1385,0.9538571380372604,0.0032988665665967254,0.8,1.0616989764970242,4.005139237773115,29.26984984456601,5,20,221825,4.088297763369227,,,
adaptive,1386,0.9538109162223206,0.003071014074341738,0.8,0.554785741486239,5.774940983707952,31.03965159050085,5,20,221850,10.99622885876902,,,
adaptive,1387,0.9538279274884939,0.0030730847921894844,0.8,0.8024886736137512,2.7110750189075628,27.97578562570046,5,20,221875,1.178407153941987,,,
adaptive,1388,0.953858564329536,0.0030965049720091953,0.8,0.981015451276675,3.90277113017105,29.167481736963946,5,20,221900,5.659011018704373,,,
adaptive,1389,0.9538602032700751,0.003029133848950538,0.8,0.7631738540274903,4.864328590162311,30.129039196955205,5,20,221925,4.9034125171841865,,,
adaptive,1390,0.9538758195814988,0.0031091722560173674,0.8,0.9188889330344946,2.8513648557848397,28.116075462577736,5,20,221950,1.232591141675862,,,
adaptive,1391,0.9539319172620762,0.003951407612809432,0.8,1.1056715556973475,5.168154974693642,30.43286558148654,5,20,221975,4.969212113934013,,,
adaptive,1392,0.953923445416473,0.003796522694702542,0.8,0.8156625298105934,3.313287434136245,28.577998040929142,5,20,222000,4.121984541521328,,,
adaptive,1393,0.9539347474725917,0.0038177843974340764,0.8,0.7926766775284093,2.57310514711498,27.837815753907876,5,20,222025,1.2144464070540146,,,
adaptive,1394,0.9539206243999384,0.004814998772548873,0.8,0.9477173838398701,3.5281897566122,28.792900363405096,5,20,222050,3.4781489721800893,,,
adaptive,1395,0.953943004542939,0.005559601844167594,0.8,0.904650996249734,6.254434836247757,31.519145443040653,5,20,222075,9.702774179967411,,,
adaptive,1396,0.9539486728283765,0.006603782837725669,0.8,0.9550418194749101,4.83164984796092,30.096360454753814,5,20,222100,4.290089764214058,,,
adaptive,1397,0.9538978498580134,0.0046693904690499055,0.8,0.4545051380423016,4.160547872263019,29.425258479055916,5,20,222125,5.116440955743988,,,
adaptive,1398,0.9539010131881585,0.004770711835413222,0.8,0.8455052175180396,4.034026218081722,29.298736824874617,5,20,222150,4.182214861277346,,,
adaptive,1399,0.9538790862921257,0.0051903968741613404,0.8,0.8986018715734106,3.2792699940177137,28.54398060081061,5,20,222175,4.309016758294238,,,
adaptive,1400,0.9538471786595522,0.005119890415931638,0.8,0.7794524856984617,5.3396714281746265,30.60438203496752,5,20,222200,4.036862236142943,,,
adaptive,1401,0.9538652542410195,0.004874062551884939,0.8,0.7628583617513889,5.003161824423905,30.2678724312168,5,20,222225,4.441169392282376,,,
adaptive,1402,0.9538138901017744,0.0039036736079092194,0.8,0.42581420217898497,2.8923853908181205,28.157095997611016,5,20,222250,1.640184717616529,,,
adaptive,1403,0.9538236922824298,0.003894113163922408,0.8,0.8490390569699395,4.36557443414251,29.630285040935405,5,20,222275,4.15202201817203,,,
adaptive,1404,0.9538235301705045,0.0039188899919812,0.8,0.9327770541022555,3.489623817334742,28.754334424127638,5,20,222300,1.3850373246813614,,,
adaptive,1405,0.9538407402654142,0.004746734362809035,0.8,0.9843676133421139,5.819268209306463,31.08397881609936,5,20,222325,9.9635910135611,,,
adaptive,1406,0.9538530867416181,0.004613107430789021,0.8,0.7730648766784818,3.216485478322925,28.48119608511582,5,20,222350,4.47891252709447,,,
adaptive,1407,0.9538176666197422,0.004417678646639667,0.8,0.790855398368198,4.793446223936781,30.05815683072968,5,20,222375,9.278436772690576,,,
adaptive,1408,0.9538512455976231,0.004784236758870519,0.8,0.8526673079782199,4.8410750318013696,30.105785638594266,5,20,222400,3.9036810006616274,,,
adaptive,1409,0.9538932731870887,0.004749634825935378,0.8,0.7788482663937744,3.5445889756524913,28.809299582445387,5,20,222425,4.598131679820938,,,
adaptive,1410,0.9538956850372116,0.004986833907419275,0.8,0.8468814779458372,2.4975411835737624,27.76225179036666,5,20,222450,1.1655085708301829,,,
adaptive,1411,0.9539332122073529,0.004854456154580911,0.8,0.7856413896828849,2.716023893021773,27.98073449981467,5,20,222475,1.4206896542169667,,,
adaptive,1412,0.9539128491222643,0.004748469787431708,0.8,0.7984479060440853,8.982063464831652,34.24677407162455,200,20,222695,17.761465353992463,,,
adaptive,1413,0.9539062869124314,0.004915319758610259,0.8,0.839821470995648,3.5342072659790125,28.79891787277191,200,20,222915,3.945754762759324,,,
adaptive,1414,0.9538315224044501,0.004746832492345865,0.8,0.7902628254512835,4.074797555094506,29.3395081618874,200,20,223135,4.1031622686546125,,,
adaptive,1415,0.9538290009793896,0.004702676555110363,0.8,0.7990714232337606,6.923151519292398,32.18786212608529,200,20,223355,8.949193098381816,,,
adaptive,1416,0.9538219612218239,0.0046801739203867765,0.8,0.7844189455247751,2.531376228667505,27.7960868354604,200,20,223575,1.3975265299716624,,,
adaptive,1417,0.9537912133964912,0.004688412009633769,0.8,0.812879771115808,6.915108052631212,32.17981865942411,200,20,223795,9.593056833139702,,,
adaptive,1418,0.9537463914524507,0.004676305205526643,0.8,0.8139855549744474,3.9340208086127317,29.19873141540563,200,20,224015,4.592636622436389,,,
adaptive,1419,0.9537333080688364,0.004595495328806987,0.8,0.7870478916240314,4.062723972438868,29.327434579231763,200,20,224235,4.538821990070024,,,
adaptive,1420,0.9537383382792908,0.004646457837995888,0.8,0.8146250762133447,3.5022196402338768,28.76693024702677,200,20,224455,3.949238427706074,,,
adaptive,1421,0.9537483631013307,0.0047435616569391215,0.8,0.8476946543335327,6.422208403668285,31.68691901046118,200,20,224675,9.384320265115194,,,
adaptive,1422,0.9537696529699854,0.0049918575672788235,0.8,0.8489618484075494,6.231097718032532,31.49580832482543,200,20,224895,9.03787669844112,,,
adaptive,1423,0.9537332228656038,0.004936064708652488,0.8,0.7985466570254471,4.1499576429115095,29.414668249704405,200,20,225115,4.916915818664174,,,
adaptive,1424,0.9537194756491447,0.0047184379457752,0.8,0.8019941932726564,2.4436135743408354,27.708324181133733,200,20,225335,1.2737398075749413,,,
adaptive,1425,0.9537116599407095,0.0047847156600544505,0.8,0.8238984696472058,5.284344866825382,30.549055473618278,200,20,225555,9.572823037162085,,,
adaptive,1426,0.9537013889852151,0.00485318309642413,0.8,0.8088722171347956,6.848467851830252,32.113178458623146,200,20,225775,9.76884829083601,,,
adaptive,1427,0.9537172842777657,0.004726231770791234,0.8,0.7814126950397023,9.062260710045146,34.32697131683804,200,20,225995,16.25493188018726,,,
adaptive,1428,0.9537611463509941,0.004813157559947823,0.8,0.8075036246271554,4.150622201926052,29.415332808718947,200,20,226215,4.215902245999862,,,
adaptive,1429,0.9537663799517809,0.004703701486152734,0.8,0.789256434648531,4.168351440031771,29.433062046824666,200,20,226435,4.894338939550016,,,
adaptive,1430,0.9537693829548592,0.004923195381483891,0.8,0.8248412511982751,4.097645068656328,29.362355675449223,200,20,226655,4.082927265701034,,,
adaptive,1431,0.953771027269754,0.004872153880229435,0.8,0.7850896372573254,4.013431260368935,29.278141867161832,200,20,226875,4.42411817831293,,,
adaptive,1432,0.9538253220874764,0.004772849122628986,0.8,0.7936569292598937,4.242008925883525,29.50671953267642,200,20,227095,4.376517764963124,,,
adaptive,1433,0.9538277509127343,0.00468325019924154,0.8,0.8012372461662577,2.265856347899598,27.530566954692492,200,20,227315,1.3643158864352694,,,
adaptive,1434,0.9537688020856182,0.004505572142693426,0.8,0.7879977884504084,3.2078770306412285,28.472587637434124,200,20,227535,1.3815202950815215,,,
adaptive,1435,0.9537894276032355,0.004876965050471527,0.8,0.8473058224153367,3.8350669494242373,29.099777556217134,200,20,227755,4.296410286695623,,,
adaptive,1436,0.9537927325212124,0.004675308957128976,0.8,0.7846867980855735,3.452579139503271,28.717289746296167,200,20,227975,4.314855060469628,,,
adaptive,1437,0.9538006496846233,0.0045320073260155525,0.8,0.7656851478877476,4.121803626600013,29.38651423339291,200,20,228195,3.765807192641013,,,
adaptive,1438,0.95380251971517,0.00431347048695041,0.8,0.793506462727364,2.434393975353437,27.699104582146333,200,20,228415,1.2355067307269698,,,
adaptive,1439,0.9537902386559023,0.004466306426582967,0.8,0.8286169568190801,3.9924839828110485,29.257194589603944,200,20,228635,4.584694305318823,,,
adaptive,1440,0.9537890272690335,0.004264799841373623,0.8,0.7749379597633469,7.508367155034938,32.773077761827835,200,20,228855,8.992448444237493,,,
adaptive,1441,0.9537573629988411,0.0040906283134860555,0.8,0.7891305390173822,10.166422619297805,35.4311332260907,200,20,229075,25.406543895066562,,,
adaptive,1442,0.9537921868573334,0.0040119408514491806,0.8,0.7933063032172961,5.449513518961484,30.71422412575438,200,20,229295,9.540273216752547,,,
adaptive,1443,0.9537705950840059,0.003769847101724566,0.8,0.7708661083133909,4.594523425094682,29.859234031887578,200,20,229515,4.424462268781231,,,
adaptive,1444,0.9537374307310029,0.0037419372982733234,0.8,0.8223024482195191,3.919076094249957,29.18378670104285,200,20,229735,4.570025478458487,,,
adaptive,1445,0.9537160711660997,0.0035752141134731685,0.8,0.7925457608865066,4.7002390990321725,29.96494970582507,200,20,229955,4.2579461912312135,,,
adaptive,1446,0.9537489703126577,0.003486226736606368,0.8,0.8037089076384518,2.4448433419906106,27.70955394878351,200,20,230175,1.4236312160461266,,,
adaptive,1447,0.9537479614732576,0.0033896246567127752,0.8,0.788401650725547,4.29754146371512,29.562252070508016,200,20,230395,4.345615530979304,,,
adaptive,1448,0.9537037889285688,0.0036110237814701573,0.8,0.8492165973405351,2.253949310519586,27.518659917312483,200,20,230615,1.2047886143614979,,,
adaptive,1449,0.9537107502054034,0.0035179643765551605,0.8,0.767796236952667,3.7700365006031653,29.03474710739606,200,20,230835,4.258175113473371,,,
adaptive,1450,0.9537357156767221,0.003683643867559594,0.8,0.8181610988548161,4.687273207122076,29.95198381391497,200,20,231055,4.418629232205254,,,
adaptive,1451,0.9537599383811904,0.0037444782262118226,0.8,0.7938259484158349,3.4449536410178734,28.70966424781077,200,20,231275,4.144878083268587,,,
adaptive,1452,0.9538040776326391,0.003644958407113985,0.8,0.7951105140959273,3.3816482226145395,28.646358829407436,200,20,231495,4.263321842882638,,,
adaptive,1453,0.9538013785190975,0.0036085443995321764,0.8,0.776801487506429,4.784960282280994,30.04967088907389,200,20,231715,4.142928979447923,,,
adaptive,1454,0.9537893604512387,0.003599659969765301,0.8,0.7997383298851645,3.6752790462879905,28.939989653080886,200,20,231935,1.2063801427403407,,,
adaptive,1455,0.9538230167557575,0.003601967372702908,0.8,0.7989547728411718,4.71217923513809,29.976889841930987,200,20,232155,3.887045923910694,,,
adaptive,1456,0.9538246065492652,0.0034144929417662118,0.8,0.7597625719037547,4.647099175121346,29.911809781914243,200,20,232375,4.380149837093315,,,
adaptive,1457,0.9538722141254397,0.0034411626951320606,0.8,0.8059872248800093,3.007137718009411,28.271848324802306,200,20,232595,1.3735070190258727,,,
adaptive,1458,0.9538554593518633,0.0034520756159144295,0.8,0.7559224391914149,6.657120596115778,31.921831202908674,200,20,232815,9.660499887531323,,,
adaptive,1459,0.9538608269219212,0.003504526836054289,0.8,0.7847525977681805,4.300878830252384,29.56558943704528,200,20,233035,4.680395497538925,,,
adaptive,1460,0.9538597868039796,0.0035675238245357344,0.8,0.815193669031013,3.877650550620863,29.14236115741376,200,20,233255,4.36652508238265,,,
adaptive,1461,0.9538538217366155,0.0036907507590621114,0.8,0.7953472676289991,4.367256028195333,29.63196663498823,200,20,233475,4.197321520053108,,,
adaptive,1462,0.9538689995220924,0.004088550780694478,0.8,0.8599390623158362,3.899050456559188,29.163761063352084,200,20,233695,4.641138101319366,,,
adaptive,1463,0.9538809307758531,0.004063148215416534,0.8,0.7714527067029008,5.25434309110851,30.519053697901406,200,20,233915,9.140326408253433,,,
adaptive,1464,0.9538908327535481,0.0040772516510042545,0.8,0.8044979982025907,4.540945047176297,29.805655653969193,200,20,234135,4.525181139080826,,,
adaptive,1465,0.9538687401833345,0.004350271200395661,0.8,0.8304942161783886,4.214374084133058,29.479084690925955,200,20,234355,3.9229159508348594,,,
adaptive,1466,0.953866315687677,0.004525158718814315,0.8,0.8631704399556102,6.309893816338256,31.574604423131152,200,20,234575,10.19488471994115,,,
adaptive,1467,0.953830966395594,0.004480399507305388,0.8,0.7828802291073765,4.003057559744826,29.26776816653772,200,20,234795,4.499162272154399,,,
adaptive,1468,0.9538281019768595,0.0046615637052362935,0.8,0.8315464867241158,4.118864609398795,29.38357521619169,200,20,235015,4.643809457274587,,,
adaptive,1469,0.9538080343800229,0.004656435621095412,0.8,0.831916807470789,6.725413216563384,31.990123823356278,200,20,235235,8.901959580343961,,,
adaptive,1470,0.9538276372222043,0.004559162522843163,0.8,0.7650930053643022,6.159300240169945,31.42401084696284,200,20,235455,9.282777607198254,,,
adaptive,1471,0.9538300212626877,0.004381399547437659,0.8,0.7875259297305129,3.392920084888753,28.65763069168165,200,20,235675,4.765380839016393,,,
adaptive,1472,0.9538478794227743,0.004329152897470934,0.8,0.797909992777257,8.385708576141583,33.65041918293448,200,20,235895,24.811101213265434,,,
adaptive,1473,0.9538547476612114,0.004170001188214201,0.8,0.7452476457485628,3.3411447464130326,28.60585535320593,200,20,236115,4.16377861740274,,,
adaptive,1474,0.9538803417321231,0.004361250830335228,0.8,0.8016060564873851,4.3843180054046,29.649028612197498,200,20,236335,4.503937122804661,,,
adaptive,1475,0.9538563921912105,0.004234120191934698,0.8,0.7622846917396123,3.3864550831904983,28.651165689983394,200,20,236555,4.175197751784767,,,
adaptive,1476,0.9538312066245002,0.004468573411956833,0.8,0.8246279297908573,4.27206871705328,29.536779323846176,200,20,236775,4.723654119162379,,,
adaptive,1477,0.9537871690499906,0.004340803327209319,0.8,0.7556415380878209,3.881313605300531,29.146024212093426,200,20,236995,4.490022165641559,,,
adaptive,1478,0.9537509900439911,0.004407649210654729,0.8,0.8339309795324782,4.278760206779466,29.543470813572362,200,20,237215,4.01692548104231,,,
adaptive,1479,0.9537838013358467,0.004330688948122163,0.8,0.7713973449281248,4.302955243305368,29.567665850098265,200,20,237435,4.311884057329757,,,
adaptive,1480,0.953787658114786,0.004269969518018724,0.8,0.8025399463989089,2.373772282883917,27.638482889676812,200,20,237655,1.2964558538415232,,,
adaptive,1481,0.9538005006487451,0.0041938345958679735,0.8,0.7771818649023965,2.3156274019098033,27.5803380087027,200,20,237875,1.2792820417052406,,,
adaptive,1482,0.9537616491456958,0.004143341647693699,0.8,0.7856526434054915,5.229646713984465,30.49435732077736,200,20,238095,9.601353505024136,,,
adaptive,1483,0.9537417180387915,0.004077411808680598,0.8,0.7966136149480356,4.549008386693774,29.81371899348667,200,20,238315,4.107297372732622,,,
adaptive,1484,0.9537477640281197,0.004050525680672434,0.8,0.7916347908153466,7.051629855717576,32.316340462510475,200,20,238535,9.315477415539632,,,
adaptive,1485,0.9537756590353199,0.0043548402974896705,0.8,0.8272915136940288,4.712781030199242,29.977491636992138,200,20,238755,3.960675254531303,,,
adaptive,1486,0.9537555759414784,0.004402825407253563,0.8,0.8099552449761734,3.3694141268814577,28.634124733674355,200,20,238975,4.5644275770183755,,,
adaptive,1487,0.9537698004360465,0.004425781346282465,0.8,0.7942201529055127,3.3558099518440287,28.620520558636926,200,20,239195,1.1819913679461145,,,
adaptive,1488,0.9537149856237042,0.004227655820129295,0.8,0.776513400984074,2.3573103213359436,27.62202092812884,200,20,239415,1.3272092710609942,,,
adaptive,1489,0.9537353753269782,0.004293720231239528,0.8,0.8170698258322325,5.041434792049543,30.30614539884244,200,20,239635,9.439308341751493,,,
adaptive,1490,0.9537329417570725,0.004164412330931899,0.8,0.752755012780273,5.4646166744892595,30.729327281282156,200,20,239855,9.570024575056344,,,
adaptive,1491,0.9537476771726229,0.004071551655619565,0.8,0.7799120201838975,4.294734367923365,29.55944497471626,200,20,240075,3.8349676928947782,,,
adaptive,1492,0.9537755022636366,0.004202805384024955,0.8,0.8394562592918899,9.24795164991206,34.51266225670496,200,20,240295,16.75160297754638,,,
adaptive,1493,0.9537568394390513,0.004031191771954878,0.8,0.8124323196065134,3.9474636729081642,29.21217427970106,200,20,240515,4.3657367831421725,,,
adaptive,1494,0.9537518954246852,0.003865393495912861,0.8,0.7743453320926702,2.7955190099280443,28.06022961672094,200,20,240735,1.2716935173329846,,,
adaptive,1495,0.953698665692913,0.0036758793467870365,0.8,0.761835173287073,4.814645441399897,30.079356048192793,200,20,240955,4.32738613941891,,,
adaptive,1496,0.9536947309415642,0.003615879486850826,0.8,0.8029171535984579,5.00191759600254,30.266628202795438,200,20,241175,4.446864764419219,,,
adaptive,1497,0.9536391043083315,0.003350822379246887,0.8,0.7809149434191963,4.886845236253065,30.151555843045962,200,20,241395,3.818741096654815,,,
adaptive,1498,0.9536687993636597,0.0034925109445193003,0.8,0.8329099764195158,4.407267695752588,29.671978302545483,200,20,241615,4.641688740243051,,,
adaptive,1499,0.9536711584191135,0.003635042483679962,0.8,0.8227648792069864,2.93794481820944,28.202655425002337,200,20,241835,1.4162582968295694,,,
adaptive,1500,0.9536829934623257,0.0038521277072032234,0.8,0.835565866519328,6.788256629409327,32.05296723620222,200,20,242055,9.268230234648414,,,
