schedule,t,reward,gap,beta_true,beta_hat,cert,cert_hp,n_cal,n_mon,cum_aud,xi_sq,exp3_arm,exp3_p,exp3_loss
monitor_only,1,0.9294867564186096,0.02666715911153017,0.0,0.0,6.121509705072082,31.386220311864978,0,20,20,9.507047565183026,,,
monitor_only,2,0.9295870014060788,0.026571769100866227,0.0,0.0,2.22508074981773,27.489791356610624,0,20,40,1.2229781281169323,,,
monitor_only,3,0.9297194746274111,0.026454386505354588,0.0,0.0,4.103310480360329,29.368021087153224,0,20,60,4.419792749591468,,,
monitor_only,4,0.9298165846116149,0.026275860805308082,0.0,0.0,6.126506700726646,31.39121730751954,0,20,80,9.218221394031453,,,
monitor_only,5,0.9298729087529854,0.026259121828848486,0.0,0.0,4.215703591602636,29.480414198395533,0,20,100,4.351310168682921,,,
monitor_only,6,0.92983822725166,0.026289617603054816,0.0,0.0,4.092127988467986,29.356838595260882,0,20,120,4.579673614077163,,,
monitor_only,7,0.9300385914279108,0.025928756720393298,0.0,0.0,4.074649521463428,29.339360128256324,0,20,140,4.02709845009141,,,
monitor_only,8,0.9302363860997384,0.02568437661114309,0.0,0.0,6.45968406507319,31.724394671866087,0,20,160,9.277320159833817,,,
monitor_only,9,0.9302639671209969,0.025780442290208927,0.0,0.0,2.3242455399675905,27.588956146760488,0,20,180,1.382199129948561,,,
monitor_only,10,0.9304499993702448,0.025661980739986934,0.0,0.0,3.9617670506892875,29.226477657482185,0,20,200,4.213662509016112,,,
monitor_only,11,0.9306374467387379,0.02537509037646668,0.0,0.0,6.423745201466997,31.688455808259892,0,20,220,8.963915708606901,,,
monitor_only,12,0.930660273163562,0.02548109559868328,0.0,0.0,4.2161702450842125,29.48088085187711,0,20,240,4.382224462960746,,,
monitor_only,13,0.9307037326177825,0.025326462489561052,0.0,0.0,2.298801648652619,27.563512255445517,0,20,260,1.2682637209304466,,,
monitor_only,14,0.930772682790697,0.02518685056654213,0.0,0.0,4.12949049286951,29.394201099662407,0,20,280,4.475260568863341,,,
monitor_only,15,0.9308762973344425,0.02509728428478819,0.0,0.0,4.005583714696622,29.27029432148952,0,20,300,4.08541081486273,,,
monitor_only,16,0.930979818606294,0.024972294677168216,0.0,0.0,4.023017012614061,29.287727619406958,0,20,320,4.253497658316358,,,
monitor_only,17,0.931001882183234,0.024903794662944234,0.0,0.0,3.979589433527683,29.244300040320578,0,20,340,4.7653207981004195,,,
monitor_only,18,0.9311191362265447,0.024661240989703348,0.0,0.0,2.42877969753131,27.693490304324207,0,20,360,1.2634289566417627,,,
monitor_only,19,0.9311651060484921,0.024617313764657034,0.0,0.0,6.444095918296919,31.708806525089816,0,20,380,9.169402472594847,,,
monitor_only,20,0.9311505512216055,0.024704389956896944,0.0,0.0,2.3707827518581737,27.63549335865107,0,20,400,1.4811103715444518,,,
monitor_only,21,0.93131010782421,0.02448406921992019,0.0,0.0,3.9650233079525496,29.229733914745445,0,20,420,4.246227702631676,,,
monitor_only,22,0.9314355509306101,0.02430853711366565,0.0,0.0,4.418767190052504,29.683477796845402,0,20,440,4.362495336259378,,,
monitor_only,23,0.9315623157968075,0.024064226092602947,0.0,0.0,4.171544046622202,29.436254653415098,0,20,460,4.383947566911542,,,
monitor_only,24,0.9316083237186358,0.024004559442890927,0.0,0.0,4.1528089804348145,29.41751958722771,0,20,480,4.274658357359811,,,
monitor_only,25,0.9316239123725959,0.02401736465172788,0.0,0.0,4.122279323998468,29.386989930791366,0,20,500,4.299399728476127,,,
monitor_only,26,0.9317835153334113,0.023631043968289966,0.0,0.0,4.146151629251207,29.410862236044103,0,20,520,4.315194275128277,,,
monitor_only,27,0.9318454548042426,0.02352586673692858,0.0,0.0,4.417964047183303,29.6826746539762,0,20,540,4.367306136933585,,,
monitor_only,28,0.9320337353272019,0.023292313723540348,0.0,0.0,6.1778098895882385,31.442520496381135,0,20,560,9.165324121952226,,,
monitor_only,29,0.9321523950299615,0.023129635771461765,0.0,0.0,2.243768142919902,27.508478749712797,0,20,580,1.348362397100882,,,
monitor_only,30,0.9322457509425718,0.02292694848525212,0.0,0.0,6.083016388609542,31.34772699540244,0,20,600,9.733867100904018,,,
monitor_only,31,0.9323675435136058,0.022666233638317546,0.0,0.0,4.339453760519638,29.604164367312535,0,20,620,4.619393515709988,,,
monitor_only,32,0.9325258003765693,0.02246725748296441,0.0,0.0,4.1679282670485325,29.432638873841427,0,20,640,4.831605551189112,,,
monitor_only,33,0.932700206701311,0.022206629995356608,0.0,0.0,4.032687041272099,29.297397648064994,0,20,660,4.1422907852706,,,
monitor_only,34,0.9328832103401871,0.022064064894010915,0.0,0.0,3.9349007288067845,29.19961133559968,0,20,680,4.270162506045345,,,
monitor_only,35,0.9329219749939531,0.021970362527970355,0.0,0.0,2.2553523470170815,27.520062953809976,0,20,700,1.2595666188521912,,,
monitor_only,36,0.9329740604419811,0.02199681340856896,0.0,0.0,4.183115930412558,29.447826537205454,0,20,720,4.4505111512965945,,,
monitor_only,37,0.9330764144151708,0.021908916256539124,0.0,0.0,4.48565533680903,29.750365943601928,0,20,740,4.244896061707104,,,
monitor_only,38,0.9331324322469636,0.02191425484475451,0.0,0.0,2.394874972038302,27.659585578831198,0,20,760,1.417038263985018,,,
monitor_only,39,0.9332379307403016,0.02182996085658917,0.0,0.0,4.468948547514098,29.733659154306995,0,20,780,4.430414405944426,,,
monitor_only,40,0.9332606969863435,0.021719783023728234,0.0,0.0,4.161612445160629,29.426323051953524,0,20,800,3.9601035589978943,,,
monitor_only,41,0.9332982615922837,0.021660443165322896,0.0,0.0,6.194135104579562,31.458845711372458,0,20,820,10.020204776351123,,,
monitor_only,42,0.9333665645568677,0.021623059594059302,0.0,0.0,2.425562995049079,27.690273601841973,0,20,840,1.368020053495681,,,
monitor_only,43,0.9333803166756076,0.02151979429075135,0.0,0.0,4.346429353457654,29.61113996025055,0,20,860,4.306239317591591,,,
monitor_only,44,0.9334941417986208,0.021399750911327398,0.0,0.0,6.061981984369839,31.326692591162736,0,20,880,9.441594772071717,,,
monitor_only,45,0.9335971724464323,0.021325535100664483,0.0,0.0,4.1547337826151605,29.419444389408056,0,20,900,4.686391963255777,,,
monitor_only,46,0.9337979985999718,0.021171224840956238,0.0,0.0,4.488440643367392,29.753151250160286,0,20,920,3.915891438401866,,,
monitor_only,47,0.9339689812318359,0.02102190299121076,0.0,0.0,4.599519716481665,29.864230323274562,0,20,940,4.478108159367716,,,
monitor_only,48,0.9339337430965252,0.021205093322671953,0.0,0.0,4.016446977382898,29.281157584175794,0,20,960,4.1932077992824155,,,
monitor_only,49,0.9339969856347867,0.021147174552784254,0.0,0.0,2.15585992013206,27.420570526924955,0,20,980,1.1111652658787499,,,
monitor_only,50,0.9341055705980011,0.02115541206909133,0.0,0.0,4.165410531814784,29.43012113860768,0,20,1000,4.4516803604911,,,
monitor_only,51,0.9343414770533635,0.02090004677776469,0.0,0.0,4.079564642190429,29.344275248983326,0,20,1020,4.8908671663313745,,,
monitor_only,52,0.9344148577908774,0.020828962690597752,0.0,0.0,4.2507781136004406,29.515488720393336,0,20,1040,4.324251967911632,,,
monitor_only,53,0.9344888562774324,0.020668050699259588,0.0,0.0,4.589560701565986,29.854271308358882,0,20,1060,4.572705300895185,,,
monitor_only,54,0.9346127618048784,0.02041531804697294,0.0,0.0,6.001866456752214,31.26657706354511,0,20,1080,9.547124817975188,,,
monitor_only,55,0.9346554455612777,0.02029773192504658,0.0,0.0,4.09261463989571,29.357325246688607,0,20,1100,4.02443710469289,,,
monitor_only,56,0.9346510302412657,0.020455628178837726,0.0,0.0,2.495576094246659,27.760286701039554,0,20,1120,1.4060119856975362,,,
monitor_only,57,0.9347062417829126,0.020327055072668965,0.0,0.0,4.572761313166069,29.837471919958965,0,20,1140,4.142370069618587,,,
monitor_only,58,0.9348274831755328,0.020155665507529896,0.0,0.0,3.98755344567524,29.252264052468135,0,20,1160,4.162751745123017,,,
monitor_only,59,0.9349092674297331,0.020227462363322513,0.0,0.0,2.4928402724355694,27.757550879228464,0,20,1180,1.2970510761710548,,,
monitor_only,60,0.9350060046350535,0.020084801428536414,0.0,0.0,4.3341911650705205,29.598901771863417,0,20,1200,4.389652904441314,,,
monitor_only,61,0.9350765788654058,0.019825956408673018,0.0,0.0,2.1828858111778513,27.447596417970747,0,20,1220,1.3955272909979641,,,
monitor_only,62,0.9351491957876447,0.01967717399207003,0.0,0.0,4.208560295412261,29.473270902205158,0,20,1240,4.148760869063748,,,
monitor_only,63,0.9352414221557191,0.019523453573543348,0.0,0.0,4.0650654582961065,29.329776065089003,0,20,1260,4.642062514016288,,,
monitor_only,64,0.9352502582180375,0.01954005221690247,0.0,0.0,4.2423887303889725,29.50709933718187,0,20,1280,4.401470646762448,,,
monitor_only,65,0.9351973581573764,0.019451474932164814,0.0,0.0,3.989622606943845,29.254333213736743,0,20,1300,4.392772968397755,,,
monitor_only,66,0.9352904208582925,0.019261374961176303,0.0,0.0,3.747960781019686,29.01267138781258,0,20,1320,4.716134093321588,,,
monitor_only,67,0.9353548812862766,0.019157538950544506,0.0,0.0,6.147406639121229,31.412117245914125,0,20,1340,9.422761484809255,,,
monitor_only,68,0.9354358578274127,0.019025413743773867,0.0,0.0,6.036694600545148,31.301405207338043,0,20,1360,9.698159269599975,,,
monitor_only,69,0.9353879902532957,0.019149757968650927,0.0,0.0,4.03567763365768,29.300388240450577,0,20,1380,4.53909786085806,,,
monitor_only,70,0.9353843749454586,0.019266646831142986,0.0,0.0,6.0472359177788295,31.311946524571724,0,20,1400,8.588435879435396,,,
monitor_only,71,0.9355442875865141,0.019214371505875905,0.0,0.0,4.1858038793129,29.450514486105796,0,20,1420,4.375027342057254,,,
monitor_only,72,0.9356178767476978,0.01892270761934156,0.0,0.0,2.2296835461493667,27.494394152942263,0,20,1440,1.2036869073140644,,,
monitor_only,73,0.9355673769547956,0.018778531089185146,0.0,0.0,4.358339481221584,29.62305008801448,0,20,1460,4.210819480911693,,,
monitor_only,74,0.9356761045092229,0.018741575984113412,0.0,0.0,4.28859014479648,29.553300751589376,0,20,1480,4.667601805890754,,,
monitor_only,75,0.9358405133543535,0.01854966461236307,0.0,0.0,6.243266049149708,31.507976655942603,0,20,1500,9.262856717203539,,,
monitor_only,76,0.9359611736472252,0.01834566218875311,0.0,0.0,5.976822657008975,31.24153326380187,0,20,1520,9.42969363948789,,,
monitor_only,77,0.9360086870295529,0.018405987532451817,0.0,0.0,4.690158329454051,29.954868936246946,0,20,1540,4.217956991703747,,,
monitor_only,78,0.9359966170400807,0.018573384659027026,0.0,0.0,5.876071736253379,31.140782343046276,0,20,1560,8.655751650319875,,,
monitor_only,79,0.9361267603915026,0.018435387866573505,0.0,0.0,4.210355847574697,29.475066454367592,0,20,1580,4.717409306717191,,,
monitor_only,80,0.9361988869982749,0.01820345331085549,0.0,0.0,2.2462387760586897,27.510949382851585,0,20,1600,1.3801458854912183,,,
monitor_only,81,0.936269725819282,0.01810905006335717,0.0,0.0,5.903534242941898,31.168244849734794,0,20,1620,9.607844893093016,,,
monitor_only,82,0.9364455114258428,0.018020217171259234,0.0,0.0,5.868187267845216,31.13289787463811,0,20,1640,8.912670821113613,,,
monitor_only,83,0.9365608319015241,0.01787307676914529,0.0,0.0,2.177113468072417,27.441824074865313,0,20,1660,1.2876699458520255,,,
monitor_only,84,0.9366086125136213,0.017776900810393403,0.0,0.0,4.5148318433204455,29.77954245011334,0,20,1680,3.8927256709673936,,,
monitor_only,85,0.9366923837273776,0.017660491188999372,0.0,0.0,4.507892194037225,29.77260280083012,0,20,1700,4.6165269399821725,,,
monitor_only,86,0.936715183863015,0.01746259835799857,0.0,0.0,3.8739112574944907,29.138621864287387,0,20,1720,4.7045200522419295,,,
monitor_only,87,0.9366116471576673,0.017410721685843122,0.0,0.0,4.218858105573675,29.48356871236657,0,20,1740,4.417555227423026,,,
monitor_only,88,0.9366828450982779,0.01738339810249445,0.0,0.0,3.960342578290237,29.225053185083134,0,20,1760,4.397387656968377,,,
monitor_only,89,0.9368371773377612,0.017190331188417063,0.0,0.0,3.5077582346500353,28.77246884144293,0,20,1780,4.485810527836778,,,
monitor_only,90,0.9368794113328978,0.01720052413105544,0.0,0.0,4.233502841156928,29.498213447949823,0,20,1800,4.176120768480709,,,
monitor_only,91,0.9368944307451151,0.0171901941741619,0.0,0.0,4.0785560056839225,29.343266612476818,0,20,1820,4.273060491040955,,,
monitor_only,92,0.93699469797546,0.01707142664204797,0.0,0.0,4.283175165928672,29.547885772721568,0,20,1840,4.221032558421558,,,
monitor_only,93,0.9369995974367128,0.017146077263648363,0.0,0.0,2.189083690213298,27.453794297006194,0,20,1860,1.5118085504060346,,,
monitor_only,94,0.9371515716163725,0.017080443266624612,0.0,0.0,2.3661877223430685,27.630898329135963,0,20,1880,1.0801354120859443,,,
monitor_only,95,0.9372917195608713,0.017009641801268183,0.0,0.0,3.98524234002934,29.249952946822237,0,20,1900,3.8121405190583544,,,
monitor_only,96,0.9372857871569649,0.017087163069398503,0.0,0.0,4.09763845699908,29.362349063791974,0,20,1920,4.917187597708586,,,
monitor_only,97,0.9374016936356505,0.017075182171640946,0.0,0.0,2.1706912698613072,27.435401876654204,0,20,1940,1.3104407843614612,,,
monitor_only,98,0.9373789837606171,0.01718447202718032,0.0,0.0,6.046149448981025,31.310860055773922,0,20,1960,10.024566689119284,,,
monitor_only,99,0.9375185665832091,0.01696567935691451,0.0,0.0,3.8077410215485012,29.072451628341398,0,20,1980,4.343177982368248,,,
monitor_only,100,0.937617283765153,0.016921859825350993,0.0,0.0,4.44149282321483,29.706203430007726,0,20,2000,4.341516196932911,,,
monitor_only,101,0.9376677640791242,0.016936479569792495,0.0,0.0,4.442233241387581,29.706943848180476,0,20,2020,4.387837236833612,,,
monitor_only,102,0.9377662883707267,0.016837436174226728,0.0,0.0,4.072490685712756,29.337201292505654,0,20,2040,4.550126335298583,,,
monitor_only,103,0.9378114400816547,0.016673407897089265,0.0,0.0,4.415003456511846,29.679714063304743,0,20,2060,4.472135773684966,,,
monitor_only,104,0.9380295264868447,0.016377363666408407,0.0,0.0,6.264722687586584,31.52943329437948,0,20,2080,10.223724250466503,,,
monitor_only,105,0.9380169888316413,0.0163485076933767,0.0,0.0,4.111142877682829,29.375853484475726,0,20,2100,3.922028505159533,,,
monitor_only,106,0.9381723255253543,0.016212382100803557,0.0,0.0,2.416278167241835,27.68098877403473,0,20,2120,1.3112005982266919,,,
monitor_only,107,0.9382701630782959,0.016135296578332015,0.0,0.0,2.501252938506429,27.765963545299325,0,20,2140,1.4362986810042209,,,
monitor_only,108,0.938217084283969,0.016244786301662373,0.0,0.0,6.019955830576988,31.284666437369886,0,20,2160,9.703606942221297,,,
monitor_only,109,0.9382969807332695,0.016170022796211936,0.0,0.0,5.808953009992188,31.073663616785083,0,20,2180,9.099378171871955,,,
monitor_only,110,0.9384356162143945,0.015976075779485566,0.0,0.0,3.9695464583932525,29.23425706518615,0,20,2200,4.656756466391662,,,
monitor_only,111,0.9385006062123362,0.015985690099885264,0.0,0.0,2.524595917294558,27.789306524087454,0,20,2220,1.4145111343869354,,,
monitor_only,112,0.9384964854634232,0.01585947443803082,0.0,0.0,2.2494600721140254,27.514170678906922,0,20,2240,1.2940287690657608,,,
monitor_only,113,0.9385068630642522,0.015961072669974263,0.0,0.0,2.2701140090383607,27.534824615831255,0,20,2260,1.1225232258430933,,,
monitor_only,114,0.9386597164057301,0.015779533202498697,0.0,0.0,3.830567854846639,29.095278461639534,0,20,2280,4.064553177833518,,,
monitor_only,115,0.9387439593809577,0.015545667841440514,0.0,0.0,4.404104679888025,29.66881528668092,0,20,2300,4.0445309962292315,,,
monitor_only,116,0.9388610804303352,0.015557238325343503,0.0,0.0,4.181661839822099,29.446372446614994,0,20,2320,4.447860131181728,,,
monitor_only,117,0.9389482632724576,0.01540914028467677,0.0,0.0,4.35579487770763,29.620505484500526,0,20,2340,4.184770896127045,,,
monitor_only,118,0.9389567956430983,0.015438469568326396,0.0,0.0,4.65809863255091,29.922809239343806,0,20,2360,4.811313698481469,,,
monitor_only,119,0.939136645751763,0.015107166863182586,0.0,0.0,4.670941691175001,29.9356522979679,0,20,2380,4.377668637920638,,,
monitor_only,120,0.9391360210172638,0.015130509896359112,0.0,0.0,3.888360714041013,29.15307132083391,0,20,2400,4.406487258765233,,,
monitor_only,121,0.9391593936385818,0.015185466502027012,0.0,0.0,4.158234255648071,29.422944862440968,0,20,2420,4.5056576155767125,,,
monitor_only,122,0.939308845908266,0.01498245776685625,0.0,0.0,6.395078138756186,31.659788745549083,0,20,2440,9.868871138770334,,,
monitor_only,123,0.9394090325268828,0.014906805431833758,0.0,0.0,5.5850890927089205,30.849799699501816,0,20,2460,9.379104284198334,,,
monitor_only,124,0.9394723057725453,0.014825014933072977,0.0,0.0,2.1742666926694305,27.438977299462326,0,20,2480,1.246147549959889,,,
monitor_only,125,0.9395210443316273,0.014779700994583922,0.0,0.0,6.499859950666189,31.764570557459084,0,20,2500,9.88388641305142,,,
monitor_only,126,0.9394612805004361,0.01488873766868093,0.0,0.0,4.404553384585644,29.66926399137854,0,20,2520,4.442083462777101,,,
monitor_only,127,0.9394853560765168,0.014897036757734905,0.0,0.0,6.224969317297583,31.489679924090478,0,20,2540,9.604543906589269,,,
monitor_only,128,0.9395083629506963,0.014946981222239808,0.0,0.0,4.1118243560753065,29.376534962868202,0,20,2560,3.8841726920521458,,,
monitor_only,129,0.9395740900861204,0.014955219821097376,0.0,0.0,4.104027016755583,29.36873762354848,0,20,2580,4.03238977571439,,,
monitor_only,130,0.9396177844899032,0.014966684330940505,0.0,0.0,6.301333268271297,31.566043875064192,0,20,2600,9.296046771990643,,,
monitor_only,131,0.9396957838740013,0.014990319208027514,0.0,0.0,4.129137361920876,29.39384796871377,0,20,2620,4.116591698552118,,,
monitor_only,132,0.939711867695453,0.015118641934768196,0.0,0.0,4.473737688680806,29.738448295473702,0,20,2640,4.043594005055671,,,
monitor_only,133,0.939787064905342,0.015066287788707555,0.0,0.0,2.296194371496666,27.560904978289564,0,20,2660,1.3283150920257971,,,
monitor_only,134,0.9399318583810411,0.014929734962507157,0.0,0.0,2.988920804112783,28.25363141090568,0,20,2680,1.2981649923649388,,,
monitor_only,135,0.939882146546172,0.014955762223357594,0.0,0.0,3.863661789377496,29.12837239617039,0,20,2700,4.688519097576148,,,
monitor_only,136,0.9399743012882348,0.014714093331295475,0.0,0.0,4.1551644511477575,29.419875057940654,0,20,2720,4.331943840704039,,,
monitor_only,137,0.940006126704963,0.014702351668859248,0.0,0.0,4.3950699500895976,29.659780556882495,0,20,2740,4.312465130048332,,,
monitor_only,138,0.9401615673186213,0.014598279351500487,0.0,0.0,4.388265739045396,29.65297634583829,0,20,2760,4.810224672810216,,,
monitor_only,139,0.9401298849471746,0.014745874531988168,0.0,0.0,6.386715592904642,31.65142619969754,0,20,2780,8.795886528173103,,,
monitor_only,140,0.9402571454509909,0.014487493960788855,0.0,0.0,3.9265288849191604,29.191239491712057,0,20,2800,4.392100099858605,,,
monitor_only,141,0.9402488531832452,0.014461794492077518,0.0,0.0,3.849471708190588,29.114182314983484,0,20,2820,4.517268288999651,,,
monitor_only,142,0.9403372477951064,0.014447276247608998,0.0,0.0,4.008105153838116,29.272815760631012,0,20,2840,4.560228936290605,,,
monitor_only,143,0.9404874402651592,0.014417773683921054,0.0,0.0,6.14383160407472,31.408542210867616,0,20,2860,8.787272766893679,,,
monitor_only,144,0.9405723111576008,0.014194052876033703,0.0,0.0,4.059920886276663,29.32463149306956,0,20,2880,4.116085042608221,,,
monitor_only,145,0.940749450646795,0.014070506172223718,0.0,0.0,4.249327422581546,29.51403802937444,0,20,2900,4.435974478567903,,,
monitor_only,146,0.9408257063044831,0.013961594406813438,0.0,0.0,3.9538352125997944,29.21854581939269,0,20,2920,4.085732044076158,,,
monitor_only,147,0.9408362342229443,0.014077266412906408,0.0,0.0,5.697100396302822,30.96181100309572,0,20,2940,9.886012036534032,,,
monitor_only,148,0.9408954717463187,0.013898486702535795,0.0,0.0,4.13193904688373,29.396649653676626,0,20,2960,4.598207469346023,,,
monitor_only,149,0.9408376896280058,0.01398292330246309,0.0,0.0,4.398046964653885,29.662757571446782,0,20,2980,4.42109270894527,,,
monitor_only,150,0.9408148977336925,0.014003004409561592,0.0,0.0,2.4246328331962097,27.689343439989106,0,20,3000,1.351295899418724,,,
monitor_only,151,0.940806444300174,0.013994467888518658,0.0,0.0,3.682406865852418,28.947117472645314,0,20,3020,4.165328625271997,,,
monitor_only,152,0.940802843877522,0.014002591449568946,0.0,0.0,4.170103488388945,29.434814095181842,0,20,3040,3.98251893911347,,,
monitor_only,153,0.9407579132523131,0.013957535096098539,0.0,0.0,4.0998286414716425,29.36453924826454,0,20,3060,4.290772723960398,,,
monitor_only,154,0.9408647143752384,0.013978673988035095,0.0,0.0,4.007737195644832,29.27244780243773,0,20,3080,3.830277401637201,,,
monitor_only,155,0.9409478166518422,0.013859597952879943,0.0,0.0,3.9486759270805663,29.21338653387346,0,20,3100,3.779358682469464,,,
monitor_only,156,0.9410037738357058,0.013752648318607896,0.0,0.0,3.609709011181049,28.874419617973945,0,20,3120,4.29251038575003,,,
monitor_only,157,0.9410575795406793,0.013680206095276648,0.0,0.0,4.110300175679929,29.375010782472824,0,20,3140,4.739343069846268,,,
monitor_only,158,0.9410626172370724,0.013619497672745395,0.0,0.0,3.9333129212440765,29.198023528036973,0,20,3160,4.3587434594932875,,,
monitor_only,159,0.9410551425216389,0.013647038932108946,0.0,0.0,2.225829478689958,27.490540085482856,0,20,3180,1.1920836143679345,,,
monitor_only,160,0.9411137261599462,0.013462152319725917,0.0,0.0,4.528396386747051,29.793106993539947,0,20,3200,3.96176585113378,,,
monitor_only,161,0.94109657606891,0.013477526287652974,0.0,0.0,2.648915397765352,27.913626004558246,0,20,3220,1.1817593706492169,,,
monitor_only,162,0.9411938425262848,0.013343973192323388,0.0,0.0,5.183409184895913,30.44811979168881,0,20,3240,9.374691540593586,,,
monitor_only,163,0.9413555011314504,0.013254787782408628,0.0,0.0,3.9016750306764307,29.166385637469325,0,20,3260,4.501549184139753,,,
monitor_only,164,0.9413494442497737,0.013291785175161719,0.0,0.0,4.519697024102768,29.784407630895664,0,20,3280,4.269543379273659,,,
monitor_only,165,0.9413361167921621,0.01333389935048579,0.0,0.0,3.835564789869336,29.100275396662234,0,20,3300,4.520581959407379,,,
monitor_only,166,0.9413767777744732,0.01330163942971685,0.0,0.0,4.139301755883705,29.4040123626766,0,20,3320,4.612657916523649,,,
monitor_only,167,0.9414067591570663,0.013134926918465961,0.0,0.0,3.744787507264457,29.009498114057354,0,20,3340,4.913734906449528,,,
monitor_only,168,0.9414713905454514,0.013232139623970296,0.0,0.0,4.382170131516974,29.646880738309868,0,20,3360,4.483432259037069,,,
monitor_only,169,0.9415884672852165,0.013119373372746379,0.0,0.0,6.034024451476735,31.29873505826963,0,20,3380,9.962400040694769,,,
monitor_only,170,0.9416673745493602,0.013026862528732419,0.0,0.0,2.204498438141054,27.46920904493395,0,20,3400,1.2487299307032953,,,
monitor_only,171,0.9417877690674241,0.012896082184293722,0.0,0.0,6.542481071271132,31.80719167806403,0,20,3420,9.656402985820769,,,
monitor_only,172,0.9417863943089237,0.012981811129582632,0.0,0.0,5.900647351207753,31.165357958000648,0,20,3440,9.759861843651901,,,
monitor_only,173,0.9418816369488894,0.0128158204259472,0.0,0.0,3.870344555724012,29.135055162516906,0,20,3460,4.442399513179724,,,
monitor_only,174,0.9417779852172725,0.01287242859220894,0.0,0.0,3.487688604463736,28.75239921125663,0,20,3480,4.295204806192649,,,
monitor_only,175,0.9418948920504923,0.01262850022100126,0.0,0.0,4.365231990713445,29.629942597506343,0,20,3500,4.334592882430956,,,
monitor_only,176,0.941979019375164,0.012540862706630684,0.0,0.0,2.1980647059723792,27.462775312765274,0,20,3520,1.3327829183697817,,,
monitor_only,177,0.9420832249928325,0.012413625983120569,0.0,0.0,3.9363177091020285,29.201028315894924,0,20,3540,4.447870167966621,,,
monitor_only,178,0.9421978498115096,0.012473794493062962,0.0,0.0,2.532377671156507,27.797088277949403,0,20,3560,1.320720894949009,,,
monitor_only,179,0.9422555095407019,0.012283812743044464,0.0,0.0,6.503255177704854,31.76796578449775,0,20,3580,9.44301415993011,,,
monitor_only,180,0.9423694418144384,0.012189918076202955,0.0,0.0,3.8537954258746487,29.118506032667543,0,20,3600,3.729568875282034,,,
monitor_only,181,0.9423941585903464,0.012147158644235101,0.0,0.0,3.866897144312101,29.131607751104998,0,20,3620,4.431852103038649,,,
monitor_only,182,0.9424647806000688,0.012027668436799477,0.0,0.0,3.8781809942131575,29.142891601006053,0,20,3640,4.593879858334156,,,
monitor_only,183,0.9425275137056173,0.012123108930557458,0.0,0.0,2.614108103487843,27.87881871028074,0,20,3660,1.3717348933324214,,,
monitor_only,184,0.9425758937909842,0.012029127559400554,0.0,0.0,6.421213423614656,31.685924030407552,0,20,3680,9.360782840059551,,,
monitor_only,185,0.9426093909302117,0.012142147832635453,0.0,0.0,2.4475046834596412,27.712215290252537,0,20,3700,1.4302609526090635,,,
monitor_only,186,0.9426522690436576,0.012018887422463598,0.0,0.0,2.275730654910305,27.5404412617032,0,20,3720,1.428741375511467,,,
monitor_only,187,0.9426182578963624,0.012167465963284108,0.0,0.0,2.380729939876238,27.645440546669136,0,20,3740,1.317752667088839,,,
monitor_only,188,0.9425799151818627,0.012230756450912095,0.0,0.0,2.1920835707418864,27.456794177534782,0,20,3760,1.3682064290686595,,,
monitor_only,189,0.9425647421111187,0.012267601837598674,0.0,0.0,2.6846357963344643,27.94934640312736,0,20,3780,1.4171070866607371,,,
monitor_only,190,0.9424944792211023,0.012358634678373503,0.0,0.0,6.623316185984988,31.888026792777886,0,20,3800,9.093997330085756,,,
monitor_only,191,0.9425470835517489,0.012274515263994479,0.0,0.0,2.2243677982058636,27.48907840499876,0,20,3820,1.2959663281560698,,,
monitor_only,192,0.9425589835970947,0.012225151501460418,0.0,0.0,4.233510089043514,29.49822069583641,0,20,3840,4.678998283476782,,,
monitor_only,193,0.942535196474838,0.012299698368815726,0.0,0.0,4.609315249684919,29.874025856477815,0,20,3860,4.002267047584058,,,
monitor_only,194,0.9425430455039514,0.012318823292581382,0.0,0.0,4.46323305503107,29.727943661823964,0,20,3880,4.69491288251679,,,
monitor_only,195,0.9428343229298835,0.012100700733185477,0.0,0.0,4.2733372752364716,29.538047882029367,0,20,3900,4.669115870945528,,,
monitor_only,196,0.9428359744411561,0.012114672881431643,0.0,0.0,3.818594020208981,29.083304627001876,0,20,3920,4.392788596828841,,,
monitor_only,197,0.9428640273805869,0.012120255681716485,0.0,0.0,4.186869560798124,29.45158016759102,0,20,3940,4.167955458159627,,,
monitor_only,198,0.9428855753721113,0.012089360096923851,0.0,0.0,4.8552404057327445,30.11995101252564,0,20,3960,4.515801141855192,,,
monitor_only,199,0.9430086623863577,0.011788246731197605,0.0,0.0,2.2791069913327733,27.54381759812567,0,20,3980,1.1934425929428016,,,
monitor_only,200,0.9430737747512357,0.011779762928224358,0.0,0.0,5.981782459872083,31.24649306666498,0,20,4000,9.42691285282519,,,
monitor_only,201,0.9431280723654972,0.01202712093358771,0.0,0.0,6.397789067650716,31.662499674443612,0,20,4020,9.053575681957271,,,
monitor_only,202,0.9431975321034136,0.012012721291606465,0.0,0.0,5.930724181287232,31.195434788080128,0,20,4040,9.450418238570338,,,
monitor_only,203,0.9432547502211419,0.011944629144848506,0.0,0.0,6.171963269249887,31.436673876042782,0,20,4060,9.328939437990272,,,
monitor_only,204,0.9433015177391291,0.011989399467850492,0.0,0.0,4.984170643548018,30.248881250340915,0,20,4080,4.2141075551646505,,,
monitor_only,205,0.9433248563066996,0.011994047074743608,0.0,0.0,4.040110222340837,29.30482082913373,0,20,4100,4.270467057832237,,,
monitor_only,206,0.9433538988982157,0.011781081292226547,0.0,0.0,4.366297460841081,29.631008067633978,0,20,4120,4.194554625324348,,,
monitor_only,207,0.9433416393127907,0.011650197767059778,0.0,0.0,4.313212698061845,29.577923304854743,0,20,4140,4.408800500248766,,,
monitor_only,208,0.9434001785786716,0.011365160296477828,0.0,0.0,4.457498470980568,29.722209077773464,0,20,4160,3.904098065869652,,,
monitor_only,209,0.9434961986253346,0.01124489818207619,0.0,0.0,2.493536104781245,27.75824671157414,0,20,4180,1.314888323420204,,,
monitor_only,210,0.9435523033106499,0.011170194875221418,0.0,0.0,4.213773978482697,29.478484585275595,0,20,4200,4.454741933824488,,,
monitor_only,211,0.9435238874880794,0.011121521008638613,0.0,0.0,4.850285513260175,30.11499612005307,0,20,4220,4.05324916486888,,,
monitor_only,212,0.9435818527491066,0.011055520459965718,0.0,0.0,6.7300980759884945,31.99480868278139,0,20,4240,9.823502197633532,,,
monitor_only,213,0.9436482063731116,0.010986211849391747,0.0,0.0,4.050009138721657,29.31471974551455,0,20,4260,4.660493265049772,,,
monitor_only,214,0.9437116586432224,0.010922958547924577,0.0,0.0,3.7936538080998483,29.058364414892743,0,20,4280,3.849401567070354,,,
monitor_only,215,0.943734720687403,0.011024392077463419,0.0,0.0,4.77487296312209,30.039583569914985,0,20,4300,4.603980897326695,,,
monitor_only,216,0.9437069710378587,0.011147637730962723,0.0,0.0,5.680142892308104,30.944853499101,0,20,4320,9.876754592479289,,,
monitor_only,217,0.9437973649511087,0.011126761036832189,0.0,0.0,4.290207125484511,29.554917732277406,0,20,4340,4.001932733812899,,,
monitor_only,218,0.9438164128234211,0.010990381085244416,0.0,0.0,4.84355382615013,30.108264432943024,0,20,4360,4.520119062275654,,,
monitor_only,219,0.9439660847835403,0.010935595256852282,0.0,0.0,4.582278310435892,29.84698891722879,0,20,4380,4.5096682128681,,,
monitor_only,220,0.9440513150755768,0.010795150366997963,0.0,0.0,3.977616938700598,29.242327545493495,0,20,4400,4.481325884763852,,,
monitor_only,221,0.9440417855025645,0.010796640883142361,0.0,0.0,2.221782842264115,27.48649344905701,0,20,4420,1.153124206128562,,,
monitor_only,222,0.944121348247134,0.010662474428578705,0.0,0.0,2.293755822711478,27.558466429504374,0,20,4440,1.4442601954958183,,,
monitor_only,223,0.944117049755011,0.010573838878019326,0.0,0.0,4.621315748274942,29.886026355067838,0,20,4460,4.655908361886227,,,
monitor_only,224,0.9442194729889586,0.010414711569858626,0.0,0.0,3.556074626071606,28.820785232864502,0,20,4480,4.114520475244773,,,
monitor_only,225,0.9443730366799561,0.010048853528171975,0.0,0.0,3.7471649098729047,29.0118755166658,0,20,4500,4.218177860118957,,,
monitor_only,226,0.944307408910561,0.010161169065942777,0.0,0.0,5.5428661220248845,30.80757672881778,0,20,4520,9.306961410685027,,,
monitor_only,227,0.9443067054777756,0.010149977432418522,0.0,0.0,3.5450432981782263,28.80975390497112,0,20,4540,4.42069612745991,,,
monitor_only,228,0.9442787074445987,0.010261744259795758,0.0,0.0,6.644434222038137,31.90914482883103,0,20,4560,9.565495067928452,,,
monitor_only,229,0.9444189902738942,0.010081979929908447,0.0,0.0,4.184051380333563,29.44876198712646,0,20,4580,4.668257576090455,,,
monitor_only,230,0.9443770177520571,0.010131283615126718,0.0,0.0,4.228639593233719,29.493350200026615,0,20,4600,4.358000709705887,,,
monitor_only,231,0.9445013983601769,0.010041741725419495,0.0,0.0,2.294940482604414,27.55965108939731,0,20,4620,1.1727426196101132,,,
monitor_only,232,0.944580321230214,0.010048486016322355,0.0,0.0,4.295482110789962,29.560192717582858,0,20,4640,4.205032095813473,,,
monitor_only,233,0.9445795781374648,0.010020398526063845,0.0,0.0,4.313738055175768,29.578448661968665,0,20,4660,4.249341031383353,,,
monitor_only,234,0.9446818076768959,0.009967812835249834,0.0,0.0,2.73103756800608,27.995748174798976,0,20,4680,1.249967386393818,,,
monitor_only,235,0.9446211738456769,0.010004525040517409,0.0,0.0,4.875165717294998,30.139876324087894,0,20,4700,4.780167984230859,,,
monitor_only,236,0.9446048496677839,0.010209395909058783,0.0,0.0,4.3207568794862246,29.58546748627912,0,20,4720,4.3517751471587705,,,
monitor_only,237,0.9446555386943867,0.010198979313260303,0.0,0.0,2.8719229167015756,28.13663352349447,0,20,4740,1.2457911375966315,,,
monitor_only,238,0.9447214811974167,0.010081260590103502,0.0,0.0,6.369811077988542,31.63452168478144,0,20,4760,9.537888827948283,,,
monitor_only,239,0.9449349566360387,0.009882779771418493,0.0,0.0,4.25149227256377,29.516202879356666,0,20,4780,4.84059486375612,,,
monitor_only,240,0.9449024849047397,0.009962736799117078,0.0,0.0,2.4180751431480294,27.682785749940926,0,20,4800,1.2847202186880566,,,
monitor_only,241,0.9448849597273794,0.009914138488897661,0.0,0.0,3.8312352800786798,29.095945886871576,0,20,4820,4.14264700779546,,,
monitor_only,242,0.9448911331682045,0.009932467456419403,0.0,0.0,2.189856236040175,27.45456684283307,0,20,4840,1.3329092662180693,,,
monitor_only,243,0.9449173512518477,0.009844505308891693,0.0,0.0,4.299354214397935,29.564064821190833,0,20,4860,4.449987239413281,,,
monitor_only,244,0.9448762585403147,0.009842516942833224,0.0,0.0,4.335221044318141,29.599931651111035,0,20,4880,4.057873728060077,,,
monitor_only,245,0.9448190380870702,0.009904956767313178,0.0,0.0,2.362074506529934,27.62678511332283,0,20,4900,1.1791717433874846,,,
monitor_only,246,0.9447946696442229,0.009883952947305708,0.0,0.0,3.4833776478296308,28.748088254622527,0,20,4920,4.379513415859236,,,
monitor_only,247,0.9448671949685749,0.009764745964124355,0.0,0.0,3.8497882344430323,29.11449884123593,0,20,4940,3.9095771083678175,,,
monitor_only,248,0.9448081331116877,0.009851210052742476,0.0,0.0,2.7748882395323884,28.039598846325283,0,20,4960,1.3128646175183678,,,
monitor_only,249,0.9449421868587393,0.009829847651531609,0.0,0.0,5.062958243356318,30.327668850149216,0,20,4980,9.014930293428797,,,
monitor_only,250,0.9448793740000674,0.010027563441097231,0.0,0.0,3.6427018208331132,28.90741242762601,0,20,5000,4.068841269870679,,,
monitor_only,251,0.9448910854531256,0.01009418019224273,0.0,0.0,4.830265226461077,30.094975833253972,0,20,5020,4.357338907741841,,,
monitor_only,252,0.9448908424832902,0.010105529092383048,0.0,0.0,4.003165851504923,29.26787645829782,0,20,5040,4.263455072349422,,,
monitor_only,253,0.9449831945396407,0.01001768560156191,0.0,0.0,5.901279347282902,31.165989954075798,0,20,5060,9.153091200040135,,,
monitor_only,254,0.9449510277110804,0.010004021227131621,0.0,0.0,3.7337761557829783,28.998486762575872,0,20,5080,4.112925853350373,,,
monitor_only,255,0.9448849096609595,0.01003399421068274,0.0,0.0,2.440521619595143,27.705232226388038,0,20,5100,1.3806353039046304,,,
monitor_only,256,0.9449831010321941,0.010005660010963258,0.0,0.0,4.5433011341670415,29.808011740959937,0,20,5120,4.678841190613916,,,
monitor_only,257,0.9451097751166327,0.009896502628285342,0.0,0.0,2.347134903390228,27.611845510183123,0,20,5140,1.1536434371435862,,,
monitor_only,258,0.9451591680795365,0.009692165570958311,0.0,0.0,3.769897443364528,29.034608050157424,0,20,5160,4.101903090013506,,,
monitor_only,259,0.9452054463485589,0.00966190913740228,0.0,0.0,4.246101335904859,29.510811942697757,0,20,5180,4.617121446283936,,,
monitor_only,260,0.945276005379792,0.009551663946742783,0.0,0.0,6.157799123965354,31.42250973075825,0,20,5200,9.412365301151297,,,
monitor_only,261,0.9453329940838963,0.00932718822235623,0.0,0.0,2.441912583360499,27.706623190153394,0,20,5220,1.3299666083117385,,,
monitor_only,262,0.9453533626356814,0.009241034548294724,0.0,0.0,3.9209144606786244,29.18562506747152,0,20,5240,4.646291375726658,,,
monitor_only,263,0.9453899200580811,0.009245665365187117,0.0,0.0,6.386533298831905,31.651243905624803,0,20,5260,9.62753807087798,,,
monitor_only,264,0.9454623841879712,0.009115683960656207,0.0,0.0,3.975234278870591,29.239944885663487,0,20,5280,4.578124705800913,,,
monitor_only,265,0.9455207249863292,0.00892955150424013,0.0,0.0,2.4341030916677577,27.698813698460654,0,20,5300,1.303728151789296,,,
monitor_only,266,0.9455479330873972,0.008911260700949164,0.0,0.0,2.321544934502123,27.586255541295017,0,20,5320,1.3107543314325034,,,
monitor_only,267,0.9455958038846377,0.008921446857182325,0.0,0.0,6.178451905186276,31.44316251197917,0,20,5340,9.973635020581543,,,
monitor_only,268,0.9455687371824322,0.008832030856027018,0.0,0.0,4.255368862897249,29.520079469690145,0,20,5360,4.155038876645864,,,
monitor_only,269,0.9456016807096688,0.008766199569748667,0.0,0.0,2.490087561012319,27.754798167805216,0,20,5380,1.2429603090857586,,,
monitor_only,270,0.9456738184344977,0.008673817143345697,0.0,0.0,2.4725586244964712,27.737269231289368,0,20,5400,1.2322617847279336,,,
monitor_only,271,0.9455696499387427,0.008723526071258036,0.0,0.0,4.163190239240415,29.42790084603331,0,20,5420,4.356261860630427,,,
monitor_only,272,0.9456799736100754,0.008547829477999924,0.0,0.0,3.430717696427742,28.695428303220638,0,20,5440,4.265667469320212,,,
monitor_only,273,0.9457584734681106,0.008396655801404251,0.0,0.0,4.447464567291054,29.71217517408395,0,20,5460,4.333815113517712,,,
monitor_only,274,0.9459061638145692,0.008316476558418717,0.0,0.0,5.219781463407211,30.484492070200105,0,20,5480,4.058470389537529,,,
monitor_only,275,0.9459026268177828,0.008250794741848422,0.0,0.0,3.981660570658793,29.24637117745169,0,20,5500,4.0736262825031835,,,
monitor_only,276,0.9459826858791787,0.008201216389709387,0.0,0.0,3.9645791013103575,29.229289708103252,0,20,5520,4.2346566082951025,,,
monitor_only,277,0.9459625495884235,0.00815400695974311,0.0,0.0,2.3834480145659214,27.648158621358817,0,20,5540,1.3685724571727529,,,
monitor_only,278,0.9459112944161376,0.008187532234825268,0.0,0.0,5.838256381350328,31.102966988143223,0,20,5560,9.725294317609649,,,
monitor_only,279,0.9458414940546953,0.008307692491997365,0.0,0.0,2.4920367576457365,27.75674736443863,0,20,5580,1.2700445057995673,,,
monitor_only,280,0.9458192686857735,0.008292483097971592,0.0,0.0,10.808961591241264,36.07367219803416,0,20,5600,26.211725002689644,,,
monitor_only,281,0.9458197713221379,0.008270145932670725,0.0,0.0,4.75624463146169,30.020955238254587,0,20,5620,4.2258205368431545,,,
monitor_only,282,0.9457591069156421,0.008279459684725432,0.0,0.0,6.522506550453061,31.787217157245955,0,20,5640,17.015338932306427,,,
monitor_only,283,0.945728369163523,0.008315547133687762,0.0,0.0,2.566328371435612,27.83103897822851,0,20,5660,1.3270007343061654,,,
monitor_only,284,0.9457586148911559,0.008214702930652296,0.0,0.0,6.102355027272548,31.367065634065444,0,20,5680,9.842632392743608,,,
monitor_only,285,0.9458252521072744,0.008167481926958375,0.0,0.0,4.654858844777308,29.919569451570204,0,20,5700,4.721642748658921,,,
monitor_only,286,0.9458579126440109,0.008231393756907956,0.0,0.0,6.586676160265156,31.851386767058052,0,20,5720,9.482382077730968,,,
monitor_only,287,0.945822232722548,0.008309711353278293,0.0,0.0,4.060454769277062,29.325165376069958,0,20,5740,4.0758181565286415,,,
monitor_only,288,0.9458014492313966,0.008146551329981655,0.0,0.0,3.637774384994752,28.90248499178765,0,20,5760,4.279726489978255,,,
monitor_only,289,0.9458507770732847,0.008010389633070547,0.0,0.0,3.7347581904164904,28.999468797209385,0,20,5780,3.9025149842498377,,,
monitor_only,290,0.9458757315362519,0.008024995528689072,0.0,0.0,4.143768027452756,29.408478634245654,0,20,5800,4.353335637789475,,,
monitor_only,291,0.9459116274465033,0.007945984136022433,0.0,0.0,4.72116516392534,29.985875770718238,0,20,5820,4.775823793780848,,,
monitor_only,292,0.9459691963401197,0.00791277934884882,0.0,0.0,4.129454491311207,29.394165098104104,0,20,5840,4.184000831197928,,,
monitor_only,293,0.9460600777164007,0.007816611297064346,0.0,0.0,4.677844217047312,29.942554823840208,0,20,5860,4.954100311206674,,,
monitor_only,294,0.9461981710184847,0.007558056564668458,0.0,0.0,4.272088094189342,29.53679870098224,0,20,5880,4.070610348309196,,,
monitor_only,295,0.9461923313140602,0.007463833019964006,0.0,0.0,2.646733663755074,27.91144427054797,0,20,5900,1.4870335372198087,,,
monitor_only,296,0.9462516210144213,0.007460660012927112,0.0,0.0,6.057280449815611,31.321991056608507,0,20,5920,9.057868228268871,,,
monitor_only,297,0.9462691115349917,0.007401388725241542,0.0,0.0,2.86839615361758,28.133106760410477,0,20,5940,1.2853492843098167,,,
monitor_only,298,0.9462521058081202,0.007456587645051416,0.0,0.0,4.248973051667604,29.5136836584605,0,20,5960,4.391577616255048,,,
monitor_only,299,0.9463486947018871,0.0073318782361262436,0.0,0.0,3.387603025420678,28.652313632213573,0,20,5980,4.10448794407512,,,
monitor_only,300,0.94655285565972,0.00722684855629141,0.0,0.0,2.0746561740945735,27.33936678088747,0,20,6000,1.131594834620101,,,
monitor_only,301,0.9466862278007385,0.007006161172011138,0.0,0.0,4.317533507395958,29.582244114188853,0,20,6020,4.192962384637306,,,
monitor_only,302,0.9466916529199705,0.007105649851356977,0.0,0.0,4.882709351163163,30.14741995795606,0,20,6040,4.407257919060565,,,
monitor_only,303,0.9467170091669244,0.007044075182175646,0.0,0.0,2.4937800409854884,27.758490647778384,0,20,6060,1.259675656741609,,,
monitor_only,304,0.9466305184662923,0.007093738460428267,0.0,0.0,6.0313491298987305,31.296059736691625,0,20,6080,9.64785529366632,,,
monitor_only,305,0.9467084765382919,0.006945677083243784,0.0,0.0,6.271386209402364,31.53609681619526,0,20,6100,9.815215785730086,,,
monitor_only,306,0.9467100222832602,0.00688911169424411,0.0,0.0,6.09231001500938,31.357020621802278,0,20,6120,9.07853810898701,,,
monitor_only,307,0.9466995756181105,0.007054625577978757,0.0,0.0,4.495985692189642,29.760696298982538,0,20,6140,4.4737653798889125,,,
monitor_only,308,0.9466450474649567,0.007124902336014927,0.0,0.0,4.013638328986998,29.278348935779896,0,20,6160,4.372094892104925,,,
monitor_only,309,0.9467002068939627,0.007077410098201509,0.0,0.0,3.2611646688477,28.525875275640594,0,20,6180,4.115135808033718,,,
monitor_only,310,0.9468248464851863,0.006943759580872344,0.0,0.0,6.7796568061363205,32.04436741292922,0,20,6200,9.490132830686262,,,
monitor_only,311,0.9467959194725565,0.0068480819113063696,0.0,0.0,3.8793663057405743,29.14407691253347,0,20,6220,4.5154633573367855,,,
monitor_only,312,0.9467778359171687,0.006798419945554857,0.0,0.0,4.103325583419187,29.36803619021208,0,20,6240,4.252722524823084,,,
monitor_only,313,0.9469021860668991,0.0066628065135850845,0.0,0.0,3.2584933010865336,28.52320390787943,0,20,6260,4.651829512733549,,,
monitor_only,314,0.9468631310473509,0.006718835199960416,0.0,0.0,2.9064753267225765,28.171185933515474,0,20,6280,1.341688466167129,,,
monitor_only,315,0.9469280415227539,0.006841600935978187,0.0,0.0,4.527012120957906,29.791722727750802,0,20,6300,4.422020944729165,,,
monitor_only,316,0.9469232770074011,0.007008947574592916,0.0,0.0,2.42048241227887,27.685193019071765,0,20,6320,1.3153560966876279,,,
monitor_only,317,0.946941265564983,0.007015576936781898,0.0,0.0,4.6347767412896514,29.89948734808255,0,20,6340,3.98349429815744,,,
monitor_only,318,0.9470479043982721,0.006939835303764075,0.0,0.0,2.3333112035512285,27.598021810344125,0,20,6360,1.358765934882145,,,
monitor_only,319,0.9470448417225548,0.00695245261280697,0.0,0.0,4.426879734987526,29.691590341780422,0,20,6380,3.7425263006018303,,,
monitor_only,320,0.9470903963533904,0.006867496492595437,0.0,0.0,8.809006298336412,34.07371690512931,0,20,6400,16.8904946226512,,,
monitor_only,321,0.9471927476242833,0.006801090927421316,0.0,0.0,4.898674880792841,30.163385487585735,0,20,6420,4.565100775065713,,,
monitor_only,322,0.9472565653134362,0.006688843494606855,0.0,0.0,3.0368746922735643,28.30158529906646,0,20,6440,1.3479606695284487,,,
monitor_only,323,0.9473461908173754,0.006709989565923835,0.0,0.0,5.659557312855007,30.924267919647903,0,20,6460,8.917992519299231,,,
monitor_only,324,0.9473742593892694,0.0065953058770101824,0.0,0.0,6.3054540663845025,31.5701646731774,0,20,6480,8.973113741673158,,,
monitor_only,325,0.9474778733408957,0.006461547005611523,0.0,0.0,4.5618597842303465,29.826570391023242,0,20,6500,4.347195473023169,,,
monitor_only,326,0.9474710254430234,0.006525611744996773,0.0,0.0,3.3416927889131003,28.606403395705996,0,20,6520,4.1842015429875214,,,
monitor_only,327,0.9474242287198444,0.006620593635200067,0.0,0.0,4.480999374117694,29.74570998091059,0,20,6540,4.213263636023035,,,
monitor_only,328,0.9474188119588569,0.0067118484854932214,0.0,0.0,3.852306107781656,29.117016714574554,0,20,6560,4.243912145648962,,,
monitor_only,329,0.947433609465044,0.006694831635609799,0.0,0.0,4.584571190060669,29.849281796853564,0,20,6580,4.273333255834679,,,
monitor_only,330,0.9475122155194704,0.006658135349573713,0.0,0.0,7.614691181915311,32.87940178870821,0,20,6600,16.8119287444925,,,
monitor_only,331,0.9475465712329463,0.006635956515051444,0.0,0.0,4.293437945586287,29.558148552379183,0,20,6620,4.681249038090007,,,
monitor_only,332,0.9475766313599483,0.006628778093453969,0.0,0.0,6.249434239082543,31.51414484587544,0,20,6640,8.903341663565607,,,
monitor_only,333,0.9476440978145565,0.006543956242468396,0.0,0.0,2.2725383268789887,27.537248933671883,0,20,6660,1.2152810482040863,,,
monitor_only,334,0.9476843986986659,0.006402781722857687,0.0,0.0,6.217662977015357,31.482373583808254,0,20,6680,9.288513614704069,,,
monitor_only,335,0.9476177125400113,0.006520907029982315,0.0,0.0,2.41164977782156,27.676360384614455,0,20,6700,1.2930038633236978,,,
monitor_only,336,0.9477217131873332,0.0062813013007061436,0.0,0.0,2.529714512502081,27.794425119294978,0,20,6720,1.2897161262516637,,,
monitor_only,337,0.9478361517833154,0.0062819180695482535,0.0,0.0,3.890250385926362,29.154960992719257,0,20,6740,4.160045554298252,,,
monitor_only,338,0.9479132457245035,0.006419180451297635,0.0,0.0,3.8057794479548477,29.070490054747744,0,20,6760,4.029456984009842,,,
monitor_only,339,0.9479243651240553,0.006564657506547111,0.0,0.0,4.114712586137969,29.379423192930865,0,20,6780,4.717997956255401,,,
monitor_only,340,0.9480069182473483,0.006588458439356959,0.0,0.0,6.352053430056978,31.616764036849872,0,20,6800,10.740513382458301,,,
monitor_only,341,0.9480639832128428,0.0065743108229447955,0.0,0.0,5.133689425093937,30.398400031886833,0,20,6820,9.418329009768543,,,
monitor_only,342,0.9481579817091907,0.006497302425708895,0.0,0.0,4.535100984741103,29.799811591534,0,20,6840,4.8197400224220965,,,
monitor_only,343,0.9482165104784406,0.006458194626554281,0.0,0.0,6.103530840284032,31.368241447076926,0,20,6860,9.290432339803237,,,
monitor_only,344,0.9482613728114333,0.0063978579786270195,0.0,0.0,6.4729482469112085,31.737658853704104,0,20,6880,9.798535567007946,,,
monitor_only,345,0.948241423392876,0.00648238168777715,0.0,0.0,3.934197895675188,29.198908502468083,0,20,6900,4.141775020265963,,,
monitor_only,346,0.948218320594861,0.006528938280766283,0.0,0.0,3.7941174912440676,29.05882809803696,0,20,6920,4.1808214838565325,,,
monitor_only,347,0.9483260224723328,0.006389312014715487,0.0,0.0,2.2770190347103356,27.54172964150323,0,20,6940,1.1971480879345984,,,
monitor_only,348,0.9483706062744381,0.0064058592537239445,0.0,0.0,6.091067226833427,31.355777833626323,0,20,6960,9.903777134532364,,,
monitor_only,349,0.9483956915874179,0.006371549924942155,0.0,0.0,6.143376219520471,31.408086826313365,0,20,6980,9.774934641548445,,,
monitor_only,350,0.948384171488321,0.006377135991702865,0.0,0.0,7.330392146804968,32.595102753597864,0,20,7000,9.371550807044088,,,
monitor_only,351,0.9484193821248125,0.006405044019660577,0.0,0.0,4.70041773936556,29.965128346158455,0,20,7020,9.053888785547095,,,
monitor_only,352,0.9483970080195855,0.006427982545576305,0.0,0.0,5.7490847083192165,31.013795315112112,0,20,7040,9.000694387496967,,,
monitor_only,353,0.9484448577543207,0.006512641799576224,0.0,0.0,3.6635447839367146,28.92825539072961,0,20,7060,4.155788466400859,,,
monitor_only,354,0.9485622569883393,0.006390990319791734,0.0,0.0,6.47981888852649,31.744529495319384,0,20,7080,10.348382689153235,,,
monitor_only,355,0.9486575955844192,0.006283696015195406,0.0,0.0,3.9688668874275197,29.233577494220416,0,20,7100,4.197100754564881,,,
monitor_only,356,0.9486713959733066,0.006254009720811582,0.0,0.0,4.668346825352097,29.93305743214499,0,20,7120,3.9328289159475904,,,
monitor_only,357,0.9486462485272474,0.006114949326162522,0.0,0.0,4.128262399499041,29.39297300629194,0,20,7140,4.266890448199427,,,
monitor_only,358,0.9486501964174909,0.006009286149628812,0.0,0.0,4.951340729551925,30.21605133634482,0,20,7160,9.278112351558288,,,
monitor_only,359,0.9486405636938648,0.006016152536710173,0.0,0.0,5.152364138509498,30.417074745302394,0,20,7180,4.4698869560159,,,
monitor_only,360,0.9487037634579102,0.00614211202844972,0.0,0.0,2.8324895969988493,28.097200203791743,0,20,7200,1.3118356732950918,,,
monitor_only,361,0.9486241163035131,0.006291407891157452,0.0,0.0,2.423384667991914,27.68809527478481,0,20,7220,1.1494230180923042,,,
monitor_only,362,0.9487624915660582,0.006138877455503566,0.0,0.0,8.217534063494938,33.482244670287834,0,20,7240,17.225880739567007,,,
monitor_only,363,0.9488050625173067,0.006108410713305035,0.0,0.0,4.6245362048539596,29.889246811646856,0,20,7260,4.750466752832649,,,
monitor_only,364,0.9488500510713502,0.0060904669824558555,0.0,0.0,4.569319242785287,29.834029849578183,0,20,7280,4.236275676103099,,,
monitor_only,365,0.9488816185156055,0.006203482567581298,0.0,0.0,4.571297534828437,29.836008141621335,0,20,7300,4.928158180527666,,,
monitor_only,366,0.9489454958173641,0.0063160648443501,0.0,0.0,6.685474937936145,31.95018554472904,0,20,7320,9.331937294406751,,,
monitor_only,367,0.9489872319323698,0.006185287733697864,0.0,0.0,4.295014098739167,29.559724705532062,0,20,7340,4.254056661049902,,,
monitor_only,368,0.9489929022577654,0.006246676329317857,0.0,0.0,2.743847929159818,28.008558535952716,0,20,7360,1.3622428351620484,,,
monitor_only,369,0.9490319508851067,0.006167631816532015,0.0,0.0,4.868730073291164,30.13344068008406,0,20,7380,4.64244408449159,,,
monitor_only,370,0.9489582667000042,0.006165043744105425,0.0,0.0,2.571875886794208,27.836586493587106,0,20,7400,1.2227437903764726,,,
monitor_only,371,0.949004809414961,0.006168821524414225,0.0,0.0,2.305595493513379,27.570306100306276,0,20,7420,1.2217715037126557,,,
monitor_only,372,0.9490850430162008,0.0059513430888559204,0.0,0.0,4.067128604583164,29.33183921137606,0,20,7440,4.495898025377579,,,
monitor_only,373,0.9491827221970912,0.005890691609698684,0.0,0.0,7.1970982298642046,32.4618088366571,0,20,7460,9.744850027888162,,,
monitor_only,374,0.9492110581961022,0.00599644210857464,0.0,0.0,6.04671827016868,31.311428876961575,0,20,7480,9.207413821799797,,,
monitor_only,375,0.9492065846659977,0.006168427178860347,0.0,0.0,4.402075830869039,29.666786437661933,0,20,7500,4.655755283098142,,,
monitor_only,376,0.9492543812704155,0.006025292420027584,0.0,0.0,4.131514312801257,29.396224919594154,0,20,7520,4.383058823379457,,,
monitor_only,377,0.9493059326742708,0.006128772369873858,0.0,0.0,4.707559343866061,29.972269950658955,0,20,7540,3.967134658958744,,,
monitor_only,378,0.9493155914006431,0.006057035058979032,0.0,0.0,4.167451656723922,29.43216226351682,0,20,7560,4.100897247347095,,,
monitor_only,379,0.9493540245887652,0.00595889732694832,0.0,0.0,2.503667694783693,27.76837830157659,0,20,7580,1.2815616695265168,,,
monitor_only,380,0.949334772217305,0.006148946093152863,0.0,0.0,2.363433416907802,27.6281440237007,0,20,7600,1.3709489802897459,,,
monitor_only,381,0.9493848716689781,0.006078052540006484,0.0,0.0,3.457609051783623,28.72231965857652,0,20,7620,4.031950727259062,,,
monitor_only,382,0.9494713497479651,0.006004614878625691,0.0,0.0,4.074470189091826,29.339180795884722,0,20,7640,4.650168344272613,,,
monitor_only,383,0.9494987959527623,0.006094809283771929,0.0,0.0,2.290366299087573,27.55507690588047,0,20,7660,1.2253193905125628,,,
monitor_only,384,0.9495376190339174,0.00602454446377898,0.0,0.0,6.858699068727047,32.123409675519945,0,20,7680,8.920689807024369,,,
monitor_only,385,0.9495856580513229,0.005928701415058191,0.0,0.0,4.934312941950849,30.199023548743746,0,20,7700,4.375979770887552,,,
monitor_only,386,0.9495785508439365,0.006054282847849368,0.0,0.0,6.220376157158211,31.485086763951106,0,20,7720,9.222778663071916,,,
monitor_only,387,0.9495795695037893,0.006265050634922664,0.0,0.0,3.3369099511735527,28.60162055796645,0,20,7740,4.36979111803593,,,
monitor_only,388,0.9496872210034495,0.006242085300223521,0.0,0.0,4.296771882521189,29.561482489314084,0,20,7760,4.177814954141088,,,
monitor_only,389,0.949658576644522,0.00630800023931799,0.0,0.0,4.231997021162592,29.496707627955487,0,20,7780,4.386798900607996,,,
monitor_only,390,0.9496400944014278,0.006225053591584762,0.0,0.0,12.774693458218904,38.0394040650118,0,20,7800,36.770567947997876,,,
monitor_only,391,0.9496358767716144,0.006186261814448923,0.0,0.0,2.663491490469234,27.92820209726213,0,20,7820,1.196662043736166,,,
monitor_only,392,0.9496914924550636,0.006189146533417955,0.0,0.0,4.221948788040398,29.486659394833293,0,20,7840,4.957650229388726,,,
monitor_only,393,0.9496478958070587,0.006165189560334183,0.0,0.0,3.2713654128928287,28.536076019685723,0,20,7860,1.2119217416003063,,,
monitor_only,394,0.9496228738011072,0.006101052918563332,0.0,0.0,6.081366503198511,31.346077109991406,0,20,7880,9.411553039720616,,,
monitor_only,395,0.9496807495252033,0.005954192427692573,0.0,0.0,4.392889088264669,29.657599695057563,0,20,7900,4.912666001151175,,,
monitor_only,396,0.9497312239306519,0.005992480334961581,0.0,0.0,3.984884286553124,29.24959489334602,0,20,7920,4.33153461822921,,,
monitor_only,397,0.9497164735734283,0.005973484736398249,0.0,0.0,2.3626255136433523,27.627336120436247,0,20,7940,1.3683606469997234,,,
monitor_only,398,0.9497053211085044,0.005903696556372129,0.0,0.0,11.062026811159955,36.32673741795285,0,20,7960,25.91333790686644,,,
monitor_only,399,0.949755825908991,0.005914067615312213,0.0,0.0,2.882250491714688,28.146961098507585,0,20,7980,1.2830492537477067,,,
monitor_only,400,0.9497951454845194,0.005912786135842896,0.0,0.0,4.56489206030806,29.829602667100957,0,20,8000,4.202192995790743,,,
monitor_only,401,0.9497710983256705,0.0060388200524994495,0.0,0.0,2.4204070837835054,27.6851176905764,0,20,8020,1.2528431559898145,,,
monitor_only,402,0.9498403814630212,0.006094112501049853,0.0,0.0,5.345945388918835,30.61065599571173,0,20,8040,9.319261371495537,,,
monitor_only,403,0.9498418469357747,0.006061745162596055,0.0,0.0,3.9182349244178103,29.182945531210706,0,20,8060,4.439540827192953,,,
monitor_only,404,0.9498112837712275,0.006102723837027257,0.0,0.0,4.085149416199477,29.349860022992374,0,20,8080,4.942256030622299,,,
monitor_only,405,0.9497518790794469,0.005998609884095174,0.0,0.0,3.3934249534523016,28.6581355602452,0,20,8100,4.433975824136586,,,
monitor_only,406,0.9497198546129227,0.00615457256530938,0.0,0.0,7.432217932498153,32.69692853929105,0,20,8120,10.261959216240017,,,
monitor_only,407,0.9496750318495006,0.006152772095181835,0.0,0.0,8.16537178212097,33.43008238891387,0,20,8140,15.433098747298747,,,
monitor_only,408,0.949747265133211,0.0061881374045993365,0.0,0.0,7.5003527075934855,32.76506331438638,0,20,8160,9.26923049605209,,,
monitor_only,409,0.9497400792870337,0.006185336546964293,0.0,0.0,6.554688483786824,31.81939909057972,0,20,8180,9.015982719225494,,,
monitor_only,410,0.9497974298775895,0.006087062396844312,0.0,0.0,6.784487575582391,32.049198182375285,0,20,8200,9.561969962896635,,,
monitor_only,411,0.9497869734762993,0.006186677378519301,0.0,0.0,4.34666898714176,29.611379593934657,0,20,8220,4.224654207627027,,,
monitor_only,412,0.9498308327710397,0.006270940800132463,0.0,0.0,6.4887518392001855,31.75346244599308,0,20,8240,9.728715870456563,,,
monitor_only,413,0.9499219345090403,0.006230053153628012,0.0,0.0,5.859777096161925,31.12448770295482,0,20,8260,9.20165573860488,,,
monitor_only,414,0.949918737847267,0.006161527605247463,0.0,0.0,2.4747506092636207,27.739461216056515,0,20,8280,1.2626540685152925,,,
monitor_only,415,0.9499581933382474,0.006114439738992616,0.0,0.0,3.960415455664098,29.225126062456994,0,20,8300,4.299604710107434,,,
monitor_only,416,0.9499146583464856,0.006125368937126896,0.0,0.0,2.4210238997366993,27.685734506529595,0,20,8320,1.2732785669436142,,,
monitor_only,417,0.9499317201159765,0.006068258482680222,0.0,0.0,3.597511297055001,28.862221903847896,0,20,8340,4.223068035927819,,,
monitor_only,418,0.9499368332200504,0.006106886720169236,0.0,0.0,4.933875029763891,30.198585636556786,0,20,8360,4.707868903046965,,,
monitor_only,419,0.9500850439300691,0.006014941412958663,0.0,0.0,4.269407878345907,29.534118485138805,0,20,8380,4.4064238372100615,,,
monitor_only,420,0.9501221711751492,0.005840563912763996,0.0,0.0,6.258783129228591,31.523493736021486,0,20,8400,8.577708676515618,,,
monitor_only,421,0.9501439822519496,0.005750783712565877,0.0,0.0,4.398861420991908,29.663572027784802,0,20,8420,4.415195160449755,,,
monitor_only,422,0.9500708501569122,0.00591167187840691,0.0,0.0,3.4747875308017266,28.739498137594623,0,20,8440,3.584805040853153,,,
monitor_only,423,0.9500350123506559,0.005998759965182621,0.0,0.0,4.55439674144528,29.819107348238177,0,20,8460,4.672966303269777,,,
monitor_only,424,0.9499709844913641,0.006081183113550326,0.0,0.0,2.6671740822258565,27.93188468901875,0,20,8480,1.2963956719499903,,,
monitor_only,425,0.9499599735083448,0.006119965893449986,0.0,0.0,3.249409044098897,28.514119650891793,0,20,8500,4.273381405820202,,,
monitor_only,426,0.9499732597589261,0.0060999981553924165,0.0,0.0,2.993684450900827,28.258395057693722,0,20,8520,1.3793434007363792,,,
monitor_only,427,0.9500190240822807,0.005934150578899122,0.0,0.0,6.206426036917819,31.471136643710715,0,20,8540,9.23629599546949,,,
monitor_only,428,0.9500857750723085,0.005861305823295471,0.0,0.0,2.75281507902538,28.017525685818278,0,20,8560,1.506675681664896,,,
monitor_only,429,0.950062649914312,0.006007707623602032,0.0,0.0,4.641849497817271,29.906560104610165,0,20,8580,4.629186936353097,,,
monitor_only,430,0.9500515367053284,0.006039314043464694,0.0,0.0,3.76249809237954,29.027208699172437,0,20,8600,4.379915774952868,,,
monitor_only,431,0.9500699074320096,0.005914330201555185,0.0,0.0,4.069062375742536,29.333772982535432,0,20,8620,3.983210055817076,,,
monitor_only,432,0.9501338058789964,0.005960589103184755,0.0,0.0,7.001098744102906,32.2658093508958,0,20,8640,9.419440807781028,,,
monitor_only,433,0.9501854526803405,0.006132244138177478,0.0,0.0,4.32787891285525,29.592589519648147,0,20,8660,4.627611717594411,,,
monitor_only,434,0.9502022253726478,0.006100106157564511,0.0,0.0,4.053759521435825,29.31847012822872,0,20,8680,4.179959086330493,,,
monitor_only,435,0.9501996641690825,0.005959567094245943,0.0,0.0,3.343779719521043,28.608490326313937,0,20,8700,4.275284852752699,,,
monitor_only,436,0.9501362389035125,0.005769072671817144,0.0,0.0,6.210348050038221,31.475058656831116,0,20,8720,9.288652639398002,,,
monitor_only,437,0.950068993766315,0.005741221587501122,0.0,0.0,4.228490463313168,29.493201070106064,0,20,8740,4.264516378702284,,,
monitor_only,438,0.9500759890554586,0.005842905598082204,0.0,0.0,3.5104431817356923,28.775153788528588,0,20,8760,4.597080635485238,,,
monitor_only,439,0.9501119952696321,0.005662740187730164,0.0,0.0,2.3746718897177237,27.63938249651062,0,20,8780,1.1983413939926386,,,
monitor_only,440,0.9501249985961122,0.0056084614432762026,0.0,0.0,5.339980310441311,30.60469091723421,0,20,8800,4.428071793536376,,,
monitor_only,441,0.9501797223225458,0.005489714928396006,0.0,0.0,4.3751213590429705,29.639831965835867,0,20,8820,3.7192748926035706,,,
monitor_only,442,0.9502156145315387,0.005427392530373498,0.0,0.0,4.830476857957616,30.095187464750513,0,20,8840,4.663653826169524,,,
monitor_only,443,0.9502781453503891,0.005381349886656839,0.0,0.0,3.9302124065528337,29.19492301334573,0,20,8860,3.604499420731275,,,
monitor_only,444,0.950251085652299,0.005396931049920672,0.0,0.0,6.56803417938454,31.832744786177436,0,20,8880,9.873810801631276,,,
monitor_only,445,0.9502557970177697,0.0054060169417236015,0.0,0.0,2.4552321764873524,27.71994278328025,0,20,8900,1.3044866244196887,,,
monitor_only,446,0.950247389165239,0.005250758144934808,0.0,0.0,8.911104428502027,34.175815035294924,0,20,8920,16.40044901453939,,,
monitor_only,447,0.9503121983625816,0.005335247739102433,0.0,0.0,3.9150150339816476,29.179725640774542,0,20,8940,4.49451696807177,,,
monitor_only,448,0.9503257938287621,0.005277437005812069,0.0,0.0,2.93107851493829,28.195789121731185,0,20,8960,1.3850887927409574,,,
monitor_only,449,0.9502817594628263,0.005243909255793544,0.0,0.0,3.8318026449669222,29.096513251759816,0,20,8980,4.20981336218764,,,
monitor_only,450,0.9502434339921365,0.005239311150506021,0.0,0.0,4.820277550322402,30.084988157115298,0,20,9000,4.619004543502577,,,
monitor_only,451,0.9502209635367126,0.005163391747736057,0.0,0.0,6.088410732532965,31.35312133932586,0,20,9020,9.295175870232562,,,
monitor_only,452,0.9502509112659765,0.004999332207156426,0.0,0.0,2.8326363978024642,28.09734700459536,0,20,9040,1.2923568569253285,,,
monitor_only,453,0.9502885186325383,0.004763442530436146,0.0,0.0,5.409609612235698,30.674320219028594,0,20,9060,4.827747832007494,,,
monitor_only,454,0.9503558293434702,0.004685438032579925,0.0,0.0,4.625505212200614,29.89021581899351,0,20,9080,3.814600523140757,,,
monitor_only,455,0.9503377273537787,0.004600579230605195,0.0,0.0,5.250230459334831,30.514941066127726,0,20,9100,9.500443869892953,,,
monitor_only,456,0.9504119918164664,0.004434742005560155,0.0,0.0,2.7753999308554453,28.040110537648342,0,20,9120,1.193886716957682,,,
monitor_only,457,0.9503729705889202,0.004566866972932737,0.0,0.0,5.3290177842219375,30.593728391014835,0,20,9140,8.81262231261821,,,
monitor_only,458,0.9503982192750601,0.004589317695740114,0.0,0.0,4.20073141246853,29.465442019261424,0,20,9160,4.670351125158752,,,
monitor_only,459,0.9503740372689894,0.004547421364927806,0.0,0.0,4.607058273457676,29.87176888025057,0,20,9180,4.554163046459495,,,
monitor_only,460,0.9504564023314461,0.004556316616121436,0.0,0.0,2.2413773658772316,27.506087972670127,0,20,9200,1.3227329959711556,,,
monitor_only,461,0.9504505643677933,0.004476275184466028,0.0,0.0,3.8626308028484435,29.12734140964134,0,20,9220,4.694429579161413,,,
monitor_only,462,0.9504311927649992,0.004512516428090252,0.0,0.0,6.2566558536505195,31.521366460443417,0,20,9240,9.637994038837114,,,
monitor_only,463,0.950478825164832,0.004558354503119699,0.0,0.0,6.887087195002758,32.15179780179565,0,20,9260,9.326378039054813,,,
monitor_only,464,0.9505101179756451,0.00449352704018513,0.0,0.0,6.842092674278504,32.1068032810714,0,20,9280,9.415811025000753,,,
monitor_only,465,0.9505483242434468,0.004476717862619384,0.0,0.0,4.6142246516284775,29.87893525842137,0,20,9300,4.458023319596506,,,
monitor_only,466,0.950584239429712,0.004489871105119336,0.0,0.0,3.3812562351245843,28.64596684191748,0,20,9320,4.559335056133491,,,
monitor_only,467,0.9505920154886404,0.004447331180288949,0.0,0.0,2.2514014666077733,27.51611207340067,0,20,9340,1.3435452746363064,,,
monitor_only,468,0.9506498687990804,0.004283796944432483,0.0,0.0,2.8213869688691045,28.086097575662002,0,20,9360,1.3416888142572378,,,
monitor_only,469,0.9506510351965949,0.0042553081286959005,0.0,0.0,2.6916005817965276,27.956311188589424,0,20,9380,1.4439564727361347,,,
monitor_only,470,0.9506467721752242,0.004235247655609453,0.0,0.0,2.2964865581792737,27.56119716497217,0,20,9400,1.2789128931348759,,,
monitor_only,471,0.9506990832637608,0.004334139051510366,0.0,0.0,3.0600871539551826,28.32479776074808,0,20,9420,1.1388443573083062,,,
monitor_only,472,0.9507708073471931,0.004132020129057445,0.0,0.0,4.026822483129414,29.29153308992231,0,20,9440,4.373596693975332,,,
monitor_only,473,0.9507156820374141,0.004111858587313333,0.0,0.0,4.453203678951233,29.71791428574413,0,20,9460,4.022998453617422,,,
monitor_only,474,0.9507000856359091,0.004045399126314186,0.0,0.0,3.8840384541169524,29.14874906090985,0,20,9480,4.25961768602782,,,
monitor_only,475,0.9507287729299297,0.004024359789826626,0.0,0.0,7.589939064068091,32.85464967086099,0,20,9500,9.392577860785957,,,
monitor_only,476,0.950697073125032,0.004266589458977288,0.0,0.0,3.7843543928096093,29.049064999602507,0,20,9520,4.499368665532935,,,
monitor_only,477,0.9506826045804064,0.0042290840821745945,0.0,0.0,4.171587742914741,29.436298349707638,0,20,9540,4.430081025083916,,,
monitor_only,478,0.9507210939435665,0.0039968360078248555,0.0,0.0,4.693818196703339,29.958528803496236,0,20,9560,4.070074180984567,,,
monitor_only,479,0.9507681129962418,0.0038400375608146353,0.0,0.0,4.062795373250504,29.327505980043398,0,20,9580,4.894284702737098,,,
monitor_only,480,0.9508695071198237,0.0036712283569713122,0.0,0.0,4.610205002883669,29.874915609676563,0,20,9600,4.314953292706614,,,
monitor_only,481,0.9508916404318936,0.003591133297591531,0.0,0.0,2.8990088947813213,28.163719501574217,0,20,9620,1.4515241340272065,,,
monitor_only,482,0.9508747690536639,0.003589333942523254,0.0,0.0,2.609421462782624,27.87413206957552,0,20,9640,1.1544768156810188,,,
monitor_only,483,0.9509039371141152,0.0036260692431642205,0.0,0.0,3.3245858961061527,28.58929650289905,0,20,9660,4.126202851126383,,,
monitor_only,484,0.9510608676531355,0.0035799764461731387,0.0,0.0,4.048993955074671,29.313704561867567,0,20,9680,4.331406317713171,,,
monitor_only,485,0.9510331547942681,0.0036353932449606496,0.0,0.0,4.686609179194703,29.9513197859876,0,20,9700,4.181228970513184,,,
monitor_only,486,0.9510605277959955,0.003511555401565669,0.0,0.0,2.9754975686776093,28.240208175470507,0,20,9720,1.294788648278819,,,
monitor_only,487,0.951065379651256,0.00347759036887485,0.0,0.0,2.7172277571953143,27.98193836398821,0,20,9740,1.1488343237413794,,,
monitor_only,488,0.9511644182126424,0.003365275489582653,0.0,0.0,4.604291433615697,29.869002040408592,0,20,9760,4.584151626985209,,,
monitor_only,489,0.9512397854051922,0.0031270499344464575,0.0,0.0,5.813135204467431,31.077845811260328,0,20,9780,9.39694825926716,,,
monitor_only,490,0.9512587905293105,0.0030750943217185966,0.0,0.0,2.817114777158717,28.081825383951614,0,20,9800,1.3640197976570483,,,
monitor_only,491,0.9513141373262911,0.0029897638019699135,0.0,0.0,4.161805642393359,29.426516249186257,0,20,9820,4.483095918951561,,,
monitor_only,492,0.9512908433649873,0.0030966128230077716,0.0,0.0,3.327075216672289,28.591785823465184,0,20,9840,4.644450933963103,,,
monitor_only,493,0.9512672506373689,0.0031170745377285813,0.0,0.0,8.599377059111815,33.86408766590471,0,20,9860,16.78867805553216,,,
monitor_only,494,0.9512497075554276,0.0031017900225523976,0.0,0.0,4.001658244500286,29.26636885129318,0,20,9880,3.9949920773864442,,,
monitor_only,495,0.9512505295078195,0.002994109903662223,0.0,0.0,3.9058155106471726,29.17052611744007,0,20,9900,4.477053272303074,,,
monitor_only,496,0.9512034979334949,0.0029607400992971433,0.0,0.0,2.6088689099400613,27.873579516732956,0,20,9920,1.409181808505556,,,
monitor_only,497,0.9512166999112858,0.0030129817512241086,0.0,0.0,2.6976384275103316,27.962349034303227,0,20,9940,1.3997298719186295,,,
monitor_only,498,0.9511680283617586,0.003032142214187017,0.0,0.0,2.456848850185133,27.721559456978028,0,20,9960,1.4371044053277058,,,
monitor_only,499,0.951171731959741,0.003038358522179263,0.0,0.0,3.993043768597371,29.257754375390267,0,20,9980,4.401306926149186,,,
monitor_only,500,0.9511625414654973,0.003224987304391247,0.0,0.0,4.256958626779259,29.521669233572155,0,20,10000,4.0794347290119015,,,
monitor_only,501,0.9511659445285299,0.003063555893295211,0.0,0.0,2.406882712258782,27.671593319051677,0,20,10020,1.2492647929248326,,,
monitor_only,502,0.9511932331209816,0.00311877120437698,0.0,0.0,2.516438961162169,27.781149567955065,0,20,10040,1.2991473596848986,,,
monitor_only,503,0.951176044130364,0.003143381472276663,0.0,0.0,5.795237897146932,31.05994850393983,0,20,10060,9.262416864479695,,,
monitor_only,504,0.9511622130106371,0.003185100503907634,0.0,0.0,4.5396067139759895,29.804317320768885,0,20,10080,4.370345632592787,,,
monitor_only,505,0.9511784615401707,0.003211249164434271,0.0,0.0,3.330484349767471,28.595194956560366,0,20,10100,4.340093751404888,,,
monitor_only,506,0.9511420905682311,0.003201678767129068,0.0,0.0,4.905042166889441,30.169752773682337,0,20,10120,4.413922606459407,,,
monitor_only,507,0.9511806768454204,0.0032875428405779727,0.0,0.0,3.5267356584971843,28.79144626529008,0,20,10140,1.4380676510529085,,,
monitor_only,508,0.9511791773015732,0.0032810892702346273,0.0,0.0,4.9128284665968565,30.177539073389752,0,20,10160,4.176891799566246,,,
monitor_only,509,0.9511911463269418,0.0032847172400912727,0.0,0.0,4.486974643433024,29.75168525022592,0,20,10180,4.281352058016765,,,
monitor_only,510,0.951197595968431,0.0032693876430032187,0.0,0.0,2.837324891468505,28.1020354982614,0,20,10200,1.3699368249505997,,,
monitor_only,511,0.9512649361658226,0.003373560803813902,0.0,0.0,6.369465418903972,31.634176025696867,0,20,10220,9.393015684298089,,,
monitor_only,512,0.9512710515472971,0.0032321348545133466,0.0,0.0,3.69580503577115,28.960515642564047,0,20,10240,4.403309726301446,,,
monitor_only,513,0.9512899744983002,0.003343599421328447,0.0,0.0,4.75895206168636,30.023662668479254,0,20,10260,4.564305794183332,,,
monitor_only,514,0.9513618909183408,0.003270438208883397,0.0,0.0,4.043136846922436,29.307847453715333,0,20,10280,4.288416766036295,,,
monitor_only,515,0.9513380157262905,0.0030970869999507045,0.0,0.0,4.656663660545098,29.921374267337995,0,20,10300,4.501610718875165,,,
monitor_only,516,0.9513212099331406,0.003113990009240286,0.0,0.0,3.817167636705581,29.081878243498476,0,20,10320,4.397887287851834,,,
monitor_only,517,0.9513678978614358,0.003163624570548307,0.0,0.0,4.697442339673691,29.96215294646659,0,20,10340,3.791085981774482,,,
monitor_only,518,0.9513110097576626,0.003187259457762659,0.0,0.0,3.4711933086548816,28.73590391544778,0,20,10360,4.445978149051784,,,
monitor_only,519,0.9513929139488487,0.0031155159563693857,0.0,0.0,6.829444408576139,32.09415501536903,0,20,10380,9.622459176060685,,,
monitor_only,520,0.9513995639705471,0.0031749368267800504,0.0,0.0,3.3691971834008636,28.63390779019376,0,20,10400,1.2329160798926357,,,
monitor_only,521,0.9514342229534984,0.003082974319648546,0.0,0.0,3.1048536755642826,28.369564282357178,0,20,10420,1.218541211370165,,,
monitor_only,522,0.9514570534127476,0.0031117733373018375,0.0,0.0,3.676935391173114,28.94164599796601,0,20,10440,3.909065749366061,,,
monitor_only,523,0.9514562790980884,0.003089382098347304,0.0,0.0,3.729908361037574,28.99461896783047,0,20,10460,4.495149404369744,,,
monitor_only,524,0.9514429534216445,0.0029206779572540364,0.0,0.0,9.343864316607235,34.60857492340013,0,20,10480,16.43647694318564,,,
monitor_only,525,0.9514643117557816,0.002958108581656238,0.0,0.0,4.3988720776374794,29.663582684430374,0,20,10500,4.165356159388247,,,
monitor_only,526,0.9514235169858958,0.0030179195771086187,0.0,0.0,3.7789446962654454,29.04365530305834,0,20,10520,4.545232778293263,,,
monitor_only,527,0.9514764180710812,0.0029570744522622316,0.0,0.0,4.6829617328415525,29.947672339634448,0,20,10540,4.374894465490489,,,
monitor_only,528,0.9514873973731094,0.002843170130588768,0.0,0.0,4.315403263080708,29.580113869873603,0,20,10560,4.54240273533951,,,
monitor_only,529,0.9514615790152364,0.0028901301203062557,0.0,0.0,6.511637856144282,31.77634846293718,0,20,10580,9.411494603021854,,,
monitor_only,530,0.9514726802301678,0.00274783953070723,0.0,0.0,5.390713428232178,30.655424035025074,0,20,10600,9.723149142664404,,,
monitor_only,531,0.9514503554384698,0.0027244103392021213,0.0,0.0,4.229216860402731,29.493927467195626,0,20,10620,4.224745217545598,,,
monitor_only,532,0.9515265944480364,0.0027860257494126683,0.0,0.0,3.6984949481285634,28.96320555492146,0,20,10640,4.079051230966035,,,
monitor_only,533,0.9515857293835912,0.0028498361504960545,0.0,0.0,6.266638202728672,31.531348809521567,0,20,10660,9.75923981994282,,,
monitor_only,534,0.9515720261225014,0.0026965989545317814,0.0,0.0,5.314519312170859,30.579229918963755,0,20,10680,4.310929328329734,,,
monitor_only,535,0.9515971435593124,0.002679047160886072,0.0,0.0,3.294200859808053,28.55891146660095,0,20,10700,4.155611951287281,,,
monitor_only,536,0.9516309537526126,0.002748660117070978,0.0,0.0,4.622027567798255,29.88673817459115,0,20,10720,4.127252870601626,,,
monitor_only,537,0.9516200514949562,0.0026460840832162047,0.0,0.0,4.1216721103923435,29.38638271718524,0,20,10740,4.447835326154379,,,
monitor_only,538,0.9516119932944392,0.002607265362924882,0.0,0.0,2.7992060358218445,28.06391664261474,0,20,10760,1.190915284085868,,,
monitor_only,539,0.951651503239683,0.002551837224444853,0.0,0.0,4.092752634035268,29.357463240828164,0,20,10780,4.2714382687396295,,,
monitor_only,540,0.9516855405873423,0.0025610177596993022,0.0,0.0,4.086635414704369,29.351346021497264,0,20,10800,4.34156839170194,,,
monitor_only,541,0.9517416920769619,0.0027318898052762774,0.0,0.0,3.6029753671313056,28.867685973924203,0,20,10820,4.500528514596789,,,
monitor_only,542,0.9517237002162792,0.0027046200332824233,0.0,0.0,5.458152417259311,30.722863024052206,0,20,10840,10.191311199653029,,,
monitor_only,543,0.9517395775067641,0.0027672400701881372,0.0,0.0,2.2134509988258144,27.47816160561871,0,20,10860,1.4077409393525058,,,
monitor_only,544,0.9517028936741612,0.0028549642000611497,0.0,0.0,4.048630979779206,29.3133415865721,0,20,10880,4.5428586781217435,,,
monitor_only,545,0.9516750158451112,0.0029657789778294585,0.0,0.0,3.774575569874001,29.0392861766669,0,20,10900,3.9205517089600566,,,
monitor_only,546,0.9516757886231506,0.003039953715394672,0.0,0.0,3.5947842380341055,28.859494844827,0,20,10920,3.8566917305824675,,,
monitor_only,547,0.9516114878227787,0.003038765577840219,0.0,0.0,4.309269006077595,29.57397961287049,0,20,10940,3.852361539321502,,,
monitor_only,548,0.9516960533015253,0.003179324804098438,0.0,0.0,2.6189707580793318,27.883681364872228,0,20,10960,1.2901555477985114,,,
monitor_only,549,0.9517089035210375,0.0032350180178338794,0.0,0.0,6.68475890277315,31.949469509566047,0,20,10980,9.345967815477275,,,
monitor_only,550,0.9517319189515187,0.003102065092326134,0.0,0.0,3.431795145134281,28.696505751927177,0,20,11000,4.332496990059857,,,
monitor_only,551,0.9517403409374302,0.0031456863226249077,0.0,0.0,2.707957970481022,27.972668577273918,0,20,11020,1.365378319244162,,,
monitor_only,552,0.9517506016372229,0.003030980250372739,0.0,0.0,4.681243586074167,29.945954192867063,0,20,11040,4.226496749037012,,,
monitor_only,553,0.951756464951425,0.003008312406124869,0.0,0.0,5.263438264872511,30.528148871665408,0,20,11060,4.342239661544037,,,
monitor_only,554,0.9517507280502159,0.003022919394775836,0.0,0.0,3.4266742818511564,28.691384888644052,0,20,11080,4.240667293090337,,,
monitor_only,555,0.9517522868758022,0.003053048949492765,0.0,0.0,7.5455060069581865,32.81021661375108,0,20,11100,9.564944978044403,,,
monitor_only,556,0.951740002959698,0.002978171685167341,0.0,0.0,3.968697816210542,29.23340842300344,0,20,11120,4.003303920038832,,,
monitor_only,557,0.9518195366780242,0.0028341117542259875,0.0,0.0,5.098544357976971,30.363254964769865,0,20,11140,9.369158982788447,,,
monitor_only,558,0.9518330536726316,0.0027900745322154696,0.0,0.0,6.517491035868165,31.78220164266106,0,20,11160,9.161754957859909,,,
monitor_only,559,0.9518271800511557,0.002909126303675791,0.0,0.0,2.8284486309098624,28.093159237702757,0,20,11180,1.3473262919305409,,,
monitor_only,560,0.951843392568353,0.002926894719343154,0.0,0.0,7.725417152632193,32.99012775942509,0,20,11200,16.57282071253353,,,
monitor_only,561,0.9518594497906259,0.002878775394547506,0.0,0.0,3.319058373007293,28.58376897980019,0,20,11220,4.304828547333454,,,
monitor_only,562,0.951858968743528,0.002880331549661941,0.0,0.0,3.43816282707378,28.702873433866674,0,20,11240,4.942844824892702,,,
monitor_only,563,0.9518563155168028,0.002710425374304992,0.0,0.0,4.85609675314579,30.120807359938688,0,20,11260,4.389080104485083,,,
monitor_only,564,0.9518302907735472,0.002656265046179662,0.0,0.0,4.627139972812013,29.89185057960491,0,20,11280,4.473852255581216,,,
monitor_only,565,0.9518068227494624,0.002752408056066691,0.0,0.0,3.12365479839668,28.388365405189575,0,20,11300,1.5125025298708212,,,
monitor_only,566,0.9518140864689759,0.002811813041618594,0.0,0.0,3.8376760433522725,29.102386650145167,0,20,11320,4.519569741512742,,,
monitor_only,567,0.9518315584253838,0.002772742372576409,0.0,0.0,2.355146243673629,27.619856850466526,0,20,11340,1.2401015431275535,,,
monitor_only,568,0.9518681543208908,0.002648689108091573,0.0,0.0,4.103603802244168,29.368314409037062,0,20,11360,4.334893336425426,,,
monitor_only,569,0.9518195045654129,0.002661022685786274,0.0,0.0,6.480398901939624,31.74510950873252,0,20,11380,9.407875348722325,,,
monitor_only,570,0.9518599685784127,0.002645856883783382,0.0,0.0,3.803247657710809,29.067958264503705,0,20,11400,4.4257285621609475,,,
monitor_only,571,0.9519163477810352,0.002643893146980547,0.0,0.0,3.955565344279129,29.220275951072026,0,20,11420,3.6495141401725464,,,
monitor_only,572,0.9519216717963075,0.002751697893743743,0.0,0.0,7.016540230927555,32.28125083772045,0,20,11440,9.072344045548764,,,
monitor_only,573,0.9519412541152622,0.0027698121565852274,0.0,0.0,6.059560992539389,31.324271599332285,0,20,11460,10.112687974013857,,,
monitor_only,574,0.9519958589808944,0.0027494002084464952,0.0,0.0,3.6180338634968856,28.882744470289783,0,20,11480,4.823199916229885,,,
monitor_only,575,0.9519889158854671,0.0027327573749941214,0.0,0.0,2.8725687143466425,28.137279321139538,0,20,11500,1.4526900309010158,,,
monitor_only,576,0.9519985503563742,0.0027604733116082247,0.0,0.0,4.065675307223862,29.33038591401676,0,20,11520,4.4468901050151475,,,
monitor_only,577,0.9520184182564793,0.0029042140506267966,0.0,0.0,2.157413998109561,27.422124604902457,0,20,11540,1.333188381126666,,,
monitor_only,578,0.9519955480021343,0.0029144573608947955,0.0,0.0,2.1502865165831793,27.414997123376075,0,20,11560,1.248658044176834,,,
monitor_only,579,0.951992287860705,0.00300505952218888,0.0,0.0,3.793183923292423,29.05789453008532,0,20,11580,4.031239387321858,,,
monitor_only,580,0.9520477444824911,0.0028468369525074255,0.0,0.0,4.048481219501256,29.31319182629415,0,20,11600,3.80038843742642,,,
monitor_only,581,0.9520728874018005,0.002824510187762086,0.0,0.0,7.614948629874063,32.87965923666696,0,20,11620,9.978645635287066,,,
monitor_only,582,0.9521169428163803,0.0027737080688885474,0.0,0.0,5.549099508846606,30.8138101156395,0,20,11640,8.751780050298043,,,
monitor_only,583,0.9521137303273761,0.0026732816993774167,0.0,0.0,2.135996010856421,27.400706617649316,0,20,11660,1.392255095447479,,,
monitor_only,584,0.9521358085732318,0.0028455066692553155,0.0,0.0,5.088406604455211,30.353117211248108,0,20,11680,8.873839441296939,,,
monitor_only,585,0.9521223315613396,0.002900233691366161,0.0,0.0,5.421575332165576,30.68628593895847,0,20,11700,9.496293583229575,,,
monitor_only,586,0.9520987590339888,0.003055646796670919,0.0,0.0,4.812241587482342,30.076952194275236,0,20,11720,4.102072219047492,,,
monitor_only,587,0.9521366454559345,0.0030321321508445243,0.0,0.0,3.7527114236830545,29.01742203047595,0,20,11740,4.069613224981546,,,
monitor_only,588,0.9521526695062159,0.002884216646674709,0.0,0.0,4.123709844391016,29.38842045118391,0,20,11760,4.35128612476804,,,
monitor_only,589,0.9521171435902946,0.002981190734827943,0.0,0.0,3.9240139876146016,29.188724594407496,0,20,11780,4.060812708663334,,,
monitor_only,590,0.9521093332435053,0.0029713661742885034,0.0,0.0,4.4590222502259405,29.723732857018838,0,20,11800,4.323280643766983,,,
monitor_only,591,0.9520573648634797,0.003040622916803626,0.0,0.0,3.8223264412725246,29.08703704806542,0,20,11820,4.4288579183000065,,,
monitor_only,592,0.9520885923634739,0.002968095051097963,0.0,0.0,2.472700977502157,27.737411584295053,0,20,11840,1.1489287220716673,,,
monitor_only,593,0.9521179910253901,0.003009669073417487,0.0,0.0,4.496502128250982,29.761212735043877,0,20,11860,4.765832114756528,,,
monitor_only,594,0.9521140324775947,0.0029443683480867566,0.0,0.0,6.614065632714083,31.87877623950698,0,20,11880,9.220996093022812,,,
monitor_only,595,0.9521301377370264,0.0030351137263239236,0.0,0.0,5.9030315121173755,31.167742118910272,0,20,11900,4.611705182123982,,,
monitor_only,596,0.9521176795832288,0.0030874864309811123,0.0,0.0,2.572608126822495,27.83731873361539,0,20,11920,1.3003002361281966,,,
monitor_only,597,0.9521359434846489,0.0031852488848772564,0.0,0.0,3.4700796507439704,28.734790257536865,0,20,11940,4.416479695589491,,,
monitor_only,598,0.9521462908227126,0.0033233305035900162,0.0,0.0,8.424916188871187,33.68962679566408,0,20,11960,16.361404462556678,,,
monitor_only,599,0.9522082505146835,0.003341475478790046,0.0,0.0,6.849249103662143,32.11395971045504,0,20,11980,8.981089801980824,,,
monitor_only,600,0.9522513087404698,0.0034207381673763138,0.0,0.0,10.298355198292603,35.5630658050855,0,20,12000,25.641658726807286,,,
monitor_only,601,0.9522311891895542,0.0035132052520409074,0.0,0.0,2.6397292242926746,27.904439831085572,0,20,12020,1.3401318085425757,,,
monitor_only,602,0.952240985992376,0.003533705604116366,0.0,0.0,4.236682392380895,29.50139299917379,0,20,12040,3.9498428526970346,,,
monitor_only,603,0.9522514679373385,0.003554556813323284,0.0,0.0,3.59697365433739,28.861684261130286,0,20,12060,4.507180769877075,,,
monitor_only,604,0.9522774239281887,0.0036122403946087234,0.0,0.0,3.741104549686342,29.005815156479237,0,20,12080,4.40352099704702,,,
monitor_only,605,0.9522917145007163,0.003671459575968705,0.0,0.0,5.461414256870954,30.72612486366385,0,20,12100,9.161072556431614,,,
monitor_only,606,0.9522671994375717,0.0036717292067129925,0.0,0.0,6.592208912427568,31.85691951922046,0,20,12120,9.62717983900275,,,
monitor_only,607,0.952279468895177,0.0036706651619321518,0.0,0.0,3.867863860963456,29.132574467756353,0,20,12140,4.238393522062245,,,
monitor_only,608,0.9522667674084743,0.003770210815818742,0.0,0.0,5.785107040762023,31.049817647554917,0,20,12160,9.045365472543354,,,
monitor_only,609,0.9522894744560149,0.0037188503876735,0.0,0.0,2.666149224859038,27.930859831651933,0,20,12180,1.2062043372266915,,,
monitor_only,610,0.9522946811037213,0.0038083647235740425,0.0,0.0,4.2976459809396435,29.562356587732538,0,20,12200,4.134949940298238,,,
monitor_only,611,0.952279789421551,0.003792316689187003,0.0,0.0,6.360899964638328,31.625610571431224,0,20,12220,9.038807700917289,,,
monitor_only,612,0.9522248440662039,0.0037166089794451462,0.0,0.0,4.624221101504344,29.88893170829724,0,20,12240,4.1864675878857645,,,
monitor_only,613,0.952297749127775,0.0035245426333984087,0.0,0.0,6.8105567251710815,32.07526733196398,0,20,12260,9.13009059564082,,,
monitor_only,614,0.9523287418895668,0.0034644923682052298,0.0,0.0,6.614906370862482,31.879616977655377,0,20,12280,8.937795576400626,,,
monitor_only,615,0.9524012660478692,0.00340877602697387,0.0,0.0,2.479751230119123,27.74446183691202,0,20,12300,1.287001719010692,,,
monitor_only,616,0.9524345885768203,0.0033851071080155393,0.0,0.0,3.8088631488518367,29.073573755644734,0,20,12320,4.372885869177141,,,
monitor_only,617,0.9524335241340142,0.0032523123608987348,0.0,0.0,7.192026753831414,32.45673736062431,0,20,12340,9.55629968707612,,,
monitor_only,618,0.9523919097753921,0.003172071061194215,0.0,0.0,6.437960947371411,31.702671554164308,0,20,12360,9.36255322215837,,,
monitor_only,619,0.9524072954997138,0.003260283238466166,0.0,0.0,4.994484818817209,30.259195425610105,0,20,12380,9.460781053760215,,,
monitor_only,620,0.9524172124623045,0.003147839517276263,0.0,0.0,3.5137139187403843,28.778424525533282,0,20,12400,4.044493139497837,,,
monitor_only,621,0.9524539820144485,0.0031268973862649263,0.0,0.0,3.8697845185880078,29.134495125380905,0,20,12420,4.570064589787717,,,
monitor_only,622,0.9524216496216158,0.0030687379563500983,0.0,0.0,4.724862467398239,29.989573074191135,0,20,12440,4.108856036084052,,,
monitor_only,623,0.9523852605103469,0.0030611660323673906,0.0,0.0,3.758940713791691,29.023651320584587,0,20,12460,4.24783384904025,,,
monitor_only,624,0.9524392812982035,0.0029975425628658847,0.0,0.0,6.552906856707756,31.817617463500653,0,20,12480,9.458023789284873,,,
monitor_only,625,0.9525058459767306,0.002999515133886521,0.0,0.0,5.0639043112350794,30.328614918027974,0,20,12500,4.287260348999979,,,
monitor_only,626,0.9525276798478871,0.0029917101862567685,0.0,0.0,4.27628205420314,29.540992660996036,0,20,12520,4.380043271229938,,,
monitor_only,627,0.9525470431085472,0.002967546668304233,0.0,0.0,4.517194530725588,29.781905137518486,0,20,12540,4.500218330514428,,,
monitor_only,628,0.9525928764877513,0.0028685993554170564,0.0,0.0,7.183274764776338,32.44798537156923,0,20,12560,9.476003168291289,,,
monitor_only,629,0.9525754662761428,0.002802462194434252,0.0,0.0,3.767095291811962,29.03180589860486,0,20,12580,3.9302131185290645,,,
monitor_only,630,0.95263324607471,0.002731558052643135,0.0,0.0,4.523749418888632,29.788460025681527,0,20,12600,4.895433989190244,,,
monitor_only,631,0.9525928708054263,0.0027039377224327144,0.0,0.0,5.0662363788376865,30.330946985630582,0,20,12620,9.362461305316993,,,
monitor_only,632,0.9525822174089079,0.002628667709809629,0.0,0.0,5.1199549329707565,30.384665539763652,0,20,12640,4.642525148692895,,,
monitor_only,633,0.9525915812497678,0.002599853213884007,0.0,0.0,4.058215600185884,29.322926206978778,0,20,12660,5.064312952293066,,,
monitor_only,634,0.9526095416909047,0.002580612217756073,0.0,0.0,2.653642985271647,27.91835359206454,0,20,12680,1.2463213563942093,,,
monitor_only,635,0.9526073564880936,0.0024652551659337663,0.0,0.0,3.435310362201316,28.700020968994213,0,20,12700,4.509433688626058,,,
monitor_only,636,0.9525988068202181,0.0024714160662840934,0.0,0.0,2.6097616693427934,27.87447227613569,0,20,12720,1.269040752139389,,,
monitor_only,637,0.9526417939324723,0.0026657552022792963,0.0,0.0,4.132384670413045,29.397095277205942,0,20,12740,4.492624610787403,,,
monitor_only,638,0.9526331488412239,0.0025910119896809247,0.0,0.0,2.7733463300517007,28.038056936844598,0,20,12760,1.2625643925549288,,,
monitor_only,639,0.9526946078354044,0.00256441098875293,0.0,0.0,2.58699819349653,27.851708800289426,0,20,12780,1.2503707176098575,,,
monitor_only,640,0.9526707420562357,0.0027178874843036827,0.0,0.0,6.32421957960233,31.588930186395224,0,20,12800,9.92307595018759,,,
monitor_only,641,0.9526908866751919,0.0026953476885177574,0.0,0.0,5.836404672795149,31.101115279588043,0,20,12820,8.840561761787095,,,
monitor_only,642,0.9527068030510822,0.0024760316223705336,0.0,0.0,7.044899146621413,32.30960975341431,0,20,12840,9.233770367167772,,,
monitor_only,643,0.9527101732201158,0.002719338637428015,0.0,0.0,4.594534234030706,29.859244840823603,0,20,12860,4.461529627902707,,,
monitor_only,644,0.9527348149529555,0.0027272252978128853,0.0,0.0,7.535884297550219,32.800594904343114,0,20,12880,9.720448442436354,,,
monitor_only,645,0.952673570828513,0.002632119164160951,0.0,0.0,2.2388619919936397,27.503572598786537,0,20,12900,1.2336132416059462,,,
monitor_only,646,0.9526683605469364,0.002533256589787536,0.0,0.0,5.875756124202284,31.14046673099518,0,20,12920,9.876901010904723,,,
monitor_only,647,0.9526691907569186,0.0024081925538399496,0.0,0.0,6.1022465189992685,31.366957125792165,0,20,12940,9.682340008694025,,,
monitor_only,648,0.9526340791757165,0.0024997330944240836,0.0,0.0,5.5930724401933265,30.85778304698622,0,20,12960,4.546501008461574,,,
monitor_only,649,0.9526305323995794,0.002405694689349702,0.0,0.0,5.214432265250982,30.479142872043877,0,20,12980,4.406615102388092,,,
monitor_only,650,0.9526729598374556,0.0025428437372680968,0.0,0.0,5.223446075734519,30.488156682527414,0,20,13000,4.419339460242752,,,
monitor_only,651,0.9526687684243175,0.0024803928811554243,0.0,0.0,7.653130065982115,32.917840672775014,0,20,13020,17.58028116159722,,,
monitor_only,652,0.9526624296522954,0.0023503904034107848,0.0,0.0,3.9038068831992656,29.168517489992162,0,20,13040,4.270583006245457,,,
monitor_only,653,0.9526742516837459,0.0023220166674117193,0.0,0.0,2.3423639213303233,27.60707452812322,0,20,13060,1.494505710972553,,,
monitor_only,654,0.9527208305131556,0.002379513157245716,0.0,0.0,3.522086578650972,28.786797185443866,0,20,13080,4.274857093355069,,,
monitor_only,655,0.9527252643979539,0.0023195997456033624,0.0,0.0,4.764791586420153,30.029502193213048,0,20,13100,4.304112852174698,,,
monitor_only,656,0.9527209184746164,0.002284892018939555,0.0,0.0,5.025255841988299,30.289966448781193,0,20,13120,4.255953925382463,,,
monitor_only,657,0.9527556292147967,0.0022896307509010505,0.0,0.0,5.365011133681098,30.629721740473993,0,20,13140,4.349079324500468,,,
monitor_only,658,0.9527446342994216,0.0021412020888977867,0.0,0.0,3.169049797867388,28.433760404660283,0,20,13160,4.32294317074098,,,
monitor_only,659,0.9527571785679435,0.0022714138546446883,0.0,0.0,4.775695228638836,30.04040583543173,0,20,13180,4.242189342168978,,,
monitor_only,660,0.952731194210321,0.002357301921256605,0.0,0.0,7.294274021186606,32.5589846279795,0,20,13200,9.443372332795336,,,
monitor_only,661,0.9527476159348433,0.002502461278396817,0.0,0.0,4.629962700376652,29.894673307169548,0,20,13220,3.908990668282394,,,
monitor_only,662,0.9526641774081247,0.0025483303483461173,0.0,0.0,3.8065039432460055,29.071214550038903,0,20,13240,3.957031975682131,,,
monitor_only,663,0.9526910016554625,0.002591451145789625,0.0,0.0,2.519542278527986,27.784252885320882,0,20,13260,1.5759025711892551,,,
monitor_only,664,0.9527143207442479,0.002524109988926382,0.0,0.0,5.472897871162232,30.737608477955128,0,20,13280,4.373935893756399,,,
monitor_only,665,0.9527395051141899,0.002414792981332514,0.0,0.0,4.713369603240462,29.978080210033358,0,20,13300,4.625626549926086,,,
monitor_only,666,0.9527276551312939,0.0025325533145289514,0.0,0.0,4.416270819590402,29.680981426383298,0,20,13320,4.729011041875059,,,
monitor_only,667,0.9527405630394574,0.0024721201704125395,0.0,0.0,8.929203685577471,34.193914292370366,0,20,13340,15.988015453011895,,,
monitor_only,668,0.9527494017105304,0.0025755786556760363,0.0,0.0,4.5235160642453565,29.788226671038252,0,20,13360,4.325535639619883,,,
monitor_only,669,0.9527348360462189,0.0024977396590954992,0.0,0.0,4.5553225664008705,29.820033173193767,0,20,13380,4.098945681568469,,,
monitor_only,670,0.9527437073911574,0.0023214959600550422,0.0,0.0,6.869465064057346,32.13417567085024,0,20,13400,10.024867737587748,,,
monitor_only,671,0.9527058156713808,0.0023554529846704364,0.0,0.0,4.8701766939441775,30.134887300737073,0,20,13420,4.574413402526556,,,
monitor_only,672,0.952710436658852,0.0023432999963777235,0.0,0.0,4.980722665403278,30.245433272196173,0,20,13440,4.578734084675209,,,
monitor_only,673,0.9527095569258327,0.002252834535719783,0.0,0.0,2.2786757584037307,27.543386365196625,0,20,13460,1.1912292901268444,,,
monitor_only,674,0.9528043583138158,0.00222514927876738,0.0,0.0,4.7692675873282715,30.03397819412117,0,20,13480,4.478471822356417,,,
monitor_only,675,0.9528317776550098,0.0023199538707049383,0.0,0.0,2.7365608372195886,28.001271444012485,0,20,13500,1.3976433234112062,,,
monitor_only,676,0.952778945252999,0.002352319296125338,0.0,0.0,3.864732327491688,29.129442934284583,0,20,13520,4.423478308676644,,,
monitor_only,677,0.952838737821401,0.002289358666559771,0.0,0.0,4.321676768603952,29.586387375396846,0,20,13540,4.8295266059832445,,,
monitor_only,678,0.9529014614370881,0.0022147097047713338,0.0,0.0,8.726879633096228,33.99159023988912,0,20,13560,16.825154277539166,,,
monitor_only,679,0.9529112200268086,0.00214233865903668,0.0,0.0,4.794031447515516,30.05874205430841,0,20,13580,4.51493749491065,,,
monitor_only,680,0.9529728882205055,0.002025329355513139,0.0,0.0,4.741541058937416,30.00625166573031,0,20,13600,4.945143185490032,,,
monitor_only,681,0.9529610907683127,0.0018243582140733405,0.0,0.0,4.98951910142564,30.254229708218535,0,20,13620,4.422878061005704,,,
monitor_only,682,0.9529350065850098,0.0017487814982287686,0.0,0.0,4.635435918890004,29.9001465256829,0,20,13640,4.237863402909217,,,
monitor_only,683,0.9529220752331222,0.0018242359000074648,0.0,0.0,2.6451204054952573,27.90983101228815,0,20,13660,1.391607451188208,,,
monitor_only,684,0.9529240713470751,0.0017355339081467358,0.0,0.0,4.726250079912197,29.990960686705094,0,20,13680,4.091563786528444,,,
monitor_only,685,0.9529273228272357,0.0017943797042244691,0.0,0.0,2.99885758155001,28.263568188342905,0,20,13700,1.3627549655239437,,,
monitor_only,686,0.9529937285804788,0.0019417342122620695,0.0,0.0,7.165811594542186,32.43052220133508,0,20,13720,9.471137649743977,,,
monitor_only,687,0.9530042029926903,0.0018794895085881835,0.0,0.0,6.416860498057065,31.68157110484996,0,20,13740,9.88541616116938,,,
monitor_only,688,0.9530524719840641,0.0018274273940512842,0.0,0.0,5.586755998025382,30.851466604818278,0,20,13760,9.573803117106454,,,
monitor_only,689,0.9530635935236337,0.0017555772526424152,0.0,0.0,3.2716493205429202,28.536359927335816,0,20,13780,4.0990406789407015,,,
monitor_only,690,0.9530903213189056,0.0017950517114020403,0.0,0.0,5.323687839473931,30.588398446266826,0,20,13800,9.03983684884357,,,
monitor_only,691,0.9530996086419494,0.0017996149933081629,0.0,0.0,4.272217533568917,29.536928140361812,0,20,13820,4.330672679756255,,,
monitor_only,692,0.9530615510099174,0.0018235320057236049,0.0,0.0,3.3363179909688907,28.601028597761786,0,20,13840,4.440172764902326,,,
monitor_only,693,0.9530995425171984,0.0018922627928616986,0.0,0.0,3.9891626496037342,29.25387325639663,0,20,13860,4.171360175150483,,,
monitor_only,694,0.953079401808038,0.0019034991259339051,0.0,0.0,5.046370276734565,30.31108088352746,0,20,13880,4.663372320409636,,,
monitor_only,695,0.9530657423329203,0.0019470094227819201,0.0,0.0,3.849741190252851,29.114451797045746,0,20,13900,4.493622476003794,,,
monitor_only,696,0.9530469137391477,0.0019510518782726027,0.0,0.0,4.537204736467423,29.80191534326032,0,20,13920,4.812671227823456,,,
monitor_only,697,0.953088773667036,0.0018340519432425983,0.0,0.0,3.0884174736704173,28.353128080463314,0,20,13940,1.38161324653918,,,
monitor_only,698,0.9531004244755634,0.0017049698225863885,0.0,0.0,2.2725994537750362,27.537310060567933,0,20,13960,1.3455702276138886,,,
monitor_only,699,0.9531110997911671,0.0017114908582160915,0.0,0.0,2.2520029804466235,27.51671358723952,0,20,13980,1.2307457781360922,,,
monitor_only,700,0.9531091420773916,0.0016094097772291205,0.0,0.0,4.400475242425781,29.665185849218677,0,20,14000,3.9391327373798766,,,
monitor_only,701,0.9531061420369218,0.0015630979674863266,0.0,0.0,4.444948730685021,29.709659337477916,0,20,14020,3.958258860072334,,,
monitor_only,702,0.9531054596236537,0.0016066241106509338,0.0,0.0,4.63266557374006,29.897376180532955,0,20,14040,4.616792299987021,,,
monitor_only,703,0.953146384306547,0.0015662775744340607,0.0,0.0,4.417087710754062,29.681798317546956,0,20,14060,4.103582891181353,,,
monitor_only,704,0.9531263730236661,0.0016693025737065659,0.0,0.0,6.888737080694288,32.15344768748719,0,20,14080,8.758889031911416,,,
monitor_only,705,0.9531164597243648,0.0017132014890450797,0.0,0.0,3.59473959859808,28.859450205390978,0,20,14100,4.281414542813088,,,
monitor_only,706,0.953084122799802,0.0016392913731617664,0.0,0.0,4.093846426827048,29.358557033619945,0,20,14120,4.505963706685741,,,
monitor_only,707,0.9530987155149845,0.001691366191887922,0.0,0.0,4.242078625322488,29.506789232115384,0,20,14140,4.380451518168618,,,
monitor_only,708,0.9531029576771979,0.0016876889817454277,0.0,0.0,4.314792381699656,29.57950298849255,0,20,14160,4.2894823359879295,,,
monitor_only,709,0.9531246813585741,0.0017762877292323287,0.0,0.0,3.0871542975170074,28.351864904309902,0,20,14180,1.1919593191538762,,,
monitor_only,710,0.9531162294504615,0.0016184696106679164,0.0,0.0,3.9474436085673745,29.212154215360272,0,20,14200,4.311298322574724,,,
monitor_only,711,0.9531037863831486,0.0016667661921858645,0.0,0.0,5.897625153256094,31.16233576004899,0,20,14220,9.352539059486238,,,
monitor_only,712,0.9531062009062846,0.0017481199865817532,0.0,0.0,5.453527079552591,30.71823768634549,0,20,14240,9.4667748311947,,,
monitor_only,713,0.9531193860821133,0.0017187826827733677,0.0,0.0,3.570618710084347,28.835329316877242,0,20,14260,4.108155831468104,,,
monitor_only,714,0.9531459167049231,0.0016917702921873667,0.0,0.0,4.936444651262296,30.20115525805519,0,20,14280,9.872681164473367,,,
monitor_only,715,0.9531153948701698,0.0019305509451641445,0.0,0.0,10.31783812971733,35.582548736510226,0,20,14300,26.1382654679153,,,
monitor_only,716,0.9531455777482473,0.0019085666508689147,0.0,0.0,4.024232407411548,29.288943014204442,0,20,14320,4.477134852393766,,,
monitor_only,717,0.9531352427333364,0.002022716369695976,0.0,0.0,5.190411920429613,30.455122527222507,0,20,14340,9.504552283124479,,,
monitor_only,718,0.9531856292794093,0.001875029607349532,0.0,0.0,4.158329747535616,29.423040354328514,0,20,14360,4.508154496707997,,,
monitor_only,719,0.9531872234603067,0.001740053303753153,0.0,0.0,5.4720168813548815,30.73672748814778,0,20,14380,4.258016726662529,,,
monitor_only,720,0.9532080373959727,0.001770641290362418,0.0,0.0,3.211256430993197,28.47596703778609,0,20,14400,4.584981081155064,,,
monitor_only,721,0.9532367807873369,0.0017354650911206582,0.0,0.0,5.2731359391254164,30.537846545918313,0,20,14420,9.847394028161476,,,
monitor_only,722,0.9532469066934383,0.001687540657105524,0.0,0.0,4.410972009815165,29.67568261660806,0,20,14440,4.625592466384579,,,
monitor_only,723,0.9532390084034807,0.0016697240072172104,0.0,0.0,2.733198830811629,27.997909437604527,0,20,14460,1.1269268555432006,,,
monitor_only,724,0.9532698616507029,0.001712224743045665,0.0,0.0,5.1892898694379985,30.454000476230895,0,20,14480,3.9950941516754983,,,
monitor_only,725,0.9532718857100704,0.0017990191872683248,0.0,0.0,5.9903047990032565,31.25501540579615,0,20,14500,8.708793766555283,,,
monitor_only,726,0.9533008480945502,0.0016887342098922398,0.0,0.0,6.0970162924857805,31.361726899278676,0,20,14520,9.082139337333501,,,
monitor_only,727,0.9533367324452588,0.0015931570256082495,0.0,0.0,4.228714063783704,29.4934246705766,0,20,14540,4.519898033774536,,,
monitor_only,728,0.953295888932046,0.0016159406628616368,0.0,0.0,2.4213307954112535,27.68604140220415,0,20,14560,1.2387817555072418,,,
monitor_only,729,0.9532489281354057,0.0016016799965005157,0.0,0.0,7.025521736615521,32.29023234340842,0,20,14580,8.909245820325973,,,
monitor_only,730,0.9532512670084822,0.0016399952528790562,0.0,0.0,4.369916273941449,29.634626880734345,0,20,14600,4.296675393708857,,,
monitor_only,731,0.9532773642126192,0.0016849314086095912,0.0,0.0,3.4985932766554813,28.763303883448376,0,20,14620,4.728023101871258,,,
monitor_only,732,0.9532941905007607,0.0018365944447895632,0.0,0.0,2.584344481214383,27.84905508800728,0,20,14640,1.3550009910963612,,,
monitor_only,733,0.9532792826153896,0.0018661795043061202,0.0,0.0,3.6134163750082706,28.878126981801167,0,20,14660,4.445119549691223,,,
monitor_only,734,0.9532303885765144,0.0019097480637869646,0.0,0.0,3.7156490003122027,28.9803596071051,0,20,14680,3.936262280839218,,,
monitor_only,735,0.9532350583503769,0.00178192664813015,0.0,0.0,3.795475106555947,29.060185713348844,0,20,14700,4.564609507398479,,,
monitor_only,736,0.9532249816201703,0.0016612873563018882,0.0,0.0,3.1103178128454454,28.37502841963834,0,20,14720,1.2875982407380047,,,
monitor_only,737,0.953232760380887,0.001614846687070015,0.0,0.0,6.935691063127378,32.200401669920275,0,20,14740,9.054852768749239,,,
monitor_only,738,0.9532232938301431,0.0015583011622415377,0.0,0.0,6.224467198493423,31.489177805286317,0,20,14760,10.16854299220479,,,
monitor_only,739,0.9532255500717638,0.0016194043000911096,0.0,0.0,4.284400121790208,29.549110728583102,0,20,14780,4.75181603821808,,,
monitor_only,740,0.9532237047689297,0.0015547024698224776,0.0,0.0,5.074504663459829,30.339215270252726,0,20,14800,4.14315591444494,,,
monitor_only,741,0.9532188766605154,0.0016197494639904608,0.0,0.0,2.3497193843655215,27.614429991158417,0,20,14820,1.2667413801751979,,,
monitor_only,742,0.9531902775316887,0.001629860338217326,0.0,0.0,3.0773945456133793,28.342105152406276,0,20,14840,1.3547060005325058,,,
monitor_only,743,0.953176104108807,0.001763683582621578,0.0,0.0,4.958389847109765,30.22310045390266,0,20,14860,4.045698552880457,,,
monitor_only,744,0.953158231913948,0.0016742523421875433,0.0,0.0,6.351656254811782,31.61636686160468,0,20,14880,9.663720993752495,,,
monitor_only,745,0.9531978430908397,0.001869097055018476,0.0,0.0,3.537135116550587,28.801845723343483,0,20,14900,4.16046014598225,,,
monitor_only,746,0.9532120699261726,0.0020579963779167043,0.0,0.0,5.280455037704355,30.545165644497253,0,20,14920,9.681850527491024,,,
monitor_only,747,0.9532004414123256,0.001958124080852164,0.0,0.0,6.774027060093271,32.03873766688616,0,20,14940,16.748119370431873,,,
monitor_only,748,0.953173174681934,0.0018876884471249467,0.0,0.0,7.140184293715739,32.40489490050864,0,20,14960,9.675113238128036,,,
monitor_only,749,0.9532109458525918,0.001860529661656618,0.0,0.0,7.8290566815465255,33.09376728833942,0,20,14980,9.289932079636696,,,
monitor_only,750,0.9531987626345523,0.0017945350716221942,0.0,0.0,3.7579190384339793,29.022629645226875,0,20,15000,4.2539582352536955,,,
monitor_only,751,0.9528642758661048,0.002361420840691797,0.8,0.0,3.772082159989146,29.036792766782042,0,20,15020,13.411255728873433,,,
monitor_only,752,0.9521428947376647,0.0031847462645869795,0.8,0.0,5.02811535893345,30.292825965726344,0,20,15040,5.03638288394767,,,
monitor_only,753,0.9507393464185032,0.004895050439712945,0.8,0.0,4.087865461136867,29.352576067929764,0,20,15060,7.067307971045533,,,
monitor_only,754,0.948191773336518,0.00826861388751332,0.8,0.0,5.069704582382027,30.334415189174923,0,20,15080,7.389473019795586,,,
monitor_only,755,0.9441209968558608,0.014468012571928313,0.8,0.0,3.877396251065253,29.14210685785815,0,20,15100,13.915294055242198,,,
monitor_only,756,0.9391140620599729,0.023444808541351003,0.8,0.0,8.497682431566215,33.76239303835911,0,20,15120,21.302382423990025,,,
monitor_only,757,0.9350815615208606,0.032791033187040464,0.8,0.0,7.3941688984288305,32.658879505221726,0,20,15140,13.487426776844899,,,
monitor_only,758,0.9324220167790461,0.04114222786907218,0.8,0.0,4.161540617054587,29.426251223847483,0,20,15160,7.461942097452065,,,
monitor_only,759,0.9310157664151151,0.04802138155133173,0.8,0.0,2.1654280176047114,27.430138624397607,0,20,15180,7.227108895618896,,,
monitor_only,760,0.9303494936631255,0.05388447660504614,0.8,0.0,4.262906577312047,29.527617184104944,0,20,15200,7.281888437256703,,,
monitor_only,761,0.9300477919295707,0.05911151326216291,0.8,0.0,3.8707928472786413,29.135503454071536,0,20,15220,6.218113484019233,,,
monitor_only,762,0.9299212102664948,0.06413276026815296,0.8,0.0,2.1087543498013597,27.373464956594255,0,20,15240,7.208203311841411,,,
monitor_only,763,0.9298659596440567,0.06876859858851248,0.8,0.0,2.1476973967639545,27.412408003556852,0,20,15260,7.387287837613147,,,
monitor_only,764,0.9298427652755589,0.07344756478857195,0.8,0.0,8.016274856792917,33.280985463585814,0,20,15280,13.367103726694586,,,
monitor_only,765,0.9298324118252288,0.07810321313291568,0.8,0.0,6.068441327255766,31.33315193404866,0,20,15300,13.787992369359564,,,
monitor_only,766,0.9298279198940589,0.0825367864053097,0.8,0.0,3.936149764708784,29.20086037150168,0,20,15320,5.84965536534759,,,
monitor_only,767,0.9298260498716218,0.08705817677403382,0.8,0.0,4.112776796225174,29.37748740301807,0,20,15340,6.962817666823733,,,
monitor_only,768,0.9298251970289957,0.09171820311830947,0.8,0.0,4.199266606902104,29.463977213695,0,20,15360,13.923366547744072,,,
monitor_only,769,0.9298248318188244,0.09631256104598784,0.8,0.0,4.182333243917442,29.447043850710337,0,20,15380,7.514433268066779,,,
monitor_only,770,0.9298246801311885,0.1008615691644088,0.8,0.0,8.139962342890689,33.40467294968359,0,20,15400,13.872850878768533,,,
monitor_only,771,0.9298246118240839,0.10544378640192342,0.8,0.0,6.231501858937433,31.49621246573033,0,20,15420,14.59991698203319,,,
monitor_only,772,0.9298245827987751,0.11006034276266519,0.8,0.0,8.237834592493643,33.50254519928654,0,20,15440,14.044329184191875,,,
monitor_only,773,0.929824570783901,0.11448828846179793,0.8,0.0,3.8347332204030598,29.099443827195955,0,20,15460,6.112446186823802,,,
monitor_only,774,0.9298245653737189,0.11912016031616257,0.8,0.0,4.227817733590393,29.492528340383288,0,20,15480,7.803479777401079,,,
monitor_only,775,0.9298245631744032,0.12358930093046216,0.8,0.0,5.8437576925781105,31.108468299371005,0,20,15500,2.2880632442145283,,,
monitor_only,776,0.9298245621903823,0.12799507232433072,0.8,0.0,5.837579099415321,31.102289706208218,0,20,15520,6.450737431132728,,,
monitor_only,777,0.9298245617555674,0.13257092446377905,0.8,0.0,5.904612020375264,31.16932262716816,0,20,15540,10.39417607940376,,,
monitor_only,778,0.9298245615601216,0.1370749453922615,0.8,0.0,8.272933491332507,33.537644098125405,0,20,15560,20.533814764963118,,,
monitor_only,779,0.9298245614699674,0.14182740037148267,0.8,0.0,3.781714932916175,29.04642553970907,0,20,15580,3.229967367043748,,,
monitor_only,780,0.9298245614321423,0.14642997873911878,0.8,0.0,4.230311068917011,29.495021675709907,0,20,15600,7.313579480834952,,,
monitor_only,781,0.9298245614154085,0.15111247069325673,0.8,0.0,6.330673616348623,31.59538422314152,0,20,15620,14.505238139502824,,,
monitor_only,782,0.9298245614086702,0.15568023300843958,0.8,0.0,10.340591617517962,35.60530222431086,0,20,15640,31.70977152829917,,,
monitor_only,783,0.9298245614058791,0.16026850598005393,0.8,0.0,3.8824547959908777,29.147165402783774,0,20,15660,6.638875905111257,,,
monitor_only,784,0.9298245614045662,0.1648565956477075,0.8,0.0,4.120735714031369,29.385446320824265,0,20,15680,7.447383757929778,,,
monitor_only,785,0.929824561403984,0.16920002784240018,0.8,0.0,6.365169232391205,31.6298798391841,0,20,15700,13.179290428281593,,,
monitor_only,786,0.9298245614037145,0.17384745271963398,0.8,0.0,6.30314516745736,31.567855774250255,0,20,15720,13.750203487911648,,,
monitor_only,787,0.9298245614036039,0.1785083236399143,0.8,0.0,3.8691746903646718,29.13388529715757,0,20,15740,6.247502092086591,,,
monitor_only,788,0.9298245614035496,0.18318650663067138,0.8,0.0,5.709538315091589,30.974248921884485,0,20,15760,6.310341614046979,,,
monitor_only,789,0.929824561403527,0.1877024691789535,0.8,0.0,2.4062645449326006,27.670975151725496,0,20,15780,7.673148153029694,,,
monitor_only,790,0.9298245614035169,0.1923575840048124,0.8,0.0,6.3744623414084804,31.639172948201377,0,20,15800,12.253849300621361,,,
monitor_only,791,0.9298245614035124,0.1969987908737777,0.8,0.0,10.32491317948581,35.58962378627871,0,20,15820,18.941586287160565,,,
monitor_only,792,0.9298245614035103,0.2012752652349239,0.8,0.0,2.34390033947959,27.608610946272485,0,20,15840,7.241756092605978,,,
monitor_only,793,0.9298245614035096,0.20576079193153274,0.8,0.0,4.152606119268105,29.417316726061003,0,20,15860,7.1458811628470436,,,
monitor_only,794,0.9298245614035093,0.21023056872712387,0.8,0.0,4.421351340539838,29.686061947332732,0,20,15880,7.591257162142121,,,
monitor_only,795,0.929824561403509,0.21466001196396067,0.8,0.0,6.451936742302734,31.71664734909563,0,20,15900,13.902916173226036,,,
monitor_only,796,0.9298245614035088,0.21917841989026032,0.8,0.0,2.4610790183870908,27.725789625179985,0,20,15920,8.000011210480885,,,
monitor_only,797,0.9298245614035088,0.2236998579080376,0.8,0.0,6.380262810215883,31.644973417008778,0,20,15940,14.108093537875996,,,
monitor_only,798,0.9298245614035088,0.22818552637281986,0.8,0.0,2.458268298142741,27.722978904935637,0,20,15960,7.283136113400486,,,
monitor_only,799,0.9298245614035089,0.23282632148847582,0.8,0.0,6.496905692133292,31.76161629892619,0,20,15980,20.85093201857745,,,
monitor_only,800,0.9298245614035089,0.23742284212575515,0.8,0.0,6.406142928908894,31.670853535701788,0,20,16000,14.060167560319982,,,
monitor_only,801,0.929824561403509,0.2419149099521235,0.8,0.0,4.515096124448994,29.77980673124189,0,20,16020,14.117627228506427,,,
monitor_only,802,0.9298245614035089,0.2463051212205951,0.8,0.0,5.624469339291097,30.889179946083992,0,20,16040,4.141451895442752,,,
monitor_only,803,0.9298245614035087,0.2505725340511561,0.8,0.0,4.492610242441327,29.757320849234222,0,20,16060,7.4951598808744055,,,
monitor_only,804,0.9298245614035088,0.25516135514484817,0.8,0.0,3.5987566775671036,28.86346728436,0,20,16080,6.9259333964626375,,,
monitor_only,805,0.9298245614035087,0.2596738841531663,0.8,0.0,2.521867676413684,27.78657828320658,0,20,16100,7.573450929147303,,,
monitor_only,806,0.9298245614035087,0.26401414089924424,0.8,0.0,3.649754350149365,28.91446495694226,0,20,16120,6.1577576646411005,,,
monitor_only,807,0.9298245614035088,0.2682064671576936,0.8,0.0,6.570040224430253,31.834750831223147,0,20,16140,13.328931609062678,,,
monitor_only,808,0.929824561403509,0.272655047276249,0.8,0.0,4.583738615980305,29.8484492227732,0,20,16160,13.826681618618252,,,
monitor_only,809,0.9298245614035089,0.27685688803539654,0.8,0.0,6.434770120805169,31.699480727598065,0,20,16180,7.646536524506927,,,
monitor_only,810,0.9298245614035088,0.2810944838222743,0.8,0.0,2.6015823584220263,27.86629296521492,0,20,16200,7.026572042603085,,,
monitor_only,811,0.9298245614035087,0.28545844986163305,0.8,0.0,6.498553880260292,31.76326448705319,0,20,16220,10.789024495312152,,,
monitor_only,812,0.9298245614035087,0.2898104253762789,0.8,0.0,4.611243304382669,29.875953911175564,0,20,16240,13.629427286644258,,,
monitor_only,813,0.9298245614035087,0.294486378456129,0.8,0.0,6.516429071467601,31.781139678260498,0,20,16260,14.431389884968542,,,
monitor_only,814,0.9298245614035089,0.29883014841032174,0.8,0.0,4.626057799177593,29.89076840597049,0,20,16280,12.261927895666787,,,
monitor_only,815,0.9298245614035088,0.3029804504532425,0.8,0.0,6.5332541833923425,31.79796479018524,0,20,16300,13.848924627040846,,,
monitor_only,816,0.9298245614035089,0.3074340255649325,0.8,0.0,8.536377563839878,33.801088170632774,0,20,16320,13.604735941072937,,,
monitor_only,817,0.9298245614035087,0.3119318337453032,0.8,0.0,4.544306353772086,29.809016960564982,0,20,16340,7.50787144751777,,,
monitor_only,818,0.9298245614035089,0.3162533866585786,0.8,0.0,2.6644730756903963,27.92918368248329,0,20,16360,6.932286156528245,,,
monitor_only,819,0.9298245614035088,0.3205250632361467,0.8,0.0,8.242222331055949,33.506932937848845,0,20,16380,14.131922454721941,,,
monitor_only,820,0.9298245614035088,0.3247615681374817,0.8,0.0,6.574280067895884,31.83899067468878,0,20,16400,13.112670944116278,,,
monitor_only,821,0.9298245614035087,0.32888879855915687,0.8,0.0,2.6997041484078514,27.964414755200746,0,20,16420,6.680594720560249,,,
monitor_only,822,0.9298245614035088,0.3332120572699445,0.8,0.0,4.67063238435378,29.935342991146676,0,20,16440,13.213892003519712,,,
monitor_only,823,0.9298245614035087,0.3374622179132889,0.8,0.0,4.559239886347889,29.823950493140785,0,20,16460,7.215388209337527,,,
monitor_only,824,0.9298245614035088,0.3418798733695727,0.8,0.0,5.541918916845278,30.806629523638172,0,20,16480,6.375376799849887,,,
monitor_only,825,0.9298245614035089,0.3459668599557342,0.8,0.0,8.69656468323168,33.961275290024574,0,20,16500,19.896843868469965,,,
monitor_only,826,0.9298245614035088,0.3502898753200512,0.8,0.0,6.623323697957733,31.88803430475063,0,20,16520,13.995707729163373,,,
monitor_only,827,0.9298245614035089,0.35457773659630565,0.8,0.0,6.6317630211229215,31.896473627915817,0,20,16540,13.946694110670512,,,
monitor_only,828,0.9298245614035089,0.3589873491405221,0.8,0.0,6.757696870467632,32.02240747726053,0,20,16560,12.824719136876643,,,
monitor_only,829,0.9298245614035087,0.3631600214530598,0.8,0.0,6.579594475586871,31.84430508237977,0,20,16580,13.730498612678433,,,
monitor_only,830,0.9298245614035088,0.3675052099920565,0.8,0.0,10.778328608394611,36.043039215187505,0,20,16600,20.521342759473274,,,
monitor_only,831,0.9298245614035089,0.37194783454696256,0.8,0.0,4.786980133380543,30.051690740173438,0,20,16620,13.86819575028982,,,
monitor_only,832,0.9298245614035087,0.37637991180943675,0.8,0.0,3.7160225383233247,28.980733145116222,0,20,16640,6.383282608416821,,,
monitor_only,833,0.9298245614035087,0.380791996995795,0.8,0.0,4.802011669983663,30.06672227677656,0,20,16660,14.831805680103672,,,
monitor_only,834,0.9298245614035087,0.3849971083184581,0.8,0.0,8.291154027534589,33.555864634327484,0,20,16680,13.749146488563458,,,
monitor_only,835,0.9298245614035087,0.3892875998971732,0.8,0.0,4.7699942166376115,30.03470482343051,0,20,16700,11.688540020654381,,,
monitor_only,836,0.9298245614035088,0.39383056550614026,0.8,0.0,4.612496918538869,29.877207525331766,0,20,16720,7.582831523290434,,,
monitor_only,837,0.9298245614035087,0.39800264457145784,0.8,0.0,6.699811781054204,31.9645223878471,0,20,16740,13.627298847815434,,,
monitor_only,838,0.9298245614035088,0.4022663595762467,0.8,0.0,6.788097659389612,32.05280826618251,0,20,16760,13.390145441580003,,,
monitor_only,839,0.9298245614035089,0.40672918102629263,0.8,0.0,3.452344515882355,28.71705512267525,0,20,16780,6.748811347275577,,,
monitor_only,840,0.9298245614035088,0.41090841774182785,0.8,0.0,4.739994263633497,30.004704870426394,0,20,16800,6.757050788174795,,,
monitor_only,841,0.9298245614035088,0.4153150597809585,0.8,0.0,8.735742571694276,34.00045317848717,0,20,16820,14.480592986751573,,,
monitor_only,842,0.9298245614035087,0.41955129298706095,0.8,0.0,4.882171600255568,30.146882207048463,0,20,16840,7.22033123455342,,,
monitor_only,843,0.9298245614035087,0.423994608485028,0.8,0.0,6.891734164921483,32.156444771714376,0,20,16860,14.451036276139327,,,
monitor_only,844,0.9298245614035088,0.4281996865058113,0.8,0.0,8.577308288356422,33.842018895149316,0,20,16880,12.05081743341697,,,
monitor_only,845,0.9298245614035087,0.4322389703298928,0.8,0.0,6.853910429678839,32.11862103647174,0,20,16900,12.843965384349852,,,
monitor_only,846,0.9298245614035088,0.43651893429383914,0.8,0.0,8.76245704079556,34.027167647588456,0,20,16920,13.815919446290005,,,
monitor_only,847,0.9298245614035088,0.44073103282928017,0.8,0.0,4.886004925296846,30.15071553208974,0,20,16940,7.1456495427118165,,,
monitor_only,848,0.9298245614035087,0.44490795713650366,0.8,0.0,3.6629651354413797,28.927675742234275,0,20,16960,5.9806303570645225,,,
monitor_only,849,0.9298245614035089,0.44929727922647367,0.8,0.0,4.811504181413113,30.07621478820601,0,20,16980,7.691434398051852,,,
monitor_only,850,0.9298245614035089,0.4535710089585878,0.8,0.0,5.656479653614262,30.92119026040716,0,20,17000,6.922936993369804,,,
monitor_only,851,0.9298245614035088,0.4577261563317877,0.8,0.0,6.346194014314652,31.610904621107547,0,20,17020,13.886504828073411,,,
monitor_only,852,0.9298245614035088,0.4619313987382948,0.8,0.0,8.912453078054341,34.17716368484724,0,20,17040,13.810147443251513,,,
monitor_only,853,0.9298245614035087,0.4663011759787068,0.8,0.0,6.628627368031396,31.89333797482429,0,20,17060,14.215737267106823,,,
monitor_only,854,0.9298245614035088,0.4704289659675417,0.8,0.0,6.985233930904732,32.24994453769763,0,20,17080,13.479147839846215,,,
monitor_only,855,0.9298245614035088,0.4745562711118032,0.8,0.0,4.861298024655696,30.12600863144859,0,20,17100,6.92002352459402,,,
monitor_only,856,0.9298245614035087,0.47893330206339957,0.8,0.0,8.868888884300645,34.13359949109354,0,20,17120,13.778090395871287,,,
monitor_only,857,0.9298245614035089,0.48311198805048605,0.8,0.0,3.2172564294558965,28.481967036248793,0,20,17140,5.175690280985149,,,
monitor_only,858,0.9298245614035089,0.48720450692062756,0.8,0.0,3.0061896163860524,28.27090022317895,0,20,17160,7.329996487812169,,,
monitor_only,859,0.9298245614035088,0.4913716186022906,0.8,0.0,5.014341325315192,30.27905193210809,0,20,17180,7.355819889590086,,,
monitor_only,860,0.9298245614035088,0.4954110619721792,0.8,0.0,3.3315127714547543,28.59622337824765,0,20,17200,5.635869312028362,,,
monitor_only,861,0.9298245614035088,0.49972450495236864,0.8,0.0,9.000093909959523,34.26480451675242,0,20,17220,13.765032782811323,,,
monitor_only,862,0.9298245614035088,0.5037522085007116,0.8,0.0,4.882329362028392,30.14703996882129,0,20,17240,6.83950315076632,,,
monitor_only,863,0.9298245614035088,0.5079452809057166,0.8,0.0,6.904763264800806,32.1694738715937,0,20,17260,13.22989559327253,,,
monitor_only,864,0.9298245614035088,0.5120658805517049,0.8,0.0,4.930009561536792,30.194720168329688,0,20,17280,7.6213897892739695,,,
monitor_only,865,0.9298245614035088,0.5161402021831347,0.8,0.0,4.903873714170004,30.1685843209629,0,20,17300,7.3003983511464545,,,
monitor_only,866,0.9298245614035088,0.5203423862581305,0.8,0.0,7.084911983313589,32.349622590106485,0,20,17320,14.057577060634317,,,
monitor_only,867,0.9298245614035088,0.5246458295558154,0.8,0.0,5.6039212623725145,30.868631869165412,0,20,17340,6.261056665478599,,,
monitor_only,868,0.9298245614035088,0.5287909838476146,0.8,0.0,8.81378293510674,34.07849354189963,0,20,17360,13.817580168170545,,,
monitor_only,869,0.9298245614035088,0.5329133251295424,0.8,0.0,6.949814908577897,32.214525515370795,0,20,17380,13.587183767051027,,,
monitor_only,870,0.9298245614035088,0.536985010851821,0.8,0.0,7.04596797994545,32.31067858673835,0,20,17400,13.383356385560596,,,
monitor_only,871,0.9298245614035088,0.5412339809087396,0.8,0.0,4.964261425997829,30.228972032790725,0,20,17420,7.823587722886551,,,
monitor_only,872,0.9298245614035088,0.5453338256994449,0.8,0.0,3.265053445916711,28.529764052709606,0,20,17440,2.941802331632426,,,
monitor_only,873,0.9298245614035088,0.5494462094007118,0.8,0.0,3.0988279536538244,28.36353856044672,0,20,17460,7.582577193441565,,,
monitor_only,874,0.9298245614035088,0.5535258149529942,0.8,0.0,7.008430782533234,32.27314138932613,0,20,17480,13.703421612556504,,,
monitor_only,875,0.9298245614035088,0.557480526293954,0.8,0.0,5.57870103963173,30.843411646424627,0,20,17500,6.06723005458651,,,
monitor_only,876,0.9298245614035088,0.5617128049020115,0.8,0.0,5.575697536661579,30.840408143454475,0,20,17520,6.193107101901073,,,
monitor_only,877,0.9298245614035088,0.5659109561373692,0.8,0.0,5.072252355255766,30.336962962048663,0,20,17540,11.73224921838797,,,
monitor_only,878,0.9298245614035088,0.5700314777181619,0.8,0.0,7.231692531612168,32.496403138405064,0,20,17560,6.5520234178894325,,,
monitor_only,879,0.9298245614035088,0.5742216177469313,0.8,0.0,9.146860637317218,34.411571244110114,0,20,17580,14.274114109555153,,,
monitor_only,880,0.9298245614035088,0.5782960905581305,0.8,0.0,5.187288805427292,30.45199941222019,0,20,17600,13.981118270885572,,,
monitor_only,881,0.9298245614035088,0.5823780440933304,0.8,0.0,5.132733401009091,30.397444007801987,0,20,17620,14.093832474947373,,,
monitor_only,882,0.9298245614035088,0.5864431535815997,0.8,0.0,5.170846578931882,30.43555718572478,0,20,17640,13.667732160864833,,,
monitor_only,883,0.9298245614035088,0.5906244149771258,0.8,0.0,5.148452207680616,30.413162814473512,0,20,17660,13.704606972748486,,,
monitor_only,884,0.9298245614035088,0.5949973776150064,0.8,0.0,3.1875137010442245,28.45222430783712,0,20,17680,6.368016482762665,,,
monitor_only,885,0.9298245614035088,0.5987632619603491,0.8,0.0,7.06953577571729,32.33424638251019,0,20,17700,10.535178665743425,,,
monitor_only,886,0.9298245614035088,0.6027051479691952,0.8,0.0,3.2501581028680944,28.51486870966099,0,20,17720,6.754221815283661,,,
monitor_only,887,0.9298245614035088,0.606615507899686,0.8,0.0,5.108706050915165,30.373416657708063,0,20,17740,7.307633179200837,,,
monitor_only,888,0.9298245614035088,0.6105533157084586,0.8,0.0,9.15852037763841,34.42323098443131,0,20,17760,13.412852926724533,,,
monitor_only,889,0.9298245614035088,0.6143495884947663,0.8,0.0,7.226339194200572,32.491049800993466,0,20,17780,13.832869655534829,,,
monitor_only,890,0.9298245614035088,0.6184344898264664,0.8,0.0,5.266937057097513,30.53164766389041,0,20,17800,14.386774843694932,,,
monitor_only,891,0.9298245614035088,0.6224167621459462,0.8,0.0,6.955224813481777,32.21993542027467,0,20,17820,7.559427605678109,,,
monitor_only,892,0.9298245614035088,0.6264350356363382,0.8,0.0,7.249939890362498,32.514650497155394,0,20,17840,13.761197422154291,,,
monitor_only,893,0.9298245614035088,0.6304284050798039,0.8,0.0,5.305501650220208,30.570212257013104,0,20,17860,7.424194628681017,,,
monitor_only,894,0.9298245614035088,0.6343339634452161,0.8,0.0,5.040158171818803,30.3048687786117,0,20,17880,7.591908215943481,,,
monitor_only,895,0.9298245614035088,0.6385283965829427,0.8,0.0,4.953186358767425,30.21789696556032,0,20,17900,2.110947995523313,,,
monitor_only,896,0.9298245614035088,0.6423890363997884,0.8,0.0,7.281896661148721,32.54660726794162,0,20,17920,13.086430112357842,,,
monitor_only,897,0.9298245614035088,0.6462119154780976,0.8,0.0,5.336750527811016,30.601461134603912,0,20,17940,7.122508937964574,,,
monitor_only,898,0.9298245614035088,0.6500868317141615,0.8,0.0,5.335980325419882,30.60069093221278,0,20,17960,13.904112724162168,,,
monitor_only,899,0.9298245614035088,0.6540181046035045,0.8,0.0,7.198616750637731,32.46332735743063,0,20,17980,13.98825629335887,,,
monitor_only,900,0.9298245614035088,0.6581080585825181,0.8,0.0,7.206472659100598,32.471183265893494,0,20,18000,13.81373925593856,,,
monitor_only,901,0.9298245614035088,0.6620871507735366,0.8,0.0,3.4992580648410865,28.763968671633982,0,20,18020,6.131485040578536,,,
monitor_only,902,0.9298245614035088,0.666036729380771,0.8,0.0,5.26665880167163,30.531369408464528,0,20,18040,7.09505726812524,,,
monitor_only,903,0.9298245614035088,0.6699696968709599,0.8,0.0,7.198968882692327,32.46367948948522,0,20,18060,13.93767402793878,,,
monitor_only,904,0.9298245614035088,0.6738126320601892,0.8,0.0,7.3263231087851945,32.59103371557809,0,20,18080,13.914437703151389,,,
monitor_only,905,0.9298245614035088,0.6774849814361759,0.8,0.0,7.391255995966048,32.655966602758944,0,20,18100,13.19446364551352,,,
monitor_only,906,0.9298245614035088,0.6814584782982538,0.8,0.0,9.250038028190204,34.5147486349831,0,20,18120,14.104682498013412,,,
monitor_only,907,0.9298245614035088,0.685396629460413,0.8,0.0,5.3489636254744255,30.61367423226732,0,20,18140,13.718979033258519,,,
monitor_only,908,0.9298245614035088,0.6893472706283261,0.8,0.0,3.4231175609572047,28.6878281677501,0,20,18160,7.56513184478756,,,
monitor_only,909,0.9298245614035088,0.6934921102024587,0.8,0.0,9.272235137289613,34.53694574408251,0,20,18180,14.398134613395516,,,
monitor_only,910,0.9298245614035088,0.6973548388663213,0.8,0.0,5.429837402645035,30.69454800943793,0,20,18200,7.7259656168447535,,,
monitor_only,911,0.9298245614035088,0.7012409799770769,0.8,0.0,3.176958769140773,28.441669375933667,0,20,18220,4.433309106159677,,,
monitor_only,912,0.9298245614035088,0.7049444624218826,0.8,0.0,7.455113538901514,32.71982414569441,0,20,18240,13.515805742464948,,,
monitor_only,913,0.9298245614035088,0.7089091558505236,0.8,0.0,5.411803131240921,30.67651373803382,0,20,18260,7.198230406149931,,,
monitor_only,914,0.9298245614035088,0.7126878292665029,0.8,0.0,7.357538310356517,32.62224891714941,0,20,18280,13.268556002856695,,,
monitor_only,915,0.9298245614035088,0.7165959055707969,0.8,0.0,4.966329478626696,30.231040085419593,0,20,18300,7.586156351588086,,,
monitor_only,916,0.9298245614035088,0.7204068776124688,0.8,0.0,8.544367080709113,33.80907768750201,0,20,18320,14.37251081970357,,,
monitor_only,917,0.9298245614035088,0.724230522214093,0.8,0.0,9.192046205620557,34.45675681241345,0,20,18340,13.91273987448462,,,
monitor_only,918,0.9298245614035088,0.7282157983173654,0.8,0.0,9.223071583747261,34.48778219054016,0,20,18360,16.89793799429201,,,
monitor_only,919,0.9298245614035088,0.7320010586266712,0.8,0.0,5.439895906742436,30.70460651353533,0,20,18380,7.288132455464853,,,
monitor_only,920,0.9298245614035088,0.7355938470777408,0.8,0.0,7.466064078782135,32.73077468557503,0,20,18400,13.386489293036034,,,
monitor_only,921,0.9298245614035088,0.7395735551076583,0.8,0.0,5.301433904986084,30.56614451177898,0,20,18420,8.243703688877678,,,
monitor_only,922,0.9298245614035088,0.7435920967902969,0.8,0.0,3.4812264335247773,28.745937040317674,0,20,18440,6.630924752798368,,,
monitor_only,923,0.9298245614035088,0.7473908611782349,0.8,0.0,5.539815772527845,30.80452637932074,0,20,18460,13.066401747226395,,,
monitor_only,924,0.9298245614035088,0.7509864422468249,0.8,0.0,2.761922680159804,28.0266332869527,0,20,18480,3.083912116505249,,,
monitor_only,925,0.9298245614035088,0.7549227291711211,0.8,0.0,4.981146281876458,30.245856888669355,0,20,18500,6.364038504174125,,,
monitor_only,926,0.9298245614035088,0.7588718845064941,0.8,0.0,7.250919799952461,32.51563040674536,0,20,18520,9.670236667067616,,,
monitor_only,927,0.9298245614035088,0.7630094000115812,0.8,0.0,5.500023323706387,30.764733930499283,0,20,18540,7.656685341026424,,,
monitor_only,928,0.9298245614035088,0.766774945533103,0.8,0.0,5.578650378970451,30.843360985763347,0,20,18560,13.75144990951098,,,
monitor_only,929,0.9298245614035088,0.7705857787819295,0.8,0.0,5.586181470013685,30.85089207680658,0,20,18580,7.8081924824459925,,,
monitor_only,930,0.9298245614035088,0.7742895900719777,0.8,0.0,5.54150050301909,30.806211109811986,0,20,18600,7.4026492139603315,,,
monitor_only,931,0.9298245614035088,0.7781062761752544,0.8,0.0,3.5870987657282667,28.851809372521164,0,20,18620,7.527748443696419,,,
monitor_only,932,0.9298245614035088,0.7817785174939675,0.8,0.0,7.5949583236111575,32.859668930404055,0,20,18640,13.36978758250844,,,
monitor_only,933,0.9298245614035088,0.7857008878950074,0.8,0.0,5.382429808572246,30.647140415365143,0,20,18660,7.589144971124844,,,
monitor_only,934,0.9298245614035088,0.7896756979895527,0.8,0.0,11.62403335473736,36.88874396153025,0,20,18680,22.360496502771184,,,
monitor_only,935,0.9298245614035088,0.7935580046641058,0.8,0.0,7.395599566418127,32.66031017321102,0,20,18700,10.164038038277972,,,
monitor_only,936,0.9298245614035088,0.7971385016998003,0.8,0.0,3.639747588275668,28.904458195068564,0,20,18720,7.135609196725504,,,
monitor_only,937,0.9298245614035088,0.8010041651949036,0.8,0.0,5.528338025526788,30.793048632319685,0,20,18740,7.509027146274557,,,
monitor_only,938,0.9298245614035088,0.8049297578107608,0.8,0.0,11.226439527481205,36.4911501342741,0,20,18760,14.111464072763589,,,
monitor_only,939,0.9298245614035088,0.808723075029828,0.8,0.0,3.607787771481412,28.872498378274308,0,20,18780,6.783011014847442,,,
monitor_only,940,0.9298245614035088,0.8124780153598923,0.8,0.0,3.670077729007062,28.934788335799958,0,20,18800,6.927314612458352,,,
monitor_only,941,0.9298245614035088,0.816100699119154,0.8,0.0,3.5798636387386296,28.844574245531525,0,20,18820,6.340506144022204,,,
monitor_only,942,0.9298245614035088,0.8198781889688023,0.8,0.0,9.610085232613983,34.87479583940688,0,20,18840,13.770950600704388,,,
monitor_only,943,0.9298245614035088,0.823441648112756,0.8,0.0,5.680124071874199,30.944834678667096,0,20,18860,13.931490592124081,,,
monitor_only,944,0.9298245614035088,0.8272233431104421,0.8,0.0,5.115865328228135,30.38057593502103,0,20,18880,7.229004048380311,,,
monitor_only,945,0.9298245614035088,0.8308428455022445,0.8,0.0,5.2647511219544185,30.529461728747314,0,20,18900,7.562316209830284,,,
monitor_only,946,0.9298245614035088,0.8343372816553132,0.8,0.0,9.659371890083435,34.92408249687633,0,20,18920,13.427065574669516,,,
monitor_only,947,0.9298245614035088,0.838177730195216,0.8,0.0,5.709538585396293,30.97424919218919,0,20,18940,13.743697647324042,,,
monitor_only,948,0.9298245614035088,0.8419367735822736,0.8,0.0,7.673628966629357,32.938339573422255,0,20,18960,13.593834412588382,,,
monitor_only,949,0.9298245614035088,0.8456970173085534,0.8,0.0,9.514604277529392,34.77931488432229,0,20,18980,17.833484547419907,,,
monitor_only,950,0.9298245614035088,0.8493986728604772,0.8,0.0,4.641657148161566,29.906367754954463,0,20,19000,7.216843395430911,,,
monitor_only,951,0.9298245614035088,0.8533189862757489,0.8,0.0,7.431557068209335,32.69626767500223,0,20,19020,14.619959195962048,,,
monitor_only,952,0.9298245614035088,0.856954459851121,0.8,0.0,5.507066264377727,30.771776871170623,0,20,19040,7.190834152692685,,,
monitor_only,953,0.9298245614035088,0.8603756599030239,0.8,0.0,5.1602106029448205,30.424921209737718,0,20,19060,7.184012827588691,,,
monitor_only,954,0.9298245614035088,0.8640719808753421,0.8,0.0,5.758338996083884,31.02304960287678,0,20,19080,7.655362213588961,,,
monitor_only,955,0.9298245614035088,0.8676073663644099,0.8,0.0,7.554403954488104,32.819114561281,0,20,19100,13.431159430619964,,,
monitor_only,956,0.9298245614035088,0.8711424412834681,0.8,0.0,4.658139355066359,29.922849961859256,0,20,19120,6.041506796237525,,,
monitor_only,957,0.9298245614035088,0.8746666427468266,0.8,0.0,7.794916461514276,33.05962706830717,0,20,19140,13.830894669641252,,,
monitor_only,958,0.9298245614035088,0.8782630324004224,0.8,0.0,7.722497923948216,32.987208530741114,0,20,19160,12.276126086288711,,,
monitor_only,959,0.9298245614035088,0.881769997275893,0.8,0.0,3.339789611690852,28.604500218483746,0,20,19180,6.568204864356819,,,
monitor_only,960,0.9298245614035088,0.8855359253915036,0.8,0.0,2.654652158980184,27.91936276577308,0,20,19200,2.9304054384186564,,,
monitor_only,961,0.9298245614035088,0.8893347381109167,0.8,0.0,7.767973620561103,33.032684227354,0,20,19220,13.413379534217611,,,
monitor_only,962,0.9298245614035088,0.8929637181214418,0.8,0.0,7.83130105516932,33.096011661962216,0,20,19240,13.050584967880035,,,
monitor_only,963,0.9298245614035088,0.8963317684465346,0.8,0.0,9.7821571427689,35.0468677495618,0,20,19260,13.339648704693744,,,
monitor_only,964,0.9298245614035088,0.899848764319471,0.8,0.0,4.633266795532526,29.897977402325424,0,20,19280,6.310202824858997,,,
monitor_only,965,0.9298245614035088,0.903610113765599,0.8,0.0,3.3189338963821533,28.583644503175048,0,20,19300,5.497237630086718,,,
monitor_only,966,0.9298245614035088,0.9072940609810616,0.8,0.0,7.500448749470555,32.76515935626345,0,20,19320,9.466375653576048,,,
monitor_only,967,0.9298245614035088,0.9110587692637206,0.8,0.0,7.383572446887949,32.64828305368084,0,20,19340,13.67348478690228,,,
monitor_only,968,0.9298245614035088,0.9144544920103932,0.8,0.0,7.683101687425355,32.94781229421825,0,20,19360,13.28720516677063,,,
monitor_only,969,0.9298245614035088,0.9178740332838802,0.8,0.0,5.8782391609912565,31.142949767784152,0,20,19380,7.04684954783164,,,
monitor_only,970,0.9298245614035088,0.9211590894354336,0.8,0.0,7.781031414342769,33.045742021135666,0,20,19400,11.726986816908413,,,
monitor_only,971,0.9298245614035088,0.9249109744698454,0.8,0.0,3.881265110886337,29.14597571767923,0,20,19420,6.727458399851654,,,
monitor_only,972,0.9298245614035088,0.9283391263853076,0.8,0.0,7.66253926579509,32.927249872587986,0,20,19440,10.460076151308039,,,
monitor_only,973,0.9298245614035088,0.9320980633021629,0.8,0.0,3.7157324498182716,28.98044305661117,0,20,19460,5.911267899703731,,,
monitor_only,974,0.9298245614035088,0.9355940464604522,0.8,0.0,3.902979564519645,29.16769017131254,0,20,19480,7.142545701151998,,,
monitor_only,975,0.9298245614035088,0.9392470441127043,0.8,0.0,9.863644641721788,35.12835524851468,0,20,19500,13.70800893659954,,,
monitor_only,976,0.9298245614035088,0.9426386589361135,0.8,0.0,5.560406592973095,30.82511719976599,0,20,19520,7.071300125211646,,,
monitor_only,977,0.9298245614035088,0.946156029387111,0.8,0.0,5.878990686972543,31.14370129376544,0,20,19540,7.042386968180246,,,
monitor_only,978,0.9298245614035088,0.949808044386977,0.8,0.0,5.885780855219878,31.150491462012774,0,20,19560,7.455346848540137,,,
monitor_only,979,0.9298245614035088,0.9530256969520396,0.8,0.0,5.598557242328752,30.863267849121648,0,20,19580,6.573848538705171,,,
monitor_only,980,0.9298245614035088,0.9567973509072545,0.8,0.0,7.95550845150539,33.220219058298284,0,20,19600,14.221995562997925,,,
monitor_only,981,0.9298245614035088,0.960175848688877,0.8,0.0,3.9494323869507753,29.21414299374367,0,20,19620,7.565561575307566,,,
monitor_only,982,0.9298245614035088,0.9636897094456469,0.8,0.0,5.956989219889692,31.22169982668259,0,20,19640,13.796560172830171,,,
monitor_only,983,0.9298245614035088,0.9672236590376813,0.8,0.0,5.303585800237633,30.56829640703053,0,20,19660,7.474270646336131,,,
monitor_only,984,0.9298245614035088,0.9708178874482318,0.8,0.0,5.8735245041081425,31.13823511090104,0,20,19680,7.392582589919876,,,
monitor_only,985,0.9298245614035088,0.9743687219410695,0.8,0.0,7.9779996678117495,33.24271027460465,0,20,19700,13.930323663656393,,,
monitor_only,986,0.9298245614035088,0.9779700093980759,0.8,0.0,7.317906651737948,32.582617258530846,0,20,19720,7.500091852031182,,,
monitor_only,987,0.9298245614035088,0.9814764986664823,0.8,0.0,4.008571597743564,29.27328220453646,0,20,19740,6.957393580929781,,,
monitor_only,988,0.9298245614035088,0.9850407062873607,0.8,0.0,8.015584576280238,33.280295183073136,0,20,19760,15.003036154304107,,,
monitor_only,989,0.9298245614035088,0.9885430986554484,0.8,0.0,4.667391378457448,29.932101985250345,0,20,19780,3.9378524414849734,,,
monitor_only,990,0.9298245614035088,0.9919389965506122,0.8,0.0,4.337123609063838,29.601834215856734,0,20,19800,2.328502920481978,,,
monitor_only,991,0.9298245614035088,0.9953411022675389,0.8,0.0,9.948918488341292,35.21362909513419,0,20,19820,13.70297920456415,,,
monitor_only,992,0.9298245614035088,0.9986755757237475,0.8,0.0,8.026907719802239,33.291618326595135,0,20,19840,13.46811407361057,,,
monitor_only,993,0.9298245614035088,1.0021213824712192,0.8,0.0,5.987363067275169,31.252073674068065,0,20,19860,14.137058905177364,,,
monitor_only,994,0.9298245614035088,1.0055011439948613,0.8,0.0,4.0405076167286325,29.30521822352153,0,20,19880,6.436714962839957,,,
monitor_only,995,0.9298245614035088,1.0088273788671775,0.8,0.0,2.639609904580501,27.904320511373395,0,20,19900,2.6913623616989644,,,
monitor_only,996,0.9298245614035088,1.0122751312568983,0.8,0.0,7.935095174685406,33.199805781478304,0,20,19920,13.92377239579839,,,
monitor_only,997,0.9298245614035088,1.0154134938928172,0.8,0.0,5.960427194733597,31.225137801526493,0,20,19940,6.805186133190659,,,
monitor_only,998,0.9298245614035088,1.0187708164516935,0.8,0.0,4.083458566732929,29.348169173525825,0,20,19960,6.9663105605864075,,,
monitor_only,999,0.9298245614035088,1.0220844013620816,0.8,0.0,4.026371377099736,29.29108198389263,0,20,19980,6.718278542614562,,,
monitor_only,1000,0.9298245614035088,1.0255237876348813,0.8,0.0,9.38295235817312,34.64766296496602,0,20,20000,13.875185220125006,,,
monitor_only,1001,0.9298245614035088,1.028883804453393,0.8,0.0,9.897349005884166,35.16205961267706,0,20,20020,14.393858579079858,,,
monitor_only,1002,0.9298245614035088,1.032424574082259,0.8,0.0,5.904117304981469,31.168827911774365,0,20,20040,8.006220126087802,,,
monitor_only,1003,0.9298245614035088,1.0361261734968672,0.8,0.0,8.053403299589945,33.31811390638284,0,20,20060,14.500545536598779,,,
monitor_only,1004,0.9298245614035088,1.0394596782131342,0.8,0.0,6.108275617791795,31.372986224584693,0,20,20080,13.471913989168904,,,
monitor_only,1005,0.9298245614035088,1.0428504377255352,0.8,0.0,9.832309157634617,35.097019764427515,0,20,20100,14.151570828784577,,,
monitor_only,1006,0.9298245614035088,1.0463332759285697,0.8,0.0,8.790058864114012,34.054769470906905,0,20,20120,14.693443273534065,,,
monitor_only,1007,0.9298245614035088,1.0497302342127777,0.8,0.0,12.007944680037781,37.27265528683068,0,20,20140,19.982675578754584,,,
monitor_only,1008,0.9298245614035088,1.0530237416031143,0.8,0.0,10.148967832652147,35.41367843944504,0,20,20160,13.72046716562385,,,
monitor_only,1009,0.9298245614035088,1.056269554676425,0.8,0.0,6.021070807026945,31.28578141381984,0,20,20180,7.216976437424532,,,
monitor_only,1010,0.9298245614035088,1.059765377255722,0.8,0.0,8.046642062732115,33.31135266952501,0,20,20200,13.518786617653868,,,
monitor_only,1011,0.9298245614035088,1.0631583468988246,0.8,0.0,3.9074488151745377,29.172159421967432,0,20,20220,7.504849690661086,,,
monitor_only,1012,0.9298245614035088,1.0665557911431869,0.8,0.0,6.085478945964269,31.350189552757165,0,20,20240,6.931423853265154,,,
monitor_only,1013,0.9298245614035088,1.0697508429399936,0.8,0.0,8.80832085454756,34.073031461340456,0,20,20260,13.188910375134007,,,
monitor_only,1014,0.9298245614035088,1.0731214694706763,0.8,0.0,2.375555614496913,27.64026622128981,0,20,20280,2.9497743317369935,,,
monitor_only,1015,0.9298245614035088,1.0766223218290365,0.8,0.0,3.995816733637791,29.260527340430688,0,20,20300,6.056987747833907,,,
monitor_only,1016,0.9298245614035088,1.0800167973500117,0.8,0.0,4.14207113952898,29.406781746321876,0,20,20320,7.73380194236077,,,
monitor_only,1017,0.9298245614035088,1.0832440349414074,0.8,0.0,10.19454464300831,35.4592552498012,0,20,20340,22.202077088260044,,,
monitor_only,1018,0.9298245614035088,1.0866679298300543,0.8,0.0,8.124039742562559,33.388750349355455,0,20,20360,13.969251143572444,,,
monitor_only,1019,0.9298245614035088,1.0902498948390644,0.8,0.0,8.162271516060855,33.42698212285375,0,20,20380,13.76249282518826,,,
monitor_only,1020,0.9298245614035088,1.0935684238742198,0.8,0.0,7.934788293941135,33.19949890073403,0,20,20400,13.618368819040922,,,
monitor_only,1021,0.9298245614035088,1.0967290360298192,0.8,0.0,4.221194863300752,29.48590547009365,0,20,20420,6.962208846122616,,,
monitor_only,1022,0.9298245614035088,1.1000449456379273,0.8,0.0,6.227664883254913,31.49237549004781,0,20,20440,7.123204018510943,,,
monitor_only,1023,0.9298245614035088,1.1034072570261262,0.8,0.0,8.128087942253426,33.39279854904632,0,20,20460,12.541143482293245,,,
monitor_only,1024,0.9298245614035088,1.1068264348599233,0.8,0.0,5.94247775464775,31.207188361440647,0,20,20480,7.487708292923837,,,
monitor_only,1025,0.9298245614035088,1.110338700977717,0.8,0.0,4.198072316734549,29.462782923527445,0,20,20500,7.898310258552335,,,
monitor_only,1026,0.9298245614035088,1.1136889099643164,0.8,0.0,3.9973314573251173,29.262042064118013,0,20,20520,5.2958122692523215,,,
monitor_only,1027,0.9298245614035088,1.1167581914747717,0.8,0.0,4.495188989411266,29.759899596204164,0,20,20540,2.58948597642968,,,
monitor_only,1028,0.9298245614035088,1.1199340764066508,0.8,0.0,7.154501214715007,32.4192118215079,0,20,20560,7.034131601231283,,,
monitor_only,1029,0.9298245614035088,1.12321948800735,0.8,0.0,2.487198300402535,27.751908907195432,0,20,20580,3.396627464906283,,,
monitor_only,1030,0.9298245614035088,1.126595255224659,0.8,0.0,8.28118062191777,33.545891228710666,0,20,20600,13.960821493376628,,,
monitor_only,1031,0.9298245614035088,1.1299877139905095,0.8,0.0,6.179571347132651,31.444281953925547,0,20,20620,7.563408185276748,,,
monitor_only,1032,0.9298245614035088,1.1331896313350265,0.8,0.0,10.295137567021206,35.5598481738141,0,20,20640,13.892877339485825,,,
monitor_only,1033,0.9298245614035088,1.1366444115414136,0.8,0.0,8.039310327518479,33.304020934311374,0,20,20660,14.49101401825688,,,
monitor_only,1034,0.9298245614035088,1.1399341598695887,0.8,0.0,5.908252899063768,31.172963505856664,0,20,20680,7.459104158358944,,,
monitor_only,1035,0.9298245614035088,1.1430009793238132,0.8,0.0,6.3270432601056354,31.591753866898532,0,20,20700,7.4082656274712795,,,
monitor_only,1036,0.9298245614035088,1.1464160380018613,0.8,0.0,9.919138698676306,35.1838493054692,0,20,20720,14.15282888334398,,,
monitor_only,1037,0.9298245614035088,1.149591133212357,0.8,0.0,8.27565932459398,33.54036993138688,0,20,20740,12.405812701723397,,,
monitor_only,1038,0.9298245614035088,1.15298771664822,0.8,0.0,4.346141277091912,29.61085188388481,0,20,20760,7.707707580433642,,,
monitor_only,1039,0.9298245614035088,1.1562258867181485,0.8,0.0,4.338822611080294,29.603533217873192,0,20,20780,6.312923498422979,,,
monitor_only,1040,0.9298245614035088,1.1594474622304107,0.8,0.0,8.298450071511638,33.563160678304534,0,20,20800,12.888075991520099,,,
monitor_only,1041,0.9298245614035088,1.162701861188616,0.8,0.0,6.225425755241835,31.490136362034733,0,20,20820,7.84065863602616,,,
monitor_only,1042,0.9298245614035088,1.1658454531201385,0.8,0.0,7.569964862380138,32.834675469173035,0,20,20840,13.537087960728082,,,
monitor_only,1043,0.9298245614035088,1.169240767782586,0.8,0.0,6.365636138269224,31.63034674506212,0,20,20860,7.681011414655563,,,
monitor_only,1044,0.9298245614035088,1.1723950347802081,0.8,0.0,4.4215247726100415,29.686235379402937,0,20,20880,2.4321034144133655,,,
monitor_only,1045,0.9298245614035088,1.1753496514572637,0.8,0.0,4.37843125434938,29.643141861142276,0,20,20900,7.1650059507097055,,,
monitor_only,1046,0.9298245614035088,1.1785308322936283,0.8,0.0,2.2207963280184613,27.485506934811358,0,20,20920,3.1442817282922992,,,
monitor_only,1047,0.9298245614035088,1.1816213047706892,0.8,0.0,4.402946162575935,29.667656769368833,0,20,20940,7.214806203878656,,,
monitor_only,1048,0.9298245614035088,1.1848121012370478,0.8,0.0,8.348933566656456,33.61364417344935,0,20,20960,14.144144036121503,,,
monitor_only,1049,0.9298245614035088,1.1881481908858402,0.8,0.0,2.3554173825580924,27.620127989350987,0,20,20980,2.9869742024133767,,,
monitor_only,1050,0.9298245614035088,1.1911925087313262,0.8,0.0,6.138897789148625,31.40360839594152,0,20,21000,7.219001503676295,,,
monitor_only,1051,0.9298245614035088,1.1944954802816474,0.8,0.0,10.144096200067832,35.408806806860724,0,20,21020,14.442342463583136,,,
monitor_only,1052,0.9298245614035088,1.1976007920681762,0.8,0.0,10.373276639342446,35.63798724613534,0,20,21040,13.715221900260408,,,
monitor_only,1053,0.9298245614035088,1.2006753905337824,0.8,0.0,4.447833163083791,29.71254376987669,0,20,21060,6.593147757406078,,,
monitor_only,1054,0.9298245614035088,1.203995982314111,0.8,0.0,8.446845926683675,33.71155653347657,0,20,21080,14.306434684159168,,,
monitor_only,1055,0.9298245614035088,1.2072756975062038,0.8,0.0,7.625909385805585,32.89061999259848,0,20,21100,14.187773896947238,,,
monitor_only,1056,0.9298245614035088,1.2104255124102672,0.8,0.0,6.459420057468227,31.724130664261125,0,20,21120,13.495581927663594,,,
monitor_only,1057,0.9298245614035088,1.213556015794982,0.8,0.0,6.401296944721177,31.666007551514074,0,20,21140,12.122682485380448,,,
monitor_only,1058,0.9298245614035088,1.2167716771015702,0.8,0.0,4.461880379838969,29.726590986631866,0,20,21160,7.449686024785513,,,
monitor_only,1059,0.9298245614035088,1.2199514522527382,0.8,0.0,12.46720777072369,37.731918377516585,0,20,21180,19.964014052482444,,,
monitor_only,1060,0.9298245614035088,1.2230012787199736,0.8,0.0,6.484477040113461,31.749187646906357,0,20,21200,14.016658282230445,,,
monitor_only,1061,0.9298245614035088,1.2263995197151283,0.8,0.0,8.480581613851731,33.74529222064463,0,20,21220,14.428624762241723,,,
monitor_only,1062,0.9298245614035088,1.2292990367798111,0.8,0.0,4.043578839754787,29.308289446547683,0,20,21240,6.752038101161345,,,
monitor_only,1063,0.9298245614035088,1.2321794462062623,0.8,0.0,8.281254212560802,33.5459648193537,0,20,21260,13.283494928685936,,,
monitor_only,1064,0.9298245614035088,1.235254680946219,0.8,0.0,8.069975199964196,33.33468580675709,0,20,21280,13.96954490919182,,,
monitor_only,1065,0.9298245614035088,1.2385041734009261,0.8,0.0,7.86933418822457,33.134044795017466,0,20,21300,7.618526661885771,,,
monitor_only,1066,0.9298245614035088,1.2414808412692497,0.8,0.0,10.305942809625321,35.57065341641822,0,20,21320,13.76445809899612,,,
monitor_only,1067,0.9298245614035088,1.2445803026223856,0.8,0.0,4.085599053868805,29.3503096606617,0,20,21340,6.449547386368632,,,
monitor_only,1068,0.9298245614035088,1.2476454414426141,0.8,0.0,10.54179218419203,35.80650279098492,0,20,21360,13.805507661711742,,,
monitor_only,1069,0.9298245614035088,1.2507546678898167,0.8,0.0,12.078984602478613,37.34369520927151,0,20,21380,14.99501345094805,,,
monitor_only,1070,0.9298245614035088,1.2538391175902988,0.8,0.0,5.054575168708008,30.319285775500905,0,20,21400,13.607502747626311,,,
monitor_only,1071,0.9298245614035088,1.2568389648825107,0.8,0.0,6.454336705256765,31.71904731204966,0,20,21420,7.147969914060704,,,
monitor_only,1072,0.9298245614035088,1.2597305805132246,0.8,0.0,10.212705459021361,35.47741606581425,0,20,21440,13.253046134405762,,,
monitor_only,1073,0.9298245614035088,1.2626318633958251,0.8,0.0,8.337885601354174,33.60259620814707,0,20,21460,13.158151588278914,,,
monitor_only,1074,0.9298245614035088,1.2655705905913408,0.8,0.0,8.507258268451022,33.771968875243914,0,20,21480,13.822898535148846,,,
monitor_only,1075,0.9298245614035088,1.2685258428541764,0.8,0.0,6.565141337720775,31.82985194451367,0,20,21500,7.230124577940784,,,
monitor_only,1076,0.9298245614035088,1.2715891045487389,0.8,0.0,7.712027882728118,32.97673848952101,0,20,21520,14.079570122920876,,,
monitor_only,1077,0.9298245614035088,1.2748384898170209,0.8,0.0,6.595809788044941,31.860520394837838,0,20,21540,13.95890440220823,,,
monitor_only,1078,0.9298245614035088,1.277863719443981,0.8,0.0,6.602308558581171,31.867019165374067,0,20,21560,7.24473824183701,,,
monitor_only,1079,0.9298245614035088,1.280993603920524,0.8,0.0,8.248971681308415,33.51368228810131,0,20,21580,10.209081875408609,,,
monitor_only,1080,0.9298245614035088,1.2839467872178767,0.8,0.0,6.378081343860155,31.642791950653052,0,20,21600,13.61971837105808,,,
monitor_only,1081,0.9298245614035088,1.2871511624786673,0.8,0.0,6.156589077035998,31.421299683828895,0,20,21620,7.781433543878301,,,
monitor_only,1082,0.9298245614035088,1.2900996133347824,0.8,0.0,6.626933903904728,31.891644510697624,0,20,21640,7.553859485172277,,,
monitor_only,1083,0.9298245614035088,1.293006778087111,0.8,0.0,6.624536156372946,31.889246763165843,0,20,21660,7.388007704138522,,,
monitor_only,1084,0.9298245614035088,1.2959796332177926,0.8,0.0,4.976658084659297,30.241368691452195,0,20,21680,7.3312495180727835,,,
monitor_only,1085,0.9298245614035088,1.2988871242770073,0.8,0.0,8.406887754479726,33.67159836127262,0,20,21700,13.073993074606015,,,
monitor_only,1086,0.9298245614035088,1.3018009125036227,0.8,0.0,4.508050993500964,29.77276160029386,0,20,21720,7.207326979413882,,,
monitor_only,1087,0.9298245614035088,1.3046865883391445,0.8,0.0,2.6384153344823367,27.90312594127523,0,20,21740,2.84729979096623,,,
monitor_only,1088,0.9298245614035088,1.3075581866240025,0.8,0.0,4.519211945673382,29.78392255246628,0,20,21760,7.285281198088873,,,
monitor_only,1089,0.9298245614035088,1.3104058923504731,0.8,0.0,10.667747952195441,35.93245855898834,0,20,21780,14.020163336316665,,,
monitor_only,1090,0.9298245614035088,1.3134782486924463,0.8,0.0,8.185647225009424,33.45035783180232,0,20,21800,9.243691701065249,,,
monitor_only,1091,0.9298245614035088,1.3165403524720813,0.8,0.0,4.662116968745144,29.92682757553804,0,20,21820,6.871835484795507,,,
monitor_only,1092,0.9298245614035088,1.3196048952596693,0.8,0.0,8.5771798050727,33.84189041186559,0,20,21840,20.859857658680735,,,
monitor_only,1093,0.9298245614035088,1.3226842524788596,0.8,0.0,10.684417242445459,35.94912784923835,0,20,21860,14.273038617960358,,,
monitor_only,1094,0.9298245614035088,1.325620471858956,0.8,0.0,6.625780507487965,31.890491114280863,0,20,21880,7.542714041771033,,,
monitor_only,1095,0.9298245614035088,1.3287492914963794,0.8,0.0,7.789362075665546,33.05407268245844,0,20,21900,14.120600234732668,,,
monitor_only,1096,0.9298245614035088,1.33165641078088,0.8,0.0,8.637584467599407,33.9022950743923,0,20,21920,13.862806907757344,,,
monitor_only,1097,0.9298245614035088,1.3346447169215103,0.8,0.0,8.60597428059009,33.870684887382986,0,20,21940,14.178959130951482,,,
monitor_only,1098,0.9298245614035088,1.3373500115602932,0.8,0.0,6.487449319445584,31.75215992623848,0,20,21960,7.2343912309149445,,,
monitor_only,1099,0.9298245614035088,1.3402247180368938,0.8,0.0,10.35395020234167,35.61866080913457,0,20,21980,14.145950164294366,,,
monitor_only,1100,0.9298245614035088,1.3430417058996131,0.8,0.0,10.359280144867284,35.62399075166018,0,20,22000,13.38397124560811,,,
monitor_only,1101,0.9298245614035088,1.3459315711236324,0.8,0.0,5.81352950414157,31.078240110934466,0,20,22020,7.565650144707026,,,
monitor_only,1102,0.9298245614035088,1.3487844719448885,0.8,0.0,8.736972800425445,34.00168340721834,0,20,22040,12.734485910294678,,,
monitor_only,1103,0.9298245614035088,1.3515544481126904,0.8,0.0,6.267816000006216,31.532526606799113,0,20,22060,7.226159025321651,,,
monitor_only,1104,0.9298245614035088,1.3543711731193377,0.8,0.0,6.736789755761569,32.00150036255447,0,20,22080,6.926029653645716,,,
monitor_only,1105,0.9298245614035088,1.3574209048132106,0.8,0.0,8.745043179306247,34.00975378609914,0,20,22100,12.416722188764165,,,
monitor_only,1106,0.9298245614035088,1.3603542347086013,0.8,0.0,6.6949887619606825,31.95969936875358,0,20,22120,7.2402841462987135,,,
monitor_only,1107,0.9298245614035088,1.363093520534729,0.8,0.0,8.773340048364465,34.03805065515736,0,20,22140,13.295612633453427,,,
monitor_only,1108,0.9298245614035088,1.3660302358565148,0.8,0.0,8.761802282269855,34.02651288906275,0,20,22160,13.823883491290816,,,
monitor_only,1109,0.9298245614035088,1.368917925006311,0.8,0.0,7.031345425881739,32.296056032674635,0,20,22180,13.815637645343788,,,
monitor_only,1110,0.9298245614035088,1.371678284221623,0.8,0.0,4.285365772515206,29.550076379308102,0,20,22200,6.71811856795386,,,
monitor_only,1111,0.9298245614035088,1.3745339292298164,0.8,0.0,4.4760092487103975,29.740719855503293,0,20,22220,6.390764296799876,,,
monitor_only,1112,0.9298245614035088,1.377403880796925,0.8,0.0,10.44719605251108,35.71190665930398,0,20,22240,13.693873831681536,,,
monitor_only,1113,0.9298245614035088,1.3800777626162406,0.8,0.0,9.039556033739492,34.30426664053239,0,20,22260,13.01756493032836,,,
monitor_only,1114,0.9298245614035088,1.3827684982033681,0.8,0.0,10.79229749000812,36.05700809680101,0,20,22280,12.93695178938843,,,
monitor_only,1115,0.9298245614035088,1.3858745680236642,0.8,0.0,4.495945215235983,29.76065582202888,0,20,22300,6.093657129524032,,,
monitor_only,1116,0.9298245614035088,1.388881545159548,0.8,0.0,6.583464782906958,31.848175389699854,0,20,22320,7.412381896873481,,,
monitor_only,1117,0.9298245614035088,1.3916086690877496,0.8,0.0,6.756310835811519,32.021021442604415,0,20,22340,13.272182107123795,,,
monitor_only,1118,0.9298245614035088,1.394561230267546,0.8,0.0,4.835848917122879,30.100559523915777,0,20,22360,7.886373183905836,,,
monitor_only,1119,0.9298245614035088,1.3973757233758082,0.8,0.0,6.824336780355983,32.08904738714888,0,20,22380,13.86149044639391,,,
monitor_only,1120,0.9298245614035088,1.400203666021535,0.8,0.0,8.841704010819361,34.10641461761226,0,20,22400,13.6707260069486,,,
monitor_only,1121,0.9298245614035088,1.4030089049925614,0.8,0.0,6.775394816255206,32.040105423048104,0,20,22420,14.072094270376938,,,
monitor_only,1122,0.9298245614035088,1.4057135363493873,0.8,0.0,4.784365249568054,30.04907585636095,0,20,22440,6.774995871072378,,,
monitor_only,1123,0.9298245614035088,1.4085595354812124,0.8,0.0,4.786259344595768,30.050969951388666,0,20,22460,6.187781665594583,,,
monitor_only,1124,0.9298245614035088,1.4114204188883892,0.8,0.0,8.620017979836803,33.8847285866297,0,20,22480,11.439435116977132,,,
monitor_only,1125,0.9298245614035088,1.4145478091331791,0.8,0.0,4.8013952876325074,30.066105894425405,0,20,22500,8.061888147968098,,,
monitor_only,1126,0.9298245614035088,1.4174494574229757,0.8,0.0,4.803248708371181,30.067959315164078,0,20,22520,7.102010564244532,,,
monitor_only,1127,0.9298245614035088,1.4203075525030953,0.8,0.0,2.929106592058588,28.193817198851484,0,20,22540,6.423148877939251,,,
monitor_only,1128,0.9298245614035088,1.4230218990485402,0.8,0.0,2.8179255821650413,28.082636188957938,0,20,22560,2.828774632213015,,,
monitor_only,1129,0.9298245614035088,1.425771840305339,0.8,0.0,8.394091251413442,33.65880185820634,0,20,22580,13.491799859571197,,,
monitor_only,1130,0.9298245614035088,1.4286053113699857,0.8,0.0,8.790725548362843,34.05543615515574,0,20,22600,13.888046340008383,,,
monitor_only,1131,0.9298245614035088,1.4313366550274231,0.8,0.0,8.834593697733151,34.09930430452604,0,20,22620,13.328582018528893,,,
monitor_only,1132,0.9298245614035088,1.4340403409764064,0.8,0.0,8.519616576021843,33.784327182814735,0,20,22640,13.676803591284916,,,
monitor_only,1133,0.9298245614035088,1.4368610165679077,0.8,0.0,6.412833679051081,31.67754428584398,0,20,22660,9.575006528407345,,,
monitor_only,1134,0.9298245614035088,1.4398235821886265,0.8,0.0,4.919377877236002,30.184088484028898,0,20,22680,6.06867316886779,,,
monitor_only,1135,0.9298245614035088,1.4426348432262384,0.8,0.0,4.422596727296195,29.68730733408909,0,20,22700,4.17821722600938,,,
monitor_only,1136,0.9298245614035088,1.4454150232283116,0.8,0.0,6.427481723412711,31.692192330205607,0,20,22720,9.794177096845415,,,
monitor_only,1137,0.9298245614035088,1.4482217962728845,0.8,0.0,8.829117818110793,34.09382842490369,0,20,22740,14.188157633621023,,,
monitor_only,1138,0.9298245614035088,1.4507980238245592,0.8,0.0,8.941797946779388,34.206508553572284,0,20,22760,13.17986144189701,,,
monitor_only,1139,0.9298245614035088,1.4535827725557546,0.8,0.0,6.583002116083587,31.847712722876484,0,20,22780,7.481582011588529,,,
monitor_only,1140,0.9298245614035088,1.4564930730214984,0.8,0.0,6.9528638392387165,32.21757444603161,0,20,22800,7.5946823780368415,,,
monitor_only,1141,0.9298245614035088,1.4592478896930416,0.8,0.0,6.628747049726371,31.893457656519267,0,20,22820,10.649412668564304,,,
monitor_only,1142,0.9298245614035088,1.4621820026531298,0.8,0.0,2.963750195025341,28.228460801818237,0,20,22840,3.141367124956972,,,
monitor_only,1143,0.9298245614035088,1.464986831831747,0.8,0.0,6.862437027548746,32.12714763434164,0,20,22860,7.017758086107508,,,
monitor_only,1144,0.9298245614035088,1.4675427592589652,0.8,0.0,6.982605242610968,32.24731584940386,0,20,22880,13.44589015393035,,,
monitor_only,1145,0.9298245614035088,1.470416269032962,0.8,0.0,8.872745579332484,34.13745618612538,0,20,22900,14.377466645741766,,,
monitor_only,1146,0.9298245614035088,1.4731596468615902,0.8,0.0,4.97247061979086,30.237181226583758,0,20,22920,7.1680684354574975,,,
monitor_only,1147,0.9298245614035088,1.4758883956729496,0.8,0.0,8.65869058426218,33.92340119105508,0,20,22940,14.647564206567536,,,
monitor_only,1148,0.9298245614035088,1.4785978526181702,0.8,0.0,6.746436439901421,32.01114704669432,0,20,22960,11.711958449316706,,,
monitor_only,1149,0.9298245614035088,1.4814068938690703,0.8,0.0,10.990256609053784,36.254967215846676,0,20,22980,14.067266123038673,,,
monitor_only,1150,0.9298245614035088,1.484262720909917,0.8,0.0,9.998909665502538,35.263620272295434,0,20,23000,14.871946701056354,,,
monitor_only,1151,0.9298245614035088,1.4869187863157436,0.8,0.0,6.761601457365411,32.026312064158304,0,20,23020,7.003655735375134,,,
monitor_only,1152,0.9298245614035088,1.4896324333227693,0.8,0.0,6.859602348611892,32.12431295540479,0,20,23040,7.622903760932699,,,
monitor_only,1153,0.9298245614035088,1.492351754084032,0.8,0.0,5.025024883844178,30.289735490637074,0,20,23060,7.027382953432702,,,
monitor_only,1154,0.9298245614035088,1.4949422068465446,0.8,0.0,8.784998658017003,34.0497092648099,0,20,23080,11.810529333219176,,,
monitor_only,1155,0.9298245614035088,1.4976408226447917,0.8,0.0,10.7901938965324,36.0549045033253,0,20,23100,13.638807992544756,,,
monitor_only,1156,0.9298245614035088,1.5004246690884393,0.8,0.0,8.888079392365853,34.15278999915875,0,20,23120,13.591383639500036,,,
monitor_only,1157,0.9298245614035088,1.5032023381065514,0.8,0.0,6.263645993841275,31.528356600634172,0,20,23140,7.6878589016396415,,,
monitor_only,1158,0.9298245614035088,1.5060759977347493,0.8,0.0,8.941139730184585,34.20585033697748,0,20,23160,14.040832867443504,,,
monitor_only,1159,0.9298245614035088,1.5087863637546344,0.8,0.0,6.9854084018012,32.2501190085941,0,20,23180,7.625997655298,,,
monitor_only,1160,0.9298245614035088,1.511492856707371,0.8,0.0,11.070204306456617,36.33491491324951,0,20,23200,13.834348839463788,,,
monitor_only,1161,0.9298245614035088,1.5141452744155302,0.8,0.0,8.69182181005499,33.956532416847885,0,20,23220,10.631521911570358,,,
monitor_only,1162,0.9298245614035088,1.5169867009574507,0.8,0.0,9.080922127778498,34.345632734571396,0,20,23240,14.08507802964184,,,
monitor_only,1163,0.9298245614035088,1.5198894061458847,0.8,0.0,6.830759445254747,32.095470052047645,0,20,23260,8.130236648928165,,,
monitor_only,1164,0.9298245614035088,1.5224801150413814,0.8,0.0,7.071094850327124,32.33580545712002,0,20,23280,13.685186940882147,,,
monitor_only,1165,0.9298245614035088,1.5250984899540712,0.8,0.0,6.711872250173959,31.976582856966857,0,20,23300,7.873366866421234,,,
monitor_only,1166,0.9298245614035088,1.5277448717768574,0.8,0.0,6.30170986402978,31.566420470822678,0,20,23320,7.410020966324892,,,
monitor_only,1167,0.9298245614035088,1.53044952729445,0.8,0.0,6.759041777327184,32.02375238412008,0,20,23340,7.263062409056933,,,
monitor_only,1168,0.9298245614035088,1.5332236274092128,0.8,0.0,4.847419954968094,30.112130561760992,0,20,23360,5.19994875699603,,,
monitor_only,1169,0.9298245614035088,1.5358010170799814,0.8,0.0,9.112975483819053,34.377686090611945,0,20,23380,13.486342487694714,,,
monitor_only,1170,0.9298245614035088,1.5384383400130963,0.8,0.0,9.11805051624621,34.3827611230391,0,20,23400,13.998651681161741,,,
monitor_only,1171,0.9298245614035088,1.5410065601708276,0.8,0.0,9.05109553934646,34.31580614613935,0,20,23420,13.676146989119095,,,
monitor_only,1172,0.9298245614035088,1.5438867523648774,0.8,0.0,3.404940024233838,28.669650631026734,0,20,23440,4.808231472548962,,,
monitor_only,1173,0.9298245614035088,1.5465467322820865,0.8,0.0,8.59973846059082,33.86444906738372,0,20,23460,9.761127740411174,,,
monitor_only,1174,0.9298245614035088,1.549190962603974,0.8,0.0,5.1398344848037905,30.404545091596688,0,20,23480,7.472629699427061,,,
monitor_only,1175,0.9298245614035088,1.55163266639359,0.8,0.0,6.797453005011297,32.062163611804195,0,20,23500,11.319654495077668,,,
monitor_only,1176,0.9298245614035088,1.5541886592832663,0.8,0.0,7.155896911734393,32.42060751852729,0,20,23520,7.038655387185481,,,
monitor_only,1177,0.9298245614035088,1.5567622954982145,0.8,0.0,3.6557375442858606,28.920448151078755,0,20,23540,2.7311822063920426,,,
monitor_only,1178,0.9298245614035088,1.5594812765213957,0.8,0.0,7.045745179075311,32.31045578586821,0,20,23560,7.742250213938311,,,
monitor_only,1179,0.9298245614035088,1.562151745821483,0.8,0.0,9.171594131990258,34.43630473878315,0,20,23580,13.622465324442759,,,
monitor_only,1180,0.9298245614035088,1.5647467455433082,0.8,0.0,7.055745577342426,32.320456184135324,0,20,23600,7.096049984222931,,,
monitor_only,1181,0.9298245614035088,1.5673988864515802,0.8,0.0,8.752735945957209,34.0174465527501,0,20,23620,13.882968344723663,,,
monitor_only,1182,0.9298245614035088,1.570078581021549,0.8,0.0,5.107204663351392,30.37191527014429,0,20,23640,6.508115898395573,,,
monitor_only,1183,0.9298245614035088,1.5726579580752234,0.8,0.0,7.192788740990561,32.457499347783454,0,20,23660,13.386960386668642,,,
monitor_only,1184,0.9298245614035088,1.575149816054984,0.8,0.0,6.933604795737741,32.19831540253064,0,20,23680,6.921579662047049,,,
monitor_only,1185,0.9298245614035088,1.577791728522856,0.8,0.0,3.181408763515871,28.446119370308768,0,20,23700,2.9922362285670348,,,
monitor_only,1186,0.9298245614035088,1.5802996840921775,0.8,0.0,6.9341011573120195,32.19881176410492,0,20,23720,7.511338085262169,,,
monitor_only,1187,0.9298245614035088,1.5829337041147606,0.8,0.0,5.61710032802201,30.881810934814908,0,20,23740,4.823316545361515,,,
monitor_only,1188,0.9298245614035088,1.5855558724279224,0.8,0.0,4.664758135637612,29.929468742430508,0,20,23760,6.443778707833587,,,
monitor_only,1189,0.9298245614035088,1.5882729619412783,0.8,0.0,5.223743323803092,30.488453930595988,0,20,23780,7.1369144460255445,,,
monitor_only,1190,0.9298245614035088,1.5907446499722353,0.8,0.0,8.869316064367847,34.13402667116074,0,20,23800,13.40416729486496,,,
monitor_only,1191,0.9298245614035088,1.5931574075081383,0.8,0.0,7.152694477305204,32.4174050840981,0,20,23820,6.8875312259995605,,,
monitor_only,1192,0.9298245614035088,1.5957124524002866,0.8,0.0,7.114450546871089,32.379161153663986,0,20,23840,7.10891252694653,,,
monitor_only,1193,0.9298245614035088,1.5982310846309538,0.8,0.0,5.192782688117935,30.457493294910833,0,20,23860,0.9184442848444558,,,
monitor_only,1194,0.9298245614035088,1.6006536652105912,0.8,0.0,7.226010238260491,32.49072084505339,0,20,23880,13.630566261757123,,,
monitor_only,1195,0.9298245614035088,1.6030496188845145,0.8,0.0,13.128177733931732,38.392888340724625,0,20,23900,20.58644926195363,,,
monitor_only,1196,0.9298245614035088,1.6057868995336146,0.8,0.0,8.16203397299584,33.42674457978873,0,20,23920,14.01861994645004,,,
monitor_only,1197,0.9298245614035088,1.6082581587074467,0.8,0.0,4.986302046904333,30.25101265369723,0,20,23940,5.319678505260328,,,
monitor_only,1198,0.9298245614035088,1.6105991533482624,0.8,0.0,7.214867583928614,32.47957819072151,0,20,23960,13.54710844106666,,,
monitor_only,1199,0.9298245614035088,1.6131350648813185,0.8,0.0,7.2655813973282575,32.53029200412115,0,20,23980,13.059460826650389,,,
monitor_only,1200,0.9298245614035088,1.6158799707306202,0.8,0.0,9.270803634152193,34.53551424094509,0,20,24000,14.319618677197015,,,
monitor_only,1201,0.9298245614035088,1.6182257131458526,0.8,0.0,4.779182005535556,30.043892612328452,0,20,24020,6.586043575439342,,,
monitor_only,1202,0.9298245614035088,1.6206124326069753,0.8,0.0,9.280882313065604,34.5455929198585,0,20,24040,13.497016622692643,,,
monitor_only,1203,0.9298245614035088,1.622972351732521,0.8,0.0,9.209313757892232,34.47402436468513,0,20,24060,13.369398863686952,,,
monitor_only,1204,0.9298245614035088,1.6256773972927283,0.8,0.0,4.4447718243842855,29.709482431177182,0,20,24080,6.223290960767659,,,
monitor_only,1205,0.9298245614035088,1.6281959135827548,0.8,0.0,4.718525936435375,29.983236543228273,0,20,24100,5.77915519735194,,,
monitor_only,1206,0.9298245614035088,1.6306778912801458,0.8,0.0,7.300838495592265,32.56554910238516,0,20,24120,13.124440741784362,,,
monitor_only,1207,0.9298245614035088,1.6329978879068812,0.8,0.0,3.138540922930133,28.40325152972303,0,20,24140,2.7612645119480654,,,
monitor_only,1208,0.9298245614035088,1.635682566624687,0.8,0.0,8.908414466889857,34.173125073682755,0,20,24160,17.765605461854026,,,
monitor_only,1209,0.9298245614035088,1.6383070991767468,0.8,0.0,3.1504729017626687,28.415183508555565,0,20,24180,5.862249417472945,,,
monitor_only,1210,0.9298245614035088,1.6408417786153084,0.8,0.0,9.046706933508329,34.31141754030122,0,20,24200,14.49929655055463,,,
monitor_only,1211,0.9298245614035088,1.643473342588569,0.8,0.0,3.249536244599843,28.514246851392738,0,20,24220,3.2224624239896786,,,
monitor_only,1212,0.9298245614035088,1.6458384706191007,0.8,0.0,6.475413194960235,31.740123801753132,0,20,24240,6.802196342524843,,,
monitor_only,1213,0.9298245614035088,1.6482753663656682,0.8,0.0,6.973006379750663,32.23771698654356,0,20,24260,7.451920671685034,,,
monitor_only,1214,0.9298245614035088,1.6508443445338947,0.8,0.0,9.266630670193384,34.53134127698628,0,20,24280,12.45722924184861,,,
monitor_only,1215,0.9298245614035088,1.6532557520481699,0.8,0.0,5.330765873542684,30.59547648033558,0,20,24300,7.376125190654659,,,
monitor_only,1216,0.9298245614035088,1.6558304468123157,0.8,0.0,7.182809573120798,32.447520179913695,0,20,24320,11.533070200020065,,,
monitor_only,1217,0.9298245614035088,1.658152451497939,0.8,0.0,9.236293365999398,34.50100397279229,0,20,24340,13.401664522664975,,,
monitor_only,1218,0.9298245614035088,1.6605052156766142,0.8,0.0,4.746555477370009,30.011266084162905,0,20,24360,6.098320425022829,,,
monitor_only,1219,0.9298245614035088,1.6628987714991037,0.8,0.0,8.777038704350087,34.04174931114298,0,20,24380,13.693420193647242,,,
monitor_only,1220,0.9298245614035088,1.6651867606514694,0.8,0.0,10.797843054549883,36.062553661342776,0,20,24400,13.128297140272727,,,
monitor_only,1221,0.9298245614035088,1.66752338672243,0.8,0.0,5.359713553310334,30.62442416010323,0,20,24420,7.225375999711337,,,
monitor_only,1222,0.9298245614035088,1.670006591681721,0.8,0.0,7.212039293311061,32.476749900103954,0,20,24440,7.427935573154073,,,
monitor_only,1223,0.9298245614035088,1.6725104912501594,0.8,0.0,5.392644762310587,30.657355369103485,0,20,24460,6.635599743991441,,,
monitor_only,1224,0.9298245614035088,1.6750266139336996,0.8,0.0,9.12299810446901,34.38770871126191,0,20,24480,11.224856827753976,,,
monitor_only,1225,0.9298245614035088,1.6775213174662615,0.8,0.0,10.800473459297564,36.06518406609046,0,20,24500,14.365747366404756,,,
monitor_only,1226,0.9298245614035088,1.6800530002151854,0.8,0.0,4.822436100366001,30.087146707158897,0,20,24520,4.254148584788169,,,
monitor_only,1227,0.9298245614035088,1.6825619870003312,0.8,0.0,7.389486816626913,32.65419742341981,0,20,24540,7.539900688222834,,,
monitor_only,1228,0.9298245614035088,1.6848846608862804,0.8,0.0,7.239976537493173,32.504687144286066,0,20,24560,7.066191732391023,,,
monitor_only,1229,0.9298245614035088,1.6873594865641122,0.8,0.0,7.422400900719974,32.68711150751287,0,20,24580,13.471664609395926,,,
monitor_only,1230,0.9298245614035088,1.689468173419798,0.8,0.0,6.966605462975319,32.23131606976821,0,20,24600,6.721452393406157,,,
monitor_only,1231,0.9298245614035088,1.6919399405837459,0.8,0.0,8.279023149283566,33.54373375607646,0,20,24620,13.371989026818474,,,
monitor_only,1232,0.9298245614035088,1.6945170861250867,0.8,0.0,11.012529050655834,36.27723965744873,0,20,24640,17.7991831744522,,,
monitor_only,1233,0.9298245614035088,1.6970014077018731,0.8,0.0,7.3102447718652765,32.574955378658174,0,20,24660,7.537229354192575,,,
monitor_only,1234,0.9298245614035088,1.6993364032705884,0.8,0.0,9.021416302034595,34.28612690882749,0,20,24680,10.385373709176479,,,
monitor_only,1235,0.9298245614035088,1.701603461284513,0.8,0.0,7.366412161608196,32.63112276840109,0,20,24700,7.202744309571594,,,
monitor_only,1236,0.9298245614035088,1.7038971752940555,0.8,0.0,7.371111239932588,32.635821846725484,0,20,24720,7.335714373625335,,,
monitor_only,1237,0.9298245614035088,1.706268014042385,0.8,0.0,7.281146374105371,32.545856980898265,0,20,24740,7.41289134556961,,,
monitor_only,1238,0.9298245614035088,1.708649351946243,0.8,0.0,10.569691751120825,35.83440235791372,0,20,24760,14.063509466906298,,,
monitor_only,1239,0.9298245614035088,1.7109781466025573,0.8,0.0,8.305482203254163,33.57019281004706,0,20,24780,13.195110319742806,,,
monitor_only,1240,0.9298245614035088,1.7133542891901141,0.8,0.0,7.4745878721523695,32.739298478945265,0,20,24800,7.213440674648289,,,
monitor_only,1241,0.9298245614035088,1.7159554455667643,0.8,0.0,9.199220969913238,34.46393157670613,0,20,24820,14.281201478859957,,,
monitor_only,1242,0.9298245614035088,1.7184212122870728,0.8,0.0,9.304115522215474,34.56882612900837,0,20,24840,13.764201215097593,,,
monitor_only,1243,0.9298245614035088,1.7208302735503496,0.8,0.0,7.4794913630110695,32.74420196980397,0,20,24860,7.1548089252097125,,,
monitor_only,1244,0.9298245614035088,1.7233349590965126,0.8,0.0,4.590443392240408,29.855153999033305,0,20,24880,3.1098960415977435,,,
monitor_only,1245,0.9298245614035088,1.7258273573682963,0.8,0.0,7.3175415552911245,32.58225216208402,0,20,24900,13.754437508706117,,,
monitor_only,1246,0.9298245614035088,1.7280280375368047,0.8,0.0,7.11693644532564,32.38164705211854,0,20,24920,7.083264440989603,,,
monitor_only,1247,0.9298245614035088,1.7303664551251827,0.8,0.0,12.906705961853126,38.17141656864602,0,20,24940,25.0454130169876,,,
monitor_only,1248,0.9298245614035088,1.7327940571950446,0.8,0.0,6.910455415178376,32.17516602197127,0,20,24960,7.55161512395505,,,
monitor_only,1249,0.9298245614035088,1.7353063856575075,0.8,0.0,3.492455640488288,28.757166247281184,0,20,24980,6.410851471957721,,,
monitor_only,1250,0.9298245614035088,1.7375998028235975,0.8,0.0,5.339611600211735,30.604322207004632,0,20,25000,7.388408321453516,,,
monitor_only,1251,0.9298245614035088,1.740114482919554,0.8,0.0,7.527831184594713,32.792541791387606,0,20,25020,14.415245509347574,,,
monitor_only,1252,0.9298245614035088,1.7427199195693854,0.8,0.0,5.3489299310911065,30.613640537884002,0,20,25040,7.811500865539976,,,
monitor_only,1253,0.9298245614035088,1.7448125454277779,0.8,0.0,10.913313745126441,36.17802435191933,0,20,25060,15.628129062662357,,,
monitor_only,1254,0.9298245614035088,1.7472433350477734,0.8,0.0,9.06565670556385,34.33036731235674,0,20,25080,14.019327439078431,,,
monitor_only,1255,0.9298245614035088,1.749441750363587,0.8,0.0,10.356529882456206,35.621240489249104,0,20,25100,13.365322049510297,,,
monitor_only,1256,0.9298245614035088,1.7515914830102723,0.8,0.0,8.63145386106794,33.896164467860835,0,20,25120,13.54822035809308,,,
monitor_only,1257,0.9298245614035088,1.7539829745924085,0.8,0.0,9.37128969561627,34.636000302409165,0,20,25140,12.077147121904687,,,
monitor_only,1258,0.9298245614035088,1.7562594344879605,0.8,0.0,11.534629107053055,36.79933971384595,0,20,25160,13.940313803208538,,,
monitor_only,1259,0.9298245614035088,1.7587026742947207,0.8,0.0,9.47499951615896,34.739710122951855,0,20,25180,13.611750811512083,,,
monitor_only,1260,0.9298245614035088,1.7610021310095856,0.8,0.0,11.270271217849011,36.5349818246419,0,20,25200,14.105710702110663,,,
monitor_only,1261,0.9298245614035088,1.7634038291264063,0.8,0.0,9.438707611769814,34.70341821856271,0,20,25220,14.365715462087174,,,
monitor_only,1262,0.9298245614035088,1.7656561879984751,0.8,0.0,11.393427788924935,36.65813839571783,0,20,25240,13.879533521395373,,,
monitor_only,1263,0.9298245614035088,1.7682278758073722,0.8,0.0,5.583943954943986,30.848654561736883,0,20,25260,7.153528075954318,,,
monitor_only,1264,0.9298245614035088,1.770406685461224,0.8,0.0,5.578127308726456,30.842837915519354,0,20,25280,7.160943208630651,,,
monitor_only,1265,0.9298245614035088,1.772883726373245,0.8,0.0,9.566761100911284,34.83147170770418,0,20,25300,14.533297565269697,,,
monitor_only,1266,0.9298245614035088,1.7752701610330182,0.8,0.0,7.461964272217378,32.726674879010275,0,20,25320,7.5233435649784095,,,
monitor_only,1267,0.9298245614035088,1.7774318220343128,0.8,0.0,5.417406438659404,30.6821170454523,0,20,25340,7.018978754956825,,,
monitor_only,1268,0.9298245614035088,1.779616255260876,0.8,0.0,9.16578781310136,34.430498419894256,0,20,25360,13.855004290886292,,,
monitor_only,1269,0.9298245614035088,1.7818868252018543,0.8,0.0,9.523733130687333,34.78844373748023,0,20,25380,13.708372537308302,,,
monitor_only,1270,0.9298245614035088,1.7840246136075468,0.8,0.0,3.5904002294796555,28.85511083627255,0,20,25400,2.8640487744168643,,,
monitor_only,1271,0.9298245614035088,1.7863958980256982,0.8,0.0,7.000151996957129,32.264862603750025,0,20,25420,7.494362414237817,,,
monitor_only,1272,0.9298245614035088,1.7886760883932336,0.8,0.0,4.649286580091333,29.91399718688423,0,20,25440,6.223564488764737,,,
monitor_only,1273,0.9298245614035088,1.7909462286164197,0.8,0.0,5.629983755733671,30.894694362526568,0,20,25460,7.538663908565118,,,
monitor_only,1274,0.9298245614035088,1.7932930173922543,0.8,0.0,7.235209674280062,32.49992028107296,0,20,25480,7.8635060330148105,,,
monitor_only,1275,0.9298245614035088,1.7957332114702658,0.8,0.0,9.62863858709511,34.89334919388801,0,20,25500,14.155558677580842,,,
monitor_only,1276,0.9298245614035088,1.7978494298188876,0.8,0.0,7.2991853463948555,32.56389595318775,0,20,25520,11.763949554068668,,,
monitor_only,1277,0.9298245614035088,1.8002616115332233,0.8,0.0,15.343059282866232,40.607769889659124,0,20,25540,29.26912724862843,,,
monitor_only,1278,0.9298245614035088,1.8024387385499268,0.8,0.0,5.6257165641667,30.890427170959597,0,20,25560,6.637177748737408,,,
monitor_only,1279,0.9298245614035088,1.8047502434313258,0.8,0.0,7.63097765557518,32.895688262368076,0,20,25580,7.52663240484059,,,
monitor_only,1280,0.9298245614035088,1.8069929582736488,0.8,0.0,13.215053582672454,38.47976418946535,0,20,25600,19.21206745350073,,,
monitor_only,1281,0.9298245614035088,1.809301804660439,0.8,0.0,7.4775882050695,32.7422988118624,0,20,25620,12.151122543434782,,,
monitor_only,1282,0.9298245614035088,1.811665937779918,0.8,0.0,9.577651997717947,34.84236260451084,0,20,25640,14.229929784090293,,,
monitor_only,1283,0.9298245614035088,1.8139949102145032,0.8,0.0,7.586179198196609,32.85088980498951,0,20,25660,13.941635905192864,,,
monitor_only,1284,0.9298245614035088,1.816504171945459,0.8,0.0,8.72587293712248,33.99058354391538,0,20,25680,7.782764992595522,,,
monitor_only,1285,0.9298245614035088,1.8186812191269726,0.8,0.0,7.673948317535633,32.93865892432853,0,20,25700,13.70464297174583,,,
monitor_only,1286,0.9298245614035088,1.8211170212244825,0.8,0.0,7.6615642864620295,32.92627489325493,0,20,25720,14.093510079998854,,,
monitor_only,1287,0.9298245614035088,1.8235229760680995,0.8,0.0,7.682949113717163,32.94765972051006,0,20,25740,14.157044132165025,,,
monitor_only,1288,0.9298245614035088,1.8256950916979584,0.8,0.0,9.558311790509228,34.823022397302125,0,20,25760,13.66508330564962,,,
monitor_only,1289,0.9298245614035088,1.8280293998139634,0.8,0.0,11.204058280920133,36.468768887713026,0,20,25780,17.361859651633534,,,
monitor_only,1290,0.9298245614035088,1.8302528214807061,0.8,0.0,5.7086903785750565,30.973400985367952,0,20,25800,6.956871760811778,,,
monitor_only,1291,0.9298245614035088,1.8322242678029708,0.8,0.0,9.057965211407009,34.322675818199905,0,20,25820,13.4656560059755,,,
monitor_only,1292,0.9298245614035088,1.8343111688538658,0.8,0.0,11.418945575774918,36.683656182567816,0,20,25840,13.171038897629597,,,
monitor_only,1293,0.9298245614035088,1.8366565020896413,0.8,0.0,9.628723273533524,34.89343388032642,0,20,25860,12.531592122670776,,,
monitor_only,1294,0.9298245614035088,1.838853004315285,0.8,0.0,9.7259445831268,34.99065518991969,0,20,25880,13.585394384496153,,,
monitor_only,1295,0.9298245614035088,1.8411716641295193,0.8,0.0,5.701566908957527,30.966277515750424,0,20,25900,7.976970175859343,,,
monitor_only,1296,0.9298245614035088,1.8434421624755488,0.8,0.0,7.542786186491337,32.80749679328423,0,20,25920,7.501229989796963,,,
monitor_only,1297,0.9298245614035088,1.8457501449871583,0.8,0.0,7.0802836780107254,32.34499428480362,0,20,25940,9.161302699838206,,,
monitor_only,1298,0.9298245614035088,1.8478533754045523,0.8,0.0,5.7324436110411625,30.99715421783406,0,20,25960,6.859641106577087,,,
monitor_only,1299,0.9298245614035088,1.8499527297095326,0.8,0.0,5.74833832975628,31.013048936549175,0,20,25980,7.115978066467442,,,
monitor_only,1300,0.9298245614035088,1.8522752627266172,0.8,0.0,9.557564947415358,34.822275554208254,0,20,26000,14.031260023684577,,,
monitor_only,1301,0.9298245614035088,1.8545057565475467,0.8,0.0,9.398894604427522,34.663605211220414,0,20,26020,14.122581178078288,,,
monitor_only,1302,0.9298245614035088,1.8566748877213433,0.8,0.0,5.732577973869866,30.99728858066276,0,20,26040,7.116852323676525,,,
monitor_only,1303,0.9298245614035088,1.859016652908865,0.8,0.0,7.765981354389927,33.030691961182825,0,20,26060,7.484630051541287,,,
monitor_only,1304,0.9298245614035088,1.8611366682016846,0.8,0.0,11.770664884764983,37.03537549155788,0,20,26080,13.556861944177982,,,
monitor_only,1305,0.9298245614035088,1.862991354823542,0.8,0.0,7.630813238984805,32.8955238457777,0,20,26100,12.850599214284673,,,
monitor_only,1306,0.9298245614035088,1.8651359779724925,0.8,0.0,7.682023639982466,32.946734246775364,0,20,26120,7.087544882747369,,,
monitor_only,1307,0.9298245614035088,1.8672753205117145,0.8,0.0,11.78290353489236,37.04761414168526,0,20,26140,13.590248819512631,,,
monitor_only,1308,0.9298245614035088,1.8695117673014565,0.8,0.0,5.756950618690174,31.021661225483072,0,20,26160,7.2951073080513735,,,
monitor_only,1309,0.9298245614035088,1.8715601436608555,0.8,0.0,3.3293336491946475,28.594044255987544,0,20,26180,3.052227146057834,,,
monitor_only,1310,0.9298245614035088,1.8738557349854539,0.8,0.0,7.69921842055472,32.96392902734762,0,20,26200,12.044611548986282,,,
monitor_only,1311,0.9298245614035088,1.8757561144269148,0.8,0.0,9.288737082467076,34.55344768925997,0,20,26220,13.857972786599715,,,
monitor_only,1312,0.9298245614035088,1.877851791144365,0.8,0.0,11.48729106109234,36.75200166788524,0,20,26240,13.39768702707832,,,
monitor_only,1313,0.9298245614035088,1.8798678261728339,0.8,0.0,7.490958734543938,32.755669341336834,0,20,26260,7.192031648744308,,,
monitor_only,1314,0.9298245614035088,1.8820239079521268,0.8,0.0,9.394226615866804,34.6589372226597,0,20,26280,13.891163627331668,,,
monitor_only,1315,0.9298245614035088,1.8841220470879991,0.8,0.0,7.622079096558234,32.88678970335113,0,20,26300,7.206273618541316,,,
monitor_only,1316,0.9298245614035088,1.8862462108919111,0.8,0.0,7.625811540382301,32.8905221471752,0,20,26320,12.099626957726207,,,
monitor_only,1317,0.9298245614035088,1.8886282203395146,0.8,0.0,7.813806521372726,33.07851712816562,0,20,26340,8.118914898573687,,,
monitor_only,1318,0.9298245614035088,1.8906424200277268,0.8,0.0,9.73446918435305,34.99917979114595,0,20,26360,13.609960502909654,,,
monitor_only,1319,0.9298245614035088,1.8925829348669063,0.8,0.0,11.530637826125107,36.795348432918004,0,20,26380,13.598879568961593,,,
monitor_only,1320,0.9298245614035088,1.894697247510954,0.8,0.0,9.417457339313085,34.68216794610598,0,20,26400,10.985124856834368,,,
monitor_only,1321,0.9298245614035088,1.8968677308220883,0.8,0.0,7.811281756432891,33.07599236322579,0,20,26420,14.00627802484816,,,
monitor_only,1322,0.9298245614035088,1.898909541132208,0.8,0.0,7.816894747475848,33.081605354268746,0,20,26440,7.472020169127032,,,
monitor_only,1323,0.9298245614035088,1.9006880418080703,0.8,0.0,7.704800994203349,32.96951160099624,0,20,26460,6.406338212112243,,,
monitor_only,1324,0.9298245614035088,1.9028254224003505,0.8,0.0,9.824685080528374,35.08939568732127,0,20,26480,13.930819986805398,,,
monitor_only,1325,0.9298245614035088,1.904782955110513,0.8,0.0,7.858282423748051,33.12299303054095,0,20,26500,13.863076283330415,,,
monitor_only,1326,0.9298245614035088,1.906944436916904,0.8,0.0,5.833106077269576,31.097816684062472,0,20,26520,6.301743471528473,,,
monitor_only,1327,0.9298245614035088,1.9089119025322894,0.8,0.0,7.67005075573555,32.93476136252845,0,20,26540,7.178633541796979,,,
monitor_only,1328,0.9298245614035088,1.9111664077927026,0.8,0.0,9.401550259661539,34.66626086645444,0,20,26560,14.009674600816147,,,
monitor_only,1329,0.9298245614035088,1.9131692933343636,0.8,0.0,7.778162913646156,33.04287352043905,0,20,26580,6.838198936978779,,,
monitor_only,1330,0.9298245614035088,1.915259338608769,0.8,0.0,9.678600091499828,34.94331069829272,0,20,26600,14.287554887039404,,,
monitor_only,1331,0.9298245614035088,1.9170412942012367,0.8,0.0,7.883150256164981,33.14786086295788,0,20,26620,13.21372232298945,,,
monitor_only,1332,0.9298245614035088,1.919110182277169,0.8,0.0,11.2036146711921,36.468325277984995,0,20,26640,14.221385706321058,,,
monitor_only,1333,0.9298245614035088,1.9210329987408195,0.8,0.0,9.690510000240238,34.955220607033134,0,20,26660,13.680467169530187,,,
monitor_only,1334,0.9298245614035088,1.9231859339682604,0.8,0.0,9.89469757642913,35.15940818322203,0,20,26680,13.637954246507434,,,
monitor_only,1335,0.9298245614035088,1.9254139435581983,0.8,0.0,5.7022475887337505,30.966958195526647,0,20,26700,8.0529188364464,,,
monitor_only,1336,0.9298245614035088,1.9273986657341997,0.8,0.0,11.803516327090241,37.06822693388314,0,20,26720,13.194626723141273,,,
monitor_only,1337,0.9298245614035088,1.929523436564846,0.8,0.0,7.221159114612116,32.48586972140501,0,20,26740,7.30763095357901,,,
monitor_only,1338,0.9298245614035088,1.9315065680831023,0.8,0.0,9.763600474915393,35.02831108170829,0,20,26760,13.605816432971242,,,
monitor_only,1339,0.9298245614035088,1.9338668752981227,0.8,0.0,7.245732489414347,32.51044309620724,0,20,26780,8.967329304274857,,,
monitor_only,1340,0.9298245614035088,1.9360174111785409,0.8,0.0,9.907585618611847,35.17229622540474,0,20,26800,14.062580807175225,,,
monitor_only,1341,0.9298245614035088,1.93799895637846,0.8,0.0,11.725890752638483,36.99060135943138,0,20,26820,13.812353564923884,,,
monitor_only,1342,0.9298245614035088,1.9401228823524181,0.8,0.0,8.90887861416483,34.17358922095772,0,20,26840,7.64805493305599,,,
monitor_only,1343,0.9298245614035088,1.9422421551352869,0.8,0.0,5.733518753404118,30.998229360197016,0,20,26860,7.481079554069789,,,
monitor_only,1344,0.9298245614035088,1.9442231429021362,0.8,0.0,7.90715938103593,33.17186998782883,0,20,26880,13.883296917425062,,,
monitor_only,1345,0.9298245614035088,1.9462290561180124,0.8,0.0,9.739452882020032,35.00416348881293,0,20,26900,13.633224954651578,,,
monitor_only,1346,0.9298245614035088,1.9481935034788485,0.8,0.0,5.915348572695697,31.180059179488595,0,20,26920,7.2052148934570965,,,
monitor_only,1347,0.9298245614035088,1.9504914229238237,0.8,0.0,9.851190760189183,35.11590136698208,0,20,26940,14.523814513446858,,,
monitor_only,1348,0.9298245614035088,1.9525715982211567,0.8,0.0,9.642694729143766,34.90740533593666,0,20,26960,13.67522123982795,,,
monitor_only,1349,0.9298245614035088,1.9545595926621087,0.8,0.0,5.755080835196699,31.019791441989597,0,20,26980,5.936737977444141,,,
monitor_only,1350,0.9298245614035088,1.9566026159161465,0.8,0.0,5.650401548067142,30.91511215486004,0,20,27000,5.396713546225298,,,
monitor_only,1351,0.9298245614035088,1.958535808956715,0.8,0.0,4.523129926643605,29.7878405334365,0,20,27020,6.07049090454196,,,
monitor_only,1352,0.9298245614035088,1.9604639214785193,0.8,0.0,11.536052017487844,36.800762624280736,0,20,27040,13.606906988811826,,,
monitor_only,1353,0.9298245614035088,1.9625887388110497,0.8,0.0,5.960134853333633,31.22484546012653,0,20,27060,7.589680335663771,,,
monitor_only,1354,0.9298245614035088,1.9646660101863536,0.8,0.0,5.874454598366962,31.13916520515986,0,20,27080,6.821473025615009,,,
monitor_only,1355,0.9298245614035088,1.9665164570939233,0.8,0.0,7.878716385717629,33.14342699251053,0,20,27100,12.102001968673186,,,
monitor_only,1356,0.9298245614035088,1.968383888496685,0.8,0.0,7.886402271612573,33.15111287840547,0,20,27120,7.139558245225964,,,
monitor_only,1357,0.9298245614035088,1.9706213897420117,0.8,0.0,4.514349425116015,29.779060031908912,0,20,27140,6.741235007139233,,,
monitor_only,1358,0.9298245614035088,1.972683433209171,0.8,0.0,3.6627215256006216,28.927432132393516,0,20,27160,3.1191596655643545,,,
monitor_only,1359,0.9298245614035088,1.975083988518829,0.8,0.0,7.561656150158646,32.82636675695154,0,20,27180,8.184062363177842,,,
monitor_only,1360,0.9298245614035088,1.9771136751202947,0.8,0.0,7.988999221238373,33.25370982803127,0,20,27200,13.414777555445115,,,
monitor_only,1361,0.9298245614035088,1.9792051769197145,0.8,0.0,9.977052015609996,35.24176262240289,0,20,27220,13.555279653862906,,,
monitor_only,1362,0.9298245614035088,1.981131504419065,0.8,0.0,7.905990640877387,33.17070124767028,0,20,27240,14.01060023651523,,,
monitor_only,1363,0.9298245614035088,1.9830609911998336,0.8,0.0,11.681668350587795,36.94637895738069,0,20,27260,13.865044503216494,,,
monitor_only,1364,0.9298245614035088,1.9851977653923123,0.8,0.0,3.8129380633290566,29.077648670121953,0,20,27280,3.1920098812480218,,,
monitor_only,1365,0.9298245614035088,1.9870104181946304,0.8,0.0,9.538931553440005,34.8036421602329,0,20,27300,10.66511674270167,,,
monitor_only,1366,0.9298245614035088,1.9888720794333314,0.8,0.0,11.926341161139742,37.191051767932635,0,20,27320,13.232853643411358,,,
monitor_only,1367,0.9298245614035088,1.9906415853993742,0.8,0.0,7.925191124928309,33.18990173172121,0,20,27340,7.298566502352755,,,
monitor_only,1368,0.9298245614035088,1.9926837165070348,0.8,0.0,9.718340129894614,34.98305073668751,0,20,27360,13.587948161585306,,,
monitor_only,1369,0.9298245614035088,1.994505938060519,0.8,0.0,3.55173650337368,28.816447110166575,0,20,27380,5.197328243002632,,,
monitor_only,1370,0.9298245614035088,1.9964377309132064,0.8,0.0,11.834494296555249,37.099204903348145,0,20,27400,13.168996204033935,,,
monitor_only,1371,0.9298245614035088,1.9981700652734873,0.8,0.0,9.558511636397878,34.82322224319077,0,20,27420,13.104986432732549,,,
monitor_only,1372,0.9298245614035088,2.0001224387404495,0.8,0.0,4.018571870182845,29.283282476975742,0,20,27440,3.054537883571379,,,
monitor_only,1373,0.9298245614035088,2.002117314613887,0.8,0.0,11.736387103670722,37.00109771046362,0,20,27460,14.190959364865943,,,
monitor_only,1374,0.9298245614035088,2.0039933738583278,0.8,0.0,7.720461052191089,32.98517165898399,0,20,27480,7.390948899072144,,,
monitor_only,1375,0.9298245614035088,2.0061729995007873,0.8,0.0,9.960513898269408,35.2252245050623,0,20,27500,14.340579570819463,,,
monitor_only,1376,0.9298245614035088,2.008075341276694,0.8,0.0,6.064977577948791,31.329688184741688,0,20,27520,6.808089395623866,,,
monitor_only,1377,0.9298245614035088,2.010074644976468,0.8,0.0,6.068782261500398,31.333492868293295,0,20,27540,7.4319621238004965,,,
monitor_only,1378,0.9298245614035088,2.0120664152842123,0.8,0.0,8.04031261822767,33.30502322502056,0,20,27560,7.677910495175654,,,
monitor_only,1379,0.9298245614035088,2.0140610682166553,0.8,0.0,5.976137207172391,31.24084781396529,0,20,27580,6.86371083195028,,,
monitor_only,1380,0.9298245614035088,2.0159685344320737,0.8,0.0,11.367210583310529,36.63192119010343,0,20,27600,16.685729962139767,,,
monitor_only,1381,0.9298245614035088,2.0180237295054546,0.8,0.0,6.054294166784757,31.319004773577653,0,20,27620,7.109425212553914,,,
monitor_only,1382,0.9298245614035088,2.019932250164887,0.8,0.0,4.088679037957945,29.35338964475084,0,20,27640,2.843906118647595,,,
monitor_only,1383,0.9298245614035088,2.0220615006768563,0.8,0.0,6.092496079277225,31.35720668607012,0,20,27660,8.133085746165305,,,
monitor_only,1384,0.9298245614035088,2.0239896533596315,0.8,0.0,10.09675458030112,35.36146518709401,0,20,27680,13.25535242272139,,,
monitor_only,1385,0.9298245614035088,2.025953185009458,0.8,0.0,8.067819690285585,33.33253029707848,0,20,27700,7.4736516729841895,,,
monitor_only,1386,0.9298245614035088,2.027936032751829,0.8,0.0,5.55066558741828,30.815376194211176,0,20,27720,4.895582514094115,,,
monitor_only,1387,0.9298245614035088,2.0298334469988255,0.8,0.0,4.471064658670609,29.735775265463506,0,20,27740,6.0661543181765065,,,
monitor_only,1388,0.9298245614035088,2.0318133293672354,0.8,0.0,4.469546868956703,29.7342574757496,0,20,27760,6.206003735587143,,,
monitor_only,1389,0.9298245614035088,2.033534028987007,0.8,0.0,5.77463358077201,31.039344187564907,0,20,27780,5.858647060548772,,,
monitor_only,1390,0.9298245614035088,2.0354132282529918,0.8,0.0,5.668825497835239,30.933536104628136,0,20,27800,5.901241089776366,,,
monitor_only,1391,0.9298245614035088,2.037401079428922,0.8,0.0,3.4175868321926828,28.68229743898558,0,20,27820,4.178566844780062,,,
monitor_only,1392,0.9298245614035088,2.0393135656488406,0.8,0.0,7.807427820819157,33.07213842761205,0,20,27840,7.447232681654035,,,
monitor_only,1393,0.9298245614035088,2.041060105245073,0.8,0.0,10.131258710244992,35.39596931703789,0,20,27860,13.312668269698069,,,
monitor_only,1394,0.9298245614035088,2.0430689464094067,0.8,0.0,8.10388746813222,33.36859807492512,0,20,27880,14.15009533464431,,,
monitor_only,1395,0.9298245614035088,2.044947040513396,0.8,0.0,6.10666024372108,31.371370850513976,0,20,27900,7.2770698863057,,,
monitor_only,1396,0.9298245614035088,2.0470332467240357,0.8,0.0,9.820993234630654,35.08570384142355,0,20,27920,14.794354166036303,,,
monitor_only,1397,0.9298245614035088,2.04888836381737,0.8,0.0,7.990103607824419,33.25481421461731,0,20,27940,7.579433291571044,,,
monitor_only,1398,0.9298245614035088,2.0509412061255876,0.8,0.0,11.937087612941848,37.20179821973474,0,20,27960,14.601568242651567,,,
monitor_only,1399,0.9298245614035088,2.052801125495227,0.8,0.0,5.4440844385627924,30.70879504535569,0,20,27980,4.502364036788051,,,
monitor_only,1400,0.9298245614035088,2.054627263880205,0.8,0.0,4.4518294697589536,29.71654007655185,0,20,28000,6.254871080811495,,,
monitor_only,1401,0.9298245614035088,2.0564324947096875,0.8,0.0,10.059724494158598,35.32443510095149,0,20,28020,13.353643740095253,,,
monitor_only,1402,0.9298245614035088,2.0581853023067618,0.8,0.0,10.008446090014331,35.27315669680723,0,20,28040,13.560615012932418,,,
monitor_only,1403,0.9298245614035088,2.0598764452983858,0.8,0.0,8.066986657960342,33.33169726475324,0,20,28060,6.69623960399601,,,
monitor_only,1404,0.9298245614035088,2.0618735984186864,0.8,0.0,6.768188851798035,32.03289945859093,0,20,28080,7.49503089604636,,,
monitor_only,1405,0.9298245614035088,2.063536165088255,0.8,0.0,5.963705599705236,31.22841620649813,0,20,28100,6.75155304199953,,,
monitor_only,1406,0.9298245614035088,2.065235354166374,0.8,0.0,9.855590472431762,35.12030107922466,0,20,28120,11.13914428225916,,,
monitor_only,1407,0.9298245614035088,2.0671748359808753,0.8,0.0,9.092961418596133,34.35767202538903,0,20,28140,14.214286079886811,,,
monitor_only,1408,0.9298245614035088,2.0691477376435934,0.8,0.0,8.17210632925973,33.43681693605262,0,20,28160,7.409839900458298,,,
monitor_only,1409,0.9298245614035088,2.070982331256717,0.8,0.0,6.1909270542344075,31.455637661027303,0,20,28180,7.004132875682382,,,
monitor_only,1410,0.9298245614035088,2.0729169627716795,0.8,0.0,4.19459624146081,29.459306848253707,0,20,28200,3.0598126232780802,,,
monitor_only,1411,0.9298245614035088,2.074663549949224,0.8,0.0,7.984656019740821,33.249366626533714,0,20,28220,7.552315149341645,,,
monitor_only,1412,0.9298245614035088,2.0765709445236027,0.8,0.0,9.98826556347505,35.25297617026794,0,20,28240,13.988271257444493,,,
monitor_only,1413,0.9298245614035088,2.078271181433003,0.8,0.0,8.10299549281884,33.36770609961174,0,20,28260,7.158540911275749,,,
monitor_only,1414,0.9298245614035088,2.0803040228402825,0.8,0.0,8.106335440299972,33.37104604709287,0,20,28280,8.044582129160597,,,
monitor_only,1415,0.9298245614035088,2.0822018966084856,0.8,0.0,10.10288588553749,35.367596492330385,0,20,28300,13.970451647085014,,,
monitor_only,1416,0.9298245614035088,2.0840642299955645,0.8,0.0,6.1842154728446985,31.448926079637594,0,20,28320,7.413659743344305,,,
monitor_only,1417,0.9298245614035088,2.0860019075987433,0.8,0.0,9.714752646849547,34.97946325364244,0,20,28340,10.227301520314889,,,
monitor_only,1418,0.9298245614035088,2.0878764052607295,0.8,0.0,12.192140109732085,37.45685071652498,0,20,28360,13.770083473047096,,,
monitor_only,1419,0.9298245614035088,2.08980026222841,0.8,0.0,10.068565020769332,35.33327562756223,0,20,28380,14.481374150645633,,,
monitor_only,1420,0.9298245614035088,2.09169804524499,0.8,0.0,9.72498854324537,34.98969915003826,0,20,28400,14.175153210728991,,,
monitor_only,1421,0.9298245614035088,2.093456604969383,0.8,0.0,8.131951449217922,33.39666205601082,0,20,28420,12.434978486877407,,,
monitor_only,1422,0.9298245614035088,2.0953655363647554,0.8,0.0,10.135398213951703,35.4001088207446,0,20,28440,14.206221252999445,,,
monitor_only,1423,0.9298245614035088,2.0972218856825755,0.8,0.0,8.131881604997869,33.39659221179076,0,20,28460,7.444238352520359,,,
monitor_only,1424,0.9298245614035088,2.0990667343328786,0.8,0.0,8.028795622405294,33.29350622919819,0,20,28480,7.480798474811731,,,
monitor_only,1425,0.9298245614035088,2.1004929311083558,0.8,0.0,6.0324595469758915,31.29717015376879,0,20,28500,5.981047868516929,,,
monitor_only,1426,0.9298245614035088,2.102192394719382,0.8,0.0,7.511168758582775,32.77587936537567,0,20,28520,9.6891694494358,,,
monitor_only,1427,0.9298245614035088,2.1040091965614485,0.8,0.0,10.240552117231044,35.505262724023936,0,20,28540,14.167538775812163,,,
monitor_only,1428,0.9298245614035088,2.1057386417305253,0.8,0.0,9.687326795931313,34.95203740272421,0,20,28560,13.660001335242987,,,
monitor_only,1429,0.9298245614035088,2.107483105363702,0.8,0.0,8.247681971464925,33.51239257825782,0,20,28580,13.73866319710503,,,
monitor_only,1430,0.9298245614035088,2.1093495504201503,0.8,0.0,9.5409260241532,34.8056366309461,0,20,28600,14.438352110394588,,,
monitor_only,1431,0.9298245614035088,2.111296811076792,0.8,0.0,5.164248805717004,30.4289594125099,0,20,28620,2.5283201294608393,,,
monitor_only,1432,0.9298245614035088,2.112960826731613,0.8,0.0,10.17050882811797,35.43521943491086,0,20,28640,12.373509066637496,,,
monitor_only,1433,0.9298245614035088,2.1146632235539675,0.8,0.0,6.24824164301837,31.512952249811267,0,20,28660,7.495350449180296,,,
monitor_only,1434,0.9298245614035088,2.116596035119805,0.8,0.0,4.265354175031462,29.530064781824358,0,20,28680,6.718818309296071,,,
monitor_only,1435,0.9298245614035088,2.11831021602699,0.8,0.0,6.268909416972217,31.533620023765113,0,20,28700,7.124346486034345,,,
monitor_only,1436,0.9298245614035088,2.120229892093259,0.8,0.0,7.559100925319248,32.823811532112146,0,20,28720,7.701138261921794,,,
monitor_only,1437,0.9298245614035088,2.1221004880109975,0.8,0.0,8.131237781418198,33.395948388211096,0,20,28740,7.944731730468005,,,
monitor_only,1438,0.9298245614035088,2.1236854769011844,0.8,0.0,7.601862639553853,32.866573246346746,0,20,28760,6.048216503103128,,,
monitor_only,1439,0.9298245614035088,2.125395259464491,0.8,0.0,8.28288905607792,33.547599662870816,0,20,28780,13.853032571843519,,,
monitor_only,1440,0.9298245614035088,2.12719635428161,0.8,0.0,9.571334901537133,34.83604550833003,0,20,28800,13.295953717824853,,,
monitor_only,1441,0.9298245614035088,2.129039624273693,0.8,0.0,12.27252680315625,37.53723740994914,0,20,28820,14.285793064691566,,,
monitor_only,1442,0.9298245614035088,2.130748611204006,0.8,0.0,6.280059637437414,31.54477024423031,0,20,28840,8.009319088074694,,,
monitor_only,1443,0.9298245614035088,2.1321982761443037,0.8,0.0,9.96194961845731,35.22666022525021,0,20,28860,13.002948574338095,,,
monitor_only,1444,0.9298245614035088,2.1339375562295055,0.8,0.0,7.565150202990102,32.829860809783,0,20,28880,7.226469939075041,,,
monitor_only,1445,0.9298245614035088,2.1357349008726656,0.8,0.0,5.988740643282426,31.253451250075322,0,20,28900,5.7871207565230165,,,
monitor_only,1446,0.9298245614035088,2.137634711617019,0.8,0.0,10.32410138069281,35.588811987485705,0,20,28920,14.43851065678526,,,
monitor_only,1447,0.9298245614035088,2.1393297700705602,0.8,0.0,10.293473001967186,35.55818360876008,0,20,28940,13.762116397016376,,,
monitor_only,1448,0.9298245614035088,2.1411468202876387,0.8,0.0,5.750008204284238,31.014718811077135,0,20,28960,4.657261713224157,,,
monitor_only,1449,0.9298245614035088,2.1429109665395023,0.8,0.0,4.334925219522651,29.59963582631555,0,20,28980,5.662446738110055,,,
monitor_only,1450,0.9298245614035088,2.1447589270195957,0.8,0.0,10.309465577659392,35.574176184452284,0,20,29000,14.376700184103218,,,
monitor_only,1451,0.9298245614035088,2.1465504490233736,0.8,0.0,7.5875675020506606,32.85227810884356,0,20,29020,7.801963512369594,,,
monitor_only,1452,0.9298245614035088,2.148311852759435,0.8,0.0,9.607099296202932,34.87180990299583,0,20,29040,9.261794793856462,,,
monitor_only,1453,0.9298245614035088,2.1501650290589938,0.8,0.0,10.127484760568754,35.39219536736165,0,20,29060,14.215933448167867,,,
monitor_only,1454,0.9298245614035088,2.1518625319187956,0.8,0.0,9.61318909088618,34.87789969767908,0,20,29080,8.996964309318084,,,
monitor_only,1455,0.9298245614035088,2.153619786755689,0.8,0.0,6.894606824072298,32.159317430865194,0,20,29100,7.410593613703831,,,
monitor_only,1456,0.9298245614035088,2.1552272880629832,0.8,0.0,12.254003438945727,37.51871404573862,0,20,29120,13.563146197299922,,,
monitor_only,1457,0.9298245614035088,2.157098949536893,0.8,0.0,10.347188097088823,35.61189870388172,0,20,29140,14.317102273164508,,,
monitor_only,1458,0.9298245614035088,2.1589642849434414,0.8,0.0,8.033076120823353,33.29778672761625,0,20,29160,7.9493660398384005,,,
monitor_only,1459,0.9298245614035088,2.1606636186152564,0.8,0.0,6.036602130810328,31.301312737603226,0,20,29180,5.772773991810148,,,
monitor_only,1460,0.9298245614035088,2.162510139572535,0.8,0.0,11.630823228143754,36.89553383493665,0,20,29200,14.0676257471425,,,
monitor_only,1461,0.9298245614035088,2.1643674762640313,0.8,0.0,9.616746398057028,34.88145700484992,0,20,29220,14.440628874521371,,,
monitor_only,1462,0.9298245614035088,2.16618433423458,0.8,0.0,5.860178832537789,31.124889439330687,0,20,29240,4.644144285540377,,,
monitor_only,1463,0.9298245614035088,2.1679682683989876,0.8,0.0,8.049773918971823,33.31448452576472,0,20,29260,7.672499589061946,,,
monitor_only,1464,0.9298245614035088,2.1697993705930525,0.8,0.0,9.64239111226031,34.9071017190532,0,20,29280,13.97523676851185,,,
monitor_only,1465,0.9298245614035088,2.1716921580913757,0.8,0.0,10.035148909472962,35.299859516265855,0,20,29300,14.524937866284462,,,
monitor_only,1466,0.9298245614035088,2.173392114358763,0.8,0.0,6.358543283961922,31.623253890754818,0,20,29320,6.106476428503893,,,
monitor_only,1467,0.9298245614035088,2.17526478994552,0.8,0.0,8.285453567159493,33.55016417395239,0,20,29340,7.128356982084903,,,
monitor_only,1468,0.9298245614035088,2.177104354434392,0.8,0.0,12.295206958337607,37.559917565130505,0,20,29360,14.099066593275946,,,
monitor_only,1469,0.9298245614035088,2.1789218875995244,0.8,0.0,7.657229911030754,32.92194051782365,0,20,29380,9.26070431745693,,,
monitor_only,1470,0.9298245614035088,2.180389957668017,0.8,0.0,8.379488317931418,33.644198924724314,0,20,29400,7.538296052306144,,,
monitor_only,1471,0.9298245614035088,2.182013055752763,0.8,0.0,6.3830377067210975,31.647748313513993,0,20,29420,6.616347161771152,,,
monitor_only,1472,0.9298245614035088,2.183773690998482,0.8,0.0,11.66546257348576,36.93017318027866,0,20,29440,25.414142811586473,,,
monitor_only,1473,0.9298245614035088,2.1854140785113563,0.8,0.0,6.0603481441694385,31.325058750962334,0,20,29460,6.112799149293495,,,
monitor_only,1474,0.9298245614035088,2.187013305741508,0.8,0.0,6.393048912062038,31.657759518854935,0,20,29480,7.334690953348301,,,
monitor_only,1475,0.9298245614035088,2.188628189207547,0.8,0.0,8.317347824335002,33.5820584311279,0,20,29500,7.328604732076524,,,
monitor_only,1476,0.9298245614035088,2.1902536639710597,0.8,0.0,7.903704600368353,33.168415207161246,0,20,29520,7.209283189942279,,,
monitor_only,1477,0.9298245614035088,2.1919366601432184,0.8,0.0,13.906440105861293,39.17115071265419,0,20,29540,17.95392650529712,,,
monitor_only,1478,0.9298245614035088,2.193531032391018,0.8,0.0,12.41914520174684,37.68385580853973,0,20,29560,13.58149746003313,,,
monitor_only,1479,0.9298245614035088,2.195083934978096,0.8,0.0,10.405026501362045,35.66973710815494,0,20,29580,14.125830215137984,,,
monitor_only,1480,0.9298245614035088,2.196879234553572,0.8,0.0,10.425963540288876,35.69067414708177,0,20,29600,14.056674051004393,,,
monitor_only,1481,0.9298245614035088,2.1986567782076794,0.8,0.0,6.429342847364978,31.694053454157874,0,20,29620,21.536614982691663,,,
monitor_only,1482,0.9298245614035088,2.2004587035886276,0.8,0.0,10.286050039006795,35.55076064579969,0,20,29640,14.301201164058208,,,
monitor_only,1483,0.9298245614035088,2.202260342974447,0.8,0.0,5.679718598306636,30.94442920509953,0,20,29660,4.147704037726152,,,
monitor_only,1484,0.9298245614035088,2.2038829019038753,0.8,0.0,4.457152264895967,29.721862871688863,0,20,29680,3.0499831579317465,,,
monitor_only,1485,0.9298245614035088,2.2055140684766954,0.8,0.0,6.4427895005277005,31.707500107320598,0,20,29700,7.581979564959285,,,
monitor_only,1486,0.9298245614035088,2.2070493137832745,0.8,0.0,10.122800811186607,35.3875114179795,0,20,29720,11.51313407503476,,,
monitor_only,1487,0.9298245614035088,2.208656770526188,0.8,0.0,9.93667662358007,35.201387230372966,0,20,29740,13.546217563341806,,,
monitor_only,1488,0.9298245614035088,2.210435495067067,0.8,0.0,8.360431280963212,33.62514188775611,0,20,29760,12.002691208971214,,,
monitor_only,1489,0.9298245614035088,2.211862113871022,0.8,0.0,7.696780295286771,32.96149090207967,0,20,29780,6.8450808773394485,,,
monitor_only,1490,0.9298245614035088,2.2135636889931654,0.8,0.0,10.249112429839519,35.51382303663242,0,20,29800,11.570903092493172,,,
monitor_only,1491,0.9298245614035088,2.2149420826138604,0.8,0.0,10.462440297123976,35.72715090391687,0,20,29820,13.023521654916197,,,
monitor_only,1492,0.9298245614035088,2.216483344390734,0.8,0.0,7.704727860918487,32.969438467711385,0,20,29840,9.625649461427422,,,
monitor_only,1493,0.9298245614035088,2.218030590885676,0.8,0.0,12.375741244727958,37.64045185152085,0,20,29860,13.8771939004305,,,
monitor_only,1494,0.9298245614035088,2.2196961374899766,0.8,0.0,12.261048520553384,37.52575912734628,0,20,29880,14.118571500027006,,,
monitor_only,1495,0.9298245614035088,2.2211920472932247,0.8,0.0,7.889310841760183,33.15402144855308,0,20,29900,7.235795761183542,,,
monitor_only,1496,0.9298245614035088,2.222977275528706,0.8,0.0,10.464487839031639,35.72919844582454,0,20,29920,12.38439978587298,,,
monitor_only,1497,0.9298245614035088,2.2246529470153655,0.8,0.0,7.330543556474065,32.59525416326696,0,20,29940,7.292335599934284,,,
monitor_only,1498,0.9298245614035088,2.22631673057138,0.8,0.0,8.468539498034414,33.733250104827306,0,20,29960,14.095607838383552,,,
monitor_only,1499,0.9298245614035088,2.2282490724898736,0.8,0.0,10.474366367085016,35.739076973877914,0,20,29980,12.910533917030952,,,
monitor_only,1500,0.9298245614035088,2.2298280316791734,0.8,0.0,9.338155682126324,34.602866288919216,0,20,30000,7.571114311376475,,,
