schedule,t,reward,gap,beta_true,beta_hat,cert,cert_hp,n_cal,n_mon,cum_aud,xi_sq,exp3_arm,exp3_p,exp3_loss
exp3,1,0.9294449090590314,0.02673118103259786,0.0,0.024505691149574838,4.209211897131318,29.473922503924214,200,20,220,4.765303873615371,2,0.3333333333333333,0.238122430988923
exp3,2,0.9295526600867682,0.026649601297894177,0.0,0.014710656849800274,4.207039232337662,29.47174983913056,200,20,440,4.292128688689871,2,0.3315113486879399,0.23433702950951898
exp3,3,0.9295640707189167,0.026717018515401092,0.0,-0.09992354596181925,4.09811125673817,29.362821863531067,5,20,465,4.39168530266256,1,0.3351431929953903,0.04013348242130048
exp3,4,0.9296230936198917,0.02668025473610336,0.0,-0.09992354596181925,4.324394936035926,29.589105542828822,0,20,485,4.771418462479492,0,0.33529781210210385,0.038171347699835934
exp3,5,0.9298064281837922,0.026479032350460452,0.0,0.0025977963536101853,6.012405931197577,31.277116537990473,5,20,510,9.374163761389909,1,0.3349834765753329,0.07999331009111928
exp3,6,0.9299257680760453,0.02632779705124899,0.0,0.0025977963536101853,4.011750471413797,29.276461078206694,0,20,530,4.54482904418244,0,0.33531420050699123,0.03635863235345952
exp3,7,0.929973244288,0.026310047608316123,0.0,-0.007469048038561408,6.309239804409631,31.573950411202528,200,20,750,8.9340583382002,2,0.3304515005652807,0.2714724667056016
exp3,8,0.9299984166632548,0.02622363596654631,0.0,0.0015206765259931383,4.242808912708448,29.507519519501344,5,20,775,4.158816672348998,1,0.3355538335904164,0.03827053337879198
exp3,9,0.930037022851959,0.02624149494523942,0.0,-0.006246014774493256,4.288463735123098,29.553174341915994,200,20,995,4.196678514407818,2,0.3285105691274507,0.23357342811526255
exp3,10,0.9300920181266088,0.026223503163222972,0.0,0.018719001653690788,4.2081490773783825,29.47285968417128,5,20,1020,4.064326799963254,1,0.33616002587566085,0.037514614399706034
exp3,11,0.9302621452609986,0.025847350447671946,0.0,0.018719001653690788,6.0836004321805985,31.348311038973495,0,20,1040,9.78726038171298,0,0.33727438319646513,0.07829808305370384
exp3,12,0.9303212683504933,0.02580579586310361,0.0,0.02004118662988998,4.057359216556725,29.322069823349622,200,20,1260,4.451818527471334,2,0.32714572459664687,0.23561454821977068
exp3,13,0.9304942316936915,0.025721311342582487,0.0,0.017624560321057133,2.119235450281754,27.38394605707465,200,20,1480,1.531392338801371,2,0.32532697392989096,0.21225113871041096
exp3,14,0.9304864434498126,0.02558309341413889,0.0,0.017624560321057133,4.006004200731612,29.270714807524506,0,20,1500,3.9072018910038855,0,0.33841026474327485,0.03125761512803109
exp3,15,0.9305772235313308,0.02542632006453105,0.0,-0.016261950240452308,6.043357233385242,31.30806784017814,200,20,1720,9.86700603805682,2,0.32380032087254834,0.27893604830445456
exp3,16,0.9306328994085006,0.025483007275502456,0.0,-0.016261950240452308,4.083542138918549,29.348252745711445,0,20,1740,4.827955930256993,0,0.33925414930422537,0.038623647442055944
exp3,17,0.9307317598232396,0.025462150890192103,0.0,-0.016261950240452308,6.348340218076342,31.613050824869237,0,20,1760,9.841790660368208,0,0.3389608007796137,0.07873432528294566
exp3,18,0.9308527976752677,0.02530080167788351,0.0,0.09697210552121888,2.193166948179319,27.457877554972214,5,20,1785,1.2923316171897345,1,0.33956618462474386,0.015338652937517877
exp3,19,0.9309317022694553,0.025300989665768103,0.0,0.06794131341564222,2.3988879921912174,27.663598598984112,5,20,1810,1.669177463308965,1,0.33944972463489737,0.018353419706471717
exp3,20,0.9309591457147344,0.02525959729754579,0.0,0.06794131341564222,2.4530794888413556,27.71779009563425,0,20,1830,1.2693636067672396,0,0.33849387858902946,0.010154908854137917
exp3,21,0.931022941983933,0.02516228024174061,0.0,0.0492467358849163,4.247542892964101,29.512253499756998,5,20,1855,4.827748056627917,1,0.33935000232672746,0.04362198445302334
exp3,22,0.930965940813814,0.025172646006507704,0.0,0.02328525958450716,4.183520742219525,29.44823134901242,5,20,1880,4.640316911450915,1,0.3390187469150996,0.042122535291607324
exp3,23,0.9310207939420874,0.02497525937645606,0.0,-0.018833673629900405,2.2556768573825923,27.52038746417549,5,20,1905,1.2395273213340956,1,0.33869872050296207,0.014916218570672764
exp3,24,0.9311667669612139,0.024683988449657912,0.0,0.16575315749106712,6.051667638182563,31.31637824497546,5,20,1930,9.23038253366541,1,0.33858532393081503,0.07884306026932328
exp3,25,0.9312306009593826,0.024548225029920934,0.0,0.039397389051010596,2.3394125730117676,27.604123179804663,5,20,1955,1.4113551862155909,1,0.3379860591380772,0.016290841489724726
exp3,26,0.9314114727964595,0.02434529880350922,0.0,-0.0994406600867509,4.231928989767749,29.496639596560644,5,20,1980,4.22000040456238,1,0.33786208448481386,0.03876000323649904
exp3,27,0.9314876128591351,0.024367442756066726,0.0,-0.011385852135746445,6.289218966860779,31.553929573653676,200,20,2200,9.596364128477294,2,0.3231021398050548,0.27677091302781837
exp3,28,0.9315140939429605,0.024329229861071444,0.0,0.01984433727848062,6.010000280787037,31.274710887579932,200,20,2420,10.136958519292408,2,0.3209541032215389,0.28109566815433923
exp3,29,0.9316644903215253,0.024187068434464276,0.0,-0.00284957101343345,4.152746692898463,29.417457299691357,200,20,2640,4.685764012515758,2,0.31876602764568596,0.23748611210012607
exp3,30,0.9315964110800812,0.02436300588675122,0.0,-0.00284957101343345,6.237935653346416,31.50264626013931,0,20,2660,9.808783903995733,0,0.3424345648622896,0.07847027123196587
exp3,31,0.9318999123042704,0.02391148928222786,0.0,-0.00284957101343345,3.9720076298178313,29.236718236610727,0,20,2680,4.370911832959499,0,0.34184148052234925,0.03496729466367599
exp3,32,0.9320371568205043,0.023778906800155375,0.0,-0.00284957101343345,5.967880712930615,31.23259131972351,0,20,2700,9.654031744596288,0,0.3415769014257364,0.0772322539567703
exp3,33,0.9321351693950415,0.023683240465532718,0.0,-0.11309659417341533,2.3823530109745135,27.647063617767408,5,20,2725,1.8767600555469104,1,0.3414022700051934,0.020014080444375283
exp3,34,0.9320928276398485,0.02372840601512738,0.0,0.14416266644935458,6.205311866213015,31.470022473005912,5,20,2750,9.433431951169386,1,0.34125072377714627,0.08046745560935509
exp3,35,0.9320710175725364,0.023779824900130198,0.0,0.14416266644935458,2.1779085623891,27.442619169181995,0,20,2770,1.2000369869554681,0,0.3413868379844747,0.009600295895643745
exp3,36,0.9322340148682341,0.023596912482489185,0.0,-0.009178687394557686,2.2138607108459647,27.47857131763886,200,20,2990,1.3478465849890695,2,0.31800671901036587,0.21078277267991258
exp3,37,0.9322849225649974,0.023526186583945674,0.0,0.18872597236826677,2.2021996161627335,27.46691022295563,5,20,3015,1.073857469494437,1,0.3415024775815403,0.013590859755955498
exp3,38,0.9322629809946035,0.02349396555080452,0.0,0.18872597236826677,6.219825197556366,31.484535804349264,0,20,3035,8.44210247843201,0,0.3421926036982718,0.06753681982745609
exp3,39,0.9323182474138003,0.023388965974422637,0.0,-0.018944331417160197,2.1880402286267,27.452750835419597,5,20,3060,1.400074822698145,1,0.34166497503732507,0.01620059858158516
exp3,40,0.9322975096324296,0.02335103620960488,0.0,-0.057255313561396584,6.033224985963444,31.29793559275634,5,20,3085,9.266710958163552,1,0.3415423491648792,0.07913368766530841
exp3,41,0.9324180493573292,0.023187781876980673,0.0,-0.057255313561396584,4.049018055054888,29.313728661847783,0,20,3105,4.521752989279368,0,0.34205692653490555,0.036174023914234944
exp3,42,0.9324190245434194,0.02323578931275827,0.0,0.04622323698488563,4.180827018850803,29.4455376256437,200,20,3325,3.953821221981495,2,0.31713124870397325,0.23163056977585197
exp3,43,0.93260680378136,0.022983451072494443,0.0,0.04622323698488563,5.892625074074531,31.157335680867426,0,20,3345,9.050673109080813,0,0.34269087367803075,0.0724053848726465
exp3,44,0.9324929127562711,0.023204088958744817,0.0,-0.007501597484146945,4.18912592407104,29.453836530863935,200,20,3565,4.2800696521790735,2,0.3155800433205565,0.2342405572174326
exp3,45,0.9325111359553648,0.023141179538683443,0.0,-0.007501597484146945,4.268588628138879,29.533299234931775,0,20,3585,4.5685768874944985,0,0.3430624005758292,0.03654861509995599
exp3,46,0.932554884355953,0.023028879726839424,0.0,-0.007501597484146945,3.9128098706895647,29.17752047748246,0,20,3605,3.9721540539041578,0,0.34278635501938937,0.03177723243123326
exp3,47,0.9326288258341762,0.02289569233011879,0.0,0.031190949452835494,2.3011628952817356,27.56587350207463,200,20,3825,1.314862609650115,2,0.31398857876937286,0.2105189008772009
exp3,48,0.9327747017249073,0.02268015693796266,0.0,0.031190949452835494,4.013600892950779,29.278311499743676,0,20,3845,4.35394710694761,0,0.34337276450620874,0.03483157685558087
exp3,49,0.9327726916751856,0.022603869649755692,0.0,-0.01097263363646608,6.1059304083696855,31.370641015162583,200,20,4065,9.909086634624241,2,0.31245807760482186,0.2792726930769939
exp3,50,0.9328605090747579,0.0224309514069283,0.0,-0.01370695306174453,3.7673079039233275,29.032018510716224,5,20,4090,4.210377186810418,1,0.34553404474928795,0.03868301749448334
exp3,51,0.9329165877384451,0.0223120708843787,0.0,0.020125014597989637,4.2054276744214665,29.47013828121436,200,20,4310,4.859745603215306,2,0.3103963183830419,0.23887796482572243
exp3,52,0.933046784275538,0.022167785446229327,0.0,0.020125014597989637,3.8713687900762186,29.136079396869114,0,20,4330,4.32395828267707,0,0.345303072949979,0.03459166626141656
exp3,53,0.9330711228639703,0.02221606466852155,0.0,0.07569930275261184,2.3229906941877707,27.587701300980665,5,20,4355,1.1911099114584232,1,0.3463257631478171,0.014528879291667384
exp3,54,0.9332168842855968,0.022134583418076725,0.0,0.20280909637623268,4.024008795972133,29.28871940276503,5,20,4380,6.364303023186288,1,0.34621654420793097,0.05591442418549031
exp3,55,0.9333667055112278,0.022119990004175416,0.0,-0.016790737993258517,4.131469171876278,29.396179778669172,200,20,4600,4.508748540044244,2,0.3088810250864608,0.23606998832035395
exp3,56,0.9334210643372635,0.022090573699905525,0.0,0.08135605039573367,6.398604973727017,31.663315580519914,5,20,4625,9.80115356241999,1,0.3467313350231962,0.08340922849935993
exp3,57,0.9334528838199505,0.022012776326496897,0.0,0.031541390954555444,4.164272037783723,29.42898264457662,200,20,4845,4.483176353623669,2,0.30730583710094367,0.23586541082898935
exp3,58,0.9335193901766698,0.021920358297537135,0.0,0.031541390954555444,3.9172645709786127,29.18197517777151,0,20,4865,4.615019222958789,0,0.34752553272861697,0.03692015378367032
exp3,59,0.9335657802637298,0.02188947711446032,0.0,0.005286132682208606,3.8438800934143487,29.108590700207245,200,20,5085,4.399921073854492,2,0.3055639501858957,0.23519936859083593
exp3,60,0.9336461054280742,0.02166612809815005,0.0,0.005286132682208606,6.110355254321307,31.3750658611142,0,20,5105,9.5742850141756,0,0.34818376829400427,0.07659428011340481
exp3,61,0.9338211450143689,0.021441630072669415,0.0,-0.026535594981662945,6.117574978592069,31.382285585384963,200,20,5325,9.643711167026048,2,0.30396031920284966,0.27714968933620837
exp3,62,0.9338415987288281,0.02130005215230124,0.0,-0.026535594981662945,3.916602620555853,29.18131322734875,0,20,5345,4.411959651236729,0,0.3487123811517551,0.035295677209893836
exp3,63,0.9339786575829885,0.02103189915175152,0.0,-0.04798648680462778,5.836117170009833,31.100827776802728,5,20,5370,9.097744339354765,1,0.3496774945223884,0.07778195471483813
exp3,64,0.934133401297339,0.02080434945718279,0.0,-0.027325900539926003,6.431431493852354,31.69614210064525,200,20,5590,9.486715473906948,2,0.30214367516177154,0.2758937237912556
exp3,65,0.9341476826713712,0.020703285224733636,0.0,-0.027325900539926003,4.318977068038191,29.583687674831086,0,20,5610,4.022364553752187,0,0.34986154272489145,0.032178916430017496
exp3,66,0.9342349780446321,0.02064480342667452,0.0,-0.027325900539926003,6.144805288477728,31.409515895270623,0,20,5630,9.837933384015429,0,0.34962093431657926,0.07870346707212343
exp3,67,0.9342927191996232,0.020494279071226584,0.0,-0.0018035989676686859,2.299665874966247,27.564376481759144,5,20,5655,1.3076996307029942,1,0.3506459205475754,0.015461597045623953
exp3,68,0.9342847520185845,0.020508448900355858,0.0,-0.01622564747948407,4.45122572852938,29.715936335322276,5,20,5680,4.588332164500321,1,0.35053043675841594,0.04170665731600257
exp3,69,0.9343946336668433,0.02023285163595434,0.0,-0.012150876291217633,3.903884959183003,29.1685955659759,5,20,5705,4.131017025286347,1,0.35021891426013846,0.03804813620229078
exp3,70,0.9346116671505742,0.01991697085417765,0.0,-0.04029411842474055,2.3866577080750977,27.651368314867995,200,20,5925,1.3707974170945976,2,0.3006496714432814,0.2109663793367568
exp3,71,0.9347090371711128,0.019920959167667007,0.0,-0.277351983687788,3.9488745036780277,29.213585110470923,5,20,5950,3.264654468926598,1,0.35077972902221183,0.031117235751412786
exp3,72,0.9346907693412909,0.019887536809337414,0.0,0.2184217230128272,4.5255509482381875,29.790261555031083,5,20,5975,4.867961142502256,1,0.3505473770875359,0.04394368914001805
exp3,73,0.9346425643340267,0.019955183194574455,0.0,0.14925097390305161,4.004228849402664,29.26893945619556,5,20,6000,4.82899985501813,1,0.3502191574069148,0.043631998840145035
exp3,74,0.9346824655245186,0.020056510600281463,0.0,0.12672657635525436,6.200133905853554,31.46484451264645,5,20,6025,8.396658368776116,1,0.3498931052705043,0.07217326695020894
exp3,75,0.9348161842907198,0.01990182893144643,0.0,0.12674712272870028,2.2621547484160276,27.526865355208923,5,20,6050,1.1448203857909065,1,0.3493535863796958,0.014158563086327253
exp3,76,0.934848696702139,0.019865940503087987,0.0,-0.020603856156968844,4.152283178926846,29.416993785719743,200,20,6270,4.277471609669621,2,0.2996638843279819,0.23421977287735696
exp3,77,0.9349488129413027,0.019897391278847376,0.0,0.018052186675266858,7.884523406560341,33.14923401335324,200,20,6490,17.45936246064923,2,0.2977866154930537,0.3396748996851938
exp3,78,0.9350311594170887,0.019761748911625854,0.0,-0.005319988183042155,4.364773368744884,29.62948397553778,200,20,6710,4.177308602045238,2,0.2950597255880952,0.2334184688163619
exp3,79,0.93512421087243,0.01976377115503658,0.0,-0.024617162562437976,4.086949982544402,29.3516605893373,200,20,6930,3.991723498168116,2,0.2931774916951581,0.23193378798534492
exp3,80,0.9350725676206696,0.01972104568802524,0.0,-0.029508312939046363,3.896984688327047,29.161695295119944,200,20,7150,4.2112749971301335,2,0.291302602832261,0.23369019997704105
exp3,81,0.9352597887552477,0.019428974291551104,0.0,-0.029508312939046363,3.996702265641944,29.26141287243484,0,20,7170,4.53647275491517,0,0.35622991365918083,0.03629178203932136
exp3,82,0.9352115694632847,0.019685004854007704,0.0,0.414364794880217,3.8628544438123025,29.1275650506052,5,20,7195,5.49333308665265,1,0.3545096163504124,0.0489466646932212
exp3,83,0.9351947606070903,0.020007966996984483,0.0,0.414364794880217,3.8174399081688475,29.082150514961743,0,20,7215,4.181624507140721,0,0.356162267204555,0.03345299605712577
exp3,84,0.9350316844031893,0.02047245522405794,0.0,0.414364794880217,2.2674133197771633,27.53212392657006,0,20,7235,5.9976932685493445,0,0.35591449320151625,0.047981546148394755
exp3,85,0.9351593168161951,0.02032276848546477,0.0,-0.025441240034350714,6.4272936304683945,31.69200423726129,5,20,7260,9.385960874522473,1,0.35447919675895606,0.08008768699617978
exp3,86,0.9351852478977799,0.020385964420476577,0.0,-0.025441240034350714,3.867172994210132,29.13188360100303,0,20,7280,4.3562849514719515,0,0.35588764839912274,0.034850279611775614
exp3,87,0.9355056350390877,0.02001625099413218,0.0,-0.0010770484450013103,4.684577761099034,29.94928836789193,200,20,7500,4.565908498554216,2,0.2903435741554642,0.23652726798843374
exp3,88,0.9354876724730967,0.019975616709531185,0.0,-0.010508083591189854,6.4927453338087355,31.75745594060163,5,20,7525,9.019743684295058,1,0.3549842609354224,0.07715794947436047
exp3,89,0.9355326070615835,0.019732382505236568,0.0,-0.0323540188681259,3.806252717893091,29.070963324685987,200,20,7745,4.418342342492275,2,0.2886793641742304,0.23534673873993822
exp3,90,0.9356476475650632,0.019672059358693317,0.0,-0.015804904979894636,5.885533624376131,31.150244231169026,200,20,7965,9.616272123026778,2,0.2867658227928398,0.27693017698421424
exp3,91,0.9358448880436533,0.019336894509105362,0.0,-0.015804904979894636,4.2680027534411,29.532713360233995,0,20,7985,3.9797660951649165,0,0.3590012684300283,0.031838128761319334
exp3,92,0.9361046166391133,0.018992545429487473,0.0,0.014554884077138083,4.284132302280566,29.548842909073464,200,20,8205,4.528189596600415,2,0.2846131856228351,0.2362255167728033
exp3,93,0.9360764104479737,0.018906768041516697,0.0,0.045579623193988464,5.756790252266737,31.021500859059632,5,20,8230,9.327127920071463,1,0.35758270307632695,0.07961702336057172
exp3,94,0.9362927957518526,0.018690766001774328,0.0,0.030800106993346066,3.9916668718218498,29.256377478614745,200,20,8450,4.334826603040987,2,0.28293998903944984,0.2346786128243279
exp3,95,0.9363980085004103,0.018583564236289818,0.0,-0.010605979817137519,2.3204946438495653,27.58520525064246,200,20,8670,1.2931238168995054,2,0.28101781370340523,0.21034499053519604
exp3,96,0.9365614003885202,0.018393327976499063,0.0,-0.00019842370965593317,4.244588569539958,29.509299176332853,200,20,8890,4.071507062741378,2,0.2792903536681773,0.232572056501931
exp3,97,0.9366013898407265,0.01834887564248633,0.0,0.05749886250030844,2.3210848425960715,27.585795449388968,200,20,9110,1.1998667905195264,2,0.2773765923627775,0.20959893432415622
exp3,98,0.9365770653187788,0.018528636422924794,0.0,0.36580432737540564,3.8729300935414015,29.1376407003343,5,20,9135,3.2760419139961816,1,0.3606245761868514,0.031208335311969454
exp3,99,0.9365596665443884,0.0186519516903626,0.0,0.12270011105704284,2.4119368840475985,27.676647490840494,5,20,9160,1.5342295782773887,1,0.36039498888847926,0.01727383662621911
exp3,100,0.9365519197378482,0.01876503603791202,0.0,0.0440206357364118,2.2193512709249257,27.48406187771782,5,20,9185,1.3315771737329338,1,0.36026785943501616,0.015652617389863472
exp3,101,0.936764350453338,0.018595622618631236,0.0,0.0440206357364118,4.265330541771085,29.53004114856398,0,20,9205,4.898968353241893,0,0.3639978186102111,0.03919174682593514
exp3,102,0.9370275698214944,0.01832516851777244,0.0,0.04743001630076335,2.295585779349209,27.560296386142106,5,20,9230,1.3077296847951343,1,0.3603157979478536,0.015461837478361074
exp3,103,0.9370962044375503,0.018184347610944895,0.0,0.04743001630076335,5.674025629487531,30.938736236280427,0,20,9250,9.062738072037956,0,0.363776009695395,0.07250190457630365
exp3,104,0.9372372171375076,0.0178858704574969,0.0,-0.33867493470302135,3.536407993724087,28.801118600516983,5,20,9275,5.18754109629625,1,0.3605038147652461,0.04650032877037
exp3,105,0.9372418745507249,0.018026524937658994,0.0,0.0948659201284628,4.186115519202357,29.450826125995253,5,20,9300,4.650043025988221,1,0.3601616912140964,0.04220034420790576
exp3,106,0.9373418992511721,0.017849767545629835,0.0,0.0948659201284628,3.4401159049321706,28.704826511725066,0,20,9320,4.4277010776096,0,0.36361781965878937,0.0354216086208768
exp3,107,0.9373918423902934,0.017607189314114757,0.0,-0.29157813346548167,3.8648610217590393,29.129571628551936,5,20,9345,4.73498418852265,1,0.3599983697175543,0.0428798735081812
exp3,108,0.9375369212122328,0.01754610754813024,0.0,-0.01937319174625436,2.571241451029692,27.83595205782259,5,20,9370,1.3122008397585294,1,0.35968263469122913,0.015497606718068236
exp3,109,0.9377839465756029,0.017032475770614286,0.0,-0.7190551839972815,5.734110062759926,30.99882066955282,5,20,9395,12.045905183923429,1,0.35956845259139186,0.10136724147138743
exp3,110,0.9379489756961316,0.0164071947562775,0.0,-0.7190551839972815,3.9594855921904446,29.22419619898334,0,20,9415,11.501963161743646,0,0.36402952677766515,0.09201570529394917
exp3,111,0.9380031434249084,0.016273953673527575,0.0,-0.02348598800687956,3.892040696379761,29.15675130317266,200,20,9635,4.595310657326093,2,0.27744039586898933,0.2367624852586087
exp3,112,0.9380615976533392,0.016166407732288612,0.0,-0.06478487227122022,5.968916868305098,31.233627475097993,5,20,9660,9.208322666345694,1,0.3601738342936784,0.07866658133076557
exp3,113,0.9381762872935385,0.01604222519538523,0.0,-0.09767546395704207,8.375373744752592,33.64008435154549,5,20,9685,16.633182311838546,1,0.3595948434553694,0.13806545849470836
exp3,114,0.9383162403659254,0.01590370885291803,0.0,0.048585785221580545,3.353088516962347,28.617799123755244,200,20,9905,3.9971337649015415,2,0.2761705075460801,0.23197707011921231
exp3,115,0.9384807153835885,0.015763706141959433,0.0,-0.21182822823606726,3.378175562051384,28.642886168844278,5,20,9930,4.428042264130588,1,0.3595270950800792,0.0404243381130447
exp3,116,0.9386442223583767,0.015445572163361398,0.0,-0.019093787405301405,6.389705236038047,31.654415842830943,200,20,10150,9.596919274852288,2,0.27438088460329174,0.2767753541988183
exp3,117,0.9387423396694978,0.015302325902729175,0.0,-0.023355052557734696,2.5879059680570284,27.852616574849925,200,20,10370,1.267341940084307,2,0.27209038947956504,0.21013873552067444
exp3,118,0.9386732348817579,0.015346818866896705,0.0,-0.3486037372277918,3.8729648195971684,29.137675426390064,5,20,10395,5.490735319160556,1,0.3612264473690512,0.04892588255328444
exp3,119,0.938512131949417,0.015744103609875992,0.0,-0.3486037372277918,3.5491861558203635,28.81389676261326,0,20,10415,5.381790627288634,0,0.3686367538081532,0.04305432501830907
exp3,120,0.9382256848797565,0.01641894168532032,0.0,-0.3486037372277918,3.8829376955250563,29.147648302317954,0,20,10435,5.217248872052772,0,0.3683239228255974,0.041737990976422175
exp3,121,0.9379049291325544,0.017187068162385133,0.0,-0.3486037372277918,4.243427786889228,29.508138393682124,0,20,10455,5.211219121608156,0,0.36802050721984897,0.04168975297286525
exp3,122,0.9375012133437829,0.01819773316778206,0.0,-0.3486037372277918,3.945272891292888,29.209983498085784,0,20,10475,2.0018830746642027,0,0.36771729947166504,0.01601506459731362
exp3,123,0.9374635930779786,0.018263032620501995,0.0,0.001796132784244145,5.33346580255909,30.598176409351986,5,20,10500,9.432896688442266,1,0.36146193219447303,0.08046317350753814
exp3,124,0.9374558843546648,0.018330254297762694,0.0,0.001796132784244145,3.742979792937687,29.007690399730585,0,20,10520,4.025139287136644,0,0.3679427498388026,0.032201114297093145
exp3,125,0.9375631443204103,0.01812067988258792,0.0,0.0434685701680491,4.047436023795551,29.312146630588447,5,20,10545,4.841103619244642,1,0.3610052736564347,0.04372882895395713
exp3,126,0.9378128980574837,0.01775632052762821,0.0,0.0434685701680491,2.4270677925492214,27.691778399342116,0,20,10565,1.7864647110770837,0,0.3678944558049271,0.01429171768861667
exp3,127,0.9378328400520239,0.01775219802695882,0.0,-0.013233529078345374,4.236124063954096,29.50083467074699,200,20,10785,4.195470612245315,2,0.27146611918113245,0.23356376489796254
exp3,128,0.937973318143048,0.017643142631679543,0.0,-0.013233529078345374,4.152401051314846,29.417111658107743,0,20,10805,4.438102480414075,0,0.36877053345342203,0.0355048198433126
exp3,129,0.9379938424757233,0.017722100229216275,0.0,-0.013233529078345374,4.079069824917622,29.343780431710517,0,20,10825,4.700025806384324,0,0.3685126022953705,0.03760020645107459
exp3,130,0.9379910874355363,0.01768096208274894,0.0,-0.013233529078345374,4.422656191812259,29.687366798605154,0,20,10845,4.077409738030363,0,0.36823934174367595,0.032619277904242905
exp3,131,0.9379130651943853,0.017848800859566083,0.0,-0.013233529078345374,5.673882984238113,30.938593591031008,0,20,10865,10.170572792402822,0,0.3680021746197712,0.08136458233922259
exp3,132,0.9379305045174043,0.017931392890848774,0.0,0.013480498733586081,4.085956553138791,29.35066715993169,200,20,11085,4.696895975127353,2,0.2701022380022436,0.2375751678010188
exp3,133,0.9379510803972572,0.017746862146114206,0.0,0.013480498733586081,4.300861181649564,29.565571788442462,0,20,11105,4.135390216340362,0,0.3684060187076629,0.03308312173072289
exp3,134,0.9382767241353719,0.017139388050123938,0.0,0.17566238689382954,3.700930167704226,28.96564077449712,5,20,11130,4.318521496845751,1,0.3636081022343607,0.039548171974766004
exp3,135,0.9383883676691345,0.01690015004519352,0.0,-0.02505536268163053,4.069115552375893,29.333826159168787,200,20,11350,3.8042424164566695,2,0.268347532248259,0.23043393933165338
exp3,136,0.9385011444541956,0.01669526323501891,0.0,-0.02505536268163053,5.879719175642627,31.144429782435523,0,20,11370,9.850669135817014,0,0.3693018196263364,0.0788053530865361
exp3,137,0.9386018036405799,0.016697744492420563,0.0,-0.02505536268163053,3.9080153743855575,29.172725981178452,0,20,11390,3.460639556371178,0,0.36872990037228126,0.027685116450969428
exp3,138,0.9386066077099725,0.016712491447119948,0.0,0.00955226211662331,6.284214077974311,31.548924684767208,200,20,11610,9.38509985065028,2,0.26674965549369917,0.27508079880520225
exp3,139,0.9386090794450361,0.016751683619861346,0.0,0.00955226211662331,3.8596442040767642,29.12435481086966,0,20,11630,4.290037874986731,0,0.36968385954412386,0.034320302999893845
exp3,140,0.9386470847193393,0.016734238313498406,0.0,0.00401884390818597,6.195121866469382,31.459832473262278,200,20,11850,9.631023786817083,2,0.26455545386976753,0.27704819029453664
exp3,141,0.9387657583961433,0.016486408626997906,0.0,0.00401884390818597,6.144342950067805,31.4090535568607,0,20,11870,9.622524185038658,0,0.3706006675312937,0.07698019348030927
exp3,142,0.9388250030156058,0.016394159483004933,0.0,0.00401884390818597,4.683035650428432,29.94774625722133,0,20,11890,4.485658189027973,0,0.3700431179304225,0.03588526551222378
exp3,143,0.9389833197280159,0.016105032108306716,0.0,-0.0015386638490056637,2.5712314605261004,27.835942067318996,200,20,12110,1.105383417602612,2,0.26257307801478275,0.2088430673408209
exp3,144,0.9391531136155089,0.01574256563805032,0.0,-0.0015386638490056637,2.200667389559307,27.465377996352203,0,20,12130,1.6006983987402705,0,0.3706628791984075,0.012805587189922163
exp3,145,0.9391482250673835,0.015858799203758323,0.0,-0.020072484527996454,3.68803717792464,28.952747784717538,200,20,12350,4.494873986524243,2,0.26085658912342663,0.23595899189219396
exp3,146,0.9395794801210481,0.015190985643024457,0.0,0.2654316248835301,3.509366851329455,28.77407745812235,5,20,12375,4.8576918659612875,1,0.3695634850918425,0.0438615349276903
exp3,147,0.9398294053578717,0.014688655559885633,0.0,0.2654316248835301,2.28673556151165,27.551446168304544,0,20,12395,3.688587553415885,0,0.3717545290600179,0.029508700427327082
exp3,148,0.9399933367911439,0.014515056294896023,0.0,0.01946633807841064,3.677574463445367,28.942285070238263,5,20,12420,4.09560590724308,1,0.3693714003357998,0.03776484725794464
exp3,149,0.940060054571285,0.014446801820426125,0.0,0.01946633807841064,6.668517184600847,31.933227791393744,0,20,12440,9.362810397444255,0,0.371703590943793,0.07490248317955403
exp3,150,0.9401660405361439,0.014429942967275067,0.0,0.01946633807841064,4.129232936188674,29.39394354298157,0,20,12460,4.455742296548726,0,0.3711620177595373,0.03564593837238981
exp3,151,0.9398083235937481,0.01500001204217738,0.0,-0.30549652752274914,4.05064832511168,29.315358931904576,5,20,12485,4.5509942753316555,1,0.36956977861367646,0.04140795420265324
exp3,152,0.9394126301490463,0.015836493063172585,0.0,-0.30549652752274914,6.3922420156244755,31.65695262241737,0,20,12505,10.68761877347949,0,0.3710818236750637,0.08550095018783592
exp3,153,0.9388062643737353,0.01708859907995286,0.0,-0.30549652752274914,6.959172629077496,32.22388323587039,0,20,12525,10.291516526334036,0,0.3704630462458969,0.08233213221067229
exp3,154,0.9381476975469103,0.018543036496860066,0.0,-0.30549652752274914,3.9340340634213518,29.198744670214246,0,20,12545,4.768896349493297,0,0.3698666191272788,0.038151170795946376
exp3,155,0.9373506495489274,0.020383624077524254,0.0,-0.30549652752274914,5.859799391450508,31.124509998243404,0,20,12565,10.704351937826049,0,0.36958993840250964,0.08563481550260839
exp3,156,0.937785550876598,0.019276279724632195,0.0,0.13498903875318102,4.875713625394087,30.140424232186984,5,20,12590,3.829447054134525,1,0.37051729035261705,0.0356355764330762
exp3,157,0.9377562724830489,0.01942296659041154,0.0,-0.020800247962417116,2.1572832471836647,27.42199385397656,5,20,12615,1.3865334015011246,1,0.37025911256455074,0.016092267212008998
exp3,158,0.937707551177565,0.019519985574233623,0.0,-0.020800247962417116,4.227732910509715,29.49244351730261,0,20,12635,4.414130798195311,0,0.36918972248527243,0.035313046385562485
exp3,159,0.9374729887690204,0.02013560903068934,0.0,-0.04616453421698896,5.866568019289143,31.13127862608204,5,20,12660,10.177262964217936,1,0.370293773956044,0.0864181037137435
exp3,160,0.9379543357875257,0.01909276854830322,0.0,0.14931685775033254,3.524944810027102,28.789655416819997,5,20,12685,3.8538856252498737,1,0.369667592962203,0.03583108500199898
exp3,161,0.9384631790710999,0.018076828143903656,0.0,0.14931685775033254,6.31983641684199,31.584547023634887,0,20,12705,8.829742338358672,0,0.36945550678813516,0.07063793870686938
exp3,162,0.9385518697129469,0.017960485080428135,0.0,0.018325343033620406,3.3938893825496503,28.658599989342548,200,20,12925,4.526325819014052,2,0.26134737522042856,0.23621060655211243
exp3,163,0.9385748850751053,0.01787507591749049,0.0,0.0007090237962772962,4.497658170618348,29.762368777411243,200,20,13145,3.8983416777461124,2,0.2593605040085815,0.2311867334219689
exp3,164,0.9386476831573765,0.017864560036046084,0.0,0.008907763189528626,5.837164690787655,31.101875297580552,5,20,13170,9.601161063861499,1,0.37167987097102495,0.081809288510892
exp3,165,0.9386400510091046,0.017927488810243863,0.0,-0.01636600794043755,3.6027397629791476,28.867450369772044,200,20,13390,4.105785538077495,2,0.2576513986695305,0.23284628430461995
exp3,166,0.9387629118453062,0.01773506272765324,0.0,0.012936437892593156,2.5554576852877773,27.820168292080673,200,20,13610,1.245910901903694,2,0.2556841294313899,0.20996728721522956
exp3,167,0.9385583749908517,0.018202781997906037,0.0,-0.07054995550703473,2.5720407688485074,27.836751375641402,5,20,13635,1.47531456060961,1,0.3729608192774053,0.01680251648487688
exp3,168,0.9387596764316677,0.01788941297585034,0.0,0.038084271699709245,4.2818119952853415,29.546522602078237,200,20,13855,4.669974905294829,2,0.2539542246774073,0.23735979924235862
exp3,169,0.9387950256762635,0.01771855072902584,0.0,0.038084271699709245,2.6581314118130708,27.922842018605966,0,20,13875,1.5513462651051562,0,0.374213760463816,0.01241077012084125
exp3,170,0.9389219126959232,0.017508443873117896,0.0,0.038084271699709245,3.976168179104373,29.24087878589727,0,20,13895,4.160540875517251,0,0.37412435581731485,0.03328432700413801
exp3,171,0.938961775951595,0.017431136433008643,0.0,0.00039901647655911533,4.583161129288541,29.847871736081437,200,20,14115,4.489919100806272,2,0.2520714569763902,0.23591935280645018
exp3,172,0.9389858864522402,0.01726048746387454,0.0,-0.020254501506909106,4.014156806456106,29.278867413249003,200,20,14335,4.406250161620821,2,0.2500652203249309,0.23525000129296658
exp3,173,0.9391414547882089,0.017034294243829406,0.0,0.04885845657586956,4.5679178836424335,29.83262849043533,200,20,14555,4.1969743845806216,2,0.24806000747280216,0.23357579507664497
exp3,174,0.9391822322023212,0.017034836017768562,0.0,-0.04527055697346319,3.799831290068923,29.06454189686182,200,20,14775,4.500071263455657,2,0.24606442626258054,0.23600057010764525
exp3,175,0.9390548392029049,0.017261531789480755,0.0,-0.04527055697346319,4.015275693075408,29.279986299868305,0,20,14795,4.588420017838058,0,0.377897620430813,0.03670736014270447
exp3,176,0.939072813054239,0.017293938799587627,0.0,-0.00703444704421915,4.101975202889564,29.36668580968246,200,20,15015,4.276136443771928,2,0.2441455801160361,0.2342090915501754
exp3,177,0.9390519502071196,0.017313274593297123,0.0,-0.00703444704421915,4.693887169438543,29.95859777623144,0,20,15035,4.537161145463726,0,0.3786389027961606,0.036297289163709806
exp3,178,0.9392414254551581,0.017006254127947984,0.0,0.047839257521268067,4.567910453515089,29.832621060307986,200,20,15255,4.271673339934552,2,0.242235692904108,0.2341733867194764
exp3,179,0.9394657777839716,0.016563878814523147,0.0,0.047839257521268067,5.93351082196686,31.198221428759755,0,20,15275,9.353661162220918,0,0.37938486435437885,0.07482928929776735
exp3,180,0.9394174636976981,0.016502229471053842,0.0,-0.05845865542333119,4.448430293547224,29.71314090034012,200,20,15495,4.4852717056940445,2,0.24042623709191507,0.23588217364555236
exp3,181,0.9394590576930882,0.01641869584779876,0.0,-0.03190036356264884,6.525144169224815,31.789854776017712,5,20,15520,10.495724834531332,1,0.3817423857357484,0.08896579867625067
exp3,182,0.9395436830086219,0.016340446248144125,0.0,0.0385049069158889,6.383565431994034,31.648276038786932,5,20,15545,9.28702213638595,1,0.3811092735180587,0.0792961770910876
exp3,183,0.9395761518724298,0.016415441065739445,0.0,-0.013460282963696535,3.4767389951967647,28.74144960198966,200,20,15765,4.622593132356392,2,0.23884995795675895,0.2369807450588511
exp3,184,0.939522398610741,0.01658871255331551,0.0,-0.013460282963696535,2.39498801571367,27.659698622506568,0,20,15785,1.3670894669289142,0,0.381628615604232,0.010936715735431314
exp3,185,0.9395278823487823,0.016716260305698838,0.0,-0.013460282963696535,6.879582561467484,32.14429316826038,0,20,15805,9.729710746477643,0,0.3815507497699738,0.07783768597182114
exp3,186,0.9395004099486717,0.016750081238324332,0.0,-0.046784291101172396,4.111947563844301,29.376658170637196,5,20,15830,4.43393354052062,1,0.3819601015328969,0.04047146832416496
exp3,187,0.9395108289238745,0.016664407972054707,0.0,-0.014267330878493767,2.1922649437229778,27.456975550515875,200,20,16050,1.4012709209071272,2,0.23715235995810374,0.211210167367257
exp3,188,0.9399862960260987,0.015776258670547993,0.0,0.12340275543680716,5.786497881050367,31.05120848784326,5,20,16075,8.72243630031812,1,0.38258642770106055,0.07477949040254497
exp3,189,0.9406476941925094,0.014347240811326545,0.0,0.24026873137792185,4.3722514635405805,29.636962070333475,5,20,16100,4.428283830826384,1,0.3820549592276518,0.04042627064661107
exp3,190,0.9407034105584113,0.01417143568378354,0.0,0.033508423692865295,3.828374216852745,29.09308482364564,5,20,16125,4.471122554353963,1,0.38176736417996265,0.0407689804348317
exp3,191,0.9392819894948813,0.016795311661163992,0.0,-0.5336341336556817,4.500556351596823,29.76526695838972,5,20,16150,8.111905804139708,1,0.3814771982167219,0.06989524643311766
exp3,192,0.9397571684723068,0.01576374168352812,0.0,0.14187769880664372,3.954394419676081,29.219105026468977,5,20,16175,4.253908980277718,1,0.38097955383027354,0.03903127184222174
exp3,193,0.9395069595276343,0.016417458270433616,0.0,-0.10821537479076183,3.6354134660265762,28.900124072819473,5,20,16200,3.763667823224083,1,0.38070140464173147,0.035109342585792666
exp3,194,0.9395046580070605,0.01623044280012953,0.0,-0.00367780576674755,4.3189627104690915,29.583673317261987,5,20,16225,3.744710196453235,1,0.380451089836986,0.03495768157162588
exp3,195,0.9395921493692477,0.01611723154954603,0.0,-0.00367780576674755,2.482027350996029,27.746737957788923,0,20,16245,1.2295721732048313,0,0.38357570211280717,0.00983657738563865
exp3,196,0.9397768628750355,0.015757851380022503,0.0,-0.00718995941013732,2.450776073453458,27.715486680246354,200,20,16465,1.3051582783137106,2,0.2362489674120781,0.2104412662265097
exp3,197,0.9398634794195,0.015749274682798964,0.0,-0.00718995941013732,4.896825612848405,30.1615362196413,0,20,16485,8.984374562188394,0,0.3844211674215324,0.07187499649750716
exp3,198,0.9399910340984968,0.015544471082977851,0.0,-0.029603106233644687,3.7640465716911096,29.028757178484007,200,20,16705,4.221668394094316,2,0.23461795752612596,0.2337733471527545
exp3,199,0.9401541467406889,0.015109472668828783,0.0,0.10407012754280709,2.2971989670416924,27.561909573834587,5,20,16730,1.235513413575996,1,0.3824806628017216,0.01488410730860797
exp3,200,0.9401664805299529,0.015176286281814888,0.0,-0.010793613548823034,2.248152038371532,27.51286264516443,200,20,16950,1.2814387772312075,2,0.23262970707223882,0.21025151021784966
exp3,201,0.9402434486724818,0.015144905709379985,0.0,-0.005392858302891616,2.2590672562188283,27.523777863011723,200,20,17170,1.5110592013777857,2,0.23080157620261882,0.2120884736110223
exp3,202,0.938430739905773,0.018712238156816663,0.0,-0.5368691929909802,3.836728557810316,29.101439164603214,5,20,17195,5.473666952620473,1,0.3842062849723086,0.048789335620963784
exp3,203,0.9385259128937583,0.018511351783306873,0.0,0.017233612561449653,8.335286400337708,33.599997007130604,200,20,17415,16.984483286487663,2,0.22908067451656022,0.3358758662919013
exp3,204,0.9385494981570024,0.018675753959326746,0.0,-0.00022279778146060733,2.352886871343269,27.617597478136165,5,20,17440,1.4737739595117005,1,0.38531732318518824,0.016790191676093604
exp3,205,0.9384338158729744,0.01892662054280625,0.0,-0.04445435004344794,4.452309634122646,29.71702024091554,5,20,17465,4.561826467906065,1,0.38519848975766474,0.04149461174324852
exp3,206,0.9384000688547264,0.01898101314609313,0.0,-0.03618517241444511,6.446344594429299,31.711055201222194,5,20,17490,8.9790236336905,1,0.3849047787798791,0.07683218906952402
exp3,207,0.9383793390131857,0.01897169661777598,0.0,0.0008770494973327813,4.164027262734939,29.428737869527836,200,20,17710,4.585469686998824,2,0.22650114069445473,0.23668375749599058
exp3,208,0.9382503855327545,0.019141188876550475,0.0,-0.03754048586254888,3.837302748816549,29.102013355609444,5,20,17735,3.76537063780836,1,0.3853895392915081,0.03512296510246688
exp3,209,0.9383650963132573,0.01884097289018305,0.0,0.03529325665986121,6.917965656143076,32.18267626293597,200,20,17955,9.487891729153546,2,0.22451976754659353,0.2759031338332284
exp3,210,0.9384844363211851,0.018499087416138704,0.0,0.03529325665986121,4.456245962037867,29.720956568830765,0,20,17975,3.989715082777805,0,0.39155637092240303,0.03191772066222244
exp3,211,0.9385419219792965,0.018445983899591845,0.0,-0.01514949223343161,4.130967771907111,29.395678378700005,5,20,18000,4.363980390511613,1,0.38648463849178605,0.039911843124092905
exp3,212,0.9385028507183493,0.018503220008524446,0.0,-0.01514949223343161,4.052170231006812,29.316880837799708,0,20,18020,4.138667183450676,0,0.39151415131854006,0.0331093374676054
exp3,213,0.9385206989211472,0.018441058790419795,0.0,-0.0012910762136396701,4.268074854175159,29.532785460968057,5,20,18045,4.200090981906618,1,0.3863512248580248,0.03860072785525294
exp3,214,0.9385561176070504,0.018370633405830672,0.0,-0.0012910762136396701,5.732229993316093,30.99694060010899,0,20,18065,9.658293833329893,0,0.3914575845786511,0.07726635066663914
exp3,215,0.9388832163715848,0.017583780806463056,0.0,0.1083909626187652,3.523605914458955,28.78831652125185,5,20,18090,4.747106466439727,1,0.38642491183817046,0.042976851731517815
exp3,216,0.9393372295169558,0.01659273112435522,0.0,0.1083909626187652,4.342209268948972,29.606919875741866,0,20,18110,3.9270672512403135,0,0.39111135511889217,0.03141653800992251
exp3,217,0.9394056936430991,0.016536995679563016,0.0,-0.015896789356114535,6.616101772735652,31.88081237952855,200,20,18330,9.43603812201839,2,0.2228467166497935,0.2754883049761471
exp3,218,0.9394437713706328,0.01657188430420542,0.0,-0.015896789356114535,4.3038445984379425,29.568555205230837,0,20,18350,4.530301175584334,0,0.392107595982821,0.03624240940467467
exp3,219,0.9400378683638629,0.015499330073887152,0.0,0.16011720168557475,9.427247110241524,34.69195771703442,5,20,18375,15.677929416343174,1,0.3876269611895182,0.13042343533074538
exp3,220,0.9391032705832824,0.017447416327710186,0.0,-0.29507694161263204,3.4613743429859487,28.726084949778844,5,20,18400,4.625368548280045,1,0.3867076704676689,0.042002948386240364
exp3,221,0.9381270667644782,0.01967162143640444,0.0,-0.29507694161263204,4.130995515348077,29.39570612214097,0,20,18420,4.699045240674481,0,0.39263883398264754,0.03759236192539585
exp3,222,0.9383715453444005,0.01910609467198343,0.0,0.019071001644877676,2.17723662155672,27.441947228349616,200,20,18640,1.2742920712837233,2,0.22104426103515415,0.21019433657026979
exp3,223,0.938471316126729,0.018962181726875582,0.0,0.019071001644877676,2.592272763691953,27.856983370484848,0,20,18660,1.30020431325283,0,0.3933081918815884,0.01040163450602264
exp3,224,0.9387469859033061,0.018463247149540507,0.0,0.019071001644877676,4.00129688821028,29.266007495003176,0,20,18680,4.110577833966384,0,0.3932355204739831,0.032884622671731076
exp3,225,0.9387368609426668,0.018605692350253666,0.0,-0.016953513881313158,3.372791634290251,28.637502241083148,200,20,18900,4.451738274873871,2,0.21930148866587687,0.23561390619899097
exp3,226,0.938690091041708,0.01875053538647453,0.0,-0.016953513881313158,3.6715865873105944,28.93629719410349,0,20,18920,3.8308716360288915,0,0.39405155917338003,0.03064697308823113
exp3,227,0.9389443488886692,0.01818020423294564,0.0,0.05848766038509907,4.852749839964021,30.117460446756915,200,20,19140,4.361323579036818,2,0.21729989068114508,0.23489058863229456
exp3,228,0.9391268254952095,0.01790569046482471,0.0,0.05848766038509907,4.557438169672937,29.822148776465834,0,20,19160,4.666480678248159,0,0.39488197739104774,0.03733184542598527
exp3,229,0.9393800049878309,0.017464322921426856,0.0,0.05848766038509907,4.7100965867190165,29.974807193511914,0,20,19180,4.619613458805994,0,0.39462185051526816,0.03695690767044795
exp3,230,0.9393376551777403,0.01749875793361655,0.0,9.171210147768206e-05,4.413246309807917,29.677956916600813,5,20,19205,4.384222311033264,1,0.3902297141064528,0.04007377848826611
exp3,231,0.9399784438765039,0.01630709516321105,0.0,0.1799685675280369,3.2449152939295542,28.50962590072245,5,20,19230,4.831780677847238,1,0.38994835563005736,0.043654245422777904
exp3,232,0.9392135424298157,0.0179320360506926,0.0,-0.23260390356537627,3.443032996190901,28.707743602983797,5,20,19255,2.0928848705318677,1,0.389641722215192,0.021743078964254942
exp3,233,0.9384589434555693,0.019658400375088037,0.0,-0.23260390356537627,6.7481080294318625,32.01281863622476,0,20,19275,10.660973312545508,0,0.3948477591468122,0.08528778650036406
exp3,234,0.9384724745343451,0.019726489955557036,0.0,-0.036255600850783345,2.303895635885017,27.568606242677912,200,20,19495,1.2716699704381031,2,0.21587160187628623,0.21017335976350485
exp3,235,0.9390343649662644,0.01846283223882139,0.0,0.1349225038615785,6.701643647092661,31.966354253885555,5,20,19520,9.046368182009008,1,0.390799514462551,0.07737094545607207
exp3,236,0.939003344528862,0.018575477784676275,0.0,-0.049172972412278707,10.36898393295835,35.63369453975125,5,20,19545,25.85758965242433,1,0.3902568612443908,0.21186071721939462
exp3,237,0.9389806750615358,0.01866003156564322,0.0,-0.049172972412278707,2.9735226828971353,28.23823328969003,0,20,19565,1.4629507882724757,0,0.3965175392713378,0.011703606306179806
exp3,238,0.9396639690988988,0.017335997242818757,0.0,0.1705970672769709,3.7211561280430168,28.985866734835913,5,20,19590,4.670766490860759,1,0.38882317579911424,0.04236613192688607
exp3,239,0.9402408237108287,0.016142760463775163,0.0,0.1705970672769709,7.303229650757109,32.567940257550006,0,20,19610,9.672406422448587,0,0.39663138057635633,0.0773792513795887
exp3,240,0.9403107624139619,0.016085837371131784,0.0,-0.01089333991600292,4.002552524415568,29.267263131208466,200,20,19830,4.38984017423684,2,0.2150318029482054,0.2351187213938947
exp3,241,0.9400972611138769,0.016477890122698513,0.0,-0.07599437485764465,3.295193292635772,28.55990389942867,5,20,19855,1.5865126977353734,1,0.3899053623600488,0.017692101581882985
exp3,242,0.94008658763633,0.016468053000463723,0.0,0.007028823383684184,3.493401237687057,28.758111844479952,200,20,20075,4.415743153682847,2,0.21299271114340046,0.2353259452294628
exp3,243,0.9403381005270035,0.01604477799481585,0.0,0.05526409395326378,3.733758910744767,28.998469517537664,5,20,20100,4.091385794465135,1,0.3908147944588898,0.03773108635572108
exp3,244,0.9395921395905241,0.0174289827460965,0.0,-0.2301057966695356,4.473460121246824,29.73817072803972,5,20,20125,4.816250282683438,1,0.39055013381802617,0.0435300022614675
exp3,245,0.9402670740224355,0.016108054515162396,0.0,0.21578988742105645,4.886873480133186,30.151584086926082,5,20,20150,4.0248414437921545,1,0.3902446716973614,0.03719873155033723
exp3,246,0.9405978764924794,0.015446568852798048,0.0,0.07565766161908974,6.316031492231927,31.580742099024825,5,20,20175,9.64642922915308,1,0.3899835028322866,0.08217143383322464
exp3,247,0.9410621659331675,0.014521275009382606,0.0,0.07565766161908974,4.0430487852693275,29.307759392062223,0,20,20195,4.792496310479795,0,0.3992099098802921,0.03833997048383836
exp3,248,0.9414310698394553,0.013961625129036759,0.0,0.1190834819900243,3.9275374234773346,29.192248030270232,5,20,20220,4.359194408813935,1,0.38957997514624393,0.03987355527051148
exp3,249,0.9418242804315544,0.013184554703865814,0.0,0.1050260431906876,4.867772763131589,30.132483369924486,5,20,20245,4.3754639315373485,1,0.3892997268341014,0.040003711452298786
exp3,250,0.9422278281347802,0.012349534403569118,0.0,0.1050260431906876,4.002666066021922,29.26737667281482,0,20,20265,4.061727646467024,0,0.3993151597982283,0.032493821171736194
exp3,251,0.9422985288049139,0.012191312302281432,0.0,-0.017187295150839516,2.185913823973254,27.45062443076615,200,20,20485,1.3942881454445752,2,0.21174423662362238,0.21115430516355663
exp3,252,0.942296031514723,0.012148674860529174,0.0,-0.017187295150839516,3.6602498697985837,28.92496047659148,0,20,20505,3.9513498613014653,0,0.40004079391944014,0.031610798890411726
exp3,253,0.9421964292043741,0.01232582255039727,0.0,-0.017187295150839516,4.02132471476921,29.286035321562107,0,20,20525,4.924603163905942,0,0.3998223930123856,0.03939682531124754
exp3,254,0.94228231966702,0.012238111185109868,0.0,-0.017187295150839516,4.15223463404667,29.416945240839567,0,20,20545,4.07141246340079,0,0.3995501056213707,0.03257129970720632
exp3,255,0.9421860839965727,0.012431955482155255,0.0,-0.017187295150839516,4.180452422262256,29.445163029055152,0,20,20565,4.598827788519816,0,0.39932488615145384,0.03679062230815853
exp3,256,0.9422176562999873,0.012395294081320007,0.0,0.010416089404576816,2.4542808299272125,27.71899143672011,200,20,20785,1.199580863123355,2,0.21020120549851637,0.20959664690498686
exp3,257,0.9421512876673946,0.012728853479168634,0.0,-0.043867456889320325,3.5684105979653915,28.83312120475829,5,20,20810,4.49651676304842,1,0.3916509925134251,0.04097213410438736
exp3,258,0.9407776486338033,0.015369683281374336,0.0,-0.4262410185664284,3.882290326163443,29.147000932956338,5,20,20835,5.307374903227676,1,0.39136399182508236,0.047458999225821405
exp3,259,0.9408241109273017,0.015450894853204722,0.0,-0.04654890680770365,4.0286808477387455,29.29339145453164,200,20,21055,4.924918076214951,2,0.20854389659187367,0.23939934460971962
exp3,260,0.9415348757198359,0.014002123517429133,0.0,0.1843040880145468,6.3550243382178735,31.61973494501077,5,20,21080,8.638620801455788,1,0.3920849410559776,0.07410896641164631
exp3,261,0.9421601966797022,0.012863738050832518,0.0,0.1843040880145468,4.2369815107669915,29.501692117559887,0,20,21100,4.7066837247196815,0,0.401850315424334,0.03765346979775745
exp3,262,0.942724818366729,0.011852948782475559,0.0,0.16032391293812823,4.163421080390823,29.42813168718372,5,20,21125,5.9229292275741665,1,0.3917376992806454,0.052383433820593336
exp3,263,0.9426662448117192,0.011930275306290539,0.0,-0.030134748382565846,6.549599628886978,31.814310235679873,5,20,21150,9.466786661124488,1,0.3913708303493407,0.08073429328899591
exp3,264,0.9426202345712448,0.01201008044804941,0.0,-0.005421172007102605,5.7704819679177835,31.035192574710678,200,20,21370,9.413755424657227,2,0.2069821207513234,0.27531004339725784
exp3,265,0.9424505655002581,0.012372585114165724,0.0,-0.061996887673575626,4.461022368930938,29.725732975723833,5,20,21395,4.63028439486395,1,0.39201460231260504,0.0420422751589116
exp3,266,0.9422468511157001,0.012828798395401408,0.0,-0.061996887673575626,3.886999524411327,29.151710131204222,0,20,21415,4.696470044699287,0,0.403655934397086,0.03757176035759429
exp3,267,0.9423075464500958,0.012909509476694891,0.0,-0.00830506675886292,8.690785576145347,33.95549618293824,200,20,21635,16.154886718492126,2,0.20471063518088287,0.329239093747937
exp3,268,0.9422664405574909,0.012985304297713496,0.0,-0.00830506675886292,3.996901395050962,29.261612001843858,0,20,21655,4.06794471977719,0,0.40488982444870747,0.03254355775821752
exp3,269,0.9428355730023247,0.012064067711933135,0.0,0.18343842848386044,4.505255380704384,29.76996598749728,5,20,21680,5.2168315862352115,1,0.3934884325581598,0.04673465268988169
exp3,270,0.9434393377949607,0.011087856319900946,0.0,0.18343842848386044,5.683192427065259,30.947903033858154,0,20,21700,14.012545209386392,0,0.404886783253654,0.11210036167509115
exp3,271,0.9433976326759208,0.011069292307152478,0.0,0.008532580109233745,6.5718599850557995,31.836570591848695,200,20,21920,9.985315198790557,2,0.2022066722309638,0.27988252159032445
exp3,272,0.9433983695725972,0.011018721056941905,0.0,0.0033170729272748853,6.426674648155292,31.691385254948187,5,20,21945,9.335063276410821,1,0.39491141177982536,0.07968050621128657
exp3,273,0.9402907702023381,0.016538349436149957,0.0,-0.9044541546823625,4.75634923028885,30.021059837081747,5,20,21970,9.6148732344827,1,0.39435630099912505,0.08191898587586159
exp3,274,0.9403270898945444,0.01658800199917332,0.0,-0.01600322842430972,4.1784442044820915,29.443154811274987,5,20,21995,4.79460225804013,1,0.393785080371778,0.04335681806432104
exp3,275,0.9402836115018282,0.016647893114096424,0.0,-0.01600322842430972,4.990284020581338,30.254994627374234,0,20,22015,4.598053949543417,0,0.40635659224946374,0.03678443159634734
exp3,276,0.9401442511385951,0.017010857898898668,0.0,-0.01344517346100051,5.463400753240033,30.72811136003293,200,20,22235,9.175528288412057,2,0.20024405230985215,0.27340422630729644
exp3,277,0.9401826192539304,0.016884366776689474,0.0,-0.01344517346100051,2.702379311481274,27.96708991827417,0,20,22255,1.341798033384347,0,0.4073518597990657,0.010734384267074777
exp3,278,0.9400436763804633,0.016933771458607083,0.0,-0.01344517346100051,3.785514394894674,29.05022500168757,0,20,22275,3.990587546369888,0,0.40727859143136413,0.031924700370959104
exp3,279,0.9401173298191785,0.016884132826552323,0.0,-0.01344517346100051,4.811651164439279,30.076361771232175,0,20,22295,4.884013429020278,0,0.4070606722208034,0.03907210743216223
exp3,280,0.9400994227568799,0.016931425946822842,0.0,-0.01344517346100051,4.1708606677489275,29.43557127454182,0,20,22315,4.286014533325016,0,0.40679387179416476,0.034288116266600124
exp3,281,0.9406001891611255,0.015865655682302138,0.0,0.10541622309362031,6.972404896979231,32.23711550377213,5,20,22340,8.898106643440334,1,0.3953915401012989,0.07618485314752269
exp3,282,0.9412527690535305,0.014642004627726135,0.0,0.10541622309362031,5.155915681848638,30.420626288641536,0,20,22360,9.008751039761632,0,0.40692000708950904,0.07207000831809306
exp3,283,0.941258056981602,0.014631590711638554,0.0,-0.015156775367397683,4.171551136492492,29.43626174328539,200,20,22580,4.565128943411285,2,0.19837988304943693,0.23652103154729026
exp3,284,0.9412098221430629,0.014755015655833703,0.0,-0.015156775367397683,3.3975949899558606,28.662305596748755,0,20,22600,4.253871161365298,0,0.4075072576825935,0.034030969290922385
exp3,285,0.9415194965370772,0.01408795886229186,0.0,0.09803102543403439,4.273147865700201,29.5378584724931,5,20,22625,4.062441929976258,1,0.39639794715832827,0.037499535439810064
exp3,286,0.9420158813546099,0.01325785894778575,0.0,0.09803102543403439,4.292598953109634,29.557309559902528,0,20,22645,4.042402430911409,0,0.4074527925762248,0.032339219447291276
exp3,287,0.9426878839938473,0.012028745276120856,0.0,0.17688175330344813,3.9889602817248253,29.25367088851772,5,20,22670,3.630542369830451,1,0.3962863952547254,0.0340443389586436
exp3,288,0.9417270178139066,0.013822107740583456,0.0,-0.29335682885244235,8.36564003198396,33.630350638776854,5,20,22695,17.866246407388164,1,0.3960497197769246,0.14792997125910531
exp3,289,0.9405760849658688,0.015928750892025945,0.0,-0.29335682885244235,4.2733255190896795,29.538036125882577,0,20,22715,4.61133095006053,0,0.4080945689716224,0.036890647600484244
exp3,290,0.9393436716445679,0.018417603452333564,0.0,-0.29335682885244235,4.166730562878323,29.431441169671217,0,20,22735,4.241120763111373,0,0.40784310106987137,0.03392896610489098
exp3,291,0.937875845541377,0.021622932167036257,0.0,-0.29335682885244235,6.582160195955593,31.84687080274849,0,20,22755,10.529289157108188,0,0.4076117218912068,0.0842343132568655
exp3,292,0.9378929529212583,0.021666149308604,0.0,-0.012591183090534292,3.8214946276433137,29.08620523443621,200,20,22975,4.306065603385804,2,0.19722846155398688,0.23444852482708645
exp3,293,0.9379087983082882,0.021624806077070513,0.0,-0.029218437761707388,3.107875752963777,28.372586359756674,5,20,23000,1.3062850884921038,1,0.3967749954829794,0.015450280707936831
exp3,294,0.938743518541365,0.019912101946087724,0.0,0.15500252101717849,5.200426290172448,30.465136896965344,5,20,23025,4.739534006846222,1,0.3966676657605591,0.04291627205476978
exp3,295,0.9395108444555872,0.01840571118104828,0.0,0.15500252101717849,3.47349919592753,28.738209802720426,0,20,23045,3.589877396322737,0,0.4083856498841101,0.028719019170581894
exp3,296,0.9398332293240619,0.017606900849954643,0.0,0.10494056378514707,3.9348310028477242,29.19954160964062,5,20,23070,5.744715539149313,1,0.396502001743748,0.05095772431319451
exp3,297,0.9402711793451282,0.016800082307594,0.0,0.10494056378514707,10.94722214691081,36.21193275370371,0,20,23090,24.10195369136862,0,0.4084320576665801,0.19281562953094897
exp3,298,0.9408748651123582,0.015722537707571815,0.0,0.10494056378514707,4.8213045333285125,30.086015140121408,0,20,23110,3.7689958135200246,0,0.40711899665608514,0.030151966508160193
exp3,299,0.941155980897184,0.015234018224493773,0.0,0.041161761522316834,3.7152392823219724,28.97994988911487,5,20,23135,4.613450306074116,1,0.39717587640026647,0.04190760244859292
exp3,300,0.9412834859860687,0.015029169049607605,0.0,0.041161761522316834,4.5577628705551545,29.82247347734805,0,20,23155,4.330872487235617,0,0.40711158408688886,0.034646979897884934
exp3,301,0.9414022382155093,0.014779475945945086,0.0,0.015863990817459872,4.839495151632049,30.104205758424946,200,20,23375,4.574271322360326,2,0.19607997466277566,0.2365941705788826
exp3,302,0.9424531831638724,0.01287980886908413,0.0,0.21656830245131725,2.353941955094416,27.618652561887313,5,20,23400,2.4602466373365783,1,0.39809822609745094,0.024681973098692626
exp3,303,0.9432861045653331,0.011461763091185184,0.0,0.21656830245131725,2.66918754172093,27.933898148513826,0,20,23420,3.3795608073978656,0,0.40807232833073964,0.027036486459182923
exp3,304,0.9432639681255777,0.01153223864472952,0.0,-0.015000279309375135,3.0975090316333023,28.362219638426197,5,20,23445,1.2178200374706152,1,0.3980523788453049,0.014742560299764923
exp3,305,0.943398282317598,0.01123882399454701,0.0,0.03596399373021316,3.6146606592893105,28.879371266082206,5,20,23470,4.050854059453041,1,0.3979501808443104,0.037406832475624326
exp3,306,0.9434599582712879,0.01113905826410777,0.0,0.010012333137458697,3.5361331389831077,28.800843745776003,200,20,23690,3.982423234443296,2,0.1941735065986544,0.23185938587554636
exp3,307,0.9431042133623875,0.011712550531609578,0.0,-0.13322869223845799,6.366217061651081,31.630927668443977,5,20,23715,9.785046861862313,1,0.39872407791351927,0.0832803748948985
exp3,308,0.9436863368619004,0.010662436000274944,0.0,0.1890290645516558,4.457086503020498,29.721797109813394,5,20,23740,3.942396330138031,1,0.39814752144729,0.03653917064110425
exp3,309,0.944386051654905,0.009556336266133725,0.0,0.1890290645516558,6.15700318128859,31.421713788081487,0,20,23760,9.546301833768531,0,0.4097677593432596,0.07637041467014824
exp3,310,0.9449446206433317,0.00890434814375285,0.0,0.1890290645516558,6.036901778227705,31.3016123850206,0,20,23780,9.409764838875532,0,0.4092486952682265,0.07527811871100425
exp3,311,0.9454117941413706,0.008211118813815532,0.0,0.1890290645516558,4.137496685695516,29.402207292488413,0,20,23800,4.202272235567434,0,0.4087366050370186,0.03361817788453947
exp3,312,0.9454571101778474,0.008136852292064733,0.0,-0.04384933450607744,4.322889423659291,29.587600030452187,5,20,23825,4.372283334463445,1,0.39875296972747926,0.03997826667570756
exp3,313,0.9455399444931615,0.008120796699610855,0.0,0.03522045589578749,2.273788884586186,27.53849949137908,200,20,24045,1.2583134823547357,2,0.19282602049495118,0.21006650785883788
exp3,314,0.9440188963680826,0.010542351958503504,0.0,-0.6331172530799086,4.2632880301970255,29.52799863698992,5,20,24070,9.692519740353703,1,0.3994141182648297,0.08254015792282962
exp3,315,0.9417015260022811,0.014566304280719033,0.0,-0.6331172530799086,2.319148572337708,27.583859179130606,0,20,24090,4.073368169187428,0,0.4100541775648411,0.03258694535349942
exp3,316,0.9389640188626265,0.02004569590691274,0.0,-0.6331172530799086,6.160362038455867,31.42507264524876,0,20,24110,10.911666516668857,0,0.40983277761427755,0.08729333213335086
exp3,317,0.9389475820811674,0.02012586188669796,0.0,-0.026496426894978636,4.757286987566528,30.021997594359423,5,20,24135,4.41569936006386,1,0.3994001158122469,0.04032559488051088
exp3,318,0.9387826811149902,0.020357140620873793,0.0,-0.026496426894978636,4.389272053736948,29.653982660529845,0,20,24155,4.414456602817506,0,0.40943168550561576,0.035315652822540046
exp3,319,0.937060742689664,0.024313081532071568,0.0,-0.3599414875105138,3.231048934907901,28.495759541700796,5,20,24180,5.119720492716439,1,0.3992853182898059,0.04595776394173151
exp3,320,0.9355854204126219,0.028151399468468452,0.0,-0.3599414875105138,4.451587993664395,29.716298600457293,0,20,24200,3.3206745983485164,0,0.4094104271261333,0.026565396786788133
exp3,321,0.9356436544748392,0.027933174717089004,0.0,-0.005273500433931524,3.404465600791813,28.66917620758471,5,20,24225,1.3317531955175588,1,0.3990908055515184,0.015654025564140472
exp3,322,0.9357536170627209,0.027577719555851754,0.0,0.025262272176015527,3.4400954784641753,28.704806085257072,200,20,24445,3.7837819900749547,2,0.19171320072849138,0.23027025592059963
exp3,323,0.9359255078024976,0.027122866162944015,0.0,0.025262272176015527,5.635488238801885,30.90019884559478,0,20,24465,4.354925090861028,0,0.41036041469611606,0.03483940072688822
exp3,324,0.9360109917102049,0.026853053349601086,0.0,0.021359827040387476,5.606663414823072,30.871374021615967,5,20,24490,4.008761814251785,1,0.40017340878800806,0.03707009451401428
exp3,325,0.93702512132131,0.024476343586968596,0.0,0.20662843007449544,3.9276541817945696,29.192364788587465,5,20,24515,4.562831305035494,1,0.3999173496481156,0.04150265044028395
exp3,326,0.938123335154965,0.021843717995186807,0.0,0.20662843007449544,4.046546146041895,29.31125675283479,0,20,24535,3.6990747108635014,0,0.4104991329916498,0.02959259768690801
exp3,327,0.9390195742898123,0.019850690702749807,0.0,0.20662843007449544,3.5668506925740573,28.831561299366953,0,20,24555,4.388561102964096,0,0.4102982269164001,0.03510848882371277
exp3,328,0.9391693189040073,0.019480671444018105,0.0,0.03222180570954356,3.5788108905641254,28.84352149735702,200,20,24775,4.270453552553542,2,0.19000852264477264,0.23416362842042834
exp3,329,0.9392424822912175,0.019168870572753516,0.0,0.03222180570954356,6.976369043664848,32.24107965045774,0,20,24795,9.344592120691201,0,0.4111349903772573,0.07475673696552962
exp3,330,0.9392796331668605,0.019223921073930894,0.0,-0.009963945238633249,4.7946251256670225,30.059335732459918,200,20,25015,4.45612046225736,2,0.18804335524252522,0.2356489636980589
exp3,331,0.9407151066642694,0.016398447848404163,0.0,0.29702331171954366,8.21098964417204,33.475700250964934,5,20,25040,15.438220828304829,1,0.40238601024552395,0.12850576662643862
exp3,332,0.9414590847694816,0.015000596914226505,0.0,0.16774337714431678,3.389068141571476,28.65377874836437,5,20,25065,2.624266273814297,1,0.40150185183147713,0.025994130190514376
exp3,333,0.9422565566227377,0.01364005811270752,0.0,0.16774337714431678,6.817929105624227,32.08263971241712,0,20,25085,9.732121367541236,0,0.4124516442910966,0.07785697094032988
exp3,334,0.9411985964034322,0.015786161403604115,0.0,-0.27092431441832615,7.184280490963344,32.44899109775624,5,20,25110,10.237344794470559,1,0.4016865715917626,0.08689875835576447
exp3,335,0.9399464827866401,0.018213846071511552,0.0,-0.27092431441832615,3.0364712049324476,28.301181811725343,0,20,25130,3.4129557800822123,0,0.41234172236402833,0.027303646240657696
exp3,336,0.9386084231268946,0.020997762890166305,0.0,-0.27092431441832615,4.829491997311188,30.094202604104083,0,20,25150,5.241134164156851,0,0.4121569338505719,0.04192907331325481
exp3,337,0.9373954783243683,0.023636360399356904,0.0,-0.27092431441832615,4.477089930222118,29.741800537015013,0,20,25170,4.625354585242333,0,0.411873082870564,0.03700283668193866
exp3,338,0.9378222808289156,0.022702280020759136,0.0,0.0345059204437571,2.224482312541243,27.48919291933414,5,20,25195,1.2013519960189227,1,0.40158437843867617,0.014610815968151381
exp3,339,0.9380288899359264,0.022317741066830266,0.0,0.003000883776185952,3.5701301875454883,28.834840794338383,200,20,25415,4.528701606556554,2,0.18682381022534159,0.23622961285245242
exp3,340,0.9369107111275102,0.024867435917039327,0.0,-0.23755736927969962,3.419183826600764,28.68389443339366,5,20,25440,3.0321847219474916,1,0.4025436101773002,0.02925747777557993
exp3,341,0.9358428230954465,0.027469338781555552,0.0,-0.23755736927969962,4.228218397409013,29.49292900420191,0,20,25460,4.36539134834398,0,0.4129208833177632,0.03492313078675184
exp3,342,0.9349293083380138,0.029904572421345588,0.0,-0.23755736927969962,5.146526789125061,30.411237395917958,0,20,25480,4.329506643455928,0,0.4126847640208767,0.03463605314764742
exp3,343,0.9341418748445524,0.03214703000240038,0.0,-0.23755736927969962,4.944352055824458,30.209062662617356,0,20,25500,9.571237292724112,0,0.41245049140691276,0.0765698983417929
exp3,344,0.9339073477855001,0.0329894734755839,0.0,-0.06642325755388229,6.187915155349734,31.45262576214263,5,20,25525,9.672345202370758,1,0.4030274742206798,0.08237876161896607
exp3,345,0.9362871990337422,0.026147451463295668,0.0,0.574813793506705,7.643916542372734,32.90862714916563,5,20,25550,6.847944101795262,1,0.4024612146049891,0.059783552814362095
exp3,346,0.9359035741513227,0.027270954672167447,0.0,-0.10058052088988122,6.685005358151758,31.949715964944655,5,20,25575,8.711036807941376,1,0.4020498572766104,0.07468829446353101
exp3,347,0.9354532653059755,0.028604482019126465,0.0,-0.10058052088988122,3.235319951026465,28.50003055781936,0,20,25595,1.8667349139909033,0,0.41297366182906525,0.014933879311927226
exp3,348,0.9357904090462006,0.02769789605874662,0.0,0.052426669375759676,5.235976466851853,30.500687073644748,5,20,25620,3.8100652202865826,1,0.4016054620502141,0.03548052176229266
exp3,349,0.9358120058101291,0.027715998009784748,0.0,0.008118638548685983,8.358706170401444,33.623416777194336,200,20,25840,16.999308176993736,2,0.18559571690472046,0.33599446541594985
exp3,350,0.9358894436683889,0.027608809985095073,0.0,0.008118638548685983,6.35009197175797,31.614802578550865,0,20,25860,9.650983214703363,0,0.4145916403082321,0.0772078657176269
exp3,351,0.9363852308939297,0.026360217135222852,0.0,0.10446647862676293,7.0592582639226755,32.323968870715575,5,20,25885,8.834987398963277,1,0.40322652686972205,0.07567989919170622
exp3,352,0.9363577484047202,0.02633620851091345,0.0,-0.0013452587218169237,3.1168370751312358,28.381547681924133,200,20,26105,1.264536194843294,2,0.18285732534538968,0.21011628955874637
exp3,353,0.9365089288097459,0.025886327292366174,0.0,-0.0013452587218169237,6.304719904814039,31.569430511606935,0,20,26125,8.798689926223858,0,0.41540923493363063,0.07038951940979087
exp3,354,0.9364775681638049,0.0262307712764851,0.0,-0.0239592303692321,5.304387816818268,30.569098423611166,5,20,26150,4.831104190074149,1,0.4039821866046825,0.04364883352059319
exp3,355,0.9363795409465805,0.02655431088414606,0.0,-0.0239592303692321,5.325899734276127,30.590610341069024,0,20,26170,4.628963262001711,0,0.41514639698132233,0.03703170609601368
exp3,356,0.9363499255257726,0.026570806790867096,0.0,-0.011993512637769963,4.0677569302219085,29.332467537014804,5,20,26195,4.477350299409064,1,0.40385677295428973,0.04081880239527251
exp3,357,0.9363215342242734,0.0267656787036471,0.0,-0.011993512637769963,6.791858762432338,32.05656936922524,0,20,26215,8.660152910257287,0,0.4150942882195863,0.0692812232820583
exp3,358,0.9361720124582148,0.027034069175400965,0.0,-0.022466790173449422,4.866831192015977,30.131541798808872,200,20,26435,4.462310093851965,2,0.18147006608268199,0.2356984807508157
exp3,359,0.936167549915904,0.02703307694205348,0.0,0.008648157306703801,4.214279915764385,29.478990522557282,5,20,26460,4.472054430005264,1,0.4049640310821015,0.040776435440042114
exp3,360,0.9366317893924772,0.025875138782427864,0.0,0.09045404433913984,2.1854497151458894,27.450160321938785,5,20,26485,1.2348513182149206,1,0.4046846127902856,0.014878810545719365
exp3,361,0.9366147430180485,0.02606505161731354,0.0,-0.01684073688159699,2.902982028773318,28.167692635566215,200,20,26705,1.2938546415226273,2,0.17942932164357034,0.21035083713218103
exp3,362,0.9366239153984086,0.026155478807351806,0.0,-0.01684073688159699,8.403581350583448,33.66829195737634,0,20,26725,16.584139682029456,0,0.41696451724287015,0.13267311745623564
exp3,363,0.9365458217425832,0.026236032130984355,0.0,-0.01684073688159699,6.131416428638486,31.396127035431384,0,20,26745,9.03583477829025,0,0.4160738777036449,0.072286678226322
exp3,364,0.9365901626857753,0.026124225553017744,0.0,-0.01684073688159699,5.24136502402043,30.506075630813328,0,20,26765,4.262034218821055,0,0.4155878059343988,0.034096273750568444
exp3,365,0.9366561079225738,0.026033432641430876,0.0,-0.01684073688159699,5.132256801760846,30.396967408553742,0,20,26785,4.736851787914153,0,0.415358323689773,0.03789481430331322
exp3,366,0.9365697149748404,0.026288578593541834,0.0,-0.03240353007472765,6.552256424949055,31.816967031741953,5,20,26810,9.531719293969589,1,0.40684165643811204,0.08125375435175672
exp3,367,0.9365106068523016,0.026319335592263182,0.0,-0.0032553920157997553,3.3517580770992095,28.616468683892105,200,20,27030,4.3128090103642265,2,0.17821711579618316,0.2345024720829138
exp3,368,0.9366020824884393,0.026224851084602818,0.0,0.03683268957962921,5.487412080658282,30.752122687451177,200,20,27250,4.491576960638486,2,0.17606975781597706,0.2359326156851079
exp3,369,0.9369339108387884,0.025420321741852492,0.0,0.03683268957962921,3.865408082555938,29.130118689348834,0,20,27270,3.9575351141699526,0,0.41767680983503325,0.03166028091335962
exp3,370,0.9371279839188963,0.024970677272511344,0.0,0.03683268957962921,3.3773016544918013,28.642012261284698,0,20,27290,4.113254974973341,0,0.41746448386915724,0.03290603979978672
exp3,371,0.9373911067391067,0.024372994663121705,0.0,0.03683268957962921,5.2203222000706395,30.485032806863536,0,20,27310,4.336521197653457,0,0.4172437234434882,0.03469216958122765
exp3,372,0.9382376780140744,0.02243080505485684,0.0,0.16818804079605293,4.344359970407878,29.609070577200775,5,20,27335,3.920732215106403,1,0.408890295683769,0.03636585772085123
exp3,373,0.9386851012785634,0.021496008853512327,0.0,0.09478695594425195,3.671868444724042,28.936579051516937,5,20,27360,4.175676833393837,1,0.40864273719340455,0.038405414667150695
exp3,374,0.9390271479425688,0.02076247039773116,0.0,0.04521526375224618,2.8549425510623765,28.11965315785527,5,20,27385,1.2982450064973103,1,0.40838118666642875,0.015385960051978481
exp3,375,0.9391339594604928,0.020479282781863395,0.0,0.002720613931989403,3.2629398286675375,28.527650435460433,200,20,27605,4.6520825440787705,2,0.17427433417070975,0.23721666035263017
exp3,376,0.9393188725426741,0.020100362913044734,0.0,0.002720613931989403,4.5134112467710565,29.778121853563952,0,20,27625,4.109129937675832,0,0.41855121359880254,0.03287303950140666
exp3,377,0.9393186540518,0.020188710849918468,0.0,-0.03799754024079415,3.5722590782391728,28.83696968503207,5,20,27650,3.9258136233566554,1,0.4095102216015526,0.03640650898685324
exp3,378,0.9394114809702506,0.020119445380108125,0.0,0.014262051085260484,3.0296241078639254,28.29433471465682,200,20,27870,1.2238127665877159,2,0.17222870211531652,0.20979050213270173
exp3,379,0.9395496020479548,0.019742659578029564,0.0,0.014262051085260484,5.734087103569118,30.998797710362012,0,20,27890,9.364817298292419,0,0.41948537137026176,0.07491853838633936
exp3,380,0.9397444526826982,0.01952911988403394,0.0,0.014262051085260484,4.733053982437177,29.997764589230073,0,20,27910,4.388132459136012,0,0.4189845493372898,0.03510505967308809
exp3,381,0.939847765921807,0.019276569197000937,0.0,0.014262051085260484,3.0621513552225657,28.32686196201546,0,20,27930,1.3980424415935533,0,0.41874965256171265,0.011184339532748427
exp3,382,0.9398897221804341,0.019134578550102255,0.0,0.014262051085260484,3.443725488091233,28.708436094884128,0,20,27950,4.178783749609863,0,0.4186747810505312,0.033430269996878904
exp3,383,0.9400307993027228,0.01883297631223002,0.0,-0.004756121760301059,4.92962366190625,30.194334268699144,200,20,28170,4.066910428063359,2,0.17059176839422677,0.23253528342450686
exp3,384,0.9409277444534976,0.017066013802658042,0.0,0.1647824329705018,4.730080377684689,29.994790984477586,5,20,28195,4.136275807352863,1,0.4120183651127003,0.038090206458822905
exp3,385,0.9412775807084717,0.016535156796587347,0.0,0.06511016941230953,4.246740067467176,29.51145067426007,200,20,28415,5.054622223352486,2,0.16852119898491985,0.24043697778681988
exp3,386,0.9412601837828332,0.016589769514948394,0.0,0.0060477783697122965,4.6535829463463845,29.91829355313928,5,20,28440,4.449250411261064,1,0.4128584738088637,0.04059400329008851
exp3,387,0.9412483704889248,0.016633372805447633,0.0,0.0060477783697122965,2.8457761643202524,28.11048677111315,0,20,28460,1.3080041167824352,0,0.4210375081410483,0.010464032934259482
exp3,388,0.9413487769030578,0.016502734033296607,0.0,0.011229636156922579,3.46947153078898,28.734182137581875,5,20,28485,4.125111929577512,1,0.4126343471482076,0.038000895436620094
exp3,389,0.9413770988250328,0.016629722626087418,0.0,0.011229636156922579,4.050178574424364,29.31488918121726,0,20,28505,4.695055796466723,0,0.421154321594609,0.03756044637173378
exp3,390,0.9424795644847254,0.014606688041525095,0.0,0.2409105840837558,4.2887451771711,29.553455783963997,5,20,28530,7.924668451514249,1,0.41255795726526373,0.068397347612114
exp3,391,0.9435653345399924,0.012765082094396196,0.0,0.2409105840837558,3.4992929981944716,28.764003604987366,0,20,28550,4.068448588054821,0,0.4212396928113454,0.032547588704438565
exp3,392,0.9435308208606243,0.01284177890116267,0.0,-0.011702652945927544,3.5822437681237815,28.846954374916677,200,20,28770,4.220689807021526,2,0.16672553545275595,0.23376551845617222
exp3,393,0.9435440676055347,0.012789640147136239,0.0,-0.011702652945927544,4.696809818845671,29.961520425638568,0,20,28790,3.9200531088315644,0,0.42211423103261275,0.03136042487065251
exp3,394,0.9416353509993293,0.016105712949597395,0.0,-0.41802791341509965,7.212247479356829,32.47695808614972,5,20,28815,11.14671392607358,1,0.41347099347268307,0.09417371140858864
exp3,395,0.9395791999600005,0.020096825743107782,0.0,-0.41802791341509965,6.780261327085663,32.04497193387856,0,20,28835,7.883459409775917,0,0.4223689458698814,0.06306767527820734
exp3,396,0.9396086910628475,0.020085485748759013,0.0,-0.04203567919543549,3.8197260906730435,29.08443669746594,5,20,28860,4.317044028445653,1,0.4131386669605296,0.03953635222756523
exp3,397,0.9392952578453926,0.02056189025327304,0.0,-0.04203567919543549,5.0839843053232,30.348694912116095,0,20,28880,4.835399021758013,0,0.42214403039813336,0.0386831921740641
exp3,398,0.9392039169826789,0.020888401618557983,0.0,-0.024695377018949992,4.414472847019461,29.679183453812357,5,20,28905,4.206514346971462,1,0.4130577635534007,0.03865211477577169
exp3,399,0.9390010569432892,0.02132680313800861,0.0,-0.024695377018949992,4.22170815358955,29.486418760382445,0,20,28925,4.757562774990361,0,0.42207681997146324,0.03806050219992289
exp3,400,0.9396305161531822,0.019982789955407476,0.0,0.13005648155951016,2.222681753714362,27.487392360507258,5,20,28950,1.496856942819676,1,0.4129797658779756,0.01697485554255741
exp3,401,0.9396206838677263,0.019984947574988032,0.0,0.009391559431845145,3.502943105792103,28.767653712585,200,20,29170,1.355036972700224,2,0.1652279609208223,0.2108402957816018
exp3,402,0.9394634147965629,0.020256164885999794,0.0,-0.01400426076125528,4.200749778842807,29.4654603856357,5,20,29195,4.483202843955144,1,0.41382960646636924,0.040865622751641156
exp3,403,0.9394373307971323,0.020347998592574745,0.0,-0.01400426076125528,6.5275631693156635,31.79227377610856,0,20,29215,9.084393534892751,0,0.4230950058343583,0.07267514827914201
exp3,404,0.9396009619190974,0.0200883855810835,0.0,-0.01400426076125528,4.599528855709458,29.864239462502354,0,20,29235,4.361302413190314,0,0.42261220365246394,0.034890419305522516
exp3,405,0.940511643064405,0.01839167309977474,0.0,0.15116263138282401,3.9253428020205603,29.190053408813455,5,20,29260,4.243158185382773,1,0.4140728272361081,0.03894526548306219
exp3,406,0.9406507939040061,0.01814159756870426,0.0,-0.006550207151048064,4.84697354194066,30.111684148733556,200,20,29480,4.3682336589294355,2,0.16361785978342178,0.23494586927143546
exp3,407,0.9407415531616353,0.017991049062192954,0.0,-0.007432240638911795,4.59706376372033,29.861774370513224,200,20,29700,4.542552759828879,2,0.16144267454681657,0.236340422078631
exp3,408,0.9407455837744604,0.017993654010649895,0.0,-0.007432240638911795,3.5649231579433285,28.829633764736226,0,20,29720,4.21360231601864,0,0.42477889024793647,0.03370881852814912
exp3,409,0.940792897568501,0.017864562820461116,0.0,-0.007432240638911795,4.4396560464304535,29.70436665322335,0,20,29740,3.8437433287739737,0,0.4245555903733551,0.030749946630191788
exp3,410,0.9406845080849627,0.01801301414746903,0.0,-0.007432240638911795,2.489240652723141,27.753951259516036,0,20,29760,1.346759129090558,0,0.424351810606988,0.010774073032724464
exp3,411,0.9418876740055747,0.015903041482091873,0.0,0.19841918756632584,2.859823255635878,28.124533862428773,5,20,29785,3.274342329588186,1,0.41633503373082087,0.031194738636705487
exp3,412,0.9419437227901127,0.015724688943768994,0.0,0.013807167637724226,2.4922268603273325,27.756937467120228,200,20,30005,1.5718845224712723,2,0.15943981764593912,0.21257507617977017
exp3,413,0.9418533794837279,0.015835805726697183,0.0,0.013807167637724226,3.6047003137608153,28.86941092055371,0,20,30025,4.230459459297824,0,0.4254322874506059,0.033843675674382595
exp3,414,0.9418905956735306,0.01572980248162481,0.0,0.013807167637724226,5.722188241305489,30.986898848098384,0,20,30045,9.529643974646916,0,0.4252083498689559,0.07623715179717533
exp3,415,0.9419922450562194,0.01554293324955236,0.0,0.013807167637724226,3.9347737029137404,29.199484309706637,0,20,30065,4.504976730500307,0,0.4247037478270212,0.036039813844002455
exp3,416,0.9419628348508143,0.015661890637619247,0.0,0.013807167637724226,4.767464509167188,30.032175115960083,0,20,30085,4.540073324366277,0,0.4244649763941634,0.03632058659493022
exp3,417,0.9432234614463962,0.013453134682304801,0.0,0.21460992753671057,4.371878795536578,29.636589402329474,5,20,30110,3.8169010732200443,1,0.4179914911968193,0.035535208585760356
exp3,418,0.9442644565063457,0.011729518178536735,0.0,0.21460992753671057,8.585696673988469,33.85040728078137,0,20,30130,16.69982307025803,0,0.42440018316578565,0.13359858456206425
exp3,419,0.9453728127680182,0.009934642741702082,0.0,0.21460992753671057,5.611861951016647,30.876572557809542,0,20,30150,5.115475467646447,0,0.4235147716747819,0.04092380374117158
exp3,420,0.9452301548810245,0.01018357178779472,0.0,-0.012738069099111068,2.2738932453070793,27.538603852099975,200,20,30370,1.2823458907587137,2,0.15815253116100284,0.2102587671260697
exp3,421,0.9453163578194711,0.010122990570889612,0.0,-0.012738069099111068,4.715607086145234,29.98031769293813,0,20,30390,4.849415526108615,0,0.42422616454057716,0.03879532420886892
exp3,422,0.9453264617255406,0.009958914206872893,0.0,-0.019359498693333956,2.2821857494102775,27.546896356203174,5,20,30415,1.3845730972455792,1,0.41976637640860165,0.016076584777964635
exp3,423,0.945294090773363,0.010002775851565837,0.0,-0.019359498693333956,2.5113871607336744,27.776097767526572,0,20,30435,1.2924029527498704,0,0.42404848559363756,0.010339223621998964
exp3,424,0.9451624388937676,0.010171426201071365,0.0,-0.019359498693333956,2.785253036697296,28.04996364349019,0,20,30455,1.2432288996923107,0,0.42397990415766734,0.009945831197538484
exp3,425,0.9450841712329385,0.010295983874310743,0.0,-0.019359498693333956,6.579521163721673,31.84423177051457,0,20,30475,9.142714062486311,0,0.423913924208012,0.07314171249989049
exp3,426,0.9449639644412505,0.010393218010395167,0.0,-0.019958999534343498,5.920516930897977,31.18522753769087,200,20,30695,9.358248845818041,2,0.15645463511406288,0.27486599076654433
exp3,427,0.9447076390222301,0.010844275561157635,0.0,-0.045894807007149714,3.1817720919991332,28.44648269879203,5,20,30720,1.272912134334945,1,0.42138860021289887,0.015183297074679558
exp3,428,0.9446728094003846,0.010813242901702602,0.0,0.0067179092756760525,4.188983234400633,29.453693841193527,5,20,30745,4.271130988239059,1,0.42128742181382534,0.03916904790591247
exp3,429,0.9446242646236298,0.010862101724875006,0.0,-0.018495377232559836,2.9349238268785376,28.199634433671434,200,20,30965,1.5176540659282443,2,0.1539931183747267,0.21214123252742595
exp3,430,0.9446427795271185,0.010919222165491904,0.0,-0.03852167195248333,5.101077637273456,30.36578824406635,5,20,30990,8.913481872031378,1,0.42201047373411843,0.07630785497625102
exp3,431,0.9446059433179128,0.010878062354651385,0.0,-0.03852167195248333,5.77240359611267,31.037114202905567,0,20,31010,10.03675098893381,0,0.4263536038414999,0.08029400791147048
exp3,432,0.9443984577479675,0.011231744322217296,0.0,-0.03852167195248333,2.315216500745904,27.5799271075388,0,20,31030,1.3061244340631966,0,0.4258232164086667,0.010448995472505572
exp3,433,0.9444436993402759,0.01123955362829998,0.0,-0.022764023484714825,6.442087231988055,31.70679783878095,200,20,31250,9.603978888698816,2,0.15229670212237006,0.27683183110959053
exp3,434,0.9450825340735731,0.010230934094912159,0.0,0.15253796573966374,3.959135426252472,29.22384603304537,5,20,31275,4.164599568020716,1,0.423232630944669,0.03831679654416573
exp3,435,0.9457190992204106,0.009366127854310569,0.0,0.15253796573966374,3.6215013292524763,28.88621193604537,0,20,31295,6.519640914853974,0,0.42724056557559204,0.052157127318831785
exp3,436,0.9462779638573943,0.008644640061502673,0.0,0.15253796573966374,5.945819802199258,31.210530408992156,0,20,31315,9.771398928456438,0,0.426896553838172,0.07817119142765151
exp3,437,0.9462743323908521,0.008628868927794353,0.0,0.004764767802365373,3.4206522322088473,28.685362839001744,200,20,31535,4.087310202073859,2,0.14999727189932283,0.23269848161659085
exp3,438,0.9468829654956585,0.007823942224980729,0.0,0.2001444576817798,3.769094986349653,29.03380559314255,5,20,31560,5.190403316885928,1,0.42470505825457455,0.04652322653508743
exp3,439,0.9463297745301863,0.008610295908486942,0.0,-0.12828262028147874,7.925372774634209,33.1900833814271,5,20,31585,17.293360042322842,1,0.4243968392251474,0.14334688033858273
exp3,440,0.945059240935605,0.010567032765177675,0.0,-0.3256593122472958,3.9797154461489543,29.24442605294185,5,20,31610,5.072640173709664,1,0.4234468352848329,0.045581121389677313
exp3,441,0.9437356616183163,0.012741197133691817,0.0,-0.3256593122472958,4.380820587537335,29.645531194330232,0,20,31630,5.206134164665519,0,0.42864713509335317,0.041649073317324155
exp3,442,0.9421823362216396,0.015565022657016092,0.0,-0.3256593122472958,3.8413871450572215,29.10609775185012,0,20,31650,3.7951282191858335,0,0.42837310310827226,0.03036102575348667
exp3,443,0.9421123973748873,0.015733972455373668,0.0,0.006432104692621093,3.990694076005796,29.25540468279869,5,20,31675,4.326219346433872,1,0.4235001256287874,0.039609754771470974
exp3,444,0.9420375263125985,0.015807693924742128,0.0,-0.023680888884627493,4.800764629798557,30.065475236591453,5,20,31700,4.4189700134133805,1,0.4232371537162048,0.040351760107307046
exp3,445,0.9423587509224254,0.015177887533202594,0.0,0.06236712970822457,4.533462412720242,29.798173019513136,5,20,31725,4.247434561761838,1,0.42296913343533055,0.03897947649409471
exp3,446,0.9427174275896586,0.01461450739605008,0.0,0.06236712970822457,6.673942350929823,31.93865295772272,0,20,31745,9.5702661310947,0,0.4287682684468355,0.0765621290487576
exp3,447,0.9429055576189705,0.01424974752177266,0.0,0.06236712970822457,3.83154964146805,29.096260248260947,0,20,31765,4.7039183590650415,0,0.4282646649270054,0.03763134687252033
exp3,448,0.9432680263601007,0.013521340959280925,0.0,0.06236712970822457,2.771357002710527,28.036067609503423,0,20,31785,1.1812081633962699,0,0.4280168993615426,0.009449665307170159
exp3,449,0.9436408889403347,0.012992646893065785,0.0,0.06236712970822457,4.770947235028133,30.035657841821028,0,20,31805,4.210613721620802,0,0.427954652135382,0.03368490977296641
exp3,450,0.9448806533573643,0.01098655252098768,0.0,0.2650737899369792,8.055311079032062,33.320021685824955,5,20,31830,14.996797063405808,1,0.4234872130593982,0.12497437650724648
exp3,451,0.9459360801213678,0.009440859566186233,0.0,0.2650737899369792,6.59500105839033,31.859711665183227,0,20,31850,16.311846915521308,0,0.42835690016011657,0.13049477532417048
exp3,452,0.9461826655993899,0.009092803172027653,0.0,0.0681913310085604,4.604378253730476,29.869088860523373,5,20,31875,3.868137961053936,1,0.4233016142278954,0.035945103688431485
exp3,453,0.9464398726121265,0.008772867045410249,0.0,0.0681913310085604,3.238571520405807,28.503282127198702,0,20,31895,5.12355684609806,0,0.4276774592003351,0.040988454768784474
exp3,454,0.9470065106558692,0.00798934215528424,0.0,0.1550088178718275,9.812594226086002,35.077304832878895,5,20,31920,25.167236087549153,1,0.42326538916707696,0.2063378887003932
exp3,455,0.9458210917655163,0.00975928167718465,0.0,-0.3089755229923698,6.471545509342114,31.73625611613501,5,20,31945,10.683547405221267,1,0.4218954140076031,0.09046837924177013
exp3,456,0.9446256972611026,0.011559409479634186,0.0,-0.3089755229923698,2.2979387844344688,27.562649391227364,0,20,31965,1.5458067957861288,0,0.42888938457120657,0.01236645436628903
exp3,457,0.9444642393182313,0.011764505323638708,0.0,-0.04830710862533501,4.9150776958167,30.179788302609595,5,20,31990,4.640032546817103,1,0.4213540179519002,0.042120260374536825
exp3,458,0.9444967822487914,0.011612238046604939,0.0,-0.015239792735285031,6.183786104802404,31.4484967115953,5,20,32015,9.719800933031868,1,0.4210733364468067,0.08275840746425495
exp3,459,0.9443881566932866,0.011835661615299142,0.0,-0.023701876299689725,2.641451873789534,27.90616248058243,5,20,32040,1.279447307378865,1,0.420521630101963,0.015235578459030919
exp3,460,0.9443321331333437,0.012020587878645683,0.0,-0.023701876299689725,4.072046380935951,29.336756987728847,0,20,32060,4.706635397114099,0,0.42950991848011755,0.037653083176912794
exp3,461,0.9443228483030129,0.01203122402805834,0.0,-0.028253990521140745,3.7573189709856205,29.022029577778518,5,20,32085,4.387482609934477,1,0.42060480220475877,0.04009986087947581
exp3,462,0.9442037587995541,0.012256638367290074,0.0,-0.028253990521140745,3.0378056323846665,28.302516239177564,0,20,32105,1.6025468814559862,0,0.42946355228926897,0.01282037505164789
exp3,463,0.9440964447408515,0.012342551988368533,0.0,-0.048370760269151124,4.997607771635334,30.26231837842823,5,20,32130,4.571691194972029,1,0.4204001658208176,0.04157352955977624
exp3,464,0.9439929547720898,0.012484960855593474,0.0,-0.048370760269151124,6.661488821068577,31.926199427861473,0,20,32150,8.657077979688648,0,0.4295877579351343,0.06925662383750918
exp3,465,0.9437672073298853,0.012857067544761347,0.0,-0.048370760269151124,4.203921040159508,29.468631646952403,0,20,32170,4.622468271172597,0,0.42913285795515355,0.036979746169380774
exp3,466,0.944071540146827,0.012335947858864937,0.0,0.04432592809528375,3.9362874613620313,29.200998068154927,200,20,32390,5.1159211834345255,2,0.1504662783904841,0.2409273694674762
exp3,467,0.9440026634345221,0.012398418681552115,0.0,-0.014999804924562958,3.804280906858316,29.068991513651213,200,20,32610,4.571284515314397,2,0.14821728367676354,0.2365702761225152
exp3,468,0.9439882089652187,0.012331217319969112,0.0,-0.01346526608349607,5.147325766197003,30.4120363729899,5,20,32635,9.591569209010098,1,0.4228518919952023,0.0817325536720808
exp3,469,0.9441971063371639,0.012141931299440412,0.0,0.038932704333633474,3.621215048407941,28.885925655200836,5,20,32660,4.0729002298742385,1,0.42230869982256,0.037583201838993906
exp3,470,0.9444365553739115,0.011723622256275101,0.0,0.038932704333633474,5.389148175853621,30.653858782646516,0,20,32680,9.334292983532102,0,0.43174322230397233,0.0746743438682568
exp3,471,0.9446027901930488,0.011416198462543048,0.0,0.038932704333633474,4.0417357471478415,29.306446353940736,0,20,32700,4.2998635252816975,0,0.4312546039928625,0.03439890820225358
exp3,472,0.9449173152455522,0.010878491680724411,0.0,0.038932704333633474,5.222191175480818,30.486901782273712,0,20,32720,4.108385281358794,0,0.43102930995632444,0.03286708225087036
exp3,473,0.9452938889973013,0.01036572535934166,0.0,0.07333117401928216,2.6002443205553147,27.86495492734821,5,20,32745,1.6020969550888602,1,0.4227587260158293,0.01781677564071088
exp3,474,0.9457205004735965,0.00974276720244105,0.0,0.07333117401928216,3.4809254241918106,28.745636030984706,0,20,32765,5.4898387901958134,0,0.4309036182577606,0.04391871032156651
exp3,475,0.945997002962751,0.00945179322180878,0.0,0.07333117401928216,6.842896878074349,32.107607484867245,0,20,32785,9.339137255741342,0,0.4306158012007515,0.07471309804593074
exp3,476,0.9465148128844345,0.008681049691100506,0.0,0.0710461502863465,5.212088390064116,30.476798996857013,5,20,32810,4.539028880575583,1,0.4232260646090519,0.041312231044604665
exp3,477,0.9450317770626336,0.010901709538438609,0.0,-0.3433617386914351,4.594381709572506,29.859092316365402,5,20,32835,4.819959736545567,1,0.4229516600434707,0.043559677892364534
exp3,478,0.9433196815097923,0.013541788591486581,0.0,-0.3433617386914351,6.64552449209922,31.910235098892116,0,20,32855,10.721802257856343,0,0.43055243484250866,0.08577441806285074
exp3,479,0.9406689512490488,0.018538944736321006,0.0,-0.4780087120531222,4.169990510965682,29.43470111775858,5,20,32880,5.4521176663855355,1,0.4230855895596886,0.04861694133108428
exp3,480,0.9406551902109234,0.018550226178985385,0.0,-0.017664051430380523,8.500979816092562,33.765690422885456,200,20,33100,16.526003785309026,2,0.14700323886246028,0.33220803028247226
exp3,481,0.9404138455609857,0.01900101081291683,0.0,-0.11839852006524704,4.132498192376431,29.397208799169327,5,20,33125,4.595295735013315,1,0.4242980152180934,0.041762365880106525
exp3,482,0.9404306438639205,0.019068844781264915,0.0,-0.013710982911396222,4.242826379436167,29.507536986229063,5,20,33150,4.377898772480695,1,0.4240211381012136,0.040023190179845555
exp3,483,0.9402882971914855,0.01947686030947715,0.0,-0.013710982911396222,5.423776769845975,30.68848737663887,0,20,33170,5.016773279420207,0,0.4322101587658737,0.04013418623536165
exp3,484,0.9402341669704419,0.0195780068874315,0.0,-0.013710982911396222,7.444969152263061,32.70967975905596,0,20,33190,9.043150213929387,0,0.431947748640106,0.07234520171143509
exp3,485,0.939560972092548,0.0209233132888883,0.0,-0.11090845738327276,4.802077835426542,30.066788442219437,5,20,33215,4.373238051871283,1,0.4243126145305661,0.03998590441497026
exp3,486,0.9388802581237944,0.022233962039558075,0.0,-0.11090845738327276,4.037269811104856,29.301980417897752,0,20,33235,4.022794390137413,0,0.43167608340311614,0.03218235512109931
exp3,487,0.9398415157303726,0.02034971067682123,0.0,0.1597631677949612,7.254012004052259,32.51872261084515,5,20,33260,8.701261320857757,1,0.42420694245287804,0.07461009056686206
exp3,488,0.9406509149650617,0.018746659481495342,0.0,0.1597631677949612,2.277797886852383,27.54250849364528,0,20,33280,1.372392554381601,0,0.4318414872835795,0.010979140435052808
exp3,489,0.9415099839315487,0.017202034263851695,0.0,0.1597631677949612,5.138138221848306,30.4028488286412,0,20,33300,4.811002071281779,0,0.43176965154233177,0.03848801657025423
exp3,490,0.942554032599098,0.015232141802715482,0.0,0.1597631677949612,6.186407653618853,31.45111826041175,0,20,33320,10.47384431263206,0,0.4315178075001275,0.08379075450105648
exp3,491,0.9426923193502756,0.01509397959644132,0.0,0.022099049880045258,3.8486769347499137,29.11338754154281,200,20,33540,3.9608794485204637,2,0.14465861375934158,0.23168703558816373
exp3,492,0.9427188379729395,0.015011369909890715,0.0,0.022099049880045258,4.229354965753045,29.494065572545942,0,20,33560,4.53303559417915,0,0.4320630253702087,0.0362642847534332
exp3,493,0.9423205263688785,0.015786174195037916,0.0,-0.08299359774153806,3.682176013476561,28.946886620269456,5,20,33585,4.1708986114368,1,0.42562879337530574,0.038367188891494396
exp3,494,0.942167600794542,0.016061271133018917,0.0,-0.05249064884549634,6.741383642533062,32.006094249325955,5,20,33610,10.098199267750921,1,0.4253750139464849,0.08578559414200737
exp3,495,0.9419436267399856,0.01640963519566374,0.0,-0.05249064884549634,5.810323754418339,31.075034361211234,0,20,33630,9.368183610471256,0,0.4324523634608878,0.07494546888377004
exp3,496,0.9444821911620992,0.01199015357335742,0.0,0.4939686601393369,5.292486586538882,30.557197193331778,5,20,33655,3.931338693655222,1,0.425179320994255,0.036450709549241775
exp3,497,0.9468367905695092,0.008426298547780986,0.0,0.4939686601393369,4.402468192542365,29.66717879933526,0,20,33675,7.933806921710585,0,0.4321465373307622,0.06347045537368468
exp3,498,0.9485673888720877,0.00616951448908476,0.0,0.4939686601393369,3.849474415161953,29.11418502195485,0,20,33695,7.994769050861632,0,0.4317315176646835,0.06395815240689305
exp3,499,0.9486225344667713,0.0061681678615840285,0.0,-0.006010921661452915,4.447962125154549,29.712672731947446,200,20,33915,4.374920774509078,2,0.14311614567899972,0.23499936619607262
exp3,500,0.9486732759568818,0.005909974062824008,0.0,0.01429497154540471,3.4873117170661274,28.752022323859023,5,20,33940,4.253916523052891,1,0.4266646094204182,0.03903133218442313
exp3,501,0.9485584730913226,0.006079207045090462,0.0,-0.020597225308248916,4.555071159916575,29.819781766709472,200,20,34160,4.124651615015399,2,0.1409739440032149,0.23299721292012315
exp3,502,0.948510554299856,0.006201382277457479,0.0,-0.020597225308248916,6.387449171485031,31.652159778277927,0,20,34180,9.570877060125623,0,0.43372044590057485,0.07656701648100497
exp3,503,0.9485756090764853,0.006311978371477123,0.0,-0.005592717115034472,3.765600256236765,29.030310863029662,200,20,34400,4.74126182965614,2,0.13890438301481461,0.23793009463724912
exp3,504,0.9485783951618919,0.006300663887977231,0.0,-0.005592717115034472,4.345760578711048,29.610471185503943,0,20,34420,4.323691803202015,0,0.43434552298580115,0.03458953442561612
exp3,505,0.9485670847444677,0.0064326062642916515,0.0,-0.005592717115034472,3.3033088881347923,28.56801949492769,0,20,34440,1.2159031459510874,0,0.43412021921573435,0.0097272251676087
exp3,506,0.9489480280675443,0.005951378700488896,0.0,0.10883174204727808,4.0326682058928105,29.297378812685707,5,20,34465,4.348108435069719,1,0.42920669797710287,0.03978486748055775
exp3,507,0.9489671375217386,0.005933289347103132,0.0,-0.012286980729039084,3.6156072404080226,28.880317847200917,200,20,34685,4.49719789181354,2,0.13679614793653688,0.23597758313450834
exp3,508,0.9489765223481541,0.006065765465634976,0.0,-0.03686289724163648,4.6056095165862665,29.870320123379162,5,20,34710,4.0873508169554915,1,0.4300472649414479,0.03769880653564393
exp3,509,0.9481091065744481,0.00729412280153674,0.0,-0.330090751661068,3.5933849051917495,28.858095511984644,5,20,34735,5.583825464379036,1,0.4297998329002929,0.049670603715032284
exp3,510,0.9480538014350581,0.007280385283566115,0.0,-0.03145693369774344,3.729980543234472,28.994691150027368,5,20,34760,4.13440437688465,1,0.42947369024447707,0.038075235015077195
exp3,511,0.9479435025894273,0.007488999908220717,0.0,-0.03145693369774344,3.447062390394889,28.711772997187786,0,20,34780,4.400438528701587,0,0.4360135009081194,0.0352035082296127
exp3,512,0.9468077411892917,0.00922648958981287,0.0,-0.32302762234487764,5.544943461145509,30.809654067938403,5,20,34805,9.606678630654274,1,0.429400162447329,0.0818534290452342
exp3,513,0.9466665832378297,0.009566811795597818,0.0,-0.024821017185261793,3.76836747150544,29.033078078298335,5,20,34830,4.21921505371624,1,0.4288623576413902,0.03875372042972992
exp3,514,0.9466759734709612,0.009559462493899717,0.0,-0.024821017185261793,3.922767431842919,29.187478038635817,0,20,34850,4.344419324798981,0,0.43639939746368483,0.034755354598391845
exp3,515,0.9465749461055637,0.009540691236831877,0.0,-0.024821017185261793,3.968197289572321,29.232907896365216,0,20,34870,4.690338494162647,0,0.43617384135534515,0.037522707953301176
exp3,516,0.9465597522252853,0.009574477781827406,0.0,0.01700170542621161,5.053075169689987,30.317785776482882,200,20,35090,4.553239605993194,2,0.13510010897944463,0.23642591684794553
exp3,517,0.9465484111908002,0.009521172054872573,0.0,0.01700170542621161,5.819736817446758,31.084447424239656,0,20,35110,4.4272057509823135,0,0.4370513835723932,0.0354176460078585
exp3,518,0.9465651227843128,0.009539154064391764,0.0,0.01700170542621161,3.7029674991767956,28.967678105969693,0,20,35130,4.431824763634339,0,0.43682179741655597,0.03545459810907471
exp3,519,0.9465184091281421,0.009442471285881826,0.0,-0.01582530669793807,4.219160124421875,29.483870731214772,200,20,35350,4.504078396308838,2,0.13297930031334476,0.2360326271704707
exp3,520,0.946474876889314,0.0096131192674479,0.0,-0.01582530669793807,6.649990191005649,31.914700797798545,0,20,35370,9.848522616912234,0,0.43771100805706126,0.07878818093529787
exp3,521,0.9456993304138208,0.010797003954121975,0.0,-0.17964355419119363,3.8148807421793443,29.07959134897224,5,20,35395,4.773708711100961,1,0.4319292206323736,0.04318966968880769
exp3,522,0.944869642479266,0.012170423174748923,0.0,-0.17964355419119363,6.035681022570022,31.300391629362917,0,20,35415,10.184888040673457,0,0.4374216976884715,0.08147910432538766
exp3,523,0.9447016939308889,0.01248019110259091,0.0,-0.05956160836090505,2.368569292294256,27.633279899087153,5,20,35440,1.1965556123417136,1,0.43205788212628504,0.014572444898733711
exp3,524,0.9447491644455821,0.012436925061341642,0.0,-0.03595456945871669,4.705649144550915,29.97035975134381,200,20,35660,4.326972733893725,2,0.13106906674320012,0.2346157818711498
exp3,525,0.9442579155316703,0.013271985757810079,0.0,-0.12646849191603793,6.332991683342113,31.59770229013501,5,20,35685,10.230704051705388,1,0.43306116043702686,0.0868456324136431
exp3,526,0.944224511830057,0.013391938475978415,0.0,0.01473843321451757,4.0238696128160045,29.2885802196089,5,20,35710,4.199452734271838,1,0.43249423838875095,0.0385956218741747
exp3,527,0.944665402089116,0.012606115762399561,0.0,0.10341252354043659,2.7680459428577677,28.032756549650664,5,20,35735,1.3055808462839118,1,0.4322420142018891,0.015444646770271294
exp3,528,0.9451110547464346,0.011796839045509766,0.0,0.10341252354043659,2.6875077073029505,27.952218314095845,0,20,35755,1.295841981159339,0,0.4388020474765488,0.010366735849274712
exp3,529,0.9449601329456591,0.011920940838518357,0.0,-0.05291331935082503,4.211510390625149,29.476220997418046,5,20,35780,5.17647242606172,1,0.4321934219364673,0.04641177940849376
exp3,530,0.9447019941392624,0.01233069258490549,0.0,-0.05291331935082503,4.8880428040227395,30.152753410815635,0,20,35800,4.1415260718838285,0,0.43897316134034253,0.033132208575070626
exp3,531,0.9425617847675745,0.015856143416001722,0.0,-0.4430322694899018,4.629328538554912,29.894039145347808,5,20,35825,3.9479767873457052,1,0.4320572913639803,0.03658381429876564
exp3,532,0.9399839900256052,0.020597749989745395,0.0,-0.4430322694899018,3.7691235375147323,29.03383414430763,0,20,35845,5.14463483212209,0,0.4389468256517472,0.04115707865697672
exp3,533,0.9408147314551388,0.01890432121401575,0.0,0.1343842726766149,5.040530404199523,30.305241010992418,5,20,35870,9.392166454717795,1,0.4320258485516702,0.08013733163774237
exp3,534,0.9409388110915268,0.018783234228972656,0.0,-0.02217614878521888,6.45485345211462,31.719564058907515,5,20,35895,9.080053798440133,1,0.4315017513772578,0.07764043038752107
exp3,535,0.94073324273397,0.019375896738879406,0.0,-0.02217614878521888,7.022874372490753,32.28758497928365,0,20,35915,9.971095334331418,0,0.4394905983772758,0.07976876267465134
exp3,536,0.9408429968005776,0.019186664045889534,0.0,-0.02217614878521888,3.7591859433937795,29.023896550186677,0,20,35935,4.788596257499838,0,0.43897581027069577,0.038308770059998706
exp3,537,0.9408051429360752,0.019307729428161724,0.0,-0.02217614878521888,3.32749185376173,28.592202460554624,0,20,35955,4.072435037292795,0,0.43872833971671615,0.03257948029834236
exp3,538,0.94082579931661,0.019205400979131038,0.0,0.008977291602085156,6.7857970482781855,32.05050765507108,200,20,36175,10.055513173121737,2,0.129729055702206,0.2804441053849739
exp3,539,0.9409031951962287,0.019003999820139006,0.0,0.008977291602085156,2.561519627983876,27.826230234776773,0,20,36195,1.2200373567282004,0,0.43984780732655554,0.009760298853825603
exp3,540,0.9416691900974657,0.017599610456048187,0.0,0.10863733175805473,4.202773653885655,29.46748426067855,5,20,36220,6.2674366782170114,1,0.4331115279608811,0.0551394934257361
exp3,541,0.941479134033632,0.018000535494395842,0.0,-0.03927243025432944,3.8712702315674794,29.135980838360375,5,20,36245,4.3260327013471835,1,0.43275159351039727,0.03960826161077747
exp3,542,0.9415770742415515,0.0179640371499854,0.0,-0.013734770109918392,4.253046051146133,29.517756657939028,5,20,36270,4.792898990583239,1,0.4324928702190233,0.04334319192466591
exp3,543,0.9416196030130061,0.017871313922611876,0.0,-0.013734770109918392,7.286686059299024,32.55139666609192,0,20,36290,9.011952687445406,0,0.44049545926134687,0.07209562149956325
exp3,544,0.9417092575239557,0.01757788140438077,0.0,0.0158891320200521,2.347218794786538,27.611929401579435,5,20,36315,1.300076540632311,1,0.43257402349999463,0.015400612325058488
exp3,545,0.9417248697006712,0.017655928367215523,0.0,-0.041624365579937934,6.863449518884295,32.12816012567719,5,20,36340,9.976836523008778,1,0.43247338990693396,0.08481469218407023
exp3,546,0.9424743328068306,0.016339689068902263,0.0,0.1428158258442631,3.950428635629395,29.21513924242229,5,20,36365,4.365965996899344,1,0.43191914673723747,0.03992772797519475
exp3,547,0.9394266034366104,0.022010944452896974,0.0,-0.5368918256782378,7.105271233527495,32.36998184032039,5,20,36390,8.145019142850062,1,0.431657951829767,0.0701601531428005
exp3,548,0.9364651519980551,0.028544940799590135,0.0,-0.5368918256782378,4.38917177535928,29.653882382152176,0,20,36410,6.1129268932292025,0,0.44111410815558266,0.048903415145833615
exp3,549,0.9379497226030462,0.025045522502902484,0.0,0.288228377886271,5.250982898691268,30.515693505484165,5,20,36435,7.914878754221181,1,0.4314454006573134,0.06831903003376946
exp3,550,0.9379655919054755,0.025002028989067115,0.0,-0.011929833540746127,9.374385700534699,34.63909630732759,5,20,36460,16.019577302485793,1,0.4309981266349866,0.13315661841988635
exp3,551,0.9379640663282666,0.02503971522983639,0.0,-0.011929833540746127,4.782650927320203,30.0473615341131,0,20,36480,4.499494007896,0,0.4418384117198848,0.035995952063167996
exp3,552,0.9382378150593403,0.024423313765868038,0.0,0.033556459506887064,5.2094005543716,30.474111161164494,5,20,36505,4.736900862002958,1,0.430306846763621,0.04289520689602366
exp3,553,0.9384207991039328,0.02409120516848906,0.0,0.033556459506887064,7.567937322519208,32.8326479293121,0,20,36525,9.073755406083032,0,0.4418285961653284,0.07259004324866426
exp3,554,0.9386591222073624,0.023519206673961346,0.0,0.033556459506887064,3.281508741879766,28.54621934867266,0,20,36545,4.22544578449942,0,0.4413621003369424,0.03380356627599536
exp3,555,0.9396626894987106,0.02158411018989692,0.0,0.14381743370845618,3.1684829553009646,28.433193562093862,5,20,36570,2.7548607216932455,1,0.43056060250372885,0.027038885773545962
exp3,556,0.9405788540422877,0.01985730189424295,0.0,0.14381743370845618,4.118398570567741,29.383109177360637,0,20,36590,3.982818875399536,0,0.4412841580042248,0.031862551003196286
exp3,557,0.9405033609675565,0.019999639021203608,0.0,-0.031508843318228334,3.368599362396312,28.63330996918921,200,20,36810,4.285137034869438,2,0.1283771610661242,0.2342810962789555
exp3,558,0.9405472819244665,0.019908591790526398,0.0,-0.031508843318228334,3.3320638588578766,28.59677446565077,0,20,36830,1.2475870436634617,0,0.44219741749350794,0.009980696349307695
exp3,559,0.9399335167446776,0.021017933974053715,0.0,-0.09874659789866563,3.4879440396407526,28.752654646433648,5,20,36855,4.4668218925306,1,0.43168482961351706,0.0407345751402448
exp3,560,0.9400701091112706,0.020753295374817182,0.0,-0.003076366519063793,6.405555974729774,31.670266581522668,200,20,37075,16.36945772775636,2,0.12623780075214747,0.3309556618220509
exp3,561,0.9401535123225019,0.020484898822445752,0.0,-0.003076366519063793,3.4844377538134155,28.749148360606313,0,20,37095,3.9415159516483316,0,0.44391972672423874,0.03153212761318665
exp3,562,0.9404327339651053,0.019980266809379144,0.0,0.013309077758889558,5.3769457290962395,30.641656335889135,5,20,37120,4.472331052329986,1,0.4331137248916799,0.04077864841863989
exp3,563,0.9404822072877606,0.019893056572226397,0.0,-0.0011401408993413562,5.830629851827925,31.09534045862082,5,20,37145,9.319177848499084,1,0.4328475281953773,0.07955342278799268
exp3,564,0.9405662075785387,0.019956876849175798,0.0,-0.0011401408993413562,12.754909039910258,38.019619646703156,0,20,37165,36.01248936416173,0,0.4443425979214388,0.28809991491329384
exp3,565,0.9413481231796275,0.01851487123856732,0.0,0.13161356164820945,6.570305599619991,31.835016206412888,5,20,37190,10.206608125385303,1,0.43378451485550223,0.08665286500308242
exp3,566,0.9422286216956237,0.0170493259800788,0.0,0.13161356164820945,10.954747704510948,36.219458311303846,0,20,37210,26.173128834295376,0,0.44294860111902634,0.20938503067436304
exp3,567,0.9428270266763255,0.01585984760917447,0.0,0.13161356164820945,7.355350567521604,32.6200611743145,0,20,37230,8.851973322848655,0,0.44160598792523775,0.07081578658278924
exp3,568,0.9408020859966766,0.019439170128120797,0.0,-0.3191666285884942,2.860532022987295,28.12524262978019,5,20,37255,2.8629706393160275,1,0.4346401210948918,0.027903765114528217
exp3,569,0.9389808631782568,0.02285173171253707,0.0,-0.3191666285884942,3.7672354661149567,29.031946072907854,0,20,37275,4.280908230468599,0,0.4412947025963345,0.03424726584374879
exp3,570,0.9373762599886174,0.026439821191717727,0.0,-0.3191666285884942,7.4992649490375785,32.76397555583048,0,20,37295,16.048623085121697,0,0.4410743896845631,0.12838898468097357
exp3,571,0.9375522174039949,0.026002507279290987,0.0,0.010806258184475101,6.614212591140508,31.878923197933403,5,20,37320,9.995391761351245,1,0.4352851464839026,0.08496313409080997
exp3,572,0.9388228081795335,0.02339574141510481,0.0,0.21715706614690086,4.629104703348392,29.89381531014129,5,20,37345,4.515317184732544,1,0.43473269938447534,0.041122537477860356
exp3,573,0.9382729614979464,0.02456644841774125,0.0,-0.09928471229819892,5.485254853054486,30.74996545984738,5,20,37370,4.492276117012323,1,0.4344650295085657,0.04093820893609858
exp3,574,0.938303779719005,0.024449849592109385,0.0,-0.003048696364673046,4.076963442986574,29.34167404977947,200,20,37590,4.766370404897896,2,0.12469272990161576,0.23813096323918317
exp3,575,0.9384546689340347,0.02429204656355821,0.0,-0.003048696364673046,4.737945771373448,30.002656378166343,0,20,37610,4.353075148039089,0,0.4422415577691785,0.034824601184312715
exp3,576,0.9385518803485532,0.024179107742529737,0.0,-0.004896965663716878,5.352017865626214,30.616728472419112,200,20,37830,4.394654673055671,2,0.122491824012548,0.23515723738444536
exp3,577,0.9385804326948907,0.024083503889553937,0.0,-0.026989635555293653,4.876635940381545,30.141346547174443,200,20,38050,4.666554960700782,2,0.12027139063106998,0.23733243968560624
exp3,578,0.9384968494417195,0.024185019019367093,0.0,-0.023951316689839543,10.231512910659589,35.496223517452485,5,20,38075,26.607810644558644,1,0.43770424744088565,0.21786248515646914
exp3,579,0.9384686826290756,0.02429934451514071,0.0,-0.023951316689839543,2.4489354760224447,27.71364608281534,0,20,38095,1.3147521230929808,0,0.4453983017633513,0.010518016984743847
exp3,580,0.9384399182603254,0.02423313056368437,0.0,-0.023951316689839543,3.447420505022392,28.71213111181529,0,20,38115,4.11949734523496,0,0.4453311387812155,0.03295597876187968
exp3,581,0.9383694901116977,0.02435670255992861,0.0,-0.023951316689839543,6.513833600297734,31.77854420709063,0,20,38135,8.966212165953216,0,0.4451206784454479,0.07172969732762573
exp3,582,0.9382453135332871,0.024572524466008994,0.0,-0.023951316689839543,4.995988674791523,30.26069928158442,0,20,38155,3.9415404695612826,0,0.444662453768101,0.03153232375649026
exp3,583,0.9381432405111536,0.024725344351713474,0.0,-0.023951316689839543,4.857920485289348,30.122631092082244,0,20,38175,4.591057094054766,0,0.4444608394591772,0.036728456752438125
exp3,584,0.9381226173878363,0.024794315715823134,0.0,0.0002655591438942098,3.670152023538814,28.93486263033171,5,20,38200,3.994444911677641,1,0.4372314588031681,0.03695555929342113
exp3,585,0.9382598854254572,0.024462676459194754,0.0,0.0002655591438942098,3.384984421098789,28.649695027891685,0,20,38220,1.3206145605330422,0,0.44441801599312053,0.010564916484264338
exp3,586,0.939153304636581,0.022572267922335354,0.0,0.15864475461676072,3.2086963667066453,28.473406973499543,5,20,38245,2.6188049798294837,1,0.4370460067558216,0.025950439838635868
exp3,587,0.9399930689266228,0.020740266550742903,0.0,0.15864475461676072,5.3444417373845665,30.609152344177463,0,20,38265,4.0041432664333545,0,0.44448536571605124,0.032033146131466836
exp3,588,0.9410831206233592,0.018766373319809126,0.0,0.15864475461676072,4.033974553550081,29.298685160342977,0,20,38285,5.127307816708898,0,0.4442804833858315,0.04101846253367118
exp3,589,0.9420714113401176,0.016952241186840356,0.0,0.15864475461676072,4.818324017764041,30.083034624556937,0,20,38305,3.722108968139163,0,0.4440180370066112,0.029776871745113304
exp3,590,0.9429253390247706,0.01541370414022547,0.0,0.15864475461676072,2.990594056763219,28.255304663556114,0,20,38325,2.1209441344326034,0,0.4438274233040135,0.01696755307546083
exp3,591,0.9429147628586806,0.015297896510016451,0.0,0.004820198526905664,4.4787071085761605,29.743417715369056,5,20,38350,4.270321002352595,1,0.43749051284494006,0.03916256801882075
exp3,592,0.9437895926959616,0.013679094132450054,0.0,0.16351380283243355,2.6594813930547723,27.924191999847668,5,20,38375,1.3429585413678902,1,0.437236852195364,0.015743668330943122
exp3,593,0.9438969788055865,0.013522485417970853,0.0,-0.0006530050874109373,5.190980298088871,30.455690904881767,5,20,38400,4.306392213772206,1,0.4371348283930947,0.03945113771017765
exp3,594,0.9438718144117123,0.01352326915131119,0.0,-0.03819746384836421,3.5787364276974474,28.843447034490342,5,20,38425,3.982170201051971,1,0.43687913597664707,0.03685736160841577
exp3,595,0.9439173730066736,0.01329992571044436,0.0,-0.0022730624307547307,3.42894730505108,28.693657911843975,5,20,38450,4.490823307070084,1,0.436640144130573,0.04092658645656067
exp3,596,0.9428012952235271,0.015179521370398574,0.0,-0.21701700927738926,5.686648047138953,30.951358653931848,5,20,38475,10.519731038805267,1,0.43637465477352644,0.08915784831044213
exp3,597,0.9437444147275358,0.01359971115746672,0.0,0.19577903263452778,5.344764076805216,30.609474683598112,5,20,38500,9.940132806203337,1,0.43579606216946204,0.0845210624496267
exp3,598,0.944589111766521,0.012282335746668593,0.0,0.17727489635170218,3.543731629110555,28.80844223590345,5,20,38525,5.810342285574569,1,0.4352469893440617,0.051482738284596555
exp3,599,0.9445237696868257,0.012257026983105934,0.0,-0.036902554674494874,6.769814062589622,32.03452466938252,5,20,38550,9.493047959180542,1,0.4349121968345083,0.08094438367344434
exp3,600,0.9444316340888894,0.012614048544024925,0.0,-0.036902554674494874,4.246684190112048,29.511394796904945,0,20,38570,4.145762574441496,0,0.44620773094187616,0.03316610059553197
exp3,601,0.9441498906432301,0.012887205449252703,0.0,-0.036902554674494874,5.465823141900106,30.730533748693002,0,20,38590,9.866353256771536,0,0.4459962669551277,0.07893082605417229
exp3,602,0.9440283290536813,0.013093230766909825,0.0,-0.036902554674494874,2.612414594568855,27.87712520136175,0,20,38610,1.275949216886962,0,0.44549284799686223,0.010207593735095695
exp3,603,0.9439051465236006,0.013218626767679154,0.0,-0.036902554674494874,2.8032879148287524,28.067998521621647,0,20,38630,1.4876708495058575,0,0.4454276784290919,0.01190136679604686
exp3,604,0.9437050492150997,0.013664510803184315,0.0,-0.036902554674494874,4.276338547960278,29.541049154753175,0,20,38650,4.711550665302524,0,0.44535168625212757,0.03769240532242019
exp3,605,0.943497926469061,0.013874771463559754,0.0,-0.036902554674494874,5.192394297821224,30.45710490461412,0,20,38670,4.3749702379271485,0,0.44511098915214015,0.034999761903417186
exp3,606,0.943251253102901,0.014421763865839377,0.0,-0.036902554674494874,4.056731713179837,29.321442319972732,0,20,38690,4.255689437753478,0,0.44488738802065514,0.03404551550202782
exp3,607,0.9439360750034865,0.01325139197673142,0.0,0.10334923883647992,4.483761291303872,29.748471898096767,5,20,38715,3.748560945282482,1,0.4356115337960867,0.034988487562259855
exp3,608,0.9442345523475945,0.012528346930750667,0.0,0.06145288593046748,8.594227742102756,33.85893834889565,5,20,38740,16.756852414390252,1,0.4353841450914678,0.13905481931512204
exp3,609,0.9441299692111813,0.012460008457869431,0.0,-0.046302456038171465,3.7616214858185426,29.02633209261144,5,20,38765,4.511905149861197,1,0.43448022472030245,0.041095241198889576
exp3,610,0.9453675217269369,0.010586802264252793,0.0,0.21946606066271585,3.3449856947690453,28.60969630156194,5,20,38790,3.873908577258571,1,0.4342126122445791,0.03599126861806857
exp3,611,0.9463552940019213,0.009180830194936429,0.0,0.21946606066271585,3.8724802068595077,29.137190813652403,0,20,38810,7.975277258540594,0,0.44597746236932917,0.06380221806832476
exp3,612,0.9453861165889333,0.010697508084962393,0.0,-0.21003173003637055,4.281415526057883,29.54612613285078,5,20,38835,4.104765222836314,1,0.4343020814905562,0.03783812178269051
exp3,613,0.9445663914785264,0.012080830022762501,0.0,-0.21003173003637055,4.3266406791983165,29.591351285991212,0,20,38855,4.8774978506432385,0,0.4457677710147667,0.03901998280514591
exp3,614,0.9430755537121264,0.014583955361378131,0.0,-0.3089034984387637,4.2396657184362425,29.50437632522914,5,20,38880,5.520690702384217,1,0.43425376574759994,0.04916552561907373
exp3,615,0.9429013296900438,0.014784424758239711,0.0,-0.05249617468764796,4.070536280217647,29.33524688701054,5,20,38905,4.674497802382807,1,0.43393347489836465,0.04239598241906246
exp3,616,0.9429264378140417,0.014777799394854019,0.0,0.0055923223201909,4.435717576262334,29.70042818305523,5,20,38930,4.492187239495264,1,0.4336571239617044,0.040937497915962115
exp3,617,0.9438797694430738,0.01326037051754958,0.0,0.1718672803431363,6.9696957911462185,32.23440639793911,5,20,38955,21.528927743635666,1,0.43339014814127963,0.17723142194908534
exp3,618,0.9437403039454675,0.013519582642696815,0.0,-0.03154964870641467,4.810217900826801,30.074928507619695,5,20,38980,9.085604157998901,1,0.43223405155464656,0.07768483326399121
exp3,619,0.9436516164426878,0.013562129711975679,0.0,-0.007327387179214351,3.37818368702561,28.642894293818507,5,20,39005,4.4200543883594605,1,0.431726178656511,0.04036043510687568
exp3,620,0.9411678857549269,0.018160610246605535,0.0,-0.44048413180543405,4.226148645767095,29.490859252559993,5,20,39030,5.2971253673566805,1,0.43146206311989965,0.04737700293885344
exp3,621,0.9385890815499861,0.023158638241336238,0.0,-0.44048413180543405,2.2709242266254446,27.535634833418342,0,20,39050,2.2705327669012796,0,0.4480007072255622,0.01816426213521024
exp3,622,0.9362840677172564,0.028392740881106437,0.0,-0.44048413180543405,7.320025720594499,32.5847363273874,0,20,39070,10.123384199928973,0,0.44788527030785874,0.08098707359943177
exp3,623,0.9343891875520394,0.0334904098372113,0.0,-0.44048413180543405,4.467158487699501,29.731869094492396,0,20,39090,6.137273301438031,0,0.4473705164887744,0.04909818641150425
exp3,624,0.9329873036339094,0.03801555349376684,0.0,-0.44048413180543405,5.222819024130453,30.487529630923348,0,20,39110,5.849566856510333,0,0.44705814165080954,0.04679653485208267
exp3,625,0.9329911111578686,0.038132372259335634,0.0,-0.008754878389732136,3.615859616012565,28.88057022280546,5,20,39135,1.2758500718739914,1,0.4321365244587931,0.01520680057499193
exp3,626,0.932981334480805,0.038237302351520674,0.0,-0.008754878389732136,5.86944538673901,31.134155993531905,0,20,39155,4.036119842571198,0,0.4468397257643978,0.032288958740569584
exp3,627,0.9328899737114237,0.03838675897999333,0.0,-0.05262290922598569,4.132200760793938,29.396911367586835,5,20,39180,4.559140727976959,1,0.432200290313167,0.04147312582381567
exp3,628,0.9329039772213706,0.03840546575462411,0.0,-0.024339691878390655,4.1887252548166565,29.453435861609552,200,20,39400,4.046470992579728,2,0.12122007812285558,0.2323717679406378
exp3,629,0.932840394884525,0.03858246981205271,0.0,-0.024339691878390655,7.706018171910974,32.97072877870387,0,20,39420,9.28552969873688,0,0.44796739364143073,0.07428423758989504
exp3,630,0.9328869425709855,0.03846296480328859,0.0,-0.013575543269586604,5.505793631926236,30.770504238719134,5,20,39445,4.278893343620587,1,0.4333837628441692,0.0392311467489647
exp3,631,0.9329417514384339,0.03828545507831649,0.0,-0.011452222923325362,2.114005654540239,27.378716261333135,5,20,39470,1.3026394692727852,1,0.4331277900531942,0.01542111575418228
exp3,632,0.9329406572393636,0.03831701465301862,0.0,-0.011452222923325362,3.9368223557747273,29.201532962567622,0,20,39490,4.762768671386579,0,0.4477815128337593,0.03810214937109263
exp3,633,0.9329173294366712,0.038348381860793035,0.0,0.0054677487834424235,5.59741625481824,30.862126861611138,200,20,39710,4.452513102101003,2,0.11924054460628461,0.235620104816808
exp3,634,0.932987070128742,0.03802021065383032,0.0,0.0054677487834424235,3.780392945041608,29.045103551834504,0,20,39730,1.3075113220221932,0,0.4486708552048758,0.010460090576177545
exp3,635,0.9330137881387122,0.03794698142704356,0.0,0.0054677487834424235,3.6972371277604617,28.96194773455336,0,20,39750,4.333550725204158,0,0.4486044605546531,0.03466840580163326
exp3,636,0.9328982797647395,0.03823571270760695,0.0,-0.0033922851473407473,5.657746506713416,30.92245711350631,200,20,39970,4.723494867905251,2,0.11707165753870302,0.23778795894324203
exp3,637,0.9325064944219407,0.03961377997246318,0.0,-0.15640098435650834,3.6252858540684283,28.889996460861326,5,20,39995,4.739700698004141,1,0.43564925775459473,0.042917605584033125
exp3,638,0.9321751549203863,0.04107622168364933,0.0,-0.15640098435650834,2.043618526248514,27.30832913304141,0,20,40015,1.477089939981124,0,0.44975168262114373,0.01181671951984899
exp3,639,0.9319399042978295,0.0419802444818429,0.0,-0.15640098435650834,5.73604700017307,31.000757606965966,0,20,40035,4.39536878965448,0,0.4496768257449582,0.03516295031723584
exp3,640,0.9319390710244531,0.0420885576258343,0.0,0.02097543323270654,4.115300080396434,29.38001068718933,5,20,40060,4.4019154147238995,1,0.43560978016766355,0.04021532331779119
exp3,641,0.93199240064328,0.041710937478971144,0.0,0.02097543323270654,5.756753965156382,31.021464571949277,0,20,40080,4.167455408092168,0,0.44966559804542056,0.033339643264737345
exp3,642,0.93205282823242,0.04139633956006661,0.0,0.02097543323270654,3.8382209119677375,29.102931518760634,0,20,40100,1.3297674993805182,0,0.4494543692938802,0.010638139995044146
exp3,643,0.932284564847082,0.04042552551883449,0.0,0.1230210756486504,3.7111155943154106,28.975826201108305,5,20,40125,1.8957956498537665,1,0.4355725308430581,0.02016636519883013
exp3,644,0.9322674343779399,0.0405247380630932,0.0,-0.018956334018405244,9.561627771200707,34.8263383779936,5,20,40150,16.845072299895268,1,0.43544145813550883,0.13976057839916214
exp3,645,0.9322525291763055,0.04078888793972568,0.0,-0.004719597991520933,6.175732047697945,31.44044265449084,200,20,40370,9.311450848685535,2,0.11523881665144897,0.27449160678948425
exp3,646,0.9323227096231607,0.04034415344085385,0.0,0.008270362080815255,4.181229841083651,29.445940447876545,5,20,40395,4.422802531572234,1,0.43580446930753114,0.04038242025257787
exp3,647,0.9322830752377954,0.040605289800266675,0.0,-0.031687419427902805,4.011552232071804,29.2762628388647,5,20,40420,4.095963450544918,1,0.4355421183542395,0.03776770760435934
exp3,648,0.9322514841496593,0.04065082751463078,0.0,-0.031687419427902805,7.718767471011784,32.983478077804676,0,20,40440,9.701620543989918,0,0.45195994863158623,0.07761296435191935
exp3,649,0.9322448090982629,0.04087047225394558,0.0,-0.031687419427902805,5.784538729982467,31.04924933677536,0,20,40460,4.03932400260167,0,0.45147031816581407,0.03231459202081336
exp3,650,0.9326290085708249,0.0392522771910242,0.0,0.15388475104276808,5.785915303658633,31.05062591045153,5,20,40485,3.825755606631192,1,0.4358569021363995,0.03560604485304954
exp3,651,0.9328645679079703,0.03825987796421759,0.0,0.07655117822591796,5.628448047980872,30.893158654773767,5,20,40510,5.393173466118173,1,0.43562560150132085,0.04814538772894539
exp3,652,0.9335355697000252,0.03605804207178098,0.0,0.1927946801153567,3.7824684111213416,29.04717901791424,5,20,40535,1.661625089150881,1,0.4353127213560798,0.018293000713207046
exp3,653,0.9343648925416697,0.03358868941334381,0.0,0.24132855339941633,4.122439375554926,29.38714998234782,5,20,40560,4.185929610883403,1,0.43519376921569264,0.038487436887067225
exp3,654,0.9354332607347163,0.03066277146373253,0.0,0.24132855339941633,6.038573189877661,31.303283796670556,0,20,40580,10.194863919349729,0,0.4520090292201499,0.08155891135479783
exp3,655,0.9366807356200565,0.027406106351587245,0.0,0.24132855339941633,5.656347572127468,30.921058178920365,0,20,40600,3.39812907977084,0,0.4514945542408877,0.027185032638166722
exp3,656,0.9379695595156002,0.02454134218168391,0.0,0.24132855339941633,4.198054826788048,29.462765433580945,0,20,40620,3.7363821982711425,0,0.45132289686444116,0.02989105758616914
exp3,657,0.9393080143484895,0.021727669717552467,0.0,0.24132855339941633,3.8897039923161074,29.154414599109003,0,20,40640,5.23217446532452,0,0.4511340933643027,0.041857395722596155
exp3,658,0.9402742541722701,0.019893304120972677,0.0,0.13799283674183993,6.9207946136795275,32.18550522047242,5,20,40665,8.777388134648827,1,0.43586303408807714,0.07521910507719062
exp3,659,0.9410151835116561,0.018453495774983897,0.0,0.13799283674183993,6.910500469739219,32.175211076532115,0,20,40685,8.72476560019497,0,0.451266562214996,0.06979812480155977
exp3,660,0.9418536663705052,0.017044831835494212,0.0,0.13799283674183993,3.8775516934370584,29.142262300229955,0,20,40705,3.7905988548125937,0,0.4508256651285404,0.03032479083850075
exp3,661,0.9424441953445678,0.01595205388719445,0.0,0.13799283674183993,4.495466559080792,29.76017716587369,0,20,40725,5.965886696551477,0,0.45063394645363314,0.04772709357241182
exp3,662,0.9424821458231889,0.01595929261157092,0.0,0.001002197251231559,5.045234386083166,30.309944992876062,5,20,40750,4.3300287228595655,1,0.43612830576868156,0.03964022978287653
exp3,663,0.9418792363630099,0.017034403089874584,0.0,-0.11612942152321616,3.1366692781117664,28.401379884904664,5,20,40775,1.3812171262789077,1,0.43587092511744513,0.01604973701023126
exp3,664,0.9428088542158513,0.01540866311479483,0.0,0.155199509686685,5.185427842289815,30.45013844908271,5,20,40800,9.711412596182193,1,0.4357666635673264,0.08269130076945755
exp3,665,0.9427622598460521,0.015645255195509744,0.0,-0.01318650392028246,4.156346538176555,29.421057144969453,5,20,40825,4.744769387221949,1,0.4352294475949067,0.0429581550977756
exp3,666,0.9428301780309006,0.015572666748942754,0.0,-0.01318650392028246,3.4991922496419936,28.76390285643489,0,20,40845,4.005868823290154,0,0.4512886236334132,0.03204695058632123
exp3,667,0.9429669579625782,0.015336289203087272,0.0,0.03304112867010804,6.657362115942305,31.9220727227352,200,20,41065,9.13382888277218,2,0.11380057696407839,0.27307063106217744
exp3,668,0.9428149786421779,0.015566134793009723,0.0,-0.03828353788210116,4.092715743092141,29.35742634988504,200,20,41285,4.208559090542197,2,0.11122369574350637,0.23366847272433758
exp3,669,0.9424362692506307,0.01634225118327992,0.0,-0.08057588704604136,2.595279186799536,27.859989793592433,5,20,41310,1.4430419577395848,1,0.43746165596581543,0.016544335661916678
exp3,670,0.9421234458667476,0.01691037979871879,0.0,-0.08057588704604136,2.387031239724828,27.651741846517723,0,20,41330,1.3334347120637224,0,0.45361110517197584,0.010667477696509779
exp3,671,0.9419045715767013,0.017355392781403967,0.0,-0.0388777877205336,4.0924685432210435,29.35717915001394,200,20,41550,4.564821177673341,2,0.10904687773814035,0.23651856942138672
exp3,672,0.9431014457400492,0.015428363322035343,0.0,0.19703444740433654,8.698294770963301,33.9630053777562,5,20,41575,15.571440700094517,1,0.43850579509947496,0.12957152560075613
exp3,673,0.9434128852539561,0.014909323681587816,0.0,0.046274885928774545,3.2581446875753,28.522855294368195,5,20,41600,4.491545277041913,1,0.4376681905553026,0.040932362216335304
exp3,674,0.9434946856202738,0.014576458168193418,0.0,0.02173876707079184,3.9064582223945585,29.171168829187454,200,20,41820,4.361656954420581,2,0.10700653701249481,0.23489325563536462
exp3,675,0.942998293612829,0.015485700364481603,0.0,-0.12329337854465641,8.238038821458558,33.502749428251455,5,20,41845,17.445207462683573,1,0.4384895380309183,0.1445616597014686
exp3,676,0.9424523413567727,0.01623441921611868,0.0,-0.07128878228334676,4.451580059795238,29.716290666588133,5,20,41870,4.156351037158118,1,0.43755502593349793,0.038250808297264946
exp3,677,0.9420079044762739,0.016922955878177826,0.0,-0.07128878228334676,2.224677065834146,27.489387672627043,0,20,41890,1.500520238376705,0,0.45770117490241746,0.012004161907013639
exp3,678,0.9427114699909613,0.015599107000880297,0.0,0.13421530501236875,6.106054239908909,31.370764846701803,5,20,41915,9.083364442592247,1,0.4373687792476066,0.07766691554073799
exp3,679,0.9437570189196645,0.013678280938803633,0.0,0.18962085508479434,5.871039776754303,31.135750383547197,5,20,41940,8.472818911335747,1,0.4368656428041154,0.07278255129068598
exp3,680,0.9448518566233804,0.012098753698984832,0.0,0.18962085508479434,4.0968567224968115,29.361567329289706,0,20,41960,3.7429249241513336,0,0.4584328452393377,0.029943399393210668
exp3,681,0.9448118057891979,0.012224836419717944,0.0,-0.0067927963679918196,6.9376553555112945,32.20236596230419,200,20,42180,9.772847969521653,2,0.10520705495578592,0.2781827837561732
exp3,682,0.9447338764137136,0.012400070566864652,0.0,-0.0067927963679918196,2.7224758386630326,27.98718644545593,0,20,42200,1.2942999493220828,0,0.45958995834855804,0.010354399594576662
exp3,683,0.9446900961274369,0.012522711969451983,0.0,-0.0067927963679918196,3.1328591821331897,28.397569788926084,0,20,42220,1.2923196960207985,0,0.4595255530968436,0.010338557568166389
exp3,684,0.9448482936939755,0.012288800857214621,0.0,-0.0067927963679918196,5.008533327042415,30.27324393383531,0,20,42240,4.66438919324854,0,0.45946123860652704,0.037315113545988314
exp3,685,0.9447521172735492,0.0123722547429298,0.0,-0.0067927963679918196,3.944809795631085,29.20952040242398,0,20,42260,4.412590336240409,0,0.45922908515114985,0.03530072268992327
exp3,686,0.944798036175188,0.012250154880439235,0.0,0.0036354690550225903,4.842007157792232,30.106717764585127,5,20,42285,4.2041207924934465,1,0.43830387400478155,0.038632966339947575
exp3,687,0.9455591903060809,0.010953293204634673,0.0,0.1307734621957085,5.251201573724576,30.51591218051747,5,20,42310,8.943657859980823,1,0.43805400803390665,0.07654926287984658
exp3,688,0.945611833651613,0.01094524390123719,0.0,0.011267459950724817,4.865823067333562,30.130533674126458,5,20,42335,4.364792455964722,1,0.43755871913961725,0.03991833964771778
exp3,689,0.945692787344325,0.010958948355170195,0.0,0.011267459950724817,2.297012377249692,27.56172298404259,0,20,42355,1.2947059888764776,0,0.45984366919353403,0.010357647911011821
exp3,690,0.9468071768341176,0.009333506701658445,0.0,0.23624245449932615,4.270206854286822,29.53491746107972,5,20,42380,4.527521023935037,1,0.43735324839697237,0.04122016819148029
exp3,691,0.9479214985212693,0.007674477922773093,0.0,0.23624245449932615,4.586484166905144,29.85119477369804,0,20,42400,4.903072217753563,0,0.4600012501282255,0.0392245777420285
exp3,692,0.9487490780026571,0.006506626655707781,0.0,0.23624245449932615,2.3993324654785395,27.664043072271436,0,20,42420,1.5704417165135236,0,0.4597574647775002,0.01256353373210819
exp3,693,0.9494109561085495,0.005671081195088856,0.0,0.23624245449932615,5.371986795058809,30.636697401851706,0,20,42440,8.650884835168775,0,0.45967934326011295,0.0692070786813502
exp3,694,0.949381324754062,0.005573154717484319,0.0,-0.0023757386479345104,4.125955564437452,29.390666171230347,5,20,42465,4.500015288287319,1,0.4377058617585115,0.04100012230629855
exp3,695,0.9503757186884944,0.004372878499613209,0.0,0.4381190747023318,4.832345439203288,30.097056045996183,5,20,42490,3.5990105610278373,1,0.4374404022648198,0.0337920844882227
exp3,696,0.9510918662827912,0.0036909714655581904,0.0,0.4381190747023318,3.5741153713646474,28.838825978157544,0,20,42510,12.43636146458598,0,0.45965135140284274,0.09949089171668785
exp3,697,0.951671614430599,0.003102279238660244,0.0,0.4381190747023318,4.602301436293926,29.867012043086824,0,20,42530,7.51790044992945,0,0.45903263222163204,0.060143203599435605
exp3,698,0.9519933658770356,0.002736068976898487,0.0,0.4381190747023318,2.55663108008409,27.821341686876984,0,20,42550,6.835152106753089,0,0.4586581625569556,0.05468121685402472
exp3,699,0.9522019877203315,0.0025102536855798885,0.0,0.4381190747023318,3.961099317265094,29.22580992405799,0,20,42570,5.310500740478311,0,0.45831746017585445,0.042484005923826486
exp3,700,0.9523467481727921,0.002347663436101821,0.0,0.4381190747023318,5.12712941669773,30.391840023490627,0,20,42590,6.635640910863585,0,0.4580525829800619,0.05308512728690869
exp3,701,0.9523326204765636,0.0023211373712891392,0.0,0.03670515993393688,4.133280420084015,29.39799102687691,5,20,42615,3.984626842047402,1,0.4388106167950682,0.036877014736379214
exp3,702,0.9523434140927124,0.0023562650683836006,0.0,0.00013047554642924112,4.442316954300807,29.707027561093703,5,20,42640,4.355811448243743,1,0.4385723239893376,0.03984649158594994
exp3,703,0.9523271764126782,0.0022116790781101514,0.0,-0.17256559786538536,4.950848986059086,30.21555959285198,5,20,42665,9.453012226235064,1,0.438314733941618,0.08062409780988052
exp3,704,0.9521952787580815,0.0024558405511311276,0.0,-0.44024590610662523,7.4633332572529545,32.72804386404585,5,20,42690,5.565100972796566,1,0.43779332716509406,0.04952080778237253
exp3,705,0.9523569282130299,0.0022437638150935024,0.0,0.24456678020965666,3.206374407418878,28.471085014211774,5,20,42715,3.738834593897722,1,0.43747275422571436,0.03491067675118177
exp3,706,0.9524341378447329,0.002067861049808717,0.0,0.1791896855230592,5.925799825265802,31.190510432058698,5,20,42740,9.063519986288263,1,0.4372466248520851,0.0775081598903061
exp3,707,0.9524147161201284,0.0021334821376672863,0.0,-0.02896924534408,2.812655174975571,28.077365781768467,5,20,42765,1.1185662308226196,1,0.4367444069654078,0.01394852984658096
exp3,708,0.9525576578613071,0.001910687706743075,0.0,0.28453902971918626,3.865468900140613,29.13017950693351,5,20,42790,4.9981082990720465,1,0.4366539362339392,0.04498486639257637
exp3,709,0.9525465591054025,0.001837429797161838,0.0,-0.022371745351834626,7.019403981189001,32.2841145879819,5,20,42815,9.29992535086,1,0.43636213008072255,0.07939940280688
exp3,710,0.9525528948459546,0.001909972109277902,0.0,-0.022371745351834626,6.3498497315024744,31.61456033829537,0,20,42835,8.615550752687891,0,0.46018028423886254,0.06892440602150313
exp3,711,0.9525895429670964,0.0017245748341214728,0.0,0.02583845829943856,3.6747632559057504,28.939473862698648,5,20,42860,4.4083410153088565,1,0.43619866712032407,0.040266728122470855
exp3,712,0.952617235340596,0.0017466451827294893,0.0,0.15259741572319832,5.595223421609596,30.859934028402492,5,20,42885,8.537143896525482,1,0.4359372517938623,0.07329715117220385
exp3,713,0.9526478854915915,0.0016728881931065143,0.0,0.09386911624011252,4.123818087848214,29.38852869464111,5,20,42910,4.352808378837921,1,0.43546120372433483,0.039822467030703364
exp3,714,0.9526099589031913,0.0018427086183199215,0.0,-0.11447338373770712,3.5779197870925445,28.84263039388544,5,20,42935,4.78290881053343,1,0.435202331860682,0.04326327048426744
exp3,715,0.9525522633235562,0.0019231036865776652,0.0,-0.020688407451537015,5.145467169599382,30.410177776392278,5,20,42960,4.393593691979295,1,0.4349209643200833,0.04014874953583436
exp3,716,0.9525228804271255,0.0020156828323769638,0.0,-0.020688407451537015,3.8568153149882285,29.121525921781124,0,20,42980,4.480152253376584,0,0.4610284351494384,0.03584121802701267
exp3,717,0.952516199136835,0.00205480610512232,0.0,-0.020688407451537015,3.5053993610565835,28.77010996784948,0,20,43000,1.394896378097738,0,0.4608061069720221,0.011159171024781905
exp3,718,0.9525662385123475,0.0018321883610431522,0.0,-0.020688407451537015,4.450019374941491,29.714729981734386,0,20,43020,4.762786740782819,0,0.4607368545441482,0.038102293926262555
exp3,719,0.9526471697179488,0.0017858689898392344,0.0,0.14151441361433076,5.153645778808162,30.418356385601058,5,20,43045,8.524970012676846,1,0.4350930724593888,0.07319976010141477
exp3,720,0.9526834169874424,0.0016683496228121486,0.0,0.14151441361433076,3.400692312034257,28.66540291882715,0,20,43065,4.951216626920257,0,0.46089511589166055,0.03960973301536205
exp3,721,0.9526862255087409,0.001803954636642957,0.0,-0.044190052705250706,5.074253220550311,30.338963827343207,5,20,43090,4.033442222582544,1,0.43481855435905503,0.03726753778066035
exp3,722,0.9526862531922571,0.001884451085884975,0.0,-0.04313346653328466,5.602522233570848,30.867232840363744,5,20,43115,9.777557472816728,1,0.4345760124929938,0.08322045978253383
exp3,723,0.9526713699346706,0.00194605990253216,0.0,-0.04313346653328466,3.6567403712423587,28.921450978035253,0,20,43135,4.0734192835687075,0,0.46129950839414835,0.03258735426854966
exp3,724,0.9526631697059972,0.0020261358234042737,0.0,-0.04313346653328466,3.193636460727244,28.45834706752014,0,20,43155,1.6132542808683226,0,0.4610974669825155,0.01290603424694658
exp3,725,0.9526667397936491,0.0020715952774341684,0.0,0.029109481442497857,3.6669114349251437,28.93162204171804,5,20,43180,4.618949515733006,1,0.4342654866032459,0.04195159612586405
exp3,726,0.9526789194318291,0.0020436952787407092,0.0,0.15474192008916834,3.1103807133217867,28.375091320114684,5,20,43205,3.098002444844539,1,0.43399219352810103,0.029784019558756314
exp3,727,0.9526874309689491,0.0020225215931984897,0.0,-0.005621785758163346,2.3099306037770537,27.57464121056995,200,20,43425,1.3765192058030928,2,0.10479713921039521,0.21101215364642475
exp3,728,0.9526797421434033,0.002033440800841224,0.0,-0.005621785758163346,2.6921798362883935,27.95689044308129,0,20,43445,1.3042838429956123,0,0.4624338948633377,0.010434270743964897
exp3,729,0.9526633374776019,0.0020824559363528117,0.0,0.04330310948481098,3.4762777889806538,28.74098839577355,5,20,43470,4.279324283082465,1,0.43481709827433196,0.039234594264659715
exp3,730,0.9527157352919804,0.002095884030968609,0.0,0.11847456070335158,5.333909652560614,30.59862025935351,5,20,43495,9.459779584403204,1,0.43456175474077585,0.08067823667522564
exp3,731,0.952753141104185,0.0020011100058315856,0.0,-0.01630793450035894,6.861452600410059,32.12616320720296,5,20,43520,9.352683782274832,1,0.43403648911730874,0.07982147025819866
exp3,732,0.9527570348689295,0.002142049380750799,0.0,-0.01630793450035894,3.923777839195762,29.188488445988657,0,20,43540,4.219498277768039,0,0.46345171569434457,0.03375598622214431
exp3,733,0.9527177188119781,0.0021282128919608567,0.0,-0.01630793450035894,2.758595442905038,28.023306049697933,0,20,43560,1.3723965513742404,0,0.46324327773666557,0.010979172410993924
exp3,734,0.9526998216634855,0.0019469746860283355,0.0,-0.01630793450035894,5.80102455065819,31.065735157451087,0,20,43580,9.742768185673949,0,0.46317545504137875,0.07794214548539159
exp3,735,0.9526902671080442,0.0020370647401455333,0.0,-0.01630793450035894,4.157765112130008,29.422475718922904,0,20,43600,4.3336945113094725,0,0.4626939404725092,0.03466955609047578
exp3,736,0.9526916481577044,0.0019581393882339704,0.0,-0.01630793450035894,3.607320802211707,28.872031409004602,0,20,43620,4.0762394180958506,0,0.4624795545478805,0.0326099153447668
exp3,737,0.9526932992322457,0.0020649175640954365,0.0,-0.0020873909017290345,4.571022693592952,29.835733300385847,5,20,43645,4.251588814216339,1,0.43448159861728053,0.03901271051373071
exp3,738,0.9525957616422696,0.0020767175080015354,0.0,-0.4718604907659231,9.201040220589135,34.46575082738203,5,20,43670,17.11111447648732,1,0.43422754731691643,0.14188891581189855
exp3,739,0.952592676096614,0.002096853881365046,0.0,-0.020692728499067944,6.278983047383632,31.54369365417653,200,20,43890,9.14799162582329,2,0.10343922444733945,0.2731839330065863
exp3,740,0.9525581019210465,0.001936145268735423,0.0,0.003367320466746306,3.9374072619847484,29.202117868777645,200,20,44110,4.205731959795531,2,0.1008646618956452,0.23364585567836427
exp3,741,0.9525609744636049,0.001937405543761983,0.0,0.013245720372643063,2.42060751770621,27.685318124499105,200,20,44330,1.303318734562791,2,0.09866027132148585,0.21042654987650233
exp3,742,0.9525981518733885,0.002020600898484215,0.0,0.11131875419191498,6.1096407604409055,31.3743513672338,5,20,44355,9.15729861890659,1,0.4365697002564148,0.07825838895125273
exp3,743,0.9526050473257374,0.002107313115487841,0.0,0.11131875419191498,5.981587270965551,31.246297877758447,0,20,44375,9.138441275915145,0,0.4671839964123414,0.07310753020732116
exp3,744,0.9525516256635008,0.001968070100664021,0.0,-0.042252857187452614,4.906156304666591,30.170866911459488,200,20,44595,4.296963373295543,2,0.09682870413793496,0.23437570698636434
exp3,745,0.9525131442526721,0.002007978881002126,0.0,-0.042252857187452614,4.877114870987672,30.141825477780568,0,20,44615,8.72365200922277,0,0.4678776495059835,0.06978921607378216
exp3,746,0.9525048864743864,0.00200389732410422,0.0,0.143850332577264,3.4399864773842004,28.704697084177095,5,20,44640,5.130423548437522,1,0.4378591174174995,0.046043388387500175
exp3,747,0.9525093683312643,0.0018027186479441237,0.0,0.00844602962020387,3.3678336619950886,28.632544268787985,200,20,44860,3.8221284212268016,2,0.09473637402177541,0.2305770273698144
exp3,748,0.9524710191270329,0.0018395580752351703,0.0,0.00844602962020387,2.427098843342435,27.69180945013533,0,20,44880,1.2219548397413909,0,0.46882466182380766,0.009775638717931127
exp3,749,0.9524975540156826,0.0018255946298840753,0.0,0.12810684434993355,3.875386294728371,29.140096901521268,5,20,44905,4.360252955240133,1,0.4386592584138447,0.03988202364192107
exp3,750,0.9524898123450506,0.0017849824420644866,0.0,0.12810684434993355,4.224986328660019,29.489696935452915,0,20,44925,4.111796067958422,0,0.46898400979218563,0.032894368543667375
exp3,751,0.95253426198696,0.0017110715311349223,0.8,0.8643868650551885,3.6438029184725087,28.908513525265406,5,20,44950,4.139508277052082,1,0.4385704899344645,0.03811606621641665
exp3,752,0.9525279725579612,0.0017248819484523281,0.8,0.8643868650551885,4.034574867675267,29.299285474468164,0,20,44970,4.099021799719934,0,0.4689924240504917,0.03279217439775948
exp3,753,0.9525701560186429,0.001687988526809403,0.8,0.8643868650551885,8.72264303417298,33.98735364096588,0,20,44990,15.718254722958294,0,0.4687920620506257,0.12574603778366636
exp3,754,0.9526011884817825,0.001607560426809651,0.8,0.8643868650551885,4.225839812170878,29.490550418963775,0,20,45010,4.295637502777419,0,0.4680235001519972,0.034365100022219354
exp3,755,0.9526751519682485,0.0016555899588927003,0.8,0.8664519798952899,2.664370389941856,27.92908099673475,5,20,45035,1.3944774680679215,1,0.439315576017065,0.01615581974454337
exp3,756,0.9526827754104444,0.001523364663374327,0.8,0.8664519798952899,6.529316868245582,31.794027475038476,0,20,45055,9.049323093238074,0,0.46790171459785884,0.0723945847459046
exp3,757,0.952633983791339,0.001491068154695907,0.8,0.8664519798952899,4.504427678884385,29.76913828567728,0,20,45075,4.025044755616456,0,0.4674584680101085,0.03220035804493165
exp3,758,0.9526229344917093,0.0014788416035919072,0.8,0.8664519798952899,5.213464417484171,30.478175024277068,0,20,45095,4.486368655304043,0,0.46726114405423747,0.03589094924243234
exp3,759,0.9526424788223294,0.0014820716949931478,0.8,0.7546958985880177,3.70271111149644,28.967421718289337,5,20,45120,3.7554939340655573,1,0.43993476888103555,0.03504395147252446
exp3,760,0.9526155366660318,0.001357435024470388,0.8,0.5909482524105492,3.8346136633733665,29.099324270166264,5,20,45145,5.54327503788406,1,0.4397087776935462,0.04934620030307248
exp3,761,0.9525664896695252,0.0013813208433199886,0.8,0.5909482524105492,4.6036909890239235,29.86840159581682,0,20,45165,1.5778009333719394,0,0.4675031278105333,0.012622407466975516
exp3,762,0.9526129221071893,0.0014593573962877748,0.8,0.774440311159398,3.976714787702262,29.24142539449516,5,20,45190,3.9526239526486493,1,0.4394554314547367,0.03662099162118919
exp3,763,0.9526435798977793,0.001492263458764298,0.8,0.8943229777415495,5.562022883010826,30.826733489803722,5,20,45215,4.496770934544366,1,0.4392190670345617,0.04097416747635493
exp3,764,0.9526456431112255,0.0014441903782621557,0.8,0.8943229777415495,5.08981561914346,30.354526225936354,0,20,45235,3.8169165366100137,0,0.46785093203562333,0.030535332292880107
exp3,765,0.9526407789667314,0.0015540564151905745,0.8,0.9572382715204031,3.339332589448036,28.60404319624093,5,20,45260,1.3051568895452335,1,0.4391115789998877,0.015441255116361869
exp3,766,0.9526456298264956,0.0016263050749507624,0.8,0.9572382715204031,5.200865598261313,30.46557620505421,0,20,45280,3.7317726961784023,0,0.46774858140987274,0.029854181569427218
exp3,767,0.9526473743747659,0.001850193960491131,0.8,0.9572382715204031,4.976114499686651,30.240825106479548,0,20,45300,5.915634162395935,0,0.4675657358552784,0.04732507329916748
exp3,768,0.952665160017518,0.001913620143265904,0.8,0.9253092771379862,4.403991004883346,29.66870161167624,5,20,45325,4.493660482677359,1,0.4394090199840048,0.04094928386141887
exp3,769,0.9526680549716616,0.002423548158273614,0.8,0.9253092771379862,3.701341067182276,28.966051673975173,0,20,45345,4.629919201864894,0,0.46750002821511993,0.037039353614919154
exp3,770,0.952693890812317,0.0031463657930312916,0.8,0.9253092771379862,4.100289453017178,29.36500005981007,0,20,45365,4.52066405171625,0,0.467273069652208,0.03616531241373
exp3,771,0.9526978234100426,0.0036790675152380548,0.8,0.9253092771379862,3.8154149668738704,29.080125573666766,0,20,45385,4.681170298222824,0,0.46705137062977137,0.03744936238578259
exp3,772,0.9527046942160449,0.004355565073776324,0.8,0.9253092771379862,2.645516013513414,27.91022662030631,0,20,45405,1.750990011985089,0,0.4668217032839444,0.01400792009588071
exp3,773,0.9527024748365914,0.004139568708365182,0.8,0.766290246940738,5.364349232473472,30.629059839266368,5,20,45430,4.440585689701584,1,0.4397866117737731,0.04052468551761267
exp3,774,0.9527063174606588,0.00411766795302948,0.8,0.7823407629046606,4.498279066997444,29.76298967379034,200,20,45650,4.522141837603228,2,0.09351737838334997,0.23617713470082582
exp3,775,0.9527827995712839,0.004133423738394981,0.8,0.7915238134171657,5.084459881962515,30.349170488755412,200,20,45870,4.645131170177386,2,0.0912968207639737,0.23716104936141907
exp3,776,0.9528058770769801,0.004085262576291493,0.8,0.7915238134171657,4.691601396994494,29.95631200378739,0,20,45890,4.380212786232333,0,0.4692500598754351,0.03504170228985866
exp3,777,0.9527829514444935,0.004003317445043564,0.8,0.7915238134171657,6.589095396464198,31.853806003257095,0,20,45910,9.399477643773865,0,0.46903605910148993,0.07519582115019093
exp3,778,0.9528137124557721,0.003854464944089142,0.8,0.7527737162707862,4.33055708636269,29.595267693155584,5,20,45935,4.006115388887114,1,0.4422505528330499,0.03704892311109691
exp3,779,0.9527871645804489,0.0039047151930347024,0.8,0.8374782811042586,4.0297814187333785,29.294492025526274,5,20,45960,4.270640053692412,1,0.44201262921546697,0.03916512042953929
exp3,780,0.952818147802903,0.004154804345020691,0.8,0.8374782811042586,3.6035110909749566,28.86822169776785,0,20,45980,4.402320283244003,0,0.46899537083349135,0.035218562265952026
exp3,781,0.9528335535643256,0.004362512575552757,0.8,0.8374782811042586,2.526687237939965,27.79139784473286,0,20,46000,1.4257654422880868,0,0.46878018503054053,0.011406123538304693
exp3,782,0.9528415055025546,0.005273017938859592,0.8,0.9461244546250402,6.408545599007833,31.67325620580073,5,20,46025,8.761019057880846,1,0.4420024775714091,0.07508815246304677
exp3,783,0.9529186388583486,0.00611450422737303,0.8,0.9183960984032437,4.432280434837358,29.696991041630255,5,20,46050,4.282885691193043,1,0.44152008112758573,0.03926308552954434
exp3,784,0.9529634416622645,0.006800243598819478,0.8,0.9189846105827891,3.6335239128820738,28.89823451967497,5,20,46075,4.408727032442691,1,0.4412676060704908,0.04026981625954153
exp3,785,0.9529484550944868,0.007444480455364388,0.8,0.9189846105827891,3.6068327057357052,28.8715433125286,0,20,46095,4.1514211418575915,0,0.4695604398993661,0.03321136913486073
exp3,786,0.9529651845975313,0.008237517707384567,0.8,0.9189846105827891,5.430525724127468,30.695236330920363,0,20,46115,8.982790275233578,0,0.4693577374216004,0.07186232220186863
exp3,787,0.9529674858213268,0.008319414938107283,0.8,0.8170703339512627,4.12096943493448,29.385680041727376,5,20,46140,4.49907366176683,1,0.4415518602403164,0.04099258929413464
exp3,788,0.9529514140928741,0.008340271029827928,0.8,0.8170703339512627,5.450324867939656,30.715035474732552,0,20,46160,9.474710443509784,0,0.46914428955905646,0.07579768354807827
exp3,789,0.9529995299610173,0.008452268751357295,0.8,0.8170703339512627,3.383382025380507,28.6480926321734,0,20,46180,4.792963095495145,0,0.4686813094021104,0.038343704763961164
exp3,790,0.9530307188998994,0.008582072987165734,0.8,0.8170703339512627,3.3580067795036435,28.62271738629654,0,20,46200,4.317154690773907,0,0.4684468885277277,0.034537237526191256
exp3,791,0.9530464223167672,0.008591089676619146,0.8,0.8133370433687775,2.9773305827999255,28.242041189592822,200,20,46420,1.255203337732652,2,0.08970658646611482,0.21004162670186122
exp3,792,0.9530024720372339,0.008522585215711032,0.8,0.8133370433687775,4.324394707608362,29.58910531440126,0,20,46440,4.431606504286281,0,0.46925108518162595,0.035452852034290244
exp3,793,0.9530143155520064,0.008607463751605926,0.8,0.8057556127223209,7.143660955974496,32.40837156276739,200,20,46660,9.924961950155438,2,0.08776633933475768,0.2793996956012435
exp3,794,0.9530161022998409,0.009312296968359335,0.8,0.9274664241794964,4.157400424860274,29.42211103165317,5,20,46685,3.653805315331456,1,0.44446596744005246,0.034230442522651644
exp3,795,0.9530454262622823,0.00993611706853248,0.8,0.9274664241794964,3.9230518061536785,29.187762412946576,0,20,46705,4.114266119380643,0,0.47056613177392187,0.03291412895504514
exp3,796,0.9530513361940132,0.006259791750847232,0.8,0.14241010861686396,3.7325818920903684,28.997292498883265,5,20,46730,10.184877312285881,1,0.4444184700137725,0.08647901849828706
exp3,797,0.9530417478897154,0.005961137626712798,0.8,0.738723976207433,4.925123045344715,30.18983365213761,5,20,46755,4.41606018626905,1,0.4438653292448234,0.0403284814901524
exp3,798,0.9530452631763305,0.005574057658518927,0.8,0.738723976207433,6.60740012176056,31.872110728553455,0,20,46775,9.833928584782813,0,0.47106515813940514,0.0786714286782625
exp3,799,0.9530120826816721,0.006706361396192295,0.8,0.9958995265668172,4.525451093953872,29.79016170074677,5,20,46800,5.159940615227209,1,0.44401628620739014,0.04627952492181767
exp3,800,0.9530388337047704,0.007753698826188926,0.8,0.9958995265668172,3.881144063281287,29.145854670074183,0,20,46820,4.5795881869081265,0,0.470841735933057,0.03663670549526501
exp3,801,0.9530108661643792,0.006914930076357462,0.8,0.6506963189126437,3.450137372408929,28.714847979201824,5,20,46845,4.9555454833931245,1,0.44391064438919675,0.044644363867144994
exp3,802,0.9530044711503576,0.007089001846616871,0.8,0.848886345859609,4.356858455812182,29.621569062605076,5,20,46870,4.491676294672527,1,0.4436248081167505,0.04093341035738022
exp3,803,0.9530705163639919,0.007573900121555677,0.8,0.8789266822139636,4.180792377582338,29.445502984375235,5,20,46895,4.43087614625904,1,0.44336259393457983,0.040447009170072316
exp3,804,0.9530834340075786,0.007901962377158123,0.8,0.8789266822139636,11.102845491171486,36.36755609796438,0,20,46915,27.462728016967123,0,0.47131439356151444,0.219701824135737
exp3,805,0.9530904121768805,0.008552178548033806,0.8,0.9251338425866465,5.345633542312724,30.61034414910562,5,20,46940,4.135119037761019,1,0.4442446632102259,0.03808095230208815
exp3,806,0.9531494622637999,0.009178569280348103,0.8,0.9251338425866465,3.2133845872999984,28.478095194092894,0,20,46960,2.133865852538486,0,0.4701879614156675,0.017070926820307888
exp3,807,0.9531320552161264,0.00974783995070072,0.8,0.9251338425866465,3.4019654570410545,28.66667606383395,0,20,46980,4.41873775299714,0,0.47008389493945557,0.03534990202397712
exp3,808,0.9531246692933831,0.010271805552571012,0.8,0.9251338425866465,3.555056715113552,28.819767321906447,0,20,47000,3.87280703656046,0,0.4698683569971031,0.030982456292483678
exp3,809,0.9531292327835607,0.011225324103335543,0.8,0.9673276381152511,2.814443375665815,28.07915398245871,5,20,47025,1.4871170433266077,1,0.4444353127153533,0.01689693634661286
exp3,810,0.9531394625105934,0.012047427081706696,0.8,0.9673276381152511,3.379839030113361,28.644549636906255,0,20,47045,3.979133674895089,0,0.46977241887787713,0.03183306939916071
exp3,811,0.9530957252231542,0.012983098203832255,0.8,0.9673276381152511,3.211195816626512,28.47590642341941,0,20,47065,1.1905157351205256,0,0.46957820752878193,0.009524125880964204
exp3,812,0.9531239604609114,0.012671270612583996,0.8,0.7661536666546163,5.253442982121471,30.518153588914366,5,20,47090,10.000042273909166,1,0.4445427030697868,0.08500033819127333
exp3,813,0.9531346855274538,0.013506513239646911,0.8,0.9644442840881814,3.561844539450475,28.826555146243372,5,20,47115,4.124046659343616,1,0.44399914183985006,0.03799237327474893
exp3,814,0.9531182171466647,0.014556226438603215,0.8,0.9644442840881814,5.414295156046002,30.679005762838898,0,20,47135,9.298659287967027,0,0.4701973076337095,0.07438927430373622
exp3,815,0.9531475615588776,0.014550407710777757,0.8,0.8002162950749911,6.326360481010896,31.59107108780379,5,20,47160,9.637245662543707,1,0.44414295834551526,0.08209796530034966
exp3,816,0.9531755460266171,0.014332038538337866,0.8,0.8002162950749911,4.399662586270504,29.6643731930634,0,20,47180,3.866325934483234,0,0.47019596203898345,0.030930607475865873
exp3,817,0.9531821728499638,0.013193137659530785,0.8,0.5980292571938264,4.480184968569815,29.744895575362712,5,20,47205,4.124710446812823,1,0.44377845003230204,0.037997683574502575
exp3,818,0.9531713401691849,0.013146846615847085,0.8,0.786747625735126,6.525100546845301,31.789811153638198,5,20,47230,9.410414618155558,1,0.44353510858836587,0.08028331694524446
exp3,819,0.9531630996512741,0.013061228217501775,0.8,0.786747625735126,9.150308119881409,34.415018726674305,0,20,47250,16.259646705883647,0,0.47065935589253266,0.13007717364706917
exp3,820,0.9531621071375422,0.01285876325285229,0.8,0.786747625735126,4.2373780840433675,29.502088690836263,0,20,47270,4.340365676158242,0,0.4698671630322256,0.03472292540926593
exp3,821,0.9531056981764929,0.012675003052800449,0.8,0.786747625735126,3.9848313844486407,29.249541991241536,0,20,47290,4.348114429428018,0,0.4696553597691299,0.03478491543542415
exp3,822,0.9530781513581649,0.012523052559505476,0.8,0.786747625735126,6.328116388276951,31.592826995069846,0,20,47310,9.225588523217004,0,0.46944309215784175,0.07380470818573603
exp3,823,0.9530394882140226,0.01243597530622742,0.8,0.786747625735126,4.024762885334074,29.28947349212697,0,20,47330,4.274290022477079,0,0.4689925426307376,0.03419432017981663
exp3,824,0.9530470517298427,0.012279610415395714,0.8,0.786747625735126,3.657807840874562,28.922518447667457,0,20,47350,4.423542707213574,0,0.4687836136844761,0.03538834165770859
exp3,825,0.9530261547269269,0.013146085285899667,0.8,0.9903810966580912,4.041998914634997,29.30670952142789,5,20,47375,3.549849824833664,1,0.44480491174805564,0.03339879859866931
exp3,826,0.9530519377460523,0.014229566166376606,0.8,0.9903810966580912,5.0658651783839,30.330575785176798,0,20,47395,9.20147956036974,0,0.46875077853910985,0.07361183648295792
exp3,827,0.9530374252549694,0.011200934769885373,0.8,0.26963933861089145,6.442061515172262,31.70677212196516,5,20,47420,12.20380575741144,1,0.4449751101873218,0.10263044605929153
exp3,828,0.9529963039235682,0.008277620489333892,0.8,0.26963933861089145,3.929479117239894,29.19418972403279,0,20,47440,5.159280731402215,0,0.46886423230653124,0.04127424585121772
exp3,829,0.9529562137353769,0.007549887714166981,0.8,0.6547055330971815,6.336668530645187,31.601379137438084,5,20,47465,10.209755700586513,1,0.44453434587165513,0.08667804560469211
exp3,830,0.9529648778063323,0.0065831951259781585,0.8,0.6547055330971815,4.573699662675375,29.83841026946827,0,20,47485,4.192743532020051,0,0.4690881514821812,0.03354194825616041
exp3,831,0.9529902369734774,0.005770184439410797,0.8,0.6547055330971815,4.6538497122698335,29.918560319062728,0,20,47505,9.344453882828025,0,0.4688832459985962,0.0747556310626242
exp3,832,0.9530053038312183,0.005006021916961756,0.8,0.6547055330971815,3.9327848172115463,29.197495424004444,0,20,47525,4.327386112821416,0,0.468426402275159,0.03461908890257133
exp3,833,0.9530028064512176,0.00421281313219013,0.8,0.6547055330971815,4.060955188714668,29.325665795507565,0,20,47545,4.777146138308561,0,0.46821464870107027,0.03821716910646849
exp3,834,0.9529590309775339,0.0052775861012891445,0.8,1.0000226958608165,4.913993613017364,30.17870421981026,5,20,47570,3.892446007309087,1,0.44492359428881495,0.036139568058472696
exp3,835,0.9529244622509253,0.006496673389128738,0.8,1.0000226958608165,4.308641064593645,29.57335167138654,0,20,47590,7.822076414988725,0,0.4681790705341785,0.0625766113199098
exp3,836,0.9529262539045099,0.007589820818402648,0.8,1.0000226958608165,6.236357384750252,31.50106799154315,0,20,47610,8.976937289444178,0,0.4677961362824699,0.07181549831555342
exp3,837,0.9529101082216433,0.008740205963577496,0.8,1.0000226958608165,3.274100280158362,28.538810886951257,0,20,47630,1.3245838953553122,0,0.46735634641012125,0.010596671162842497
exp3,838,0.9529328310502293,0.009796257359542149,0.8,1.0000226958608165,2.3825430544294974,27.647253661222393,0,20,47650,1.4261089206180364,0,0.46729139630378674,0.011408871364944291
exp3,839,0.9529609343370568,0.009781112594150931,0.8,0.7965667369446553,3.6935928596829655,28.95830346647586,5,20,47675,4.049953390538463,1,0.4455084662789802,0.03739962712430771
exp3,840,0.9529814457901971,0.010611703936975303,0.8,0.9345209546345136,3.641135067031691,28.905845673824587,5,20,47700,3.7988910433423655,1,0.4452697069009816,0.03539112834673892
exp3,841,0.9530122271959642,0.011400068050140266,0.8,0.9345209546345136,4.9540352727078965,30.218745879500794,0,20,47720,9.226051619937275,0,0.4676202557932663,0.0738084129594982
exp3,842,0.9530394153647901,0.010896238802019398,0.8,0.7157303777736146,3.000111066908143,28.26482167370104,5,20,47745,1.3724368095455248,1,0.4454287633364867,0.0159794944763642
exp3,843,0.9530444029813244,0.011115577979153302,0.8,0.8813008702633023,4.846952372830174,30.11166297962307,5,20,47770,8.562510940017706,1,0.445326732409837,0.07350008752014166
exp3,844,0.9530445524563715,0.011189488227084543,0.8,0.8069377689966947,4.5342195668144605,29.798930173607356,200,20,47990,8.799387596647094,2,0.08748439195689742,0.27039510077317674
exp3,845,0.953026388074357,0.011033622755370787,0.8,0.8069377689966947,4.979699663452946,30.244410270245844,0,20,48010,4.332939777893597,0,0.46895374936405637,0.034663518223148775
exp3,846,0.9530042847382221,0.011124474228558556,0.8,0.8069377689966947,3.7294299064192247,28.99414051321212,0,20,48030,3.951367957223091,0,0.4687419379256852,0.03161094365778473
exp3,847,0.9530044713801575,0.011108839764795597,0.8,0.7960333529576139,4.209823597746609,29.474534204539506,200,20,48250,3.840540805652802,2,0.085016501827717,0.23072432644522242
exp3,848,0.9529981879505404,0.011127024311836653,0.8,0.7962612778579169,3.0413004606030576,28.306011067395954,200,20,48470,1.4042505189511425,2,0.08286092814351452,0.21123400415160914
exp3,849,0.9529701158062905,0.010781375613592159,0.8,0.7740508625584498,4.53059165930509,29.795302266097984,5,20,48495,4.465023377225498,1,0.4484470643938121,0.040720187017803985
exp3,850,0.9529945286578136,0.010667927360812901,0.8,0.7740508625584498,3.981948374511281,29.246658981304176,0,20,48515,4.262585174218105,0,0.4708881495180995,0.03410068139374484
exp3,851,0.9529513383706482,0.010490740804800391,0.8,0.7740508625584498,2.434328450484615,27.69903905727751,0,20,48535,1.2356256573832274,0,0.47068054929440456,0.00988500525906582
exp3,852,0.9530309020188538,0.01042829853796512,0.8,0.7740508625584498,4.824365983931381,30.089076590724275,0,20,48555,4.240850389116278,0,0.47062034583004825,0.03392680311293022
exp3,853,0.9530348688908509,0.010160300455656968,0.8,0.7740508625584498,3.9297633102970977,29.194473917089994,0,20,48575,4.049461012459713,0,0.4704136977661011,0.0323956880996777
exp3,854,0.9530201024714805,0.00787428707718596,0.8,0.42062842400155637,4.459991917545655,29.72470252433855,5,20,48600,5.182100020668339,1,0.44876859920464934,0.046456800165346715
exp3,855,0.9530445711551874,0.005604354246498078,0.8,0.42062842400155637,7.722002577544295,32.98671318433719,0,20,48620,10.993499618932313,0,0.47047248745137143,0.08794799695145851
exp3,856,0.9530880600852812,0.006478578978615146,0.8,0.9653385365334552,2.6953359510637305,27.960046557856625,5,20,48645,1.8811411209421132,1,0.44893635530593334,0.020049128967536904
exp3,857,0.9530852942483352,0.006982625228491912,0.8,0.9086729567343195,3.3565069197648465,28.621217526557743,5,20,48670,3.977275209903383,1,0.44880915845166114,0.036818201679227065
exp3,858,0.9530954432377188,0.0071453902750525655,0.8,0.8154616024088112,3.1314804149795896,28.396191021772484,5,20,48695,1.3685729673297617,1,0.4485755246315213,0.015948583738638094
exp3,859,0.9530923483238921,0.0079003537403044,0.8,0.914332176285984,4.884864204650438,30.149574811443333,5,20,48720,4.172648644149428,1,0.4484742751696363,0.038381189153195425
exp3,860,0.9531223437224478,0.009274029102822157,0.8,1.0503205095855128,3.681852648775063,28.94656325556796,5,20,48745,4.064473017441075,1,0.4482305741197855,0.037515784139528593
exp3,861,0.953125157605741,0.0106120833941723,0.8,1.0503205095855128,4.187781943098288,29.452492549891183,0,20,48765,3.9520664279072033,0,0.4707568278410729,0.03161653142325763
exp3,862,0.9530983070237007,0.011939737106243964,0.8,1.0503205095855128,4.647961042455811,29.912671649248708,0,20,48785,4.657637204936423,0,0.47056430187738324,0.03726109763949138
exp3,863,0.9531327133916826,0.012493884921807696,0.8,0.8774109842572191,2.455637377753945,27.72034798454684,5,20,48810,1.425490698869906,1,0.448354220595158,0.01640392559095925
exp3,864,0.9531713429246896,0.012443545621324992,0.8,0.7590377453280159,6.246604821249683,31.51131542804258,200,20,49030,9.820482549159435,2,0.081322155209391,0.2785638603932755
exp3,865,0.9531424044266488,0.01219888222956711,0.8,0.7590377453280159,2.501409127532602,27.7661197343255,0,20,49050,1.396906928717936,0,0.47175195532017056,0.01117525542974349
exp3,866,0.9531923623783154,0.01193653787498583,0.8,0.7590377453280159,5.612046312249839,30.876756919042734,0,20,49070,9.316672242020367,0,0.47168403402440506,0.07453337793616294
exp3,867,0.9532074064864727,0.011695772242951485,0.8,0.7590377453280159,2.3707377982527706,27.635448405045665,0,20,49090,1.3264206108890166,0,0.471230990520489,0.010611364887112134
exp3,868,0.9532010040752037,0.011472312514443472,0.8,0.7590377453280159,3.694061831288372,28.95877243808127,0,20,49110,4.328476166958674,0,0.471166431682931,0.03462780933566939
exp3,869,0.9532109372164487,0.011347414244977205,0.8,0.7590377453280159,4.096615726020845,29.36132633281374,0,20,49130,3.9466863784200035,0,0.47095573526221396,0.031573491027360026
exp3,870,0.9532312302021195,0.01122287698891633,0.8,0.8155362892372023,4.86133460332023,30.126045210113126,200,20,49350,3.8620395099138936,2,0.07886883908939707,0.23089631607931116
exp3,871,0.9531995166125462,0.011024604103811786,0.8,0.7668553301622212,3.4531355156496057,28.717846122442502,200,20,49570,4.421392826419845,2,0.07672716882376668,0.23537114261135877
exp3,872,0.9531647527176197,0.010766942657265743,0.8,0.7668553301622212,2.6198883783962783,27.884598985189175,0,20,49590,1.3310937672133978,0,0.4729713368886718,0.010648750137707181
exp3,873,0.9531662148214284,0.010747420765445881,0.8,0.8088992915271254,3.7712996256814217,29.036010232474318,5,20,49615,4.223895850641129,1,0.45253380236822205,0.03879116680512903
exp3,874,0.9531911462974941,0.010604981539151126,0.8,0.7863137357021053,4.176444614411336,29.441155221204234,5,20,49640,3.9576214012356266,1,0.4522893321069898,0.03666097120988501
exp3,875,0.9531301787908313,0.01042117142206389,0.8,0.7863137357021053,4.329975449731855,29.59468605652475,0,20,49660,4.546648396653707,0,0.47332549142774116,0.036373187173229654
exp3,876,0.9531383340046984,0.010474439926636991,0.8,0.7863137357021053,2.3717116397255182,27.636422246518414,0,20,49680,1.4012094295316175,0,0.4731050949658706,0.01120967543625294
exp3,877,0.9532049036918983,0.0103874260192659,0.8,0.7863137357021053,6.66312142973879,31.927832036531687,0,20,49700,10.193543748106194,0,0.47303714217536613,0.08154834998484956
exp3,878,0.9532205815855931,0.010150450159865154,0.8,0.8068938483319914,4.372965069174852,29.63767567596775,200,20,49920,4.397337463502081,2,0.0747139234642112,0.23517869970801666
exp3,879,0.9531767099330852,0.010880341803064408,0.8,0.9383001377262877,5.006117661255261,30.270828268048156,5,20,49945,3.906947791800202,1,0.4538030278484923,0.03625558233440161
exp3,880,0.9531461502853621,0.010282675187744617,0.8,0.7142942006116328,3.372742936062284,28.63745354285518,5,20,49970,5.098821514027789,1,0.4535750730098539,0.04579057211222231
exp3,881,0.9531659004625234,0.01017472666315622,0.8,0.7821226816632566,6.555265972471169,31.819976579264065,5,20,49995,9.149916733474688,1,0.4532870488607008,0.07819933386779751
exp3,882,0.9531502678141758,0.010890033479406425,0.8,0.9425232078441815,5.739204863442851,31.003915470235746,5,20,50020,8.886021894938581,1,0.4527949279462019,0.07608817515950865
exp3,883,0.9531488164686113,0.015379015104753146,0.8,1.6046389125829363,6.365409387718704,31.6301199945116,5,20,50045,9.195512531128335,1,0.45231565568730564,0.07856410024902669
exp3,884,0.9531819820657486,0.02007725079530054,0.8,1.6046389125829363,2.5772744753493475,27.841985082142244,0,20,50065,15.397420376383057,0,0.4754026108768944,0.12317936301106444
exp3,885,0.9532072657328079,0.02087314318815181,0.8,0.9407641480955923,3.804102209128318,29.068812815921213,5,20,50090,4.21486867134157,1,0.4524733634590025,0.03871894937073256
exp3,886,0.9531890438876789,0.02164976027139598,0.8,0.9407641480955923,4.078317528082389,29.343028134875283,0,20,50110,6.5230082653542265,0,0.4748748986837071,0.052184066122833814
exp3,887,0.9531526723565433,0.022682701238731506,0.8,1.0068004828340376,4.581316438279381,29.846027045072276,5,20,50135,7.611731993192878,1,0.4525062240286999,0.06589385594554302
exp3,888,0.9531638116092567,0.02376652038988003,0.8,1.0068004828340376,4.0935845969469655,29.35829520373986,0,20,50155,4.259380173224552,0,0.47492654691992336,0.034075041385796416
exp3,889,0.9531997143086556,0.024959098387100198,0.8,1.0068004828340376,4.545316991273006,29.8100275980659,0,20,50175,3.6095970200463428,0,0.47472071456811177,0.028876776160370744
exp3,890,0.953134990011296,0.026044221793421474,0.8,1.009346981082048,2.552978020989466,27.817688627782363,5,20,50200,3.298679946340399,1,0.45242493868007144,0.03138943957072319
exp3,891,0.9531094357696194,0.02583362747656892,0.8,0.7596325297808427,3.6543120470195793,28.919022653812476,200,20,50420,4.717753059648182,2,0.07305193545199674,0.23774202447718545
exp3,892,0.9531001714662751,0.025528080632232997,0.8,0.7596325297808427,5.276000396899475,30.540711003692373,0,20,50440,4.610143915734371,0,0.4758401040321194,0.03688115132587497
exp3,893,0.9531732359994949,0.02540790593051745,0.8,0.7878741375408299,4.739917715249815,30.004628322042713,5,20,50465,4.138402413258595,1,0.45348798036788257,0.03810721930606876
exp3,894,0.9532286497089996,0.02344633019091258,0.8,0.45499532300618106,3.547654269619934,28.81236487641283,5,20,50490,5.694123051575156,1,0.4532482440302911,0.050552984412601254
exp3,895,0.9532376782997274,0.0213648171577151,0.8,0.45499532300618106,4.0131411324064254,29.27785173919932,0,20,50510,5.164777390223297,0,0.4761126732964489,0.041318219121786376
exp3,896,0.9532465629274433,0.01944399076432901,0.8,0.45499532300618106,5.950037360723134,31.21474796751603,0,20,50530,10.879948031650786,0,0.4758636633175938,0.08703958425320628
exp3,897,0.9532704229031905,0.017781577661977743,0.8,0.5153782277732034,3.985813466072071,29.250524072864966,5,20,50555,4.705082592402402,1,0.45361252328248947,0.04264066073921921
exp3,898,0.9532702137660686,0.016137238787682584,0.8,0.5153782277732034,4.650865019189856,29.915575625982754,0,20,50575,5.005976175830214,0,0.47557671071325475,0.04004780940664171
exp3,899,0.9532312223579318,0.016315335359876948,0.8,0.8381573415905913,4.257824405732134,29.52253501252503,5,20,50600,4.686072069316755,1,0.45355738221735087,0.042488576554534044
exp3,900,0.9532371506824221,0.015472800906666806,0.8,0.6443311574631745,2.842006380338483,28.106716987131378,5,20,50625,1.5401058423594627,1,0.4532901179872501,0.0173208467388757
exp3,901,0.9532394086113052,0.014565110405030501,0.8,0.6443311574631745,3.5788712919870984,28.843581898779995,0,20,50645,4.575940433724696,0,0.47566876409183134,0.03660752346979757
exp3,902,0.9532133480250168,0.014623635843885707,0.8,0.8049157670012956,4.971813252513767,30.236523859306665,200,20,50865,4.554005580862819,2,0.07117625932630903,0.23643204464690254
exp3,903,0.9532107973901016,0.014684650846815472,0.8,0.7873811340647578,3.4078153360979337,28.67252594289083,5,20,50890,4.353776039901661,1,0.45443149985857834,0.03983020831921329
exp3,904,0.9532297795711479,0.01441633806861864,0.8,0.7367129622864744,2.3473870512622006,27.612097658055095,5,20,50915,1.318787356374125,1,0.45418136254059543,0.015550298850992999
exp3,905,0.9532628123109252,0.014020995204623521,0.8,0.7367129622864744,4.723932666746527,29.988643273539424,0,20,50935,4.742423102349936,0,0.4768662273893254,0.037939384818799486
exp3,906,0.9532479366963628,0.013860775532311687,0.8,0.7715765175833208,5.698838911038443,30.96354951783134,5,20,50960,4.540446133216813,1,0.4542858455589611,0.0413235690657345
exp3,907,0.953246405926038,0.011511471402228968,0.8,0.40586475005397993,3.3817784337324572,28.646489040525353,5,20,50985,6.035912249887564,1,0.45402626005716684,0.053287297999100515
exp3,908,0.9532710228027435,0.009406805777382399,0.8,0.40586475005397993,4.65936679085654,29.924077397649434,0,20,51005,1.1430110846513997,0,0.4771672880892895,0.009144088677211197
exp3,909,0.9532383792631539,0.00698816783846512,0.8,0.40586475005397993,4.185350298838012,29.450060905630906,0,20,51025,5.485351265893121,0,0.47711229223154583,0.04388281012714497
exp3,910,0.9531990877233489,0.004695472674611789,0.8,0.40586475005397993,3.6637372025639974,28.928447809356893,0,20,51045,5.393852360234398,0,0.4768483408757271,0.04315081888187518
exp3,911,0.9531612794805288,0.0024901587067963638,0.8,0.40586475005397993,3.6209603251981246,28.885670931991022,0,20,51065,5.40260210945142,0,0.4765886587854635,0.04322081687561136
exp3,912,0.9531942561723042,0.003088435679449608,0.8,0.8577873362555856,3.9121737547589555,29.176884361551853,5,20,51090,4.381819951311423,1,0.4544340324678909,0.04005455961049138
exp3,913,0.9532379323795935,0.00348925810200329,0.8,0.8577873362555856,4.539419974503117,29.804130581296015,0,20,51110,4.647911466290971,0,0.4765523337503025,0.037183291730327764
exp3,914,0.9532248441704338,0.003811907559136185,0.8,0.8577873362555856,2.574199717356497,27.838910324149392,0,20,51130,1.3633460758972853,0,0.4763284346759261,0.010906768607178282
exp3,915,0.9532434562586926,0.004107535050974498,0.8,0.8577873362555856,4.5847655334852515,29.84947614027815,0,20,51150,4.380774871684761,0,0.47626273017989085,0.03504619897347809
exp3,916,0.953280566491427,0.004095995305098521,0.8,0.8224465779340466,3.749035449095379,29.013746055888276,5,20,51175,4.265558639087497,1,0.45462576393860277,0.039124469112699976
exp3,917,0.9533182403739866,0.004318531137926462,0.8,0.8224465779340466,2.027510271383174,27.29222087817607,0,20,51195,1.1449538653010953,0,0.4762701633326595,0.009159630922408762
exp3,918,0.9532976072868743,0.0011640895596117806,0.8,0.18497000041922093,3.997453782460119,29.262164389253016,5,20,51220,9.851140374020295,1,0.45442899283669247,0.08380912299216237
exp3,919,0.9532674429874624,0.0012836633072232928,0.8,0.7469350298714281,3.5991142219782373,28.863824828771133,5,20,51245,4.093714170853385,1,0.4539026866036841,0.03774971336682708
exp3,920,0.9532529266129217,0.0016137814727283928,0.8,1.0375129855602796,3.8590144442563776,29.123725051049274,5,20,51270,8.029053678222974,1,0.45366538174537563,0.0692324294257838
exp3,921,0.9532705002084649,0.001377193526898357,0.8,0.5997686286816,3.742435402796959,29.007146009589853,5,20,51295,4.703010984129828,1,0.4532299917290173,0.042624087873038626
exp3,922,0.9533129672006191,0.002021508622376822,0.8,1.043950802733511,2.5261068104909077,27.790817417283805,5,20,51320,2.4254545153463107,1,0.4529617125148052,0.024403636122770484
exp3,923,0.9533243237404272,0.002046039057409188,0.8,0.816589245287661,2.6728731285775615,27.937583735370456,200,20,51540,1.2027141590851456,2,0.06953447715155701,0.20962171327268114
exp3,924,0.9533074612144875,0.0019037629100114861,0.8,0.7866353095667691,8.366678388303301,33.631388995096195,5,20,51565,15.97146351448565,1,0.45373982553120856,0.1327717081158852
exp3,925,0.953300981712456,0.0018412291143957704,0.8,0.7866353095667691,2.4421875259838632,27.706898132776757,0,20,51585,1.029620222538333,0,0.47938759591294905,0.008236961780306664
exp3,926,0.9533404000294894,0.001897286525263997,0.8,0.8211554148252986,3.4854019180622737,28.75011252485517,200,20,51805,4.3206230971164965,2,0.0677129206758311,0.23456498477693194
exp3,927,0.9533310896070659,0.0021195901955441965,0.8,0.8487472364846178,5.849179886177615,31.113890492970512,5,20,51830,8.839685344479712,1,0.45398348654959486,0.0757174827558377
exp3,928,0.9533631904920361,0.002497381002981358,0.8,0.8487472364846178,3.264848314060284,28.52955892085318,0,20,51850,4.325855768933654,0,0.48086184332472126,0.03460684615146924
exp3,929,0.9533665067971605,0.0028067054600349195,0.8,0.8487472364846178,5.515547489922853,30.780258096715748,0,20,51870,4.572212701661659,0,0.48065520723015903,0.036577701613293274
exp3,930,0.9533463601039994,0.0030487771027432053,0.8,0.8487472364846178,5.2539672880569075,30.5186778948498,0,20,51890,9.336367165524377,0,0.480436714698099,0.07469093732419502
exp3,931,0.9533995082028536,0.003256227560352043,0.8,0.7947037582624111,6.2670256714872785,31.531736278280174,200,20,52110,9.687823689184961,2,0.0657250628619378,0.27750258951347967
exp3,932,0.9533972381482158,0.0031511742521502795,0.8,0.7831982767356932,4.860376820977577,30.125087427770474,5,20,52135,9.306726831008886,1,0.4554994446458894,0.0794538146480711
exp3,933,0.9534169129768826,0.002942513877838282,0.8,0.7649585946753303,7.060912486831448,32.325623093624344,200,20,52355,9.598065071103017,2,0.06327377617615758,0.27678452056882413
exp3,934,0.9534395007096514,0.004700791665617987,0.8,1.1218680207061869,2.4218394988477643,27.68655010564066,5,20,52380,1.549485604218994,1,0.4562036389193931,0.01739588483375195
exp3,935,0.9534847733383114,0.006474595930678895,0.8,1.1218680207061869,3.6319058087431966,28.896616415536094,0,20,52400,3.85511940471653,0,0.48309806751787027,0.030840955237732236
exp3,936,0.9535177158726033,0.006249920371490192,0.8,0.750812355360146,4.659788169549946,29.924498776342844,5,20,52425,4.430767303844831,1,0.45625991062243976,0.04044613843075865
exp3,937,0.9535101446974135,0.005975395274494311,0.8,0.750812355360146,4.727421132387264,29.99213173918016,0,20,52445,4.467077037711286,0,0.48314405720082254,0.03573661630169029
exp3,938,0.9534887328719659,0.00693136256561433,0.8,0.984603861071762,2.6821178895046183,27.946828496297513,5,20,52470,2.3869353656154138,1,0.45619811017635276,0.024095482924923313
exp3,939,0.9534850384909022,0.007932523765461719,0.8,0.984603861071762,2.647343177582443,27.91205378437534,0,20,52490,1.292543159735624,0,0.48306826125416097,0.010340345277884992
exp3,940,0.9534587478976422,0.0037978653759355163,0.8,0.060287242035247816,4.099748020877806,29.3644586276707,5,20,52515,11.648852320669086,1,0.45610265220071655,0.0981908185653527
exp3,941,0.9534045896030188,0.00390742886781037,0.8,0.8217612312213041,3.4538728859052905,28.718583492698187,5,20,52540,4.52166581135606,1,0.45548795544252135,0.041173326490848476
exp3,942,0.9534168354388626,0.004111349330568781,0.8,0.8217612312213041,3.081236934633223,28.34594754142612,0,20,52560,1.2859964042826872,0,0.4837973655075461,0.010287971234261497
exp3,943,0.9533820383376642,0.004241851398704477,0.8,0.8217612312213041,4.220627823796665,29.48533843058956,0,20,52580,4.364589734600111,0,0.4837362905456822,0.03491671787680089
exp3,944,0.9533355813147723,0.004093515908739298,0.8,0.7862824598813185,3.660224507300462,28.92493511409336,5,20,52605,3.968868423740023,1,0.4554715355334663,0.036750947389920186
exp3,945,0.9533484640102232,0.003780985855854513,0.8,0.7862824598813185,6.735281284538549,31.999991891331444,0,20,52625,9.629121794153846,0,0.48373762371341983,0.07703297435323077
exp3,946,0.9533432772583564,0.003674306481377787,0.8,0.7862824598813185,5.4442609978339656,30.70897160462686,0,20,52645,9.058413421226597,0,0.48328026842902,0.07246730736981277
exp3,947,0.9533434671682309,0.0035654988895829076,0.8,0.7862824598813185,5.876222764922031,31.140933371714926,0,20,52665,8.918578824632744,0,0.482849630660882,0.07134863059706195
exp3,948,0.9533219388042543,0.0033911691985103465,0.8,0.7862824598813185,3.2840045909083724,28.54871519770127,0,20,52685,4.508641389391657,0,0.48242527997259965,0.036069131115133254
exp3,949,0.9533083872200533,0.002420948184660432,0.8,0.6341386000211804,5.860194313246374,31.12490492003927,5,20,52710,6.241112678218152,1,0.4566159622616746,0.05492890142574521
exp3,950,0.9532216777646281,0.0014009072514669096,0.8,0.6341386000211804,2.7817262846149404,28.046436891407836,0,20,52730,2.321609422654966,0,0.48252155908235433,0.01857287538123973
exp3,951,0.9532534956967509,0.0008332510773091384,0.8,0.6341386000211804,4.474124624526782,29.738835231319676,0,20,52750,4.827999289951254,0,0.4824110224399037,0.038623994319610035
exp3,952,0.9532264257425143,0.001055787160642807,0.8,0.6341386000211804,2.433885893219067,27.698596500011963,0,20,52770,1.633277192948658,0,0.48218110263536756,0.013066217543589265
exp3,953,0.9532590553006594,0.0010016066233556886,0.8,0.8923789192025511,6.618079462814739,31.882790069607637,5,20,52795,9.865555279737041,1,0.45664891931141754,0.08392444223789633
exp3,954,0.9533249733471657,0.000986368134930915,0.8,0.8923789192025511,3.479195420450286,28.74390602724318,0,20,52815,4.1113559452019945,0,0.4825783102431797,0.032890847561615956
exp3,955,0.9532901140893382,0.0010644785953400904,0.8,0.7903263288806261,8.509028497320003,33.7737391041129,5,20,52840,16.448629119593637,1,0.4563002067490244,0.1365890329567491
exp3,956,0.9533035876241811,0.0011433448135060864,0.8,0.7910745309891827,3.360973733734694,28.62568434052759,5,20,52865,1.4996094031035399,1,0.45544547686618736,0.016996875224828317
exp3,957,0.953333999628529,0.0010873344264271667,0.8,0.7910745309891827,6.373940065721229,31.638650672514125,0,20,52885,9.291633951518971,0,0.48325251546656084,0.07433307161215177
exp3,958,0.9533271433292486,0.0011064463595938934,0.8,0.7858350355919765,4.637549334542324,29.90225994133522,200,20,53105,5.242253523514213,2,0.06145290353068534,0.2419380281881137
exp3,959,0.9533473709230449,0.0010429169796720705,0.8,0.7773267237321639,4.443566327154908,29.708276933947804,5,20,53130,4.60975158469147,1,0.4567839836800401,0.04187801267753176
exp3,960,0.9532958479295011,0.0010594389729139397,0.8,0.8150892625182212,3.931870775906889,29.196581382699783,5,20,53155,4.3149378482106995,1,0.45652213532666275,0.0395195027856856
exp3,961,0.953273784790584,0.0011255967102559161,0.8,0.8150892625182212,4.3765270923934105,29.641237699186306,0,20,53175,4.654166742053101,0,0.48438496788976476,0.037233333936424806
exp3,962,0.9532760251089326,0.0010930365980681422,0.8,0.8150892625182212,6.6725741418865745,31.93728474867947,0,20,53195,10.424120207234962,0,0.484164189153831,0.0833929616578797
exp3,963,0.9532659181325921,0.0011589316701188235,0.8,0.8396972491893601,5.4105041553377085,30.675214762130604,5,20,53220,4.27643949324862,1,0.45692139741934645,0.039211515945988956
exp3,964,0.9532642153903399,0.001353467406661979,0.8,0.6614359810250565,4.8785648176808785,30.143275424473774,5,20,53245,8.983098806289416,1,0.4566762839153446,0.07686479045031533
exp3,965,0.9532408536351014,0.0014743427562058375,0.8,0.6614359810250565,4.162651078329157,29.42736168512205,0,20,53265,4.7015250779882205,0,0.48432891185937216,0.03761220062390576
exp3,966,0.953296459828576,0.001353301116513994,0.8,0.9154169653671335,3.7710356518310335,29.03574625862393,5,20,53290,3.7095920904581927,1,0.45639707928280887,0.034676736723665544
exp3,967,0.9532806917957318,0.0012856736172259797,0.8,1.0093886113462354,3.572462597616876,28.837173204409773,5,20,53315,4.154600553168667,1,0.45618009986555513,0.03823680442534933
exp3,968,0.9532682204648675,0.0020627928506496973,0.8,1.0690907243013013,3.8789002529365737,29.14361085972947,5,20,53340,9.506914994548174,1,0.45594074848283117,0.0810553199563854
exp3,969,0.9532934572231313,0.0035008723687002252,0.8,1.0690907243013013,4.427741428767204,29.692452035560102,0,20,53360,5.1097877652255645,0,0.4849815457535204,0.040878302121804516
exp3,970,0.9533140113790309,0.0036695275045177667,0.8,0.8145699179701991,3.387497694237137,28.652208301030033,5,20,53385,4.3227758362544915,1,0.4556517725485509,0.03958220669003593
exp3,971,0.9533006113772551,0.004271210875677167,0.8,0.8798326251292983,8.08492102987114,33.349631636664036,5,20,53410,15.852809787126061,1,0.4554037557968717,0.1318224782970085
exp3,972,0.9532674160987948,0.004586669662952847,0.8,0.851512974522276,4.280783516851445,29.54549412364434,5,20,53435,4.0836086898019435,1,0.45457747341681126,0.03766886951841555
exp3,973,0.9532927167203447,0.004500384945733238,0.8,0.780560311780945,2.5083746316780675,27.773085238470962,5,20,53460,1.3613976452837853,1,0.454340973053013,0.01589118116227028
exp3,974,0.9532631416700822,0.005600848766336153,0.8,1.0256827114401794,2.932238739795412,28.19694934658831,5,20,53485,1.3943241821031935,1,0.4542411556366533,0.01615459345682555
exp3,975,0.953255517596836,0.005240745984603334,0.8,0.7278624661767857,4.390121693341963,29.65483230013486,5,20,53510,4.71781192660236,1,0.4541396648706655,0.04274249541281888
exp3,976,0.9532781008060767,0.005228243979101821,0.8,0.7865760507146912,2.777929298519845,28.04263990531274,5,20,53535,1.3593003713019005,1,0.45387109357285066,0.015874402970415202
exp3,977,0.9532742085682082,0.006046523966248607,0.8,0.9696974399791731,6.712582135984221,31.977292742777117,5,20,53560,8.826345100589839,1,0.4537712945623864,0.07561076080471871
exp3,978,0.9532803113326248,0.006350327468044092,0.8,0.8291128478288124,3.556898805202261,28.82160941199516,5,20,53585,4.174795628756767,1,0.45329588903396756,0.03839836503005414
exp3,979,0.9532485310675206,0.006442899279021419,0.8,0.8291128478288124,4.357162077339051,29.621872684131947,0,20,53605,4.1050221413849135,0,0.4870989914561657,0.032840177131079305
exp3,980,0.9532430139390665,0.006707303442456403,0.8,0.8291128478288124,5.3691381499286,30.633848756721495,0,20,53625,8.776362790203047,0,0.48690530917228964,0.07021090232162437
exp3,981,0.9532043984728777,0.0071540604621394,0.8,0.8961968278181291,4.711893490965461,29.976604097758358,5,20,53650,4.231713310553534,1,0.4536025836327298,0.03885370648442827
exp3,982,0.9531765762855269,0.008217550701760112,0.8,0.9912323655775792,3.7964350925403005,29.061145699333196,5,20,53675,3.549852621676543,1,0.4533582031681677,0.033398820973412346
exp3,983,0.9531991990040954,0.009286565799336288,0.8,0.9912323655775792,3.921140851950762,29.185851458743656,0,20,53695,4.1776789031553605,0,0.4869038740456169,0.03342143122524288
exp3,984,0.9531841630849549,0.009511383787227046,0.8,0.8347124557092723,3.9212898368996925,29.18600044369259,5,20,53720,4.096452880336918,1,0.4533258661522694,0.037771623042695344
exp3,985,0.9531952339890063,0.009741162290335947,0.8,0.8347124557092723,3.6430254730872544,28.907736079880152,0,20,53740,3.9735254971355265,0,0.4869225396759467,0.03178820397708421
exp3,986,0.9532096923600595,0.009656356120098408,0.8,0.7857442480258722,6.850054373840299,32.1147649806332,5,20,53765,9.460187237836044,1,0.4532572866979165,0.08068149790268835
exp3,987,0.9532193091116308,0.009603759843880288,0.8,0.801012482152652,3.0281101233022243,28.29282073009512,5,20,53790,1.1615323170855671,1,0.45274951857620815,0.014292258536684537
exp3,988,0.9532247505200279,0.009568406838123322,0.8,0.801012482152652,4.636859222763204,29.9015698295561,0,20,53810,4.49233230511791,0,0.48727782687981575,0.03593865844094328
exp3,989,0.9532456347603582,0.007893731389159497,0.8,0.49676896072619764,3.8020834296009616,29.06679403639386,5,20,53835,4.558992307076807,1,0.45285049473017985,0.04147193845661445
exp3,990,0.9532569999937146,0.008592346312405241,0.8,0.8961790185391427,4.971112309168545,30.235822915961442,5,20,53860,9.392245235296945,1,0.45258928349873095,0.08013796188237557
exp3,991,0.953278244580803,0.009007768998743226,0.8,0.8840455038503804,3.6694319121824637,28.93414251897536,5,20,53885,4.799470662665482,1,0.45208431244461167,0.04339576530132385
exp3,992,0.9533156751553138,0.009869479670871817,0.8,0.9743487807059097,3.3830592998606788,28.647769906653576,5,20,53910,4.614897734871184,1,0.45181059720401373,0.04191918187896947
exp3,993,0.9533107572112318,0.010922412108679946,0.8,0.9743487807059097,4.894406305228923,30.15911691202182,0,20,53930,4.132941331393709,0,0.48825032383098965,0.03306353065114967
exp3,994,0.9532960610379813,0.01149347295194092,0.8,0.9288843922895423,6.35346285896204,31.618173465754936,5,20,53955,10.015509176591694,1,0.4517213604910288,0.08512407341273356
exp3,995,0.9532899087756712,0.012177885620287765,0.8,0.9288843922895423,4.411995492767695,29.67670609956059,0,20,53975,4.925536316113663,0,0.4885435358118145,0.03940429052890931
exp3,996,0.9532766826130121,0.012086821161914507,0.8,0.8105404361159104,4.976658250395938,30.241368857188835,200,20,54195,4.661300906799358,2,0.060295328813295204,0.23729040725439488
exp3,997,0.9533082964890763,0.012948182517775075,0.8,0.9793072393082748,7.826437363391328,33.091147970184224,5,20,54220,16.118479942466518,1,0.45240558553926696,0.13394783953973216
exp3,998,0.9533117640773613,0.014152036332090945,0.8,0.9793072393082748,5.768569907567697,31.03328051436059,0,20,54240,9.813771352347773,0,0.4901793075433886,0.07851017081878219
exp3,999,0.953284952441397,0.015203480209021958,0.8,0.9793072393082748,3.4343122093247143,28.699022816117612,0,20,54260,1.2581043430905328,0,0.4897191210730068,0.010064834744724261
exp3,1000,0.9532603135000376,0.015201606030125214,0.8,0.7846855948542665,6.692176284990511,31.956886891783405,5,20,54285,9.651570883501243,1,0.45203103529941263,0.08221256706800995
exp3,1001,0.9532997639986902,0.015074364686115671,0.8,0.7846855948542665,3.8963803672372075,29.161090974030103,0,20,54305,4.20106293553323,0,0.4901327504137488,0.03360850348426584
exp3,1002,0.9532960774094101,0.015109650476104686,0.8,0.8262911416812814,4.587205811838201,29.8519164186311,5,20,54330,4.384152468434807,1,0.45169065087653815,0.040073219747478454
exp3,1003,0.9532274581326241,0.015173561865268304,0.8,0.8211300539336841,4.595093214358094,29.85980382115099,5,20,54355,4.274020908954872,1,0.4514377075809375,0.039192167271638975
exp3,1004,0.9532310567241258,0.013690215384755233,0.8,0.5524346983823502,3.8728779750222886,29.137588581815184,5,20,54380,3.6163036324851587,1,0.4511902097836361,0.033930429059881265
exp3,1005,0.9532629185947378,0.013565894859888461,0.8,0.7747278049994614,3.333604836806414,28.59831544359931,200,20,54600,4.045779066140426,2,0.05843692671081463,0.23236623252912342
exp3,1006,0.9532615628945301,0.013293702672186769,0.8,0.7747278049994614,8.578065489318824,33.84277609611172,0,20,54620,15.735849273375393,0,0.49165859213553664,0.12588679418700316
exp3,1007,0.9532689361525738,0.013382831044996157,0.8,0.822318170804969,2.5575247396140584,27.822235346406956,5,20,54645,1.290401727341967,1,0.4526267191716431,0.015323213818735738
exp3,1008,0.9532840223027653,0.013448420674523454,0.8,0.822318170804969,4.042489768647895,29.307200375440793,0,20,54665,3.7275883185817444,0,0.49101124260390955,0.029820706548653958
exp3,1009,0.953278738685046,0.0133216171561793,0.8,0.7975871216171158,3.7275468623682357,28.99225746916113,5,20,54690,4.287855946230074,1,0.4526886457467941,0.03930284756984059
exp3,1010,0.9532730219057509,0.014758733582453165,0.8,1.0610985801122044,6.230948270448473,31.495658877241368,5,20,54715,8.42024693106926,1,0.45244102181817597,0.07236197544855408
exp3,1011,0.9533103606006332,0.0146007129350183,0.8,0.7637122585691246,5.312179677224358,30.576890284017253,5,20,54740,9.200193651294756,1,0.45198492038868493,0.07860154921035804
exp3,1012,0.9533117417210101,0.014574239715278714,0.8,0.7793250925228394,5.222949496057884,30.487660102850782,5,20,54765,4.282317310997597,1,0.45148907673907623,0.039258538487980776
exp3,1013,0.9533252476326852,0.014626997604761605,0.8,0.7793250925228394,4.28240750522826,29.547118112021156,0,20,54785,4.269362588582818,0,0.4921610027343245,0.03415490070866255
exp3,1014,0.9533174113637947,0.014480162579982192,0.8,0.7772852326858817,4.345989909268819,29.610700516061716,200,20,55005,4.9028725951508765,2,0.056616220895127314,0.23922298076120702
exp3,1015,0.953280372193335,0.01433388829324278,0.8,0.7772852326858817,6.083014607410761,31.347725214203656,0,20,55025,8.951586157197882,0,0.49305705894506574,0.07161268925758306
exp3,1016,0.9533043445529111,0.014258045825343735,0.8,0.7772852326858817,3.319976219183074,28.58468682597597,0,20,55045,4.531001864225956,0,0.492639724412501,0.03624801491380765
exp3,1017,0.9533306960889602,0.014214382100683154,0.8,0.7772852326858817,4.154870842457594,29.41958144925049,0,20,55065,4.270884907691435,0,0.492428305052072,0.03416707926153147
exp3,1018,0.953312591751866,0.013166589760974845,0.8,0.6211350459135605,4.8026767717192715,30.067387378512166,5,20,55090,4.897042694271968,1,0.4531802290049176,0.04417634155417574
exp3,1019,0.9532408749222274,0.012110285002379428,0.8,0.6211350459135605,7.2829633064411,32.54767391323399,0,20,55110,17.64541264505219,0,0.49248432360322214,0.1411633011604175
exp3,1020,0.9532379223502448,0.012861376708283467,0.8,0.9477344244832969,5.291174422683852,30.555885029476748,5,20,55135,3.8855766572968466,1,0.45365305595746597,0.03608461325837477
exp3,1021,0.9532274435720193,0.01355493096835092,0.8,0.9477344244832969,3.5209359245560465,28.78564653134894,0,20,55155,4.002917393550523,0,0.4918690918224742,0.03202333914840418
exp3,1022,0.95328692274481,0.014367076404647627,0.8,0.9477344244832969,2.24013978699746,27.504850393790356,0,20,55175,2.3983925682507343,0,0.49168202287825374,0.019187140546005874
exp3,1023,0.9532894518397943,0.015268236189404871,0.8,0.9477344244832969,3.7619611877314885,29.026671794524383,0,20,55195,4.138251790499953,0,0.4915698961277433,0.03310601432399962
exp3,1024,0.9533506906249622,0.016241314854687827,0.8,0.9477344244832969,6.083101265933012,31.347811872725906,0,20,55215,9.142029137002503,0,0.4913763860876468,0.07313623309602002
exp3,1025,0.9533642463553972,0.01685812204043935,0.8,0.9477344244832969,6.768628993820857,32.03333960061375,0,20,55235,16.072198670956308,0,0.4909487276874181,0.12857758936765046
exp3,1026,0.9534031599338659,0.017615312821011697,0.8,0.9477344244832969,3.4974061593009163,28.76211676609381,0,20,55255,1.7493899232769645,0,0.4901962375962163,0.013995119386215716
exp3,1027,0.953435115995904,0.01858710994735857,0.8,0.9477344244832969,3.5938978067796885,28.858608413572583,0,20,55275,4.275881306218928,0,0.49011420761087826,0.03420705044975142
exp3,1028,0.953412570332562,0.01943578285274561,0.8,0.9477344244832969,5.42739725863639,30.692107865429286,0,20,55295,9.675597830810903,0,0.4899136762771731,0.07740478264648723
exp3,1029,0.9534682536532975,0.020346882275846134,0.8,0.9477344244832969,4.565721251213307,29.830431858006204,0,20,55315,4.599292262882983,0,0.48945972735545484,0.036794338103063866
exp3,1030,0.9534985909079726,0.020689022210737984,0.8,0.8562074007561833,2.604588209324902,27.869298816117798,5,20,55340,1.500958865955802,1,0.45581952146543026,0.017007670927646417
exp3,1031,0.9535156084880044,0.02109455224951451,0.8,0.8562074007561833,3.4237925470802386,28.688503153873135,0,20,55360,1.407193099497869,0,0.4893414750655549,0.011257544795982951
exp3,1032,0.9535318657865548,0.024879033969743225,0.8,1.4604999741965186,9.227406157464657,34.49211676425755,5,20,55385,15.409953168452734,1,0.455773240039848,0.12827962534762188
exp3,1033,0.9535275842829318,0.028647416003851678,0.8,1.4604999741965186,7.025466696097557,32.290177302890456,0,20,55405,11.8251923653467,0,0.49001245934564014,0.09460153892277359
exp3,1034,0.9535606484121419,0.03250589122769576,0.8,1.4604999741965186,2.4788784075823345,27.74358901437523,0,20,55425,11.576042991582074,0,0.4894577690057606,0.0926083439326566
exp3,1035,0.9535666898114276,0.03502521618948329,0.8,1.221503699712983,3.948427369614952,29.213137976407847,5,20,55450,3.820478360182376,1,0.4559706445808902,0.035563826881459
exp3,1036,0.9535443086610568,0.0375129199297759,0.8,1.221503699712983,4.837483672428076,30.10219427922097,0,20,55470,3.851099160449548,0,0.4891183757624878,0.03080879328359638
exp3,1037,0.9535587666740514,0.03977389719937663,0.8,1.221503699712983,4.263867104671481,29.528577711464376,0,20,55490,3.741718436309666,0,0.4889374051888088,0.029933747490477326
exp3,1038,0.9535519142155627,0.04213351812002475,0.8,1.221503699712983,4.313770211218247,29.578480818011144,0,20,55510,6.475511639895085,0,0.4887615109236803,0.05180409311916069
exp3,1039,0.9535554842812473,0.04346292897235837,0.8,1.0293217840886706,2.0849822368928037,27.3496928436857,5,20,55535,1.5284224419468173,1,0.45635063358820893,0.017227379535574537
exp3,1040,0.9535638339928022,0.04480356552656661,0.8,1.0293217840886706,4.643482676059449,29.908193282852345,0,20,55555,3.8274353911043435,0,0.48855582963111116,0.030619483128834744
exp3,1041,0.9535176102504863,0.04603569913254768,0.8,1.0293217840886706,3.301450906705952,28.566161513498848,0,20,55575,2.516289657017757,0,0.488375768576225,0.020130317256142057
exp3,1042,0.9534953816811136,0.04722301484329994,0.8,1.0293217840886706,3.7607282877763692,29.025438894569266,0,20,55595,4.362754232272341,0,0.4882573473650823,0.03490203385817873
exp3,1043,0.953412986855101,0.04819567417130777,0.8,1.0293217840886706,3.2553109009780483,28.520021507770945,0,20,55615,1.2704798240742998,0,0.48805198000596783,0.010163838592594399
exp3,1044,0.9534137350651805,0.049055687054968655,0.8,0.9558440733934039,3.9402556804736473,29.204966287266544,5,20,55640,3.7814504072408712,1,0.45675647238023637,0.035251603257926964
exp3,1045,0.9534512389635303,0.04986899992338101,0.8,0.9558440733934039,3.8024185710317395,29.067129177824636,0,20,55660,3.8109189467486964,0,0.48819418929074426,0.030487351573989567
exp3,1046,0.9534473032754586,0.0503881217902441,0.8,0.9152273285766351,3.2565056281403555,28.521216234933252,5,20,55685,4.008449944831064,1,0.45669951870118153,0.03706759955864851
exp3,1047,0.9534413434447598,0.05097218412032867,0.8,0.9152273285766351,2.8705928044542026,28.135303411247097,0,20,55705,1.136251459242236,0,0.48822723191420914,0.009090011673937887
exp3,1048,0.9534147698907014,0.052339263388632484,0.8,1.0719333371735948,2.920279785562994,28.18499039235589,5,20,55730,1.1999538890187047,1,0.45651644440053,0.014599631112149635
exp3,1049,0.9534224153268809,0.05220370192036505,0.8,0.7686943475886884,3.9465200467234625,29.21123065351636,5,20,55755,4.23957095081494,1,0.4564251099893384,0.03891656760651952
exp3,1050,0.9534314348737293,0.05284225290250011,0.8,0.913077255225463,4.577708967562712,29.84241957435561,5,20,55780,4.044497924665913,1,0.45618161486557784,0.037355983397327305
exp3,1051,0.9534523635591269,0.049803857598292756,0.8,0.2884074050793296,4.7040448960364705,29.968755502829367,5,20,55805,5.129799563070372,1,0.4559477776166812,0.04603839650456297
exp3,1052,0.9534846470293601,0.05067411153005685,0.8,0.9708394648514752,4.460454451268793,29.72516505806169,5,20,55830,3.982723319693507,1,0.4556594681058544,0.03686178655754806
exp3,1053,0.953446748112703,0.050502162647560356,0.8,0.8041534128766376,3.915425317510686,29.18013592430358,5,20,55855,4.7567662666191435,1,0.45542849978967165,0.043054130132953145
exp3,1054,0.9534323503969744,0.050284088525815784,0.8,0.7795385382926643,5.183035079881025,30.44774568667392,5,20,55880,4.793780982746026,1,0.4551586173275832,0.04335024786196821
exp3,1055,0.953410347685463,0.05024492202092257,0.8,0.7795385382926643,8.686088687272319,33.95079929406521,0,20,55900,17.126495612554592,0,0.4896673646000854,0.13701196490043674
exp3,1056,0.9533666560161926,0.04991633891706604,0.8,0.7795385382926643,4.320707112703731,29.585417719496625,0,20,55920,9.05410339625064,0,0.4888634519978852,0.07243282717000513
exp3,1057,0.9533865753371639,0.04961443024612111,0.8,0.7795385382926643,5.914511669963874,31.179222276756768,0,20,55940,8.99616343752588,0,0.4884377675690206,0.07196930750020704
exp3,1058,0.9534095205550727,0.04962461852812472,0.8,0.7873664917793366,4.41185904281368,29.676569649606577,5,20,55965,4.178474886186776,1,0.4563917746383627,0.03842779908949421
exp3,1059,0.9534601991677775,0.04931601187732981,0.8,0.745953632647602,3.640529174859546,28.90523978165244,5,20,55990,4.618273855468532,1,0.4561513226042149,0.04194619084374825
exp3,1060,0.9534848830901295,0.052293315935749596,0.8,1.3124303830666915,5.265012962932805,30.5297235697257,5,20,56015,8.006976571172903,1,0.4558887384569097,0.06905581256938323
exp3,1061,0.9534624159084121,0.05220256161227255,0.8,0.8169872073892849,5.626339189767883,30.89104979656078,5,20,56040,4.29704520204551,1,0.45545624817335545,0.03937636161636408
exp3,1062,0.9534777534280916,0.05230731514314302,0.8,0.8169872073892849,4.080999357952051,29.345709964744948,0,20,56060,3.7827443517790456,0,0.4890974431623047,0.030261954814232366
exp3,1063,0.9535256030528735,0.05229311353252131,0.8,0.7727712316299137,3.5437532977564885,28.808463904549384,5,20,56085,4.718723560608497,1,0.4553712211155924,0.042749788484867976
exp3,1064,0.9535177521316652,0.05359420744786414,0.8,0.9958474882596676,4.450396092987682,29.715106699780577,5,20,56110,4.020872386027343,1,0.4551032177656888,0.03716697908821874
exp3,1065,0.9535077586144727,0.054510055350804665,0.8,0.9958474882596676,2.4060679020245517,27.67077850881745,0,20,56130,2.7496105593897884,0,0.48937866631142546,0.021996884475118307
exp3,1066,0.9534854901174058,0.05554407252690685,0.8,0.9958474882596676,5.719974202278075,30.98468480907097,0,20,56150,4.152480169430442,0,0.4892495239850538,0.033219841355443536
exp3,1067,0.9534946510701044,0.055203720450474836,0.8,0.7519429487884063,2.945441202236598,28.210151809029494,5,20,56175,1.3248471230012597,1,0.4551651260563087,0.015598776984010077
exp3,1068,0.9534757788705399,0.05475281111949526,0.8,0.7519429487884063,5.343126283953148,30.607836890746043,0,20,56195,3.9937295839982467,0,0.48914403702989845,0.031949836671985976
exp3,1069,0.9534916389607297,0.05427014754534776,0.8,0.7519429487884063,5.23299022002395,30.497700826816846,0,20,56215,4.5112559640077174,0,0.4889563736432258,0.03609004771206174
exp3,1070,0.9534592291177263,0.05397862113046292,0.8,0.7519429487884063,5.593346548514392,30.858057155307286,0,20,56235,9.761440059658701,0,0.4887443124444829,0.07809152047726961
exp3,1071,0.9534434232332732,0.053730454814369,0.8,0.7778722273154077,4.767198612634134,30.03190921942703,5,20,56260,4.318679711737347,1,0.4558487134748917,0.03954943769389878
exp3,1072,0.9535238005349705,0.05367238716266998,0.8,0.7614928696443267,7.479110450940688,32.743821057733584,200,20,56480,9.505231042365414,2,0.055886946150609476,0.2760418483389233
exp3,1073,0.9535011707658639,0.05332344892258101,0.8,0.7614928696443267,4.3481989767858655,29.612909583578762,0,20,56500,5.048138370714573,0,0.48975782288342334,0.04038510696571658
exp3,1074,0.9534569734569303,0.05299988188811966,0.8,0.7614928696443267,4.386209593326242,29.65092020011914,0,20,56520,4.687163532172134,0,0.48952090499052564,0.03749730825737707
exp3,1075,0.9535115232274705,0.05284539186089976,0.8,0.7590230623331589,3.672618431942453,28.93732903873535,5,20,56545,3.85967352189049,1,0.4571786786235701,0.03587738817512392
exp3,1076,0.9535558468552835,0.05278770192507398,0.8,0.7744780341280358,2.987446975992544,28.25215758278544,5,20,56570,1.4431614866125628,1,0.45695451388199204,0.016545291892900504
exp3,1077,0.9535560871875864,0.0542843464656263,0.8,1.0812862843373778,2.7356829480194285,28.000393554812323,5,20,56595,1.5886329062026772,1,0.4568510923168913,0.017709063249621414
exp3,1078,0.9535905070582106,0.05408576924567232,0.8,0.7958030678071364,2.7203721650278867,27.98508277182078,5,20,56620,1.2631905983885072,1,0.45674037498890835,0.01510552478710806
exp3,1079,0.9535839945939618,0.053907758138068584,0.8,0.7845682949877907,4.400645777248355,29.665356384041253,200,20,56840,3.9268089253438636,2,0.05356320302983837,0.2314144714027509
exp3,1080,0.9536099122229671,0.053809100482201,0.8,0.8278257952930584,7.190539826959292,32.45525043375219,200,20,57060,9.345105786402303,2,0.051558853339826245,0.27476084629121844
exp3,1081,0.9536343742970164,0.05400279255720597,0.8,0.8278257952930584,2.7390001674068873,28.00371077419978,0,20,57080,1.228294072144621,0,0.4920438224853485,0.009826352577156968
exp3,1082,0.9536414219190741,0.05390080141239029,0.8,0.8278257952930584,5.588267454653995,30.85297806144689,0,20,57100,9.036320742582323,0,0.4919864405624314,0.07229056594065858
exp3,1083,0.9536804344766516,0.05398029107428537,0.8,0.8278257952930584,2.4199555826618755,27.68466618945477,0,20,57120,1.3433736851765687,0,0.49156424556745854,0.01074698948141255
exp3,1084,0.9536700589155047,0.05398200444459056,0.8,0.8165610353431205,3.7934971305291114,29.058207737322007,5,20,57145,4.338990434092385,1,0.4592432051950469,0.03971192347273908
exp3,1085,0.9537045492813866,0.054142118083166046,0.8,0.8165610353431205,3.2761346336034,28.540845240396294,0,20,57165,4.411543215895537,0,0.4917307403009311,0.0352923457271643
exp3,1086,0.9536971785514428,0.054374980634844694,0.8,0.8165610353431205,4.837550091198422,30.10226069799132,0,20,57185,4.387554891777461,0,0.49152451759282506,0.03510043913421969
exp3,1087,0.9537098355993634,0.05409956052806264,0.8,0.7610886608656822,4.701160316808708,29.965870923601603,200,20,57405,4.708593044365317,2,0.04930494302319418,0.23766874435492252
exp3,1088,0.9537049979316218,0.053687545022453875,0.8,0.7610886608656822,4.208161247758198,29.472871854551094,0,20,57425,4.757728690310286,0,0.49235945678978926,0.038061829522482285
exp3,1089,0.9537042783741149,0.053373331823282855,0.8,0.7610886608656822,4.692603465716957,29.957314072509853,0,20,57445,4.551014949723324,0,0.49213733274628596,0.036408119597786594
exp3,1090,0.9536758688697858,0.053200419893484896,0.8,0.8204321607314521,3.9392981803608986,29.204008787153796,200,20,57665,4.013961727087087,2,0.04732578138812843,0.23211169381669672
exp3,1091,0.953646803024627,0.053121995560891255,0.8,0.8204321607314521,2.404167850053894,27.66887845684679,0,20,57685,1.3485698227555292,0,0.49292771294985155,0.010788558582044232
exp3,1092,0.9536428423897912,0.052845985821864616,0.8,0.7818913664895989,4.2252984600784025,29.4900090668713,5,20,57710,4.2086424614001965,1,0.4617457967546316,0.03866913969120157
exp3,1093,0.953627711443786,0.05268342625444522,0.8,0.7818913664895989,3.8448236407075207,29.109534247500417,0,20,57730,4.714906150626011,0,0.4930887842915333,0.03771924920500809
exp3,1094,0.9535868847550257,0.05248083012979332,0.8,0.7914559813236526,2.1740598271802503,27.438770433973147,5,20,57755,1.2962813539923153,1,0.46171081632089045,0.015370250831938524
exp3,1095,0.9536147304957094,0.052348744370738,0.8,0.7914559813236526,6.215710464252641,31.480421071045537,0,20,57775,10.289254105373853,0,0.49295800534558365,0.08231403284299083
exp3,1096,0.9536143421507992,0.052145792413307634,0.8,0.7914559813236526,3.8076644617096935,29.072375068502588,0,20,57795,4.262720066918995,0,0.4924782112983546,0.03410176053535195
exp3,1097,0.953640659599242,0.05194902533028478,0.8,0.7914559813236526,3.587218809389368,28.851929416182266,0,20,57815,4.0165890121339825,0,0.49227924532223316,0.03213271209707186
exp3,1098,0.9536185724867412,0.05181476374808336,0.8,0.7917137930815779,4.95098000941692,30.215690616209816,5,20,57840,4.52508888523827,1,0.46242183356927624,0.041200711081906156
exp3,1099,0.953597701921529,0.05168670115986873,0.8,0.7917137930815779,2.2460677556975424,27.510778362490438,0,20,57860,1.26216988375006,0,0.4923299398334461,0.01009735907000048
exp3,1100,0.9536325161468214,0.05175598261523773,0.8,0.7917137930815779,2.7934725801215308,28.058183186914427,0,20,57880,1.4366549044332286,0,0.49227100933711904,0.01149323923546583
exp3,1101,0.9535824652703438,0.05150215425904747,0.8,0.7917137930815779,5.132075906183924,30.39678651297682,0,20,57900,4.0357433337902116,0,0.4922039241995066,0.03228594667032169
exp3,1102,0.9535991506049534,0.051473425199588974,0.8,0.8194539224683968,4.088839568393021,29.353550175185916,5,20,57925,4.253596450519019,1,0.4624595936058257,0.03902877160415215
exp3,1103,0.9536097691406258,0.0516199644042441,0.8,0.8194539224683968,4.87039585026413,30.135106457057027,0,20,57945,4.466119542494871,0,0.49224110131756127,0.03572895633995897
exp3,1104,0.9536026451935706,0.05150198363707292,0.8,0.7851900997834191,4.952837369721427,30.217547976514325,5,20,57970,4.271042343335882,1,0.4624122151618707,0.039168338746687056
exp3,1105,0.9536202466915056,0.052342886943008704,0.8,0.9566036712731218,4.816551974668511,30.081262581461406,5,20,57995,4.2810433567778325,1,0.462169882148648,0.03924834685422266
exp3,1106,0.9536376902534873,0.05215747604154908,0.8,0.7767064107785451,5.397217557362032,30.66192816415493,5,20,58020,4.326225734051485,1,0.4619269430403785,0.03960980587241188
exp3,1107,0.9535806076874792,0.051906613659094214,0.8,0.7842914795040526,5.55365760527869,30.818368212071586,5,20,58045,8.88825882265256,1,0.4616816542513225,0.07610607058122049
exp3,1108,0.953592618176083,0.051905350070177825,0.8,0.7842914795040526,2.1213729670212507,27.386083573814147,0,20,58065,1.385375313528343,0,0.49315590264165143,0.011083002508226743
exp3,1109,0.9536190269498657,0.05205578606265404,0.8,0.8200629967363554,3.509691268392032,28.774401875184928,200,20,58285,3.8732364951514517,2,0.045638450112453446,0.2309858919612116
exp3,1110,0.9536177967105459,0.05207136064225215,0.8,0.8200629967363554,2.511739660048921,27.776450266841817,0,20,58305,1.2254411668584766,0,0.4940784334175718,0.009803529334867812
exp3,1111,0.9536339222856547,0.052132983685273415,0.8,0.8200629967363554,3.4576596456463777,28.722370252439273,0,20,58325,4.431154746424616,0,0.49402141951683415,0.03544923797139692
exp3,1112,0.9536261035180522,0.05327099166013949,0.8,0.9908793315993576,3.0218217436572914,28.286532350450187,5,20,58350,1.405002187709643,1,0.4624378797788901,0.016240017501677147
exp3,1113,0.9535669726360012,0.05438040755224571,0.8,0.9908793315993576,3.9739984289925276,29.238709035785423,0,20,58370,4.89194410098115,0,0.4939094840937836,0.0391355528078492
exp3,1114,0.9535734054847033,0.05416530146671661,0.8,0.7847695375420496,2.7071377351158863,27.971848341908782,5,20,58395,1.3343339107428605,1,0.4625500539253746,0.015674671285942885
exp3,1115,0.9536023205868704,0.054191325235165344,0.8,0.7847695375420496,4.4658362949101775,29.73054690170307,0,20,58415,4.442896152977814,0,0.4937727508019815,0.03554316922382251
exp3,1116,0.9536085351172825,0.05411652710252646,0.8,0.7847695375420496,2.360238671839902,27.624949278632798,0,20,58435,1.3029761180451334,0,0.49356591630859414,0.010423808944361066
exp3,1117,0.9536681056994362,0.0551096551369884,0.8,0.961200903769731,4.832569583932388,30.097280190725286,5,20,58460,4.6874929811110215,1,0.4627029517275925,0.04249994384888817
exp3,1118,0.9536805652923757,0.05513751888473584,0.8,0.8171596889469691,7.355968204109957,32.62067881090285,5,20,58485,9.15877559239876,1,0.4624401512875948,0.07827020473919008
exp3,1119,0.9536897639673927,0.05523706743101753,0.8,0.8171596889469691,3.422695388693155,28.687405995486053,0,20,58505,4.223607835316634,0,0.49420587610993977,0.033788862682533075
exp3,1120,0.9537033630320242,0.055046012542943945,0.8,0.7928159991286122,3.9004023463871356,29.16511295318003,5,20,58530,4.019483467909465,1,0.46213938119956255,0.03715586774327572
exp3,1121,0.9536902779689465,0.056456912759127564,0.8,1.0469432152429947,4.644059080843439,29.908769687636337,5,20,58555,4.069403404002593,1,0.46190938045128666,0.03755522723202074
exp3,1122,0.9537250540246544,0.05299987297194131,0.8,0.20226559940718253,4.041293812413084,29.30600441920598,5,20,58580,5.665813139978163,1,0.4616768067863827,0.0503265051198253
exp3,1123,0.9537485431368643,0.04932835855456552,0.8,0.20226559940718253,6.0045967731045495,31.269307379897445,0,20,58600,3.922579823021301,0,0.494735689820255,0.03138063858417041
exp3,1124,0.9538165291351924,0.045947514340533235,0.8,0.20226559940718253,6.390170998838357,31.654881605631253,0,20,58620,9.846270027851585,0,0.49455343373038885,0.07877016022281268
exp3,1125,0.9538290882440608,0.04249838992747723,0.8,0.20226559940718253,7.192371291084024,32.45708189787692,0,20,58640,10.158897696689689,0,0.4940957741858945,0.08127118157351751
exp3,1126,0.9538061468029394,0.03898056660922089,0.8,0.20226559940718253,2.283749773094339,27.548460379887235,0,20,58660,4.019748139449885,0,0.49362314608571106,0.03215798511559908
exp3,1127,0.9538136705883231,0.03547645080892603,0.8,0.20226559940718253,3.1064924655724946,28.37120307236539,0,20,58680,3.972234894992784,0,0.4934359541986978,0.03177787915994228
exp3,1128,0.9538505983765991,0.031821942218737465,0.8,0.20226559940718253,8.743636720996955,34.00834732778985,0,20,58700,18.97886982780053,0,0.49325090491579976,0.15183095862240423
exp3,1129,0.9538879726356767,0.03180257615365223,0.8,0.7922239804746514,2.4184896121999837,27.68320021899288,5,20,58725,1.274169808782749,1,0.4635768833223199,0.015193358470261991
exp3,1130,0.9538725466323876,0.03177764349597767,0.8,0.7922239804746514,4.025278932981141,29.289989539774037,0,20,58745,4.218904225889307,0,0.49245434893450146,0.03375123380711445
exp3,1131,0.9538695171799214,0.03150234825725462,0.8,0.7922239804746514,3.772520508096188,29.037231114889085,0,20,58765,3.8576342366364265,0,0.4922574186216129,0.030861073893091413
exp3,1132,0.9538709357850021,0.03136883056458106,0.8,0.7922239804746514,5.0864075215700515,30.35111812836295,0,20,58785,4.25551274178661,0,0.49207728017763663,0.03404410193429288
exp3,1133,0.9538586732480124,0.03121965558814399,0.8,0.7922239804746514,3.880891698809533,29.14560230560243,0,20,58805,3.901579219306053,0,0.4918784900479358,0.03121263375444842
exp3,1134,0.9538321969695605,0.031048757301433083,0.8,0.7724677253170782,4.037289680284466,29.302000287077362,5,20,58830,3.8169734020414907,1,0.4641908936274031,0.035535787216331924
exp3,1135,0.9538775221064889,0.030956349352231793,0.8,0.7724677253170782,3.9631378876996863,29.227848494492584,0,20,58850,4.187358172854516,0,0.4919015025281383,0.03349886538283613
exp3,1136,0.9538370370268715,0.030661367691246055,0.8,0.7724677253170782,4.115779135084829,29.380489741877724,0,20,58870,4.2464657924182045,0,0.4917058268724388,0.033971726339345636
exp3,1137,0.9538573099827645,0.03142657235301083,0.8,0.9556671787233925,6.310162013739334,31.57487262053223,5,20,58895,9.032303837005543,1,0.46433974780846926,0.07725843069604435
exp3,1138,0.953890344383435,0.032730913919396976,0.8,1.0595947670276629,3.794535712543269,29.059246319336165,5,20,58920,6.502677374884735,1,0.4638635073750934,0.05702141899907789
exp3,1139,0.9538571521770356,0.03407143918615274,0.8,1.0595947670276629,2.333898837681184,27.59860944447408,0,20,58940,3.6732676525235837,0,0.49228321976480494,0.02938614122018867
exp3,1140,0.953860119050344,0.035465493043371765,0.8,1.0595947670276629,7.674332620554781,32.939043227347675,0,20,58960,16.1311892169859,0,0.4921116995227296,0.1290495137358872
exp3,1141,0.9538540560529504,0.0369458360076651,0.8,1.0595947670276629,4.993041047335988,30.257751654128885,0,20,58980,9.693593447541273,0,0.49135821061016477,0.07754874758033019
exp3,1142,0.9538237256496634,0.036768849468421516,0.8,0.7821991337163576,2.235914228574023,27.50062483536692,5,20,59005,1.226909732047213,1,0.4647982003855701,0.014815277856377707
exp3,1143,0.9538288582105848,0.036565937005443416,0.8,0.7821991337163576,6.673046549975358,31.937757156768253,0,20,59025,9.054476999854066,0,0.4909902066088849,0.07243581599883252
exp3,1144,0.953805378577999,0.03633017861743948,0.8,0.7510624592492813,2.2939755922998444,27.55868619909274,5,20,59050,1.292766212179589,1,0.46510254880629043,0.015342129697436712
exp3,1145,0.9537975106542139,0.03603711881562488,0.8,0.7510624592492813,3.288340953233231,28.553051560026127,0,20,59070,4.216971490104437,0,0.49065476613865155,0.033735771920835496
exp3,1146,0.9538395699837195,0.036391880836022295,0.8,0.8406848168863681,2.312098101255661,27.576808708048556,5,20,59095,1.2752489736234351,1,0.4651924716415261,0.015201991788987481
exp3,1147,0.953840641941762,0.03711474479968957,0.8,0.9431367140984278,2.6560287293886153,27.920739336181512,5,20,59120,2.3546854450419112,1,0.46509890968588447,0.023837483560335288
exp3,1148,0.9538292114719458,0.037806391978134846,0.8,0.9313073299882025,3.9261964211939606,29.190907027986857,5,20,59145,3.9246946634043613,1,0.4649521747551838,0.03639755730723489
exp3,1149,0.9538301889217667,0.038487305706870645,0.8,0.9313073299882025,7.084455679459391,32.349166286252284,0,20,59165,9.234361739400105,0,0.49089214396830677,0.07387489391520084
exp3,1150,0.9538262510230643,0.039114298607416,0.8,0.9313073299882025,6.711624986963455,31.976335593756353,0,20,59185,8.743994894229257,0,0.49045974583204166,0.06995195915383405
exp3,1151,0.9537973832275025,0.03973107695783362,0.8,0.9313073299882025,9.261352545909853,34.52606315270275,0,20,59205,18.707612836393317,0,0.4900499534164382,0.14966090269114654
exp3,1152,0.9538127897670814,0.039383208899673505,0.8,0.7154191064695317,4.0330787706034865,29.297789377396384,5,20,59230,4.533916935807788,1,0.46633268242813525,0.04127133548646231
exp3,1153,0.9537956109188548,0.03862587894966374,0.8,0.7154191064695317,9.14678002098325,34.411490627776146,0,20,59250,17.79873592556469,0,0.4894097557719994,0.1423898874045175
exp3,1154,0.9537678762427014,0.037984787186388425,0.8,0.7154191064695317,4.674697852244202,29.939408459037097,0,20,59270,4.478208954234712,0,0.48857385832969746,0.0358256716338777
exp3,1155,0.9537390017240308,0.03741330856817937,0.8,0.7154191064695317,4.742564557187009,30.007275163979905,0,20,59290,4.527048385723198,0,0.488363189489357,0.03621638708578558
exp3,1156,0.9537405832751154,0.03825609330051605,0.8,0.9493138801007057,3.3641316945717157,28.62884230136461,5,20,59315,5.8181498182388784,1,0.4672545119209731,0.05154519854591103
exp3,1157,0.9537886402099959,0.039114669406802305,0.8,0.9493138801007057,3.5004008017902914,28.765111408583188,0,20,59335,4.269247418274482,0,0.4884458324986502,0.03415397934619586
exp3,1158,0.9537711763329663,0.04003407547264004,0.8,0.9493138801007057,5.065867831893976,30.33057843868687,0,20,59355,4.293767064029621,0,0.4882449424144882,0.034350136512236965
exp3,1159,0.953764643725147,0.04082971616135889,0.8,0.9493138801007057,5.265260787610545,30.52997139440344,0,20,59375,4.661809495123738,0,0.4880428174544114,0.037294475960989906
exp3,1160,0.953735132647092,0.04154906579900275,0.8,0.9493138801007057,5.62621385168518,30.890924458478075,0,20,59395,8.70721787111401,0,0.487823278755381,0.06965774296891207
exp3,1161,0.9537260837451186,0.04138356289125422,0.8,0.7687958902814908,3.9416831178413525,29.20639372463425,5,20,59420,4.093300998432134,1,0.4679020681055537,0.03774640798745707
exp3,1162,0.9537143834591405,0.04111980492090361,0.8,0.7687958902814908,4.649534167681565,29.91424477447446,0,20,59440,3.9381282168869776,0,0.4876292665767325,0.031505025735095823
exp3,1163,0.9536995420546681,0.04030449856353313,0.8,0.7293100374268,2.7830498744062373,28.047760481199134,5,20,59465,1.820606718950063,1,0.4678441119828683,0.019564853751600504
exp3,1164,0.953716183559858,0.04135801263743155,0.8,1.0282429990891342,4.536023827717944,29.80073443451084,5,20,59490,4.042381777965779,1,0.46772430567375184,0.03733905422372623
exp3,1165,0.9536833081720089,0.04267221829860868,0.8,1.0282429990891342,3.5786111289871165,28.843321735780012,0,20,59510,4.1844743822459805,0,0.48776967560603923,0.03347579505796784
exp3,1166,0.9536546004326055,0.04379316547633172,0.8,1.0282429990891342,7.775295039132502,33.0400056459254,0,20,59530,16.298985971830458,0,0.4875725084825938,0.13039188777464367
exp3,1167,0.953628219830502,0.04371154625452234,0.8,0.8201829541316237,6.577093891182357,31.841804497975254,200,20,59750,9.404088525345754,2,0.04479958376954598,0.275232708202766
exp3,1168,0.9536396103529395,0.04129539264161186,0.8,0.36294654998152365,4.200413501330769,29.465124108123664,5,20,59775,2.028553400963293,1,0.4694979747315024,0.02122842720770634
exp3,1169,0.9536324599300913,0.04084331533297558,0.8,0.7451416071600997,3.023800478585294,28.28851108537819,5,20,59800,1.4050091691002444,1,0.4693683924890986,0.016240073352801955
exp3,1170,0.9536460384137171,0.040434536752085526,0.8,0.7451416071600997,6.922828267719882,32.187538874512775,0,20,59820,9.873432955451477,0,0.4881653634651114,0.07898746364361182
exp3,1171,0.9536712909588746,0.04048613116902644,0.8,0.7922381467346917,4.412997858280102,29.677708465072996,5,20,59845,4.669875458666723,1,0.46970489585852476,0.042359003669333775
exp3,1172,0.9536687977849808,0.04036348388136257,0.8,0.7922381467346917,6.381301224637278,31.646011831430172,0,20,59865,9.565588691958922,0,0.487943317118766,0.07652470953567138
exp3,1173,0.9536988716129702,0.04024001662488719,0.8,0.7922381467346917,3.5663485102138113,28.831059117006706,0,20,59885,4.036888603142925,0,0.48749275798280944,0.0322951088251434
exp3,1174,0.9537609744641828,0.04028375598648748,0.8,0.7922381467346917,3.3432477689291185,28.607958375722013,0,20,59905,4.625721415016358,0,0.4873024397785728,0.03700577132013086
exp3,1175,0.9537737286102803,0.04012004513133116,0.8,0.7885999836522947,7.337225137081457,32.60193574387435,5,20,59930,9.492928980335941,1,0.47025147216543334,0.08094343184268753
exp3,1176,0.9538073446794338,0.04008951615081757,0.8,0.805006115482988,4.146107510509836,29.410818117302732,200,20,60150,4.198478542170819,2,0.042694231147507145,0.23358782833736655
exp3,1177,0.9538579156960071,0.04025793199422678,0.8,0.805006115482988,5.063703453433188,30.328414060226084,0,20,60170,4.338996014182008,0,0.488507972002459,0.03471196811345607
exp3,1178,0.9538760911899871,0.04024136863686023,0.8,0.805006115482988,5.803279785814104,31.067990392607,0,20,60190,9.603387883757643,0,0.4883038252567124,0.07682710307006115
exp3,1179,0.9538666558340582,0.03888796096723801,0.8,0.5886137729852532,4.003083698562661,29.267794305355558,5,20,60215,4.884382069974889,1,0.4712997957648595,0.04407505655979911
exp3,1180,0.9538910041383662,0.037575764971641834,0.8,0.5886137729852532,2.526596836648257,27.791307443441152,0,20,60235,2.0090638135130754,0,0.48810455719383855,0.016072510508104605
exp3,1181,0.95389968364031,0.03629885814628442,0.8,0.5886137729852532,6.471203212530969,31.735913819323866,0,20,60255,6.612867107291501,0,0.4880099556615154,0.05290293685833201
exp3,1182,0.9538692407749115,0.03468764159361759,0.8,0.5886137729852532,5.307375487603791,30.57208609439669,0,20,60275,4.974030592616914,0,0.48769851609589987,0.03979224474093531
exp3,1183,0.9539055730185239,0.033452522105791305,0.8,0.5886137729852532,5.756053288713581,31.020763895506477,0,20,60295,5.2166177119515185,0,0.48746411305193,0.04173294169561215
exp3,1184,0.9538999898790165,0.03154069519094249,0.8,0.48993660742345463,4.487800956019486,29.75251156281238,5,20,60320,4.83684199248402,1,0.471865513760461,0.04369473593987216
exp3,1185,0.9539428207333002,0.031294408642076554,0.8,0.7259523215426572,6.716236091993803,31.9809466987867,5,20,60345,9.495966531987515,1,0.47160000777411376,0.08096773225590012
exp3,1186,0.9539893546865761,0.030840145726285906,0.8,0.7259523215426572,4.090833530973144,29.35554413776604,0,20,60365,4.767392501706466,0,0.4879323316328776,0.03813914001365173
exp3,1187,0.9539533306559232,0.031429537984427824,0.8,0.9207826172447503,2.4695813296450297,27.734291936437927,5,20,60390,2.1887951830469405,1,0.4713189794060483,0.022510361464375524
exp3,1188,0.9539595789920138,0.03199339144990254,0.8,0.9207826172447503,3.487803541151494,28.75251414794439,0,20,60410,1.3580388665441514,0,0.48783681846399735,0.01086431093235321
exp3,1189,0.9539847183176472,0.03348820105851402,0.8,1.0441904033584704,2.6743856466382256,27.93909625343112,5,20,60435,2.41096377608347,1,0.47124222511360586,0.02428771020866776
exp3,1190,0.9539614264784757,0.03481663584349115,0.8,1.0441904033584704,6.003678369041078,31.268388975833975,0,20,60455,8.86873451682492,0,0.4879120924525572,0.07094987613459937
exp3,1191,0.9540098758498889,0.03643266488706787,0.8,1.0441904033584704,6.174168124846526,31.43887873163942,0,20,60475,8.940151267086012,0,0.48749433019807104,0.0715212101366881
exp3,1192,0.9539869677463854,0.037644888149343636,0.8,1.0441904033584704,2.5141792469284647,27.77888985372136,0,20,60495,1.56618941633094,0,0.4870728529307601,0.01252951533064752
exp3,1193,0.9540152070185649,0.03905749436343897,0.8,1.0441904033584704,7.662634690813102,32.927345297605996,0,20,60515,9.575867933036385,0,0.48699895319681413,0.07660694346429107
exp3,1194,0.9539956076523037,0.03964154649458773,0.8,0.9234655771082991,6.828331816751737,32.09304242354463,5,20,60540,9.928310651341743,1,0.4723782135763618,0.08442648521073395
exp3,1195,0.9540012653433548,0.04001703446352656,0.8,0.8724317929541033,4.44276016223088,29.707470769023775,5,20,60565,4.373298896157103,1,0.47186572465094806,0.03998639116925683
exp3,1196,0.9540098068466417,0.04049465223576243,0.8,0.8724317929541033,5.905234767369678,31.169945374162573,0,20,60585,4.843784418393818,0,0.48725880206353217,0.038750275347150545
exp3,1197,0.9539906979428567,0.04093150989405081,0.8,0.8784215700689298,6.1852888039678975,31.449999410760793,5,20,60610,9.14171037497895,1,0.4718375723344785,0.07813368299983162
exp3,1198,0.9540110769877058,0.04081633609099056,0.8,0.7713213219733369,2.735019858881274,27.99973046567417,5,20,60635,1.414182202389455,1,0.4713627861435843,0.01631345761911564
exp3,1199,0.9540169483559134,0.04074414166740559,0.8,0.7903759569310311,2.7124862907050984,27.977196897497993,200,20,60855,1.3039933433254278,2,0.04116533988490556,0.21043194674660343
exp3,1200,0.9540534608197104,0.040499657155850244,0.8,0.7903759569310311,6.148833008589636,31.413543615382533,0,20,60875,10.105754507267271,0,0.4884254309838588,0.08084603605813817
exp3,1201,0.9540340543972039,0.040329275066626424,0.8,0.8053916327437237,4.1252584158906105,29.389969022683506,5,20,60900,4.726491720152886,1,0.4725372704926055,0.04281193376122309
exp3,1202,0.9540368771175782,0.04028383557223525,0.8,0.8053916327437237,6.501201988943654,31.765912595736552,0,20,60920,8.78604089144681,0,0.4881954577109166,0.07028832713157449
exp3,1203,0.954031696153348,0.04045516230965651,0.8,0.874407096268205,5.528316033027941,30.793026639820837,5,20,60945,4.348155171630821,1,0.47266769655317076,0.039785241373046565
exp3,1204,0.9540557730838054,0.04033856639409528,0.8,0.7880515219211731,3.706675404151523,28.971386010944418,5,20,60970,4.037453757381748,1,0.47242631932988466,0.03729963005905398
exp3,1205,0.9540577136185332,0.04037342196070515,0.8,0.7857460638118872,3.2348481700973535,28.49955877689025,200,20,61190,1.3217291953955168,2,0.03957614961429786,0.21057383356316411
exp3,1206,0.9540787269098656,0.040293828822060784,0.8,0.7923864589933768,4.77499625276177,30.039706859554666,200,20,61410,3.9488881540526455,2,0.037922425538299824,0.23159110523242116
exp3,1207,0.9540939412958644,0.04017377088190455,0.8,0.782224991513167,2.6423298743050116,27.90704048109791,5,20,61435,1.4019069387259693,1,0.47388726654010727,0.016215255509807756
exp3,1208,0.954115994969719,0.04010118066628887,0.8,0.782224991513167,3.2983193800523782,28.563029986845272,0,20,61455,4.079673366901493,0,0.4900634408508201,0.03263738693521194
exp3,1209,0.9540976599608721,0.03992057974282004,0.8,0.7638795452392336,5.879910037648407,31.144620644441304,200,20,61675,9.902037644021096,2,0.036156977286211305,0.2792163011521688
exp3,1210,0.9540730008914081,0.0398515128837007,0.8,0.7638795452392336,5.2061723276560485,30.470882934448944,0,20,61695,3.6888690243624698,0,0.4909309186506549,0.02951095219489976
exp3,1211,0.9540573464692198,0.03788421720602819,0.8,0.4435803995380472,3.465677249285671,28.73038785607857,5,20,61720,4.627801971070125,1,0.4751593633846991,0.04202241576856099
exp3,1212,0.9540159166471319,0.03743753597370281,0.8,0.76393327659949,2.1632182331148044,27.4279288399077,5,20,61745,1.3023445999495267,1,0.4749056400848451,0.015418756799596211
exp3,1213,0.9540174864424062,0.03725939343380191,0.8,0.76393327659949,4.641066414836411,29.905777021629305,0,20,61765,4.442194922852592,0,0.4910897221840406,0.03553755938282074
exp3,1214,0.9540000407139073,0.03693241569871886,0.8,0.76393327659949,7.140522674626418,32.405233281419314,0,20,61785,9.751962949245764,0,0.49088179871311227,0.07801570359396612
exp3,1215,0.9539888510686639,0.03738806402010608,0.8,0.8813265731729099,2.6858579841835994,27.950568590976495,5,20,61810,2.177826563358626,1,0.47544668027331016,0.02242261250686901
exp3,1216,0.9539681377372007,0.03732877456498351,0.8,0.7864502388280427,5.177887294004473,30.44259790079737,200,20,62030,9.711160539725302,2,0.03413416652935198,0.27768928431780243
exp3,1217,0.9539561475955787,0.037155583699234995,0.8,0.7864502388280427,4.3185509072767125,29.58326151406961,0,20,62050,4.436675447499845,0,0.4915757083431332,0.035493403579998764
exp3,1218,0.95393559346365,0.03724076999906023,0.8,0.7864502388280427,2.2648010499486557,27.52951165674155,0,20,62070,1.2212901993909524,0,0.4913682460831447,0.00977032159512762
exp3,1219,0.9539028439808896,0.03723137509672059,0.8,0.7864502388280427,4.954793671424904,30.219504278217798,0,20,62090,4.4477738658711266,0,0.4913111136991663,0.035582190926969015
exp3,1220,0.953888194840197,0.03706342897455428,0.8,0.7864502388280427,6.2061668898626685,31.470877496655564,0,20,62110,9.07464372574201,0,0.4911030217419574,0.07259714980593608
exp3,1221,0.9538894246300607,0.03705816596536782,0.8,0.7864502388280427,7.401129221062468,32.665839827855365,0,20,62130,10.521642571287963,0,0.4906782822890678,0.0841731405703037
exp3,1222,0.9539126189216686,0.03703700904115059,0.8,0.7864502388280427,2.384459161282413,27.64916976807531,0,20,62150,1.2683422132867663,0,0.4901853962339042,0.01014673770629413
exp3,1223,0.953906319454004,0.03688088441130288,0.8,0.7864502388280427,2.411934530848641,27.676645137641536,0,20,62170,1.4607899717539379,0,0.4901259215596214,0.011686319774031503
exp3,1224,0.9539287866153954,0.034558878420327566,0.8,0.3833189555981143,5.574397838943849,30.839108445736745,5,20,62195,5.450446423187601,1,0.47775508296378244,0.0486035713855008
exp3,1225,0.9539071713414167,0.032010097621868794,0.8,0.37474840673821214,5.229337561110574,30.494048167903472,5,20,62220,4.793140779200968,1,0.477463103485084,0.04334512623360774
exp3,1226,0.9538988505035915,0.031679160649615734,0.8,0.7637735209280169,3.93037801497091,29.195088621763805,5,20,62245,4.795865155285062,1,0.4772025644526941,0.0433669212422805
exp3,1227,0.9538888032537709,0.0314633477653975,0.8,0.7968178419557116,4.4092293511473795,29.673939957940277,5,20,62270,4.500140182188926,1,0.4769417619578494,0.041001121457511405
exp3,1228,0.9539038701566774,0.03137146212713382,0.8,0.7968178419557116,4.232012382145272,29.496722988938167,0,20,62290,4.598878850359565,0,0.49107433016378804,0.03679103080287652
exp3,1229,0.9539306436053449,0.0312691596770418,0.8,0.7968178419557116,3.8713019882218758,29.136012595014773,0,20,62310,4.033578071611426,0,0.4908590662325317,0.032268624572891404
exp3,1230,0.953938052923753,0.03112606908092841,0.8,0.7968178419557116,3.0173206681454245,28.28203127493832,0,20,62330,1.3463171512290357,0,0.4906701810952319,0.010770537209832285
exp3,1231,0.953964716757625,0.03245269174349552,0.8,1.0325915539828354,7.490732117516683,32.75544272430958,5,20,62355,14.773717022948905,1,0.4771427174340409,0.12318973618359123
exp3,1232,0.9539565831457292,0.0336534858169697,0.8,1.0325915539828354,4.890187196291855,30.15489780308475,0,20,62375,4.403027106769996,0,0.4913178319580647,0.03522421685415997
exp3,1233,0.9539084793408841,0.034792323314907,0.8,1.0325915539828354,7.744567981374816,33.00927858816771,0,20,62395,9.0250305635137,0,0.4911118362845254,0.0722002445081096
exp3,1234,0.9539242447404974,0.034441170474124205,0.8,0.7450044303076179,4.977793396578656,30.24250400337155,5,20,62420,4.361057034731296,1,0.4770038280041351,0.03988845627785036
exp3,1235,0.9538903383904456,0.03406684955911299,0.8,0.7601646601020321,2.4806910053396414,27.745401612132536,5,20,62445,1.4644653653774375,1,0.476763851201165,0.0167157229230195
exp3,1236,0.9538654633765989,0.0338644573939586,0.8,0.7601646601020321,4.881140027043608,30.145850633836503,0,20,62465,5.047340357215944,0,0.49101610575783683,0.04037872285772755
exp3,1237,0.9538374701552457,0.03350069651454801,0.8,0.7601646601020321,7.0618940288978385,32.326604635690735,0,20,62485,16.368958242998755,0,0.49077982269846276,0.13095166594399005
exp3,1238,0.9538736513044562,0.03355101818087247,0.8,0.8038585487686568,3.3429163903193135,28.60762699711221,5,20,62510,1.2256318291977595,1,0.47762399071509964,0.014805054633582077
exp3,1239,0.9538653899956284,0.03338802618669179,0.8,0.807694468210175,5.324787621224084,30.58949822801698,5,20,62535,4.076832821180849,1,0.4775350272815685,0.037614662569446795
exp3,1240,0.9538708568891652,0.0337491246807502,0.8,0.8666273805496233,4.666278407440456,29.93098901423335,5,20,62560,4.388600729887964,1,0.4773089640981834,0.04010880583910371
exp3,1241,0.9539101393881082,0.03415879086932083,0.8,0.8666273805496233,2.9905917764395853,28.255302383232483,0,20,62580,1.4781666580201656,0,0.49054655747164233,0.011825333264161325
exp3,1242,0.9539414222300776,0.034022924274076605,0.8,0.8071269114404083,3.9846106550104032,29.2493212618033,5,20,62605,4.337965387753942,1,0.47713414952007166,0.03970372310203153
exp3,1243,0.9539341324027238,0.03393757047845547,0.8,0.8071269114404083,4.5205074570256585,29.785218063818554,0,20,62625,4.856692688992666,0,0.49070630364581486,0.03885354151194133
exp3,1244,0.9539143818426868,0.033975585356791904,0.8,0.8071269114404083,6.930394864911559,32.19510547170445,0,20,62645,10.094745424438104,0,0.4904788038774923,0.08075796339550483
exp3,1245,0.953943647971284,0.03390629471809836,0.8,0.8071269114404083,6.752621356124641,32.01733196291754,0,20,62665,9.686199010693622,0,0.49000572633758543,0.07748959208554898
exp3,1246,0.9539638081753378,0.033755508584761174,0.8,0.8071269114404083,4.97746578073011,30.242176387523006,0,20,62685,9.605220037901093,0,0.4895513638648481,0.07684176030320874
exp3,1247,0.9539655085243641,0.03387691811801752,0.8,0.8071269114404083,8.772900857498986,34.037611464291885,0,20,62705,15.520692657398602,0,0.48910038967845043,0.12416554125918881
exp3,1248,0.9539302566145542,0.03390708209872473,0.8,0.8071269114404083,5.269152987768571,30.533863594561467,0,20,62725,9.417591012422772,0,0.4883710251792316,0.07534072809938216
exp3,1249,0.9539097086757014,0.03548840948999865,0.8,1.0918897013390205,3.8825092095274005,29.147219816320295,5,20,62750,3.722886010527406,1,0.47955662424553785,0.034783088084219246
exp3,1250,0.953902618292489,0.03712255905985651,0.8,1.0918897013390205,3.3710090241972135,28.63571963099011,0,20,62770,3.8485654707236248,0,0.4881274009435855,0.030788523765789
exp3,1251,0.9538919672562645,0.036891917528899754,0.8,0.7835847184116799,6.449290403295061,31.714001010087955,5,20,62795,8.975707484000058,1,0.47952196277563514,0.07680565987200047
exp3,1252,0.9539087305903777,0.03679973754656851,0.8,0.7835847184116799,2.88979686343005,28.154507470222946,0,20,62815,1.316710046204954,0,0.488386911039782,0.010533680369639632
exp3,1253,0.9539188200214053,0.0368758938370779,0.8,0.7835847184116799,2.8954894517856906,28.160200058578585,0,20,62835,1.3591635178666697,0,0.48832494554132827,0.010873308142933358
exp3,1254,0.9539142413419255,0.036654566264955224,0.8,0.7835847184116799,6.618492902789299,31.883203509582195,0,20,62855,10.177595098516013,0,0.4882609742278363,0.08142076078812811
exp3,1255,0.953924600134484,0.03641959906878445,0.8,0.7921180010216154,3.3512762705753194,28.615986877368215,5,20,62880,4.824512910763819,1,0.47964158759454933,0.043596103286110556
exp3,1256,0.9539188785136213,0.03623180119997327,0.8,0.7921180010216154,4.030578692175572,29.29528929896847,0,20,62900,4.362353070459083,0,0.48803197069051046,0.03489882456367266
exp3,1257,0.9539522010943567,0.03351123324758587,0.8,0.3509384676719381,4.9103884109295635,30.17509901772246,5,20,62925,10.320591642759656,1,0.4795773961846682,0.08756473314207724
exp3,1258,0.9539548526880239,0.030899714193093675,0.8,0.3509384676719381,4.63370525970274,29.898415866495636,0,20,62945,5.958045656164119,0,0.48832886007248155,0.04766436524931295
exp3,1259,0.9539314716412876,0.03086164106972833,0.8,0.8123186589469799,3.3969212093536107,28.661631816146507,200,20,63165,4.379709694467059,2,0.03262979627521879,0.23503767755573649
exp3,1260,0.9539216899937927,0.03153921543053939,0.8,0.9500707074487009,2.572200702752902,27.836911309545798,5,20,63190,1.015117052580142,1,0.480149201302829,0.013120936420641138
exp3,1261,0.9539677977469584,0.03251644167237133,0.8,0.9500707074487009,2.295987797098905,27.560698403891802,0,20,63210,1.1539886356962734,0,0.48896676639428266,0.009231909085570188
exp3,1262,0.9539771267667344,0.0325151535243442,0.8,0.8189152114660373,3.3860269884533643,28.65073759524626,5,20,63235,1.1932254269283271,1,0.48012287091649475,0.014545803415426616
exp3,1263,0.9539845085569812,0.032579168246498424,0.8,0.8189152114660373,2.5621736773816877,27.826884284174582,0,20,63255,1.3055399618114893,0,0.4889961613285649,0.010444319694491914
exp3,1264,0.9539909173780353,0.032530390651595464,0.8,0.8020931209835589,4.830861083269253,30.09557169006215,5,20,63280,4.317044046862599,1,0.48009485738815894,0.03953635237490079
exp3,1265,0.9539880574206687,0.03314172857836217,0.8,0.9329214237757771,4.129070747330022,29.39378135412292,5,20,63305,4.23832675902541,1,0.47985843203712586,0.038906614072203284
exp3,1266,0.9539959710539303,0.03393196475986915,0.8,0.9329214237757771,4.657992936555218,29.922703543348113,0,20,63325,3.9997210020870217,0,0.4893859706313582,0.031997768016696175
exp3,1267,0.9540212467624561,0.03471400841265737,0.8,0.9329214237757771,4.057531450177033,29.32224205696993,0,20,63345,4.184808693234815,0,0.48919811672018126,0.03347846954587852
exp3,1268,0.9540248890329315,0.03557527892438672,0.8,0.9329214237757771,5.9615091767247055,31.2262197835176,0,20,63365,9.110268324061884,0,0.48900149594212217,0.07288214659249508
exp3,1269,0.9540299526103565,0.035560903634307195,0.8,0.8306794877455593,5.592150278932671,30.856860885725567,200,20,63585,9.090536002422947,2,0.031020200274194797,0.27272428801938353
exp3,1270,0.9540630066615367,0.035744986337192586,0.8,0.824504782679326,4.11209480714668,29.376805413939575,5,20,63610,3.93334593835925,1,0.48133163809391344,0.036466767506874
exp3,1271,0.9540856887933856,0.03662710875824682,0.8,0.9671378633380591,2.250444880607958,27.515155487400854,5,20,63635,1.6650439628054756,1,0.48111409765631974,0.018320351702443803
exp3,1272,0.9540913560944916,0.037611691918585155,0.8,0.9745503125768193,6.354977611420464,31.619688218213362,5,20,63660,8.595063802755577,1,0.4810047612024148,0.07376051042204462
exp3,1273,0.9540778512919895,0.038468837892618235,0.8,0.9558098296857315,5.472168699328279,30.736879306121175,5,20,63685,3.9001046747424777,1,0.48056446971509886,0.03620083739793982
exp3,1274,0.9540699343547342,0.03926510366525593,0.8,0.9415286201935588,4.079682377238907,29.344392984031803,5,20,63710,4.200128239541506,1,0.48034818976693383,0.03860102591633205
exp3,1275,0.9540826962904004,0.04013033555902601,0.8,0.9415286201935588,5.966545343015293,31.231255949808187,0,20,63730,8.949374192764896,0,0.4906864222058202,0.07159499354211916
exp3,1276,0.9541105867948011,0.04102981425398777,0.8,0.9415286201935588,3.567027627837004,28.8317382346299,0,20,63750,1.1407744340428825,0,0.4902671953821476,0.00912619547234306
exp3,1277,0.9541534953137997,0.03795054700933376,0.8,0.2779700971133215,4.927858788753868,30.192569395546762,5,20,63775,5.440001811743802,1,0.48057336100765946,0.048520014493950415
exp3,1278,0.9541688160974421,0.03780164673498121,0.8,0.8057599904311074,3.483464430983895,28.74817503777679,5,20,63800,4.322596524100182,1,0.480283487115444,0.039580772192801456
exp3,1279,0.9541774408305405,0.0376810504416919,0.8,0.8057599904311074,4.207920662497683,29.47263126929058,0,20,63820,4.394959818153112,0,0.490721817602264,0.0351596785452249
exp3,1280,0.9541902193205222,0.036218760697642516,0.8,0.5505949065136776,4.261833219948225,29.526543826741122,5,20,63845,5.036096184732695,1,0.48024540695612605,0.045288769477861555
exp3,1281,0.9542309593417213,0.03488311367592378,0.8,0.5505949065136776,2.8329758009830437,28.09768640777594,0,20,63865,3.082915574207419,0,0.49077724168349457,0.02466332459365935
exp3,1282,0.9542417989909304,0.03473801925196274,0.8,0.7785300923060848,5.269167216230986,30.533877823023882,5,20,63890,9.435560898163766,1,0.48011389935865306,0.08048448718531014
exp3,1283,0.9542233583196833,0.03438245967222597,0.8,0.7785300923060848,4.850147659037242,30.114858265830136,0,20,63910,9.35133515541154,0,0.49109730139622704,0.07481068124329232
exp3,1284,0.9542241651803002,0.03414082500554538,0.8,0.7785300923060848,3.5126270752648976,28.777337682057794,0,20,63930,1.2986870257308476,0,0.4906596064264734,0.01038949620584678
exp3,1285,0.9542106985048174,0.03400946707107089,0.8,0.7785300923060848,6.735842378385469,32.000552985178366,0,20,63950,8.680344733650012,0,0.49059876678525005,0.0694427578692001
exp3,1286,0.9541999620953039,0.03385551243801266,0.8,0.7785300923060848,5.2890000680823,30.553710674875198,0,20,63970,4.4236561149307185,0,0.49019207082120053,0.03538924891944575
exp3,1287,0.9542213541341534,0.03373118410663667,0.8,0.7785300923060848,6.368297891916743,31.63300849870964,0,20,63990,9.065178450581348,0,0.4899846415322201,0.07252142760465077
exp3,1288,0.9542366972427803,0.03444982182374978,0.8,0.909475323858097,4.840248529436603,30.1049591362295,5,20,64015,4.359348613844614,1,0.4811155313515112,0.03987478891075691
exp3,1289,0.9542417266225361,0.03429345090539826,0.8,0.7671428141859504,4.264315079136229,29.529025685929124,5,20,64040,4.1022695393330775,1,0.48087755970602913,0.03781815631466462
exp3,1290,0.9542614818970319,0.03420587266522235,0.8,0.7671428141859504,5.7065570456398325,30.97126765243273,0,20,64060,4.165146359938899,0,0.4900068610890368,0.03332117087951119
exp3,1291,0.9542498158894943,0.034377571447320565,0.8,0.8382013748896228,5.173520074187326,30.438230680980222,5,20,64085,9.018009045810665,1,0.48084013480512655,0.07714407236648532
exp3,1292,0.9542675949353718,0.03469038433627003,0.8,0.8382013748896228,4.926159595025298,30.190870201818193,0,20,64105,4.386889222780731,0,0.4902559098077595,0.03509511378224585
exp3,1293,0.9542734312726608,0.034806074378326946,0.8,0.8382013748896228,3.806077143246841,29.070787750039738,0,20,64125,4.712015117248713,0,0.49005023088912686,0.0376961209379897
exp3,1294,0.9542880110783029,0.0359297924604286,0.8,0.9555984535302848,5.270581032152327,30.535291638945225,5,20,64150,8.828561114971965,1,0.48079087119890773,0.07562848891977572
exp3,1295,0.9542860016931093,0.03560741867365902,0.8,0.7541271147708909,4.55983319329555,29.824543800088446,5,20,64175,4.222487154006824,1,0.48033923994853617,0.03877989723205459
exp3,1296,0.9542779366358584,0.035333753065934115,0.8,0.7541271147708909,2.788037939447335,28.05274854624023,0,20,64195,1.3738098135175616,0,0.49048855095406363,0.010990478508140493
exp3,1297,0.9543131948623073,0.03582601041914213,0.8,0.9077554952479103,4.509373693956089,29.774084300748985,5,20,64220,4.080183848629656,1,0.48016951259231183,0.03764147078903725
exp3,1298,0.9543005982740962,0.036375601213048836,0.8,0.9077554952479103,2.556590233057934,27.82130083985083,0,20,64240,2.1518957929981086,0,0.49064129646723864,0.01721516634398487
exp3,1299,0.9543077286758236,0.037014380388311285,0.8,0.9077554952479103,3.557944515931425,28.82265512272432,0,20,64260,4.564074898932966,0,0.49054048287408025,0.03651259919146373
exp3,1300,0.9542850262415272,0.03751777140924262,0.8,0.9077554952479103,2.844055047981338,28.108765654774235,0,20,64280,1.421829414856172,0,0.49032661882481454,0.011374635318849377
exp3,1301,0.9542471712555254,0.03789602086808297,0.8,0.9077554952479103,6.111449456765264,31.37616006355816,0,20,64300,9.195710560057831,0,0.490259965782065,0.07356568448046265
exp3,1302,0.9542774870291697,0.03956301766138426,0.8,1.063444539439802,7.030506967059775,32.29521757385267,5,20,64325,12.063809921578091,1,0.480727641793286,0.10151047937262472
exp3,1303,0.9542880517133421,0.04112253687810363,0.8,1.063444539439802,4.439873247325092,29.70458385411799,0,20,64345,6.536991485678227,0,0.4904136477904827,0.05229593188542582
exp3,1304,0.9542931563449971,0.042492708385589495,0.8,1.063444539439802,3.019755063711963,28.284465670504858,0,20,64365,1.6454653119055627,0,0.4901072590142554,0.013163722495244501
exp3,1305,0.95432606475628,0.043471397808369505,0.8,0.9608895033941497,5.1285548558285985,30.393265462621493,5,20,64390,4.052269730104214,1,0.4804910863805767,0.037418157840833716
exp3,1306,0.9543327209669765,0.043974673862926195,0.8,0.9033775965208872,2.7113583379514345,27.97606894474433,5,20,64415,1.321817353360545,1,0.4802675014956431,0.01557453882688436
exp3,1307,0.9542809140007354,0.04444619206164191,0.8,0.9033775965208872,5.208671648207663,30.47338225500056,0,20,64435,8.56278696284299,0,0.49033555873907125,0.06850229570274392
exp3,1308,0.9542860713684008,0.04521581412482523,0.8,0.9361163379187113,6.1859026768022005,31.450613283595096,5,20,64460,9.487369975612985,1,0.48056128038980506,0.08089895980490389
exp3,1309,0.9542605413382407,0.044731186024076885,0.8,0.7076523110509443,2.3738752842982356,27.638585891091132,5,20,64485,1.410431855269093,1,0.48007795851587204,0.016283454842152746
exp3,1310,0.954266700736628,0.04404795364436398,0.8,0.7076523110509443,2.9252671610418575,28.189977767834755,0,20,64505,1.2878937355459477,0,0.4904942545318917,0.01030314988436758
exp3,1311,0.9542707085204623,0.04340682708166832,0.8,0.7076523110509443,3.5724167531022393,28.837127359895135,0,20,64525,1.6593377676676302,0,0.49043390048453805,0.01327470214134104
exp3,1312,0.9542599460857814,0.04281096708483112,0.8,0.7076523110509443,5.313367772758674,30.57807837955157,0,20,64545,9.468646877611555,0,0.4903561302020336,0.07574917502089243
exp3,1313,0.9542382769423945,0.04237344651752417,0.8,0.7076523110509443,6.1005697278360405,31.365280334628935,0,20,64565,9.843393607279685,0,0.48991228455732067,0.07874714885823748
exp3,1314,0.9542123851842856,0.04324379491847241,0.8,1.010308715590364,4.2938703757123315,29.558580982505227,5,20,64590,5.095610677097245,1,0.480986535394426,0.04576488541677796
exp3,1315,0.9542175364651293,0.04465484441559353,0.8,1.010308715590364,2.5025730153361683,27.767283622129064,0,20,64610,1.1595082727086983,0,0.48971392033349426,0.009276066181669585
exp3,1316,0.9542457490585593,0.04586870071599469,0.8,1.010308715590364,3.9552832285497903,29.219993835342684,0,20,64630,3.6709492491748037,0,0.48965949762175875,0.029367593993398427
exp3,1317,0.9542022564932708,0.04688854304039858,0.8,1.010308715590364,3.2574805497820596,28.522191156574955,0,20,64650,1.5087423702960203,0,0.489487179441173,0.012069938962368163
exp3,1318,0.9541994185116703,0.047942177050610435,0.8,1.010308715590364,5.205097067802812,30.469807674595707,0,20,64670,9.027272643395435,0,0.489416332906085,0.07221818114716347
exp3,1319,0.9542033210761175,0.04761591723330094,0.8,0.7640699258000917,4.402144290067222,29.666854896860116,5,20,64695,3.646373870703454,1,0.4814086999175465,0.03417099096562763
exp3,1320,0.9542218184073443,0.0477167409608511,0.8,0.7989783058128731,6.520044828503914,31.78475543529681,200,20,64915,9.83575502309342,2,0.029606203975466632,0.27868604018474735
exp3,1321,0.9542380227937484,0.04848950212907144,0.8,0.9387588933160813,5.6932285683264094,30.957939175119307,5,20,64940,12.66214062951947,1,0.48212026670991415,0.10629712503615577
exp3,1322,0.9542427552000857,0.04895094442157977,0.8,0.8870540072803732,5.016333011347222,30.281043618140117,5,20,64965,9.515995982706295,1,0.4814871548899943,0.08112796786165036
exp3,1323,0.954243389196348,0.048799918551663324,0.8,0.7717973417153029,6.66405248298522,31.928763089778116,200,20,65185,9.166929395412796,2,0.02779567921002566,0.27333543516330233
exp3,1324,0.9542431110389866,0.04966028805623668,0.8,0.9469233075405497,4.660544626532562,29.92525523332546,5,20,65210,4.2538771549771255,1,0.4818591554143698,0.039031017239817
exp3,1325,0.95422149937054,0.04950468142853082,0.8,0.7793942353726325,5.557068765908453,30.82177937270135,5,20,65235,9.162644386453072,1,0.48162655991380743,0.07830115509162458
exp3,1326,0.9542668466418458,0.04940247905743789,0.8,0.7793942353726325,5.19563040932745,30.460341016120346,0,20,65255,4.234668338101699,0,0.49275479321134374,0.033877346704813585
exp3,1327,0.954283783244564,0.049308450544584326,0.8,0.7793942353726325,2.3625208581066572,27.627231464899552,0,20,65275,1.330087295811125,0,0.4925572467991843,0.010640698366489
exp3,1328,0.9542859570411623,0.04912845795056775,0.8,0.7793942353726325,5.348716523223027,30.61342713001592,0,20,65295,8.570068563610963,0,0.4924951737131925,0.06856054850888771
exp3,1329,0.9542660790823448,0.049126383029789444,0.8,0.7793942353726325,5.408288615738916,30.67299922253181,0,20,65315,4.201147023430058,0,0.4920951729764625,0.03360917618744046
exp3,1330,0.9542458359153768,0.048303407923191655,0.8,0.6681562016598555,5.4059692462690325,30.670679853061927,5,20,65340,4.992242992244412,1,0.4819905196710755,0.04493794393795529
exp3,1331,0.9542576605677753,0.04910327233128631,0.8,0.9357785340775728,6.046717284275016,31.31142789106791,5,20,65365,11.439372665414837,1,0.48172279310853083,0.09651498132331869
exp3,1332,0.9542519565631763,0.0499495558598535,0.8,0.9357785340775728,8.704618683304698,33.96932929009759,0,20,65385,15.502952325034162,0,0.4927177478918151,0.12402361860027329
exp3,1333,0.9542666438820143,0.05065717603949815,0.8,0.9357785340775728,3.2249683652503935,28.48967897204329,0,20,65405,2.342594352940071,0,0.4919944869491747,0.018740754823520566
exp3,1334,0.9542888649319184,0.0514226734021056,0.8,0.9357785340775728,9.474876027202395,34.73958663399529,0,20,65425,18.03228803561962,0,0.4918850376968947,0.14425830428495695
exp3,1335,0.9542992169680937,0.052294524561451006,0.8,0.9416101884872972,3.430928516698411,28.695639123491308,5,20,65450,1.795001164879662,1,0.4827736131729384,0.019360009319037298
exp3,1336,0.9542889370108695,0.05247074327963319,0.8,0.8771887453954818,3.2296255333663013,28.4943361401592,5,20,65475,3.613215142237111,1,0.4826584492172013,0.03390572113789689
exp3,1337,0.9543032839001067,0.05235444896026453,0.8,0.7896029727665628,3.9929825656558493,29.257693172448747,5,20,65500,4.940672482213768,1,0.4824567144044459,0.04452537985771014
exp3,1338,0.9542883449351245,0.053135719678449544,0.8,0.9499382958433846,4.814817487297463,30.07952809409036,5,20,65525,13.175973593403459,1,0.4821916893520191,0.11040778874722768
exp3,1339,0.9542618667850903,0.0543291325176366,0.8,1.0438622005109273,7.524312028144903,32.7890226349378,5,20,65550,8.421494544170516,1,0.48153418749968246,0.07237195635336413
exp3,1340,0.9542304039694363,0.05398771402575797,0.8,0.7975299079337322,3.8760868598202967,29.140797466613193,200,20,65770,4.276111066191345,2,0.026232331198772333,0.23420888852953076
exp3,1341,0.9542470378879059,0.05384584328888253,0.8,0.7602584460848032,2.9609028631493532,28.22561346994225,5,20,65795,1.3716658893726843,1,0.48180676780686893,0.01597332711498147
exp3,1342,0.9542496946310557,0.053690138999519355,0.8,0.7602584460848032,6.45709855874249,31.721809165535387,0,20,65815,9.316772418090524,0,0.4934792393659381,0.0745341793447242
exp3,1343,0.9542578619998117,0.05353439642652258,0.8,0.8063556829833705,4.994499301372368,30.259209908165264,5,20,65840,4.149243838542751,1,0.4821339690249868,0.03819395070834201
exp3,1344,0.9542711869146724,0.05371815536658686,0.8,0.8442654903843051,5.384539748465501,30.649250355258395,5,20,65865,10.10538479318653,1,0.48190648494074395,0.08584307834549225
exp3,1345,0.9542521506577353,0.05394134070750156,0.8,0.8442654903843051,3.5345227739693006,28.799233380762196,0,20,65885,4.5425301749432485,0,0.4937649404969812,0.03634024139954599
exp3,1346,0.9542698932593662,0.05460990209456518,0.8,0.9158176866641449,3.334276496814402,28.5989871036073,5,20,65910,4.810018708246158,1,0.4816007921586543,0.04348014966596926
exp3,1347,0.9542271428262484,0.05505032562100587,0.8,0.9158176866641449,3.394140092530509,28.658850699323406,0,20,65930,3.732930527686467,0,0.4938059291698042,0.029863444221491738
exp3,1348,0.9542019837781929,0.05453526666509145,0.8,0.7511815879141881,3.7291862460950345,28.99389685288793,5,20,65955,4.60472514952337,1,0.4815106637399767,0.041837801196186956
exp3,1349,0.9542243277314181,0.05495102428851484,0.8,0.8735770914749608,5.354571279231751,30.619281886024645,5,20,65980,9.10253820720989,1,0.4812611710395968,0.07782030565767913
exp3,1350,0.9542299707513007,0.0554548623973089,0.8,0.8735770914749608,3.5615774290646933,28.82628803585759,0,20,66000,1.3823832395411064,0,0.49432727257705467,0.011059065916328851
exp3,1351,0.9542340631788563,0.05582492879917955,0.8,0.8735770914749608,4.731986550654311,29.99669715744721,0,20,66020,4.460183107058598,0,0.49426298930812074,0.03568146485646879
exp3,1352,0.954209317474727,0.05593958516314379,0.8,0.8735770914749608,5.151638950147575,30.41634955694047,0,20,66040,9.11902421768645,0,0.4940555558768404,0.0729521937414916
exp3,1353,0.9541945634381627,0.05634079929535951,0.8,0.8735770914749608,4.289165990267095,29.55387659705999,0,20,66060,4.11041489112533,0,0.4936312718629185,0.03288331912900264
exp3,1354,0.95422325346825,0.056221443228687384,0.8,0.7751455173280712,3.0329759915395864,28.297686598332483,5,20,66085,1.2701591162663672,1,0.48166043041609546,0.015161272930130937
exp3,1355,0.9542295279214207,0.056172121977125844,0.8,0.8054637228710244,6.21179425596443,31.476504862757327,5,20,66110,9.22546456574272,1,0.48157004458430747,0.07880371652594177
exp3,1356,0.9542596398820953,0.05641279624247897,0.8,0.8290665037650549,3.6317075283733478,28.896418135166243,5,20,66135,5.003251349096319,1,0.48110017243574243,0.04502601079277055
exp3,1357,0.9542399633199501,0.057259780595654286,0.8,0.9671838090834238,4.4494020079825365,29.71411261477543,5,20,66160,4.8234683443907524,1,0.48083145079110123,0.043587746755126014
exp3,1358,0.95422836754103,0.0574739183487849,0.8,0.8310086107285266,4.9430979864159506,30.207808593208846,5,20,66185,3.823259300617302,1,0.48057117535656424,0.03558607440493841
exp3,1359,0.9542303874853824,0.05758849975537017,0.8,0.8310086107285266,4.142402624940207,29.407113231733103,0,20,66205,4.090925133562459,0,0.49470754839358827,0.032727401068499674
exp3,1360,0.9542229722246004,0.05768830198276964,0.8,0.8310086107285266,4.439062743391667,29.703773350184562,0,20,66225,4.147444373310206,0,0.4945174595780952,0.033179554986481646
exp3,1361,0.9541820367028772,0.056548695262289894,0.8,0.6343942921766275,2.5839894264898895,27.848700033282785,5,20,66250,2.296170021873605,1,0.4807310995880638,0.02336936017498884
exp3,1362,0.9542165264243296,0.055710222341115334,0.8,0.6343942921766275,3.3458365434760036,28.6105471502689,0,20,66270,1.520331623883691,0,0.49446057493522266,0.012162652991069528
exp3,1363,0.954209182032074,0.05448503516503911,0.8,0.6343942921766275,4.868557492617779,30.133268099410675,0,20,66290,9.205575637835127,0,0.4943898959070572,0.07364460510268102
exp3,1364,0.9542239866721114,0.051883956547955634,0.8,0.35691736320545997,3.943175261863462,29.20788586865636,5,20,66315,3.8627667304529205,1,0.48107673820854063,0.03590213384362336
exp3,1365,0.9541963881848831,0.05184735267537255,0.8,0.8141438110295977,9.87664007536489,35.141350682157785,5,20,66340,16.81506163642071,1,0.48086245863003235,0.1395204930913657
exp3,1366,0.9542008834271601,0.05185017476087628,0.8,0.8141438110295977,4.832319588392603,30.0970301951855,0,20,66360,4.350720548279494,0,0.49498160527351126,0.03480576438623595
exp3,1367,0.9542156023477447,0.0517950810007457,0.8,0.8141438110295977,4.75742848418179,30.022139090974687,0,20,66380,9.557618981163127,0,0.4947795570713061,0.07646095184930501
exp3,1368,0.9542174769733432,0.0490248239980996,0.8,0.3541331723760648,3.1183010407830385,28.383011647575934,5,20,66405,3.3375787119402416,1,0.4806579582255312,0.03170062969552193
exp3,1369,0.9541958080796913,0.04639624162437772,0.8,0.3541331723760648,6.753633813453764,32.01834442024666,0,20,66425,9.650590161616215,0,0.4945198756048891,0.07720472129292973
exp3,1370,0.95417573683707,0.043720653392726905,0.8,0.3541331723760648,6.293161465406744,31.55787207219964,0,20,66445,10.914804112396537,0,0.4940712808870824,0.0873184328991723
exp3,1371,0.9541615608682315,0.043594382552181066,0.8,0.7932362375482234,4.254350734758961,29.519061341551858,5,20,66470,3.9103800073744983,1,0.4813990175667166,0.036283040058995984
exp3,1372,0.9542105232131717,0.041095163660312184,0.8,0.3575912667999798,4.959177944381375,30.22388855117427,5,20,66495,4.408598363577832,1,0.4811826018212082,0.04026878690862266
exp3,1373,0.9542228080957519,0.03852484999079486,0.8,0.3575912667999798,4.612839608698881,29.877550215491777,0,20,66515,6.142280869375897,0,0.49400805845131757,0.049138246955007174
exp3,1374,0.9542214316629438,0.036003484301703415,0.8,0.3575912667999798,4.522558760013134,29.78726936680603,0,20,66535,1.6111404437268144,0,0.4937222469139993,0.012889123549814516
exp3,1375,0.9542416420520782,0.03347818539610825,0.8,0.3575912667999798,2.9688663230462775,28.233576929839174,0,20,66555,2.175151852572564,0,0.49364723423888374,0.01740121482058051
exp3,1376,0.9542550560109628,0.033499397722623114,0.8,0.7966465764404086,7.307629583473496,32.57234019026639,200,20,66775,10.000241191581159,2,0.025062215119289778,0.2800019295326493
exp3,1377,0.9542700611739265,0.033352440009507545,0.8,0.7966465764404086,5.673184738998176,30.937895345791073,0,20,66795,3.923777604914729,0,0.49436583001624207,0.03139022083931783
exp3,1378,0.9542457301745947,0.03318723962561565,0.8,0.7966465764404086,5.88830859841876,31.153019205211656,0,20,66815,4.360346692668684,0,0.4941833816332962,0.03488277354134947
exp3,1379,0.9542507551297891,0.033005090489218625,0.8,0.7966465764404086,3.284873235397756,28.549583842190653,0,20,66835,3.9665061355864486,0,0.4939805586985117,0.031732049084691585
exp3,1380,0.9542764065519191,0.0343429512337704,0.8,1.0140950045230506,2.889838795731526,28.154549402524424,5,20,66860,3.4918545205202283,1,0.48274725253619893,0.032934836164161825
exp3,1381,0.9542945819609656,0.03556644636923245,0.8,1.0140950045230506,3.9788726098953613,29.243583216688258,0,20,66880,8.000076355982202,0,0.4939873224489521,0.06400061084785762
exp3,1382,0.9543047488037874,0.03672554050923216,0.8,1.0140950045230506,3.3103888206035363,28.57509942739643,0,20,66900,4.580587207612341,0,0.4936150487213192,0.03664469766089873
exp3,1383,0.9543210823854904,0.037155799251226695,0.8,0.8934937466985123,4.365057780364283,29.629768387157178,5,20,66925,4.4522964730496986,1,0.4831228980200002,0.04061837178439759
exp3,1384,0.9543299903039085,0.03778885327611814,0.8,0.8934937466985123,4.843929661839969,30.108640268632865,0,20,66945,4.200312585525845,0,0.4936375294445447,0.03360250068420676
exp3,1385,0.9543148551608128,0.0388184334341074,0.8,1.0192018215378278,4.832024671094343,30.09673527788724,5,20,66970,3.9690292360577826,1,0.4830723539915312,0.03675223388846226
exp3,1386,0.9543174615946595,0.03814150296309271,0.8,0.7323467213414422,5.573670988851062,30.83838159564396,5,20,66995,4.229426203865397,1,0.48285386154064763,0.038835409630923176
exp3,1387,0.9543131336000263,0.0377642667299124,0.8,0.7323467213414422,5.263057194840067,30.52776780163296,0,20,67015,4.4970123164539135,0,0.4938808608072861,0.035976098531631306
exp3,1388,0.9543558477938295,0.03736590386640759,0.8,0.7323467213414422,4.253972014195432,29.51868262098833,0,20,67035,4.570852578633153,0,0.4936715527575013,0.03656682062906523
exp3,1389,0.9543756603289746,0.03691191889037271,0.8,0.7323467213414422,7.035296411009053,32.300007017801946,0,20,67055,8.058076099397768,0,0.49345871784402956,0.06446460879518215
exp3,1390,0.9543828952026912,0.0362956134913579,0.8,0.7323467213414422,5.1720668703655415,30.436777477158437,0,20,67075,4.330516255529826,0,0.4930833443533222,0.03464413004423861
exp3,1391,0.9544006348400703,0.03690793239419565,0.8,0.9183625918202223,11.158848308654807,36.4235589154477,5,20,67100,25.402185928785162,1,0.4835982961174857,0.20821748743028126
exp3,1392,0.9543995531255778,0.035236828778278495,0.8,0.5047285821887652,4.348700604171699,29.613411210964596,5,20,67125,4.6594715442120815,1,0.4823617856779607,0.04227577235369665
exp3,1393,0.9543947470200527,0.033264748807535716,0.8,0.5047285821887652,3.805391675477787,29.070102282270682,0,20,67145,4.370193991527246,0,0.49433460438682264,0.03496155193221796
exp3,1394,0.954422696452694,0.0332295136887345,0.8,0.7785427108707241,2.4564172180034936,27.72112782479639,5,20,67170,1.306987571554262,1,0.4823084148069144,0.015455900572434095
exp3,1395,0.9544249666376052,0.03312651594728433,0.8,0.7785427108707241,4.715355177608689,29.980065784401585,0,20,67190,4.44180878843752,0,0.49422124124067457,0.03553447030750016
exp3,1396,0.9544461027689044,0.03441874671419187,0.8,1.0094418926640512,3.0621768724660443,28.32688747925894,5,20,67215,1.1655746139111622,1,0.48241799553730497,0.0143245969112893
exp3,1397,0.9544455930737961,0.035666183076628166,0.8,1.0094418926640512,4.255315930659097,29.520026537451994,0,20,67235,4.526529411033672,0,0.49409790383862917,0.036212235288269376
exp3,1398,0.9544583706229346,0.039492543168538896,0.8,1.486360885752103,5.458528028369096,30.72323863516199,5,20,67260,9.212500501706277,1,0.4825382253128379,0.07870000401365021
exp3,1399,0.9544757150098014,0.04365575821099699,0.8,1.486360885752103,3.403323149621065,28.668033756413962,0,20,67280,6.7168235514348416,0,0.49434461620079234,0.05373458841147873
exp3,1400,0.9545066331287787,0.04775503054655561,0.8,1.486360885752103,2.440047019393342,27.704757626186236,0,20,67300,6.1500071995590035,0,0.49403228292064094,0.04920005759647203
exp3,1401,0.9544977470274566,0.04901392542626948,0.8,1.0284167463638942,3.241131343743229,28.505841950536126,5,20,67325,4.996771920030778,1,0.4826538650040727,0.04497417536024622
exp3,1402,0.9545243348143999,0.049173492402141195,0.8,0.8047095242951422,3.280497974702718,28.545208581495615,200,20,67545,1.367971037885178,2,0.023606342431039852,0.21094376830308142
exp3,1403,0.9545034394018258,0.049012005588552454,0.8,0.8018672958893361,4.206283443565523,29.47099405035842,5,20,67570,4.20662912282887,1,0.4829630982592429,0.03865303298263096
exp3,1404,0.9544953930680854,0.048755839429936665,0.8,0.78307856114258,2.314251064043336,27.578961670836232,5,20,67595,1.3696292382700435,1,0.4827332560849376,0.015957033906160347
exp3,1405,0.9544808924103795,0.04873278812836246,0.8,0.78307856114258,6.036920001381552,31.30163060817445,0,20,67615,8.823548302431192,0,0.49491630317218704,0.07058838641944953
exp3,1406,0.9544836227369338,0.04866067963772458,0.8,0.78307856114258,4.457193181607682,29.721903788400578,0,20,67635,4.212392224091915,0,0.49450648158906,0.033699137792735326
exp3,1407,0.9545346249492673,0.040345659471382356,0.8,-0.6372318030769502,4.803701589780318,30.068412196573213,5,20,67660,15.211964726975701,1,0.48323071528495465,0.12669571781580563
exp3,1408,0.9545767219852459,0.031997195005960766,0.8,-0.6372318030769502,5.31050005428336,30.575210661076255,0,20,67680,12.742697174801547,0,0.49504752349579384,0.10194157739841239
exp3,1409,0.9545879440587893,0.03261212438241046,0.8,0.8796224789767861,6.334584823133864,31.59929542992676,5,20,67705,9.552880313598251,1,0.48305647637228544,0.08142304250878601
exp3,1410,0.9546397346351101,0.03403749983968429,0.8,1.0174826891581397,3.7461956276684387,29.010906234461334,5,20,67730,4.47782894928175,1,0.4825724064837803,0.040822631594254
exp3,1411,0.9546574595983579,0.035230878187830994,0.8,1.0174826891581397,3.2744797300842357,28.53919033687713,0,20,67750,4.156761200629746,0,0.4951672483936586,0.033254089605037965
exp3,1412,0.9546579482400007,0.035857142375620765,0.8,0.9036567198152979,5.100995528270101,30.365706135062997,5,20,67775,4.030253988539656,1,0.4825181982615681,0.03724203190831725
exp3,1413,0.95465498619775,0.034239734479039274,0.8,0.52846649761357,2.9849505444725146,28.24966115126541,5,20,67800,1.8976100460320626,1,0.4822965517221621,0.0201808803682565
exp3,1414,0.954678132718601,0.03423326607822652,0.8,0.8153856866294563,4.541762824812998,29.806473431605895,5,20,67825,4.378508597504655,1,0.4821763917682684,0.040028068780037236
exp3,1415,0.9546885577204627,0.03428544608806705,0.8,0.8153856866294563,4.536063863947851,29.80077447074075,0,20,67845,4.153957917542789,0,0.4955420308107651,0.03323166334034232
exp3,1416,0.9546920240568737,0.03421592381154459,0.8,0.8153856866294563,3.3766939917888106,28.64140459858171,0,20,67865,1.1803498910082764,0,0.49534933951969357,0.00944279912806621
exp3,1417,0.9547291392640835,0.03432837285556323,0.8,0.8153856866294563,4.274375374688435,29.539085981481332,0,20,67885,4.1465767409607235,0,0.4952945647836982,0.03317261392768579
exp3,1418,0.9547252835486462,0.032981801164743474,0.8,0.5536089432019393,7.805729621662697,33.070440228455595,5,20,67910,8.978129747981702,1,0.48236821288128456,0.07682503798385362
exp3,1419,0.9547306375647218,0.03414232380521476,0.8,0.9833247630638385,6.629645043247888,31.894355650040783,5,20,67935,9.126385246415046,1,0.4819108577263874,0.07801108197132037
exp3,1420,0.9547224374596118,0.03499935281259614,0.8,0.9833247630638385,8.13119911439598,33.39590972118887,0,20,67955,16.204744144781717,0,0.49600449405598707,0.12963795315825372
exp3,1421,0.9546747565590162,0.03293424196190731,0.8,0.47561749292966526,5.056356218642541,30.321066825435437,5,20,67980,4.212289398780848,1,0.48218039107108124,0.03869831519024678
exp3,1422,0.9546887376676705,0.031280640763194256,0.8,0.47561749292966526,3.7717714723770954,29.036482079169993,0,20,68000,3.76856941749756,0,0.49547900087108515,0.030148555339980482
exp3,1423,0.9547095088467534,0.03104761825104463,0.8,0.7544133521138522,3.923673888403437,29.18838449519633,200,20,68220,4.366531703625246,2,0.022574949179069572,0.234932253629002
exp3,1424,0.9547259524560268,0.03091647004201048,0.8,0.7544133521138522,5.346252657144933,30.61096326393783,0,20,68240,4.210309368655596,0,0.4959281202320661,0.03368247494924477
exp3,1425,0.9547154021403388,0.02844337502488703,0.8,0.39592225934208913,4.7148946415008615,29.97960524829376,5,20,68265,4.844104634760406,1,0.48291914765739535,0.043752837078083244
exp3,1426,0.9547026279911414,0.029810169094511618,0.8,1.089044728516485,4.727802663888213,29.99251327068111,5,20,68290,4.42321350364733,1,0.48265895837458683,0.04038570802917864
exp3,1427,0.9547149310567461,0.02966952348073515,0.8,0.7985137251573515,3.5468604481546357,28.81157105494753,5,20,68315,1.2210342593600503,1,0.4824186691490133,0.014768274074880402
exp3,1428,0.9546858975061643,0.029782891272898127,0.8,0.7985137251573515,5.710360600716503,30.975071207509398,0,20,68335,9.53329018669628,0,0.49631011118114804,0.07626632149357024
exp3,1429,0.954695585225732,0.02970734719670909,0.8,0.7985137251573515,5.263531116752677,30.528241723545573,0,20,68355,8.944624261568027,0,0.49586857530132417,0.07155699409254421
exp3,1430,0.954714991520038,0.030372455694479328,0.8,0.9315972380209847,3.2225275980401045,28.487238204833,5,20,68380,1.3630535622651747,1,0.48317009471236344,0.015904428498121397
exp3,1431,0.9547219945397876,0.030317749657991833,0.8,0.7923061362419016,3.581631966793033,28.84634257358593,5,20,68405,4.083186792227432,1,0.48307556039921057,0.03766549433781945
exp3,1432,0.9547133163040179,0.030116058381437494,0.8,0.7923061362419016,4.318245003305583,29.58295561009848,0,20,68425,4.461585669193947,0,0.49576627816179625,0.03569268535355157
exp3,1433,0.9547268787026816,0.0298820229681257,0.8,0.7923061362419016,4.336935517771671,29.601646124564567,0,20,68445,3.8619968639196083,0,0.49555941101981316,0.030895974911356865
exp3,1434,0.9547135664339134,0.029395523582617877,0.8,0.7486245173511348,5.242692771989541,30.507403378782435,5,20,68470,4.246751002454546,1,0.4832300456789107,0.038974008019636366
exp3,1435,0.9547093415090281,0.029510171130618823,0.8,0.8592857624343291,5.864733713372011,31.129444320164907,5,20,68495,4.5461289332164085,1,0.4829984170512374,0.04136903146573127
exp3,1436,0.9546995699460736,0.030820918258164243,0.8,1.0394127630594276,3.2181220303262372,28.482832637119134,5,20,68520,4.098858990459691,1,0.48275244210367935,0.03779087192367753
exp3,1437,0.95471627639995,0.032316704367323035,0.8,1.0394127630594276,4.79014070111909,30.054851307911985,0,20,68540,4.053832803206571,0,0.49606918763341473,0.032430662425652575
exp3,1438,0.9547130346757287,0.03376933976487195,0.8,1.0394127630594276,2.3457700877703584,27.610480694563254,0,20,68560,1.7539631988949147,0,0.4958813421465898,0.014031705591159318
exp3,1439,0.954719710026217,0.03379083313267395,0.8,0.8111740207220342,5.703787398694775,30.96849800548767,5,20,68585,4.378160095745494,1,0.48279146761694275,0.04002528076596395
exp3,1440,0.9547342150363574,0.033802851768627296,0.8,0.8111740207220342,5.957889139628022,31.22259974642092,0,20,68605,8.65639719237813,0,0.4960335400658869,0.06925117753902503
exp3,1441,0.9547159722102913,0.03369216799720531,0.8,0.7874619327442162,5.293513749510745,30.55822435630364,5,20,68630,4.516306066666387,1,0.4829466011282431,0.0411304485333311
exp3,1442,0.9547066810346908,0.03337431710668859,0.8,0.7565223228352937,4.409171474219434,29.67388208101233,5,20,68655,4.511358669173384,1,0.482702019729832,0.04109086935338707
exp3,1443,0.9546839305553885,0.03318296674831833,0.8,0.7565223228352937,2.8944919538372127,28.15920256063011,0,20,68675,1.426237389838256,0,0.4961120168827362,0.01140989911870605
exp3,1444,0.9546742588482205,0.032848130411335386,0.8,0.7565223228352937,7.560845139391555,32.82555574618445,0,20,68695,9.380526919208942,0,0.4960459340744478,0.07504421535367153
exp3,1445,0.9546808796153978,0.03295812006236465,0.8,0.8208311872529854,4.214142741567856,29.47885334836075,5,20,68720,4.784783872637342,1,0.4829484111008432,0.04327827098109873
exp3,1446,0.9546990404137272,0.03321190988132605,0.8,0.8208311872529854,4.945582504316484,30.21029311110938,0,20,68740,4.687753115513876,0,0.49586362478733825,0.037502024924111005
exp3,1447,0.9546920854716731,0.033220573441019474,0.8,0.8208311872529854,5.625958175662539,30.890668782455435,0,20,68760,4.267772798892613,0,0.49564631405973264,0.034142182391140904
exp3,1448,0.954725444696355,0.03190429676990747,0.8,0.5695333595522752,4.791624354119485,30.05633496091238,5,20,68785,4.206595829371687,1,0.4830980632149964,0.038652766634973496
exp3,1449,0.9546981905146179,0.030404757321403797,0.8,0.5695333595522752,5.541582240642433,30.80629284743533,0,20,68805,2.858956380215602,0,0.4956737214789864,0.022871651041724818
exp3,1450,0.9547315685089757,0.0304695933339022,0.8,0.7835647470609469,5.002769471268206,30.2674800780611,5,20,68830,9.602328750379627,1,0.4829982359574779,0.08181863000303702
exp3,1451,0.954720417903667,0.03170830826015769,0.8,1.00941239377687,5.173745453288923,30.43845606008182,5,20,68855,8.420514439668409,1,0.4825117584025487,0.07236411551734727
exp3,1452,0.9547247380341155,0.03297192919046965,0.8,1.00941239377687,7.014212174337064,32.27892278112996,0,20,68875,8.340811897072223,0,0.4964405486005312,0.06672649517657778
exp3,1453,0.9547116127127547,0.03406846417632492,0.8,1.00941239377687,2.0499317035348703,27.314642310327766,0,20,68895,2.0047729841804576,0,0.49605434515787933,0.01603818387344366
exp3,1454,0.9547216826947285,0.03532015282641254,0.8,1.00941239377687,4.128881342463409,29.393591949256304,0,20,68915,5.0469178253176,0,0.49596144576103063,0.0403753426025408
exp3,1455,0.9547476633493676,0.035014528097542796,0.8,0.7364424531402072,5.79820087911594,31.062911485908835,5,20,68940,4.615374813902902,1,0.48277989116009074,0.04192299851122321
exp3,1456,0.9547420405890815,0.03476100223669254,0.8,0.7364424531402072,5.434502781902122,30.699213388695018,0,20,68960,4.483260480842333,0,0.49597206941163674,0.03586608384673866
exp3,1457,0.9547505677679905,0.03371230173099904,0.8,0.6210259138135675,2.2096159728640914,27.47432657965699,5,20,68985,2.575858123740449,1,0.48273415574393186,0.025606864989923594
exp3,1458,0.9547428628933674,0.030036936287388794,0.8,0.21491065419595765,7.8685410602989245,33.13325166709182,5,20,69010,3.9354590694194673,1,0.48258182047806,0.03648367255535574
exp3,1459,0.9547518787246733,0.0266106451295266,0.8,0.21491065419595765,5.961527577598667,31.226238184391562,0,20,69030,11.74584221827557,0,0.4961265512742961,0.09396673774620455
exp3,1460,0.954765809230334,0.02338245415953122,0.8,0.21491065419595765,3.205576420033399,28.470287026826295,0,20,69050,6.113274959122969,0,0.4955823373071233,0.04890619967298375
exp3,1461,0.9547943202575041,0.023541558115344974,0.8,0.7741736206373829,7.3315575007043305,32.596268107497224,5,20,69075,9.513913084846163,1,0.4831759491905253,0.0811113046787693
exp3,1462,0.954790123454226,0.023214344458604486,0.8,0.7741736206373829,5.751245414371284,31.01595602116418,0,20,69095,4.662961090560813,0,0.49577149091214084,0.03730368872448651
exp3,1463,0.9547397910723957,0.022893189558419902,0.8,0.7741736206373829,3.5013565084876337,28.766067115280528,0,20,69115,4.473018886578817,0,0.4955552890156764,0.03578415109263054
exp3,1464,0.9547381803479734,0.022859507942062818,0.8,0.7741736206373829,4.523263608907787,29.787974215700682,0,20,69135,4.712447066058604,0,0.4953478028835327,0.03769957652846883
exp3,1465,0.9547304674952295,0.02523260254061921,0.8,1.23319704733913,4.253042773703583,29.51775338049648,5,20,69160,6.585856348587629,1,0.4833233617431767,0.05768685078870104
exp3,1466,0.9547443022900399,0.027599416137765953,0.8,1.23319704733913,2.292447256535305,27.5571578633282,0,20,69180,1.6674228524913506,0,0.49546519925370314,0.013339382819930804
exp3,1467,0.95473379701951,0.024741884354421373,0.8,0.3039466842636623,3.078215850991791,28.342926457784685,5,20,69205,1.8473979185334515,1,0.4830563936761723,0.019779183348267608
exp3,1468,0.9546984266008745,0.02177389283132858,0.8,0.3039466842636623,5.014360237791573,30.279070844584467,0,20,69225,4.173810956910821,0,0.4955031336663092,0.03339048765528657
exp3,1469,0.9546894990969428,0.018692274125210018,0.8,0.3039466842636623,5.512123030250033,30.776833637042927,0,20,69245,9.481607148512273,0,0.49530950615495173,0.07585285718809819
exp3,1470,0.9546669042027119,0.015686665570187608,0.8,0.3039466842636623,2.840267429534671,28.104978036327566,0,20,69265,7.100158197061152,0,0.49486947098002193,0.056801265576489214
exp3,1471,0.9546212582953035,0.012618740813800988,0.8,0.3039466842636623,6.373203347219009,31.637913954011907,0,20,69285,11.013982989919336,0,0.49453966334266963,0.08811186391935469
exp3,1472,0.954623162391057,0.011112887238156843,0.8,0.49233480826365567,3.22529350242745,28.490004109220347,5,20,69310,1.8866893120715054,1,0.48438463645217283,0.020093514496572047
exp3,1473,0.9546370821041634,0.01113474266628911,0.8,0.8277819394298956,4.9686732556272935,30.23338386242019,5,20,69335,4.317214826227006,1,0.48426548938340136,0.039537718609816044
exp3,1474,0.9546321873617459,0.011218777979619343,0.8,0.8277819394298956,3.4107363838936786,28.675446990686574,0,20,69355,1.40196922541993,0,0.49437440650396847,0.01121575380335944
exp3,1475,0.9546512048048645,0.0113799804971636,0.8,0.8277819394298956,4.830693767958726,30.095404374751624,0,20,69375,3.8698887887197615,0,0.49430921867493116,0.030959110309758092
exp3,1476,0.9546407106818551,0.011474689747734468,0.8,0.8277819394298956,4.438787833030894,29.70349843982379,0,20,69395,4.655312270294911,0,0.49412925539608193,0.03724249816235929
exp3,1477,0.9546632631890485,0.011512628620969911,0.8,0.8277819394298956,3.3931026151214896,28.657813221914385,0,20,69415,1.2760960384257882,0,0.49391268832147645,0.010208768307406305
exp3,1478,0.9546423541272699,0.011603407293782397,0.8,0.8277819394298956,5.336050462540757,30.600761069333654,0,20,69435,4.018489687892566,0,0.49385329777543424,0.03214791750314053
exp3,1479,0.9546487086411374,0.011565504689647899,0.8,0.8277819394298956,3.2135867548787775,28.47829736167167,0,20,69455,4.250806010872633,0,0.49366625155574106,0.03400644808698107
exp3,1480,0.9546420646816625,0.011679306891775099,0.8,0.8277819394298956,3.276626220711886,28.541336827504782,0,20,69475,4.33445407623087,0,0.4934683170043348,0.034675632609846956
exp3,1481,0.9546588163529295,0.012581681099086639,0.8,0.9373071003209815,5.585196695465344,30.849907302258238,5,20,69500,4.142377812930534,1,0.4851167411435897,0.03813902250344427
exp3,1482,0.9546711526149733,0.01252258852898358,0.8,0.776704032703431,4.5394793424525615,29.80418994924546,5,20,69525,4.171640354945154,1,0.48489091984651317,0.03837312283956123
exp3,1483,0.9546593216349055,0.012329757745923042,0.8,0.776704032703431,2.651075030224544,27.91578563701744,0,20,69545,1.349710419150086,0,0.49371058881548424,0.010797683353200688
exp3,1484,0.9546852653960008,0.010563778581888728,0.8,0.50123448748226,2.108718209617852,27.373428816410748,5,20,69570,3.8991545676030235,1,0.48472518871485054,0.03619323654082419
exp3,1485,0.954675881331471,0.010415246818954671,0.8,0.7666156457871087,2.262069326164672,27.526779932957567,5,20,69595,1.1904214338558265,1,0.48451072188988736,0.014523371470846614
exp3,1486,0.9546738683943897,0.010264688188982185,0.8,0.7666156457871087,5.678990481266926,30.94370108805982,0,20,69615,4.516546368254069,0,0.4939423731338493,0.03613237094603255
exp3,1487,0.9546986518761161,0.010131634192748318,0.8,0.7795370191725008,2.488897375165424,27.75360798195832,200,20,69835,1.1648456322397622,2,0.021637235607728768,0.2093187650579181
exp3,1488,0.9546991554900325,0.010248097381828747,0.8,0.7795370191725008,3.72164557561729,28.986356182410187,0,20,69855,5.199794492949724,0,0.4942615984902716,0.0415983559435978
exp3,1489,0.9546892130251324,0.011259164229965868,0.8,0.9863746704217179,5.0810930135492205,30.345803620342117,5,20,69880,4.507689148761692,1,0.4853874795855828,0.04106151319009353
exp3,1490,0.954704871238944,0.012179259667400855,0.8,0.9863746704217179,3.8540136048714255,29.118724211664322,0,20,69900,1.5293222499924988,0,0.4942584670922694,0.01223457799993999
exp3,1491,0.9547150128248186,0.013216260563948534,0.8,0.9863746704217179,2.1408630079009074,27.405573614693804,0,20,69920,2.869051624973983,0,0.4941873409894063,0.022952412999791862
exp3,1492,0.9547077460837564,0.014261832782889505,0.8,0.9612727641979425,3.2857882011704502,28.550498807963347,5,20,69945,4.073129696069437,1,0.4853453811136446,0.037585037568555496
exp3,1493,0.9547264065937661,0.015075524488038505,0.8,0.9612727641979425,5.558784475413972,30.82349508220687,0,20,69965,9.53635468732924,0,0.4942723931937573,0.07629083749863393
exp3,1494,0.9547099860625821,0.015655420563187805,0.8,0.9309350905450491,3.4541438590608875,28.718854465853784,5,20,69990,1.2313362909565624,1,0.4855584544378721,0.014850690327652499
exp3,1495,0.9547068329159728,0.016374581800592813,0.8,0.9309350905450491,3.462325914832446,28.727036521625344,0,20,70010,1.7166853806960973,0,0.4939151842037612,0.013733483045568779
exp3,1496,0.9547170403673635,0.01715366113595873,0.8,0.9309350905450491,4.3572763658143145,29.62198697260721,0,20,70030,4.186664371137729,0,0.4938352886765692,0.03349331496910184
exp3,1497,0.9547261841265359,0.017917361442096325,0.8,0.9309350905450491,3.6046454405047337,28.86935604729763,0,20,70050,4.325217091756511,0,0.49364040743544735,0.03460173673405209
exp3,1498,0.9547430565525099,0.01847403662501712,0.8,0.9227005386280762,5.3686098928654085,30.633320499658304,5,20,70075,4.956278188793209,1,0.4859382015690131,0.04465022551034567
exp3,1499,0.9547214663615429,0.019094645615517658,0.8,0.9227005386280762,5.321879124121421,30.586589730914316,0,20,70095,9.177350775671933,0,0.49369825463508604,0.07341880620537547
exp3,1500,0.9547221137908738,0.01887524182269129,0.8,0.7716656092869967,6.73674489461988,32.00145550141278,5,20,70120,9.575407857680828,1,0.4860938527011243,0.08160326286144662
