schedule,t,reward,gap,beta_true,beta_hat,cert,cert_hp,n_cal,n_mon,cum_aud,xi_sq,exp3_arm,exp3_p,exp3_loss
monitor_only,1,0.9295510483866838,0.026586326529161042,0.0,0.0,6.019920141574687,31.284630748367583,0,20,20,10.016547585359145,,,
monitor_only,2,0.9296712672960018,0.0265702019239642,0.0,0.0,4.31476071022784,29.579471317020737,0,20,40,4.713767666682455,,,
monitor_only,3,0.9296900875596412,0.026483173891429068,0.0,0.0,4.101837335114526,29.36654794190742,0,20,60,4.442870639303496,,,
monitor_only,4,0.9296882645079799,0.026512145812742194,0.0,0.0,5.981664482594934,31.24637508938783,0,20,80,8.920364027490939,,,
monitor_only,5,0.9297593277223115,0.026309367706301323,0.0,0.0,6.074934848382744,31.339645455175642,0,20,100,9.465571943930232,,,
monitor_only,6,0.929810990491141,0.026292462945865513,0.0,0.0,4.026715549172331,29.291426155965226,0,20,120,4.596000113818211,,,
monitor_only,7,0.9299950349402998,0.026045706884346043,0.0,0.0,2.2116239443217967,27.476334551114693,0,20,140,1.2428528837109916,,,
monitor_only,8,0.9300194640280645,0.026059898370668244,0.0,0.0,6.174166888232196,31.438877495025093,0,20,160,9.222188392026231,,,
monitor_only,9,0.9301689731550257,0.02593226242306812,0.0,0.0,4.0742141386650905,29.338924745457987,0,20,180,4.474061906210666,,,
monitor_only,10,0.9303442881929997,0.02567669936146666,0.0,0.0,4.089637313933851,29.354347920726745,0,20,200,4.743177591242683,,,
monitor_only,11,0.9304303416881766,0.025615511636127852,0.0,0.0,4.0640946181452975,29.328805224938193,0,20,220,3.9390184707698754,,,
monitor_only,12,0.9304646910797307,0.02558834613247485,0.0,0.0,8.05819054134394,33.322901148136836,0,20,240,16.263458932888764,,,
monitor_only,13,0.9305201695806214,0.025515031312627223,0.0,0.0,4.0422573725027515,29.30696797929565,0,20,260,4.651401549118139,,,
monitor_only,14,0.9306448110942377,0.025526602654154185,0.0,0.0,4.121110295195347,29.385820901988243,0,20,280,4.411303984242377,,,
monitor_only,15,0.930645601001481,0.02562757683590222,0.0,0.0,4.035630676841658,29.300341283634552,0,20,300,4.1999074384773705,,,
monitor_only,16,0.9307658537332367,0.025298073194774617,0.0,0.0,6.451137882804079,31.715848489596976,0,20,320,8.897610815279783,,,
monitor_only,17,0.9307776194140888,0.0252475058732603,0.0,0.0,5.925382865320478,31.190093472113375,0,20,340,9.437748665034396,,,
monitor_only,18,0.9308177825976852,0.02509786504216016,0.0,0.0,4.327152374674608,29.591862981467504,0,20,360,3.92487292405065,,,
monitor_only,19,0.9309607297536325,0.024756582643065128,0.0,0.0,4.015841745238832,29.280552352031727,0,20,380,3.878780900604954,,,
monitor_only,20,0.9310220736800884,0.02466202937886386,0.0,0.0,6.035904584560175,31.30061519135307,0,20,400,9.328996594156486,,,
monitor_only,21,0.9312402914081168,0.0244076366369127,0.0,0.0,2.2442760335550154,27.50898664034791,0,20,420,1.28876936313915,,,
monitor_only,22,0.9312960441209338,0.024398441145832894,0.0,0.0,4.18756888817236,29.452279494965257,0,20,440,4.11778823127944,,,
monitor_only,23,0.9312812922395934,0.02452693035596598,0.0,0.0,2.2136607428371327,27.478371349630027,0,20,460,1.1505343241910577,,,
monitor_only,24,0.9313789815722857,0.024573671164672684,0.0,0.0,6.329470305893,31.594180912685896,0,20,480,9.302042354732237,,,
monitor_only,25,0.9315106883441058,0.02442208398465906,0.0,0.0,4.304427551541614,29.56913815833451,0,20,500,3.748092931765016,,,
monitor_only,26,0.9315818124566344,0.024439750422868833,0.0,0.0,4.118416744021986,29.38312735081488,0,20,520,4.524889234299173,,,
monitor_only,27,0.931534861412776,0.024398105214530452,0.0,0.0,2.3332765806990965,27.59798718749199,0,20,540,1.3733054481334706,,,
monitor_only,28,0.9317216636032067,0.024036847869329026,0.0,0.0,4.193527268740098,29.458237875532994,0,20,560,4.371957380977962,,,
monitor_only,29,0.9317193606259812,0.02416916537587488,0.0,0.0,6.275187737407934,31.53989834420083,0,20,580,9.274284551087298,,,
monitor_only,30,0.9318218796607081,0.023985017903893957,0.0,0.0,6.143728802112405,31.408439408905302,0,20,600,9.964138284299139,,,
monitor_only,31,0.9317766523352426,0.023942629955141514,0.0,0.0,2.2225732672291034,27.487283874021998,0,20,620,1.3475063616026532,,,
monitor_only,32,0.931966425409609,0.02375079278036729,0.0,0.0,4.289726117451441,29.554436724244336,0,20,640,4.354831729453233,,,
monitor_only,33,0.9318216330738187,0.023901804078088285,0.0,0.0,4.134472692331486,29.39918329912438,0,20,660,4.103652996235781,,,
monitor_only,34,0.9318950719609248,0.023736042250169564,0.0,0.0,4.358024279300725,29.62273488609362,0,20,680,4.684279662080139,,,
monitor_only,35,0.9319981957784248,0.023620394987180715,0.0,0.0,4.260524178786088,29.525234785578984,0,20,700,4.955343189211511,,,
monitor_only,36,0.9321027643951982,0.023578385455637618,0.0,0.0,4.031031187318637,29.29574179411153,0,20,720,4.676892763617996,,,
monitor_only,37,0.9323650511605868,0.023246362946306665,0.0,0.0,2.2132687263945305,27.477979333187427,0,20,740,1.2291923048349624,,,
monitor_only,38,0.9323848827487842,0.02312830962829404,0.0,0.0,3.9646967224551326,29.22940732924803,0,20,760,4.45295945692682,,,
monitor_only,39,0.9324352843645075,0.023014125521435558,0.0,0.0,5.971600019948097,31.236310626740995,0,20,780,9.521495255843785,,,
monitor_only,40,0.9326384429263784,0.02281876315087794,0.0,0.0,2.265525058931728,27.530235665724625,0,20,800,1.2438316570409367,,,
monitor_only,41,0.9326042243669399,0.02295633641784256,0.0,0.0,4.135750064777008,29.400460671569903,0,20,820,4.3775100262327244,,,
monitor_only,42,0.9326095427135316,0.02288077789682552,0.0,0.0,4.522094345995981,29.786804952788877,0,20,840,3.9349020507254173,,,
monitor_only,43,0.9327703832815126,0.022698620904592293,0.0,0.0,4.125529336779919,29.390239943572816,0,20,860,4.628677754758675,,,
monitor_only,44,0.932854375504794,0.022513297922903686,0.0,0.0,4.021307582012616,29.286018188805514,0,20,880,4.486815591030388,,,
monitor_only,45,0.9329129480088559,0.022494465917702655,0.0,0.0,4.2531544367523235,29.51786504354522,0,20,900,4.793941174062065,,,
monitor_only,46,0.93294975599292,0.02252107010819282,0.0,0.0,3.8871490758757252,29.151859682668622,0,20,920,4.394013941878236,,,
monitor_only,47,0.9330078575529314,0.022667601234493406,0.0,0.0,2.2476121144068686,27.512322721199766,0,20,940,1.501247442850386,,,
monitor_only,48,0.9331603513129062,0.02234896105962869,0.0,0.0,4.265988133184975,29.530698739977872,0,20,960,4.40437280979952,,,
monitor_only,49,0.9332415915665662,0.022227630810047305,0.0,0.0,2.2740589205002344,27.53876952729313,0,20,980,1.365690249366939,,,
monitor_only,50,0.9333466571448323,0.022132059651888025,0.0,0.0,2.265025338601749,27.529735945394645,0,20,1000,1.370682953790765,,,
monitor_only,51,0.9334919056712425,0.021839359085393806,0.0,0.0,4.199245572167963,29.46395617896086,0,20,1020,4.292544229354059,,,
monitor_only,52,0.9336256387382512,0.02164271158561981,0.0,0.0,2.246283874164993,27.51099448095789,0,20,1040,1.31824890680012,,,
monitor_only,53,0.9338499307730088,0.021286551165182854,0.0,0.0,4.385494117319338,29.650204724112236,0,20,1060,4.22997438026149,,,
monitor_only,54,0.9338604268769115,0.021276102409688025,0.0,0.0,2.356363394360993,27.62107400115389,0,20,1080,1.3312510635575194,,,
monitor_only,55,0.9340175229969039,0.02108331269479502,0.0,0.0,4.138755636481536,29.40346624327443,0,20,1100,4.476228802678673,,,
monitor_only,56,0.9342384534227302,0.0209776325074863,0.0,0.0,5.877859418347171,31.142570025140067,0,20,1120,9.206587286456507,,,
monitor_only,57,0.9343326020338631,0.02082519998323329,0.0,0.0,6.525433893963219,31.790144500756114,0,20,1140,9.595571520247994,,,
monitor_only,58,0.9344101952190397,0.020778958874406617,0.0,0.0,2.1712532685917796,27.435963875384676,0,20,1160,1.2687507385473953,,,
monitor_only,59,0.934518926015779,0.02060033010235396,0.0,0.0,2.5017730139831444,27.76648362077604,0,20,1180,1.297843930133305,,,
monitor_only,60,0.9346305005189822,0.020446564951634882,0.0,0.0,6.193627513509339,31.458338120302237,0,20,1200,8.724541769462759,,,
monitor_only,61,0.9345943872248037,0.02032650630500943,0.0,0.0,4.058947794375582,29.32365840116848,0,20,1220,3.900798518427946,,,
monitor_only,62,0.9347195159558827,0.020029061468474052,0.0,0.0,4.096415545570498,29.361126152363394,0,20,1240,4.534477635854178,,,
monitor_only,63,0.934784797216378,0.01997572655443003,0.0,0.0,4.0196150306193905,29.284325637412287,0,20,1260,4.374099378556288,,,
monitor_only,64,0.9346919013470788,0.020138746035254007,0.0,0.0,2.1952590039234097,27.459969610716307,0,20,1280,1.304635910024149,,,
monitor_only,65,0.9347680831158977,0.020006893813299786,0.0,0.0,6.044709889141475,31.309420495934372,0,20,1300,9.00513357226989,,,
monitor_only,66,0.9349712544740825,0.01975283249213089,0.0,0.0,3.975147607626859,29.239858214419755,0,20,1320,4.766122658731017,,,
monitor_only,67,0.9351704453550189,0.019436738906856266,0.0,0.0,4.191141945735062,29.455852552527958,0,20,1340,4.129594195420297,,,
monitor_only,68,0.9352764705681768,0.01944379886465375,0.0,0.0,4.26075709670238,29.525467703495277,0,20,1360,4.8181139956460735,,,
monitor_only,69,0.9353433252278893,0.019335912436049485,0.0,0.0,6.582306866809282,31.84701747360218,0,20,1380,9.504833867767621,,,
monitor_only,70,0.9354376937666626,0.019158637906138587,0.0,0.0,2.2185568066934223,27.483267413486317,0,20,1400,1.3464498639560252,,,
monitor_only,71,0.9355195882212023,0.019026265355405192,0.0,0.0,6.044874631314432,31.309585238107328,0,20,1420,9.384886119329753,,,
monitor_only,72,0.9356566587295293,0.01893689460688841,0.0,0.0,4.151348472953879,29.416059079746773,0,20,1440,4.6389183804200425,,,
monitor_only,73,0.9357769386311433,0.0187300664008474,0.0,0.0,7.837742967836334,33.10245357462923,0,20,1460,16.79727592642241,,,
monitor_only,74,0.935881469383504,0.01856297511818339,0.0,0.0,2.3395601014116387,27.604270708204535,0,20,1480,1.1878501132001476,,,
monitor_only,75,0.936034307845713,0.018369086571938253,0.0,0.0,4.388440577014169,29.653151183807065,0,20,1500,4.219506534768425,,,
monitor_only,76,0.9360974486351545,0.018389640603514223,0.0,0.0,6.308707819988543,31.573418426781437,0,20,1520,9.361522463225468,,,
monitor_only,77,0.9360971526044174,0.018502138149930514,0.0,0.0,4.200604409282876,29.46531501607577,0,20,1540,4.670560432293831,,,
monitor_only,78,0.9361548629444121,0.018475193587559002,0.0,0.0,4.848361459308744,30.11307206610164,0,20,1560,4.103178864621057,,,
monitor_only,79,0.9361809415691159,0.01847150467719294,0.0,0.0,6.507682247852299,31.772392854645194,0,20,1580,9.30375967452459,,,
monitor_only,80,0.936344896284666,0.018311307101092744,0.0,0.0,6.285710953183972,31.55042155997687,0,20,1600,9.405863515073573,,,
monitor_only,81,0.9364659455936373,0.018133414269053016,0.0,0.0,4.184437727369246,29.449148334162143,0,20,1620,4.381685894300038,,,
monitor_only,82,0.9365357100779732,0.018132042676523685,0.0,0.0,4.3023077547096396,29.567018361502534,0,20,1640,4.495687748733398,,,
monitor_only,83,0.93667109603209,0.018010630323537224,0.0,0.0,4.194510416162203,29.4592210229551,0,20,1660,4.311187221787874,,,
monitor_only,84,0.936772501084335,0.017877075375696272,0.0,0.0,4.308248743163752,29.572959349956648,0,20,1680,4.064758876871018,,,
monitor_only,85,0.9366961509636528,0.017915007372463432,0.0,0.0,3.8318239641194984,29.096534570912393,0,20,1700,4.1050311841743286,,,
monitor_only,86,0.9368164306431632,0.017672052266814786,0.0,0.0,3.9443741403854853,29.20908474717838,0,20,1720,4.7479237932191225,,,
monitor_only,87,0.9367727813196696,0.01776656814791111,0.0,0.0,2.685465527055431,27.950176133848327,0,20,1740,1.4077969157949657,,,
monitor_only,88,0.9368566964532671,0.017577720012449394,0.0,0.0,4.038512038046305,29.303222644839202,0,20,1760,3.940661535992233,,,
monitor_only,89,0.9368873236294606,0.017736767071271475,0.0,0.0,4.351829690405668,29.616540297198565,0,20,1780,4.4654813922732695,,,
monitor_only,90,0.9369951893297008,0.017551055036278407,0.0,0.0,5.998563309100504,31.2632739158934,0,20,1800,9.919854509017673,,,
monitor_only,91,0.9369290856780159,0.017612444372852032,0.0,0.0,6.358224994609476,31.62293560140237,0,20,1820,9.240072255910118,,,
monitor_only,92,0.936977531021853,0.017504130831620168,0.0,0.0,5.813856954939644,31.07856756173254,0,20,1840,9.563604075594121,,,
monitor_only,93,0.9371652935718787,0.01720543725731205,0.0,0.0,4.138484326564514,29.403194933357412,0,20,1860,4.671992775507788,,,
monitor_only,94,0.9372285107418982,0.017190091292669685,0.0,0.0,6.2672428038354235,31.53195341062832,0,20,1880,10.07133756843317,,,
monitor_only,95,0.9372179930828705,0.017143125053960984,0.0,0.0,2.3005551801364614,27.56526578692936,0,20,1900,1.354541337395911,,,
monitor_only,96,0.9372142484569215,0.01700371840891768,0.0,0.0,2.28535274082261,27.550063347615506,0,20,1920,1.318314092770253,,,
monitor_only,97,0.9373211842582334,0.016879591657072757,0.0,0.0,2.3305442514754025,27.595254858268298,0,20,1940,1.3309145532555988,,,
monitor_only,98,0.9375017760361565,0.016738415563413822,0.0,0.0,4.464623965369458,29.729334572162355,0,20,1960,4.375465723295897,,,
monitor_only,99,0.9376304834899846,0.0165839934340285,0.0,0.0,2.3483698063409917,27.613080413133886,0,20,1980,1.2453384451002874,,,
monitor_only,100,0.9377106870670802,0.016543425881878404,0.0,0.0,8.189731039784782,33.45444164657768,0,20,2000,16.517977772519814,,,
monitor_only,101,0.9377355948068483,0.01649736805805646,0.0,0.0,2.307498146355922,27.572208753148818,0,20,2020,1.283361026797298,,,
monitor_only,102,0.9378244260188882,0.01636864523070336,0.0,0.0,4.11456651360031,29.379277120393205,0,20,2040,3.9773161186103687,,,
monitor_only,103,0.9379853663661569,0.01620196515111272,0.0,0.0,6.37424274076366,31.638953347556555,0,20,2060,9.163838804163602,,,
monitor_only,104,0.9379120216619921,0.016491286158933027,0.0,0.0,4.161477011734668,29.426187618527564,0,20,2080,4.396697210434802,,,
monitor_only,105,0.9380292424318332,0.016268353081053677,0.0,0.0,2.515149826217726,27.779860433010622,0,20,2100,1.362528424638375,,,
monitor_only,106,0.938105464545849,0.01620940919492153,0.0,0.0,4.387576676413405,29.652287283206302,0,20,2120,4.300817104957279,,,
monitor_only,107,0.9382006739614426,0.016164913919326174,0.0,0.0,4.060042799695463,29.32475340648836,0,20,2140,4.2828821528294405,,,
monitor_only,108,0.9381985898094657,0.01621762617303102,0.0,0.0,4.332587411349022,29.597298018141917,0,20,2160,4.472127526840909,,,
monitor_only,109,0.9383073632234492,0.01608019348660883,0.0,0.0,3.82349669614912,29.088207302942017,0,20,2180,4.602374661776353,,,
monitor_only,110,0.9383921015594591,0.01593122030025962,0.0,0.0,4.174377208964725,29.43908781575762,0,20,2200,4.248372180063032,,,
monitor_only,111,0.9385056281647217,0.01584135354176308,0.0,0.0,4.079499341148976,29.34420994794187,0,20,2220,4.368860804009191,,,
monitor_only,112,0.9386343416473757,0.015690357018374512,0.0,0.0,4.162321430789433,29.42703203758233,0,20,2240,4.735895731892946,,,
monitor_only,113,0.9386368882768441,0.015669516863110466,0.0,0.0,6.1907064606966875,31.455417067489584,0,20,2260,9.499123315746285,,,
monitor_only,114,0.938674041207715,0.015580529025838175,0.0,0.0,4.432534948597861,29.697245555390758,0,20,2280,4.285204425765233,,,
monitor_only,115,0.9387331597373957,0.01545266940498824,0.0,0.0,4.067646248507757,29.332356855300652,0,20,2300,4.384570706981353,,,
monitor_only,116,0.938887781735603,0.015316833545359398,0.0,0.0,2.2449323284717497,27.509642935264644,0,20,2320,1.3827285410054004,,,
monitor_only,117,0.9389990948455684,0.015264455558776646,0.0,0.0,5.716711833114187,30.98142243990708,0,20,2340,9.32320876302114,,,
monitor_only,118,0.9390250658240779,0.015056921893287778,0.0,0.0,3.6434541076613765,28.908164714454273,0,20,2360,3.9308255968054344,,,
monitor_only,119,0.9391403948552712,0.014853545461915862,0.0,0.0,4.204204541742735,29.46891514853563,0,20,2380,5.242779431437145,,,
monitor_only,120,0.9392634167444465,0.014668435607022023,0.0,0.0,2.2767062323022076,27.541416839095103,0,20,2400,1.3634168865254703,,,
monitor_only,121,0.9393541994562913,0.014719604999788749,0.0,0.0,4.484692301025424,29.74940290781832,0,20,2420,4.131709739352155,,,
monitor_only,122,0.9394540232562356,0.01459715873919587,0.0,0.0,2.3268619002577853,27.59157250705068,0,20,2440,1.3329880850503733,,,
monitor_only,123,0.9396782117319203,0.014293813561175872,0.0,0.0,2.5959084293971615,27.86061903619006,0,20,2460,1.3250911275696966,,,
monitor_only,124,0.939787691910159,0.01428876109069488,0.0,0.0,4.5863123844012765,29.85102299119417,0,20,2480,4.11798917977552,,,
monitor_only,125,0.9399258930005735,0.01426095390112514,0.0,0.0,3.748098105490661,29.012808712283558,0,20,2500,4.19914674192233,,,
monitor_only,126,0.939924105124431,0.01426309513407309,0.0,0.0,6.613748664120824,31.87845927091372,0,20,2520,9.843059499665504,,,
monitor_only,127,0.9400233464434445,0.014408940996631814,0.0,0.0,3.9754533587453103,29.240163965538205,0,20,2540,4.432640266493967,,,
monitor_only,128,0.9400889379235082,0.014436160956346589,0.0,0.0,3.9602558951253295,29.224966501918225,0,20,2560,4.243609457119981,,,
monitor_only,129,0.9401462169909975,0.014447582492968292,0.0,0.0,8.718580780569429,33.98329138736233,0,20,2580,17.2695755509438,,,
monitor_only,130,0.9402651475008764,0.014288386531576935,0.0,0.0,4.545669822167659,29.810380428960556,0,20,2600,4.069967080139376,,,
monitor_only,131,0.940310150158027,0.014165584804286646,0.0,0.0,4.146212108137795,29.41092271493069,0,20,2620,4.645615731169792,,,
monitor_only,132,0.9403907405153211,0.013955990296497411,0.0,0.0,4.134658959997121,29.399369566790018,0,20,2640,4.413292935328714,,,
monitor_only,133,0.940429712455611,0.013891663128266285,0.0,0.0,3.8525524468074344,29.11726305360033,0,20,2660,4.5081625131250345,,,
monitor_only,134,0.9405243550004676,0.01366032007568696,0.0,0.0,2.2437637120822504,27.508474318875145,0,20,2680,1.3636783501398329,,,
monitor_only,135,0.940617430679057,0.013701447208006368,0.0,0.0,9.481835161494667,34.74654576828756,0,20,2700,24.915060415472553,,,
monitor_only,136,0.9407553878361874,0.01349881684926224,0.0,0.0,3.8697142267034628,29.134424833496357,0,20,2720,3.8868379439470684,,,
monitor_only,137,0.9408835497257133,0.01342802900786133,0.0,0.0,3.6780057302552227,28.942716337048118,0,20,2740,4.284493816199678,,,
monitor_only,138,0.9409543809576923,0.013365175616405933,0.0,0.0,4.476160721540679,29.740871328333576,0,20,2760,4.221338662679679,,,
monitor_only,139,0.9409534309842716,0.013333380660693894,0.0,0.0,5.22613779865649,30.490848405449384,0,20,2780,9.493213588581119,,,
monitor_only,140,0.9410678033215519,0.01320303689283675,0.0,0.0,4.385058982500963,29.64976958929386,0,20,2800,4.59386278151206,,,
monitor_only,141,0.9411854359449038,0.013145499881408673,0.0,0.0,6.449918038235152,31.71462864502805,0,20,2820,9.596526705940013,,,
monitor_only,142,0.941159710338332,0.013133220104941667,0.0,0.0,4.380651673260653,29.645362280053547,0,20,2840,4.640435854132162,,,
monitor_only,143,0.9411421862178204,0.013121357377621101,0.0,0.0,6.177388495712942,31.44209910250584,0,20,2860,9.206172242866062,,,
monitor_only,144,0.9410946743136603,0.013237102023595959,0.0,0.0,4.147680390897936,29.41239099769083,0,20,2880,4.6020074810107525,,,
monitor_only,145,0.9412123621525245,0.013071761773232438,0.0,0.0,3.672300595285344,28.93701120207824,0,20,2900,4.324459933076797,,,
monitor_only,146,0.9411555154936425,0.01325474031035967,0.0,0.0,4.548419171329452,29.81312977812235,0,20,2920,4.493179702649981,,,
monitor_only,147,0.9411468189486539,0.013149508144939093,0.0,0.0,2.2366069828219275,27.501317589614825,0,20,2940,1.331101923288692,,,
monitor_only,148,0.9413564668529858,0.012857202534532819,0.0,0.0,4.3431780038361,29.607888610628997,0,20,2960,4.589954074403336,,,
monitor_only,149,0.9413973456770582,0.012855438127997942,0.0,0.0,4.677730155935633,29.94244076272853,0,20,2980,4.694937981707294,,,
monitor_only,150,0.941543856926018,0.012598645621476834,0.0,0.0,3.7919472328491937,29.05665783964209,0,20,3000,3.8028248408307332,,,
monitor_only,151,0.9415737467578326,0.012564314366797502,0.0,0.0,3.8610965446957475,29.125807151488644,0,20,3020,4.124646192195581,,,
monitor_only,152,0.941616079169694,0.012610670973436267,0.0,0.0,2.3078097393504304,27.572520346143328,0,20,3040,1.2020603295881056,,,
monitor_only,153,0.9416020823188317,0.012610068420526366,0.0,0.0,4.127597989571223,29.392308596364117,0,20,3060,4.902209721445621,,,
monitor_only,154,0.9417913317218763,0.012450787412761177,0.0,0.0,6.154655106472591,31.419365713265485,0,20,3080,9.808023710908369,,,
monitor_only,155,0.9418256770543046,0.012417762661769416,0.0,0.0,4.2604182438615545,29.52512885065445,0,20,3100,4.069155192394035,,,
monitor_only,156,0.9416801297672364,0.012523158637052445,0.0,0.0,4.077222510692488,29.341933117485382,0,20,3120,3.835875373501381,,,
monitor_only,157,0.9417838693163552,0.01238178696668557,0.0,0.0,4.4872122593942265,29.751922866187122,0,20,3140,4.318007258115383,,,
monitor_only,158,0.9418423940608038,0.012209098369360127,0.0,0.0,2.6160587774183974,27.880769384211295,0,20,3160,1.290506699749021,,,
monitor_only,159,0.9418337677406777,0.012241856870827683,0.0,0.0,4.148612836666547,29.413323443459443,0,20,3180,4.711866440577551,,,
monitor_only,160,0.9419071669451108,0.012120806572949894,0.0,0.0,4.159139973175544,29.42385057996844,0,20,3200,4.151622888413511,,,
monitor_only,161,0.9418744525481545,0.01211354855612623,0.0,0.0,2.41293988615806,27.677650492950956,0,20,3220,1.256691762201126,,,
monitor_only,162,0.9418493605450369,0.012175680324440052,0.0,0.0,6.586319841498051,31.85103044829095,0,20,3240,9.24923858749357,,,
monitor_only,163,0.9420870476985372,0.01194969193509321,0.0,0.0,4.253640651275358,29.518351258068254,0,20,3260,4.698195158284547,,,
monitor_only,164,0.9419997084619426,0.012076012431015526,0.0,0.0,4.429626832480527,29.694337439273422,0,20,3280,4.375949796394587,,,
monitor_only,165,0.9420657051020677,0.011905710596593178,0.0,0.0,7.5031328544612865,32.76784346125418,0,20,3300,16.883777130781183,,,
monitor_only,166,0.9422587825009494,0.011703841861831488,0.0,0.0,2.2844341135856374,27.549144720378532,0,20,3320,1.2483264575431072,,,
monitor_only,167,0.9422993099378679,0.011840026275499071,0.0,0.0,6.440901053345532,31.705611660138427,0,20,3340,9.990763057754464,,,
monitor_only,168,0.942311774384606,0.011699805259510865,0.0,0.0,4.363654981812558,29.628365588605455,0,20,3360,3.9977289217028056,,,
monitor_only,169,0.9424141643346339,0.011531337033035105,0.0,0.0,7.30277404881409,32.56748465560699,0,20,3380,16.084085044666846,,,
monitor_only,170,0.9425308953977067,0.01142125300143515,0.0,0.0,6.168730805693551,31.433441412486445,0,20,3400,9.28762281019263,,,
monitor_only,171,0.9426525019745837,0.011316618039643789,0.0,0.0,6.179409928551746,31.44412053534464,0,20,3420,8.98129701147732,,,
monitor_only,172,0.9427044779703535,0.01110781586753784,0.0,0.0,4.433640479018732,29.698351085811627,0,20,3440,4.145136074744361,,,
monitor_only,173,0.9427287726063007,0.010904783690120157,0.0,0.0,3.9930616058675015,29.2577722126604,0,20,3460,4.21059510560362,,,
monitor_only,174,0.9428045871823129,0.01079964339323547,0.0,0.0,2.3264259868986503,27.591136593691544,0,20,3480,1.25806485711438,,,
monitor_only,175,0.9430071951510937,0.01050588257072227,0.0,0.0,4.5440269288703785,29.808737535663276,0,20,3500,4.903592833014025,,,
monitor_only,176,0.943069169308888,0.010437310142880074,0.0,0.0,5.069221009705522,30.33393161649842,0,20,3520,4.496441200888001,,,
monitor_only,177,0.9432251908121017,0.010297904925448909,0.0,0.0,4.007834121653283,29.272544728446178,0,20,3540,4.606706057449364,,,
monitor_only,178,0.943306481976527,0.01022239096564903,0.0,0.0,2.3930320542717416,27.65774266106464,0,20,3560,1.3066311404244562,,,
monitor_only,179,0.9434291999910583,0.009915059094029455,0.0,0.0,6.352983554292011,31.617694161084906,0,20,3580,9.865952897230509,,,
monitor_only,180,0.9435323536344209,0.009736295729122046,0.0,0.0,3.821565866335031,29.086276473127928,0,20,3600,4.169991644315216,,,
monitor_only,181,0.9434858779564181,0.009769541415924232,0.0,0.0,3.5601295291759714,28.824840135968866,0,20,3620,4.426486058896893,,,
monitor_only,182,0.943564852602256,0.009778667305790023,0.0,0.0,4.129316328095965,29.39402693488886,0,20,3640,4.460093293759986,,,
monitor_only,183,0.9436314383291967,0.009480351488735828,0.0,0.0,2.5440259114459662,27.808736518238863,0,20,3660,1.2596762331576727,,,
monitor_only,184,0.9436380068108796,0.009572026367103192,0.0,0.0,2.432809271468956,27.69751987826185,0,20,3680,1.2172941653340665,,,
monitor_only,185,0.9436370254464785,0.009573052541471672,0.0,0.0,4.02576444535384,29.290475052146736,0,20,3700,4.545145983191784,,,
monitor_only,186,0.9437981529097877,0.00931079799216783,0.0,0.0,5.8589225936144,31.123633200407298,0,20,3720,9.759308965702072,,,
monitor_only,187,0.9439181246577715,0.009226170243151421,0.0,0.0,4.092396777370977,29.357107384163875,0,20,3740,4.7517216487536365,,,
monitor_only,188,0.9439701728064835,0.009244149322102713,0.0,0.0,6.497402112599412,31.762112719392306,0,20,3760,9.98666429333275,,,
monitor_only,189,0.9440247688156419,0.009142478010095267,0.0,0.0,3.8281215578469237,29.09283216463982,0,20,3780,4.618641640420124,,,
monitor_only,190,0.9441230652825567,0.009060331689681234,0.0,0.0,4.65163987063177,29.916350477424665,0,20,3800,4.4282711301403195,,,
monitor_only,191,0.9440423660909709,0.009078714329892601,0.0,0.0,5.782250663923629,31.046961270716526,0,20,3820,10.29109888977696,,,
monitor_only,192,0.9439804509474302,0.009278883309383423,0.0,0.0,2.324785082570069,27.589495689362966,0,20,3840,1.193373400528494,,,
monitor_only,193,0.9439336991103996,0.009381953199911974,0.0,0.0,6.406210942414368,31.670921549207264,0,20,3860,8.737789545307004,,,
monitor_only,194,0.9439428429127911,0.009350585452126081,0.0,0.0,8.302889149939682,33.56759975673258,0,20,3880,17.47299334482729,,,
monitor_only,195,0.9441687851118346,0.009202422732729532,0.0,0.0,3.7943890791704225,29.059099685963318,0,20,3900,4.206754051675865,,,
monitor_only,196,0.944214242315206,0.00906892131550563,0.0,0.0,3.544077430751524,28.80878803754442,0,20,3920,4.572106669571273,,,
monitor_only,197,0.9442895928950729,0.00893533912901423,0.0,0.0,2.2559756700334916,27.52068627682639,0,20,3940,1.2260288080844932,,,
monitor_only,198,0.944323988068952,0.008819595842691541,0.0,0.0,4.231844306132499,29.496554912925394,0,20,3960,4.191100567699303,,,
monitor_only,199,0.944395251289795,0.008833708631063364,0.0,0.0,4.10516858839857,29.369879195191466,0,20,3980,4.2804305623826355,,,
monitor_only,200,0.9443550983407675,0.008854167089462073,0.0,0.0,4.192019526422584,29.45673013321548,0,20,4000,4.781530910670468,,,
monitor_only,201,0.9444817538820836,0.008874890648233547,0.0,0.0,3.9941869299669706,29.258897536759868,0,20,4020,4.296549937282914,,,
monitor_only,202,0.9445680638220907,0.008892692403897895,0.0,0.0,3.495949240317866,28.760659847110762,0,20,4040,4.621914588076459,,,
monitor_only,203,0.9445700714758252,0.008873468235672588,0.0,0.0,4.271250112175491,29.535960718968386,0,20,4060,4.40355117374272,,,
monitor_only,204,0.9445594859377877,0.008935078037689559,0.0,0.0,4.739437410505864,30.00414801729876,0,20,4080,4.262008461894867,,,
monitor_only,205,0.9446010887866618,0.008949982579638083,0.0,0.0,6.044562622334874,31.30927322912777,0,20,4100,9.636068820307996,,,
monitor_only,206,0.9446654563484628,0.008784227865505145,0.0,0.0,4.603902912361902,29.8686135191548,0,20,4120,4.3491203947673425,,,
monitor_only,207,0.9446853614768058,0.008754335736755436,0.0,0.0,7.903987941103123,33.16869854789602,0,20,4140,16.44519572175127,,,
monitor_only,208,0.9446248633508145,0.008925473275470774,0.0,0.0,5.607627323345453,30.87233793013835,0,20,4160,10.014302180065503,,,
monitor_only,209,0.9446320125763045,0.009038694388592394,0.0,0.0,2.324122817360396,27.588833424153293,0,20,4180,1.4210682303692483,,,
monitor_only,210,0.9446038171505575,0.009175284653908933,0.0,0.0,4.262490948181719,29.527201554974614,0,20,4200,4.735211227602942,,,
monitor_only,211,0.9446693704769962,0.009030594757499899,0.0,0.0,3.3227935499567316,28.587504156749628,0,20,4220,4.019309670228322,,,
monitor_only,212,0.94471843303813,0.008980314981259174,0.0,0.0,4.458726105938139,29.723436712731036,0,20,4240,4.554273255619936,,,
monitor_only,213,0.9447709928775528,0.009077765948215966,0.0,0.0,8.570126384509559,33.83483699130245,0,20,4260,17.206450707355113,,,
monitor_only,214,0.9448906082246032,0.008969740540222482,0.0,0.0,4.255167653362605,29.5198782601555,0,20,4280,4.497401789744196,,,
monitor_only,215,0.9448126892337125,0.008964596540421255,0.0,0.0,2.5988845273820225,27.86359513417492,0,20,4300,1.5249393053068838,,,
monitor_only,216,0.9448438491810687,0.008977916005853515,0.0,0.0,4.531968249920395,29.796678856713292,0,20,4320,4.512169918445738,,,
monitor_only,217,0.9449373926872027,0.009081697290291069,0.0,0.0,4.872635690626541,30.137346297419437,0,20,4340,4.3196174099231035,,,
monitor_only,218,0.9450681257580034,0.008911468788634469,0.0,0.0,4.769636271331235,30.034346878124133,0,20,4360,4.311796422811864,,,
monitor_only,219,0.9451863788150858,0.008845971731557656,0.0,0.0,5.994895101888012,31.25960570868091,0,20,4380,9.720065909190655,,,
monitor_only,220,0.9452260249448552,0.008775902813154657,0.0,0.0,6.396924499521271,31.661635106314165,0,20,4400,8.700220000341139,,,
monitor_only,221,0.9452296082994598,0.00873773902331798,0.0,0.0,5.889318478379519,31.154029085172414,0,20,4420,8.950461860488787,,,
monitor_only,222,0.9453030475600492,0.008792868991976954,0.0,0.0,6.084079054101162,31.348789660894056,0,20,4440,9.648799458196942,,,
monitor_only,223,0.945339828282448,0.00878338720000471,0.0,0.0,5.8168011113240174,31.081511718116914,0,20,4460,10.022063741820597,,,
monitor_only,224,0.9454130051979193,0.008838998775556384,0.0,0.0,4.0525340027266195,29.317244609519516,0,20,4480,4.519543115120197,,,
monitor_only,225,0.9454112542409558,0.00880198886378114,0.0,0.0,3.8440028893011187,29.108713496094015,0,20,4500,4.499583629661754,,,
monitor_only,226,0.9453715382909524,0.008799542388903236,0.0,0.0,2.821254837111363,28.085965443904257,0,20,4520,1.18425305667712,,,
monitor_only,227,0.9454561017153114,0.008651242820765015,0.0,0.0,3.920013490799362,29.18472409759226,0,20,4540,4.182135061004845,,,
monitor_only,228,0.9454421389088051,0.008750250645220503,0.0,0.0,6.060289743646632,31.325000350439527,0,20,4560,8.684443656839878,,,
monitor_only,229,0.9454265690144266,0.008770858550909422,0.0,0.0,5.707945300314908,30.972655907107804,0,20,4580,9.072400830512018,,,
monitor_only,230,0.9453633027204053,0.008827077948417306,0.0,0.0,4.475002821450913,29.73971342824381,0,20,4600,4.817154636746634,,,
monitor_only,231,0.9453061242731955,0.008905760068411928,0.0,0.0,3.789270832861832,29.053981439654727,0,20,4620,4.34355939727779,,,
monitor_only,232,0.9453281421501207,0.008858789774244369,0.0,0.0,3.8434276335158444,29.10813824030874,0,20,4640,4.443501382919695,,,
monitor_only,233,0.9453358302695748,0.008744132344115862,0.0,0.0,3.1162253301356793,28.380935936928577,0,20,4660,1.2080147546423001,,,
monitor_only,234,0.9454274418017211,0.00874642882418497,0.0,0.0,4.2381257976113025,29.5028364044042,0,20,4680,4.030982157792215,,,
monitor_only,235,0.945480115363531,0.008750447008452511,0.0,0.0,4.603230101353306,29.8679407081462,0,20,4700,4.5484649948014955,,,
monitor_only,236,0.9456444369336537,0.008780671992595468,0.0,0.0,5.769555880552656,31.03426648734555,0,20,4720,8.803985326109075,,,
monitor_only,237,0.9456146275216419,0.008749558522598067,0.0,0.0,4.589504798217122,29.854215405010017,0,20,4740,4.17749055528617,,,
monitor_only,238,0.9457267809564119,0.008611267426108515,0.0,0.0,6.308420525879125,31.57313113267202,0,20,4760,9.87385909224223,,,
monitor_only,239,0.9457694406320896,0.008564730874694781,0.0,0.0,4.4984580169254755,29.76316862371837,0,20,4780,4.439850847079643,,,
monitor_only,240,0.9457515762776576,0.008516901561811063,0.0,0.0,3.9973964984550086,29.262107105247903,0,20,4800,4.403821956027157,,,
monitor_only,241,0.9456997479224056,0.00879220250747803,0.0,0.0,6.050416143967115,31.31512675076001,0,20,4820,8.983418526498577,,,
monitor_only,242,0.945665774003944,0.008896760901374146,0.0,0.0,4.224849314433089,29.489559921225986,0,20,4840,4.315095233241836,,,
monitor_only,243,0.9457334808624356,0.008925247450358276,0.0,0.0,4.7827147128004,30.047425319593295,0,20,4860,4.412756221042983,,,
monitor_only,244,0.9456828782718771,0.009005588842484702,0.0,0.0,4.906174196127904,30.1708848029208,0,20,4880,9.426624652031174,,,
monitor_only,245,0.9456747989970719,0.00895709898044228,0.0,0.0,4.363783924257367,29.628494531050265,0,20,4900,3.8635574667916517,,,
monitor_only,246,0.9457075861173602,0.008787786091499106,0.0,0.0,4.589328064043725,29.854038670836623,0,20,4920,4.275588004969145,,,
monitor_only,247,0.9457333612174936,0.008687757477232938,0.0,0.0,2.3547077091155906,27.619418315908487,0,20,4940,1.3142953288226502,,,
monitor_only,248,0.9458118502322426,0.00867063618069841,0.0,0.0,3.488285756863739,28.752996363656635,0,20,4960,4.2789532463491655,,,
monitor_only,249,0.9457791187895778,0.008824700918144246,0.0,0.0,3.9287024025119592,29.193413009304855,0,20,4980,4.1015107674175635,,,
monitor_only,250,0.9457799920020397,0.008766138551768998,0.0,0.0,4.35204415726114,29.616754764054036,0,20,5000,4.695256285502529,,,
monitor_only,251,0.9458143405215604,0.008798943577421392,0.0,0.0,4.295360354225468,29.560070961018365,0,20,5020,3.97638347681887,,,
monitor_only,252,0.9459145066901796,0.008818939527392322,0.0,0.0,7.22051771909043,32.48522832588333,0,20,5040,9.705393750040674,,,
monitor_only,253,0.9459973686090088,0.00884749055945866,0.0,0.0,2.5170797613178086,27.781790368110705,0,20,5060,1.3320743078421236,,,
monitor_only,254,0.9460192688631871,0.008807574506358162,0.0,0.0,3.5569886275104934,28.821699234303388,0,20,5080,4.1670231013992955,,,
monitor_only,255,0.9461283517661305,0.008652390332671844,0.0,0.0,5.861066238157859,31.125776844950757,0,20,5100,9.654443694776198,,,
monitor_only,256,0.9462054780426659,0.008605297993372507,0.0,0.0,3.467726489200477,28.732437095993372,0,20,5120,4.241164931035676,,,
monitor_only,257,0.9462149681438625,0.008469560271229915,0.0,0.0,4.512261118997824,29.77697172579072,0,20,5140,4.160886071749158,,,
monitor_only,258,0.9461624644883632,0.008555220274841124,0.0,0.0,2.7733012783346327,28.038011885127528,0,20,5160,1.3486756832147746,,,
monitor_only,259,0.9461984069903318,0.008516253985230482,0.0,0.0,4.344609421214549,29.609320028007446,0,20,5180,4.296342875296211,,,
monitor_only,260,0.946170964698237,0.008502576312305887,0.0,0.0,4.007443539641897,29.272154146434794,0,20,5200,4.251362056723367,,,
monitor_only,261,0.9462619103705902,0.008570519850019553,0.0,0.0,4.0273064171054616,29.292017023898357,0,20,5220,4.0569434043153745,,,
monitor_only,262,0.9463449769147727,0.008406851570786578,0.0,0.0,5.023963445602925,30.28867405239582,0,20,5240,4.558417473223333,,,
monitor_only,263,0.9463698925817364,0.008406942117170635,0.0,0.0,6.510097320251301,31.774807927044197,0,20,5260,9.66109046168977,,,
monitor_only,264,0.9463924704242376,0.00836508287360993,0.0,0.0,2.386884666453689,27.651595273246585,0,20,5280,1.352147695652592,,,
monitor_only,265,0.9464023177113522,0.008284782441517757,0.0,0.0,4.076876459762862,29.341587066555757,0,20,5300,4.103162162520884,,,
monitor_only,266,0.9463969959987713,0.008321347842483284,0.0,0.0,4.196790288526656,29.461500895319553,0,20,5320,4.3938777972719665,,,
monitor_only,267,0.9464456718372538,0.00826377348891727,0.0,0.0,3.9032801742064756,29.16799078099937,0,20,5340,4.139666579268845,,,
monitor_only,268,0.9465383675199944,0.008149297337503247,0.0,0.0,3.4825195683113144,28.74723017510421,0,20,5360,4.86057369603199,,,
monitor_only,269,0.946661452318001,0.007998754763949179,0.0,0.0,4.299420910385278,29.564131517178176,0,20,5380,4.421108441278058,,,
monitor_only,270,0.9467295646418161,0.00783254124875743,0.0,0.0,2.297817451063013,27.562528057855907,0,20,5400,1.3010070491745913,,,
monitor_only,271,0.946786145440313,0.007756486316552347,0.0,0.0,4.438473840270779,29.703184447063677,0,20,5420,4.612308855027759,,,
monitor_only,272,0.946924445899317,0.007792042071667504,0.0,0.0,6.411092462616494,31.67580306940939,0,20,5440,9.272946545034511,,,
monitor_only,273,0.9469617601496046,0.007687144328726969,0.0,0.0,3.559078911020102,28.823789517812997,0,20,5460,4.566228019378443,,,
monitor_only,274,0.9470447150193747,0.007561904809295639,0.0,0.0,4.180822908724862,29.44553351551776,0,20,5480,4.444321686293181,,,
monitor_only,275,0.9468939414317589,0.0075860197227154424,0.0,0.0,3.7117889276224023,28.976499534415296,0,20,5500,4.937042843299181,,,
monitor_only,276,0.9469372896530687,0.007502135350129446,0.0,0.0,3.667408487491407,28.932119094284303,0,20,5520,4.475442382173045,,,
monitor_only,277,0.946975000368598,0.0074345713085908205,0.0,0.0,3.547128231050268,28.811838837843165,0,20,5540,4.367062939578839,,,
monitor_only,278,0.946998766992256,0.0073906649974737615,0.0,0.0,4.128833494725726,29.39354410151862,0,20,5560,4.191432814715224,,,
monitor_only,279,0.9470153541549082,0.007412271885528066,0.0,0.0,3.6561120486978442,28.92082265549074,0,20,5580,4.6242835642220275,,,
monitor_only,280,0.9470620990530819,0.007493424684488881,0.0,0.0,7.664834666957218,32.929545273750115,0,20,5600,16.635558188820653,,,
monitor_only,281,0.9471415352266548,0.0074712817621347405,0.0,0.0,8.977766275779308,34.242476882572205,0,20,5620,17.023348314264105,,,
monitor_only,282,0.9472227740107299,0.007299806408131104,0.0,0.0,3.656760667512565,28.92147127430546,0,20,5640,4.179228981800955,,,
monitor_only,283,0.9472384136776659,0.0072430925696133075,0.0,0.0,4.595146620387164,29.859857227180058,0,20,5660,4.534131406208156,,,
monitor_only,284,0.9472340723592131,0.007272051887827313,0.0,0.0,3.2357214895147277,28.500432096307623,0,20,5680,4.1050405430847015,,,
monitor_only,285,0.9472121978720868,0.007458373082100511,0.0,0.0,3.5212794519241744,28.78599005871707,0,20,5700,4.211455846335735,,,
monitor_only,286,0.9472586145325379,0.007398866145863159,0.0,0.0,3.9186374146850804,29.183348021477975,0,20,5720,4.4663976347112415,,,
monitor_only,287,0.9473879125157084,0.0073030841493570975,0.0,0.0,6.778355179388046,32.04306578618094,0,20,5740,9.185443392281329,,,
monitor_only,288,0.9474065465106598,0.007432401940536626,0.0,0.0,4.2690743939968145,29.53378500078971,0,20,5760,4.62271251772252,,,
monitor_only,289,0.947418647650696,0.0072507325801044464,0.0,0.0,6.009586061284269,31.274296668077163,0,20,5780,9.49433672575652,,,
monitor_only,290,0.9474415676841498,0.007273500380110209,0.0,0.0,4.655605361760973,29.92031596855387,0,20,5800,4.730373094476559,,,
monitor_only,291,0.9475295562020247,0.007166965757575916,0.0,0.0,4.271529914826737,29.536240521619632,0,20,5820,4.2311639417824045,,,
monitor_only,292,0.9475917314248667,0.007187679272847358,0.0,0.0,2.4235498731884677,27.688260479981363,0,20,5840,1.32172872074979,,,
monitor_only,293,0.9476426727050749,0.007102898533745683,0.0,0.0,6.226879153326978,31.491589760119872,0,20,5860,9.597814502145035,,,
monitor_only,294,0.9475595137361025,0.007130665197828012,0.0,0.0,2.58194353355685,27.846654140349745,0,20,5880,1.3973467991577766,,,
monitor_only,295,0.9475361149195506,0.007151895694182175,0.0,0.0,2.505621004914451,27.77033161170735,0,20,5900,1.3642157642213977,,,
monitor_only,296,0.9475246754608138,0.007094185573038647,0.0,0.0,6.794610772287959,32.059321379080856,0,20,5920,9.999714463248333,,,
monitor_only,297,0.94754735543744,0.007073233844170468,0.0,0.0,4.5620413602963925,29.826751967089287,0,20,5940,4.642703637114594,,,
monitor_only,298,0.947592738952828,0.0070689168304466365,0.0,0.0,3.895440556912098,29.160151163704995,0,20,5960,4.128405224174324,,,
monitor_only,299,0.9476167585342251,0.0071558752271112525,0.0,0.0,4.856652157993213,30.12136276478611,0,20,5980,8.931917266994885,,,
monitor_only,300,0.9476649560410788,0.007192946753414198,0.0,0.0,2.38732107252766,27.652031679320555,0,20,6000,1.259574328062791,,,
monitor_only,301,0.9477219729186395,0.007292564431073623,0.0,0.0,4.403047713783396,29.66775832057629,0,20,6020,4.509832069396581,,,
monitor_only,302,0.9477954010345248,0.007221725724992911,0.0,0.0,4.572461266327739,29.837171873120635,0,20,6040,4.025627988018703,,,
monitor_only,303,0.9478159671872802,0.007122319898178464,0.0,0.0,3.824592231237758,29.089302838030655,0,20,6060,4.244319207856066,,,
monitor_only,304,0.947844534557278,0.006983873722389844,0.0,0.0,2.570303747389644,27.83501435418254,0,20,6080,1.2901637025332144,,,
monitor_only,305,0.9478653492990426,0.006914624102389522,0.0,0.0,3.7010700068747786,28.965780613667675,0,20,6100,4.189665853878497,,,
monitor_only,306,0.948034181813016,0.006818539516136202,0.0,0.0,4.7311380640464105,29.995848670839308,0,20,6120,4.548288204844843,,,
monitor_only,307,0.9480832528625339,0.006779692381418068,0.0,0.0,5.028957042503035,30.29366764929593,0,20,6140,4.194897461507639,,,
monitor_only,308,0.9481352927609784,0.006850942974522711,0.0,0.0,6.114681520500304,31.3793921272932,0,20,6160,9.576356826520007,,,
monitor_only,309,0.9482450789310132,0.0067682542234343,0.0,0.0,3.5946192308202978,28.859329837613195,0,20,6180,4.322819477850456,,,
monitor_only,310,0.9482037589294295,0.006785994899374259,0.0,0.0,3.5848655031838534,28.84957610997675,0,20,6200,4.177181267562185,,,
monitor_only,311,0.9481608713954758,0.0067356911552888254,0.0,0.0,4.255064473924391,29.519775080717288,0,20,6220,4.674555824468447,,,
monitor_only,312,0.9483492307154843,0.006594748194428401,0.0,0.0,2.7673031256000247,28.03201373239292,0,20,6240,1.3983553559852389,,,
monitor_only,313,0.9483842766566558,0.006376854530840914,0.0,0.0,4.420703684385029,29.685414291177924,0,20,6260,4.623440786523677,,,
monitor_only,314,0.9484209207480927,0.006348188155044787,0.0,0.0,4.3480344719617205,29.612745078754617,0,20,6280,4.572763416226333,,,
monitor_only,315,0.9485100752167028,0.006128265801842114,0.0,0.0,4.805681907123235,30.070392513916133,0,20,6300,4.432525787330697,,,
monitor_only,316,0.9485362736668234,0.006266016153521736,0.0,0.0,3.577777874723031,28.84248848151593,0,20,6320,4.14712512258143,,,
monitor_only,317,0.9485416684944085,0.006200788171515481,0.0,0.0,2.3675071792587206,27.632217786051616,0,20,6340,1.2382244118939836,,,
monitor_only,318,0.9485727759519248,0.00611726451486605,0.0,0.0,2.3633269048525785,27.628037511645474,0,20,6360,1.358613425173129,,,
monitor_only,319,0.9485741455570571,0.006128441878779811,0.0,0.0,6.701155551255475,31.96586615804837,0,20,6380,8.683976329017803,,,
monitor_only,320,0.9486669320166174,0.005942858528528938,0.0,0.0,4.708302219957666,29.973012826750562,0,20,6400,4.721259320284322,,,
monitor_only,321,0.9487148881460463,0.005828023203143795,0.0,0.0,2.117691682167996,27.382402288960893,0,20,6420,1.2414442127263825,,,
monitor_only,322,0.9487549481666054,0.005726952760869097,0.0,0.0,4.8192299456099645,30.08394055240286,0,20,6440,4.000286525437124,,,
monitor_only,323,0.9487627435994067,0.005673814264381294,0.0,0.0,4.313816296669716,29.578526903462613,0,20,6460,4.2745635317584805,,,
monitor_only,324,0.9487499670749484,0.005824456521590915,0.0,0.0,3.8610899668655323,29.125800573658427,0,20,6480,4.299340142224829,,,
monitor_only,325,0.9487142562686527,0.005840920648895409,0.0,0.0,4.872993461653974,30.13770406844687,0,20,6500,9.962841195320022,,,
monitor_only,326,0.9487706750761249,0.005831172925921058,0.0,0.0,3.5461555978525507,28.810866204645446,0,20,6520,4.399082159132726,,,
monitor_only,327,0.9488256267452662,0.005806934194416469,0.0,0.0,3.9887589415898077,29.253469548382704,0,20,6540,4.1986805309796305,,,
monitor_only,328,0.9488014758532715,0.005844328753466299,0.0,0.0,3.7667359620293963,29.031446568822293,0,20,6560,4.746761376521808,,,
monitor_only,329,0.9489744548697612,0.005665717868899023,0.0,0.0,2.1371369758781706,27.401847582671067,0,20,6580,1.5207774879061897,,,
monitor_only,330,0.9490410773143336,0.005686661505172497,0.0,0.0,3.695835280477713,28.96054588727061,0,20,6600,4.2772438366357575,,,
monitor_only,331,0.9490539881889297,0.005773025026060141,0.0,0.0,4.9624885977914595,30.227199204584355,0,20,6620,4.139016065909795,,,
monitor_only,332,0.9490120633683626,0.00571428725934342,0.0,0.0,3.817919982770628,29.082630589563525,0,20,6640,4.3823780466995235,,,
monitor_only,333,0.9490956099236154,0.00561042975364856,0.0,0.0,3.9881553486029055,29.2528659553958,0,20,6660,4.7045752688223486,,,
monitor_only,334,0.9492010715886405,0.005579529732224087,0.0,0.0,2.516150255519741,27.780860862312636,0,20,6680,1.3861844410655197,,,
monitor_only,335,0.9492284512156633,0.005481676734881646,0.0,0.0,3.1680892514696115,28.432799858262506,0,20,6700,1.293154593275428,,,
monitor_only,336,0.9492951842492077,0.005399952421099252,0.0,0.0,5.758279720181048,31.022990326973943,0,20,6720,9.500164027268942,,,
monitor_only,337,0.9493371154328585,0.005604156485666589,0.0,0.0,6.018228723575519,31.282939330368414,0,20,6740,9.418684235700297,,,
monitor_only,338,0.9493951229940085,0.005388621054961962,0.0,0.0,2.674639732939681,27.939350339732577,0,20,6760,1.3923232072463534,,,
monitor_only,339,0.9494087926577837,0.005447524634164536,0.0,0.0,3.481731773321893,28.74644238011479,0,20,6780,4.403201098990288,,,
monitor_only,340,0.9494784915020921,0.005451825727096238,0.0,0.0,4.357979263864748,29.622689870657645,0,20,6800,4.416254528770503,,,
monitor_only,341,0.9495349011999342,0.00547801312037044,0.0,0.0,3.9226009637625676,29.187311570555465,0,20,6820,3.9923693149913304,,,
monitor_only,342,0.9495247136587698,0.00550848575853935,0.0,0.0,2.2988980328674504,27.563608639660345,0,20,6840,1.2594551605450648,,,
monitor_only,343,0.9495709051505947,0.005498128200342456,0.0,0.0,4.2990848336839536,29.56379544047685,0,20,6860,4.283747866926573,,,
monitor_only,344,0.9495386720463175,0.005599522290832604,0.0,0.0,7.006927511509182,32.27163811830208,0,20,6880,9.643652547707443,,,
monitor_only,345,0.9495594561979342,0.005666700068828412,0.0,0.0,4.565848865256856,29.830559472049753,0,20,6900,4.312571335262125,,,
monitor_only,346,0.9496017217029549,0.0056676609387127375,0.0,0.0,4.8120791671041765,30.076789773897072,0,20,6920,4.899535058531024,,,
monitor_only,347,0.9496058262907481,0.005680055200484313,0.0,0.0,4.609590642382904,29.8743012491758,0,20,6940,4.429988894436691,,,
monitor_only,348,0.9496160754923837,0.00550761207518824,0.0,0.0,5.0137107198121065,30.278421326605002,0,20,6960,4.159923980021994,,,
monitor_only,349,0.949635968679517,0.005436063661807822,0.0,0.0,4.8963830999848135,30.16109370677771,0,20,6980,4.714513702718892,,,
monitor_only,350,0.9495984806861826,0.00530639107101627,0.0,0.0,3.334946651626309,28.599657258419207,0,20,7000,4.506743792179065,,,
monitor_only,351,0.949653614092232,0.005361922667723951,0.0,0.0,3.8424236175853883,29.107134224378285,0,20,7020,4.291143781588009,,,
monitor_only,352,0.9496291140395035,0.005364772621838432,0.0,0.0,4.148181740293438,29.412892347086334,0,20,7040,4.412266710121589,,,
monitor_only,353,0.9497180201731064,0.005252890535234589,0.0,0.0,3.848594214111457,29.113304820904354,0,20,7060,3.819323609862622,,,
monitor_only,354,0.9497390231964674,0.005209249905395619,0.0,0.0,6.213562945122528,31.478273551915425,0,20,7080,9.132773117137962,,,
monitor_only,355,0.9496769264973159,0.0051361462893201315,0.0,0.0,4.862417137779018,30.127127744571915,0,20,7100,4.352489819073303,,,
monitor_only,356,0.949705405394025,0.005151775904438272,0.0,0.0,2.3096323544138277,27.574342961206725,0,20,7120,1.45578411811144,,,
monitor_only,357,0.9497137202433791,0.00496280399043092,0.0,0.0,4.424862420254391,29.689573027047288,0,20,7140,4.75729107994963,,,
monitor_only,358,0.94976847153519,0.005053072814269033,0.0,0.0,8.257784468485415,33.522495075278314,0,20,7160,16.846773183505004,,,
monitor_only,359,0.9497989299258418,0.005043356102022556,0.0,0.0,4.058140350381281,29.322850957174175,0,20,7180,4.394452999792383,,,
monitor_only,360,0.9498820750395072,0.004952623344177898,0.0,0.0,8.559641413389375,33.824352020182275,0,20,7200,17.101104847193874,,,
monitor_only,361,0.9498456846159694,0.004936391431215714,0.0,0.0,4.581795004778015,29.84650561157091,0,20,7220,4.473844521531957,,,
monitor_only,362,0.9498099302964562,0.004999264927266878,0.0,0.0,3.3714165789696224,28.63612718576252,0,20,7240,4.3816120114989445,,,
monitor_only,363,0.9498626004222771,0.004881527061574076,0.0,0.0,7.067898383775975,32.33260899056887,0,20,7260,10.420295697517608,,,
monitor_only,364,0.9498640666918298,0.004896055928265919,0.0,0.0,4.096146558000688,29.360857164793586,0,20,7280,4.882257890040861,,,
monitor_only,365,0.9498913278663133,0.0048859150647447835,0.0,0.0,4.886238027257329,30.150948634050224,0,20,7300,9.037443305648152,,,
monitor_only,366,0.9499841391628882,0.0047851278512249795,0.0,0.0,3.533815055220343,28.79852566201324,0,20,7320,4.339346255446088,,,
monitor_only,367,0.94992695455258,0.004836191451050076,0.0,0.0,3.84333763491159,29.108048241704488,0,20,7340,4.168793581451878,,,
monitor_only,368,0.9499438564478118,0.004854342587943261,0.0,0.0,3.926126672206756,29.190837278999652,0,20,7360,4.133180150821078,,,
monitor_only,369,0.9500023444909085,0.004894356704318814,0.0,0.0,2.775861107619214,28.04057171441211,0,20,7380,1.3633312200238048,,,
monitor_only,370,0.9500319045657702,0.005026217981323078,0.0,0.0,3.6269887538910632,28.89169936068396,0,20,7400,4.307589964925226,,,
monitor_only,371,0.9500481275708168,0.004992620470370968,0.0,0.0,3.899210776635733,29.16392138342863,0,20,7420,4.368738265569869,,,
monitor_only,372,0.9500408314038866,0.004861517388693115,0.0,0.0,4.268596077313975,29.533306684106872,0,20,7440,3.8815077291330633,,,
monitor_only,373,0.9500006975180222,0.0049323574297513995,0.0,0.0,4.229103828845852,29.493814435638747,0,20,7460,4.560653191035257,,,
monitor_only,374,0.949981371326484,0.004811594187690615,0.0,0.0,7.683016123937145,32.94772673073004,0,20,7480,15.27876636526313,,,
monitor_only,375,0.9499514716620698,0.004905356399851568,0.0,0.0,3.6595709119527866,28.924281518745683,0,20,7500,3.9562847206275094,,,
monitor_only,376,0.9499371805376362,0.0049624685756483045,0.0,0.0,2.6518980371764536,27.91660864396935,0,20,7520,1.258853501387228,,,
monitor_only,377,0.949862014266646,0.00499955650271644,0.0,0.0,6.132318987213202,31.3970295940061,0,20,7540,9.293835226694211,,,
monitor_only,378,0.9498461922127249,0.00507132923819309,0.0,0.0,4.3067325045120555,29.57144311130495,0,20,7560,4.312890014232166,,,
monitor_only,379,0.9498340090694275,0.004991716124621792,0.0,0.0,4.838102259182655,30.10281286597555,0,20,7580,4.3948246282521275,,,
monitor_only,380,0.9498720418699658,0.0046491482590526045,0.0,0.0,4.221937045246476,29.486647652039373,0,20,7600,4.361872242082529,,,
monitor_only,381,0.949946443694749,0.00464094102284951,0.0,0.0,4.870160002322207,30.134870609115104,0,20,7620,4.270425605544029,,,
monitor_only,382,0.9500343727089393,0.004564202957175856,0.0,0.0,2.741257975693084,28.00596858248598,0,20,7640,1.3966914747509918,,,
monitor_only,383,0.9501215025029238,0.004608568505658495,0.0,0.0,7.188204954636623,32.45291556142952,0,20,7660,9.741029081347964,,,
monitor_only,384,0.9500935291686595,0.004571864820023364,0.0,0.0,4.482815430586459,29.747526037379355,0,20,7680,4.4533195263815255,,,
monitor_only,385,0.9501680686935646,0.004660124154107992,0.0,0.0,4.350148422848673,29.61485902964157,0,20,7700,4.351240114038067,,,
monitor_only,386,0.9501779379760278,0.0045848516386769456,0.0,0.0,3.437436271790951,28.702146878583847,0,20,7720,4.4285051291939315,,,
monitor_only,387,0.9502063662353358,0.00452059544114447,0.0,0.0,6.088437595925806,31.353148202718703,0,20,7740,9.49813062013618,,,
monitor_only,388,0.9501971047294526,0.004648543569326979,0.0,0.0,2.696528785504114,27.96123939229701,0,20,7760,1.4674086619472801,,,
monitor_only,389,0.9501742349727181,0.004532302725680504,0.0,0.0,5.004949441875093,30.269660048667987,0,20,7780,9.738359285190144,,,
monitor_only,390,0.950198882541392,0.00437243648902752,0.0,0.0,3.9771252195315716,29.24183582632447,0,20,7800,4.171355191980033,,,
monitor_only,391,0.9502631427848662,0.004306746782333781,0.0,0.0,7.822601673114478,33.08731227990737,0,20,7820,9.987063141823432,,,
monitor_only,392,0.9502709947259885,0.0042626034288224535,0.0,0.0,4.110615003889261,29.375325610682157,0,20,7840,4.285073469694266,,,
monitor_only,393,0.9502564691395274,0.00426298122762192,0.0,0.0,7.491593603326446,32.75630421011934,0,20,7860,9.745084014521456,,,
monitor_only,394,0.9502944223035547,0.004260988765034002,0.0,0.0,3.8895858847728597,29.154296491565756,0,20,7880,4.255260796659739,,,
monitor_only,395,0.9503382520523098,0.0041777662848571095,0.0,0.0,3.6970614485428848,28.961772055335782,0,20,7900,4.0982235829957965,,,
monitor_only,396,0.950351773262398,0.003959926898339572,0.0,0.0,4.79381781084743,30.058528417640325,0,20,7920,4.611802289570799,,,
monitor_only,397,0.9503928097517509,0.0039101272258209585,0.0,0.0,2.6315909648626796,27.896301571655577,0,20,7940,1.2940607170261427,,,
monitor_only,398,0.9504491252338093,0.003796566288505443,0.0,0.0,5.365866023712403,30.6305766305053,0,20,7960,9.582791445378229,,,
monitor_only,399,0.9503909596176499,0.0037514172248279687,0.0,0.0,6.256472225691262,31.521182832484158,0,20,7980,9.143012975670885,,,
monitor_only,400,0.9503782255848738,0.003734433301438189,0.0,0.0,2.1181587416089687,27.382869348401865,0,20,8000,1.3510985009228793,,,
monitor_only,401,0.9503744791009542,0.003769951573674657,0.0,0.0,3.2004993064510683,28.465209913243964,0,20,8020,1.3101655067636149,,,
monitor_only,402,0.9503692690641686,0.0037907232820422188,0.0,0.0,4.5577392169296616,29.822449823722557,0,20,8040,3.8813024282551676,,,
monitor_only,403,0.9504250239073146,0.003726550236888282,0.0,0.0,5.1766808072810155,30.441391414073912,0,20,8060,4.727052332730262,,,
monitor_only,404,0.9504203507080032,0.003545918870508591,0.0,0.0,6.331651327344874,31.596361934137768,0,20,8080,9.846998198187071,,,
monitor_only,405,0.950437191411812,0.0035142766713259777,0.0,0.0,3.671175519953624,28.93588612674652,0,20,8100,4.247085010734502,,,
monitor_only,406,0.9504839332212487,0.0033890010270367643,0.0,0.0,3.562099509789547,28.826810116582443,0,20,8120,4.317745893328505,,,
monitor_only,407,0.9504528056526422,0.0033507560201615494,0.0,0.0,4.584807472859223,29.84951807965212,0,20,8140,4.532049378973621,,,
monitor_only,408,0.950485389530913,0.0033371994953633743,0.0,0.0,2.4288029580999764,27.69351356489287,0,20,8160,1.350461916625191,,,
monitor_only,409,0.9505383838503183,0.0033629162035784255,0.0,0.0,3.5920942700331997,28.856804876826097,0,20,8180,4.515641178367763,,,
monitor_only,410,0.9505848319868,0.003343186646514118,0.0,0.0,6.565042138686097,31.82975274547899,0,20,8200,9.703618904115155,,,
monitor_only,411,0.9505732004518167,0.003423095126557363,0.0,0.0,4.156721989153229,29.421432595946126,0,20,8220,4.259096854303601,,,
monitor_only,412,0.9506018097933743,0.0034343439100782414,0.0,0.0,6.521994372527682,31.78670497932058,0,20,8240,9.39334150766733,,,
monitor_only,413,0.9505883973819798,0.003553669623530098,0.0,0.0,3.48880202544463,28.753512632237527,0,20,8260,4.146178526700323,,,
monitor_only,414,0.950636919684097,0.003431092136266245,0.0,0.0,4.930357417446116,30.195068024239013,0,20,8280,4.541669408478705,,,
monitor_only,415,0.9506629575682537,0.0032866919973544295,0.0,0.0,5.801397372865441,31.066107979658337,0,20,8300,4.404109861297178,,,
monitor_only,416,0.9507063977809193,0.00320889352101128,0.0,0.0,3.478252360363549,28.742962967156444,0,20,8320,4.406887427005434,,,
monitor_only,417,0.950692333132117,0.003307915870766509,0.0,0.0,3.7468713885778486,29.011581995370744,0,20,8340,4.664974394333731,,,
monitor_only,418,0.9507313860005407,0.00323549967287573,0.0,0.0,4.922482316857389,30.187192923650287,0,20,8360,9.207713296211365,,,
monitor_only,419,0.9507402214518644,0.0032664682372506304,0.0,0.0,2.041388314330402,27.306098921123297,0,20,8380,1.140188987077408,,,
monitor_only,420,0.9507263897429201,0.003261118986854439,0.0,0.0,6.331568157478135,31.59627876427103,0,20,8400,9.208993085774164,,,
monitor_only,421,0.950777259851712,0.0032659698968845463,0.0,0.0,2.7791130880803565,28.043823694873254,0,20,8420,1.3007133088274268,,,
monitor_only,422,0.950841398961165,0.0032802087511422107,0.0,0.0,5.57480886218949,30.839519468982385,0,20,8440,9.842223735039449,,,
monitor_only,423,0.9508641203713887,0.0031979021875889746,0.0,0.0,7.191930020225483,32.45664062701838,0,20,8460,9.231970735340845,,,
monitor_only,424,0.9508473867814067,0.003355638189360355,0.0,0.0,4.945057488753708,30.209768095546604,0,20,8480,4.005082293282668,,,
monitor_only,425,0.950805267541106,0.0034463062140187573,0.0,0.0,2.5215913454553127,27.78630195224821,0,20,8500,1.3965613381950572,,,
monitor_only,426,0.9507317798993417,0.0034267151513902583,0.0,0.0,4.3660748069059085,29.630785413698803,0,20,8520,4.351925177133465,,,
monitor_only,427,0.9507414598556105,0.003385856494587891,0.0,0.0,4.496323879411449,29.761034486204345,0,20,8540,4.4533908476649415,,,
monitor_only,428,0.9506668094703546,0.003461104117055802,0.0,0.0,7.123295137844888,32.38800574463778,0,20,8560,9.955494344022961,,,
monitor_only,429,0.9506723469721357,0.003356026181909555,0.0,0.0,3.1295257692459724,28.39423637603887,0,20,8580,1.3035700561794024,,,
monitor_only,430,0.9506148236757723,0.0033049433864822397,0.0,0.0,5.095399244455163,30.36010985124806,0,20,8600,4.137306699285916,,,
monitor_only,431,0.9506358434521224,0.0033387240936475493,0.0,0.0,3.9695633959618544,29.234274002754752,0,20,8620,4.271597855391834,,,
monitor_only,432,0.9506374657349269,0.0032971321984772706,0.0,0.0,2.8171713692717413,28.081881976064636,0,20,8640,1.3546363591000523,,,
monitor_only,433,0.9506710981003755,0.0033003873401126205,0.0,0.0,2.6233722752805306,27.888082882073427,0,20,8660,1.212614702260597,,,
monitor_only,434,0.9506556426297781,0.0033222110015860284,0.0,0.0,4.562164663043234,29.82687526983613,0,20,8680,4.9029340807014234,,,
monitor_only,435,0.950763816363426,0.003048920945379452,0.0,0.0,2.7325767531998713,27.997287359992768,0,20,8700,1.2711623036058568,,,
monitor_only,436,0.9508874826067917,0.002969467032842732,0.0,0.0,2.39890727262851,27.663617879421405,0,20,8720,1.2024842371481632,,,
monitor_only,437,0.9508670817110528,0.003150924154021628,0.0,0.0,5.755528158765765,31.02023876555866,0,20,8740,9.373862346796326,,,
monitor_only,438,0.9508865783654776,0.003233535525825171,0.0,0.0,3.9678771813342406,29.232587788127137,0,20,8760,4.265406324138227,,,
monitor_only,439,0.9509243792802587,0.0033064905611559503,0.0,0.0,5.563277251067129,30.827987857860023,0,20,8780,9.569933807049935,,,
monitor_only,440,0.950889470651577,0.003415941792622723,0.0,0.0,4.365139121176217,29.629849727969113,0,20,8800,4.698851610530781,,,
monitor_only,441,0.9508631862216939,0.003419467061867354,0.0,0.0,2.23905941944294,27.503770026235834,0,20,8820,1.1310768263294357,,,
monitor_only,442,0.9508645007917179,0.0034395533885865914,0.0,0.0,4.519289504752432,29.78400011154533,0,20,8840,4.24329662274578,,,
monitor_only,443,0.9508777721490302,0.003468285822908479,0.0,0.0,8.699610916550725,33.96432152334362,0,20,8860,16.88743722172079,,,
monitor_only,444,0.9508862307220954,0.0034302761121576264,0.0,0.0,3.995011664345718,29.259722271138614,0,20,8880,4.321761549068788,,,
monitor_only,445,0.9508916784812282,0.003444622082975468,0.0,0.0,4.314857088856689,29.579567695649587,0,20,8900,4.283321136504419,,,
monitor_only,446,0.9509172846161346,0.003370283904771898,0.0,0.0,3.6277662999958022,28.892476906788698,0,20,8920,4.0154541548499925,,,
monitor_only,447,0.951042668580993,0.0032208047642373616,0.0,0.0,4.392539695482425,29.657250302275322,0,20,8940,4.469334437945095,,,
monitor_only,448,0.950958662434292,0.0033970908539895373,0.0,0.0,4.1070029972572435,29.37171360405014,0,20,8960,4.43618312457108,,,
monitor_only,449,0.9510041249950111,0.003288825433662823,0.0,0.0,3.5505704509743388,28.815281057767233,0,20,8980,4.417386047484695,,,
monitor_only,450,0.9510639052315973,0.0031937313097571973,0.0,0.0,4.488673788302743,29.75338439509564,0,20,9000,3.9659743133748524,,,
monitor_only,451,0.9510261758628499,0.0031919643178229817,0.0,0.0,3.6404953936913196,28.905206000484217,0,20,9020,4.339988492948147,,,
monitor_only,452,0.951084175548463,0.0030174909277266293,0.0,0.0,4.572574561063566,29.83728516785646,0,20,9040,4.764142445712819,,,
monitor_only,453,0.9510786996959087,0.0030339626757163174,0.0,0.0,4.343912057168278,29.608622663961174,0,20,9060,4.517063947827919,,,
monitor_only,454,0.9510873490592575,0.003019991746400885,0.0,0.0,9.038920010207436,34.30363061700033,0,20,9080,16.408931063092467,,,
monitor_only,455,0.9511624333908684,0.002849889630100466,0.0,0.0,3.7611730103192387,29.025883617112136,0,20,9100,4.347327934915459,,,
monitor_only,456,0.9511558274356162,0.0029628915441403114,0.0,0.0,3.2986030597333342,28.56331366652623,0,20,9120,3.881507181825278,,,
monitor_only,457,0.9512000398709378,0.002961933648475079,0.0,0.0,4.793719264325196,30.058429871118094,0,20,9140,4.158933314379951,,,
monitor_only,458,0.9511843380160125,0.0030518652564254234,0.0,0.0,6.273290455491437,31.538001062284334,0,20,9160,10.147909146841027,,,
monitor_only,459,0.9511801180831494,0.003188184870583366,0.0,0.0,2.422263847460272,27.686974454253168,0,20,9180,1.3527811297825658,,,
monitor_only,460,0.9511602051800908,0.003229230092955615,0.0,0.0,6.452718698378128,31.717429305171024,0,20,9200,9.17395673171393,,,
monitor_only,461,0.9511504206794382,0.003328990824708278,0.0,0.0,2.321546793920392,27.586257400713286,0,20,9220,1.1374211020096772,,,
monitor_only,462,0.9511378263444631,0.00336366485595907,0.0,0.0,6.25115386923384,31.515864476026735,0,20,9240,10.031558949496242,,,
monitor_only,463,0.9511268679537903,0.003484045105492828,0.0,0.0,9.05886508828933,34.323575695082226,0,20,9260,16.94237221544519,,,
monitor_only,464,0.9511623830579248,0.003495726371614327,0.0,0.0,2.7108705432553224,27.975581150048217,0,20,9280,1.2340062259305606,,,
monitor_only,465,0.951253400872014,0.003428619211841344,0.0,0.0,4.747791385977165,30.012501992770062,0,20,9300,4.550598028749413,,,
monitor_only,466,0.951295374757746,0.003267927646377511,0.0,0.0,3.5573028630004093,28.822013469793305,0,20,9320,4.153054033656431,,,
monitor_only,467,0.9513487550475325,0.003195633040609991,0.0,0.0,4.640292322726907,29.905002929519803,0,20,9340,4.284124192437931,,,
monitor_only,468,0.9513743187847253,0.003151695377787922,0.0,0.0,3.6241838170939804,28.888894423886875,0,20,9360,4.209827744598243,,,
monitor_only,469,0.9514005353819954,0.0032889951859891298,0.0,0.0,6.926444445320283,32.19115505211318,0,20,9380,9.277625092655866,,,
monitor_only,470,0.9513880443775876,0.003112431158088902,0.0,0.0,4.51468602977019,29.779396636563085,0,20,9400,4.179732407457068,,,
monitor_only,471,0.951466358103969,0.003017053963220384,0.0,0.0,2.5225266622714226,27.78723726906432,0,20,9420,1.3016321395624624,,,
monitor_only,472,0.9514378907584833,0.003064798126560464,0.0,0.0,3.643715340917179,28.908425947710075,0,20,9440,4.41072356623892,,,
monitor_only,473,0.9514464865995559,0.0031879147456495005,0.0,0.0,2.116427364707381,27.381137971500277,0,20,9460,1.4647051836442397,,,
monitor_only,474,0.951414203746073,0.003354901905551544,0.0,0.0,3.4031764256385246,28.66788703243142,0,20,9480,4.77400873771924,,,
monitor_only,475,0.9514297365353916,0.0033609675386088167,0.0,0.0,2.287023988872216,27.551734595665113,0,20,9500,1.3707113227067735,,,
monitor_only,476,0.9514564221183274,0.00326411620988043,0.0,0.0,6.57710084751183,31.841811454304725,0,20,9520,9.900823228630143,,,
monitor_only,477,0.9514993124315195,0.0031610387724797517,0.0,0.0,4.25785263914999,29.522563245942884,0,20,9540,4.375623715479575,,,
monitor_only,478,0.9514963996730502,0.003162503898184621,0.0,0.0,3.8516187711617182,29.116329377954614,0,20,9560,4.532132591696046,,,
monitor_only,479,0.9515059380307781,0.0031272899367185136,0.0,0.0,2.9982383756069115,28.262948982399806,0,20,9580,1.3963032524832402,,,
monitor_only,480,0.9515104796570388,0.003043400224381543,0.0,0.0,6.57646314431975,31.841173751112645,0,20,9600,9.596926090499936,,,
monitor_only,481,0.9514920992246964,0.0030175986222014117,0.0,0.0,3.642073423981767,28.906784030774663,0,20,9620,4.405334136794364,,,
monitor_only,482,0.9515150174250491,0.0030037941160281356,0.0,0.0,4.97767300499596,30.242383611788856,0,20,9640,4.3331973832864685,,,
monitor_only,483,0.9515682873782974,0.0030021285666614883,0.0,0.0,4.62448049557326,29.889191102366155,0,20,9660,4.45349370065539,,,
monitor_only,484,0.9515817042573816,0.0031560161424138977,0.0,0.0,6.365140588012258,31.629851194805156,0,20,9680,9.425376351016421,,,
monitor_only,485,0.9516228502221137,0.0030463092972863315,0.0,0.0,3.5525947604915857,28.817305367284483,0,20,9700,4.393040426230348,,,
monitor_only,486,0.9516011647813698,0.003122819067746696,0.0,0.0,2.53417322464522,27.798883831438115,0,20,9720,1.3535616198345248,,,
monitor_only,487,0.9516357124101094,0.003038137358316151,0.0,0.0,4.277444155221864,29.54215476201476,0,20,9740,4.31012401814296,,,
monitor_only,488,0.9516818543727051,0.0029898093435605233,0.0,0.0,6.248893100970975,31.51360370776387,0,20,9760,9.906859710942264,,,
monitor_only,489,0.9516569880558657,0.003025813175870473,0.0,0.0,3.6589523243176747,28.92366293111057,0,20,9780,4.778292159787667,,,
monitor_only,490,0.9516707131626722,0.003131578403721358,0.0,0.0,4.666923422053449,29.931634028846346,0,20,9800,4.590821529468792,,,
monitor_only,491,0.9516637104976213,0.0031505759298419145,0.0,0.0,4.639702973649211,29.904413580442107,0,20,9820,4.111552947698774,,,
monitor_only,492,0.9517276589504551,0.0031879209901082284,0.0,0.0,7.902847292889862,33.167557899682755,0,20,9840,17.040534019887037,,,
monitor_only,493,0.9516554840140219,0.0033150159111035027,0.0,0.0,6.219077595981373,31.48378820277427,0,20,9860,10.428623479612119,,,
monitor_only,494,0.951695716009002,0.0033678371066435675,0.0,0.0,4.015397392108969,29.280107998901865,0,20,9880,4.322189944760438,,,
monitor_only,495,0.9517240341414388,0.003377435870806633,0.0,0.0,2.3127796509003433,27.57749025769324,0,20,9900,1.437973100748668,,,
monitor_only,496,0.951804736069334,0.0035165584838795505,0.0,0.0,5.848497343324353,31.11320795011725,0,20,9920,9.888025280575118,,,
monitor_only,497,0.9518241958940854,0.003555826174306387,0.0,0.0,3.034660318084489,28.299370924877387,0,20,9940,1.17937050927469,,,
monitor_only,498,0.9518100716267164,0.003409008668299296,0.0,0.0,7.366085586047141,32.63079619284004,0,20,9960,16.768716831224424,,,
monitor_only,499,0.9518234243058789,0.003389639127269639,0.0,0.0,3.394246569134544,28.65895717592744,0,20,9980,4.284448097843435,,,
monitor_only,500,0.951827751810834,0.003349708062137746,0.0,0.0,6.838498797111126,32.103209403904025,0,20,10000,9.26208439648963,,,
monitor_only,501,0.9519001803279653,0.0031931182821243187,0.0,0.0,4.097854008185018,29.362564614977913,0,20,10020,3.960346540076293,,,
monitor_only,502,0.9519323661660083,0.0032163828010276507,0.0,0.0,4.65811768821822,29.922828295011115,0,20,10040,4.238741861168371,,,
monitor_only,503,0.9519721860904391,0.0031777556602536894,0.0,0.0,5.0235703331901895,30.288280939983085,0,20,10060,4.734149611687893,,,
monitor_only,504,0.9520047851523041,0.003164919630280094,0.0,0.0,5.1311310784682895,30.395841685261185,0,20,10080,4.350585736503986,,,
monitor_only,505,0.9519620961862136,0.003246553842374822,0.0,0.0,2.339099778921629,27.603810385714525,0,20,10100,1.1843536598991466,,,
monitor_only,506,0.9520159883081046,0.0032808329300941796,0.0,0.0,2.245690758524769,27.510401365317666,0,20,10120,1.2068782111959082,,,
monitor_only,507,0.9519631704996818,0.0033352902461567524,0.0,0.0,4.972553627018001,30.237264233810897,0,20,10140,9.021154125317656,,,
monitor_only,508,0.9520125528944737,0.0032816102567537753,0.0,0.0,6.536253044598201,31.800963651391097,0,20,10160,9.706468081732446,,,
monitor_only,509,0.9520312342656401,0.003279118443107354,0.0,0.0,3.513109345877619,28.777819952670516,0,20,10180,4.629730807172265,,,
monitor_only,510,0.9520053422431816,0.0033205656241938053,0.0,0.0,5.120532463116538,30.385243069909436,0,20,10200,4.15866776416274,,,
monitor_only,511,0.9520158690141176,0.003322913833886054,0.0,0.0,3.8344886993450107,29.099199306137905,0,20,10220,4.081346287098528,,,
monitor_only,512,0.9520279267302054,0.003223417270934892,0.0,0.0,4.5548510682058065,29.819561674998702,0,20,10240,4.049991398260813,,,
monitor_only,513,0.9519546352414582,0.0033100727554381537,0.0,0.0,4.736863819117222,30.001574425910118,0,20,10260,9.295116067641388,,,
monitor_only,514,0.9519649708602043,0.0032571200841098324,0.0,0.0,4.589954561433853,29.85466516822675,0,20,10280,4.184552296003373,,,
monitor_only,515,0.951977199490922,0.0033010206813097742,0.0,0.0,4.448448392305091,29.713158999097985,0,20,10300,4.269559886875957,,,
monitor_only,516,0.9520212808232773,0.0032623333474087746,0.0,0.0,6.755243355170126,32.019953961963026,0,20,10320,9.350211003031617,,,
monitor_only,517,0.9520375204906111,0.003242174685146537,0.0,0.0,4.18500394588231,29.449714552675207,0,20,10340,4.320126893310183,,,
monitor_only,518,0.9520535030192194,0.0031864707647867307,0.0,0.0,4.210442306881182,29.47515291367408,0,20,10360,4.267829586525776,,,
monitor_only,519,0.9520763455429869,0.003307321465355839,0.0,0.0,6.937940131744139,32.20265073853704,0,20,10380,9.039296883300656,,,
monitor_only,520,0.9520906371169652,0.0033400575777171593,0.0,0.0,4.109865304654276,29.374575911447174,0,20,10400,4.459686052027897,,,
monitor_only,521,0.952093871709921,0.003484443644893531,0.0,0.0,4.746119942806398,30.010830549599294,0,20,10420,9.13817968468422,,,
monitor_only,522,0.952065831312232,0.00350811116959604,0.0,0.0,4.160726386871838,29.425436993664732,0,20,10440,4.324702037802658,,,
monitor_only,523,0.952148846652834,0.003322231465260117,0.0,0.0,4.788725930088786,30.053436536881684,0,20,10460,3.981166767406889,,,
monitor_only,524,0.9521052939522793,0.0033207650595246108,0.0,0.0,5.192166914153479,30.456877520946374,0,20,10480,4.546372947074591,,,
monitor_only,525,0.9520693689234467,0.0034095752570202364,0.0,0.0,4.674748622453488,29.939459229246385,0,20,10500,4.162633947010009,,,
monitor_only,526,0.9520798052245577,0.003363369171025421,0.0,0.0,6.9960190623277985,32.26072966912069,0,20,10520,10.179906264329876,,,
monitor_only,527,0.9520753603858517,0.003345750175390849,0.0,0.0,3.410106295480466,28.674816902273363,0,20,10540,4.037578470236252,,,
monitor_only,528,0.9520100725485886,0.0033729752584846784,0.0,0.0,2.949898910307168,28.214609517100065,0,20,10560,1.2666330965014752,,,
monitor_only,529,0.9519664930862439,0.0034360100486919842,0.0,0.0,5.225203433106353,30.489914039899247,0,20,10580,4.359935905927258,,,
monitor_only,530,0.951963218219666,0.003372240883627531,0.0,0.0,3.7443135514942005,29.009024158287097,0,20,10600,4.735437271275491,,,
monitor_only,531,0.9519854505151706,0.0032838859806127996,0.0,0.0,2.4813767322996525,27.746087339092547,0,20,10620,1.329774392010004,,,
monitor_only,532,0.9520500778414743,0.0032878071236628337,0.0,0.0,3.961858605167044,29.22656921195994,0,20,10640,4.383195421346527,,,
monitor_only,533,0.9520759569024108,0.00325466877146241,0.0,0.0,4.378992615411823,29.64370322220472,0,20,10660,4.749981799246837,,,
monitor_only,534,0.9520700339029113,0.0034195131186327554,0.0,0.0,3.802703909359652,29.06741451615255,0,20,10680,4.136011034397798,,,
monitor_only,535,0.9520682354516146,0.0033710087465498306,0.0,0.0,4.1025284942412465,29.367239101034144,0,20,10700,4.14512821279159,,,
monitor_only,536,0.9520482116330542,0.0032039520288958956,0.0,0.0,3.4657308268495806,28.730441433642476,0,20,10720,4.498442124718429,,,
monitor_only,537,0.9520404873742399,0.0031351548197289247,0.0,0.0,4.521241685063975,29.785952291856873,0,20,10740,4.386699553129623,,,
monitor_only,538,0.9519975904445717,0.0030803371733585383,0.0,0.0,4.617339606039188,29.882050212832084,0,20,10760,9.342712950414478,,,
monitor_only,539,0.95200098353232,0.0030446061560464033,0.0,0.0,7.8231573332722135,33.08786794006511,0,20,10780,8.878421540667983,,,
monitor_only,540,0.9519965116891504,0.0031300938969902603,0.0,0.0,4.078582870105369,29.343293476898264,0,20,10800,4.310233315496472,,,
monitor_only,541,0.951977258852626,0.0031970184549616754,0.0,0.0,3.446411562394685,28.711122169187583,0,20,10820,4.391382075861594,,,
monitor_only,542,0.9519453358852543,0.0032185860988634962,0.0,0.0,4.808931819942596,30.073642426735493,0,20,10840,4.410574029641757,,,
monitor_only,543,0.9520224391205876,0.0032480188271526433,0.0,0.0,4.55326640841591,29.817977015208804,0,20,10860,4.699572905066146,,,
monitor_only,544,0.9520844905008575,0.0035331874975639277,0.0,0.0,10.294817044209378,35.55952765100227,0,20,10880,24.975283228368642,,,
monitor_only,545,0.9521011345328115,0.0035725675520914546,0.0,0.0,5.391205872095392,30.655916478888287,0,20,10900,4.36151866099475,,,
monitor_only,546,0.9520612636107934,0.003764704437587696,0.0,0.0,3.8103929749774714,29.075103581770367,0,20,10920,4.856093264251186,,,
monitor_only,547,0.9520708570439077,0.003712225811645209,0.0,0.0,2.2961305965311807,27.560841203324077,0,20,10940,1.2989224436892626,,,
monitor_only,548,0.9520686106154593,0.0038038785992350332,0.0,0.0,2.117913229528717,27.382623836321613,0,20,10960,1.1519755676046306,,,
monitor_only,549,0.9520338878889323,0.003947457323409176,0.0,0.0,2.9871422705676407,28.251852877360538,0,20,10980,1.7286807428354778,,,
monitor_only,550,0.9520084050522226,0.004025014671419469,0.0,0.0,3.8983176746592103,29.163028281452107,0,20,11000,3.8764444923686585,,,
monitor_only,551,0.9520225586902797,0.004020344049071811,0.0,0.0,4.512783386917695,29.777493993710593,0,20,11020,4.752162679159484,,,
monitor_only,552,0.9519753937269327,0.003875318339228606,0.0,0.0,5.310611387204929,30.575321993997825,0,20,11040,10.151936696552577,,,
monitor_only,553,0.9519918875369765,0.0038394890632248435,0.0,0.0,4.630089637013305,29.894800243806202,0,20,11060,4.268058876562087,,,
monitor_only,554,0.9520330963213155,0.0039027916291684006,0.0,0.0,2.8200341148454675,28.084744721638362,0,20,11080,1.2062668803573202,,,
monitor_only,555,0.9520138517453823,0.003909094298172766,0.0,0.0,4.380484152431151,29.645194759224047,0,20,11100,4.368351257197051,,,
monitor_only,556,0.952020962603062,0.003918051383543175,0.0,0.0,3.100461204573279,28.365171811366174,0,20,11120,1.1365215826511523,,,
monitor_only,557,0.9519743286710151,0.003917036490497128,0.0,0.0,2.4480119775177958,27.71272258431069,0,20,11140,1.3715162702848336,,,
monitor_only,558,0.9520162066008349,0.004015547431912236,0.0,0.0,3.511209719224404,28.7759203260173,0,20,11160,4.360903867770812,,,
monitor_only,559,0.9520164992217177,0.003975432794657285,0.0,0.0,4.463679226696459,29.728389833489356,0,20,11180,4.28830313670205,,,
monitor_only,560,0.9520521714665655,0.003962071196175421,0.0,0.0,8.426721198116857,33.691431804909755,0,20,11200,25.761485406144914,,,
monitor_only,561,0.9521597342026036,0.004010631215760951,0.0,0.0,4.4884379806654255,29.75314858745832,0,20,11220,4.659516788906217,,,
monitor_only,562,0.9522162617941144,0.004006290225289422,0.0,0.0,3.9972528402343253,29.26196344702722,0,20,11240,4.621784520301689,,,
monitor_only,563,0.95219896957639,0.0038781866730692727,0.0,0.0,4.50497654258976,29.769687149382655,0,20,11260,4.314785060734094,,,
monitor_only,564,0.9521823457121102,0.0039757581039966405,0.0,0.0,5.867304675540545,31.13201528233344,0,20,11280,4.170683010730787,,,
monitor_only,565,0.952168734895906,0.00397663006721638,0.0,0.0,6.325712165813471,31.590422772606367,0,20,11300,9.218864847111318,,,
monitor_only,566,0.952181478999435,0.003990623428080209,0.0,0.0,6.399032660667167,31.663743267460063,0,20,11320,9.02946558675715,,,
monitor_only,567,0.952211451400419,0.003912189018146162,0.0,0.0,5.5476705719392925,30.81238117873219,0,20,11340,4.465579012467447,,,
monitor_only,568,0.9522062455281654,0.0038653478979971956,0.0,0.0,6.348231798040402,31.612942404833298,0,20,11360,9.950624925501549,,,
monitor_only,569,0.9522068951532405,0.0037169826705656384,0.0,0.0,4.556001164101101,29.820711770893997,0,20,11380,4.2783322854469015,,,
monitor_only,570,0.9522160623194567,0.0035988007935684463,0.0,0.0,6.249322818513955,31.51403342530685,0,20,11400,9.580918247159959,,,
monitor_only,571,0.9521961843323284,0.003573532754746145,0.0,0.0,7.860601333444094,33.12531194023699,0,20,11420,16.742662554871288,,,
monitor_only,572,0.9521311640332493,0.003648676680572005,0.0,0.0,5.755642737945824,31.02035334473872,0,20,11440,8.905586950032014,,,
monitor_only,573,0.9521579947063922,0.0036595077986236735,0.0,0.0,3.4275683116081774,28.692278918401072,0,20,11460,4.200678561569622,,,
monitor_only,574,0.9521803563440616,0.0037350994848193153,0.0,0.0,5.849000500672393,31.11371110746529,0,20,11480,9.364935123168003,,,
monitor_only,575,0.952136970372144,0.0038594287800131077,0.0,0.0,4.624587114187959,29.889297720980856,0,20,11500,4.178337357968382,,,
monitor_only,576,0.9522062707809895,0.003973588212615287,0.0,0.0,4.455334763254942,29.72004537004784,0,20,11520,4.742282206514095,,,
monitor_only,577,0.9521585319488218,0.004056903935562239,0.0,0.0,5.2639942711638135,30.52870487795671,0,20,11540,4.239424975899355,,,
monitor_only,578,0.9521917406238832,0.004115495718268525,0.0,0.0,5.632658789449445,30.89736939624234,0,20,11560,9.967281504599976,,,
monitor_only,579,0.9522299200986651,0.004151892162419291,0.0,0.0,3.6787003027896628,28.94341090958256,0,20,11580,4.206224586543302,,,
monitor_only,580,0.9523100086916764,0.00392277438756361,0.0,0.0,3.6645860256552028,28.9292966324481,0,20,11600,4.648430615821983,,,
monitor_only,581,0.9523539058256637,0.0037531112381621323,0.0,0.0,4.211705133008466,29.47641573980136,0,20,11620,4.389046843564481,,,
monitor_only,582,0.9523486993301156,0.00389852565650195,0.0,0.0,5.076498426149687,30.341209032942583,0,20,11640,4.452537875547389,,,
monitor_only,583,0.9523773712345415,0.0037593111548339664,0.0,0.0,4.584005949463354,29.84871655625625,0,20,11660,4.525385347886965,,,
monitor_only,584,0.9523831424030197,0.0035755499922709433,0.0,0.0,6.62006141348625,31.884772020279147,0,20,11680,9.716552629415498,,,
monitor_only,585,0.9523714148851204,0.003692827135417187,0.0,0.0,4.170983953298984,29.435694560091882,0,20,11700,4.24786798999428,,,
monitor_only,586,0.9523729650871788,0.0036458453475142205,0.0,0.0,6.477658720391765,31.74236932718466,0,20,11720,8.98999120556018,,,
monitor_only,587,0.9523512106289734,0.0036210129934266533,0.0,0.0,3.8998358614890574,29.164546468281955,0,20,11740,3.9660279183033835,,,
monitor_only,588,0.952300107271413,0.003450964695625003,0.0,0.0,6.361327800320891,31.626038407113786,0,20,11760,8.955863005154823,,,
monitor_only,589,0.9522882792417288,0.0034625161421630857,0.0,0.0,6.817195478674579,32.08190608546747,0,20,11780,9.59557749486284,,,
monitor_only,590,0.9522283863225474,0.003413570975226987,0.0,0.0,5.515333833902705,30.7800444406956,0,20,11800,4.572804634620947,,,
monitor_only,591,0.9522236919457711,0.003327109176890497,0.0,0.0,5.215662471127497,30.480373077920394,0,20,11820,9.306489252826722,,,
monitor_only,592,0.9522286397749676,0.0032934356356895123,0.0,0.0,3.3509301102731888,28.615640717066086,0,20,11840,1.3202210914792116,,,
monitor_only,593,0.9522779020012075,0.003237701534676285,0.0,0.0,4.384017596315956,29.648728203108853,0,20,11860,4.617942525667272,,,
monitor_only,594,0.9522965773650823,0.00323922997273951,0.0,0.0,4.269313749180987,29.534024355973884,0,20,11880,4.199486721084552,,,
monitor_only,595,0.9522403081298229,0.0033114125742828016,0.0,0.0,3.4050347917682053,28.6697453985611,0,20,11900,3.957630869840039,,,
monitor_only,596,0.9522692810323301,0.0034555805942063644,0.0,0.0,7.269612578454732,32.53432318524763,0,20,11920,9.061338053271674,,,
monitor_only,597,0.9522363097941936,0.0034712149678666204,0.0,0.0,2.686351838500843,27.95106244529374,0,20,11940,1.1822527007202288,,,
monitor_only,598,0.9522687008621852,0.003503715531372631,0.0,0.0,4.393826793655686,29.65853740044858,0,20,11960,4.3221704186041645,,,
monitor_only,599,0.9522301771260131,0.003566433133443736,0.0,0.0,6.67258900029201,31.937299607084906,0,20,11980,9.133049148953802,,,
monitor_only,600,0.9522675047482754,0.003516649298461294,0.0,0.0,4.581316795727051,29.846027402519947,0,20,12000,4.285826753013992,,,
monitor_only,601,0.9523091633885584,0.003565909533404521,0.0,0.0,5.481745919865144,30.74645652665804,0,20,12020,4.571985154552782,,,
monitor_only,602,0.9522578894170981,0.0035837953165879233,0.0,0.0,2.559543300195283,27.82425390698818,0,20,12040,1.2606819555661866,,,
monitor_only,603,0.9522717591404858,0.0036193158142844295,0.0,0.0,2.914443190117695,28.17915379691059,0,20,12060,1.502065612224363,,,
monitor_only,604,0.9522332804264689,0.003754499432833569,0.0,0.0,3.505700570923662,28.770411177716557,0,20,12080,4.137964915005736,,,
monitor_only,605,0.9522479179271456,0.003836241629092574,0.0,0.0,6.708567904351293,31.973278511144187,0,20,12100,9.859274906247453,,,
monitor_only,606,0.9522794036330318,0.0037877686792847642,0.0,0.0,4.609021083223062,29.87373169001596,0,20,12120,3.9628177049635047,,,
monitor_only,607,0.952298960101138,0.003844165904607899,0.0,0.0,2.9156990328664354,28.18040963965933,0,20,12140,1.3616295263754183,,,
monitor_only,608,0.9523487679565537,0.003885558882972262,0.0,0.0,5.368465043573195,30.63317565036609,0,20,12160,9.321354323377705,,,
monitor_only,609,0.9524010182130441,0.003842291803768494,0.0,0.0,4.347664974368679,29.612375581161576,0,20,12180,4.642787146430263,,,
monitor_only,610,0.9524767402677436,0.0038721882584491496,0.0,0.0,3.680577493028769,28.945288099821664,0,20,12200,4.600633310357529,,,
monitor_only,611,0.9524231285239716,0.003963856720422099,0.0,0.0,3.7677032639590045,29.0324138707519,0,20,12220,1.2931241225971435,,,
monitor_only,612,0.952487895215784,0.0038884421564544525,0.0,0.0,5.861946925586724,31.12665753237962,0,20,12240,9.182171225099378,,,
monitor_only,613,0.9524544768503224,0.003991311202172776,0.0,0.0,3.8189979878861564,29.083708594679052,0,20,12260,4.379088441771182,,,
monitor_only,614,0.9524127496660888,0.004198433781960165,0.0,0.0,4.137337456278023,29.402048063070918,0,20,12280,4.955605660392153,,,
monitor_only,615,0.9524110259098392,0.004184616555123588,0.0,0.0,2.6501180255209715,27.914828632313867,0,20,12300,1.3566744887119535,,,
monitor_only,616,0.9524369155055861,0.0041969122727062436,0.0,0.0,2.8014113670600542,28.06612197385295,0,20,12320,1.1094480573975574,,,
monitor_only,617,0.9524366691635204,0.004052619619459019,0.0,0.0,4.702519764525216,29.967230371318113,0,20,12340,4.23354465372627,,,
monitor_only,618,0.9524846327604136,0.0039871310905893464,0.0,0.0,5.115945261244624,30.380655868037522,0,20,12360,4.4149032133219075,,,
monitor_only,619,0.9524820452314993,0.003917428372001486,0.0,0.0,3.834267608999618,29.098978215792513,0,20,12380,4.055013654106593,,,
monitor_only,620,0.9524994043247756,0.0038190781694539266,0.0,0.0,3.735969617107885,29.00068022390078,0,20,12400,4.312714616048679,,,
monitor_only,621,0.9525157794970662,0.003844227744858819,0.0,0.0,3.9990133828959005,29.263723989688796,0,20,12420,4.189579032036416,,,
monitor_only,622,0.9525474946468905,0.003955803503249866,0.0,0.0,6.39748859826716,31.662199205060055,0,20,12440,10.12330871929728,,,
monitor_only,623,0.9525414280730394,0.003944248525694638,0.0,0.0,3.5004453332086944,28.76515594000159,0,20,12460,4.2540828729934645,,,
monitor_only,624,0.9525488532856714,0.0038791577379784226,0.0,0.0,4.0800952911381785,29.344805897931074,0,20,12480,4.369646794579736,,,
monitor_only,625,0.9525386701764071,0.0038911567262890356,0.0,0.0,5.118091928256593,30.38280253504949,0,20,12500,4.748820456299291,,,
monitor_only,626,0.9525113664509857,0.0039024208247123715,0.0,0.0,3.7859929715747676,29.050703578367663,0,20,12520,4.259650686565097,,,
monitor_only,627,0.9524644613821218,0.00401735968986916,0.0,0.0,2.853279990727649,28.117990597520546,0,20,12540,1.398775835427351,,,
monitor_only,628,0.9524656302667487,0.004202992974219666,0.0,0.0,4.804212957769356,30.06892356456225,0,20,12560,9.543578434086788,,,
monitor_only,629,0.9524787271119113,0.004139626184972434,0.0,0.0,3.9141258204356353,29.178836427228532,0,20,12580,4.202232368517917,,,
monitor_only,630,0.9525401742447774,0.004115211965510124,0.0,0.0,3.849644421411439,29.114355028204336,0,20,12600,4.191445761665315,,,
monitor_only,631,0.9525203739782745,0.0039041128566631444,0.0,0.0,2.262791739729961,27.52750234652286,0,20,12620,1.4242035335616239,,,
monitor_only,632,0.9524909312888661,0.00405511027679073,0.0,0.0,3.9179724740265534,29.182683080819448,0,20,12640,4.349595257312143,,,
monitor_only,633,0.9525362887544111,0.0042137218432902745,0.0,0.0,2.557399685409249,27.822110292202144,0,20,12660,1.2539366861327148,,,
monitor_only,634,0.952591417111762,0.004108978314053768,0.0,0.0,3.67547788022312,28.940188487016016,0,20,12680,4.582378543851285,,,
monitor_only,635,0.9525853435995766,0.004087487445406657,0.0,0.0,6.52268079445976,31.787391401252655,0,20,12700,9.44129084732322,,,
monitor_only,636,0.9526041455730521,0.004115787006209293,0.0,0.0,5.021942218963979,30.286652825756875,0,20,12720,4.403013806006251,,,
monitor_only,637,0.9526076487449305,0.004116464484735016,0.0,0.0,4.0060873900585765,29.27079799685147,0,20,12740,4.207026524191816,,,
monitor_only,638,0.9526224973971286,0.0041141332709254685,0.0,0.0,4.220400129297117,29.485110736090014,0,20,12760,4.54474071625657,,,
monitor_only,639,0.9525973765290018,0.00394856368566221,0.0,0.0,3.36762693019514,28.632337536988036,0,20,12780,1.2767624092223515,,,
monitor_only,640,0.9526192426168865,0.003908335349322223,0.0,0.0,4.441886038792969,29.706596645585865,0,20,12800,4.334951258974573,,,
monitor_only,641,0.9526088515695497,0.0038850010251110234,0.0,0.0,2.0366552802794997,27.301365887072397,0,20,12820,1.298364277318702,,,
monitor_only,642,0.9526213934300038,0.0038101377573941386,0.0,0.0,2.765301377824174,28.03001198461707,0,20,12840,1.3345511643019676,,,
monitor_only,643,0.9526262673677659,0.0037199266540254294,0.0,0.0,3.9370917594715964,29.20180236626449,0,20,12860,4.466346999265334,,,
monitor_only,644,0.952616785526589,0.0037648547981428138,0.0,0.0,2.3271702156771936,27.591880822470088,0,20,12880,1.3869980879531778,,,
monitor_only,645,0.9526134425106075,0.0037484353510397472,0.0,0.0,3.365274343350989,28.629984950143886,0,20,12900,4.174400853132542,,,
monitor_only,646,0.952587898501402,0.00373271552125376,0.0,0.0,4.075570703211063,29.34028131000396,0,20,12920,4.083835279913794,,,
monitor_only,647,0.9525909127678738,0.003662595206325947,0.0,0.0,2.5949880764499693,27.859698683242865,0,20,12940,1.2628525693553714,,,
monitor_only,648,0.9525874539212722,0.0037069224213915897,0.0,0.0,3.4910150267203908,28.755725633513286,0,20,12960,4.351664856709708,,,
monitor_only,649,0.9525983075874204,0.0037346103005936326,0.0,0.0,3.703900509493519,28.968611116286414,0,20,12980,4.275033950914835,,,
monitor_only,650,0.9526101469002959,0.0036296738379871796,0.0,0.0,5.581711928974306,30.846422535767203,0,20,13000,4.643040261926623,,,
monitor_only,651,0.9526025869668643,0.0036551123432337906,0.0,0.0,2.4513313179376075,27.716041924730504,0,20,13020,1.1870359294743569,,,
monitor_only,652,0.9526184184156017,0.003679328168988305,0.0,0.0,6.01279047570202,31.277501082494915,0,20,13040,9.425890722627543,,,
monitor_only,653,0.9526842324199511,0.0036654856099288535,0.0,0.0,3.537561316006451,28.802271922799346,0,20,13060,4.467153112013865,,,
monitor_only,654,0.9527306881401079,0.003978776168978904,0.0,0.0,3.821801975565781,29.086512582358676,0,20,13080,4.386926043064031,,,
monitor_only,655,0.9527023649868814,0.0038437748549037254,0.0,0.0,5.007566005041287,30.272276611834183,0,20,13100,4.315460497294787,,,
monitor_only,656,0.9527082697339501,0.003720443266149731,0.0,0.0,2.8003111553915208,28.065021762184415,0,20,13120,1.1020875035738804,,,
monitor_only,657,0.9526867606571007,0.0036871202758566035,0.0,0.0,5.30766039920054,30.572371005993435,0,20,13140,4.527004619357819,,,
monitor_only,658,0.9527004064688954,0.0035661648587592687,0.0,0.0,2.5487036012508524,27.81341420804375,0,20,13160,1.3051074578758544,,,
monitor_only,659,0.9527539798622756,0.00361773966447565,0.0,0.0,2.6350913807156067,27.899801987508503,0,20,13180,1.4154938435334739,,,
monitor_only,660,0.9527431427699063,0.003643091831532441,0.0,0.0,4.390172992276588,29.654883599069485,0,20,13200,4.133267261867482,,,
monitor_only,661,0.9527309142321279,0.003706939756238148,0.0,0.0,6.727132324390034,31.99184293118293,0,20,13220,16.2820771547053,,,
monitor_only,662,0.9528030943501429,0.0036519690781374736,0.0,0.0,3.1958079590573005,28.460518565850197,0,20,13240,4.586037865078982,,,
monitor_only,663,0.9527978553891575,0.0035574954103079204,0.0,0.0,4.258528910301665,29.52323951709456,0,20,13260,4.6172502546976215,,,
monitor_only,664,0.9528119060282632,0.003629458643326755,0.0,0.0,3.633163852723114,28.89787445951601,0,20,13280,4.347955989737797,,,
monitor_only,665,0.9527447438870882,0.0037125090161920227,0.0,0.0,8.379651949252423,33.64436255604532,0,20,13300,17.035664425220837,,,
monitor_only,666,0.9527613723698966,0.003800266145715936,0.0,0.0,3.734628139107297,28.999338745900193,0,20,13320,4.031464293792676,,,
monitor_only,667,0.9527404719299447,0.003892197516081053,0.0,0.0,6.07240234564318,31.337112952436076,0,20,13340,10.104960901859057,,,
monitor_only,668,0.9527256799859771,0.0038972110704266205,0.0,0.0,2.742001381308599,28.006711988101493,0,20,13360,1.18379273118261,,,
monitor_only,669,0.9527427662941745,0.0037703540675587677,0.0,0.0,4.393047762012712,29.65775836880561,0,20,13380,4.610911515422314,,,
monitor_only,670,0.9527826182975901,0.003825146842143412,0.0,0.0,3.6218489127556475,28.886559519548545,0,20,13400,4.423161036743188,,,
monitor_only,671,0.9527845895467989,0.0038369348041591422,0.0,0.0,7.152511092787681,32.41722169958058,0,20,13420,9.670548678732642,,,
monitor_only,672,0.9527745531139596,0.0036762105458645333,0.0,0.0,3.6955598469261464,28.96027045371904,0,20,13440,4.178357219276353,,,
monitor_only,673,0.9527458747124873,0.0036187096703464983,0.0,0.0,3.8818395511689205,29.146550157961816,0,20,13460,4.121984433665271,,,
monitor_only,674,0.9526916433108163,0.003790303743482104,0.0,0.0,4.433920115064377,29.698630721857274,0,20,13480,4.557905870699474,,,
monitor_only,675,0.9527359590848136,0.003815652270015124,0.0,0.0,4.355497844102778,29.620208450895674,0,20,13500,4.339255938305155,,,
monitor_only,676,0.9527387726108195,0.003923013527357466,0.0,0.0,2.961372075383292,28.226082682176187,0,20,13520,1.2855489661606505,,,
monitor_only,677,0.9527346112114494,0.004065360281184316,0.0,0.0,4.405514396797803,29.670225003590698,0,20,13540,4.5531462603583055,,,
monitor_only,678,0.9527265184282915,0.004146654608680356,0.0,0.0,6.40235993317398,31.667070539966875,0,20,13560,9.45748672757815,,,
monitor_only,679,0.9527308011762946,0.004202738665470607,0.0,0.0,3.829604996447869,29.094315603240766,0,20,13580,4.5313709693086786,,,
monitor_only,680,0.9526992276941736,0.004040078783722145,0.0,0.0,3.9326526683827345,29.19736327517563,0,20,13600,4.556607523410388,,,
monitor_only,681,0.9527114760599972,0.003964506800248846,0.0,0.0,5.173085069800576,30.437795676593474,0,20,13620,4.4609263904710375,,,
monitor_only,682,0.9527016973655458,0.0038639052404068064,0.0,0.0,2.5705568268122003,27.835267433605097,0,20,13640,1.3830727573622954,,,
monitor_only,683,0.9527066309712574,0.0038001055258390926,0.0,0.0,9.03596442995677,34.300675036749666,0,20,13660,16.35805807976833,,,
monitor_only,684,0.952690637602575,0.0038178178305229293,0.0,0.0,2.257129837867979,27.521840444660874,0,20,13680,1.1847890320948422,,,
monitor_only,685,0.9526805815685528,0.003638585493762281,0.0,0.0,4.491068251956205,29.7557788587491,0,20,13700,4.358841890397619,,,
monitor_only,686,0.9526988323748223,0.003554797167008239,0.0,0.0,5.620372083214233,30.88508269000713,0,20,13720,4.291900123939151,,,
monitor_only,687,0.9526796487134216,0.0034022898075705132,0.0,0.0,2.5444971910362537,27.80920779782915,0,20,13740,1.3865828676698029,,,
monitor_only,688,0.9526488526538617,0.0033925215186254576,0.0,0.0,5.206455609825919,30.471166216618816,0,20,13760,3.897497615734823,,,
monitor_only,689,0.9527176623817617,0.003457975356182974,0.0,0.0,5.593635417649728,30.858346024442625,0,20,13780,4.415076863760609,,,
monitor_only,690,0.9526805857159235,0.003449390691563803,0.0,0.0,4.211928319667467,29.476638926460364,0,20,13800,4.320526407691956,,,
monitor_only,691,0.9526780629360643,0.003444165936640542,0.0,0.0,5.171381619695292,30.43609222648819,0,20,13820,4.288919833621056,,,
monitor_only,692,0.952659462746425,0.0034295250009406253,0.0,0.0,5.821994815986547,31.086705422779442,0,20,13840,9.019871212022451,,,
monitor_only,693,0.9526485261326583,0.0035366887230543487,0.0,0.0,3.6111042472470447,28.87581485403994,0,20,13860,3.993049249005765,,,
monitor_only,694,0.9526656836336468,0.0035494049532609484,0.0,0.0,4.538218715842753,29.80292932263565,0,20,13880,4.046906683331332,,,
monitor_only,695,0.9527159692418863,0.0034540739401830445,0.0,0.0,4.004483406762432,29.269194013555328,0,20,13900,4.63855405788761,,,
monitor_only,696,0.9527091858630121,0.0034524378906223285,0.0,0.0,5.22821801091234,30.492928617705235,0,20,13920,8.892688980014245,,,
monitor_only,697,0.9526944942185865,0.0034476920022833424,0.0,0.0,3.97345732512705,29.238167931919946,0,20,13940,4.196862082642225,,,
monitor_only,698,0.9527571549677522,0.00334603610251194,0.0,0.0,7.227358425526207,32.4920690323191,0,20,13960,9.185519753157495,,,
monitor_only,699,0.9527853443561184,0.0034539959705622847,0.0,0.0,2.5006914566233047,27.7654020634162,0,20,13980,1.5342115730768746,,,
monitor_only,700,0.9528611926666506,0.0034736425199514143,0.0,0.0,3.434412809008411,28.699123415801306,0,20,14000,1.2641828927113845,,,
monitor_only,701,0.9528986442656119,0.0035128570791151947,0.0,0.0,3.829176089039558,29.093886695832452,0,20,14020,4.728439499797709,,,
monitor_only,702,0.9529142204976196,0.0035600667138209197,0.0,0.0,3.4861577297353286,28.750868336528224,0,20,14040,1.260244691709911,,,
monitor_only,703,0.952937963036663,0.003558605819797944,0.0,0.0,2.350559509587759,27.615270116380657,0,20,14060,1.305091186281078,,,
monitor_only,704,0.952950685965681,0.0034460640226763317,0.0,0.0,3.9553162894010163,29.22002689619391,0,20,14080,4.688623472722174,,,
monitor_only,705,0.9529457886803849,0.003555961250612083,0.0,0.0,3.468987421951974,28.73369802874487,0,20,14100,4.361629766087837,,,
monitor_only,706,0.9529569212245753,0.0033558827903724664,0.0,0.0,8.060717822895473,33.32542842968837,0,20,14120,16.97923487082036,,,
monitor_only,707,0.9529784010013121,0.003220507071724721,0.0,0.0,7.116943155955556,32.38165376274845,0,20,14140,9.572451309723442,,,
monitor_only,708,0.9529619871793591,0.003166312506205471,0.0,0.0,5.024794795764725,30.289505402557623,0,20,14160,9.540144595544675,,,
monitor_only,709,0.9529990448995733,0.0030830554198904014,0.0,0.0,2.7258352576658784,27.990545864458774,0,20,14180,1.3942286990224662,,,
monitor_only,710,0.9530018302446447,0.0032213866697138327,0.0,0.0,5.166408374728667,30.431118981521564,0,20,14200,8.958843726625227,,,
monitor_only,711,0.9530076057413789,0.0030717806582899465,0.0,0.0,4.705519882456193,29.97023048924909,0,20,14220,4.12755314268007,,,
monitor_only,712,0.9530063457521943,0.0030699762992467683,0.0,0.0,5.50720181917371,30.771912425966605,0,20,14240,4.58629894277419,,,
monitor_only,713,0.9529809344773853,0.003019576608853547,0.0,0.0,3.0622487815168076,28.326959388309703,0,20,14260,1.3923019777208994,,,
monitor_only,714,0.9529460103446922,0.002958986906032468,0.0,0.0,5.365968439584966,30.630679046377864,0,20,14280,9.49175648614643,,,
monitor_only,715,0.9529582481188927,0.0027731586603201297,0.0,0.0,3.6527591962433203,28.917469803036216,0,20,14300,3.9129265305195005,,,
monitor_only,716,0.9529740819174943,0.0026345473266294883,0.0,0.0,2.217907210338177,27.48261781713107,0,20,14320,1.203706381985668,,,
monitor_only,717,0.9529735631992844,0.002617752200675172,0.0,0.0,3.9285752971211783,29.193285903914074,0,20,14340,4.135726222187022,,,
monitor_only,718,0.9529476378772482,0.0026848471268382523,0.0,0.0,6.798776979270043,32.06348758606294,0,20,14360,9.643744937012722,,,
monitor_only,719,0.9529569120638486,0.002759684735771817,0.0,0.0,2.5090741594783794,27.773784766271277,0,20,14380,1.2606632030922202,,,
monitor_only,720,0.9529512188982785,0.0026888067429835516,0.0,0.0,2.269100876653825,27.53381148344672,0,20,14400,1.4115968165068609,,,
monitor_only,721,0.9528692497321655,0.002610975414619743,0.0,0.0,5.975142766803402,31.239853373596297,0,20,14420,9.12843034891607,,,
monitor_only,722,0.9528419644805853,0.0026017932733032323,0.0,0.0,5.519056031239508,30.783766638032404,0,20,14440,4.770329885554303,,,
monitor_only,723,0.9528514883283318,0.002578258627281782,0.0,0.0,4.482322049626262,29.747032656419158,0,20,14460,4.006666309176369,,,
monitor_only,724,0.9528914974995414,0.002679885941586635,0.0,0.0,7.987237265749445,33.25194787254234,0,20,14480,17.27865937641272,,,
monitor_only,725,0.9528841017464533,0.002810161097467012,0.0,0.0,2.8338266356238746,28.09853724241677,0,20,14500,1.2792024673007931,,,
monitor_only,726,0.9529006985570669,0.002764110160524469,0.0,0.0,5.5535017891036365,30.81821239589653,0,20,14520,9.382799005719145,,,
monitor_only,727,0.952847986952429,0.002775426772553824,0.0,0.0,3.7010225707475524,28.96573317754045,0,20,14540,4.59679794784172,,,
monitor_only,728,0.9528469174155297,0.0026565731867806974,0.0,0.0,6.497709082315684,31.76241968910858,0,20,14560,10.0790908752247,,,
monitor_only,729,0.952834779416543,0.002637387790592305,0.0,0.0,3.669119618039166,28.93383022483206,0,20,14580,4.20510998097842,,,
monitor_only,730,0.952847326714379,0.002701754775655707,0.0,0.0,4.95614053296868,30.220851139761578,0,20,14600,4.242754702633262,,,
monitor_only,731,0.9528544517548098,0.0025771514569412624,0.0,0.0,4.66297942241106,29.927690029203955,0,20,14620,4.536025909945046,,,
monitor_only,732,0.952902466953105,0.002504068822425376,0.0,0.0,2.49372965454774,27.758440261340635,0,20,14640,1.2689319156279195,,,
monitor_only,733,0.9529428629856987,0.002542579925702948,0.0,0.0,2.413179256638699,27.677889863431595,0,20,14660,1.381183429534376,,,
monitor_only,734,0.9529532518554686,0.002483014920650284,0.0,0.0,5.586069690835691,30.85078029762859,0,20,14680,9.567680221711235,,,
monitor_only,735,0.9529414200339457,0.0024798913831973746,0.0,0.0,5.539342046600439,30.804052653393335,0,20,14700,4.325650033791192,,,
monitor_only,736,0.9529518798915925,0.0023251210503957287,0.0,0.0,2.520141118276815,27.78485172506971,0,20,14720,1.375048469248477,,,
monitor_only,737,0.9529511844096925,0.0022855770551979404,0.0,0.0,3.5596068696146577,28.824317476407554,0,20,14740,4.4680981998409655,,,
monitor_only,738,0.9529540294206554,0.002267082670225018,0.0,0.0,6.675524810415545,31.94023541720844,0,20,14760,9.662965547561127,,,
monitor_only,739,0.9529977747656613,0.002069602312022245,0.0,0.0,3.013313234079865,28.278023840872763,0,20,14780,1.3287567127030049,,,
monitor_only,740,0.9530124711695948,0.0019761955725966507,0.0,0.0,5.88369046013855,31.148401066931445,0,20,14800,8.369352361990467,,,
monitor_only,741,0.953002911552293,0.0020723431833123973,0.0,0.0,3.5986601464682404,28.863370753261137,0,20,14820,4.501279013401821,,,
monitor_only,742,0.9529330673650035,0.0021331070152312837,0.0,0.0,2.9570261986501705,28.221736805443065,0,20,14840,1.3599979345624238,,,
monitor_only,743,0.9529391677895457,0.0021603861014585224,0.0,0.0,2.4173409904954117,27.682051597288307,0,20,14860,1.2276996799354338,,,
monitor_only,744,0.9528819115195105,0.002182096022373403,0.0,0.0,4.709348870695416,29.97405947748831,0,20,14880,4.271122507691481,,,
monitor_only,745,0.9529232760300426,0.0022544843134005843,0.0,0.0,6.645938750278138,31.910649357071033,0,20,14900,9.152233928170332,,,
monitor_only,746,0.9529047867195961,0.002297414702628009,0.0,0.0,5.199154405305479,30.463865012098374,0,20,14920,4.415836042218685,,,
monitor_only,747,0.9529062418506581,0.002308107348755306,0.0,0.0,2.9461029519094746,28.21081355870237,0,20,14940,1.3564552253846047,,,
monitor_only,748,0.9528892163464523,0.002346308903501959,0.0,0.0,4.147743545924118,29.412454152717014,0,20,14960,4.889273930319662,,,
monitor_only,749,0.9529659526348302,0.002238380680804064,0.0,0.0,4.149329099296682,29.41403970608958,0,20,14980,4.238261027123201,,,
monitor_only,750,0.9529481609919002,0.0022777924784831427,0.0,0.0,3.963341748846563,29.22805235563946,0,20,15000,4.2201798344224635,,,
monitor_only,751,0.9525872181930021,0.0027272434223405417,0.8,0.0,4.5677463244407575,29.832456931233654,0,20,15020,13.8499775023792,,,
monitor_only,752,0.9519675366013484,0.0034854369267686147,0.8,0.0,3.671977906571357,28.936688513364253,0,20,15040,7.479807312318995,,,
monitor_only,753,0.950646628356353,0.004907928313522714,0.8,0.0,3.5856458921335657,28.850356498926462,0,20,15060,7.4154839785640725,,,
monitor_only,754,0.9480163574201121,0.008216723816068972,0.8,0.0,5.093737282324115,30.35844788911701,0,20,15080,2.376658433471425,,,
monitor_only,755,0.9438460347916666,0.014554216772998618,0.8,0.0,3.300011724094889,28.564722330887786,0,20,15100,7.809169991694937,,,
monitor_only,756,0.9389942989896701,0.0236291737258314,0.8,0.0,3.6400279008158822,28.904738507608776,0,20,15120,2.7756392039053153,,,
monitor_only,757,0.9347520785231048,0.033529787283577694,0.8,0.0,4.526959771988379,29.791670378781276,0,20,15140,10.257223409061138,,,
monitor_only,758,0.9321889424938096,0.04200253334567339,0.8,0.0,2.0748725262422125,27.33958313303511,0,20,15160,7.415680621956083,,,
monitor_only,759,0.9308888710554178,0.04890967217519593,0.8,0.0,3.804404361750492,29.06911496854339,0,20,15180,14.02724847541245,,,
monitor_only,760,0.9302897928317747,0.05465048356017688,0.8,0.0,5.963860163732655,31.22857077052555,0,20,15200,13.632292270514768,,,
monitor_only,761,0.9300214313000627,0.05983695696446256,0.8,0.0,7.992907438189458,33.25761804498235,0,20,15220,14.226904525828951,,,
monitor_only,762,0.9299089392229221,0.06461493095254467,0.8,0.0,6.060913017734182,31.32562362452708,0,20,15240,13.610561510246223,,,
monitor_only,763,0.9298602837872908,0.06939907720407268,0.8,0.0,7.926315771636804,33.1910263784297,0,20,15260,6.2910502445485745,,,
monitor_only,764,0.929840326229293,0.07407752770961906,0.8,0.0,4.101698506859045,29.36640911365194,0,20,15280,6.924258727730279,,,
monitor_only,765,0.9298315325884752,0.07849054887578755,0.8,0.0,6.083247687515345,31.347958294308242,0,20,15300,13.202764269864666,,,
monitor_only,766,0.9298275102157363,0.08319165550819063,0.8,0.0,6.126436978442991,31.391147585235885,0,20,15320,13.4501828059508,,,
monitor_only,767,0.9298258535509414,0.08768709807982711,0.8,0.0,4.047834613901438,29.312545220694332,0,20,15340,7.005161885188384,,,
monitor_only,768,0.9298251209682197,0.09232237864076409,0.8,0.0,3.88334174838729,29.148052355180187,0,20,15360,5.029781220855128,,,
monitor_only,769,0.9298248008026492,0.0969045186258749,0.8,0.0,8.175310474658056,33.44002108145095,0,20,15380,13.989464045140119,,,
monitor_only,770,0.929824664806447,0.10121272122988934,0.8,0.0,5.850314642560157,31.115025249353053,0,20,15400,1.1376817548598848,,,
monitor_only,771,0.9298246078894703,0.10578435221667948,0.8,0.0,6.232283035820474,31.49699364261337,0,20,15420,13.151094579138832,,,
monitor_only,772,0.9298245821255343,0.11038866399469294,0.8,0.0,5.922660799047745,31.18737140584064,0,20,15440,6.535368663177816,,,
monitor_only,773,0.929824570524999,0.1150736952707756,0.8,0.0,6.223440221454418,31.488150828247313,0,20,15460,13.807738417336935,,,
monitor_only,774,0.9298245655053211,0.11963332416777872,0.8,0.0,3.848171953039825,29.11288255983272,0,20,15480,5.119692104760224,,,
monitor_only,775,0.9298245631841336,0.1243796647021489,0.8,0.0,6.27033886225769,31.535049469050584,0,20,15500,14.524405617878202,,,
monitor_only,776,0.9298245622008173,0.12870987159672842,0.8,0.0,6.279569142485894,31.54427974927879,0,20,15520,13.414829149831665,,,
monitor_only,777,0.9298245617579127,0.13328983284731544,0.8,0.0,4.222167108625198,29.486877715418096,0,20,15540,14.157439061953733,,,
monitor_only,778,0.9298245615546562,0.13789735495503852,0.8,0.0,4.300197300975574,29.56490790776847,0,20,15560,14.14875370540226,,,
monitor_only,779,0.9298245614702254,0.1422735415764691,0.8,0.0,3.898660506405709,29.163371113198604,0,20,15580,7.038545206278463,,,
monitor_only,780,0.929824561432561,0.14698235136518112,0.8,0.0,2.28498094153602,27.549691548328916,0,20,15600,7.599939436362598,,,
monitor_only,781,0.929824561416998,0.1514145784349381,0.8,0.0,6.238540296842954,31.503250903635852,0,20,15620,13.172172426738166,,,
monitor_only,782,0.9298245614096067,0.15577435745780122,0.8,0.0,6.303146259703073,31.56785686649597,0,20,15640,13.257352114115568,,,
monitor_only,783,0.9298245614061601,0.160114416172629,0.8,0.0,2.346544059597446,27.61125466639034,0,20,15660,7.26798389078126,,,
monitor_only,784,0.9298245614046368,0.16493651055800074,0.8,0.0,4.321047246602929,29.585757853395826,0,20,15680,8.22755258846069,,,
monitor_only,785,0.9298245614040105,0.16954459129412447,0.8,0.0,2.3368496941865176,27.601560300979415,0,20,15700,7.505020693062316,,,
monitor_only,786,0.9298245614037447,0.17409864655752583,0.8,0.0,8.281259362314708,33.5459699691076,0,20,15720,18.213170245166065,,,
monitor_only,787,0.9298245614036166,0.1785383929584058,0.8,0.0,6.385081739659532,31.64979234645243,0,20,15740,13.445442328592508,,,
monitor_only,788,0.9298245614035563,0.18327937546018358,0.8,0.0,4.290572691841207,29.5552832986341,0,20,15760,7.845579480605261,,,
monitor_only,789,0.9298245614035295,0.18787532915707528,0.8,0.0,6.402497995062676,31.66720860185557,0,20,15780,13.901695717379914,,,
monitor_only,790,0.9298245614035182,0.1923497060339231,0.8,0.0,6.412510160280222,31.677220767073116,0,20,15800,12.463872471529406,,,
monitor_only,791,0.9298245614035133,0.19683333998988217,0.8,0.0,6.287094083496104,31.551804690289,0,20,15820,14.046379804662203,,,
monitor_only,792,0.9298245614035109,0.20120459418830605,0.8,0.0,6.430069090338623,31.69477969713152,0,20,15840,12.821720660610572,,,
monitor_only,793,0.9298245614035098,0.20561984076410256,0.8,0.0,4.437378506448786,29.702089113241684,0,20,15860,7.382467211633862,,,
monitor_only,794,0.9298245614035097,0.21016840193525244,0.8,0.0,4.4482481104123135,29.71295871720521,0,20,15880,7.683113904936775,,,
monitor_only,795,0.929824561403509,0.21460523084901695,0.8,0.0,6.458399792260627,31.723110399053525,0,20,15900,13.761462260121046,,,
monitor_only,796,0.9298245614035089,0.21914865732202815,0.8,0.0,2.4677956284427465,27.732506235235643,0,20,15920,7.597397962805787,,,
monitor_only,797,0.9298245614035086,0.22354023981878124,0.8,0.0,4.373994306384322,29.638704913177218,0,20,15940,7.028752963996343,,,
monitor_only,798,0.9298245614035088,0.22807140865023334,0.8,0.0,4.43965609578047,29.704366702573367,0,20,15960,7.541586478839546,,,
monitor_only,799,0.9298245614035087,0.2324141485264557,0.8,0.0,4.454852165434675,29.71956277222757,0,20,15980,6.939973106296218,,,
monitor_only,800,0.9298245614035089,0.2369948450430801,0.8,0.0,4.3845548502355225,29.64926545702842,0,20,16000,7.537299394432964,,,
monitor_only,801,0.929824561403509,0.2412479906073528,0.8,0.0,6.418299606046063,31.68301021283896,0,20,16020,12.69017623994157,,,
monitor_only,802,0.9298245614035087,0.24563515974140127,0.8,0.0,8.181431721238392,33.446142328031286,0,20,16040,13.806852502979005,,,
monitor_only,803,0.9298245614035087,0.2500497423955873,0.8,0.0,3.621264968236563,28.88597557502946,0,20,16060,6.028427641835572,,,
monitor_only,804,0.9298245614035087,0.25429434786809657,0.8,0.0,7.658754411330014,32.92346501812291,0,20,16080,11.022785272818775,,,
monitor_only,805,0.9298245614035089,0.25875755943290124,0.8,0.0,3.575870297005637,28.840580903798532,0,20,16100,3.0351016646165543,,,
monitor_only,806,0.9298245614035088,0.2633002617005581,0.8,0.0,5.646613064298529,30.911323671091424,0,20,16120,7.628999749323902,,,
monitor_only,807,0.9298245614035087,0.26774823697047223,0.8,0.0,5.640163031309305,30.904873638102202,0,20,16140,10.75952367264025,,,
monitor_only,808,0.929824561403509,0.27221439484695165,0.8,0.0,6.5465050371958,31.811215643988696,0,20,16160,12.961989198474077,,,
monitor_only,809,0.9298245614035088,0.27668571926998986,0.8,0.0,4.2070474984023996,29.471758105195295,0,20,16180,7.576248281339185,,,
monitor_only,810,0.9298245614035089,0.2810883481409906,0.8,0.0,6.440666985600345,31.70537759239324,0,20,16200,14.066129674987055,,,
monitor_only,811,0.9298245614035088,0.28526478506512154,0.8,0.0,6.527088975978007,31.791799582770903,0,20,16220,13.585582686192687,,,
monitor_only,812,0.9298245614035087,0.28988692093957524,0.8,0.0,4.610229149599193,29.874939756392088,0,20,16240,7.35410704987218,,,
monitor_only,813,0.9298245614035087,0.29428527474100785,0.8,0.0,4.544686123092644,29.809396729885542,0,20,16260,7.607793870134374,,,
monitor_only,814,0.9298245614035087,0.2985761292732527,0.8,0.0,8.467619093405016,33.73232970019791,0,20,16280,14.126080782157135,,,
monitor_only,815,0.9298245614035087,0.30285036872805526,0.8,0.0,5.498892055522354,30.76360266231525,0,20,16300,5.629525099532425,,,
monitor_only,816,0.9298245614035088,0.3072248335289308,0.8,0.0,3.5204322202541776,28.785142827047075,0,20,16320,5.476928336980384,,,
monitor_only,817,0.9298245614035088,0.31153421108478074,0.8,0.0,2.65585196419292,27.920562570985815,0,20,16340,7.346364644443744,,,
monitor_only,818,0.9298245614035089,0.3157937020468007,0.8,0.0,3.7625624741333037,29.0272730809262,0,20,16360,6.316342016633866,,,
monitor_only,819,0.9298245614035089,0.31999383235616274,0.8,0.0,5.497944083969605,30.762654690762503,0,20,16380,11.28354962200941,,,
monitor_only,820,0.9298245614035089,0.32422191995962957,0.8,0.0,6.636583881786955,31.90129448857985,0,20,16400,13.90453208906746,,,
monitor_only,821,0.9298245614035089,0.32866642396268086,0.8,0.0,4.613356120655543,29.878066727448438,0,20,16420,7.9990412472686145,,,
monitor_only,822,0.9298245614035088,0.3331626571092535,0.8,0.0,6.520129509000406,31.7848401157933,0,20,16440,7.352369142565317,,,
monitor_only,823,0.9298245614035089,0.33755560993170797,0.8,0.0,3.745424805167012,29.010135411959908,0,20,16460,6.325109581878322,,,
monitor_only,824,0.9298245614035088,0.34162492666096633,0.8,0.0,6.669370260425594,31.93408086721849,0,20,16480,13.551697022741692,,,
monitor_only,825,0.9298245614035088,0.3456841397699497,0.8,0.0,6.679625118452582,31.944335725245477,0,20,16500,13.099610712464575,,,
monitor_only,826,0.9298245614035089,0.3499457354519675,0.8,0.0,2.7409062250959044,28.0056168318888,0,20,16520,7.363054416065068,,,
monitor_only,827,0.9298245614035089,0.3539425333514059,0.8,0.0,5.437848595575235,30.702559202368132,0,20,16540,2.5752410884201438,,,
monitor_only,828,0.9298245614035089,0.3581885042293079,0.8,0.0,4.752628013950182,30.01733862074308,0,20,16560,7.215518127938009,,,
monitor_only,829,0.9298245614035087,0.36232056630901044,0.8,0.0,8.642264871264263,33.90697547805716,0,20,16580,18.49119315697651,,,
monitor_only,830,0.9298245614035088,0.3665937044119495,0.8,0.0,8.647683263691738,33.912393870484635,0,20,16600,13.75132410235877,,,
monitor_only,831,0.9298245614035087,0.37075801601404434,0.8,0.0,3.4953417574498786,28.760052364242775,0,20,16620,5.5402790472034535,,,
monitor_only,832,0.9298245614035087,0.37478011658234567,0.8,0.0,6.666578327432231,31.931288934225126,0,20,16640,11.469307034805343,,,
monitor_only,833,0.9298245614035087,0.37894165857898,0.8,0.0,4.794876263253043,30.05958687004594,0,20,16660,7.120371507803633,,,
monitor_only,834,0.9298245614035088,0.38324981795064084,0.8,0.0,5.711038063029591,30.975748669822487,0,20,16680,6.477573626912147,,,
monitor_only,835,0.9298245614035088,0.38740348394232715,0.8,0.0,2.8131005485461005,28.077811155338996,0,20,16700,6.834109444201595,,,
monitor_only,836,0.9298245614035087,0.3916809270530538,0.8,0.0,4.820380745131853,30.08509135192475,0,20,16720,13.590926398877288,,,
monitor_only,837,0.9298245614035088,0.39562969582497576,0.8,0.0,4.829792091926898,30.094502698719793,0,20,16740,12.406700279255071,,,
monitor_only,838,0.9298245614035087,0.4000662235694834,0.8,0.0,6.836954108256351,32.101664715049246,0,20,16760,13.005338685604567,,,
monitor_only,839,0.9298245614035089,0.4043836379175978,0.8,0.0,5.69615360994401,30.960864216736905,0,20,16780,5.795972100367567,,,
monitor_only,840,0.9298245614035088,0.4085439371835363,0.8,0.0,4.5565374899050655,29.82124809669796,0,20,16800,7.170449951973967,,,
monitor_only,841,0.9298245614035088,0.4129067072763266,0.8,0.0,3.6893599019527095,28.954070508745605,0,20,16820,6.086044270796411,,,
monitor_only,842,0.9298245614035089,0.417452144009391,0.8,0.0,6.7297539233679995,31.994464530160897,0,20,16840,14.127911663643044,,,
monitor_only,843,0.9298245614035088,0.42162474158604457,0.8,0.0,4.828033462074007,30.092744068866903,0,20,16860,13.412878411166204,,,
monitor_only,844,0.9298245614035089,0.425905667242493,0.8,0.0,5.3388844594383045,30.6035950662312,0,20,16880,4.867427376740852,,,
monitor_only,845,0.9298245614035087,0.43023913097349065,0.8,0.0,4.77148657776155,30.036197184554446,0,20,16900,7.695893248264815,,,
monitor_only,846,0.9298245614035089,0.4344331643363748,0.8,0.0,4.852540876816155,30.117251483609053,0,20,16920,7.248161810487679,,,
monitor_only,847,0.9298245614035089,0.43885495160520205,0.8,0.0,3.6701863661041556,28.93489697289705,0,20,16940,6.358956494527535,,,
monitor_only,848,0.9298245614035089,0.44320746744764183,0.8,0.0,4.9303414821577976,30.195052088950693,0,20,16960,13.88787507222787,,,
monitor_only,849,0.9298245614035089,0.4474166986663327,0.8,0.0,5.391907448520975,30.65661805531387,0,20,16980,4.862945076829149,,,
monitor_only,850,0.9298245614035089,0.4515811543908014,0.8,0.0,4.728078948076681,29.992789554869578,0,20,17000,7.0701451507910535,,,
monitor_only,851,0.9298245614035088,0.45585975216318586,0.8,0.0,3.3805906714573086,28.645301278250205,0,20,17020,3.0514154087891856,,,
monitor_only,852,0.9298245614035088,0.46013787527070993,0.8,0.0,4.919159331979017,30.183869938771913,0,20,17040,7.703632106232869,,,
monitor_only,853,0.9298245614035089,0.4642142966274557,0.8,0.0,6.718636416471403,31.9833470232643,0,20,17060,7.741767146694584,,,
monitor_only,854,0.9298245614035087,0.46842831438977695,0.8,0.0,6.975125546255092,32.23983615304799,0,20,17080,14.175050175367813,,,
monitor_only,855,0.9298245614035088,0.472824176997633,0.8,0.0,8.763945213705238,34.02865582049813,0,20,17100,15.326180027433262,,,
monitor_only,856,0.9298245614035088,0.47689246317029355,0.8,0.0,6.997771111166837,32.26248171795973,0,20,17120,13.147792645609956,,,
monitor_only,857,0.9298245614035087,0.4809412065679177,0.8,0.0,6.9975140829474,32.26222468974029,0,20,17140,12.883119583615473,,,
monitor_only,858,0.9298245614035087,0.48527548362349504,0.8,0.0,6.969551748390852,32.234262355183745,0,20,17160,14.007114103364012,,,
monitor_only,859,0.9298245614035089,0.48953335255701413,0.8,0.0,5.02260872868997,30.287319335482866,0,20,17180,8.004531194875208,,,
monitor_only,860,0.9298245614035089,0.4937756462441917,0.8,0.0,3.237665003100574,28.50237560989347,0,20,17200,6.602199471045517,,,
monitor_only,861,0.9298245614035088,0.4977774649893394,0.8,0.0,6.8806173227469,32.145327929539796,0,20,17220,13.508701354496433,,,
monitor_only,862,0.9298245614035088,0.5020332588026697,0.8,0.0,6.986066604607592,32.25077721140049,0,20,17240,13.884273466668908,,,
monitor_only,863,0.9298245614035088,0.5063044873238096,0.8,0.0,3.3130927535502037,28.5778033603431,0,20,17260,4.105545155776557,,,
monitor_only,864,0.9298245614035088,0.5106382551063458,0.8,0.0,3.30747544487726,28.572186051670155,0,20,17280,6.038580351437341,,,
monitor_only,865,0.9298245614035088,0.5146806385655334,0.8,0.0,5.035825644701694,30.30053625149459,0,20,17300,7.253694447267482,,,
monitor_only,866,0.9298245614035088,0.5189840992707258,0.8,0.0,6.388448132756585,31.653158739549482,0,20,17320,14.049264512872801,,,
monitor_only,867,0.9298245614035088,0.5231404616615982,0.8,0.0,7.090599777488839,32.355310384281736,0,20,17340,13.854503731651226,,,
monitor_only,868,0.9298245614035088,0.527349650093943,0.8,0.0,4.963280622586789,30.227991229379686,0,20,17360,7.494726373474951,,,
monitor_only,869,0.9298245614035088,0.5316571054681773,0.8,0.0,5.097722141107776,30.362432747900673,0,20,17380,14.27440260777678,,,
monitor_only,870,0.9298245614035088,0.5356575457811221,0.8,0.0,3.274342129888339,28.539052736681235,0,20,17400,6.282170422580323,,,
monitor_only,871,0.9298245614035088,0.5400089596025643,0.8,0.0,7.059077760287664,32.32378836708056,0,20,17420,11.913108947469627,,,
monitor_only,872,0.9298245614035088,0.5441892317744943,0.8,0.0,5.592116763695051,30.85682737048795,0,20,17440,5.9340890315705765,,,
monitor_only,873,0.9298245614035088,0.5484237489382326,0.8,0.0,3.1404961160000275,28.405206722792922,0,20,17460,7.570182408281185,,,
monitor_only,874,0.9298245614035088,0.5527865185021088,0.8,0.0,7.050750013209495,32.31546062000239,0,20,17480,14.422884619087872,,,
monitor_only,875,0.9298245614035088,0.5569888250465944,0.8,0.0,5.110998648588634,30.37570925538153,0,20,17500,7.3102663748202135,,,
monitor_only,876,0.9298245614035088,0.5610788832649389,0.8,0.0,5.126940082809313,30.39165068960221,0,20,17520,7.4493370990234915,,,
monitor_only,877,0.9298245614035088,0.5651267275242744,0.8,0.0,5.10124605388531,30.365956660678208,0,20,17540,7.15733728445983,,,
monitor_only,878,0.9298245614035088,0.5692853705938579,0.8,0.0,5.1150187713961754,30.379729378189072,0,20,17560,7.280313818080967,,,
monitor_only,879,0.9298245614035088,0.5734489231534461,0.8,0.0,7.569678543627513,32.83438915042041,0,20,17580,5.968311867625509,,,
monitor_only,880,0.9298245614035088,0.5773856991814543,0.8,0.0,7.018261842941627,32.28297244973452,0,20,17600,17.794675006054362,,,
monitor_only,881,0.9298245614035088,0.5812470654956166,0.8,0.0,5.105944837358626,30.370655444151524,0,20,17620,11.811398370377802,,,
monitor_only,882,0.9298245614035088,0.5853532759326301,0.8,0.0,7.072193782930944,32.33690438972384,0,20,17640,10.314508085308097,,,
monitor_only,883,0.9298245614035088,0.5893985052479691,0.8,0.0,7.154418996105676,32.41912960289857,0,20,17660,13.882193301448627,,,
monitor_only,884,0.9298245614035088,0.5936651739567884,0.8,0.0,3.0870345085724202,28.351745115365315,0,20,17680,5.810507180326347,,,
monitor_only,885,0.9298245614035088,0.5977206911402562,0.8,0.0,3.1900395877433616,28.454750194536256,0,20,17700,2.9867853445952175,,,
monitor_only,886,0.9298245614035088,0.6016930154921383,0.8,0.0,7.248072961227858,32.51278356802075,0,20,17720,13.628963487089559,,,
monitor_only,887,0.9298245614035088,0.6057993908881283,0.8,0.0,7.179309858523766,32.44402046531666,0,20,17740,5.915596840161749,,,
monitor_only,888,0.9298245614035088,0.6098874006124106,0.8,0.0,3.542367427286403,28.8070780340793,0,20,17760,6.633075956161467,,,
monitor_only,889,0.9298245614035088,0.6138231814729285,0.8,0.0,7.114436838942406,32.3791474457353,0,20,17780,13.710796229779424,,,
monitor_only,890,0.9298245614035088,0.6176937633115884,0.8,0.0,7.163056767984321,32.42776737477722,0,20,17800,2.390470711142535,,,
monitor_only,891,0.9298245614035088,0.6217388292986714,0.8,0.0,7.278127741039668,32.542838347832564,0,20,17820,13.688775442253815,,,
monitor_only,892,0.9298245614035088,0.6257520098723648,0.8,0.0,7.296109237544594,32.56081984433749,0,20,17840,13.897565430357744,,,
monitor_only,893,0.9298245614035088,0.6296606192206438,0.8,0.0,5.111642268438175,30.37635287523107,0,20,17860,7.522557306084554,,,
monitor_only,894,0.9298245614035088,0.6337939542171551,0.8,0.0,7.128805864554693,32.39351647134759,0,20,17880,13.781303333987195,,,
monitor_only,895,0.9298245614035088,0.6376411695277859,0.8,0.0,5.320219487381716,30.584930094174613,0,20,17900,12.95546512681281,,,
monitor_only,896,0.9298245614035088,0.6416971349942824,0.8,0.0,13.142416146109497,38.40712675290239,0,20,17920,27.33555396403886,,,
monitor_only,897,0.9298245614035088,0.6455077366423434,0.8,0.0,5.056942553237889,30.321653160030785,0,20,17940,7.176789196884696,,,
monitor_only,898,0.9298245614035088,0.6495024582716786,0.8,0.0,5.343647052232162,30.60835765902506,0,20,17960,7.504193652165511,,,
monitor_only,899,0.9298245614035088,0.6537673912595963,0.8,0.0,3.301773013633162,28.56648362042606,0,20,17980,5.88497933988258,,,
monitor_only,900,0.9298245614035088,0.6577472831897107,0.8,0.0,7.171733074016421,32.43644368080932,0,20,18000,14.05409896918054,,,
monitor_only,901,0.9298245614035088,0.6618350833388396,0.8,0.0,5.359266583549243,30.62397719034214,0,20,18020,14.392545163056013,,,
monitor_only,902,0.9298245614035088,0.666113284034888,0.8,0.0,4.982156047336636,30.246866654129533,0,20,18040,2.709510032054924,,,
monitor_only,903,0.9298245614035088,0.6699973358651086,0.8,0.0,7.383532825876766,32.64824343266966,0,20,18060,12.585998588340924,,,
monitor_only,904,0.9298245614035088,0.6739582774605086,0.8,0.0,7.316925869007681,32.58163647580058,0,20,18080,13.635965049517624,,,
monitor_only,905,0.9298245614035088,0.6778312219381173,0.8,0.0,3.4901239126055827,28.75483451939848,0,20,18100,6.7207297454405746,,,
monitor_only,906,0.9298245614035088,0.6817029805695591,0.8,0.0,3.4875144232163775,28.752225030009274,0,20,18120,7.051588281327196,,,
monitor_only,907,0.9298245614035088,0.6854927432518023,0.8,0.0,3.406717879141752,28.671428485934648,0,20,18140,7.038842691571745,,,
monitor_only,908,0.9298245614035088,0.6894210356913459,0.8,0.0,6.932529600200326,32.19724020699322,0,20,18160,14.01421116853151,,,
monitor_only,909,0.9298245614035088,0.6932510187499268,0.8,0.0,9.419767081317522,34.68447768811042,0,20,18180,13.165795568040565,,,
monitor_only,910,0.9298245614035088,0.6973189891060552,0.8,0.0,5.3529138751459495,30.617624481938847,0,20,18200,7.938460579270307,,,
monitor_only,911,0.9298245614035088,0.7012738885926559,0.8,0.0,7.36994090681416,32.634651513607054,0,20,18220,14.435824821908314,,,
monitor_only,912,0.9298245614035088,0.7049849209263426,0.8,0.0,4.923368239817307,30.188078846610203,0,20,18240,3.1697767783144224,,,
monitor_only,913,0.9298245614035088,0.708889501689141,0.8,0.0,7.2931314348193155,32.55784204161221,0,20,18260,13.84097269181964,,,
monitor_only,914,0.9298245614035088,0.7127924451839107,0.8,0.0,3.0356490542061465,28.300359660999042,0,20,18280,2.8751575677089303,,,
monitor_only,915,0.9298245614035088,0.7164932493991254,0.8,0.0,3.4777393214007666,28.74244992819366,0,20,18300,7.090029263694554,,,
monitor_only,916,0.9298245614035088,0.7205179866846401,0.8,0.0,7.273912533426218,32.538623140219116,0,20,18320,13.650866208964521,,,
monitor_only,917,0.9298245614035088,0.7245034187568675,0.8,0.0,5.292154397395166,30.55686500418806,0,20,18340,7.6386288692991835,,,
monitor_only,918,0.9298245614035088,0.7283590467692391,0.8,0.0,7.219938802154408,32.484649408947305,0,20,18360,9.209960605582207,,,
monitor_only,919,0.9298245614035088,0.7324475895504567,0.8,0.0,7.461527444595504,32.7262380513884,0,20,18380,14.284026275378482,,,
monitor_only,920,0.9298245614035088,0.7363239856653194,0.8,0.0,9.343957145576004,34.6086677523689,0,20,18400,13.956820872114305,,,
monitor_only,921,0.9298245614035088,0.7402774060491513,0.8,0.0,5.525279550277939,30.789990157070836,0,20,18420,13.301236506774654,,,
monitor_only,922,0.9298245614035088,0.744057942117405,0.8,0.0,5.533186391045699,30.797896997838595,0,20,18440,13.687437333523718,,,
monitor_only,923,0.9298245614035088,0.7476633687616938,0.8,0.0,9.33355304127872,34.598263648071615,0,20,18460,13.211031418715761,,,
monitor_only,924,0.9298245614035088,0.7513508779516413,0.8,0.0,7.382850104487299,32.64756071128019,0,20,18480,13.64255573219154,,,
monitor_only,925,0.9298245614035088,0.755083920792319,0.8,0.0,11.330760819092802,36.5954714258857,0,20,18500,17.340658807748802,,,
monitor_only,926,0.9298245614035088,0.7589793939069887,0.8,0.0,7.386106925924878,32.650817532717774,0,20,18520,11.113811617886245,,,
monitor_only,927,0.9298245614035088,0.7627467022801069,0.8,0.0,9.361366560517581,34.62607716731048,0,20,18540,13.761497086194423,,,
monitor_only,928,0.9298245614035088,0.766383771296159,0.8,0.0,3.578124983507678,28.842835590300574,0,20,18560,7.303321302697486,,,
monitor_only,929,0.9298245614035088,0.7699695441475074,0.8,0.0,7.504443427655285,32.76915403444818,0,20,18580,13.486593949662703,,,
monitor_only,930,0.9298245614035088,0.7738905974875465,0.8,0.0,7.1777449087893315,32.442455515582225,0,20,18600,14.080211403580853,,,
monitor_only,931,0.9298245614035088,0.7777085110313513,0.8,0.0,5.591524701660546,30.856235308453442,0,20,18620,13.726677558157153,,,
monitor_only,932,0.9298245614035088,0.7814823505937327,0.8,0.0,7.440462601232602,32.7051732080255,0,20,18640,13.835488449938547,,,
monitor_only,933,0.9298245614035088,0.7853309685002607,0.8,0.0,5.6061496827959445,30.87086028958884,0,20,18660,13.809177274327048,,,
monitor_only,934,0.9298245614035088,0.7891746005360651,0.8,0.0,5.610672216770544,30.87538282356344,0,20,18680,7.738023798115446,,,
monitor_only,935,0.9298245614035088,0.7929189382773165,0.8,0.0,7.403355804788893,32.66806641158179,0,20,18700,10.432107151147203,,,
monitor_only,936,0.9298245614035088,0.7967354933765629,0.8,0.0,5.555436352558824,30.82014695935172,0,20,18720,7.705742195366312,,,
monitor_only,937,0.9298245614035088,0.8004939520644749,0.8,0.0,7.463069273224505,32.7277798800174,0,20,18740,13.887278153760436,,,
monitor_only,938,0.9298245614035088,0.80422798939127,0.8,0.0,9.470048208401826,34.73475881519472,0,20,18760,14.062556659113154,,,
monitor_only,939,0.9298245614035088,0.8079188276572813,0.8,0.0,9.604816083766348,34.86952669055924,0,20,18780,13.007902274233734,,,
monitor_only,940,0.9298245614035088,0.8116564316437258,0.8,0.0,5.668050634885921,30.93276124167882,0,20,18800,7.316524618724507,,,
monitor_only,941,0.9298245614035088,0.8153119287719282,0.8,0.0,3.490840187026265,28.75555079381916,0,20,18820,5.923792121282435,,,
monitor_only,942,0.9298245614035088,0.8190691410442466,0.8,0.0,5.670381890392757,30.935092497185654,0,20,18840,13.688649891891112,,,
monitor_only,943,0.9298245614035088,0.822627683307152,0.8,0.0,5.505078788606663,30.76978939539956,0,20,18860,13.728482182938206,,,
monitor_only,944,0.9298245614035088,0.826423413219167,0.8,0.0,5.613917054552266,30.878627661345163,0,20,18880,7.430104262796077,,,
monitor_only,945,0.9298245614035088,0.8300486772086104,0.8,0.0,5.70547840538571,30.970189012178608,0,20,18900,13.679209937220428,,,
monitor_only,946,0.9298245614035088,0.8336118390674689,0.8,0.0,7.2662037259654735,32.53091433275837,0,20,18920,13.026742232422201,,,
monitor_only,947,0.9298245614035088,0.837401375712947,0.8,0.0,5.667692088683036,30.932402695475933,0,20,18940,14.13540005162246,,,
monitor_only,948,0.9298245614035088,0.8410384671272901,0.8,0.0,7.627384490207116,32.89209509700001,0,20,18960,12.117169664034153,,,
monitor_only,949,0.9298245614035088,0.8445062105150731,0.8,0.0,3.722140986130474,28.98685159292337,0,20,18980,6.866059986865292,,,
monitor_only,950,0.9298245614035088,0.8482470483305675,0.8,0.0,3.5657937320494666,28.830504338842363,0,20,19000,5.516191585479309,,,
monitor_only,951,0.9298245614035088,0.8517918011480619,0.8,0.0,7.748766582061346,33.01347718885424,0,20,19020,13.619571832030022,,,
monitor_only,952,0.9298245614035088,0.8553865074547826,0.8,0.0,5.654950073234204,30.9196606800271,0,20,19040,7.798970680626707,,,
monitor_only,953,0.9298245614035088,0.8591826348699265,0.8,0.0,7.7114545805250145,32.97616518731791,0,20,19060,14.59693805064482,,,
monitor_only,954,0.9298245614035088,0.8628729531240054,0.8,0.0,5.423860002947171,30.68857060974007,0,20,19080,7.348902711779932,,,
monitor_only,955,0.9298245614035088,0.8665526776399639,0.8,0.0,3.778377485195392,29.043088091988288,0,20,19100,6.780446513094291,,,
monitor_only,956,0.9298245614035088,0.8700363145786525,0.8,0.0,5.785736934227354,31.05044754102025,0,20,19120,13.023958410155242,,,
monitor_only,957,0.9298245614035088,0.8738175898836442,0.8,0.0,3.7827307207855183,29.047441327578415,0,20,19140,6.740222886768951,,,
monitor_only,958,0.9298245614035088,0.8776362505144548,0.8,0.0,5.34164697756817,30.606357584361067,0,20,19160,6.2037189831911075,,,
monitor_only,959,0.9298245614035088,0.8812298073597569,0.8,0.0,5.750185550828064,31.01489615762096,0,20,19180,7.451860107827778,,,
monitor_only,960,0.9298245614035088,0.8849832659644912,0.8,0.0,5.621404755381529,30.886115362174426,0,20,19200,7.709280162393659,,,
monitor_only,961,0.9298245614035088,0.8885296008523293,0.8,0.0,7.812806066167279,33.07751667296017,0,20,19220,12.254881791525964,,,
monitor_only,962,0.9298245614035088,0.8922915248700114,0.8,0.0,7.4734029016857075,32.738113508478605,0,20,19240,9.39552394690195,,,
monitor_only,963,0.9298245614035088,0.8958573785317121,0.8,0.0,6.6733353646652445,31.93804597145814,0,20,19260,13.767564036374534,,,
monitor_only,964,0.9298245614035088,0.8996458409531234,0.8,0.0,3.323767417653964,28.58847802444686,0,20,19280,6.410287052308728,,,
monitor_only,965,0.9298245614035088,0.9034982006960857,0.8,0.0,9.841716507456416,35.106427114249314,0,20,19300,14.266773361985331,,,
monitor_only,966,0.9298245614035088,0.9071492982757301,0.8,0.0,5.318157583022488,30.582868189815386,0,20,19320,6.640057457584897,,,
monitor_only,967,0.9298245614035088,0.9107867918723436,0.8,0.0,5.778336302533566,31.043046909326463,0,20,19340,7.363437105016015,,,
monitor_only,968,0.9298245614035088,0.9142943148208216,0.8,0.0,6.466394491257954,31.73110509805085,0,20,19360,2.3535711420158756,,,
monitor_only,969,0.9298245614035088,0.9178712711528549,0.8,0.0,5.310522524756323,30.57523313154922,0,20,19380,5.6458687818906785,,,
monitor_only,970,0.9298245614035088,0.9213351861930612,0.8,0.0,7.799504130320353,33.06421473711325,0,20,19400,13.225711400142327,,,
monitor_only,971,0.9298245614035088,0.9248595366491339,0.8,0.0,5.403106546874976,30.667817153667873,0,20,19420,7.148229735380598,,,
monitor_only,972,0.9298245614035088,0.9285475830307808,0.8,0.0,7.902350652245597,33.16706125903849,0,20,19440,13.994922008859996,,,
monitor_only,973,0.9298245614035088,0.9320757820626728,0.8,0.0,9.667743742626651,34.932454349419544,0,20,19460,13.942779746921195,,,
monitor_only,974,0.9298245614035088,0.9355838976361432,0.8,0.0,7.266247330797834,32.53095793759073,0,20,19480,7.314649506609888,,,
monitor_only,975,0.9298245614035088,0.9389115373593189,0.8,0.0,9.91051792597394,35.17522853276684,0,20,19500,13.244311180825537,,,
monitor_only,976,0.9298245614035088,0.94249799516152,0.8,0.0,7.840391187190789,33.105101793983685,0,20,19520,13.854671863041725,,,
monitor_only,977,0.9298245614035088,0.9459624055896587,0.8,0.0,5.925252966695022,31.18996357348792,0,20,19540,12.984365881477295,,,
monitor_only,978,0.9298245614035088,0.9496114725031137,0.8,0.0,7.681920297432233,32.94663090422513,0,20,19560,14.105451178433137,,,
monitor_only,979,0.9298245614035088,0.9532181123151966,0.8,0.0,5.597676972257659,30.862387579050555,0,20,19580,7.770793933888488,,,
monitor_only,980,0.9298245614035088,0.9566932026458732,0.8,0.0,5.6954263139393415,30.96013692073224,0,20,19600,7.171039462966959,,,
monitor_only,981,0.9298245614035088,0.9601856303943659,0.8,0.0,9.873782695700015,35.13849330249291,0,20,19620,13.85297215080256,,,
monitor_only,982,0.9298245614035088,0.9635197876837271,0.8,0.0,7.959335905854156,33.22404651264705,0,20,19640,13.528487228487618,,,
monitor_only,983,0.9298245614035088,0.9669535652892267,0.8,0.0,3.850620862425937,29.115331469218834,0,20,19660,5.872320286300164,,,
monitor_only,984,0.9298245614035088,0.9704915820547695,0.8,0.0,7.468867239613436,32.733577846406334,0,20,19680,14.0363841823561,,,
monitor_only,985,0.9298245614035088,0.9742588189553716,0.8,0.0,5.474207529813384,30.73891813660628,0,20,19700,8.386475569527185,,,
monitor_only,986,0.9298245614035088,0.9777296113158127,0.8,0.0,7.639398536578218,32.904109143371116,0,20,19720,13.635594128365424,,,
monitor_only,987,0.9298245614035088,0.98133843043629,0.8,0.0,5.485224990430501,30.7499355972234,0,20,19740,8.050780310363209,,,
monitor_only,988,0.9298245614035088,0.9848693990242758,0.8,0.0,12.012703587745554,37.27741419453845,0,20,19760,21.09108503377151,,,
monitor_only,989,0.9298245614035088,0.9882789848003894,0.8,0.0,4.009844182662429,29.274554789455326,0,20,19780,7.889474768909255,,,
monitor_only,990,0.9298245614035088,0.9917321181045777,0.8,0.0,8.015074715326023,33.27978532211892,0,20,19800,13.979603613303787,,,
monitor_only,991,0.9298245614035088,0.9952926373587994,0.8,0.0,7.750946349761042,33.01565695655394,0,20,19820,13.95114459766247,,,
monitor_only,992,0.9298245614035088,0.9987220845459099,0.8,0.0,8.040773627512863,33.30548423430576,0,20,19840,14.070141255263383,,,
monitor_only,993,0.9298245614035088,1.002144634474029,0.8,0.0,6.050075748039111,31.31478635483201,0,20,19860,13.549482401760093,,,
monitor_only,994,0.9298245614035088,1.0056362273472572,0.8,0.0,8.04483385409166,33.30954446088455,0,20,19880,13.706269375951237,,,
monitor_only,995,0.9298245614035088,1.0089289701435236,0.8,0.0,5.5263702082995305,30.79108081509243,0,20,19900,7.100935937943054,,,
monitor_only,996,0.9298245614035088,1.012440860813508,0.8,0.0,5.812597061696844,31.07730766848974,0,20,19920,7.064862257003933,,,
monitor_only,997,0.9298245614035088,1.0158870156608624,0.8,0.0,6.017863186757874,31.28257379355077,0,20,19940,13.908573026490833,,,
monitor_only,998,0.9298245614035088,1.0192318000921607,0.8,0.0,4.623342038110726,29.888052644903624,0,20,19960,6.9154498534203075,,,
monitor_only,999,0.9298245614035088,1.0222848659403938,0.8,0.0,4.078499620308284,29.34321022710118,0,20,19980,7.425743560254416,,,
monitor_only,1000,0.9298245614035088,1.0255256534145214,0.8,0.0,6.037117981153983,31.30182858794688,0,20,20000,7.166772959188779,,,
monitor_only,1001,0.9298245614035088,1.0290135126997055,0.8,0.0,9.389772676581174,34.65448328337407,0,20,20020,13.799799948046648,,,
monitor_only,1002,0.9298245614035088,1.0325140127714183,0.8,0.0,3.978210941438268,29.242921548231163,0,20,20040,6.120171481656318,,,
monitor_only,1003,0.9298245614035088,1.0357378951996579,0.8,0.0,8.117659604490276,33.382370211283174,0,20,20060,12.593528248704247,,,
monitor_only,1004,0.9298245614035088,1.0392394545007158,0.8,0.0,7.828507934782465,33.09321854157536,0,20,20080,14.001092610201802,,,
monitor_only,1005,0.9298245614035088,1.0428865311066462,0.8,0.0,7.917354852187373,33.18206545898027,0,20,20100,14.510008592114582,,,
monitor_only,1006,0.9298245614035088,1.0462064873826302,0.8,0.0,10.071360657965823,35.336071264758715,0,20,20120,19.61883263584652,,,
monitor_only,1007,0.9298245614035088,1.0494654325866717,0.8,0.0,5.586116765183723,30.85082737197662,0,20,20140,7.079610398689324,,,
monitor_only,1008,0.9298245614035088,1.0528703641804216,0.8,0.0,8.089196215176838,33.35390682196973,0,20,20160,13.915224842260093,,,
monitor_only,1009,0.9298245614035088,1.0561124164328304,0.8,0.0,7.872531375961861,33.13724198275476,0,20,20180,10.254613797299028,,,
monitor_only,1010,0.9298245614035088,1.059499421350717,0.8,0.0,4.102088926707097,29.366799533499993,0,20,20200,6.588468049092101,,,
monitor_only,1011,0.9298245614035088,1.0628287861747465,0.8,0.0,8.050139948845754,33.31485055563865,0,20,20220,12.715510913247252,,,
monitor_only,1012,0.9298245614035088,1.0659102759548114,0.8,0.0,6.110062040455281,31.37477264724818,0,20,20240,6.9791852349948025,,,
monitor_only,1013,0.9298245614035088,1.0693538913591236,0.8,0.0,9.96732907411797,35.232039680910866,0,20,20260,14.343339525380738,,,
monitor_only,1014,0.9298245614035088,1.0728203081637167,0.8,0.0,8.178170635036585,33.44288124182948,0,20,20280,13.540900639893486,,,
monitor_only,1015,0.9298245614035088,1.0763665720538704,0.8,0.0,8.062588514183062,33.32729912097596,0,20,20300,13.900907830542588,,,
monitor_only,1016,0.9298245614035088,1.0795616517852433,0.8,0.0,7.9866062313908515,33.25131683818375,0,20,20320,11.934844006324754,,,
monitor_only,1017,0.9298245614035088,1.082661247598293,0.8,0.0,9.794317731529153,35.05902833832205,0,20,20340,12.692502951750837,,,
monitor_only,1018,0.9298245614035088,1.0859721007991163,0.8,0.0,6.081251338869531,31.345961945662427,0,20,20360,7.2390171930487295,,,
monitor_only,1019,0.9298245614035088,1.089198547987489,0.8,0.0,4.224575780545669,29.489286387338566,0,20,20380,7.305287680280628,,,
monitor_only,1020,0.9298245614035088,1.0925978262391511,0.8,0.0,4.525358921232889,29.790069528025786,0,20,20400,12.465754211071555,,,
monitor_only,1021,0.9298245614035088,1.0959678265922335,0.8,0.0,4.0185970472229355,29.283307654015832,0,20,20420,7.2077188200147315,,,
monitor_only,1022,0.9298245614035088,1.0992821972418658,0.8,0.0,7.842963184017057,33.107673790809955,0,20,20440,14.00466737109237,,,
monitor_only,1023,0.9298245614035088,1.1025244373780871,0.8,0.0,6.247441279857071,31.512151886649967,0,20,20460,14.28075443965448,,,
monitor_only,1024,0.9298245614035088,1.1056278891644775,0.8,0.0,5.854449273174017,31.119159879966915,0,20,20480,6.992586512945206,,,
monitor_only,1025,0.9298245614035088,1.1090067431819424,0.8,0.0,3.167517307866111,28.432227914659006,0,20,20500,5.8522791862705885,,,
monitor_only,1026,0.9298245614035088,1.112250634633621,0.8,0.0,6.270645065311177,31.535355672104075,0,20,20520,13.460336124385822,,,
monitor_only,1027,0.9298245614035088,1.1154066952480222,0.8,0.0,7.684802161573998,32.949512768366894,0,20,20540,13.731026443332306,,,
monitor_only,1028,0.9298245614035088,1.1185730860464267,0.8,0.0,4.31010001575847,29.574810622551368,0,20,20560,11.751096287389336,,,
monitor_only,1029,0.9298245614035088,1.12197500608254,0.8,0.0,8.275625600857097,33.54033620764999,0,20,20580,13.452347285595156,,,
monitor_only,1030,0.9298245614035088,1.1253315996655158,0.8,0.0,4.296581591112462,29.56129219790536,0,20,20600,7.796867359268461,,,
monitor_only,1031,0.9298245614035088,1.1285076815607462,0.8,0.0,8.303294778278314,33.56800538507121,0,20,20620,12.91353606522344,,,
monitor_only,1032,0.9298245614035088,1.1316642992936423,0.8,0.0,6.101662946448604,31.366373553241502,0,20,20640,7.177375561927039,,,
monitor_only,1033,0.9298245614035088,1.1348048898808216,0.8,0.0,4.176858680848265,29.441569287641162,0,20,20660,7.669920918304651,,,
monitor_only,1034,0.9298245614035088,1.1379060570560033,0.8,0.0,6.221689824750267,31.486400431543164,0,20,20680,7.202403479529504,,,
monitor_only,1035,0.9298245614035088,1.1410342034058687,0.8,0.0,4.189408850514269,29.454119457307165,0,20,20700,6.362612163567123,,,
monitor_only,1036,0.9298245614035088,1.144291029675346,0.8,0.0,8.053447809315156,33.31815841610805,0,20,20720,10.762532969191332,,,
monitor_only,1037,0.9298245614035088,1.1473586409877636,0.8,0.0,6.202376226354242,31.46708683314714,0,20,20740,6.8770476595784995,,,
monitor_only,1038,0.9298245614035088,1.1505295486602185,0.8,0.0,6.0427485637224745,31.307459170515372,0,20,20760,10.201192457012477,,,
monitor_only,1039,0.9298245614035088,1.1535648892187995,0.8,0.0,6.339643672480596,31.604354279273494,0,20,20780,13.394839759712895,,,
monitor_only,1040,0.9298245614035088,1.1568646907361113,0.8,0.0,4.290230518154203,29.5549411249471,0,20,20800,6.358544040015641,,,
monitor_only,1041,0.9298245614035088,1.16023080043269,0.8,0.0,3.1296097599705304,28.394320366763427,0,20,20820,6.104311462709803,,,
monitor_only,1042,0.9298245614035088,1.1633601062812915,0.8,0.0,6.373093179812865,31.63780378660576,0,20,20840,7.002739137852392,,,
monitor_only,1043,0.9298245614035088,1.1665712525972565,0.8,0.0,8.247196230251273,33.511906837044165,0,20,20860,11.836116745783798,,,
monitor_only,1044,0.9298245614035088,1.1698456970852538,0.8,0.0,6.253284165485411,31.517994772278307,0,20,20880,8.003753289832984,,,
monitor_only,1045,0.9298245614035088,1.172920346286462,0.8,0.0,6.377587140593732,31.64229774738663,0,20,20900,13.466624629455104,,,
monitor_only,1046,0.9298245614035088,1.1761935545736584,0.8,0.0,4.331794464957663,29.59650507175056,0,20,20920,7.376168256660699,,,
monitor_only,1047,0.9298245614035088,1.1792799335757411,0.8,0.0,6.405018688094705,31.669729294887603,0,20,20940,12.069675567278582,,,
monitor_only,1048,0.9298245614035088,1.1825000959089376,0.8,0.0,6.124718931583099,31.389429538375996,0,20,20960,7.320164667148605,,,
monitor_only,1049,0.9298245614035088,1.185702131299682,0.8,0.0,8.346492706393937,33.611203313186834,0,20,20980,12.195699663231258,,,
monitor_only,1050,0.9298245614035088,1.1887890292027687,0.8,0.0,8.409236649373877,33.67394725616677,0,20,21000,14.41424325144094,,,
monitor_only,1051,0.9298245614035088,1.1918298980852693,0.8,0.0,6.430209637352959,31.694920244145855,0,20,21020,6.975604470127818,,,
monitor_only,1052,0.9298245614035088,1.194936817386622,0.8,0.0,6.369837724697997,31.634548331490894,0,20,21040,7.160050102737724,,,
monitor_only,1053,0.9298245614035088,1.1981849391405592,0.8,0.0,12.428785995545013,37.69349660233791,0,20,21060,20.949391247351134,,,
monitor_only,1054,0.9298245614035088,1.2011567673621444,0.8,0.0,8.382186235649177,33.646896842442075,0,20,21080,12.510965623968056,,,
monitor_only,1055,0.9298245614035088,1.2044667553718733,0.8,0.0,8.35212971967735,33.616840326470246,0,20,21100,12.425392030654892,,,
monitor_only,1056,0.9298245614035088,1.2076158352171997,0.8,0.0,8.229787637416546,33.49449824420944,0,20,21120,13.756983935830803,,,
monitor_only,1057,0.9298245614035088,1.210709955053663,0.8,0.0,8.400294900595213,33.66500550738811,0,20,21140,12.383676513671478,,,
monitor_only,1058,0.9298245614035088,1.213595222152266,0.8,0.0,6.474051489054773,31.73876209584767,0,20,21160,6.924325131990956,,,
monitor_only,1059,0.9298245614035088,1.2168032201377776,0.8,0.0,6.262589010581223,31.52729961737412,0,20,21180,7.596844159545145,,,
monitor_only,1060,0.9298245614035088,1.220038854775494,0.8,0.0,6.3495453431714095,31.614255949964306,0,20,21200,7.561440453169478,,,
monitor_only,1061,0.9298245614035088,1.223325920152164,0.8,0.0,5.083865777947002,30.3485763847399,0,20,21220,7.107953533135582,,,
monitor_only,1062,0.9298245614035088,1.2267217719402372,0.8,0.0,7.851165279381197,33.115875886174095,0,20,21240,14.61299615203926,,,
monitor_only,1063,0.9298245614035088,1.2298438271912133,0.8,0.0,8.286565825349044,33.55127643214194,0,20,21260,14.162604213806905,,,
monitor_only,1064,0.9298245614035088,1.2331109424490674,0.8,0.0,8.444203411606281,33.70891401839918,0,20,21280,14.197266476484222,,,
monitor_only,1065,0.9298245614035088,1.2361732744544287,0.8,0.0,6.502427635532134,31.767138242325032,0,20,21300,7.44937734117806,,,
monitor_only,1066,0.9298245614035088,1.2393971494437002,0.8,0.0,6.3799692029923945,31.64467980978529,0,20,21320,7.703436112745677,,,
monitor_only,1067,0.9298245614035088,1.2426565278996156,0.8,0.0,6.515501711252796,31.78021231804569,0,20,21340,7.706060482335141,,,
monitor_only,1068,0.9298245614035088,1.245777290468774,0.8,0.0,7.680355136919843,32.94506574371274,0,20,21360,8.048212612301748,,,
monitor_only,1069,0.9298245614035088,1.248757530028439,0.8,0.0,3.9231890625747687,29.187899669367663,0,20,21380,4.657252242224975,,,
monitor_only,1070,0.9298245614035088,1.2517446847721432,0.8,0.0,10.404059381653687,35.668769988446584,0,20,21400,13.219594191827138,,,
monitor_only,1071,0.9298245614035088,1.2546607498451292,0.8,0.0,6.409817245269096,31.674527852061992,0,20,21420,7.084285174662056,,,
monitor_only,1072,0.9298245614035088,1.2577937958377354,0.8,0.0,8.110458524477433,33.375169131270326,0,20,21440,13.462443042263567,,,
monitor_only,1073,0.9298245614035088,1.2606965639608052,0.8,0.0,8.096607566345142,33.36131817313804,0,20,21460,8.801420165638516,,,
monitor_only,1074,0.9298245614035088,1.2638925097856257,0.8,0.0,8.50471148867295,33.76942209546584,0,20,21480,12.621304755944998,,,
monitor_only,1075,0.9298245614035088,1.2669577851063416,0.8,0.0,8.277385456975708,33.542096063768604,0,20,21500,14.09899617096115,,,
monitor_only,1076,0.9298245614035088,1.2701114073049793,0.8,0.0,4.951617724020329,30.216328330813226,0,20,21520,7.172087700214337,,,
monitor_only,1077,0.9298245614035088,1.273189613721531,0.8,0.0,9.716270604594115,34.98098121138701,0,20,21540,14.417813714395525,,,
monitor_only,1078,0.9298245614035088,1.2762174102256634,0.8,0.0,5.043899152088708,30.308609758881605,0,20,21560,6.640646373036167,,,
monitor_only,1079,0.9298245614035088,1.279151974524589,0.8,0.0,8.530446082117844,33.79515668891074,0,20,21580,14.072902174127806,,,
monitor_only,1080,0.9298245614035088,1.2821693830539636,0.8,0.0,5.039038382759221,30.30374898955212,0,20,21600,6.480844824551065,,,
monitor_only,1081,0.9298245614035088,1.2850196827706613,0.8,0.0,4.474875075342766,29.73958568213566,0,20,21620,6.097757262043876,,,
monitor_only,1082,0.9298245614035088,1.2881205824065305,0.8,0.0,2.6067408176443982,27.871451424437293,0,20,21640,3.096116473807036,,,
monitor_only,1083,0.9298245614035088,1.290989271340609,0.8,0.0,7.949216781842476,33.21392738863537,0,20,21660,13.56188953392255,,,
monitor_only,1084,0.9298245614035088,1.2939560822837988,0.8,0.0,6.526013462268642,31.79072406906154,0,20,21680,7.574922534721631,,,
monitor_only,1085,0.9298245614035088,1.2967831433780568,0.8,0.0,4.041570826947047,29.306281433739944,0,20,21700,2.0742354992374006,,,
monitor_only,1086,0.9298245614035088,1.299843886203296,0.8,0.0,4.630547465279733,29.89525807207263,0,20,21720,7.291219758963119,,,
monitor_only,1087,0.9298245614035088,1.3028783047011083,0.8,0.0,6.50869145313114,31.773402059924038,0,20,21740,7.535507190586024,,,
monitor_only,1088,0.9298245614035088,1.306010344306569,0.8,0.0,8.296832750878215,33.56154335767111,0,20,21760,13.76802261684725,,,
monitor_only,1089,0.9298245614035088,1.3089866749038952,0.8,0.0,6.435421149834232,31.70013175662713,0,20,21780,7.649189358384355,,,
monitor_only,1090,0.9298245614035088,1.3121112070582235,0.8,0.0,6.20162996803856,31.466340574831456,0,20,21800,8.32058003647574,,,
monitor_only,1091,0.9298245614035088,1.3149756905762284,0.8,0.0,8.661052188465419,33.925762795258315,0,20,21820,13.393830035437551,,,
monitor_only,1092,0.9298245614035088,1.3179698766193122,0.8,0.0,10.211762731847784,35.47647333864068,0,20,21840,16.486414752864636,,,
monitor_only,1093,0.9298245614035088,1.3209724081870429,0.8,0.0,4.6139074145575405,29.878618021350437,0,20,21860,6.490072077920284,,,
monitor_only,1094,0.9298245614035088,1.323817753195476,0.8,0.0,10.691752640114677,35.956463246907575,0,20,21880,22.193237887711778,,,
monitor_only,1095,0.9298245614035088,1.3268908216649635,0.8,0.0,10.698126799015125,35.96283740580802,0,20,21900,13.680269750092188,,,
monitor_only,1096,0.9298245614035088,1.3295352836285266,0.8,0.0,6.996722651101379,32.261433257894275,0,20,21920,6.958948244172911,,,
monitor_only,1097,0.9298245614035088,1.3323828476880444,0.8,0.0,8.635934841192164,33.900645447985056,0,20,21940,13.836596722868375,,,
monitor_only,1098,0.9298245614035088,1.3352309530832704,0.8,0.0,5.00106318782495,30.265773794617846,0,20,21960,7.174360566658288,,,
monitor_only,1099,0.9298245614035088,1.338311558980106,0.8,0.0,4.227191029112873,29.49190163590577,0,20,21980,4.208408502830628,,,
monitor_only,1100,0.9298245614035088,1.341519898372389,0.8,0.0,8.658579934220068,33.92329054101296,0,20,22000,15.105544258868546,,,
monitor_only,1101,0.9298245614035088,1.344503637345831,0.8,0.0,8.62542920451574,33.890139811308636,0,20,22020,13.67721125010817,,,
monitor_only,1102,0.9298245614035088,1.347011610434712,0.8,0.0,8.261197948370977,33.52590855516387,0,20,22040,9.271882706399978,,,
monitor_only,1103,0.9298245614035088,1.350001469338612,0.8,0.0,6.636415911411102,31.901126518204,0,20,22060,14.312558816960442,,,
monitor_only,1104,0.9298245614035088,1.3528568646766452,0.8,0.0,8.406973574763395,33.67168418155629,0,20,22080,10.361395371146966,,,
monitor_only,1105,0.9298245614035088,1.3555019121022183,0.8,0.0,4.412023334897603,29.6767339416905,0,20,22100,4.927144728703644,,,
monitor_only,1106,0.9298245614035088,1.3583301460776183,0.8,0.0,8.74859340302616,34.01330400981905,0,20,22120,12.84775517649844,,,
monitor_only,1107,0.9298245614035088,1.36128974365779,0.8,0.0,2.7542435107238816,28.018954117516778,0,20,22140,2.8250971698928273,,,
monitor_only,1108,0.9298245614035088,1.3643939197053825,0.8,0.0,8.759576065584346,34.024286672377244,0,20,22160,13.316702602784156,,,
monitor_only,1109,0.9298245614035088,1.367400033621747,0.8,0.0,4.9745050318473245,30.23921563864022,0,20,22180,6.854284793321172,,,
monitor_only,1110,0.9298245614035088,1.3701539061565666,0.8,0.0,4.7102214818850525,29.97493208867795,0,20,22200,7.1073060486834985,,,
monitor_only,1111,0.9298245614035088,1.3730105609179575,0.8,0.0,4.970064602722934,30.23477520951583,0,20,22220,11.109761182099549,,,
monitor_only,1112,0.9298245614035088,1.3758207073726083,0.8,0.0,2.968073633003788,28.232784239796683,0,20,22240,5.943302182265631,,,
monitor_only,1113,0.9298245614035088,1.378753208573564,0.8,0.0,4.6927801222572425,29.95749072905014,0,20,22260,7.387614732693553,,,
monitor_only,1114,0.9298245614035088,1.3815794073993353,0.8,0.0,6.30154178197112,31.566252388764017,0,20,22280,9.219491236183487,,,
monitor_only,1115,0.9298245614035088,1.3846198629739968,0.8,0.0,4.9611641769080475,30.225874783700945,0,20,22300,6.9584974378317455,,,
monitor_only,1116,0.9298245614035088,1.3873888276730078,0.8,0.0,8.092171112011595,33.35688171880449,0,20,22320,13.636284755146203,,,
monitor_only,1117,0.9298245614035088,1.3901632425624058,0.8,0.0,8.754817093058213,34.01952769985111,0,20,22340,12.528238842471955,,,
monitor_only,1118,0.9298245614035088,1.393075335815739,0.8,0.0,8.816894723288442,34.08160533008134,0,20,22360,14.0436101152304,,,
monitor_only,1119,0.9298245614035088,1.3958575400639248,0.8,0.0,4.104549488363318,29.369260095156214,0,20,22380,3.017514526303487,,,
monitor_only,1120,0.9298245614035088,1.3986821712968494,0.8,0.0,8.77158789471802,34.03629850151091,0,20,22400,13.793065508880716,,,
monitor_only,1121,0.9298245614035088,1.401687359883948,0.8,0.0,4.849995921541298,30.114706528334196,0,20,22420,13.620673349181118,,,
monitor_only,1122,0.9298245614035088,1.4045616740215696,0.8,0.0,4.947010457378648,30.211721064171545,0,20,22440,6.289335281385548,,,
monitor_only,1123,0.9298245614035088,1.4075518358056531,0.8,0.0,4.782422187006811,30.047132793799708,0,20,22460,7.52988958049488,,,
monitor_only,1124,0.9298245614035088,1.4105091222526804,0.8,0.0,10.852140882022544,36.11685148881544,0,20,22480,14.06601374265308,,,
monitor_only,1125,0.9298245614035088,1.4131669863010103,0.8,0.0,4.856760936500754,30.12147154329365,0,20,22500,7.360101407245891,,,
monitor_only,1126,0.9298245614035088,1.416016615987848,0.8,0.0,4.862387498784908,30.127098105577804,0,20,22520,7.544572715409599,,,
monitor_only,1127,0.9298245614035088,1.4189079788250416,0.8,0.0,4.771418037094388,30.036128643887285,0,20,22540,6.082812393165976,,,
monitor_only,1128,0.9298245614035088,1.4219284377394283,0.8,0.0,6.887870947908445,32.15258155470134,0,20,22560,13.897911924344864,,,
monitor_only,1129,0.9298245614035088,1.4250770589932953,0.8,0.0,10.878740679847095,36.14345128663999,0,20,22580,14.498612533989474,,,
monitor_only,1130,0.9298245614035088,1.427960090383887,0.8,0.0,10.788052830947285,36.05276343774018,0,20,22600,14.024931421107677,,,
monitor_only,1131,0.9298245614035088,1.430728434192461,0.8,0.0,4.891303003981497,30.156013610774394,0,20,22620,7.168415870376569,,,
monitor_only,1132,0.9298245614035088,1.4333700412623716,0.8,0.0,6.549084287525488,31.813794894318384,0,20,22640,6.9863591415165125,,,
monitor_only,1133,0.9298245614035088,1.4360096856579345,0.8,0.0,3.608102045914355,28.87281265270725,0,20,22660,2.56485816124974,,,
monitor_only,1134,0.9298245614035088,1.4388469685602339,0.8,0.0,6.413650324578839,31.678360931371735,0,20,22680,7.4749205018212015,,,
monitor_only,1135,0.9298245614035088,1.4413138980004951,0.8,0.0,4.9119197119443925,30.17663031873729,0,20,22700,7.352106448245091,,,
monitor_only,1136,0.9298245614035088,1.443938207231504,0.8,0.0,4.935259374948373,30.19996998174127,0,20,22720,6.894038713158858,,,
monitor_only,1137,0.9298245614035088,1.4465966155032468,0.8,0.0,4.67830867412772,29.943019280920616,0,20,22740,5.417256201385604,,,
monitor_only,1138,0.9298245614035088,1.449449077886389,0.8,0.0,4.786105194411145,30.050815801204042,0,20,22760,5.974730459883038,,,
monitor_only,1139,0.9298245614035088,1.4521891420882718,0.8,0.0,8.951529734720225,34.21624034151312,0,20,22780,13.786168550270519,,,
monitor_only,1140,0.9298245614035088,1.4551690175363377,0.8,0.0,6.796749626851503,32.0614602336444,0,20,22800,7.666137260090929,,,
monitor_only,1141,0.9298245614035088,1.4577589960209874,0.8,0.0,4.561834469221064,29.82654507601396,0,20,22820,4.7463195751655585,,,
monitor_only,1142,0.9298245614035088,1.4607562979394435,0.8,0.0,8.597413204837494,33.86212381163039,0,20,22840,14.48906234132526,,,
monitor_only,1143,0.9298245614035088,1.463497099996801,0.8,0.0,8.632478819732418,33.897189426525316,0,20,22860,11.05961827469964,,,
monitor_only,1144,0.9298245614035088,1.4661423446096176,0.8,0.0,6.96124818666552,32.22595879345842,0,20,22880,7.170024117609743,,,
monitor_only,1145,0.9298245614035088,1.4687703001891468,0.8,0.0,6.98491626816652,32.24962687495942,0,20,22900,13.730080722411593,,,
monitor_only,1146,0.9298245614035088,1.4715744446463883,0.8,0.0,2.9725967854653845,28.23730739225828,0,20,22920,3.2268559413056956,,,
monitor_only,1147,0.9298245614035088,1.4744002313375695,0.8,0.0,10.745932883010028,36.01064348980292,0,20,22940,18.918501572725038,,,
monitor_only,1148,0.9298245614035088,1.477434804468843,0.8,0.0,8.83853985982796,34.10325046662086,0,20,22960,11.817250395956316,,,
monitor_only,1149,0.9298245614035088,1.4802758270362368,0.8,0.0,8.990778833068969,34.25548943986186,0,20,22980,13.884962104193642,,,
monitor_only,1150,0.9298245614035088,1.4830369387028457,0.8,0.0,7.009104181850414,32.27381478864331,0,20,23000,7.2817755868299505,,,
monitor_only,1151,0.9298245614035088,1.4858845227781685,0.8,0.0,8.857463678076556,34.12217428486945,0,20,23020,13.69069487950476,,,
monitor_only,1152,0.9298245614035088,1.4885697374645004,0.8,0.0,8.771874264375583,34.03658487116848,0,20,23040,13.559054929160538,,,
monitor_only,1153,0.9298245614035088,1.4910993727045547,0.8,0.0,9.012654112152253,34.27736471894515,0,20,23060,12.94879450756835,,,
monitor_only,1154,0.9298245614035088,1.493715523620413,0.8,0.0,8.686314073246422,33.95102468003932,0,20,23080,14.500857731956224,,,
monitor_only,1155,0.9298245614035088,1.4964979922879265,0.8,0.0,7.02304324856641,32.287753855359306,0,20,23100,13.970877216971225,,,
monitor_only,1156,0.9298245614035088,1.499205010646642,0.8,0.0,3.0283252867089536,28.293035893501848,0,20,23120,3.0435538070588564,,,
monitor_only,1157,0.9298245614035088,1.5020129552588706,0.8,0.0,8.701634452496592,33.96634505928949,0,20,23140,10.683047125883492,,,
monitor_only,1158,0.9298245614035088,1.5045410754246074,0.8,0.0,5.056657489465124,30.32136809625802,0,20,23160,7.355745540624687,,,
monitor_only,1159,0.9298245614035088,1.507091720146396,0.8,0.0,3.9683567448903054,29.2330673516832,0,20,23180,6.487135225919009,,,
monitor_only,1160,0.9298245614035088,1.5097857805811217,0.8,0.0,8.900859567328705,34.1655701741216,0,20,23200,13.986602523560359,,,
monitor_only,1161,0.9298245614035088,1.5121057405891467,0.8,0.0,3.055046627515594,28.31975723430849,0,20,23220,2.492596626031843,,,
monitor_only,1162,0.9298245614035088,1.5147357696142667,0.8,0.0,8.804476130588153,34.069186737381045,0,20,23240,13.579601036387665,,,
monitor_only,1163,0.9298245614035088,1.5172669047745793,0.8,0.0,8.664471133871151,33.92918174066405,0,20,23260,10.045614322302185,,,
monitor_only,1164,0.9298245614035088,1.5201460071983777,0.8,0.0,7.069036976273159,32.33374758306606,0,20,23280,7.837912999135024,,,
monitor_only,1165,0.9298245614035088,1.522970838144128,0.8,0.0,8.539035853292301,33.80374646008519,0,20,23300,14.19017592705526,,,
monitor_only,1166,0.9298245614035088,1.5258580115971763,0.8,0.0,4.854165682364643,30.11887628915754,0,20,23320,5.786843655766073,,,
monitor_only,1167,0.9298245614035088,1.5286846971242156,0.8,0.0,10.93599914495864,36.20070975175153,0,20,23340,14.42736333365348,,,
monitor_only,1168,0.9298245614035088,1.5315301760573312,0.8,0.0,7.110000973195838,32.374711579988734,0,20,23360,14.284342650470089,,,
monitor_only,1169,0.9298245614035088,1.5340295207597314,0.8,0.0,10.947526306218077,36.21223691301097,0,20,23380,13.876181641501741,,,
monitor_only,1170,0.9298245614035088,1.5367612217394424,0.8,0.0,8.954281330543381,34.21899193733628,0,20,23400,13.84063231840931,,,
monitor_only,1171,0.9298245614035088,1.5395017925904668,0.8,0.0,7.040224246895074,32.30493485368797,0,20,23420,7.8595729716119225,,,
monitor_only,1172,0.9298245614035088,1.5423822685553519,0.8,0.0,7.008506244101606,32.2732168508945,0,20,23440,7.745788091226335,,,
monitor_only,1173,0.9298245614035088,1.5449701424480746,0.8,0.0,4.970251851360672,30.234962458153568,0,20,23460,7.406635590404468,,,
monitor_only,1174,0.9298245614035088,1.547579487342514,0.8,0.0,6.8814944374347915,32.146205044227685,0,20,23480,7.2228719959436525,,,
monitor_only,1175,0.9298245614035088,1.5502277384896892,0.8,0.0,4.834519925428159,30.099230532221057,0,20,23500,6.121924177329655,,,
monitor_only,1176,0.9298245614035088,1.5528549476641802,0.8,0.0,9.066998629826912,34.33170923661981,0,20,23520,13.749113532940731,,,
monitor_only,1177,0.9298245614035088,1.555315474806582,0.8,0.0,5.140124939107788,30.404835545900685,0,20,23540,6.728486271347985,,,
monitor_only,1178,0.9298245614035088,1.5579335211879306,0.8,0.0,6.995358475626669,32.26006908241956,0,20,23560,7.437013198002416,,,
monitor_only,1179,0.9298245614035088,1.5605568607955604,0.8,0.0,11.081524394862754,36.34623500165565,0,20,23580,14.003881799878913,,,
monitor_only,1180,0.9298245614035088,1.5630969437770468,0.8,0.0,7.003803179426313,32.26851378621921,0,20,23600,7.062598977037066,,,
monitor_only,1181,0.9298245614035088,1.5655832205662013,0.8,0.0,7.178825466501166,32.44353607329406,0,20,23620,12.90037502391546,,,
monitor_only,1182,0.9298245614035088,1.5681373626484236,0.8,0.0,3.0582723873048208,28.322982994097718,0,20,23640,6.102219864468507,,,
monitor_only,1183,0.9298245614035088,1.5706889419842451,0.8,0.0,5.170769481471401,30.4354800882643,0,20,23660,7.388369516948112,,,
monitor_only,1184,0.9298245614035088,1.5733126457604307,0.8,0.0,8.638813865149663,33.90352447194256,0,20,23680,14.132265323519936,,,
monitor_only,1185,0.9298245614035088,1.575795086716506,0.8,0.0,3.181492832067079,28.446203438859975,0,20,23700,2.918539783361771,,,
monitor_only,1186,0.9298245614035088,1.5785787719361315,0.8,0.0,11.122344127242059,36.387054734034955,0,20,23720,14.537920938475505,,,
monitor_only,1187,0.9298245614035088,1.5809069865890162,0.8,0.0,7.209789122819454,32.47449972961235,0,20,23740,13.054518730506745,,,
monitor_only,1188,0.9298245614035088,1.5836306473814548,0.8,0.0,9.196252835185987,34.46096344197888,0,20,23760,12.615409399134899,,,
monitor_only,1189,0.9298245614035088,1.5861655524207985,0.8,0.0,3.214889837595744,28.47960044438864,0,20,23780,6.087138045189299,,,
monitor_only,1190,0.9298245614035088,1.5888609259133706,0.8,0.0,5.207081086246414,30.47179169303931,0,20,23800,7.56116460394776,,,
monitor_only,1191,0.9298245614035088,1.5914880097918458,0.8,0.0,9.103451121982289,34.368161728775185,0,20,23820,14.407753654142962,,,
monitor_only,1192,0.9298245614035088,1.5940674240796995,0.8,0.0,7.235607598530957,32.50031820532385,0,20,23840,13.64344246703774,,,
monitor_only,1193,0.9298245614035088,1.596764798504348,0.8,0.0,3.2217936847886604,28.486504291581557,0,20,23860,3.103489054897552,,,
monitor_only,1194,0.9298245614035088,1.5994469532224393,0.8,0.0,11.163462719297286,36.42817332609018,0,20,23880,14.360483562200985,,,
monitor_only,1195,0.9298245614035088,1.6019906539265831,0.8,0.0,6.883363739457688,32.14807434625058,0,20,23900,7.153139289696578,,,
monitor_only,1196,0.9298245614035088,1.604665971779532,0.8,0.0,7.128853181940637,32.39356378873353,0,20,23920,13.86972682780681,,,
monitor_only,1197,0.9298245614035088,1.607275036806979,0.8,0.0,6.165452125259398,31.430162732052295,0,20,23940,7.396101202650261,,,
monitor_only,1198,0.9298245614035088,1.60989171938498,0.8,0.0,9.261291340140664,34.52600194693356,0,20,23960,13.452983923882421,,,
monitor_only,1199,0.9298245614035088,1.6124969156500863,0.8,0.0,8.985577307525622,34.25028791431852,0,20,23980,14.023315444424737,,,
monitor_only,1200,0.9298245614035088,1.6150362332396921,0.8,0.0,9.271975260638026,34.53668586743092,0,20,24000,14.02958109883215,,,
monitor_only,1201,0.9298245614035088,1.6173955102857296,0.8,0.0,7.108798745016808,32.3735093518097,0,20,24020,7.021659750280221,,,
monitor_only,1202,0.9298245614035088,1.6198507674081075,0.8,0.0,9.157327642950198,34.422038249743096,0,20,24040,13.267413402063163,,,
monitor_only,1203,0.9298245614035088,1.6224451979483214,0.8,0.0,5.2726412354938175,30.537351842286714,0,20,24060,7.699744393508809,,,
monitor_only,1204,0.9298245614035088,1.6248657642897857,0.8,0.0,5.166731182553501,30.431441789346398,0,20,24080,5.923032139615214,,,
monitor_only,1205,0.9298245614035088,1.6274815463524093,0.8,0.0,3.2840064974656498,28.548717104258547,0,20,24100,6.462165130858719,,,
monitor_only,1206,0.9298245614035088,1.6301239384935633,0.8,0.0,7.288567652572435,32.55327825936533,0,20,24120,7.881660922340482,,,
monitor_only,1207,0.9298245614035088,1.6326650737894741,0.8,0.0,7.18100360067865,32.445714207471546,0,20,24140,7.365184283170227,,,
monitor_only,1208,0.9298245614035088,1.6352415788552614,0.8,0.0,3.317961726526164,28.58267233331906,0,20,24160,3.215528772831353,,,
monitor_only,1209,0.9298245614035088,1.6376314417044944,0.8,0.0,5.052994192644368,30.317704799437266,0,20,24180,5.391083147481315,,,
monitor_only,1210,0.9298245614035088,1.6403302826910064,0.8,0.0,5.534840482209233,30.79955108900213,0,20,24200,2.7748251343027484,,,
monitor_only,1211,0.9298245614035088,1.6427692207476279,0.8,0.0,11.201020665167789,36.465731271960685,0,20,24220,13.667109661290544,,,
monitor_only,1212,0.9298245614035088,1.6452656616147119,0.8,0.0,9.248981117985599,34.5136917247785,0,20,24240,13.64172848126485,,,
monitor_only,1213,0.9298245614035088,1.6478248768768549,0.8,0.0,9.210451870765914,34.47516247755881,0,20,24260,14.607611794931534,,,
monitor_only,1214,0.9298245614035088,1.6501382040671795,0.8,0.0,6.768291445420118,32.033002052213014,0,20,24280,7.105320762781195,,,
monitor_only,1215,0.9298245614035088,1.6526553476409755,0.8,0.0,7.347526185639026,32.61223679243192,0,20,24300,13.486198970407294,,,
monitor_only,1216,0.9298245614035088,1.6551407101897475,0.8,0.0,8.945297496670719,34.210008103463615,0,20,24320,13.712292650578366,,,
monitor_only,1217,0.9298245614035088,1.6576259568510088,0.8,0.0,7.342167786092659,32.606878392885555,0,20,24340,13.815128104706494,,,
monitor_only,1218,0.9298245614035088,1.6602028703044078,0.8,0.0,5.36180963336013,30.626520240153027,0,20,24360,7.43874478720295,,,
monitor_only,1219,0.9298245614035088,1.662676386233165,0.8,0.0,8.993903290127795,34.25861389692069,0,20,24380,14.342299276871183,,,
monitor_only,1220,0.9298245614035088,1.6650326229278904,0.8,0.0,8.963530851914356,34.22824145870725,0,20,24400,13.32833540630637,,,
monitor_only,1221,0.9298245614035088,1.667674703582003,0.8,0.0,6.96759641414701,32.232307020939906,0,20,24420,7.376591362057746,,,
monitor_only,1222,0.9298245614035088,1.6700148206008294,0.8,0.0,9.302359791568431,34.567070398361324,0,20,24440,13.752430068558228,,,
monitor_only,1223,0.9298245614035088,1.6725020017958034,0.8,0.0,5.386493614435419,30.651204221228316,0,20,24460,7.710292064952882,,,
monitor_only,1224,0.9298245614035088,1.675059504584455,0.8,0.0,7.391734336324968,32.65644494311786,0,20,24480,7.57149988937586,,,
monitor_only,1225,0.9298245614035088,1.6773972294474355,0.8,0.0,7.107771755900482,32.372482362693376,0,20,24500,7.167149083661597,,,
monitor_only,1226,0.9298245614035088,1.6800624670791813,0.8,0.0,7.407426037842319,32.672136644635216,0,20,24520,14.073696107521302,,,
monitor_only,1227,0.9298245614035088,1.6824855245199484,0.8,0.0,13.390917625435653,38.65562823222855,0,20,24540,20.99765262911309,,,
monitor_only,1228,0.9298245614035088,1.6849370609210486,0.8,0.0,11.238757680629686,36.50346828742258,0,20,24560,14.353040163352677,,,
monitor_only,1229,0.9298245614035088,1.6871709222007094,0.8,0.0,7.402384515402598,32.66709512219549,0,20,24580,12.893202597613309,,,
monitor_only,1230,0.9298245614035088,1.6894955682694255,0.8,0.0,3.2918315755648564,28.556542182357752,0,20,24600,6.090750420270075,,,
monitor_only,1231,0.9298245614035088,1.6918273137487045,0.8,0.0,9.0115358470761,34.27624645386899,0,20,24620,13.149289494459595,,,
monitor_only,1232,0.9298245614035088,1.6944469680736722,0.8,0.0,8.970868965316185,34.23557957210908,0,20,24640,14.512258749158526,,,
monitor_only,1233,0.9298245614035088,1.69688586242261,0.8,0.0,10.548394062132996,35.81310466892589,0,20,24660,14.163109428642548,,,
monitor_only,1234,0.9298245614035088,1.6992189822689305,0.8,0.0,6.979512953560819,32.24422356035372,0,20,24680,7.275211755844521,,,
monitor_only,1235,0.9298245614035088,1.7018726663951156,0.8,0.0,11.428703266915363,36.69341387370826,0,20,24700,14.099847228539115,,,
monitor_only,1236,0.9298245614035088,1.7043792961574298,0.8,0.0,9.069552598260392,34.33426320505329,0,20,24720,13.54563634642941,,,
monitor_only,1237,0.9298245614035088,1.7070520414852417,0.8,0.0,7.455378934772247,32.720089541565144,0,20,24740,8.027350132936808,,,
monitor_only,1238,0.9298245614035088,1.70950261395819,0.8,0.0,7.283680647457611,32.548391254250504,0,20,24760,7.862635795735516,,,
monitor_only,1239,0.9298245614035088,1.7117399243763203,0.8,0.0,3.4716368068635957,28.736347413656492,0,20,24780,5.751259650574817,,,
monitor_only,1240,0.9298245614035088,1.7139425319174257,0.8,0.0,5.19511556929236,30.459826176085258,0,20,24800,5.7594606864457925,,,
monitor_only,1241,0.9298245614035088,1.7164073601597731,0.8,0.0,7.19955894456651,32.46426955135941,0,20,24820,7.657474088844308,,,
monitor_only,1242,0.9298245614035088,1.718645122680736,0.8,0.0,7.393155632141013,32.657866238933906,0,20,24840,6.978970079878708,,,
monitor_only,1243,0.9298245614035088,1.7211661167594199,0.8,0.0,8.888573492324289,34.15328409911719,0,20,24860,14.796925508692883,,,
monitor_only,1244,0.9298245614035088,1.7235344038097595,0.8,0.0,7.473540221485943,32.73825082827884,0,20,24880,7.9159254230136,,,
monitor_only,1245,0.9298245614035088,1.7258173253024276,0.8,0.0,6.882064440147815,32.14677504694071,0,20,24900,7.030126695127683,,,
monitor_only,1246,0.9298245614035088,1.7281267655651307,0.8,0.0,10.885925619728976,36.15063622652187,0,20,24920,13.56833856707083,,,
monitor_only,1247,0.9298245614035088,1.7306311000367975,0.8,0.0,9.502777127134248,34.76748773392714,0,20,24940,14.05533175697097,,,
monitor_only,1248,0.9298245614035088,1.732949135563768,0.8,0.0,7.491760660761126,32.75647126755402,0,20,24960,7.401289137927747,,,
monitor_only,1249,0.9298245614035088,1.7354070240733621,0.8,0.0,6.33665474765337,31.601365354446266,0,20,24980,6.986759210394041,,,
monitor_only,1250,0.9298245614035088,1.7376419457598244,0.8,0.0,11.436157810876846,36.70086841766974,0,20,25000,13.52735183809877,,,
monitor_only,1251,0.9298245614035088,1.7399986319199023,0.8,0.0,7.244214371063815,32.50892497785671,0,20,25020,7.5583101320722275,,,
monitor_only,1252,0.9298245614035088,1.7424040115400754,0.8,0.0,7.532628842787214,32.79733944958011,0,20,25040,14.359986009852129,,,
monitor_only,1253,0.9298245614035088,1.744790614909342,0.8,0.0,9.537439602027387,34.80215020882028,0,20,25060,14.13624188261022,,,
monitor_only,1254,0.9298245614035088,1.7472197762614565,0.8,0.0,5.2386398947654325,30.50335050155833,0,20,25080,11.840579282575453,,,
monitor_only,1255,0.9298245614035088,1.7494928418173628,0.8,0.0,6.626235577440791,31.890946184233687,0,20,25100,7.378110573343196,,,
monitor_only,1256,0.9298245614035088,1.7518080439147707,0.8,0.0,5.551617262581962,30.81632786937486,0,20,25120,7.210708147335302,,,
monitor_only,1257,0.9298245614035088,1.75425327781384,0.8,0.0,7.076291248954098,32.341001855746995,0,20,25140,9.598869200691817,,,
monitor_only,1258,0.9298245614035088,1.7564977274021014,0.8,0.0,9.555880096902078,34.820590703694975,0,20,25160,12.750717830325648,,,
monitor_only,1259,0.9298245614035088,1.7587499769231238,0.8,0.0,9.38236245575581,34.647073062548706,0,20,25180,13.415843994352494,,,
monitor_only,1260,0.9298245614035088,1.7610501861814905,0.8,0.0,11.547330530175941,36.81204113696884,0,20,25200,14.18120277277906,,,
monitor_only,1261,0.9298245614035088,1.763358677213967,0.8,0.0,7.551902575704996,32.81661318249789,0,20,25220,7.5470757728106115,,,
monitor_only,1262,0.9298245614035088,1.765666342836813,0.8,0.0,3.557073469222208,28.821784076015103,0,20,25240,5.641011279060532,,,
monitor_only,1263,0.9298245614035088,1.767851105398848,0.8,0.0,9.277015122244924,34.54172572903782,0,20,25260,13.600333930224863,,,
monitor_only,1264,0.9298245614035088,1.769980641052445,0.8,0.0,5.58833378974479,30.853044396537687,0,20,25280,6.7509325896158465,,,
monitor_only,1265,0.9298245614035088,1.7722232697275013,0.8,0.0,6.65958183430007,31.924292441092966,0,20,25300,7.614028120736364,,,
monitor_only,1266,0.9298245614035088,1.7747135720671918,0.8,0.0,9.508840242060614,34.77355084885351,0,20,25320,12.902104585528654,,,
monitor_only,1267,0.9298245614035088,1.7772223078633644,0.8,0.0,8.98375293533339,34.24846354212629,0,20,25340,13.5985866325769,,,
monitor_only,1268,0.9298245614035088,1.779742813117988,0.8,0.0,3.607076194673861,28.871786801466758,0,20,25360,5.711434562460252,,,
monitor_only,1269,0.9298245614035088,1.7821520882981614,0.8,0.0,7.472361926857427,32.73707253365032,0,20,25380,7.616755128698125,,,
monitor_only,1270,0.9298245614035088,1.7843327055228457,0.8,0.0,7.616935755543561,32.881646362336454,0,20,25400,13.89909368056341,,,
monitor_only,1271,0.9298245614035088,1.7866109979194473,0.8,0.0,7.435072394842261,32.699783001635154,0,20,25420,13.962709891121953,,,
monitor_only,1272,0.9298245614035088,1.7887817122597907,0.8,0.0,7.432923983687185,32.69763459048008,0,20,25440,7.066074868495082,,,
monitor_only,1273,0.9298245614035088,1.7910681362347611,0.8,0.0,7.338168358400026,32.60287896519292,0,20,25460,13.76510333125807,,,
monitor_only,1274,0.9298245614035088,1.793438286256616,0.8,0.0,9.447761001903245,34.71247160869614,0,20,25480,12.671170917009691,,,
monitor_only,1275,0.9298245614035088,1.7955858596136427,0.8,0.0,8.418606479139424,33.683317085932316,0,20,25500,13.524811148539788,,,
monitor_only,1276,0.9298245614035088,1.797836234570015,0.8,0.0,7.457089632871809,32.7218002396647,0,20,25520,6.9794386085921785,,,
monitor_only,1277,0.9298245614035088,1.7999537801459324,0.8,0.0,5.641471822688118,30.906182429481014,0,20,25540,7.233570371800847,,,
monitor_only,1278,0.9298245614035088,1.8023682446340048,0.8,0.0,7.628978147749119,32.89368875454201,0,20,25560,7.970215764542501,,,
monitor_only,1279,0.9298245614035088,1.804770310733596,0.8,0.0,5.650823333111627,30.915533939904524,0,20,25580,7.847476461562702,,,
monitor_only,1280,0.9298245614035088,1.8070447872279811,0.8,0.0,11.56680692661098,36.831517533403876,0,20,25600,13.849313171237736,,,
monitor_only,1281,0.9298245614035088,1.8094226319201454,0.8,0.0,7.659735054299972,32.92444566109287,0,20,25620,14.205770368478559,,,
monitor_only,1282,0.9298245614035088,1.8118020588951909,0.8,0.0,11.671476842787646,36.936187449580544,0,20,25640,14.413343900501136,,,
monitor_only,1283,0.9298245614035088,1.814202250139069,0.8,0.0,6.443128749707891,31.707839356500788,0,20,25660,7.93244009903387,,,
monitor_only,1284,0.9298245614035088,1.8165549082587475,0.8,0.0,3.590754617859678,28.855465224652573,0,20,25680,3.1818975713311155,,,
monitor_only,1285,0.9298245614035088,1.818893772200057,0.8,0.0,7.187387056040961,32.45209766283386,0,20,25700,7.753624694103292,,,
monitor_only,1286,0.9298245614035088,1.821083561814113,0.8,0.0,7.690419123347283,32.95512973014018,0,20,25720,13.975306300646409,,,
monitor_only,1287,0.9298245614035088,1.8232645565480248,0.8,0.0,5.505990624056949,30.770701230849845,0,20,25740,7.255622574571191,,,
monitor_only,1288,0.9298245614035088,1.825495833860087,0.8,0.0,11.250608416084258,36.51531902287715,0,20,25760,14.001284331331613,,,
monitor_only,1289,0.9298245614035088,1.8275304295068782,0.8,0.0,7.407600974984234,32.67231158177713,0,20,25780,7.289392494492638,,,
monitor_only,1290,0.9298245614035088,1.829785765017095,0.8,0.0,9.707692437960986,34.97240304475388,0,20,25800,13.656431166019466,,,
monitor_only,1291,0.9298245614035088,1.8320344132608442,0.8,0.0,7.616324783456321,32.88103539024922,0,20,25820,7.335182065274079,,,
monitor_only,1292,0.9298245614035088,1.834271194105628,0.8,0.0,4.751762925214962,30.016473532007858,0,20,25840,2.956840859941204,,,
monitor_only,1293,0.9298245614035088,1.836427399929004,0.8,0.0,7.629332166576054,32.89404277336895,0,20,25860,13.273724021950668,,,
monitor_only,1294,0.9298245614035088,1.83857369751152,0.8,0.0,5.70240831305379,30.967118919846687,0,20,25880,7.846291978752337,,,
monitor_only,1295,0.9298245614035088,1.8407457141287888,0.8,0.0,5.707340407238538,30.972051014031436,0,20,25900,7.120022382201884,,,
monitor_only,1296,0.9298245614035088,1.8427669601910013,0.8,0.0,7.637586771726319,32.902297378519215,0,20,25920,7.475495397954465,,,
monitor_only,1297,0.9298245614035088,1.8448550530766596,0.8,0.0,9.421637927465554,34.68634853425845,0,20,25940,13.363516073267716,,,
monitor_only,1298,0.9298245614035088,1.8472379654887232,0.8,0.0,5.513487384164175,30.77819799095707,0,20,25960,2.7102181564119276,,,
monitor_only,1299,0.9298245614035088,1.849303435511074,0.8,0.0,6.604587708950476,31.86929831574337,0,20,25980,5.648110727801755,,,
monitor_only,1300,0.9298245614035088,1.8516023299878868,0.8,0.0,5.65933651883294,30.924047125625837,0,20,26000,6.6048436592022455,,,
monitor_only,1301,0.9298245614035088,1.8534670332842194,0.8,0.0,5.733230629305126,30.997941236098022,0,20,26020,6.767839578731284,,,
monitor_only,1302,0.9298245614035088,1.855413355821269,0.8,0.0,7.305495305597182,32.57020591239008,0,20,26040,6.780096616977605,,,
monitor_only,1303,0.9298245614035088,1.857610473635803,0.8,0.0,7.763458290589824,33.02816889738272,0,20,26060,12.573407349296168,,,
monitor_only,1304,0.9298245614035088,1.8594594740312307,0.8,0.0,12.79019389317341,38.054904499966305,0,20,26080,13.563288950917707,,,
monitor_only,1305,0.9298245614035088,1.8616293463982092,0.8,0.0,11.571663347382735,36.83637395417563,0,20,26100,13.732006284222978,,,
monitor_only,1306,0.9298245614035088,1.8639278399645562,0.8,0.0,7.633004882139858,32.897715488932754,0,20,26120,7.784344785762906,,,
monitor_only,1307,0.9298245614035088,1.8660610996100353,0.8,0.0,5.758714836891083,31.02342544368398,0,20,26140,7.326762769994856,,,
monitor_only,1308,0.9298245614035088,1.8680802709723021,0.8,0.0,9.641462263299067,34.906172870091964,0,20,26160,12.42169992275316,,,
monitor_only,1309,0.9298245614035088,1.870052741442531,0.8,0.0,9.469563635119965,34.73427424191286,0,20,26180,18.742860926502807,,,
monitor_only,1310,0.9298245614035088,1.8721874215446983,0.8,0.0,7.770891790508662,33.03560239730156,0,20,26200,13.742116836176418,,,
monitor_only,1311,0.9298245614035088,1.8742910723748907,0.8,0.0,9.797006422036628,35.06171702882952,0,20,26220,14.164322998772484,,,
monitor_only,1312,0.9298245614035088,1.8764165495468712,0.8,0.0,9.600282398267836,34.86499300506073,0,20,26240,13.780241374579775,,,
monitor_only,1313,0.9298245614035088,1.8785711346321479,0.8,0.0,5.805464678040835,31.07017528483373,0,20,26260,7.826870432624282,,,
monitor_only,1314,0.9298245614035088,1.8805228584797937,0.8,0.0,5.490279052287027,30.754989659079925,0,20,26280,5.537982370899892,,,
monitor_only,1315,0.9298245614035088,1.8827412331124036,0.8,0.0,9.721922571552948,34.98663317834584,0,20,26300,12.190375558846286,,,
monitor_only,1316,0.9298245614035088,1.8848218854909387,0.8,0.0,5.818114045172251,31.082824651965147,0,20,26320,7.190440916369491,,,
monitor_only,1317,0.9298245614035088,1.8871253013045621,0.8,0.0,7.619995381223059,32.88470598801595,0,20,26340,7.341559326687642,,,
monitor_only,1318,0.9298245614035088,1.8891484544143775,0.8,0.0,5.826882181556433,31.09159278834933,0,20,26360,6.5294817385521045,,,
monitor_only,1319,0.9298245614035088,1.891511631408375,0.8,0.0,7.426884626707988,32.691595233500884,0,20,26380,6.225111012391962,,,
monitor_only,1320,0.9298245614035088,1.893698671861108,0.8,0.0,7.413389891920209,32.67810049871311,0,20,26400,7.784933498253391,,,
monitor_only,1321,0.9298245614035088,1.8955504561294385,0.8,0.0,3.8177583432692095,29.082468950062104,0,20,26420,2.8767125003878102,,,
monitor_only,1322,0.9298245614035088,1.897599550936582,0.8,0.0,9.52145871620284,34.78616932299573,0,20,26440,13.680167636868427,,,
monitor_only,1323,0.9298245614035088,1.8997861382756842,0.8,0.0,7.384335767157685,32.64904637395058,0,20,26460,7.241736725087599,,,
monitor_only,1324,0.9298245614035088,1.901908564669845,0.8,0.0,9.846406593298223,35.111117200091115,0,20,26480,14.183350167666859,,,
monitor_only,1325,0.9298245614035088,1.9040560375180913,0.8,0.0,9.533389556045602,34.798100162838494,0,20,26500,13.217388696128161,,,
monitor_only,1326,0.9298245614035088,1.9061726317349426,0.8,0.0,11.435714935924656,36.700425542717554,0,20,26520,14.288974457634602,,,
monitor_only,1327,0.9298245614035088,1.9083259464806546,0.8,0.0,7.8434713273058305,33.108181934098724,0,20,26540,7.521659600888818,,,
monitor_only,1328,0.9298245614035088,1.9106534381602345,0.8,0.0,9.206230127059978,34.47094073385287,0,20,26560,14.190811704884592,,,
monitor_only,1329,0.9298245614035088,1.9125325631881072,0.8,0.0,9.873938455267915,35.13864906206081,0,20,26580,13.253049283399134,,,
monitor_only,1330,0.9298245614035088,1.9147961567563294,0.8,0.0,7.877696705323464,33.14240731211636,0,20,26600,13.937608414033201,,,
monitor_only,1331,0.9298245614035088,1.9169300129230378,0.8,0.0,7.882223892460161,33.14693449925306,0,20,26620,13.982862232175297,,,
monitor_only,1332,0.9298245614035088,1.9190705424720969,0.8,0.0,3.864162869250549,29.128873476043445,0,20,26640,6.970207812298126,,,
monitor_only,1333,0.9298245614035088,1.9210652226801155,0.8,0.0,9.564719563232984,34.82943017002588,0,20,26660,13.538846896162292,,,
monitor_only,1334,0.9298245614035088,1.9231993258702318,0.8,0.0,9.89476202430751,35.15947263110041,0,20,26680,13.967576203957266,,,
monitor_only,1335,0.9298245614035088,1.9253919532758796,0.8,0.0,9.572164604291327,34.83687521108422,0,20,26700,14.222750428021076,,,
monitor_only,1336,0.9298245614035088,1.927490232984271,0.8,0.0,5.433013005814095,30.697723612606993,0,20,26720,6.160868940676068,,,
monitor_only,1337,0.9298245614035088,1.9295822914719578,0.8,0.0,7.579976310769325,32.84468691756222,0,20,26740,7.429858045961254,,,
monitor_only,1338,0.9298245614035088,1.9315651192156833,0.8,0.0,7.5840325212614825,32.84874312805438,0,20,26760,7.313290331852901,,,
monitor_only,1339,0.9298245614035088,1.933492441183774,0.8,0.0,9.892289777513195,35.15700038430609,0,20,26780,13.185352427317387,,,
monitor_only,1340,0.9298245614035088,1.9356064340043202,0.8,0.0,7.820193169521114,33.08490377631401,0,20,26800,14.073468884220155,,,
monitor_only,1341,0.9298245614035088,1.9377104779002396,0.8,0.0,11.6145321261403,36.87924273293319,0,20,26820,13.678256977172815,,,
monitor_only,1342,0.9298245614035088,1.9398036143873536,0.8,0.0,9.92208973780862,35.186800344601515,0,20,26840,13.606657632531293,,,
monitor_only,1343,0.9298245614035088,1.9415790382913245,0.8,0.0,5.932238807721812,31.19694941451471,0,20,26860,6.779646951112659,,,
monitor_only,1344,0.9298245614035088,1.9437037566723399,0.8,0.0,5.911419689087249,31.176130295880146,0,20,26880,6.945629235087265,,,
monitor_only,1345,0.9298245614035088,1.9456689832224587,0.8,0.0,10.914231280637903,36.178941887430796,0,20,26900,13.34797508878493,,,
monitor_only,1346,0.9298245614035088,1.947839227936378,0.8,0.0,3.918840626981819,29.183551233774715,0,20,26920,6.837510086664003,,,
monitor_only,1347,0.9298245614035088,1.9498894291170512,0.8,0.0,5.923098420398674,31.18780902719157,0,20,26940,12.918808395603321,,,
monitor_only,1348,0.9298245614035088,1.9519598327982128,0.8,0.0,11.64033677377688,36.905047380569776,0,20,26960,13.772787225156748,,,
monitor_only,1349,0.9298245614035088,1.9539992201427803,0.8,0.0,7.861040984237206,33.1257515910301,0,20,26980,7.785286886353149,,,
monitor_only,1350,0.9298245614035088,1.9562131275817787,0.8,0.0,11.865458290426812,37.130168897219704,0,20,27000,14.598166347437484,,,
monitor_only,1351,0.9298245614035088,1.958396444350522,0.8,0.0,5.285475056216455,30.55018566300935,0,20,27020,5.835740822153327,,,
monitor_only,1352,0.9298245614035088,1.9603868368358126,0.8,0.0,11.759864159002973,37.02457476579587,0,20,27040,13.231494258247846,,,
monitor_only,1353,0.9298245614035088,1.96220610727019,0.8,0.0,9.870823005942764,35.13553361273566,0,20,27060,13.337683869198573,,,
monitor_only,1354,0.9298245614035088,1.9639553594258656,0.8,0.0,7.88182169873456,33.14653230552746,0,20,27080,7.283357935352191,,,
monitor_only,1355,0.9298245614035088,1.9659098952915837,0.8,0.0,5.782457094740797,31.047167701533695,0,20,27100,5.774470238283984,,,
monitor_only,1356,0.9298245614035088,1.9678224533516608,0.8,0.0,3.785793143188509,29.050503749981406,0,20,27120,6.18199382525709,,,
monitor_only,1357,0.9298245614035088,1.9697793941540531,0.8,0.0,7.988276485650658,33.252987092443554,0,20,27140,7.150049906688244,,,
monitor_only,1358,0.9298245614035088,1.971888851082315,0.8,0.0,9.966535041863457,35.231245648656355,0,20,27160,14.210793267672583,,,
monitor_only,1359,0.9298245614035088,1.9737886751761555,0.8,0.0,3.31155800906231,28.576268615855206,0,20,27180,6.145407411414714,,,
monitor_only,1360,0.9298245614035088,1.9756596450900366,0.8,0.0,11.801026269423954,37.065736876216846,0,20,27200,13.451034488292121,,,
monitor_only,1361,0.9298245614035088,1.9778318148232426,0.8,0.0,3.9011235958829125,29.165834202675807,0,20,27220,3.3164768288504076,,,
monitor_only,1362,0.9298245614035088,1.9799756202479284,0.8,0.0,9.79718260434538,35.061893211138276,0,20,27240,12.364142895161509,,,
monitor_only,1363,0.9298245614035088,1.9819648984112372,0.8,0.0,3.9157933649672336,29.180503971760128,0,20,27260,5.992470352568259,,,
monitor_only,1364,0.9298245614035088,1.9836200791391574,0.8,0.0,7.989958426557375,33.25466903335027,0,20,27280,13.432567088127838,,,
monitor_only,1365,0.9298245614035088,1.985484468414742,0.8,0.0,9.99376441504334,35.25847502183623,0,20,27300,13.902360469415221,,,
monitor_only,1366,0.9298245614035088,1.9875704870888924,0.8,0.0,6.016822927052014,31.28153353384491,0,20,27320,7.718471391623663,,,
monitor_only,1367,0.9298245614035088,1.9896537645671095,0.8,0.0,9.71055363799034,34.97526424478323,0,20,27340,11.452547909892333,,,
monitor_only,1368,0.9298245614035088,1.9916445970607939,0.8,0.0,7.935599826452062,33.20031043324496,0,20,27360,7.479787764221016,,,
monitor_only,1369,0.9298245614035088,1.9935663143671924,0.8,0.0,7.330284952056445,32.59499555884934,0,20,27380,7.005732266602986,,,
monitor_only,1370,0.9298245614035088,1.9956422428562088,0.8,0.0,6.032652352651364,31.29736295944426,0,20,27400,7.349838618218951,,,
monitor_only,1371,0.9298245614035088,1.9976251548752122,0.8,0.0,3.7257180719010803,28.990428678693977,0,20,27420,5.829970478786578,,,
monitor_only,1372,0.9298245614035088,1.9995801115536354,0.8,0.0,6.040550892593805,31.305261499386702,0,20,27440,7.482777907869081,,,
monitor_only,1373,0.9298245614035088,2.0014682545754754,0.8,0.0,10.026274428601408,35.2909850353943,0,20,27460,13.109365638224165,,,
monitor_only,1374,0.9298245614035088,2.0032586091823017,0.8,0.0,8.02864961913997,33.293360225932865,0,20,27480,12.887490189374702,,,
monitor_only,1375,0.9298245614035088,2.0052551406012604,0.8,0.0,11.962471355286652,37.22718196207955,0,20,27500,14.528026191411817,,,
monitor_only,1376,0.9298245614035088,2.007286756513677,0.8,0.0,6.063141860149699,31.327852466942595,0,20,27520,7.653805059958821,,,
monitor_only,1377,0.9298245614035088,2.00931944697743,0.8,0.0,9.916037951952983,35.180748558745876,0,20,27540,14.529393053167887,,,
monitor_only,1378,0.9298245614035088,2.011203334649589,0.8,0.0,9.857800191013364,35.12251079780626,0,20,27560,13.113848943895977,,,
monitor_only,1379,0.9298245614035088,2.0132859562415435,0.8,0.0,5.737358671367853,31.00206927816075,0,20,27580,6.282561848359916,,,
monitor_only,1380,0.9298245614035088,2.015311966414857,0.8,0.0,10.071861968577878,35.336572575370774,0,20,27600,13.941957982841878,,,
monitor_only,1381,0.9298245614035088,2.017140613452428,0.8,0.0,8.075655127652606,33.3403657344455,0,20,27620,13.147777110478193,,,
monitor_only,1382,0.9298245614035088,2.0189649084701804,0.8,0.0,10.078998383656502,35.3437089904494,0,20,27640,13.672833515319043,,,
monitor_only,1383,0.9298245614035088,2.0210805645204806,0.8,0.0,9.59923425883479,34.86394486562769,0,20,27660,14.519196491673773,,,
monitor_only,1384,0.9298245614035088,2.022942957283642,0.8,0.0,5.943087924775909,31.207798531568805,0,20,27680,7.0981994731248825,,,
monitor_only,1385,0.9298245614035088,2.0247790943190394,0.8,0.0,5.776838103286461,31.041548710079358,0,20,27700,5.854698621368082,,,
monitor_only,1386,0.9298245614035088,2.026844374916096,0.8,0.0,10.102189767585514,35.36690037437841,0,20,27720,14.835519131858643,,,
monitor_only,1387,0.9298245614035088,2.0285818489540706,0.8,0.0,8.106320328779475,33.37103093557237,0,20,27740,6.800789690769159,,,
monitor_only,1388,0.9298245614035088,2.0306278466458236,0.8,0.0,6.08364804348715,31.348358650280048,0,20,27760,7.639609121242993,,,
monitor_only,1389,0.9298245614035088,2.03248827387442,0.8,0.0,10.113887272239026,35.37859787903192,0,20,27780,13.511648627086217,,,
monitor_only,1390,0.9298245614035088,2.034373323319019,0.8,0.0,8.020182005346518,33.284892612139416,0,20,27800,7.3603917758533495,,,
monitor_only,1391,0.9298245614035088,2.036264715071912,0.8,0.0,4.016468604671672,29.28117921146457,0,20,27820,6.074337560388795,,,
monitor_only,1392,0.9298245614035088,2.037942121610275,0.8,0.0,8.097239571768569,33.361950178561464,0,20,27840,6.827920562451197,,,
monitor_only,1393,0.9298245614035088,2.039797815304417,0.8,0.0,9.787025676859002,35.0517362836519,0,20,27860,11.369847646010514,,,
monitor_only,1394,0.9298245614035088,2.041569827372502,0.8,0.0,11.678692648476197,36.94340325526909,0,20,27880,13.510915817399045,,,
monitor_only,1395,0.9298245614035088,2.0436789845519874,0.8,0.0,10.03047929824523,35.29518990503813,0,20,27900,14.482442301555624,,,
monitor_only,1396,0.9298245614035088,2.0456700414629108,0.8,0.0,9.923271479736211,35.187982086529104,0,20,27920,11.627431873710485,,,
monitor_only,1397,0.9298245614035088,2.0475100251430085,0.8,0.0,11.42205311700612,36.68676372379902,0,20,27940,14.054989001875514,,,
monitor_only,1398,0.9298245614035088,2.0492369730317392,0.8,0.0,5.822839376888093,31.08754998368099,0,20,27960,5.334802439509191,,,
monitor_only,1399,0.9298245614035088,2.0511370884818625,0.8,0.0,7.9980718859390745,33.26278249273197,0,20,27980,7.529022429398807,,,
monitor_only,1400,0.9298245614035088,2.0531867573008595,0.8,0.0,8.14611869763591,33.4108293044288,0,20,28000,13.919986743763198,,,
monitor_only,1401,0.9298245614035088,2.055010991742514,0.8,0.0,11.941179033759681,37.20588964055258,0,20,28020,13.795065712713729,,,
monitor_only,1402,0.9298245614035088,2.0568702082678847,0.8,0.0,7.836152096454802,33.1008627032477,0,20,28040,7.278653193404194,,,
monitor_only,1403,0.9298245614035088,2.0590179782191065,0.8,0.0,6.013107893325014,31.27781850011791,0,20,28060,7.586275941311507,,,
monitor_only,1404,0.9298245614035088,2.060808088715743,0.8,0.0,3.227970104389518,28.492680711182413,0,20,28080,2.480082202842235,,,
monitor_only,1405,0.9298245614035088,2.0626952835930563,0.8,0.0,8.174247756378843,33.438958363171736,0,20,28100,7.356318560135084,,,
monitor_only,1406,0.9298245614035088,2.0647254960355292,0.8,0.0,10.168123075940988,35.432833682733886,0,20,28120,14.071356948696366,,,
monitor_only,1407,0.9298245614035088,2.0666614044468625,0.8,0.0,8.153038157131505,33.4177487639244,0,20,28140,7.442174760395554,,,
monitor_only,1408,0.9298245614035088,2.068607330135224,0.8,0.0,11.726981433697574,36.99169204049047,0,20,28160,14.3751969270293,,,
monitor_only,1409,0.9298245614035088,2.0703848383695025,0.8,0.0,7.981291255479164,33.24600186227206,0,20,28180,7.674500371594396,,,
monitor_only,1410,0.9298245614035088,2.072183943895678,0.8,0.0,8.18378833905058,33.448498945843475,0,20,28200,7.165504307502427,,,
monitor_only,1411,0.9298245614035088,2.0740947612381264,0.8,0.0,4.196999466738589,29.461710073531485,0,20,28220,5.837806003548014,,,
monitor_only,1412,0.9298245614035088,2.0756325001868863,0.8,0.0,6.191511080573568,31.456221687366465,0,20,28240,6.803771900050736,,,
monitor_only,1413,0.9298245614035088,2.0775378136993616,0.8,0.0,8.175132627794332,33.43984323458723,0,20,28260,14.074114112371632,,,
monitor_only,1414,0.9298245614035088,2.079420232639663,0.8,0.0,8.207707206346035,33.47241781313893,0,20,28280,7.347636594380562,,,
monitor_only,1415,0.9298245614035088,2.0813001142093546,0.8,0.0,4.202392249261872,29.46710285605477,0,20,28300,3.0127806778377235,,,
monitor_only,1416,0.9298245614035088,2.0830686550843334,0.8,0.0,4.431178992829625,29.69588959962252,0,20,28320,6.104326151200173,,,
monitor_only,1417,0.9298245614035088,2.0848675250093063,0.8,0.0,6.062918886768406,31.327629493561304,0,20,28340,12.332239186610973,,,
monitor_only,1418,0.9298245614035088,2.0868142852243254,0.8,0.0,8.066422661179331,33.33113326797223,0,20,28360,13.916040351074274,,,
monitor_only,1419,0.9298245614035088,2.0886952395432647,0.8,0.0,13.503790090441802,38.7685006972347,0,20,28380,15.82940806876524,,,
monitor_only,1420,0.9298245614035088,2.0906228363958252,0.8,0.0,10.20006581497493,35.46477642176782,0,20,28400,14.722610399672968,,,
monitor_only,1421,0.9298245614035088,2.0926462627315887,0.8,0.0,9.667223089329582,34.93193369612248,0,20,28420,14.644273739668892,,,
monitor_only,1422,0.9298245614035088,2.0947340333533155,0.8,0.0,6.422278771014287,31.686989377807183,0,20,28440,6.9619892562709875,,,
monitor_only,1423,0.9298245614035088,2.096726732179504,0.8,0.0,3.7356968116610765,29.00040741845397,0,20,28460,4.735113970043882,,,
monitor_only,1424,0.9298245614035088,2.0987340212561714,0.8,0.0,13.91373836485703,39.17844897164993,0,20,28480,19.711345905706892,,,
monitor_only,1425,0.9298245614035088,2.100379781825696,0.8,0.0,11.917452335879565,37.18216294267246,0,20,28500,13.573472228160012,,,
monitor_only,1426,0.9298245614035088,2.102276061192269,0.8,0.0,9.583911041283576,34.848621648076474,0,20,28520,14.152605406229076,,,
monitor_only,1427,0.9298245614035088,2.104014263202716,0.8,0.0,7.686985351840955,32.95169595863385,0,20,28540,7.36539868934295,,,
monitor_only,1428,0.9298245614035088,2.1056628496518295,0.8,0.0,10.229718078185595,35.49442868497849,0,20,28560,13.66933673601003,,,
monitor_only,1429,0.9298245614035088,2.1075859512687334,0.8,0.0,7.931568901292773,33.19627950808567,0,20,28580,7.228334212242887,,,
monitor_only,1430,0.9298245614035088,2.10939984568304,0.8,0.0,7.696366959077447,32.96107756587034,0,20,28600,7.255654435417439,,,
monitor_only,1431,0.9298245614035088,2.1113379531906773,0.8,0.0,7.699577014902843,32.96428762169574,0,20,28620,9.906461354908837,,,
monitor_only,1432,0.9298245614035088,2.11305914318313,0.8,0.0,6.275307485328389,31.540018092121286,0,20,28640,6.6957314714273934,,,
monitor_only,1433,0.9298245614035088,2.1146790211757285,0.8,0.0,4.407079575692592,29.671790182485488,0,20,28660,6.100978497776378,,,
monitor_only,1434,0.9298245614035088,2.116636902029212,0.8,0.0,12.271252774254435,37.53596338104733,0,20,28680,14.838076186561711,,,
monitor_only,1435,0.9298245614035088,2.1184191962560677,0.8,0.0,8.059437885892748,33.324148492685644,0,20,28700,13.90642471473493,,,
monitor_only,1436,0.9298245614035088,2.1201395082981023,0.8,0.0,13.55753586385087,38.82224647064376,0,20,28720,16.72748517850046,,,
monitor_only,1437,0.9298245614035088,2.1219484829516766,0.8,0.0,7.938460095443437,33.203170702236335,0,20,28740,11.670781815653816,,,
monitor_only,1438,0.9298245614035088,2.1238222563094276,0.8,0.0,8.139204311971753,33.40391491876465,0,20,28760,7.386391249499002,,,
monitor_only,1439,0.9298245614035088,2.1257128811299104,0.8,0.0,9.964870511109137,35.22958111790203,0,20,28780,11.11306476582003,,,
monitor_only,1440,0.9298245614035088,2.127432369676569,0.8,0.0,6.304057341206999,31.568767947999895,0,20,28800,7.402054238042786,,,
monitor_only,1441,0.9298245614035088,2.1292964532995713,0.8,0.0,4.307496318300158,29.572206925093056,0,20,28820,3.251264856688472,,,
monitor_only,1442,0.9298245614035088,2.131034312214209,0.8,0.0,8.279887591705423,33.54459819849832,0,20,28840,7.429617886935796,,,
monitor_only,1443,0.9298245614035088,2.132771812933619,0.8,0.0,4.206384482779034,29.471095089571932,0,20,28860,2.84503253448136,,,
monitor_only,1444,0.9298245614035088,2.1345614866246656,0.8,0.0,9.981562081726452,35.24627268851935,0,20,28880,13.333318068988975,,,
monitor_only,1445,0.9298245614035088,2.136439752448484,0.8,0.0,8.291788894447716,33.55649950124061,0,20,28900,7.507477470603999,,,
monitor_only,1446,0.9298245614035088,2.1381725089935255,0.8,0.0,8.111113368418804,33.3758239752117,0,20,28920,7.159073385796495,,,
monitor_only,1447,0.9298245614035088,2.1400571919600555,0.8,0.0,14.29690591017978,39.56161651697268,0,20,28940,20.459718834015387,,,
monitor_only,1448,0.9298245614035088,2.1419153109913696,0.8,0.0,8.17337894193808,33.43808954873097,0,20,28960,7.098007848657567,,,
monitor_only,1449,0.9298245614035088,2.1436584507428558,0.8,0.0,6.324618046614509,31.589328653407406,0,20,28980,7.93281629369176,,,
monitor_only,1450,0.9298245614035088,2.145285789833128,0.8,0.0,6.308883443250579,31.573594050043475,0,20,29000,6.894331010212688,,,
monitor_only,1451,0.9298245614035088,2.1469025818201084,0.8,0.0,8.183949686340005,33.4486602931329,0,20,29020,6.587472825788868,,,
monitor_only,1452,0.9298245614035088,2.1487440659779864,0.8,0.0,9.604742289334354,34.86945289612725,0,20,29040,14.021783844137284,,,
monitor_only,1453,0.9298245614035088,2.1503924504364935,0.8,0.0,8.24421786489514,33.50892847168804,0,20,29060,7.107895911394456,,,
monitor_only,1454,0.9298245614035088,2.1523297776641517,0.8,0.0,8.322051649384624,33.58676225617752,0,20,29080,14.299899299436248,,,
monitor_only,1455,0.9298245614035088,2.1539375881676284,0.8,0.0,11.600252078240299,36.86496268503319,0,20,29100,13.14087001627077,,,
monitor_only,1456,0.9298245614035088,2.155597282326463,0.8,0.0,4.253894910607414,29.51860551740031,0,20,29120,6.256215521539622,,,
monitor_only,1457,0.9298245614035088,2.15720383491423,0.8,0.0,8.147237621499244,33.41194822829214,0,20,29140,7.029601757981032,,,
monitor_only,1458,0.9298245614035088,2.1587619015457724,0.8,0.0,9.608473579133943,34.87318418592684,0,20,29160,13.813347661452832,,,
monitor_only,1459,0.9298245614035088,2.160567825081773,0.8,0.0,10.263685283270359,35.52839589006325,0,20,29180,12.490899981693847,,,
monitor_only,1460,0.9298245614035088,2.1624777601911243,0.8,0.0,6.034206677384191,31.298917284177087,0,20,29200,5.495884479498011,,,
monitor_only,1461,0.9298245614035088,2.1643966118781046,0.8,0.0,6.365137705196275,31.62984831198917,0,20,29220,8.145282732312399,,,
monitor_only,1462,0.9298245614035088,2.16616308932746,0.8,0.0,8.041023961768209,33.30573456856111,0,20,29240,11.659762722250825,,,
monitor_only,1463,0.9298245614035088,2.167858905709985,0.8,0.0,7.797660023674856,33.062370630467754,0,20,29260,6.995893222584485,,,
monitor_only,1464,0.9298245614035088,2.16942259628855,0.8,0.0,10.047725574324508,35.312436181117405,0,20,29280,12.977749480820764,,,
monitor_only,1465,0.9298245614035088,2.1710895619278263,0.8,0.0,4.360353387670936,29.625063994463833,0,20,29300,6.278912095112255,,,
monitor_only,1466,0.9298245614035088,2.173018409101206,0.8,0.0,5.631829851388375,30.89654045818127,0,20,29320,4.128033213040761,,,
monitor_only,1467,0.9298245614035088,2.17477607674899,0.8,0.0,8.365838395954295,33.63054900274719,0,20,29340,7.451819442571501,,,
monitor_only,1468,0.9298245614035088,2.1765483755521027,0.8,0.0,3.0724366983448212,28.337147305137716,0,20,29360,2.7248973758198947,,,
monitor_only,1469,0.9298245614035088,2.1780530481177545,0.8,0.0,8.392498654544625,33.65720926133752,0,20,29380,13.329972862192099,,,
monitor_only,1470,0.9298245614035088,2.179817824415471,0.8,0.0,12.29733468266962,37.56204528946252,0,20,29400,29.780497165660904,,,
monitor_only,1471,0.9298245614035088,2.1813795867009125,0.8,0.0,14.380737952746662,39.64544855953956,0,20,29420,30.87651883756269,,,
monitor_only,1472,0.9298245614035088,2.183154314167334,0.8,0.0,6.4020457857441215,31.666756392537017,0,20,29440,6.932538374448304,,,
monitor_only,1473,0.9298245614035088,2.1847808816257652,0.8,0.0,8.076806745125396,33.34151735191829,0,20,29460,7.649416638515827,,,
monitor_only,1474,0.9298245614035088,2.1864107611121772,0.8,0.0,6.310799982364112,31.57551058915701,0,20,29480,6.401108513942922,,,
monitor_only,1475,0.9298245614035088,2.1881369473280508,0.8,0.0,8.394172517930278,33.658883124723175,0,20,29500,14.684289450732779,,,
monitor_only,1476,0.9298245614035088,2.1896600894025644,0.8,0.0,10.317626152706605,35.5823367594995,0,20,29520,13.122868521228279,,,
monitor_only,1477,0.9298245614035088,2.191196387314883,0.8,0.0,12.270781135141913,37.535491741934806,0,20,29540,13.626376581811586,,,
monitor_only,1478,0.9298245614035088,2.192759513066486,0.8,0.0,6.4350243535769405,31.699734960369838,0,20,29560,6.682778663300198,,,
monitor_only,1479,0.9298245614035088,2.1945830897039436,0.8,0.0,10.40681283706931,35.671523443862206,0,20,29580,13.93387795831007,,,
monitor_only,1480,0.9298245614035088,2.1965149072457795,0.8,0.0,6.2083368896859765,31.473047496478873,0,20,29600,5.6323285197008195,,,
monitor_only,1481,0.9298245614035088,2.19799268923624,0.8,0.0,10.337135755011484,35.60184636180438,0,20,29620,13.159349554803397,,,
monitor_only,1482,0.9298245614035088,2.1996157998924,0.8,0.0,10.286818209954163,35.55152881674706,0,20,29640,14.11235643354276,,,
monitor_only,1483,0.9298245614035088,2.2011943551031354,0.8,0.0,4.343677688701746,29.608388295494642,0,20,29660,6.455653013932225,,,
monitor_only,1484,0.9298245614035088,2.2030205590947656,0.8,0.0,4.293434861656351,29.558145468449247,0,20,29680,3.2481257238154244,,,
monitor_only,1485,0.9298245614035088,2.205008774512729,0.8,0.0,4.296890042483028,29.561600649275924,0,20,29700,3.3834883030271867,,,
monitor_only,1486,0.9298245614035088,2.2070092579646223,0.8,0.0,8.462649127972858,33.727359734765756,0,20,29720,8.320238921744773,,,
monitor_only,1487,0.9298245614035088,2.208702343117812,0.8,0.0,7.303047008836833,32.56775761562973,0,20,29740,7.189604680740352,,,
monitor_only,1488,0.9298245614035088,2.2104779755898836,0.8,0.0,7.871951989812564,33.13666259660546,0,20,29760,7.550872450654461,,,
monitor_only,1489,0.9298245614035088,2.2121279755234564,0.8,0.0,6.975272787604278,32.23998339439717,0,20,29780,7.979168189761483,,,
monitor_only,1490,0.9298245614035088,2.213833281166762,0.8,0.0,8.476887529994126,33.74159813678702,0,20,29800,14.232458020915052,,,
monitor_only,1491,0.9298245614035088,2.2154541914636,0.8,0.0,10.448092434201424,35.71280304099432,0,20,29820,13.870538568138464,,,
monitor_only,1492,0.9298245614035088,2.2169224331332478,0.8,0.0,4.3709726584730415,29.63568326526594,0,20,29840,6.190189285181747,,,
monitor_only,1493,0.9298245614035088,2.2184203096991624,0.8,0.0,9.709342438380494,34.97405304517339,0,20,29860,13.599156340077183,,,
monitor_only,1494,0.9298245614035088,2.220116942825503,0.8,0.0,6.267444362736114,31.53215496952901,0,20,29880,8.156457197839416,,,
monitor_only,1495,0.9298245614035088,2.2216642004010776,0.8,0.0,11.715100585099284,36.97981119189218,0,20,29900,14.123757471650675,,,
monitor_only,1496,0.9298245614035088,2.223330905746291,0.8,0.0,8.464063645014903,33.7287742518078,0,20,29920,13.73039439155828,,,
monitor_only,1497,0.9298245614035088,2.225069014617344,0.8,0.0,8.466871476556815,33.73158208334971,0,20,29940,7.598637690146901,,,
monitor_only,1498,0.9298245614035088,2.2269140984012754,0.8,0.0,8.489565142188743,33.75427574898164,0,20,29960,14.502066241248711,,,
monitor_only,1499,0.9298245614035088,2.228253640733832,0.8,0.0,11.904180178940654,37.16889078573355,0,20,29980,13.075414455044614,,,
monitor_only,1500,0.9298245614035088,2.2298361676191147,0.8,0.0,7.728937414392098,32.993648021184995,0,20,30000,7.421515373856241,,,
