schedule,t,reward,gap,beta_true,beta_hat,cert,cert_hp,n_cal,n_mon,cum_aud,xi_sq,exp3_arm,exp3_p,exp3_loss
monitor_only,1,0.9294217800596517,0.02684152140908047,0.0,0.0,6.126440075499175,31.39115068229207,0,20,20,8.982390132950108,,,
monitor_only,2,0.9294303270102897,0.026796056460200446,0.0,0.0,4.200005383077904,29.4647159898708,0,20,40,4.452731920140013,,,
monitor_only,3,0.9294549413735971,0.026810965731542957,0.0,0.0,4.2052191940322725,29.46992980082517,0,20,60,4.097830595913172,,,
monitor_only,4,0.9296821715076719,0.026532915281657576,0.0,0.0,6.032679025540223,31.297389632333118,0,20,80,9.920084352608269,,,
monitor_only,5,0.9298951401425006,0.026268778790609515,0.0,0.0,4.09391641813334,29.358627024926236,0,20,100,4.141780558534784,,,
monitor_only,6,0.9299325477249548,0.026310863771560444,0.0,0.0,2.355861212101484,27.62057181889438,0,20,120,1.1871190552632114,,,
monitor_only,7,0.9300882080408551,0.025992746875566408,0.0,0.0,4.01313730944469,29.277847916237587,0,20,140,4.68979876568717,,,
monitor_only,8,0.9300420983150713,0.026053660387944322,0.0,0.0,4.021939668532621,29.286650275325517,0,20,160,4.389878611107093,,,
monitor_only,9,0.9301702198160186,0.025878559470885687,0.0,0.0,4.104178845337215,29.368889452130112,0,20,180,4.044080135912668,,,
monitor_only,10,0.9302462306790368,0.02585823636390039,0.0,0.0,4.2389440748623075,29.503654681655203,0,20,200,4.772455688844366,,,
monitor_only,11,0.9302136388411822,0.025912458741818356,0.0,0.0,6.161119140099308,31.425829746892205,0,20,220,8.680915763254719,,,
monitor_only,12,0.9304917735248215,0.025507519467717565,0.0,0.0,2.2646922656870214,27.529402872479917,0,20,240,1.3296043705544136,,,
monitor_only,13,0.9306279949063587,0.02531331717184282,0.0,0.0,6.300199111077249,31.564909717870144,0,20,260,9.855786414471087,,,
monitor_only,14,0.9306519043963872,0.02534017034649061,0.0,0.0,2.526280455591127,27.790991062384023,0,20,280,1.209799500001423,,,
monitor_only,15,0.9307697600118191,0.02509905341336094,0.0,0.0,4.124114705099522,29.38882531189242,0,20,300,4.536487732737743,,,
monitor_only,16,0.9308716487458909,0.024818217542409426,0.0,0.0,4.164018444821099,29.428729051613995,0,20,320,4.4792673378386825,,,
monitor_only,17,0.9310187501605347,0.02459990872934803,0.0,0.0,6.150965611001944,31.41567621779484,0,20,340,10.135142748085764,,,
monitor_only,18,0.9311655711186906,0.02434189099015205,0.0,0.0,2.205853374598517,27.470563981391415,0,20,360,1.3910049288664754,,,
monitor_only,19,0.9311795292567657,0.024369840321642577,0.0,0.0,2.3167502593062053,27.5814608660991,0,20,380,1.3387634145177452,,,
monitor_only,20,0.9312061955293142,0.024251683975126892,0.0,0.0,4.4452245564320405,29.709935163224937,0,20,400,4.564912929798179,,,
monitor_only,21,0.9312368246674014,0.024277181482956878,0.0,0.0,4.239483446145866,29.50419405293876,0,20,420,4.569694351259889,,,
monitor_only,22,0.9313982858769907,0.02406357189940289,0.0,0.0,6.1647967866606805,31.429507393453576,0,20,440,9.170998675421695,,,
monitor_only,23,0.9315906092786873,0.02391196133276874,0.0,0.0,4.267544517989819,29.532255124782715,0,20,460,4.089500747053129,,,
monitor_only,24,0.9316424208515849,0.02392971904827723,0.0,0.0,6.007823349876176,31.272533956669072,0,20,480,9.404956367183543,,,
monitor_only,25,0.931775761332949,0.023607657007324256,0.0,0.0,2.1822133610402688,27.446923967833165,0,20,500,1.434848611963739,,,
monitor_only,26,0.9318483276215723,0.02350592599968515,0.0,0.0,2.215324218154392,27.48003482494729,0,20,520,1.3478828674116436,,,
monitor_only,27,0.9320307774059925,0.023343702862301252,0.0,0.0,2.2193142127525247,27.48402481954542,0,20,540,1.4042231199709205,,,
monitor_only,28,0.9321838257729059,0.023064974621126444,0.0,0.0,4.377316313594764,29.64202692038766,0,20,560,4.340600175695429,,,
monitor_only,29,0.9322603297034964,0.023024191475875533,0.0,0.0,3.856753649933673,29.12146425672657,0,20,580,4.118935522038336,,,
monitor_only,30,0.9322530379880869,0.02295765385891857,0.0,0.0,6.2888815429243605,31.553592149717257,0,20,600,10.005604723177887,,,
monitor_only,31,0.93232237766983,0.02282472967067284,0.0,0.0,4.015219420792958,29.279930027585856,0,20,620,4.163570474080919,,,
monitor_only,32,0.9322850316662962,0.0229828182350843,0.0,0.0,6.066481593190402,31.3311921999833,0,20,640,10.077997184289845,,,
monitor_only,33,0.9322704220345066,0.022939422096738604,0.0,0.0,4.0954267699331535,29.36013737672605,0,20,660,4.2807013199412065,,,
monitor_only,34,0.9323769617045101,0.022838386961908985,0.0,0.0,4.238876509475456,29.503587116268353,0,20,680,3.897936869860655,,,
monitor_only,35,0.9324921131108674,0.022785981762801222,0.0,0.0,6.414673046534221,31.67938365332712,0,20,700,9.24219432954874,,,
monitor_only,36,0.9325337573760573,0.022689570322220298,0.0,0.0,4.261942305094624,29.52665291188752,0,20,720,4.112688637945399,,,
monitor_only,37,0.93258006098897,0.022582906008222214,0.0,0.0,6.138378593429969,31.403089200222865,0,20,740,9.542762829785195,,,
monitor_only,38,0.9326436098319877,0.02254567307284272,0.0,0.0,8.239497158657263,33.50420776545016,0,20,760,16.645247787986385,,,
monitor_only,39,0.9327027177250137,0.022595087019426252,0.0,0.0,2.3328585729477833,27.59756917974068,0,20,780,1.4228648575216536,,,
monitor_only,40,0.9327624850331335,0.022320503674539638,0.0,0.0,8.324539257138015,33.58924986393091,0,20,800,16.309280205824425,,,
monitor_only,41,0.9329006981723217,0.02216741607504802,0.0,0.0,5.93678300871968,31.201493615512575,0,20,820,9.177204021044542,,,
monitor_only,42,0.9329189264052773,0.022146868678461606,0.0,0.0,6.215541656510613,31.48025226330351,0,20,840,9.029981621458813,,,
monitor_only,43,0.933002264999132,0.0220247235652008,0.0,0.0,3.9534510230506785,29.218161629843575,0,20,860,4.047423032737567,,,
monitor_only,44,0.9332148005799443,0.02166278398318544,0.0,0.0,8.440482442706763,33.705193049499655,0,20,880,17.271235738519078,,,
monitor_only,45,0.9332528789336173,0.021703855844054543,0.0,0.0,6.284983351514023,31.549693958306918,0,20,900,9.319133902068776,,,
monitor_only,46,0.9333244885270613,0.021817141009598306,0.0,0.0,2.4780306787427326,27.74274128553563,0,20,920,1.1978517964883346,,,
monitor_only,47,0.9332907000396383,0.021919609081863856,0.0,0.0,2.2022290351586404,27.466939641951537,0,20,940,1.2767874058659452,,,
monitor_only,48,0.9334066189354098,0.021825438342208292,0.0,0.0,4.060480313107413,29.325190919900308,0,20,960,4.683613531090316,,,
monitor_only,49,0.9334872980633986,0.021820699186547388,0.0,0.0,5.91132926050524,31.176039867298137,0,20,980,9.332074905074306,,,
monitor_only,50,0.9336284938156997,0.021583281563922196,0.0,0.0,4.124715497048241,29.38942610384114,0,20,1000,4.364760124381219,,,
monitor_only,51,0.933583813940627,0.02159084116150478,0.0,0.0,4.196750480211144,29.46146108700404,0,20,1020,4.17734386122238,,,
monitor_only,52,0.9337672918853858,0.021408052431118096,0.0,0.0,2.357861022171062,27.622571628963957,0,20,1040,1.3779216977750481,,,
monitor_only,53,0.9339368719061444,0.02135752989490436,0.0,0.0,3.893800249672523,29.15851085646542,0,20,1060,3.634316511047767,,,
monitor_only,54,0.9340248781022411,0.02126742108701607,0.0,0.0,4.2368732799971385,29.501583886790034,0,20,1080,4.432510789261609,,,
monitor_only,55,0.9339760063379078,0.021274664304639423,0.0,0.0,2.437867826759983,27.70257843355288,0,20,1100,1.2900846178109664,,,
monitor_only,56,0.9341400715119698,0.021158134945010065,0.0,0.0,4.1379471399506125,29.402657746743508,0,20,1120,4.285220168066659,,,
monitor_only,57,0.9341832678303094,0.021059939361537494,0.0,0.0,4.4359036090079575,29.700614215800854,0,20,1140,4.3206907618929575,,,
monitor_only,58,0.9342069548651513,0.021074728218647643,0.0,0.0,5.78848639410628,31.053197000899175,0,20,1160,9.533285597731469,,,
monitor_only,59,0.9342189727264129,0.020981893011513653,0.0,0.0,3.8919767363443083,29.156687343137204,0,20,1180,4.428450513333584,,,
monitor_only,60,0.9343357368783762,0.020798300661874825,0.0,0.0,2.2223651724223807,27.487075779215278,0,20,1200,1.2016847318326787,,,
monitor_only,61,0.9343348358460325,0.02073746834536716,0.0,0.0,4.204785355492854,29.469495962285748,0,20,1220,4.055751063996468,,,
monitor_only,62,0.9342944573183868,0.020853693300307508,0.0,0.0,4.193883711266696,29.458594318059593,0,20,1240,4.453123078252315,,,
monitor_only,63,0.9344205391397146,0.020729121592635402,0.0,0.0,3.8906399148629935,29.15535052165589,0,20,1260,4.5287793012724755,,,
monitor_only,64,0.934640339937731,0.020375738493523032,0.0,0.0,6.239280391425945,31.50399099821884,0,20,1280,9.75431033884675,,,
monitor_only,65,0.9347848335794892,0.020149745317698864,0.0,0.0,4.227555110368583,29.49226571716148,0,20,1300,4.172400346074258,,,
monitor_only,66,0.9347795033980539,0.020276581929930093,0.0,0.0,4.264779726823411,29.52949033361631,0,20,1320,4.329478581206847,,,
monitor_only,67,0.9348032890832727,0.02038481387460933,0.0,0.0,3.8954976342662553,29.160208241059152,0,20,1340,4.544758511064838,,,
monitor_only,68,0.9347910777487316,0.020305114698195736,0.0,0.0,4.11993153713309,29.384642143925987,0,20,1360,4.339839901415114,,,
monitor_only,69,0.9348737664378968,0.02017809127460579,0.0,0.0,4.203934713228167,29.46864532002106,0,20,1380,4.3118752192906795,,,
monitor_only,70,0.9349892838680182,0.020080654414757704,0.0,0.0,4.529036430881317,29.793747037674212,0,20,1400,4.419561775904265,,,
monitor_only,71,0.9350549832990797,0.019995658272655703,0.0,0.0,2.5470343950649426,27.811745001857837,0,20,1420,1.157400328414035,,,
monitor_only,72,0.9350776343412032,0.020020439981497717,0.0,0.0,4.309334424898267,29.574045031691163,0,20,1440,4.28336044892859,,,
monitor_only,73,0.9351604343721953,0.01989722377561509,0.0,0.0,4.059990413274142,29.32470102006704,0,20,1460,4.304172734605512,,,
monitor_only,74,0.9352323633445491,0.019778912427036666,0.0,0.0,2.244212413253376,27.50892302004627,0,20,1480,1.318251654272934,,,
monitor_only,75,0.9353513103902439,0.019763435870750135,0.0,0.0,4.357836038008891,29.622546644801787,0,20,1500,4.561299107734537,,,
monitor_only,76,0.935467785445914,0.01957017232174174,0.0,0.0,4.091251985538765,29.35596259233166,0,20,1520,4.270569684094057,,,
monitor_only,77,0.9355640379338688,0.019332501282829595,0.0,0.0,4.019884999919838,29.284595606712735,0,20,1540,4.537890647789785,,,
monitor_only,78,0.9357402402629089,0.019095990321497114,0.0,0.0,2.3829927322282924,27.647703339021188,0,20,1560,1.243180394554183,,,
monitor_only,79,0.9357828040831045,0.01925338004601851,0.0,0.0,4.357395291905148,29.622105898698045,0,20,1580,4.582650849484203,,,
monitor_only,80,0.9358755790501738,0.01912926148162719,0.0,0.0,3.797337512915644,29.06204811970854,0,20,1600,4.220457326012114,,,
monitor_only,81,0.936076100861529,0.01898503000441565,0.0,0.0,4.257042615854852,29.521753222647746,0,20,1620,4.464507313517817,,,
monitor_only,82,0.9361739746109571,0.018970707682770982,0.0,0.0,4.1516379182940355,29.41634852508693,0,20,1640,3.8739284803675726,,,
monitor_only,83,0.9363067967680125,0.018916249514165928,0.0,0.0,2.2396738517770354,27.50438445856993,0,20,1660,1.3901564767147976,,,
monitor_only,84,0.9363716168946055,0.018670058822239155,0.0,0.0,4.470217369892319,29.734927976685213,0,20,1680,4.768815602961454,,,
monitor_only,85,0.9365171755700956,0.01861695071144731,0.0,0.0,6.0696971090842595,31.334407715877155,0,20,1700,9.459617413557645,,,
monitor_only,86,0.9366012452204325,0.01843756783655648,0.0,0.0,4.3174453054156015,29.5821559122085,0,20,1720,4.114202891365789,,,
monitor_only,87,0.9367211890829688,0.0183006150853523,0.0,0.0,4.055409104806367,29.32011971159926,0,20,1740,4.0036624918435715,,,
monitor_only,88,0.9367826553370225,0.018244487989588776,0.0,0.0,6.046534040876333,31.311244647669227,0,20,1760,9.690594034467532,,,
monitor_only,89,0.9368542705477024,0.018074094303451527,0.0,0.0,4.230759307272441,29.49546991406534,0,20,1780,4.536878110507231,,,
monitor_only,90,0.9369315606936344,0.017946449200369585,0.0,0.0,5.865133679901541,31.129844286694436,0,20,1800,9.038713930494929,,,
monitor_only,91,0.936990730583938,0.017926941026942478,0.0,0.0,2.271481936615635,27.536192543408532,0,20,1820,1.2509710979092474,,,
monitor_only,92,0.9370511190935504,0.0179430955590687,0.0,0.0,4.06309498335777,29.327805590150668,0,20,1840,3.98626765805724,,,
monitor_only,93,0.9371489464382006,0.017872425052947172,0.0,0.0,4.402641207357313,29.66735181415021,0,20,1860,4.300296820104565,,,
monitor_only,94,0.9373187265250528,0.01775892930007794,0.0,0.0,2.5760231738724753,27.84073378066537,0,20,1880,1.3577549722482163,,,
monitor_only,95,0.937393647056415,0.0177100817240472,0.0,0.0,3.7455385422987506,29.010249149091646,0,20,1900,4.487786372288827,,,
monitor_only,96,0.9375068077819354,0.017463397802633063,0.0,0.0,3.7627121597418305,29.027422766534727,0,20,1920,4.375718640407048,,,
monitor_only,97,0.9376123235046625,0.01744772301258557,0.0,0.0,6.280200021829669,31.544910628622567,0,20,1940,9.098566645321203,,,
monitor_only,98,0.937674729373079,0.01738512596467634,0.0,0.0,6.0594008649897475,31.324111471782643,0,20,1960,9.395956487167547,,,
monitor_only,99,0.9377125232660308,0.017471904994065146,0.0,0.0,3.802472550764736,29.067183157557633,0,20,1980,4.347505863144718,,,
monitor_only,100,0.9377473223662554,0.017360582504340805,0.0,0.0,3.9403937390153163,29.205104345808213,0,20,2000,4.230214339666347,,,
monitor_only,101,0.9379593561135027,0.01707267311250782,0.0,0.0,4.011504185202671,29.276214791995567,0,20,2020,3.5497740685654082,,,
monitor_only,102,0.9380891925914755,0.01688766658674723,0.0,0.0,3.716130441724673,28.98084104851757,0,20,2040,3.9026805503180086,,,
monitor_only,103,0.9381202605879645,0.016912093151516094,0.0,0.0,6.016878641021414,31.28158924781431,0,20,2060,9.966368327938246,,,
monitor_only,104,0.9381627891809681,0.01709700787047963,0.0,0.0,4.067602527667608,29.332313134460506,0,20,2080,4.909834687523744,,,
monitor_only,105,0.938299339542142,0.016868458141900078,0.0,0.0,2.187315492062112,27.452026098855008,0,20,2100,1.1550856312725664,,,
monitor_only,106,0.938381752110506,0.016895550445247154,0.0,0.0,3.66165361354838,28.926364220341277,0,20,2120,4.570196089980417,,,
monitor_only,107,0.938549210732996,0.0166281943320421,0.0,0.0,4.245780386471898,29.510490993264796,0,20,2140,5.014305122296269,,,
monitor_only,108,0.9385722099026086,0.016588493163176454,0.0,0.0,4.156697136690659,29.421407743483556,0,20,2160,4.302685173481024,,,
monitor_only,109,0.9387264393430368,0.01627088241145891,0.0,0.0,3.996513744974264,29.26122435176716,0,20,2180,4.598413678683858,,,
monitor_only,110,0.9387932418396614,0.01617378098376343,0.0,0.0,3.837907310878004,29.1026179176709,0,20,2200,4.212273493476541,,,
monitor_only,111,0.9387752273365951,0.016365938793304613,0.0,0.0,11.522062548092983,36.78677315488588,0,20,2220,36.43064132145048,,,
monitor_only,112,0.9388162498518328,0.01628705628587246,0.0,0.0,3.78662862503133,29.051339231824226,0,20,2240,4.174386807291219,,,
monitor_only,113,0.9387941101817392,0.01634353403918709,0.0,0.0,4.06098106722749,29.325691674020387,0,20,2260,4.17174923253596,,,
monitor_only,114,0.9389230558229696,0.01617754792133519,0.0,0.0,5.697396194350469,30.962106801143364,0,20,2280,9.240173841330908,,,
monitor_only,115,0.938920787569266,0.016098799085080717,0.0,0.0,4.3045667754144805,29.569277382207375,0,20,2300,4.145227423344711,,,
monitor_only,116,0.9390376437514508,0.015944613946807906,0.0,0.0,2.462633593453653,27.72734420024655,0,20,2320,1.3827571858704875,,,
monitor_only,117,0.9391851023628138,0.015740038648880295,0.0,0.0,5.592513551326229,30.857224158119124,0,20,2340,8.724551819203919,,,
monitor_only,118,0.9392542200885671,0.015526319023344892,0.0,0.0,6.650783692771752,31.91549429956465,0,20,2360,9.416608540369667,,,
monitor_only,119,0.9391948539537418,0.01559409624829089,0.0,0.0,2.2684859536722017,27.533196560465097,0,20,2380,1.2723024607038593,,,
monitor_only,120,0.9392929887378378,0.015541798354479774,0.0,0.0,3.8893787085065097,29.154089315299405,0,20,2400,3.9968306533339404,,,
monitor_only,121,0.9392724073969901,0.015709857997845966,0.0,0.0,3.953200301431097,29.217910908223992,0,20,2420,4.297615902964486,,,
monitor_only,122,0.9393621801459044,0.015620439516938478,0.0,0.0,3.692632659398516,28.957343266191412,0,20,2440,4.152129968685814,,,
monitor_only,123,0.9393169918376248,0.015683650605786026,0.0,0.0,2.2523640395289717,27.517074646321866,0,20,2460,1.2441360135715254,,,
monitor_only,124,0.9394546596264229,0.015374376832983372,0.0,0.0,4.098802313065497,29.363512919858394,0,20,2480,4.677201749218551,,,
monitor_only,125,0.939528179101939,0.015238085855753702,0.0,0.0,2.286949106751649,27.551659713544545,0,20,2500,1.151493973312184,,,
monitor_only,126,0.9395316819755224,0.01521358352121005,0.0,0.0,6.282740098110712,31.547450704903607,0,20,2520,9.921801416361937,,,
monitor_only,127,0.9396247721754583,0.01514669898189025,0.0,0.0,4.098636051602485,29.36334665839538,0,20,2540,4.367234204829251,,,
monitor_only,128,0.9396867104987653,0.014993951784356918,0.0,0.0,4.048438125236496,29.31314873202939,0,20,2560,4.520984963012055,,,
monitor_only,129,0.939682431268039,0.014889342717000154,0.0,0.0,2.2658449506645986,27.530555557457493,0,20,2580,1.2675531182634643,,,
monitor_only,130,0.9396964842701064,0.014939693308063662,0.0,0.0,5.878574868067289,31.143285474860186,0,20,2600,9.125489401596717,,,
monitor_only,131,0.9396918103020394,0.015057016266328938,0.0,0.0,4.293919613758976,29.558630220551873,0,20,2620,4.492817997497518,,,
monitor_only,132,0.9396118451610335,0.01532749271990319,0.0,0.0,4.580873100170931,29.845583706963826,0,20,2640,4.321861418497652,,,
monitor_only,133,0.9397825734264698,0.015090026849881255,0.0,0.0,6.433722764231275,31.698433371024173,0,20,2660,9.870851714766038,,,
monitor_only,134,0.9397326231988037,0.015168193999661073,0.0,0.0,3.6132413850657175,28.877951991858613,0,20,2680,4.364935914154493,,,
monitor_only,135,0.9397366120740736,0.015320576390706497,0.0,0.0,3.9234372750822635,29.18814788187516,0,20,2700,4.365952021279553,,,
monitor_only,136,0.9398320879338998,0.015162261770571117,0.0,0.0,4.53302178093624,29.797732387729134,0,20,2720,4.324385512730407,,,
monitor_only,137,0.9398523770770724,0.015212850310202697,0.0,0.0,4.076145082526034,29.34085568931893,0,20,2740,4.474390640663545,,,
monitor_only,138,0.9399016614129497,0.015148302137194314,0.0,0.0,4.152252973613626,29.416963580406524,0,20,2760,4.49469822560726,,,
monitor_only,139,0.9400392104959112,0.014975206142193831,0.0,0.0,2.216408615137657,27.481119221930552,0,20,2780,1.1425632153552698,,,
monitor_only,140,0.9401266506234472,0.014833106197624013,0.0,0.0,3.7223108215127425,28.98702142830564,0,20,2800,4.545046968836214,,,
monitor_only,141,0.9401605785696631,0.014730388308576203,0.0,0.0,4.311827222308895,29.57653782910179,0,20,2820,4.186572753882254,,,
monitor_only,142,0.9403112206997231,0.014370392728278336,0.0,0.0,3.927378716742846,29.192089323535743,0,20,2840,4.519039135798625,,,
monitor_only,143,0.9403428458030866,0.014296862441981473,0.0,0.0,4.346019452541998,29.610730059334895,0,20,2860,4.380424294665456,,,
monitor_only,144,0.9403189419104342,0.014242466916086438,0.0,0.0,2.221065084060152,27.485775690853046,0,20,2880,1.1258244170058114,,,
monitor_only,145,0.9404268494985437,0.014048276051197517,0.0,0.0,2.1211100170862607,27.385820623879155,0,20,2900,1.310667873517523,,,
monitor_only,146,0.9405469850547021,0.013856988987650642,0.0,0.0,4.0163129014984476,29.281023508291344,0,20,2920,4.267785490549597,,,
monitor_only,147,0.9406061011611044,0.013918639729856852,0.0,0.0,5.398260891799207,30.662971498592103,0,20,2940,9.14082207830881,,,
monitor_only,148,0.9405877147262772,0.013876828234014926,0.0,0.0,2.192105545886887,27.45681615267978,0,20,2960,1.2421137557349287,,,
monitor_only,149,0.940606667442537,0.013954237093463107,0.0,0.0,2.316939900162737,27.581650506955633,0,20,2980,1.4918292372443265,,,
monitor_only,150,0.9406965702942547,0.013971208883918451,0.0,0.0,2.2313923762710366,27.49610298306393,0,20,3000,1.3063309709121982,,,
monitor_only,151,0.9407667981594969,0.013873782215476416,0.0,0.0,3.8932160640119413,29.157926670804837,0,20,3020,4.798080981316973,,,
monitor_only,152,0.9408620497380271,0.013939442985099193,0.0,0.0,2.311432720470508,27.576143327263402,0,20,3040,1.2276488950083673,,,
monitor_only,153,0.9408812871832868,0.013983669731258086,0.0,0.0,2.195221395273131,27.459932002066026,0,20,3060,1.226492974689015,,,
monitor_only,154,0.9409039465395143,0.01383344219550764,0.0,0.0,4.3813264686682105,29.646037075461106,0,20,3080,4.38522742013083,,,
monitor_only,155,0.9409813295050306,0.013774953983923588,0.0,0.0,5.948495705730502,31.213206312523397,0,20,3100,9.153400733910544,,,
monitor_only,156,0.9409997766381802,0.013874746308382924,0.0,0.0,2.38388922843476,27.648599835227657,0,20,3120,1.3088911935081744,,,
monitor_only,157,0.9410527226541483,0.013858157900948798,0.0,0.0,4.059829125078733,29.324539731871628,0,20,3140,4.379933850234834,,,
monitor_only,158,0.9411254074506722,0.013868710012361452,0.0,0.0,4.481919199173319,29.746629805966215,0,20,3160,4.427276180017887,,,
monitor_only,159,0.9410798325285218,0.013846554463149752,0.0,0.0,8.497623247815767,33.76233385460866,0,20,3180,16.165994584800753,,,
monitor_only,160,0.9410009889740838,0.013797824946151449,0.0,0.0,3.553251934566733,28.817962541359627,0,20,3200,4.763100471248925,,,
monitor_only,161,0.940999978112977,0.01371773506677798,0.0,0.0,3.5611700566602607,28.825880663453155,0,20,3220,4.207551985705638,,,
monitor_only,162,0.9410031906078331,0.013750333824485761,0.0,0.0,3.78682376399151,29.051534370784406,0,20,3240,4.501360015104209,,,
monitor_only,163,0.9410425861984975,0.01379687018710396,0.0,0.0,4.081058985901174,29.34576959269407,0,20,3260,4.029322307040685,,,
monitor_only,164,0.9410775505306767,0.013729729467434115,0.0,0.0,4.51454616054699,29.779256767339888,0,20,3280,4.699466473324856,,,
monitor_only,165,0.9410201139451374,0.013731164743680302,0.0,0.0,3.886941542960924,29.15165214975382,0,20,3300,4.337284324437996,,,
monitor_only,166,0.9410150609077998,0.013768572939275359,0.0,0.0,4.0130395972228765,29.277750204015774,0,20,3320,4.1998573148550244,,,
monitor_only,167,0.9410557004457526,0.01373800525312563,0.0,0.0,5.865823776700115,31.13053438349301,0,20,3340,9.367064639628255,,,
monitor_only,168,0.9410740709354224,0.013809176141208357,0.0,0.0,3.8951598945276014,29.159870501320498,0,20,3360,4.409699144599153,,,
monitor_only,169,0.9412135755234078,0.013705360092842955,0.0,0.0,6.4669375576768,31.731648164469696,0,20,3380,10.117479828605015,,,
monitor_only,170,0.9412374663482943,0.013654772101388768,0.0,0.0,2.5739504301546474,27.838661036947542,0,20,3400,1.357593129966015,,,
monitor_only,171,0.941330167446996,0.013442432631117218,0.0,0.0,3.9161342220349913,29.180844828827887,0,20,3420,4.309433985890348,,,
monitor_only,172,0.9413770999153428,0.013274907598158414,0.0,0.0,5.603879273152886,30.86858987994578,0,20,3440,9.250660198201373,,,
monitor_only,173,0.9414392935096454,0.013160190450720588,0.0,0.0,3.8611523279781608,29.125862934771057,0,20,3460,4.165166975640118,,,
monitor_only,174,0.9415020864162011,0.013100262468794144,0.0,0.0,4.381428863586161,29.646139470379058,0,20,3480,4.467065082669666,,,
monitor_only,175,0.9415386939913469,0.013129323100612433,0.0,0.0,4.99665130853863,30.261361915331527,0,20,3500,4.2685821411167675,,,
monitor_only,176,0.9416398206388625,0.013104569534919674,0.0,0.0,3.441152521737005,28.705863128529902,0,20,3520,4.36188289225347,,,
monitor_only,177,0.9416810015687395,0.013073943941131594,0.0,0.0,4.357749870708088,29.622460477500983,0,20,3540,3.9208496070258274,,,
monitor_only,178,0.9417528347192481,0.013007632680633652,0.0,0.0,4.016186127218414,29.28089673401131,0,20,3560,4.667111239320407,,,
monitor_only,179,0.9419068308366652,0.01287359558384027,0.0,0.0,4.47720525542779,29.741915862220687,0,20,3580,4.650585058048409,,,
monitor_only,180,0.9418209730195272,0.01285241736480558,0.0,0.0,2.2668826385837133,27.53159324537661,0,20,3600,1.2713753452556948,,,
monitor_only,181,0.9420138149659684,0.012497201617476028,0.0,0.0,4.310702799144288,29.575413405937184,0,20,3620,4.856388937281033,,,
monitor_only,182,0.9420843375652479,0.012474078941746125,0.0,0.0,2.542395575697546,27.807106182490443,0,20,3640,1.3213940346329964,,,
monitor_only,183,0.9422129420964483,0.012293890706363553,0.0,0.0,4.527130235513868,29.79184084230676,0,20,3660,4.658725813124878,,,
monitor_only,184,0.9423297734826098,0.0121915290945952,0.0,0.0,4.220295051676669,29.485005658469564,0,20,3680,4.089805685413057,,,
monitor_only,185,0.9424287920105494,0.01204735212593877,0.0,0.0,3.968537884781537,29.233248491574432,0,20,3700,4.023565887326434,,,
monitor_only,186,0.94254374224247,0.011846404255287823,0.0,0.0,2.2818404869459634,27.54655109373886,0,20,3720,1.2898914053495891,,,
monitor_only,187,0.9425057828304829,0.011792932926567912,0.0,0.0,4.370390672665691,29.63510127945859,0,20,3740,3.909007225065181,,,
monitor_only,188,0.9424918648185799,0.01179250783668706,0.0,0.0,3.953732502090001,29.218443108882898,0,20,3760,4.151243344033429,,,
monitor_only,189,0.9425746848108785,0.011780763907276115,0.0,0.0,2.700426857028106,27.965137463821,0,20,3780,1.180269665246923,,,
monitor_only,190,0.9425546076222722,0.011819371712617821,0.0,0.0,6.942758694325597,32.20746930111849,0,20,3800,9.697882482415602,,,
monitor_only,191,0.9426240544822623,0.011654331143553964,0.0,0.0,4.235778131794788,29.500488738587684,0,20,3820,4.273647459940688,,,
monitor_only,192,0.9426839483817727,0.011578683240149434,0.0,0.0,2.312379951917664,27.57709055871056,0,20,3840,1.1481214622900155,,,
monitor_only,193,0.9426106654060359,0.011775971237406146,0.0,0.0,4.208558162990449,29.473268769783346,0,20,3860,4.4069447626739615,,,
monitor_only,194,0.9426699514985916,0.011779149687840773,0.0,0.0,4.484100119367735,29.74881072616063,0,20,3880,4.393107340693832,,,
monitor_only,195,0.9426539275378969,0.01169725852298098,0.0,0.0,2.406508895328159,27.671219502121055,0,20,3900,1.297423112086727,,,
monitor_only,196,0.9427384089425204,0.011647812348513531,0.0,0.0,4.101104930074179,29.365815536867075,0,20,3920,4.502589082928912,,,
monitor_only,197,0.9427320175061766,0.011493318144048525,0.0,0.0,5.985863695350661,31.250574302143555,0,20,3940,8.654320274605244,,,
monitor_only,198,0.9429100197059899,0.011188552078888692,0.0,0.0,3.7334323731694825,28.998142979962378,0,20,3960,4.393549142381588,,,
monitor_only,199,0.9429140258852176,0.011003654959360398,0.0,0.0,6.231076591632905,31.495787198425802,0,20,3980,9.791655001697007,,,
monitor_only,200,0.9430261562601173,0.010811515052056908,0.0,0.0,3.9653100879579783,29.230020694750873,0,20,4000,3.652708887434369,,,
monitor_only,201,0.943135874570935,0.010782715756186279,0.0,0.0,3.3092541995729126,28.573964806365808,0,20,4020,4.158371801807662,,,
monitor_only,202,0.9431713780170905,0.010871433775490491,0.0,0.0,2.335772339263055,27.60048294605595,0,20,4040,1.1562559059551851,,,
monitor_only,203,0.9432213713735671,0.010798933204910766,0.0,0.0,5.8346172963649865,31.09932790315788,0,20,4060,9.57309389774707,,,
monitor_only,204,0.9433066726929561,0.010752361472536331,0.0,0.0,3.5567565839758606,28.821467190768757,0,20,4080,4.5080437002337135,,,
monitor_only,205,0.943387840829629,0.010658512200351966,0.0,0.0,6.28631105071853,31.551021657511427,0,20,4100,9.525985911498358,,,
monitor_only,206,0.9432932774698827,0.010636243523816313,0.0,0.0,4.382504020031692,29.64721462682459,0,20,4120,4.168603429202983,,,
monitor_only,207,0.9433212138189719,0.010649159097971928,0.0,0.0,4.023054654208443,29.28776526100134,0,20,4140,4.651544041784325,,,
monitor_only,208,0.9433218161596774,0.010702210472311569,0.0,0.0,4.5999038821530025,29.864614488945897,0,20,4160,4.626741561156209,,,
monitor_only,209,0.9433016082218756,0.010727705575877433,0.0,0.0,6.194868020364349,31.459578627157246,0,20,4180,9.53296271713048,,,
monitor_only,210,0.9433238605857508,0.010775027251811009,0.0,0.0,2.388125689377105,27.65283629617,0,20,4200,1.2840117148260282,,,
monitor_only,211,0.9434234743886176,0.010658606105989787,0.0,0.0,3.924385651734231,29.189096258527126,0,20,4220,4.245524935273281,,,
monitor_only,212,0.9434252544247862,0.010674124793402573,0.0,0.0,3.4720945067202122,28.736805113513107,0,20,4240,4.160782826847887,,,
monitor_only,213,0.9434925552949741,0.010732617108452747,0.0,0.0,2.4765931574708384,27.741303764263733,0,20,4260,1.3751815087828412,,,
monitor_only,214,0.9435885880636331,0.010678462843964676,0.0,0.0,4.20348397831912,29.468194585112016,0,20,4280,4.438126772725423,,,
monitor_only,215,0.9436538329804113,0.010648905551256416,0.0,0.0,4.0661862946824385,29.330896901475334,0,20,4300,3.929783885969618,,,
monitor_only,216,0.9436731266762376,0.01089243509596649,0.0,0.0,4.343063321004006,29.607773927796902,0,20,4320,4.619931155166718,,,
monitor_only,217,0.9437017894279589,0.010838791165081796,0.0,0.0,5.999122812582153,31.26383341937505,0,20,4340,9.50205941670408,,,
monitor_only,218,0.9437370853830134,0.0108527356967969,0.0,0.0,4.840968050433353,30.10567865722625,0,20,4360,4.040709793172085,,,
monitor_only,219,0.9438784855101995,0.01082555438855537,0.0,0.0,4.652722787948589,29.917433394741487,0,20,4380,4.636443742570025,,,
monitor_only,220,0.9440079049119348,0.010756345107053145,0.0,0.0,3.61815600190038,28.882866608693277,0,20,4400,4.316586719005731,,,
monitor_only,221,0.9440756889825715,0.010789301136978846,0.0,0.0,3.7801211675221684,29.044831774315064,0,20,4420,4.259707827007479,,,
monitor_only,222,0.9440793950614589,0.010723146478927803,0.0,0.0,3.4983303726356527,28.76304097942855,0,20,4440,4.545312242526989,,,
monitor_only,223,0.9440643809052277,0.010798988413731836,0.0,0.0,4.2595917458152055,29.524302352608103,0,20,4460,4.402173048899747,,,
monitor_only,224,0.9441638615657704,0.010719942105258062,0.0,0.0,6.371409366949018,31.636119973741913,0,20,4480,9.67428204128944,,,
monitor_only,225,0.9442617941928931,0.010718749886046819,0.0,0.0,5.788333063599191,31.053043670392086,0,20,4500,9.991890521649927,,,
monitor_only,226,0.9444227495811686,0.010564981228583181,0.0,0.0,4.071594042007432,29.33630464880033,0,20,4520,4.323789842134673,,,
monitor_only,227,0.94440198480275,0.01073512284716771,0.0,0.0,4.431315444930977,29.696026051723873,0,20,4540,4.302070813536487,,,
monitor_only,228,0.9444512133029308,0.010683432402818549,0.0,0.0,4.248657893949456,29.513368500742352,0,20,4560,4.536780043753992,,,
monitor_only,229,0.9444294149221081,0.010709779680487808,0.0,0.0,8.705724202062033,33.97043480885493,0,20,4580,16.383196963231875,,,
monitor_only,230,0.9443648710371937,0.010835938916675558,0.0,0.0,4.325649999815259,29.590360606608154,0,20,4600,3.9778842239763628,,,
monitor_only,231,0.9443860482051828,0.010704928409640102,0.0,0.0,2.209725524227635,27.474436131020532,0,20,4620,1.327076602784128,,,
monitor_only,232,0.9444286924087564,0.01061043677291762,0.0,0.0,6.734537967096585,31.99924857388948,0,20,4640,9.243191571034329,,,
monitor_only,233,0.9444265437884949,0.010616798409360917,0.0,0.0,6.398743000605477,31.663453607398374,0,20,4660,10.078019674980519,,,
monitor_only,234,0.9444697270074137,0.010358154241119966,0.0,0.0,4.224697899525097,29.489408506317993,0,20,4680,4.201488365308127,,,
monitor_only,235,0.944532114943984,0.010250304552793632,0.0,0.0,5.034702209946367,30.299412816739263,0,20,4700,4.815747042711271,,,
monitor_only,236,0.9444942912871677,0.010064124147997844,0.0,0.0,2.2191086891046217,27.48381929589752,0,20,4720,1.3047640782710712,,,
monitor_only,237,0.9444630448293466,0.010000958828190076,0.0,0.0,4.388531308665412,29.65324191545831,0,20,4740,4.285776864713416,,,
monitor_only,238,0.9445422854345809,0.009907967112316673,0.0,0.0,3.9729915046123176,29.237702111405213,0,20,4760,4.365945016970527,,,
monitor_only,239,0.9446519111187477,0.009734292496970331,0.0,0.0,3.484148984566229,28.748859591359125,0,20,4780,4.755337324178199,,,
monitor_only,240,0.9446726797476227,0.009717732273275104,0.0,0.0,6.972595709521627,32.23730631631452,0,20,4800,9.945624009625675,,,
monitor_only,241,0.9446853059362573,0.00961607154884725,0.0,0.0,3.9296371925386455,29.194347799331542,0,20,4820,4.0894561894470725,,,
monitor_only,242,0.9447143102828337,0.009602716382070553,0.0,0.0,5.8426394592676205,31.107350066060516,0,20,4840,10.088989466781179,,,
monitor_only,243,0.9447920890418835,0.009470458725840736,0.0,0.0,4.363994826505489,29.628705433298386,0,20,4860,4.5296755286333195,,,
monitor_only,244,0.944790401068209,0.009393917744128344,0.0,0.0,2.480879410019401,27.745590016812297,0,20,4880,1.1936243138030393,,,
monitor_only,245,0.9447657111949264,0.009609914470477654,0.0,0.0,3.856093872935659,29.120804479728555,0,20,4900,4.270262781938484,,,
monitor_only,246,0.9447838852376719,0.009657415428847571,0.0,0.0,3.7252516018901707,28.989962208683068,0,20,4920,4.477805285030931,,,
monitor_only,247,0.9448915843337239,0.00946341822880592,0.0,0.0,4.7380836865497065,30.002794293342603,0,20,4940,4.559460868593757,,,
monitor_only,248,0.9449919445538904,0.009390876106251667,0.0,0.0,3.741852732398312,29.006563339191207,0,20,4960,4.094956251998581,,,
monitor_only,249,0.9449920271165011,0.009420132020395489,0.0,0.0,3.6504178961127023,28.9151285029056,0,20,4980,3.7977276147190553,,,
monitor_only,250,0.9449542999024221,0.009506670215858382,0.0,0.0,2.314497099092737,27.579207705885633,0,20,5000,1.1655758692301539,,,
monitor_only,251,0.944890987604359,0.009532796334682958,0.0,0.0,5.80003574009749,31.064746346890388,0,20,5020,9.329565094751954,,,
monitor_only,252,0.9450141804966402,0.009472152783082444,0.0,0.0,4.777732251864946,30.042442858657843,0,20,5040,4.456972788338576,,,
monitor_only,253,0.9450332569371991,0.009515833972418841,0.0,0.0,9.168915330397164,34.43362593719006,0,20,5060,25.850541993955808,,,
monitor_only,254,0.9450484813188406,0.009527891471812766,0.0,0.0,4.672474461118412,29.937185067911308,0,20,5080,4.431897728698477,,,
monitor_only,255,0.9450759580353071,0.009543684840936262,0.0,0.0,8.286207271266036,33.55091787805893,0,20,5100,16.698904317459288,,,
monitor_only,256,0.9451407977265204,0.009466340302851317,0.0,0.0,2.2748516988406524,27.53956230563355,0,20,5120,1.389689574961653,,,
monitor_only,257,0.9452257300372334,0.00955968428906706,0.0,0.0,4.176536449817768,29.441247056610663,0,20,5140,4.381506123749863,,,
monitor_only,258,0.9452467142142779,0.009576665605723345,0.0,0.0,5.582190763893994,30.84690137068689,0,20,5160,9.470230977478508,,,
monitor_only,259,0.9453344863095118,0.009520633117178101,0.0,0.0,4.980126190072077,30.244836796864973,0,20,5180,4.354817322423656,,,
monitor_only,260,0.945313521278923,0.009629481797294392,0.0,0.0,2.5396171649577726,27.804327771750668,0,20,5200,1.4157355794155293,,,
monitor_only,261,0.9452842767580933,0.009570113162595262,0.0,0.0,2.37702958482292,27.641740191615817,0,20,5220,1.3251555282827552,,,
monitor_only,262,0.9453231359758626,0.009646272731891559,0.0,0.0,6.12392069912377,31.388631305916665,0,20,5240,9.383348712876534,,,
monitor_only,263,0.9453471494874132,0.009672077993195471,0.0,0.0,4.406814481525483,29.67152508831838,0,20,5260,4.529960237554558,,,
monitor_only,264,0.9454338956611182,0.009693251259968116,0.0,0.0,6.338026594392557,31.60273720118545,0,20,5280,9.768701482144383,,,
monitor_only,265,0.9454017665876753,0.009722064340535574,0.0,0.0,3.830074823165556,29.094785429958453,0,20,5300,4.126408615371665,,,
monitor_only,266,0.9454489360648989,0.009653962205605326,0.0,0.0,5.197913556844614,30.46262416363751,0,20,5320,8.841490337156676,,,
monitor_only,267,0.9455614966324383,0.009660874849785062,0.0,0.0,2.1818674004849297,27.446578007277825,0,20,5340,1.4137153910127822,,,
monitor_only,268,0.9456104780659387,0.009620782221630209,0.0,0.0,3.89047973486749,29.155190341660386,0,20,5360,3.9854256087784377,,,
monitor_only,269,0.9456209178199255,0.009526761525837868,0.0,0.0,3.788664179407323,29.05337478620022,0,20,5380,4.042718112888188,,,
monitor_only,270,0.9456854110965547,0.009398835072243372,0.0,0.0,5.550944843695518,30.815655450488414,0,20,5400,9.151792884860765,,,
monitor_only,271,0.9457427762990802,0.009143310312857644,0.0,0.0,4.903162108595678,30.167872715388576,0,20,5420,9.24360280408495,,,
monitor_only,272,0.9457406783643525,0.009168145500659253,0.0,0.0,4.545610695908228,29.810321302701123,0,20,5440,4.0882628629758395,,,
monitor_only,273,0.9458385001897918,0.008998464955191188,0.0,0.0,3.4764691463941664,28.741179753187062,0,20,5460,4.785904452461695,,,
monitor_only,274,0.9459781210888583,0.008731605947114196,0.0,0.0,2.169790662390831,27.434501269183727,0,20,5480,1.3326802129646504,,,
monitor_only,275,0.9459583702710146,0.008571843591260175,0.0,0.0,4.181125426915871,29.445836033708765,0,20,5500,4.383644505710643,,,
monitor_only,276,0.9459529345729848,0.008621965645911556,0.0,0.0,2.402022773938154,27.66673338073105,0,20,5520,1.2605688229378706,,,
monitor_only,277,0.9460445473183346,0.008477347063837737,0.0,0.0,2.2434302327158226,27.50814083950872,0,20,5540,1.4862644963155356,,,
monitor_only,278,0.9460701096757513,0.008273776225334206,0.0,0.0,3.74498262672484,29.009693233517737,0,20,5560,4.242010892451993,,,
monitor_only,279,0.9460756531595937,0.008209669846727663,0.0,0.0,3.949115821803523,29.21382642859642,0,20,5580,4.342573452346744,,,
monitor_only,280,0.9460643566630477,0.008129444427131927,0.0,0.0,3.8982647314942125,29.162975338287108,0,20,5600,4.173829080802665,,,
monitor_only,281,0.9460654161887039,0.008031053058495607,0.0,0.0,4.063012376472755,29.32772298326565,0,20,5620,4.591913527996418,,,
monitor_only,282,0.9460775421728815,0.008060540482694223,0.0,0.0,5.565821473179491,30.830532079972386,0,20,5640,9.416900812196207,,,
monitor_only,283,0.9461933343916402,0.00785894978185997,0.0,0.0,2.388885234162359,27.653595840955255,0,20,5660,1.4323808998206398,,,
monitor_only,284,0.9463073045052018,0.007806931658826732,0.0,0.0,4.213731622580158,29.478442229373055,0,20,5680,4.216217115855772,,,
monitor_only,285,0.9463376273403434,0.007667033180104865,0.0,0.0,4.445676022591188,29.710386629384082,0,20,5700,4.455716795557767,,,
monitor_only,286,0.9463086690407855,0.007724182849754069,0.0,0.0,3.7958776518413053,29.0605882586342,0,20,5720,4.208242848583159,,,
monitor_only,287,0.9463479771358099,0.007673277189146677,0.0,0.0,6.827057164567382,32.09176777136028,0,20,5740,10.012859481062028,,,
monitor_only,288,0.9464345039762715,0.0076201231945430825,0.0,0.0,5.979365913227692,31.244076520020588,0,20,5760,9.285599286603205,,,
monitor_only,289,0.9464683719404862,0.007745182378856574,0.0,0.0,4.466238842934775,29.73094944972767,0,20,5780,4.952757699600427,,,
monitor_only,290,0.9465705596908789,0.0076468783245695615,0.0,0.0,3.539201289966161,28.803911896759057,0,20,5800,3.8056752197625627,,,
monitor_only,291,0.9465970403713313,0.007651066844587606,0.0,0.0,3.4843440524267146,28.74905465921961,0,20,5820,4.609764211333168,,,
monitor_only,292,0.9466034017919527,0.007641589810010396,0.0,0.0,4.163408932069937,29.428119538862834,0,20,5840,4.134890924105398,,,
monitor_only,293,0.9465821924891924,0.007719953692479464,0.0,0.0,3.49381755503746,28.758528161830355,0,20,5860,4.257415127314117,,,
monitor_only,294,0.9465630727611543,0.007771671976231964,0.0,0.0,2.5765641392634007,27.841274746056296,0,20,5880,1.4395296172525702,,,
monitor_only,295,0.9465361135314635,0.007744375528155989,0.0,0.0,3.777072383208011,29.041782990000907,0,20,5900,4.471052455323226,,,
monitor_only,296,0.9465383036415864,0.007706961158730485,0.0,0.0,4.715036406759097,29.979747013551993,0,20,5920,9.227099634004727,,,
monitor_only,297,0.9465970976567661,0.007545066587679061,0.0,0.0,4.035040371144865,29.299750977937762,0,20,5940,4.519331725278118,,,
monitor_only,298,0.9466973937720761,0.00737898385195257,0.0,0.0,7.902026184419132,33.16673679121203,0,20,5960,16.141214979860564,,,
monitor_only,299,0.9467702434515148,0.0073119807602632925,0.0,0.0,4.742875632971545,30.007586239764443,0,20,5980,4.249440280011611,,,
monitor_only,300,0.9468147373825824,0.007401554644009045,0.0,0.0,7.8679765686620655,33.13268717545496,0,20,6000,16.95427889532669,,,
monitor_only,301,0.946823123828065,0.007395263142616959,0.0,0.0,3.9008362848670703,29.165546891659965,0,20,6020,4.403784630247521,,,
monitor_only,302,0.9468413517325773,0.007388775049793184,0.0,0.0,3.0756026985616094,28.340313305354506,0,20,6040,1.3796207865775723,,,
monitor_only,303,0.9468383181005122,0.007355665669944722,0.0,0.0,3.8550481203035054,29.1197587270964,0,20,6060,4.650255299305842,,,
monitor_only,304,0.9469016019378901,0.007237040154448926,0.0,0.0,4.028058543783328,29.292769150576223,0,20,6080,4.922515664466961,,,
monitor_only,305,0.9468492738952206,0.007172073488362685,0.0,0.0,4.357271546605156,29.62198215339805,0,20,6100,4.371913960426727,,,
monitor_only,306,0.9468860185556598,0.007111218869246039,0.0,0.0,3.825143686234891,29.089854293027788,0,20,6120,4.507433058920262,,,
monitor_only,307,0.9468410021844945,0.007181497856701191,0.0,0.0,4.655796105932252,29.92050671272515,0,20,6140,4.609315136662887,,,
monitor_only,308,0.9468989119988112,0.007153051451048054,0.0,0.0,2.1806287039359193,27.445339310728816,0,20,6160,1.211524590457892,,,
monitor_only,309,0.9469656216195429,0.007026058198883578,0.0,0.0,4.02526169324474,29.289972300037636,0,20,6180,4.306619325317415,,,
monitor_only,310,0.9469382479536732,0.00700503765721705,0.0,0.0,4.61412350361423,29.878834110407126,0,20,6200,4.819412340200703,,,
monitor_only,311,0.9468882972349723,0.0071547206365588645,0.0,0.0,4.4938746497509605,29.758585256543856,0,20,6220,4.15313575880269,,,
monitor_only,312,0.946941076331825,0.007195001112882293,0.0,0.0,2.8950439659372953,28.15975457273019,0,20,6240,1.3136921099013577,,,
monitor_only,313,0.9468790459743576,0.0073549737502068835,0.0,0.0,6.21098292450938,31.475693531302277,0,20,6260,8.789677630070111,,,
monitor_only,314,0.9469348897224731,0.007326170856547076,0.0,0.0,7.706173637002187,32.97088424379508,0,20,6280,15.606294371299187,,,
monitor_only,315,0.9468582619161886,0.007316606296870254,0.0,0.0,6.347816052582708,31.612526659375604,0,20,6300,8.856810818710763,,,
monitor_only,316,0.9468211292622678,0.007517780553153108,0.0,0.0,5.637704805489287,30.90241541228218,0,20,6320,9.008582767744844,,,
monitor_only,317,0.9468568956148128,0.007463120729971462,0.0,0.0,4.441710753488155,29.706421360281052,0,20,6340,4.36831779277217,,,
monitor_only,318,0.9469645159307434,0.007241688478880182,0.0,0.0,3.5571008756656624,28.821811482458557,0,20,6360,4.254418801331236,,,
monitor_only,319,0.9469792847890668,0.0073772088299169924,0.0,0.0,7.81553050282725,33.08024110962015,0,20,6380,16.51584329042408,,,
monitor_only,320,0.9469285267222639,0.007533969165445686,0.0,0.0,3.6733428144052596,28.938053421198155,0,20,6400,4.771372266255589,,,
monitor_only,321,0.9469705945278717,0.007465372177071217,0.0,0.0,2.3190191096340858,27.58372971642698,0,20,6420,1.4408144826507152,,,
monitor_only,322,0.9470273906910982,0.007536744760684111,0.0,0.0,4.152993296915439,29.417703903708336,0,20,6440,4.325150684566119,,,
monitor_only,323,0.9471135910970128,0.00737455371547957,0.0,0.0,2.142575306683595,27.407285913476493,0,20,6460,1.283579904485184,,,
monitor_only,324,0.9471301085347131,0.007323110383683273,0.0,0.0,7.044042475458801,32.3087530822517,0,20,6480,16.7072874673194,,,
monitor_only,325,0.9470798513666486,0.007394772650377468,0.0,0.0,3.470878782857926,28.735589389650823,0,20,6500,4.368449783234333,,,
monitor_only,326,0.9470440290605128,0.007548123112518623,0.0,0.0,6.4376717900226765,31.702382396815572,0,20,6520,9.616518659154405,,,
monitor_only,327,0.9470634711432614,0.007502176751368883,0.0,0.0,4.564548473693007,29.829259080485905,0,20,6540,4.242495198920568,,,
monitor_only,328,0.9470290659813707,0.0075860495641867365,0.0,0.0,2.8042265596507825,28.06893716644368,0,20,6560,1.3252813757668171,,,
monitor_only,329,0.947092497343476,0.007746795841372167,0.0,0.0,3.843043072923635,29.10775367971653,0,20,6580,4.250271899544021,,,
monitor_only,330,0.9471853156648354,0.007645015280571821,0.0,0.0,4.114723602701758,29.379434209494654,0,20,6600,4.0642560028951955,,,
monitor_only,331,0.9472268982341792,0.007796514883443573,0.0,0.0,6.466348818869523,31.73105942566242,0,20,6620,10.061180176859038,,,
monitor_only,332,0.9472220991443822,0.007742206178494748,0.0,0.0,4.122581252508215,29.38729185930111,0,20,6640,4.576443098725101,,,
monitor_only,333,0.9471942720088015,0.007805303758113169,0.0,0.0,6.527335790619072,31.79204639741197,0,20,6660,8.991044393128574,,,
monitor_only,334,0.9470851503120136,0.007860930409633315,0.0,0.0,4.399391413208999,29.664102020001895,0,20,6680,4.396772424061802,,,
monitor_only,335,0.9471137787875749,0.007967341968379671,0.0,0.0,4.259659757586116,29.52437036437901,0,20,6700,4.2700627113797225,,,
monitor_only,336,0.9470670920679471,0.008135762681894865,0.0,0.0,5.888854133109117,31.153564739902013,0,20,6720,9.083069111519574,,,
monitor_only,337,0.9470365984890818,0.00809138407882426,0.0,0.0,3.63016271673888,28.894873323531776,0,20,6740,4.267509984206576,,,
monitor_only,338,0.9471386331842662,0.00785716798327274,0.0,0.0,4.073319683304743,29.338030290097638,0,20,6760,4.5482611267936734,,,
monitor_only,339,0.9471390526550268,0.007760855470294481,0.0,0.0,3.9477977815277967,29.212508388320693,0,20,6780,4.731403754940099,,,
monitor_only,340,0.9471718025474535,0.007739280461313669,0.0,0.0,4.921243409904487,30.185954016697384,0,20,6800,4.729264785138174,,,
monitor_only,341,0.9471899943798293,0.007666256431783092,0.0,0.0,2.6919141666653115,27.95662477345821,0,20,6820,1.235379142000947,,,
monitor_only,342,0.947253729228128,0.007642723672215301,0.0,0.0,3.521060554369183,28.785771161162078,0,20,6840,4.201573841394131,,,
monitor_only,343,0.9472750934889155,0.007566653054273287,0.0,0.0,2.541072994619665,27.80578360141256,0,20,6860,1.2267251426079162,,,
monitor_only,344,0.9473649934648994,0.007503973314528789,0.0,0.0,3.512213663550398,28.776924270343294,0,20,6880,4.076882899233908,,,
monitor_only,345,0.9474760386028067,0.007394434705626507,0.0,0.0,3.8057624500665788,29.070473056859473,0,20,6900,4.290893243088513,,,
monitor_only,346,0.9475450277727627,0.007353366111135129,0.0,0.0,2.5599850694602018,27.824695676253096,0,20,6920,1.50788353195419,,,
monitor_only,347,0.9476095360995016,0.00726834791715969,0.0,0.0,3.555750065060302,28.820460671853198,0,20,6940,4.188634275978001,,,
monitor_only,348,0.9476879187446938,0.007295686778347132,0.0,0.0,6.5860919038345305,31.850802510627425,0,20,6960,9.61188916152009,,,
monitor_only,349,0.9477347500795646,0.007344738706412057,0.0,0.0,3.675693849884565,28.94040445667746,0,20,6980,4.181642742203139,,,
monitor_only,350,0.947727088503838,0.007376916704216363,0.0,0.0,4.03616531494277,29.300875921735667,0,20,7000,4.089469634403131,,,
monitor_only,351,0.947819704511444,0.007353503843847586,0.0,0.0,3.9847887128801647,29.24949931967306,0,20,7020,4.237536554180082,,,
monitor_only,352,0.9478464922431518,0.007390147977207828,0.0,0.0,4.918390029546148,30.183100636339045,0,20,7040,4.363410600416337,,,
monitor_only,353,0.9479451340719461,0.007211848684518074,0.0,0.0,4.8211119142838585,30.085822521076754,0,20,7060,4.347945233737307,,,
monitor_only,354,0.9479351025405581,0.0072064000279978835,0.0,0.0,4.973378148900551,30.238088755693447,0,20,7080,9.249507224604782,,,
monitor_only,355,0.948036451998119,0.00699849462658253,0.0,0.0,3.436976935724149,28.701687542517046,0,20,7100,4.331858489761212,,,
monitor_only,356,0.9480777821740335,0.006922737552615632,0.0,0.0,2.544085359118572,27.808795965911468,0,20,7120,1.4890749051569607,,,
monitor_only,357,0.9481212681290238,0.006900864342795798,0.0,0.0,4.467961548166171,29.73267215495907,0,20,7140,4.350398929783274,,,
monitor_only,358,0.9481355156582142,0.006780920850006034,0.0,0.0,3.5414601295442676,28.806170736337165,0,20,7160,3.840587212154742,,,
monitor_only,359,0.9481533728290964,0.006822996374415413,0.0,0.0,3.4512105315255894,28.715921138318485,0,20,7180,4.483639272150618,,,
monitor_only,360,0.9481323679527035,0.006793975256877416,0.0,0.0,3.321845514376767,28.586556121169664,0,20,7200,4.671866892216658,,,
monitor_only,361,0.9481864939402128,0.0066971323343391065,0.0,0.0,4.695219656226899,29.959930263019796,0,20,7220,9.31115156476496,,,
monitor_only,362,0.9482041344888656,0.006667514273748898,0.0,0.0,3.998562402289507,29.263273009082404,0,20,7240,4.443207241178685,,,
monitor_only,363,0.9481577687872585,0.0067702703970741185,0.0,0.0,3.979905082032838,29.244615688825732,0,20,7260,4.530595155325716,,,
monitor_only,364,0.9481929112847305,0.006808134275373634,0.0,0.0,4.0079801426568045,29.2726907494497,0,20,7280,4.177783014067423,,,
monitor_only,365,0.9481975203836633,0.006893736451597299,0.0,0.0,2.300350991401798,27.565061598194696,0,20,7300,1.2134017830668213,,,
monitor_only,366,0.948198718043007,0.006748348023678741,0.0,0.0,2.2762634579921017,27.540974064784997,0,20,7320,1.2232852850090932,,,
monitor_only,367,0.9483392986126805,0.006628440255909807,0.0,0.0,4.444296167154702,29.7090067739476,0,20,7340,4.82740845805574,,,
monitor_only,368,0.9483185317949455,0.006738127396782256,0.0,0.0,2.9855489739651113,28.25025958075801,0,20,7360,1.3122067575583398,,,
monitor_only,369,0.9483203366471391,0.006694294122259414,0.0,0.0,4.569458474859884,29.83416908165278,0,20,7380,4.5224814503910045,,,
monitor_only,370,0.9483553925670432,0.006669321365553427,0.0,0.0,4.111058614606562,29.37576922139946,0,20,7400,4.371739044797865,,,
monitor_only,371,0.9483489218369802,0.006747814904257465,0.0,0.0,5.980257492982506,31.244968099775402,0,20,7420,9.69031967887382,,,
monitor_only,372,0.9483266812219102,0.006687079581138455,0.0,0.0,6.79697231881444,32.061682925607336,0,20,7440,8.81784884357003,,,
monitor_only,373,0.9484271155613047,0.006548277489966781,0.0,0.0,7.005850975997726,32.27056158279062,0,20,7460,8.890306287386682,,,
monitor_only,374,0.9483807510273995,0.006575377576547692,0.0,0.0,3.9532670075442518,29.217977614337148,0,20,7480,4.422108736757787,,,
monitor_only,375,0.9483367925826993,0.006453096946850034,0.0,0.0,2.502107034679702,27.7668176414726,0,20,7500,1.1893904490685083,,,
monitor_only,376,0.948288887785369,0.00641847956371755,0.0,0.0,7.044344108259667,32.30905471505256,0,20,7520,8.957653026375457,,,
monitor_only,377,0.9483270544715677,0.006399320372867945,0.0,0.0,3.8600133199708866,29.12472392676378,0,20,7540,4.344827937041067,,,
monitor_only,378,0.9483742177614893,0.006293179539500815,0.0,0.0,2.5645865971679314,27.829297203960827,0,20,7560,1.206423379177077,,,
monitor_only,379,0.9484333791203893,0.006223707607363793,0.0,0.0,4.955685621994479,30.220396228787376,0,20,7580,4.511549966021875,,,
monitor_only,380,0.9484151122300625,0.006331267868463386,0.0,0.0,4.105782679657412,29.37049328645031,0,20,7600,4.3472468222953005,,,
monitor_only,381,0.9484541494070192,0.006511149580422426,0.0,0.0,4.040924164999777,29.305634771792672,0,20,7620,5.029864120240747,,,
monitor_only,382,0.9484757466759605,0.006472608788475553,0.0,0.0,8.114168771765359,33.37887937855825,0,20,7640,16.69266176726756,,,
monitor_only,383,0.9485405683321521,0.006303135599919352,0.0,0.0,2.570932479682482,27.83564308647538,0,20,7660,1.37266120227601,,,
monitor_only,384,0.9485772881062794,0.006317714320872914,0.0,0.0,4.528963802468543,29.79367440926144,0,20,7680,4.230412058866556,,,
monitor_only,385,0.9486495991163946,0.00612472933831032,0.0,0.0,4.496415153435537,29.76112576022843,0,20,7700,4.546746822411792,,,
monitor_only,386,0.9486513866781507,0.0062425090679469886,0.0,0.0,6.361556330939661,31.626266937732556,0,20,7720,9.20104028411891,,,
monitor_only,387,0.9487570899784662,0.0061182338456726715,0.0,0.0,3.676177550841433,28.94088815763433,0,20,7740,4.269525211104906,,,
monitor_only,388,0.9487326102758057,0.0061331359677720965,0.0,0.0,2.236461711986083,27.501172318778977,0,20,7760,1.4083712598692812,,,
monitor_only,389,0.9487376423015123,0.006104936362841484,0.0,0.0,2.3943076554702167,27.659018262263114,0,20,7780,1.5490274945046116,,,
monitor_only,390,0.9488318675483346,0.005986398368613033,0.0,0.0,6.740550830413532,32.00526143720643,0,20,7800,9.692650687366468,,,
monitor_only,391,0.9488393786722049,0.005886312884954115,0.0,0.0,4.326078909558334,29.59078951635123,0,20,7820,4.406124639391256,,,
monitor_only,392,0.9489194756714238,0.005869335291803779,0.0,0.0,8.253277579914117,33.517988186707015,0,20,7840,16.594337518627214,,,
monitor_only,393,0.9489402454809942,0.005989507724525334,0.0,0.0,4.108486520981457,29.373197127774354,0,20,7860,4.349895944558053,,,
monitor_only,394,0.9489771935279311,0.005682615427249682,0.0,0.0,6.63683029237282,31.901540899165717,0,20,7880,9.180260535187001,,,
monitor_only,395,0.948970613280739,0.005721392515280033,0.0,0.0,2.8365826998167654,28.101293306609662,0,20,7900,1.3192715413896097,,,
monitor_only,396,0.9490548961712774,0.005617211544447942,0.0,0.0,4.744087264151116,30.00879787094401,0,20,7920,4.22833694224213,,,
monitor_only,397,0.9490940443684116,0.005561323680395414,0.0,0.0,2.7143438508118587,27.979054457604754,0,20,7940,1.4524099701965891,,,
monitor_only,398,0.9491521219614935,0.00543370998709114,0.0,0.0,3.30655842875754,28.571269035550436,0,20,7960,4.058738881846073,,,
monitor_only,399,0.9491614451479455,0.0054700985201925345,0.0,0.0,7.180821384129375,32.44553199092227,0,20,7980,16.585061520525986,,,
monitor_only,400,0.9491538743633697,0.0054758316575249655,0.0,0.0,6.688074028295105,31.952784635088,0,20,8000,9.826490576269146,,,
monitor_only,401,0.949150738829897,0.005416120023083892,0.0,0.0,2.4082823630889783,27.672992969881875,0,20,8020,1.2524714819431813,,,
monitor_only,402,0.9491297788689222,0.005558197771042606,0.0,0.0,4.300611029368771,29.565321636161666,0,20,8040,4.781018116102051,,,
monitor_only,403,0.9491803455545281,0.005479180656049354,0.0,0.0,2.255705903294337,27.520416510087234,0,20,8060,1.1797323655192036,,,
monitor_only,404,0.949229079440661,0.005540183830932244,0.0,0.0,2.8775621511329277,28.142272757925824,0,20,8080,1.3930856336142878,,,
monitor_only,405,0.9492345466403554,0.005611979058612215,0.0,0.0,6.50366503359195,31.768375640384846,0,20,8100,9.712608195234196,,,
monitor_only,406,0.9492322076778176,0.005624805407432709,0.0,0.0,3.3668343914547836,28.63154499824768,0,20,8120,4.195509124662388,,,
monitor_only,407,0.9492107714798991,0.0055497248096286755,0.0,0.0,6.658462257189754,31.92317286398265,0,20,8140,9.443911851852931,,,
monitor_only,408,0.949233453224672,0.005550253321155441,0.0,0.0,6.838586895617632,32.10329750241053,0,20,8160,9.84551363179658,,,
monitor_only,409,0.9493232341034582,0.0053943535014372435,0.0,0.0,2.2439128566060296,27.508623463398926,0,20,8180,1.2048685940453903,,,
monitor_only,410,0.9493164476681724,0.005427072058210691,0.0,0.0,4.689776646102826,29.95448725289572,0,20,8200,4.421727171938853,,,
monitor_only,411,0.9492768679240204,0.005441120368905317,0.0,0.0,4.418129064024155,29.682839670817053,0,20,8220,4.774329756533557,,,
monitor_only,412,0.949248471254372,0.005408155695239891,0.0,0.0,3.710136862262502,28.974847469055398,0,20,8240,4.7167342608743805,,,
monitor_only,413,0.949366288327463,0.0054271921241767496,0.0,0.0,4.698880410830485,29.96359101762338,0,20,8260,4.3974906290151,,,
monitor_only,414,0.9493598558760302,0.0054497490562581685,0.0,0.0,3.8383888710231484,29.103099477816045,0,20,8280,4.696449405781326,,,
monitor_only,415,0.9493857207328537,0.005348193943857438,0.0,0.0,2.6859352260920515,27.95064583288495,0,20,8300,1.56797674169344,,,
monitor_only,416,0.9494231496297771,0.00540591949944591,0.0,0.0,2.709960705628965,27.97467131242186,0,20,8320,1.2030914874847312,,,
monitor_only,417,0.9494519879987101,0.005457243879255946,0.0,0.0,4.152214176243167,29.416924783036063,0,20,8340,4.3895933591264535,,,
monitor_only,418,0.949460854294909,0.005416083613980938,0.0,0.0,4.546775361095143,29.81148596788804,0,20,8360,4.212066999988034,,,
monitor_only,419,0.9494946144870666,0.005239828940085234,0.0,0.0,5.306191093082541,30.570901699875435,0,20,8380,3.7163124330746684,,,
monitor_only,420,0.9494511476139825,0.005390485555000213,0.0,0.0,5.912551408130371,31.177262014923265,0,20,8400,8.88883743628902,,,
monitor_only,421,0.9493651325299918,0.005533484902549013,0.0,0.0,6.538886912365117,31.803597519158014,0,20,8420,9.237280569179411,,,
monitor_only,422,0.9494046584753216,0.005467803854114384,0.0,0.0,7.869346867587078,33.13405747437997,0,20,8440,16.782027402718644,,,
monitor_only,423,0.9494674851032481,0.005357810608558222,0.0,0.0,3.9863600747824726,29.251070681575367,0,20,8460,4.705865156127028,,,
monitor_only,424,0.9494440740515212,0.00515704437572051,0.0,0.0,6.935051795264191,32.19976240205709,0,20,8480,10.068589203548235,,,
monitor_only,425,0.9494630219897185,0.005221245662293206,0.0,0.0,4.585861567501292,29.850572174294186,0,20,8500,4.171431103663672,,,
monitor_only,426,0.9494103037318261,0.0054328029857327875,0.0,0.0,3.7653041145881048,29.030014721381,0,20,8520,4.525920084074389,,,
monitor_only,427,0.9493401788884612,0.005538262597736376,0.0,0.0,2.3155946278157145,27.58030523460861,0,20,8540,1.2760876203129965,,,
monitor_only,428,0.9493738831179686,0.005358863658469826,0.0,0.0,6.469559058527956,31.734269665320852,0,20,8560,9.376826876471013,,,
monitor_only,429,0.9493776477595075,0.005522780495366364,0.0,0.0,3.862151384208204,29.1268619910011,0,20,8580,3.9405048428165768,,,
monitor_only,430,0.9492905535618095,0.005388481773724307,0.0,0.0,2.4282601580633996,27.692970764856295,0,20,8600,1.2571465612987762,,,
monitor_only,431,0.9492291911153952,0.00545073580830846,0.0,0.0,4.594803728883844,29.85951433567674,0,20,8620,4.60722605261189,,,
monitor_only,432,0.9491823862864626,0.00550144098790728,0.0,0.0,4.201348131059165,29.46605873785206,0,20,8640,4.679098609859851,,,
monitor_only,433,0.9492409074947346,0.0054490856421651745,0.0,0.0,3.7655993916516253,29.030309998444523,0,20,8660,4.164339045400254,,,
monitor_only,434,0.9492430134492382,0.005506907917250947,0.0,0.0,4.058706693041339,29.323417299834233,0,20,8680,4.352705085537993,,,
monitor_only,435,0.9492466691221828,0.0056371046462982966,0.0,0.0,4.461493692821443,29.726204299614338,0,20,8700,4.143844133751487,,,
monitor_only,436,0.9492669798183102,0.005685121310078256,0.0,0.0,3.4318499893628687,28.696560596155763,0,20,8720,3.956264421795677,,,
monitor_only,437,0.9493080680372159,0.005626161261482965,0.0,0.0,6.249055556577197,31.513766163370093,0,20,8740,9.502135486595098,,,
monitor_only,438,0.9493171896881171,0.005638554406373064,0.0,0.0,6.031560533261334,31.29627114005423,0,20,8760,9.82060014032487,,,
monitor_only,439,0.9493375094255753,0.005627972653778457,0.0,0.0,4.668919554350282,29.933630161143178,0,20,8780,4.6190445429233655,,,
monitor_only,440,0.9492946635603953,0.00554268448436579,0.0,0.0,6.569303687068579,31.834014293861475,0,20,8800,9.178143307513642,,,
monitor_only,441,0.9493628277378492,0.005493093461222731,0.0,0.0,6.55281943438331,31.817530041176205,0,20,8820,9.679720675936325,,,
monitor_only,442,0.9493677881047442,0.005530928930178813,0.0,0.0,4.018061559623007,29.282772166415903,0,20,8840,4.620058781198351,,,
monitor_only,443,0.9493514365943199,0.005745751074373695,0.0,0.0,4.628335988153586,29.893046594946483,0,20,8860,4.275446933489195,,,
monitor_only,444,0.9493497178843326,0.005801478249004788,0.0,0.0,2.908029641380079,28.172740248172975,0,20,8880,1.2171730211815273,,,
monitor_only,445,0.9493955719117363,0.005772633286073692,0.0,0.0,4.02123563880221,29.285946245595106,0,20,8900,4.805736357607199,,,
monitor_only,446,0.9494148435073554,0.005714071391576203,0.0,0.0,7.1223425221862495,32.38705312897915,0,20,8920,9.64369237612687,,,
monitor_only,447,0.9494032718579319,0.0056660218056913125,0.0,0.0,4.327982231515983,29.592692838308878,0,20,8940,4.469996954309749,,,
monitor_only,448,0.9495109691459668,0.0057087305734081495,0.0,0.0,4.595578586735181,29.860289193528075,0,20,8960,4.339430534299969,,,
monitor_only,449,0.9495304457103889,0.005636137419950504,0.0,0.0,6.711553152578364,31.97626375937126,0,20,8980,9.060809732062552,,,
monitor_only,450,0.9495170304283871,0.0055617539355131695,0.0,0.0,6.847748625672901,32.112459232465795,0,20,9000,9.298725917683596,,,
monitor_only,451,0.9495481649998105,0.005464493001565263,0.0,0.0,4.513916663321426,29.77862727011432,0,20,9020,4.637870016317463,,,
monitor_only,452,0.9495408897176377,0.005377922143884883,0.0,0.0,3.7003776941010966,28.965088300893992,0,20,9040,4.08430795062954,,,
monitor_only,453,0.9495329739800935,0.005401146190902817,0.0,0.0,2.75266941870323,28.017380025496127,0,20,9060,1.2065795743886585,,,
monitor_only,454,0.949568144023067,0.005411955775628141,0.0,0.0,4.47463961093805,29.739350217730944,0,20,9080,4.098375984441101,,,
monitor_only,455,0.9495161534895555,0.00545621766811788,0.0,0.0,3.725821924368547,28.990532531161442,0,20,9100,4.310236958334898,,,
monitor_only,456,0.949453236501636,0.005394466838594125,0.0,0.0,3.8223146333209685,29.087025240113864,0,20,9120,4.699947411084042,,,
monitor_only,457,0.9495408404018961,0.005309026853082877,0.0,0.0,4.872112158516822,30.136822765309716,0,20,9140,4.494689082997505,,,
monitor_only,458,0.9495627468248328,0.005246014099649643,0.0,0.0,4.50798074884992,29.772691355642817,0,20,9160,4.58160221158231,,,
monitor_only,459,0.9495652480508517,0.005213711688052958,0.0,0.0,6.0897534277870236,31.35446403457992,0,20,9180,9.723175556912219,,,
monitor_only,460,0.9496551020863272,0.0052359881471844005,0.0,0.0,4.935606060770149,30.200316667563044,0,20,9200,4.221794866791532,,,
monitor_only,461,0.9496438092482083,0.005130731295842628,0.0,0.0,4.199253242675764,29.46396384946866,0,20,9220,4.219825260697873,,,
monitor_only,462,0.9496275842973014,0.004932119552950809,0.0,0.0,4.943030630664937,30.20774123745783,0,20,9240,4.351011947744895,,,
monitor_only,463,0.9496174652075066,0.004844885673160326,0.0,0.0,4.364204721137607,29.628915327930503,0,20,9260,4.167593327748555,,,
monitor_only,464,0.9496762269345534,0.004712752829940103,0.0,0.0,2.8828718558229225,28.14758246261582,0,20,9280,1.3167384285349382,,,
monitor_only,465,0.9497102344534254,0.004712065991268055,0.0,0.0,5.611010042162558,30.875720648955454,0,20,9300,9.044617605024738,,,
monitor_only,466,0.9496906999037331,0.004761854668382526,0.0,0.0,11.01282180122965,36.277532408022545,0,20,9320,26.031775550935507,,,
monitor_only,467,0.949757721049766,0.0045773726700030215,0.0,0.0,2.86437312129202,28.129083728084915,0,20,9340,1.019909225256328,,,
monitor_only,468,0.9497938902240665,0.004679238413526132,0.0,0.0,2.1282241374365922,27.39293474422949,0,20,9360,1.4527610514557574,,,
monitor_only,469,0.9497804305754084,0.004786422392440759,0.0,0.0,2.6855882050415594,27.950298811834454,0,20,9380,1.112949954944124,,,
monitor_only,470,0.94973154736987,0.0048012811882783835,0.0,0.0,6.981358139001425,32.24606874579432,0,20,9400,9.717983222813874,,,
monitor_only,471,0.9496546133970342,0.004930444659449251,0.0,0.0,4.355187590687823,29.61989819748072,0,20,9420,4.61522708595461,,,
monitor_only,472,0.9496278855191949,0.004966400614740962,0.0,0.0,4.977772557314821,30.242483164107718,0,20,9440,9.251952299212032,,,
monitor_only,473,0.9496659521078739,0.004973917438003572,0.0,0.0,2.7011583270773163,27.965868933870212,0,20,9460,1.2853503236747839,,,
monitor_only,474,0.9496422375994834,0.004952813517903554,0.0,0.0,7.227158794607092,32.49186940139999,0,20,9480,16.47477307253102,,,
monitor_only,475,0.9497066275819601,0.005105632176755193,0.0,0.0,4.141355668357994,29.40606627515089,0,20,9500,4.3864934467796415,,,
monitor_only,476,0.9496815849101274,0.00521198032217296,0.0,0.0,5.794979182363774,31.05968978915667,0,20,9520,10.895880834410224,,,
monitor_only,477,0.9496973694439061,0.0052928834851937445,0.0,0.0,6.0416641192790115,31.30637472607191,0,20,9540,9.770702578339046,,,
monitor_only,478,0.9497057305240104,0.005369213319723065,0.0,0.0,3.860271120421786,29.12498172721468,0,20,9560,4.737464746119736,,,
monitor_only,479,0.9497321983904371,0.005337487181183209,0.0,0.0,7.076050072136145,32.340760678929044,0,20,9580,9.141506787257974,,,
monitor_only,480,0.9498377328584272,0.005382848165977339,0.0,0.0,4.988976031408552,30.253686638201447,0,20,9600,4.297897580746701,,,
monitor_only,481,0.949829761425267,0.0052982536844214945,0.0,0.0,4.407918891314997,29.672629498107895,0,20,9620,3.932756936699228,,,
monitor_only,482,0.9498338167263743,0.00520392237310463,0.0,0.0,4.58440702230872,29.849117629101617,0,20,9640,4.097922504256771,,,
monitor_only,483,0.9498039715172003,0.005050604874244025,0.0,0.0,3.9491971799586976,29.213907786751594,0,20,9660,4.862491269942003,,,
monitor_only,484,0.9498888239698664,0.005138079246293281,0.0,0.0,3.851633628731934,29.11634423552483,0,20,9680,4.314973556829594,,,
monitor_only,485,0.9499146713458816,0.00515714969486436,0.0,0.0,2.4404080099230514,27.705118616715946,0,20,9700,1.1616157493483468,,,
monitor_only,486,0.9500126131318871,0.0052594012550626346,0.0,0.0,4.185391764425475,29.45010237121837,0,20,9720,4.021707217882959,,,
monitor_only,487,0.9500731225137966,0.00509463239727892,0.0,0.0,3.5989178429946302,28.863628449787527,0,20,9740,4.251225820265366,,,
monitor_only,488,0.9500360287296356,0.005084324880807789,0.0,0.0,4.570646170527019,29.835356777319916,0,20,9760,4.411496231002592,,,
monitor_only,489,0.950002949057338,0.005087424501328597,0.0,0.0,2.2982970709660813,27.56300767775898,0,20,9780,1.3912003393154802,,,
monitor_only,490,0.9499782333041815,0.004994994373019979,0.0,0.0,3.8289228935544815,29.093633500347376,0,20,9800,4.542519471168537,,,
monitor_only,491,0.9499808380661111,0.00508784111841043,0.0,0.0,6.651161276035779,31.915871882828675,0,20,9820,9.701805264251071,,,
monitor_only,492,0.9499856457905811,0.005208429802390224,0.0,0.0,2.7251101410605245,27.989820747853422,0,20,9840,1.2159457803645042,,,
monitor_only,493,0.9500224682481326,0.005193183680398006,0.0,0.0,2.9461314751483227,28.21084208194122,0,20,9860,1.2776187653109417,,,
monitor_only,494,0.9501374320744689,0.005067215635158551,0.0,0.0,6.740784159564377,32.00549476635727,0,20,9880,9.827239322962503,,,
monitor_only,495,0.9501631505668473,0.005085131061860038,0.0,0.0,6.935544924010821,32.200255530803716,0,20,9900,9.035052639780847,,,
monitor_only,496,0.950211036050167,0.0050821098090674255,0.0,0.0,3.623635208317883,28.888345815110778,0,20,9920,4.1325235096121595,,,
monitor_only,497,0.9502232879771766,0.005007225778228985,0.0,0.0,4.775109306893317,30.039819913686213,0,20,9940,4.016313903452877,,,
monitor_only,498,0.9502426701183491,0.005079668753024014,0.0,0.0,2.6505294486967133,27.91524005548961,0,20,9960,1.4262780151827965,,,
monitor_only,499,0.9503234933161124,0.00499112443571037,0.0,0.0,6.688275321435043,31.95298592822794,0,20,9980,9.516302678181086,,,
monitor_only,500,0.9503224989870519,0.0050987095201815436,0.0,0.0,3.489699349288803,28.754409956081698,0,20,10000,4.380326484043258,,,
monitor_only,501,0.9503786165090653,0.005029369327637312,0.0,0.0,3.527841427376891,28.792552034169788,0,20,10020,4.459695442174416,,,
monitor_only,502,0.9503649956488294,0.00500545616006165,0.0,0.0,2.1596539944402835,27.42436460123318,0,20,10040,1.307187575251217,,,
monitor_only,503,0.9504390530036316,0.004914824939842299,0.0,0.0,7.07047142237912,32.33518202917202,0,20,10060,16.537898020149967,,,
monitor_only,504,0.9504359040403982,0.004916408977735931,0.0,0.0,6.927227308928227,32.19193791572113,0,20,10080,9.312442595381922,,,
monitor_only,505,0.9503786604335062,0.004797045110017217,0.0,0.0,2.2207066878166755,27.485417294609572,0,20,10100,1.4071570791052814,,,
monitor_only,506,0.9504370793988473,0.004789448419598941,0.0,0.0,4.708645967051342,29.97335657384424,0,20,10120,4.462292519643324,,,
monitor_only,507,0.9504330173987381,0.004673128452606257,0.0,0.0,4.259856225197779,29.524566831990676,0,20,10140,4.138887194471761,,,
monitor_only,508,0.950419561410777,0.004570235550633295,0.0,0.0,3.661913787853616,28.926624394646513,0,20,10160,4.6611056857618465,,,
monitor_only,509,0.9504305058152616,0.004577394467371154,0.0,0.0,4.945912018533571,30.210622625326465,0,20,10180,4.60125296371813,,,
monitor_only,510,0.9504206420646535,0.004647887437250864,0.0,0.0,4.586642529799255,29.851353136592152,0,20,10200,4.46504948601474,,,
monitor_only,511,0.9504361557297331,0.00458510269637924,0.0,0.0,5.016355007219612,30.28106561401251,0,20,10220,4.446765166861829,,,
monitor_only,512,0.9504465975606908,0.004564093371147937,0.0,0.0,4.647818970997017,29.91252957778991,0,20,10240,4.2652534758115355,,,
monitor_only,513,0.9503959882007295,0.004515715880035409,0.0,0.0,3.660124422939974,28.92483502973287,0,20,10260,4.510372871421605,,,
monitor_only,514,0.9503286216697201,0.004554969445144219,0.0,0.0,4.683027897543514,29.94773850433641,0,20,10280,4.566440346336432,,,
monitor_only,515,0.950384501684042,0.004576622696814803,0.0,0.0,2.6206377165651644,27.88534832335806,0,20,10300,1.2930190126507892,,,
monitor_only,516,0.9504462752072584,0.004633577398742483,0.0,0.0,4.87495026986629,30.139660876659185,0,20,10320,4.379793700324029,,,
monitor_only,517,0.9504118919406366,0.004514594510570791,0.0,0.0,5.397830793564865,30.66254140035776,0,20,10340,9.367432605376779,,,
monitor_only,518,0.9504539196845475,0.004458055305337827,0.0,0.0,6.355841090279252,31.62055169707215,0,20,10360,9.429091312375844,,,
monitor_only,519,0.9504830971210975,0.004454374277611528,0.0,0.0,4.2574543940780405,29.522165000870935,0,20,10380,4.220612941501855,,,
monitor_only,520,0.9504387059923842,0.004574774170482576,0.0,0.0,4.371108158635948,29.635818765428844,0,20,10400,4.8787470795811485,,,
monitor_only,521,0.950473325795577,0.004687088620299984,0.0,0.0,2.5107067862061236,27.77541739299902,0,20,10420,1.2762422685950787,,,
monitor_only,522,0.9504932803169311,0.004648678568501818,0.0,0.0,4.009834862100176,29.274545468893074,0,20,10440,4.106799182937732,,,
monitor_only,523,0.9504926664621736,0.004728226769307287,0.0,0.0,5.235313685692512,30.500024292485406,0,20,10460,4.5398747510322615,,,
monitor_only,524,0.9505995401851556,0.004709722344561018,0.0,0.0,3.917075819909991,29.181786426702885,0,20,10480,4.153094596972159,,,
monitor_only,525,0.9506180656087164,0.0047493552027022545,0.0,0.0,3.3971510440949464,28.661861650887843,0,20,10500,1.319995113195314,,,
monitor_only,526,0.9506218292670239,0.004751573740693349,0.0,0.0,2.351850284846315,27.61656089163921,0,20,10520,1.2068847054349638,,,
monitor_only,527,0.9506268069573914,0.0046291194120471335,0.0,0.0,4.367587947812962,29.632298554605857,0,20,10540,4.875798561453182,,,
monitor_only,528,0.9506148742050646,0.004628546289480062,0.0,0.0,6.420562720476108,31.685273327269005,0,20,10560,9.607326417193411,,,
monitor_only,529,0.9506970336711233,0.004530778198941321,0.0,0.0,7.4356072269136755,32.70031783370657,0,20,10580,9.930816131081881,,,
monitor_only,530,0.9506608877162056,0.004609106350818459,0.0,0.0,3.8491099386791388,29.113820545472034,0,20,10600,4.530659466383687,,,
monitor_only,531,0.9506965063601168,0.004629714550828834,0.0,0.0,4.626382093059136,29.89109269985203,0,20,10620,4.749576779885327,,,
monitor_only,532,0.9507212600163063,0.0046406120272849405,0.0,0.0,3.515615343840634,28.78032595063353,0,20,10640,3.9661393993133456,,,
monitor_only,533,0.9507005723938002,0.004805699150829956,0.0,0.0,3.925095441176805,29.1898060479697,0,20,10660,3.9912437569502583,,,
monitor_only,534,0.9507146791714346,0.004950927434855035,0.0,0.0,8.10969241946841,33.374403026261305,0,20,10680,16.609184707796445,,,
monitor_only,535,0.9507161182523464,0.004883080361244518,0.0,0.0,6.896129331412111,32.16083993820501,0,20,10700,9.047571405174153,,,
monitor_only,536,0.950752743636174,0.005003073686634774,0.0,0.0,5.06384168436845,30.328552291161344,0,20,10720,9.309183825290912,,,
monitor_only,537,0.9507373075942827,0.004946100642033158,0.0,0.0,5.197459797568291,30.46217040436119,0,20,10740,4.335028059714339,,,
monitor_only,538,0.9507111928401668,0.004915225019435088,0.0,0.0,5.425003832847988,30.689714439640884,0,20,10760,9.522104094728363,,,
monitor_only,539,0.9506948216890937,0.004836658889608381,0.0,0.0,4.486560534192884,29.75127114098578,0,20,10780,4.605459116601768,,,
monitor_only,540,0.9507386276296786,0.004938335499922841,0.0,0.0,3.0006187513070994,28.265329358099997,0,20,10800,1.2246827850299535,,,
monitor_only,541,0.950767142223908,0.004836488276500739,0.0,0.0,7.2888731589724065,32.5535837657653,0,20,10820,9.353443884846167,,,
monitor_only,542,0.9507379900639801,0.00471975887001419,0.0,0.0,3.2347151117133133,28.49942571850621,0,20,10840,4.791921173271805,,,
monitor_only,543,0.9507130945627448,0.004667487408754445,0.0,0.0,2.485390427328102,27.750101034121,0,20,10860,1.2351472987443952,,,
monitor_only,544,0.9507672380318954,0.004647465881050028,0.0,0.0,4.494961596532903,29.7596722033258,0,20,10880,4.325866854696158,,,
monitor_only,545,0.9507715592798749,0.0046436043550611705,0.0,0.0,8.408364904577587,33.673075511370484,0,20,10900,17.440415055475214,,,
monitor_only,546,0.950812574956133,0.004453957914466233,0.0,0.0,2.4822590949879166,27.746969701780813,0,20,10920,1.2529363342111761,,,
monitor_only,547,0.9508381221915353,0.004506115819045253,0.0,0.0,3.062381292518854,28.32709189931175,0,20,10940,1.194642533444763,,,
monitor_only,548,0.9508546895061973,0.0045211136487789405,0.0,0.0,3.1187437605971167,28.383454367390012,0,20,10960,1.34652746158973,,,
monitor_only,549,0.9508702480145468,0.004447319336038258,0.0,0.0,2.6373359909051426,27.90204659769804,0,20,10980,1.1878481089250883,,,
monitor_only,550,0.9508661513688277,0.004419686940516976,0.0,0.0,4.2547634836512795,29.519474090444177,0,20,11000,4.84122741358985,,,
monitor_only,551,0.9509144893154633,0.0043771628458868506,0.0,0.0,4.116326373759673,29.38103698055257,0,20,11020,4.731940261023326,,,
monitor_only,552,0.9508417300274951,0.004416296993014823,0.0,0.0,4.265256071196081,29.529966677988977,0,20,11040,4.338541972735094,,,
monitor_only,553,0.9508719612888621,0.004434230562942121,0.0,0.0,4.134918997617632,29.399629604410528,0,20,11060,4.365727357057673,,,
monitor_only,554,0.9508015947760409,0.004511115621445794,0.0,0.0,7.318863374581819,32.58357398137471,0,20,11080,9.427707246581424,,,
monitor_only,555,0.9507646298697674,0.004460908228836269,0.0,0.0,4.744645098778927,30.00935570557182,0,20,11100,4.292531590008787,,,
monitor_only,556,0.9506962644429042,0.004538057676380269,0.0,0.0,4.340092655971059,29.604803262763955,0,20,11120,4.360993167402056,,,
monitor_only,557,0.9507442013045655,0.004548936548035343,0.0,0.0,6.046328996603338,31.31103960339623,0,20,11140,9.57679914382763,,,
monitor_only,558,0.9508433430873066,0.004265370444688887,0.0,0.0,3.9998718336291605,29.264582440422057,0,20,11160,4.4210200823835955,,,
monitor_only,559,0.9508591237047506,0.004302017324634755,0.0,0.0,2.5091132009958064,27.773823807788702,0,20,11180,1.2757075934669833,,,
monitor_only,560,0.9508399931152396,0.004289443267357251,0.0,0.0,5.07135612397647,30.336066730769367,0,20,11200,4.14392095104803,,,
monitor_only,561,0.9508716961329433,0.0043004734025862135,0.0,0.0,6.222431229885304,31.487141836678198,0,20,11220,9.82524726181086,,,
monitor_only,562,0.950840464441007,0.004451167216756424,0.0,0.0,7.027642275771825,32.29235288256472,0,20,11240,9.969899207806302,,,
monitor_only,563,0.9507695298646548,0.004577141151647979,0.0,0.0,2.699864984751894,27.96457559154479,0,20,11260,1.2870404400836202,,,
monitor_only,564,0.9507704880040879,0.004572522472828244,0.0,0.0,2.732438160466717,27.997148767259613,0,20,11280,1.7113442539762904,,,
monitor_only,565,0.9507993825518872,0.004678357011155709,0.0,0.0,4.142309292060822,29.40701989885372,0,20,11300,4.687760536236607,,,
monitor_only,566,0.9507928172333828,0.004567911146280634,0.0,0.0,5.036468597263197,30.301179204056094,0,20,11320,4.2099409190357795,,,
monitor_only,567,0.9507969427805182,0.004570770961733528,0.0,0.0,5.26769878809846,30.532409394891356,0,20,11340,8.687019516337621,,,
monitor_only,568,0.9507615712349184,0.004590406611859055,0.0,0.0,4.4585486283760485,29.723259235168946,0,20,11360,4.07059208593509,,,
monitor_only,569,0.9507953099627101,0.004581396400045179,0.0,0.0,7.171877324509341,32.436587931302235,0,20,11380,10.121284228186122,,,
monitor_only,570,0.9508460255624118,0.004522962114943074,0.0,0.0,3.636263054279304,28.9009736610722,0,20,11400,4.221938426918284,,,
monitor_only,571,0.9508102862397046,0.004640081325179013,0.0,0.0,2.588958775425901,27.853669382218797,0,20,11420,1.2951178309059104,,,
monitor_only,572,0.9508730701732917,0.0046742933319869895,0.0,0.0,5.0669188570128405,30.331629463805736,0,20,11440,4.568048908185714,,,
monitor_only,573,0.95092818721895,0.004720515211395049,0.0,0.0,3.822637743016947,29.087348349809844,0,20,11460,4.068291890984278,,,
monitor_only,574,0.9509690667447591,0.0047031601316636085,0.0,0.0,4.033886215205103,29.298596821998,0,20,11480,4.343781300781703,,,
monitor_only,575,0.9509755167932427,0.004804590303908118,0.0,0.0,2.447617647460436,27.712328254253332,0,20,11500,1.2466291999558672,,,
monitor_only,576,0.9509862895957103,0.004762679973630446,0.0,0.0,4.943693900210721,30.208404507003618,0,20,11520,9.046057539220234,,,
monitor_only,577,0.9510142414390391,0.004683901838123727,0.0,0.0,3.688633469191441,28.953344075984337,0,20,11540,3.894832886093363,,,
monitor_only,578,0.9510355253049286,0.004670141097268488,0.0,0.0,4.808183654951839,30.072894261744736,0,20,11560,4.652832555787943,,,
monitor_only,579,0.9510499794169658,0.004683319328520397,0.0,0.0,2.5069876198028322,27.771698226595728,0,20,11580,1.330249297233663,,,
monitor_only,580,0.9510079733950894,0.0047106902680477125,0.0,0.0,7.090686569975408,32.35539717676831,0,20,11600,9.48907173540863,,,
monitor_only,581,0.9509670138478828,0.004606571477830945,0.0,0.0,4.151401261634243,29.416111868427137,0,20,11620,4.350923588450212,,,
monitor_only,582,0.9509355901128592,0.004629337359129515,0.0,0.0,4.141038984942328,29.405749591735223,0,20,11640,4.229311791736883,,,
monitor_only,583,0.9508878936845886,0.004535469153772453,0.0,0.0,4.6051856281623085,29.869896234955206,0,20,11660,4.499898524158217,,,
monitor_only,584,0.9508798220956151,0.004643336443065471,0.0,0.0,5.775755507852246,31.04046611464514,0,20,11680,9.36421207790166,,,
monitor_only,585,0.9508619039309273,0.0047584046140258796,0.0,0.0,6.647396981962972,31.912107588755866,0,20,11700,9.642488033217406,,,
monitor_only,586,0.9508489806035312,0.004773462457763111,0.0,0.0,2.153328166447931,27.418038773240827,0,20,11720,1.2649315667090928,,,
monitor_only,587,0.9508445731606198,0.004716166481575579,0.0,0.0,3.982926206493873,29.247636813286768,0,20,11740,4.100472060294341,,,
monitor_only,588,0.9508658468004517,0.004758946445641898,0.0,0.0,3.889119080957896,29.153829687750793,0,20,11760,1.6371088781123786,,,
monitor_only,589,0.9509068679485195,0.004795277588375391,0.0,0.0,3.647679840952015,28.91239044774491,0,20,11780,4.400831390112537,,,
monitor_only,590,0.9509691135310949,0.004804739991219997,0.0,0.0,4.088557673583914,29.35326828037681,0,20,11800,4.232896805162084,,,
monitor_only,591,0.9509741473590715,0.0047525222596003225,0.0,0.0,5.241529717572121,30.506240324365017,0,20,11820,9.752602164443015,,,
monitor_only,592,0.9509971596974828,0.0048500150214484394,0.0,0.0,4.631072664413521,29.89578327120642,0,20,11840,4.27762647047195,,,
monitor_only,593,0.9509252137581496,0.004799644132753356,0.0,0.0,3.294816416743972,28.55952702353687,0,20,11860,4.328427296461888,,,
monitor_only,594,0.9508899585172831,0.004764499543651879,0.0,0.0,2.437846814201877,27.702557420994772,0,20,11880,1.2451038296330912,,,
monitor_only,595,0.950897682237463,0.004890465238483133,0.0,0.0,4.4157453314796316,29.680455938272527,0,20,11900,4.422979645160551,,,
monitor_only,596,0.950941635772646,0.005007250540905894,0.0,0.0,8.647915230095354,33.91262583688825,0,20,11920,17.064834407426133,,,
monitor_only,597,0.9510493841821038,0.0048468020056555705,0.0,0.0,4.642077200785377,29.906787807578272,0,20,11940,4.467277106787043,,,
monitor_only,598,0.951112864887023,0.004708963427504154,0.0,0.0,6.159026480480854,31.42373708727375,0,20,11960,16.61349416255329,,,
monitor_only,599,0.9511103585095507,0.004682955163120894,0.0,0.0,3.2684726267960342,28.53318323358893,0,20,11980,4.521507788643836,,,
monitor_only,600,0.9511478819233141,0.004572122800213019,0.0,0.0,2.9691396290023366,28.23385023579523,0,20,12000,1.2026237018644559,,,
monitor_only,601,0.9511598867623337,0.004523660950691566,0.0,0.0,4.282382145138836,29.547092751931732,0,20,12020,4.288563347188886,,,
monitor_only,602,0.9511299621516135,0.004560246813057667,0.0,0.0,4.028102162816585,29.29281276960948,0,20,12040,4.5412452515284105,,,
monitor_only,603,0.9511102586282663,0.004429446413745097,0.0,0.0,7.305654220967845,32.57036482776074,0,20,12060,9.97408844439441,,,
monitor_only,604,0.9511366810518075,0.0043596299072481415,0.0,0.0,3.8857432050106184,29.150453811803516,0,20,12080,4.324807801715588,,,
monitor_only,605,0.9511442446197527,0.004404855761489079,0.0,0.0,3.637894888443261,28.902605495236156,0,20,12100,4.295006871866444,,,
monitor_only,606,0.9511987456356394,0.0043398826686508185,0.0,0.0,3.71537465306528,28.980085259858175,0,20,12120,4.429770527166697,,,
monitor_only,607,0.9511403974769005,0.004521308346635111,0.0,0.0,4.658428370085803,29.923138976878697,0,20,12140,4.51462604968459,,,
monitor_only,608,0.9511692996287896,0.004311954184011202,0.0,0.0,4.095915615141147,29.36062622193404,0,20,12160,4.277004572329235,,,
monitor_only,609,0.9511547688479755,0.004207068197466524,0.0,0.0,2.9665397208770106,28.231250327669905,0,20,12180,1.2377907328803293,,,
monitor_only,610,0.9512212063764257,0.003938947049821229,0.0,0.0,5.117895682430242,30.382606289223137,0,20,12200,4.329995121846927,,,
monitor_only,611,0.9511745861616998,0.003904343739373206,0.0,0.0,3.279931378425488,28.544641985218384,0,20,12220,3.9820720115074226,,,
monitor_only,612,0.9511999817448897,0.0037496515139767705,0.0,0.0,4.31315696798891,29.577867574781806,0,20,12240,4.614613966326764,,,
monitor_only,613,0.9512081346938954,0.0036569612476190505,0.0,0.0,4.113281063671166,29.377991670464063,0,20,12260,4.514802562984462,,,
monitor_only,614,0.9512098949955736,0.003767348913728208,0.0,0.0,3.9193637444551728,29.184074351248068,0,20,12280,4.014305068022194,,,
monitor_only,615,0.9513010302471323,0.0036676544354304896,0.0,0.0,4.103769369062713,29.368479975855607,0,20,12300,4.654371688942575,,,
monitor_only,616,0.951331635073288,0.0036856209718523214,0.0,0.0,5.769002606239382,31.03371321303228,0,20,12320,4.389815819720041,,,
monitor_only,617,0.9513741531490908,0.0036245601542377326,0.0,0.0,5.150554319144843,30.415264925937738,0,20,12340,9.295511496668588,,,
monitor_only,618,0.9514546150961611,0.0036214910792551347,0.0,0.0,6.448485510766715,31.71319611755961,0,20,12360,9.879279627320823,,,
monitor_only,619,0.951482896161979,0.0035649529388910306,0.0,0.0,5.433804871189402,30.698515477982298,0,20,12380,8.907196718445883,,,
monitor_only,620,0.951462045646516,0.0035539382977807232,0.0,0.0,2.601773219857484,27.86648382665038,0,20,12400,1.2644135875092384,,,
monitor_only,621,0.9514709345023146,0.003651259907085258,0.0,0.0,4.191286009704807,29.455996616497703,0,20,12420,4.018387101735644,,,
monitor_only,622,0.9514706979168095,0.0036109623030443627,0.0,0.0,3.8759333471848962,29.140643953977794,0,20,12440,4.060986752501713,,,
monitor_only,623,0.9515089579611191,0.003479901082709569,0.0,0.0,5.260738215194563,30.52544882198746,0,20,12460,8.851185034376032,,,
monitor_only,624,0.9514474199167454,0.0034890304217658485,0.0,0.0,3.8089363903009628,29.07364699709386,0,20,12480,4.559732577760758,,,
monitor_only,625,0.9514657857152286,0.0034669825567914536,0.0,0.0,3.6914937266232632,28.95620433341616,0,20,12500,4.722439780268985,,,
monitor_only,626,0.9514720852327667,0.0034092685715576554,0.0,0.0,5.024068639579645,30.288779246372542,0,20,12520,4.415618741116597,,,
monitor_only,627,0.9514503935135755,0.003441024168846285,0.0,0.0,4.744360574988776,30.00907118178167,0,20,12540,3.71484307045954,,,
monitor_only,628,0.9514068925433019,0.003389142451287075,0.0,0.0,2.7838138343487255,28.048524441141623,0,20,12560,1.3434945429015173,,,
monitor_only,629,0.9514485170519957,0.003403804539774069,0.0,0.0,2.550002063298388,27.814712670091282,0,20,12580,1.3714507650204397,,,
monitor_only,630,0.9514769788740177,0.003440566572720072,0.0,0.0,5.639647826190444,30.90435843298334,0,20,12600,4.013655861743461,,,
monitor_only,631,0.9514601801319033,0.0033981488089861456,0.0,0.0,4.558794168281056,29.823504775073953,0,20,12620,4.483983372432895,,,
monitor_only,632,0.9514812800070908,0.003386337316761079,0.0,0.0,5.146647203787873,30.411357810580768,0,20,12640,4.4276006343701555,,,
monitor_only,633,0.9515139999007294,0.003429444560222983,0.0,0.0,4.264071805013734,29.52878241180663,0,20,12660,3.8880570499690585,,,
monitor_only,634,0.9514670128459666,0.0035030903812186542,0.0,0.0,3.5650766167630783,28.829787223555975,0,20,12680,4.688606586098012,,,
monitor_only,635,0.9514300245669163,0.0034364864548439567,0.0,0.0,4.59015200346148,29.854862610254376,0,20,12700,4.247679214972418,,,
monitor_only,636,0.9514519419642689,0.0034759578324058404,0.0,0.0,4.616480839675955,29.88119144646885,0,20,12720,8.474412955542544,,,
monitor_only,637,0.9514913952558228,0.003351487928653696,0.0,0.0,2.833603640917086,28.098314247709983,0,20,12740,1.3205509260063626,,,
monitor_only,638,0.9514683211863412,0.003249263097983457,0.0,0.0,2.2905431571602994,27.555253763953196,0,20,12760,1.334732401475854,,,
monitor_only,639,0.9514777362854887,0.0032801700146734003,0.0,0.0,2.655689258897027,27.920399865689923,0,20,12780,1.2779119015201104,,,
monitor_only,640,0.9514743898707742,0.0033278712943770605,0.0,0.0,4.995982987302549,30.260693594095443,0,20,12800,4.3249079694559365,,,
monitor_only,641,0.951501439498528,0.0031775567731323617,0.0,0.0,6.189855664637412,31.45456627143031,0,20,12820,8.729148970315974,,,
monitor_only,642,0.9515574653943326,0.0031588909759548978,0.0,0.0,2.4535331908145332,27.71824379760743,0,20,12840,1.2018560177637596,,,
monitor_only,643,0.9515154903429547,0.003147233521446302,0.0,0.0,6.145272243810491,31.409982850603388,0,20,12860,9.201558900604615,,,
monitor_only,644,0.9515572175027859,0.003054636973012115,0.0,0.0,2.7244416157965077,27.989152222589404,0,20,12880,1.125046310665748,,,
monitor_only,645,0.9515280506306674,0.0031088431496375524,0.0,0.0,3.7992886088185664,29.063999215611464,0,20,12900,4.560328270245729,,,
monitor_only,646,0.9515319972571914,0.0030410324158103297,0.0,0.0,4.197566860557257,29.46227746735015,0,20,12920,4.297185778380115,,,
monitor_only,647,0.9515692756729742,0.0029216386027817176,0.0,0.0,4.473688719785727,29.738399326578623,0,20,12940,4.463889157299264,,,
monitor_only,648,0.9515968762187248,0.0029767714643896825,0.0,0.0,3.659913561302197,28.924624168095093,0,20,12960,3.8039126734590294,,,
monitor_only,649,0.9515862816691465,0.003025383528806991,0.0,0.0,4.572948114086309,29.837658720879205,0,20,12980,4.351340715355407,,,
monitor_only,650,0.951606691991818,0.0029886825780652826,0.0,0.0,3.7365612343793457,29.00127184117224,0,20,13000,4.08984814553858,,,
monitor_only,651,0.9516556472582113,0.002908410370633052,0.0,0.0,3.664536599642415,28.92924720643531,0,20,13020,4.322206373051777,,,
monitor_only,652,0.9516935003488723,0.0029812118473184768,0.0,0.0,4.514772296649496,29.779482903442393,0,20,13040,4.072199086808957,,,
monitor_only,653,0.9516853452462698,0.003023154784989379,0.0,0.0,2.8074935454971026,28.07220415229,0,20,13060,1.3321071375700124,,,
monitor_only,654,0.9517121351186988,0.0029789498721936036,0.0,0.0,4.476762644905577,29.741473251698473,0,20,13080,4.611589964432424,,,
monitor_only,655,0.9516809573237748,0.002916735842294904,0.0,0.0,7.247958282245675,32.51266888903857,0,20,13100,9.975480951812363,,,
monitor_only,656,0.9517180270311395,0.0030526692500655317,0.0,0.0,2.930235857617375,28.194946464410272,0,20,13120,1.2358114764019488,,,
monitor_only,657,0.9517048334683318,0.002980723241393979,0.0,0.0,6.146268422090852,31.410979028883748,0,20,13140,9.282504415586033,,,
monitor_only,658,0.9517295053008804,0.0030096721055723474,0.0,0.0,2.500501854771704,27.7652124615646,0,20,13160,1.2984995958382028,,,
monitor_only,659,0.9516455127393093,0.0030615823882520488,0.0,0.0,4.282162937608182,29.546873544401077,0,20,13180,4.089006557493537,,,
monitor_only,660,0.9516836193313533,0.0031313426850357873,0.0,0.0,2.5822823671156967,27.84699297390859,0,20,13200,1.176863862022566,,,
monitor_only,661,0.9516885538836353,0.0030344987767797482,0.0,0.0,3.931059313335304,29.1957699201282,0,20,13220,4.358152167141411,,,
monitor_only,662,0.951679405139126,0.0030791425257082894,0.0,0.0,4.475937407872971,29.740648014665865,0,20,13240,4.418246850366504,,,
monitor_only,663,0.9516343144012956,0.0030564501284398027,0.0,0.0,5.88506541053237,31.149776017325266,0,20,13260,9.563546360372317,,,
monitor_only,664,0.9516064565422024,0.0030622790152942114,0.0,0.0,2.2830516669496084,27.547762273742503,0,20,13280,1.2727687106948622,,,
monitor_only,665,0.9516288478164409,0.0030229487867033944,0.0,0.0,3.0867329778599597,28.351443584652856,0,20,13300,1.2825146918928028,,,
monitor_only,666,0.9515766095542567,0.003108452075119672,0.0,0.0,4.33216224519114,29.596872851984035,0,20,13320,4.465190248195214,,,
monitor_only,667,0.9515860222299017,0.0032454844842717545,0.0,0.0,4.222858378944391,29.487568985737287,0,20,13340,4.5419535249900065,,,
monitor_only,668,0.9515975692508747,0.003293610665583757,0.0,0.0,6.725494489895706,31.9902050966886,0,20,13360,9.875900425574635,,,
monitor_only,669,0.9517008937034773,0.0031855410263653683,0.0,0.0,4.24929656976447,29.514007176557364,0,20,13380,4.791975325610061,,,
monitor_only,670,0.9516672879480991,0.003305044881234176,0.0,0.0,2.74727101509321,28.011981621886108,0,20,13400,1.1430769714367524,,,
monitor_only,671,0.9516075029810096,0.0034779628273415852,0.0,0.0,3.2683606989489666,28.533071305741863,0,20,13420,4.437220439804458,,,
monitor_only,672,0.9516368143507816,0.0035389211507692586,0.0,0.0,4.381141026348134,29.645851633141028,0,20,13440,4.102590127938388,,,
monitor_only,673,0.9516765799827241,0.0035595346271934947,0.0,0.0,4.7500178777815485,30.014728484574444,0,20,13460,4.098789109377412,,,
monitor_only,674,0.951664617422232,0.003489389903851392,0.0,0.0,7.15772895149728,32.42243955829018,0,20,13480,9.682801132449706,,,
monitor_only,675,0.9516700089701927,0.0034681297381837783,0.0,0.0,3.2459618949655873,28.510672501758485,0,20,13500,4.3844468406617265,,,
monitor_only,676,0.9517087624611847,0.0033532689838289276,0.0,0.0,6.719400281790438,31.984110888583334,0,20,13520,10.166193082120877,,,
monitor_only,677,0.9517017686792906,0.0032708895622493017,0.0,0.0,4.294271401044308,29.558982007837205,0,20,13540,4.160272892174917,,,
monitor_only,678,0.9517647263809701,0.0033975555111850353,0.0,0.0,4.362597001894722,29.627307608687616,0,20,13560,4.511188659224149,,,
monitor_only,679,0.9517421959709982,0.0033726465006334028,0.0,0.0,7.002097117502467,32.26680772429536,0,20,13580,9.126887353952185,,,
monitor_only,680,0.9517949667562232,0.0032251831751690663,0.0,0.0,9.068438825335592,34.33314943212849,0,20,13600,16.315216968744906,,,
monitor_only,681,0.9518055798287537,0.0031561857735860066,0.0,0.0,5.180144345565294,30.44485495235819,0,20,13620,4.264373211231652,,,
monitor_only,682,0.9518183881007836,0.0032036612197601233,0.0,0.0,6.430799378831621,31.69550998562452,0,20,13640,9.132868695254386,,,
monitor_only,683,0.9518031113512813,0.0033068520926853306,0.0,0.0,4.953224533518999,30.217935140311894,0,20,13660,4.363202846758194,,,
monitor_only,684,0.9518465776495096,0.0031531652381106,0.0,0.0,4.689469054424602,29.9541796612175,0,20,13680,4.456969843249069,,,
monitor_only,685,0.9518763049269583,0.0029930251177592293,0.0,0.0,3.4039522722016096,28.668662878994507,0,20,13700,4.431333968116227,,,
monitor_only,686,0.9518410820286812,0.002899570811754071,0.0,0.0,2.6962462993966705,27.960956906189566,0,20,13720,1.2180842819399416,,,
monitor_only,687,0.9518268040451819,0.0029475726549620385,0.0,0.0,5.007334573305641,30.272045180098537,0,20,13740,4.367445093990544,,,
monitor_only,688,0.9518127705090791,0.0028968063451740855,0.0,0.0,3.6417184134684812,28.906429020261378,0,20,13760,4.11065809056151,,,
monitor_only,689,0.9518143178674929,0.00277315433741232,0.0,0.0,6.260184162626719,31.524894769419614,0,20,13780,9.491397554230565,,,
monitor_only,690,0.951772855602591,0.00285725284190097,0.0,0.0,2.5241712740342277,27.788881880827123,0,20,13800,1.1527480227687026,,,
monitor_only,691,0.9518128668289901,0.002844531948250073,0.0,0.0,2.292027646503154,27.55673825329605,0,20,13820,1.1838450677918306,,,
monitor_only,692,0.9517927382665311,0.002994019428647965,0.0,0.0,5.7142560602151455,30.97896666700804,0,20,13840,4.681858323015886,,,
monitor_only,693,0.9517150403685708,0.003088423357658132,0.0,0.0,3.9724801916664267,29.237190798459324,0,20,13860,4.44464527638317,,,
monitor_only,694,0.9517326813465281,0.003088223593560757,0.0,0.0,2.1587738849392584,27.423484491732154,0,20,13880,1.228957895276789,,,
monitor_only,695,0.9517616438465183,0.0030812138015758883,0.0,0.0,2.4067744422271606,27.671485049020056,0,20,13900,1.3513515960276774,,,
monitor_only,696,0.9518510733378542,0.002964921393099229,0.0,0.0,4.778869321852587,30.04357992864548,0,20,13920,4.71687703221239,,,
monitor_only,697,0.9518640982065957,0.003125521415817012,0.0,0.0,7.050840030230037,32.31555063702293,0,20,13940,9.254984452179169,,,
monitor_only,698,0.9518541590367737,0.0030342871240108815,0.0,0.0,4.2727560126985695,29.537466619491465,0,20,13960,4.5113039023407095,,,
monitor_only,699,0.9518772152572688,0.0029156398751778445,0.0,0.0,2.6889241748217416,27.95363478161464,0,20,13980,1.3827419755149046,,,
monitor_only,700,0.9519226969646029,0.0029139999250287207,0.0,0.0,8.65416816044411,33.918878767237004,0,20,14000,17.00775588759326,,,
monitor_only,701,0.9518813446742145,0.003001947225879098,0.0,0.0,6.267684118126228,31.532394724919122,0,20,14020,9.476225672168846,,,
monitor_only,702,0.9518466981402307,0.003039710029003939,0.0,0.0,5.6646186771463825,30.92932928393928,0,20,14040,4.192757545188425,,,
monitor_only,703,0.9518250369590898,0.0030569711466285066,0.0,0.0,4.9010474578361105,30.165758064629006,0,20,14060,4.324639906844573,,,
monitor_only,704,0.9518596497200817,0.0029635727732637562,0.0,0.0,4.339480998024601,29.604191604817498,0,20,14080,4.701496769333526,,,
monitor_only,705,0.9519128233439068,0.0029228485277386085,0.0,0.0,2.3570377207047883,27.621748327497684,0,20,14100,1.4433696379684742,,,
monitor_only,706,0.9519087904205032,0.0030708390301474875,0.0,0.0,2.464200646925483,27.72891125371838,0,20,14120,1.3902855512615224,,,
monitor_only,707,0.9519472887647168,0.0030236162440057113,0.0,0.0,5.723700185854995,30.98841079264789,0,20,14140,9.272237571999336,,,
monitor_only,708,0.9519369125304249,0.0029767244278313676,0.0,0.0,4.337371503176587,29.602082109969484,0,20,14160,4.282505080511837,,,
monitor_only,709,0.9519214755136185,0.003144285259017221,0.0,0.0,4.552098060398541,29.816808667191438,0,20,14180,4.765247993229526,,,
monitor_only,710,0.951938364457711,0.00319128481017783,0.0,0.0,6.803912086279666,32.06862269307256,0,20,14200,8.939991261182387,,,
monitor_only,711,0.9519518872034157,0.0032254775905886657,0.0,0.0,2.446008382687135,27.710718989480032,0,20,14220,1.4994380220326222,,,
monitor_only,712,0.9519556689574431,0.0031931863319035747,0.0,0.0,5.538181924487433,30.802892531280328,0,20,14240,10.059517574979498,,,
monitor_only,713,0.9519905580775192,0.0032047427943122653,0.0,0.0,2.140556561997962,27.405267168790857,0,20,14260,1.1350974329032182,,,
monitor_only,714,0.9520056191340044,0.003287643772728499,0.0,0.0,6.247035995546086,31.51174660233898,0,20,14280,9.315134047302873,,,
monitor_only,715,0.9520370375558893,0.003251357540384081,0.0,0.0,5.365818097275674,30.63052870406857,0,20,14300,4.06499705835856,,,
monitor_only,716,0.9520288255408987,0.0032476606411648845,0.0,0.0,4.619448861405073,29.884159468197968,0,20,14320,4.338462012987952,,,
monitor_only,717,0.9520329644129556,0.0033375395568062682,0.0,0.0,4.846942365418001,30.111652972210898,0,20,14340,4.148875018725282,,,
monitor_only,718,0.9520257895424831,0.0034235536624742657,0.0,0.0,2.978288019358928,28.242998626151824,0,20,14360,1.388139243769649,,,
monitor_only,719,0.9520241976101833,0.003217018305435859,0.0,0.0,5.542940408778771,30.807651015571665,0,20,14380,4.5694601592398545,,,
monitor_only,720,0.9520388077957487,0.0032664080311738397,0.0,0.0,4.265212293234041,29.529922900026936,0,20,14400,4.217437959911922,,,
monitor_only,721,0.9520940359901737,0.0032002415125308437,0.0,0.0,4.908939293166004,30.1736498999589,0,20,14420,4.624862616457623,,,
monitor_only,722,0.9521130420242901,0.003277137105053174,0.0,0.0,2.3104618102820145,27.57517241707491,0,20,14440,1.1372490185581134,,,
monitor_only,723,0.9521304146404937,0.003182335357896804,0.0,0.0,4.358304908300512,29.623015515093407,0,20,14460,4.2632444840194665,,,
monitor_only,724,0.9521540534888638,0.0031364831441407226,0.0,0.0,3.6528632729601975,28.917573879753093,0,20,14480,4.586303179628579,,,
monitor_only,725,0.9520816141697644,0.0031137063943006416,0.0,0.0,3.303810057648655,28.56852066444155,0,20,14500,4.095948721698806,,,
monitor_only,726,0.9520867636398275,0.003062239019128943,0.0,0.0,7.352673958151188,32.61738456494408,0,20,14520,9.204634681547569,,,
monitor_only,727,0.9520358726530193,0.003045810316500752,0.0,0.0,6.777916364448469,32.04262697124136,0,20,14540,9.306938176184381,,,
monitor_only,728,0.9520984202550516,0.0029502773207847888,0.0,0.0,3.5009439706720245,28.76565457746492,0,20,14560,4.542472333948083,,,
monitor_only,729,0.9521067352480572,0.002990775710204563,0.0,0.0,3.854603081372334,29.11931368816523,0,20,14580,4.396206242286341,,,
monitor_only,730,0.9521888353309453,0.0030863937626934845,0.0,0.0,6.858714242666219,32.12342484945911,0,20,14600,9.220390370261194,,,
monitor_only,731,0.9521828694557731,0.0030505847112684004,0.0,0.0,5.027060825126558,30.291771431919454,0,20,14620,10.171376702621124,,,
monitor_only,732,0.9521947042934977,0.002994304193051245,0.0,0.0,5.1558098988146375,30.420520505607534,0,20,14640,9.252053656677802,,,
monitor_only,733,0.9521349206207502,0.0031297462824202427,0.0,0.0,5.623809006498261,30.88851961329116,0,20,14660,9.52545920295062,,,
monitor_only,734,0.9521549741833869,0.0029544051871955856,0.0,0.0,5.247716077486166,30.512426684279063,0,20,14680,4.225550643859689,,,
monitor_only,735,0.9521530459546135,0.003103795997107861,0.0,0.0,7.016421631532347,32.28113223832524,0,20,14700,9.971372923719038,,,
monitor_only,736,0.952170377141626,0.0030757520891933066,0.0,0.0,4.318130650540627,29.582841257333524,0,20,14720,5.08082325557295,,,
monitor_only,737,0.9521829149024571,0.0031066649017775783,0.0,0.0,5.795197487343387,31.059908094136283,0,20,14740,9.754851313592956,,,
monitor_only,738,0.9522211903628228,0.003138597804438259,0.0,0.0,3.6679905178242653,28.93270112461716,0,20,14760,4.313580125211927,,,
monitor_only,739,0.9522155682939003,0.0030834689839966956,0.0,0.0,5.00147753792359,30.266188144716487,0,20,14780,4.2271926609598705,,,
monitor_only,740,0.9522203022297133,0.0030526739840013306,0.0,0.0,4.158916222986368,29.423626829779263,0,20,14800,4.2614135926343915,,,
monitor_only,741,0.9522448076460435,0.0032121856071608557,0.0,0.0,2.387558047867968,27.652268654660865,0,20,14820,1.3320876200770737,,,
monitor_only,742,0.9522410993618409,0.003049864785772627,0.0,0.0,3.8855162530434546,29.15022685983635,0,20,14840,4.412370782717768,,,
monitor_only,743,0.9521828670076928,0.0031454321759505355,0.0,0.0,3.805145376866272,29.069855983659167,0,20,14860,4.137725281827398,,,
monitor_only,744,0.952141831430755,0.003114285442027964,0.0,0.0,8.038931434142548,33.30364204093544,0,20,14880,16.693178115045487,,,
monitor_only,745,0.9521816829946471,0.0029653538639193844,0.0,0.0,2.3948043391273455,27.659514945920243,0,20,14900,1.46009028859249,,,
monitor_only,746,0.9521579955452957,0.0029552319934387228,0.0,0.0,5.1270911293454065,30.3918017361383,0,20,14920,9.189676078828779,,,
monitor_only,747,0.952185724374222,0.0029804596883791223,0.0,0.0,6.114151123488564,31.37886173028146,0,20,14940,9.09968155135244,,,
monitor_only,748,0.9522197041849918,0.002835309440392786,0.0,0.0,4.821404117798388,30.086114724591283,0,20,14960,4.476343410978967,,,
monitor_only,749,0.9522302582169473,0.002830522472370589,0.0,0.0,5.000702840636069,30.265413447428966,0,20,14980,4.231589707252412,,,
monitor_only,750,0.9521720443080088,0.003011877593222967,0.0,0.0,10.72563852266007,35.990349129452966,0,20,15000,25.761987658966703,,,
monitor_only,751,0.951679373377567,0.0029548196945232696,0.8,0.0,5.271902826356173,30.536613433149068,0,20,15020,6.952439851860392,,,
monitor_only,752,0.9507400315957256,0.0034810928688430165,0.8,0.0,5.357240807980444,30.621951414773342,0,20,15040,6.557774825576128,,,
monitor_only,753,0.9488749107840206,0.0056170123494410085,0.8,0.0,2.604462700185765,27.86917330697866,0,20,15060,14.721818027607176,,,
monitor_only,754,0.9456863012444143,0.009987491630481071,0.8,0.0,3.7201766423046347,28.984887249097532,0,20,15080,7.479819284876431,,,
monitor_only,755,0.9412652147058861,0.017379393283627587,0.8,0.0,4.80428169851002,30.068992305302917,0,20,15100,14.330858742514105,,,
monitor_only,756,0.936563519474424,0.027233349545765173,0.8,0.0,5.388277742933554,30.65298834972645,0,20,15120,11.704825206771083,,,
monitor_only,757,0.9332095537433966,0.03686426989830738,0.8,0.0,4.344435103378342,29.609145710171237,0,20,15140,7.94928489482751,,,
monitor_only,758,0.9314295210166883,0.0442802078610256,0.8,0.0,3.7849577841703437,29.04966839096324,0,20,15160,13.678661381445684,,,
monitor_only,759,0.9305322137716694,0.05073539149959183,0.8,0.0,3.9958419112450754,29.260552518037972,0,20,15180,14.05215947461929,,,
monitor_only,760,0.9301299048642918,0.056237910673250346,0.8,0.0,4.120045703266762,29.384756310059657,0,20,15200,7.181622346556978,,,
monitor_only,761,0.9299606197024305,0.06111249976383826,0.8,0.0,5.919892521473719,31.184603128266616,0,20,15220,12.800866206395293,,,
monitor_only,762,0.9298829106935058,0.06586329227836762,0.8,0.0,5.90146871599864,31.166179322791535,0,20,15240,6.872848361474916,,,
monitor_only,763,0.9298492182930048,0.07050043850674292,0.8,0.0,2.134663146853973,27.39937375364687,0,20,15260,7.260623406174608,,,
monitor_only,764,0.9298350062354397,0.07505673385531442,0.8,0.0,2.1844335637557526,27.44914417054865,0,20,15280,7.38548309304825,,,
monitor_only,765,0.929828880771643,0.07964532908917954,0.8,0.0,4.183754023951339,29.448464630744233,0,20,15300,12.618212626370873,,,
monitor_only,766,0.9298263936919084,0.08415718895640645,0.8,0.0,8.189268192159032,33.45397879895193,0,20,15320,21.460856774323766,,,
monitor_only,767,0.9298253862385767,0.08848892907784323,0.8,0.0,4.200797109679124,29.46550771647202,0,20,15340,6.93420417694134,,,
monitor_only,768,0.9298249257251023,0.0929048432806544,0.8,0.0,4.195526125573355,29.46023673236625,0,20,15360,7.200798699128738,,,
monitor_only,769,0.929824726370075,0.09736672201995877,0.8,0.0,4.157181018790315,29.42189162558321,0,20,15380,7.034491170757584,,,
monitor_only,770,0.929824636039844,0.10165132673165311,0.8,0.0,4.219284111629695,29.48399471842259,0,20,15400,13.062673874660863,,,
monitor_only,771,0.9298245921800552,0.1063827264712569,0.8,0.0,3.926818918625064,29.19152952541796,0,20,15420,5.825448773612848,,,
monitor_only,772,0.9298245753713857,0.11081317418913383,0.8,0.0,4.1789683036221446,29.44367891041504,0,20,15440,7.130740939120975,,,
monitor_only,773,0.9298245672243103,0.1156617830384371,0.8,0.0,4.0784273322055995,29.343137938998495,0,20,15460,3.353026597702184,,,
monitor_only,774,0.9298245639584947,0.1201803110395141,0.8,0.0,4.229894840450622,29.49460544724352,0,20,15480,13.997641952826564,,,
monitor_only,775,0.9298245625453962,0.12474203212218216,0.8,0.0,3.912227323686052,29.17693793047895,0,20,15500,6.277364767883548,,,
monitor_only,776,0.9298245619001883,0.12928354985637236,0.8,0.0,3.834003775713612,29.098714382506508,0,20,15520,6.0051378465054555,,,
monitor_only,777,0.9298245616206772,0.13397317695629507,0.8,0.0,2.290541058969858,27.555251665762754,0,20,15540,7.657512543838678,,,
monitor_only,778,0.9298245614979888,0.13859514746411217,0.8,0.0,4.232969962745992,29.497680569538886,0,20,15560,7.1846939735228785,,,
monitor_only,779,0.9298245614459703,0.1432045844306703,0.8,0.0,4.309571204393195,29.57428181118609,0,20,15580,13.530417808218083,,,
monitor_only,780,0.9298245614227485,0.14772622174382244,0.8,0.0,3.7719869343640373,29.036697541156933,0,20,15600,2.721758927564949,,,
monitor_only,781,0.9298245614119338,0.15241497946595517,0.8,0.0,6.212530634743012,31.477241241535907,0,20,15620,14.221384267337918,,,
monitor_only,782,0.9298245614070411,0.1573133490617009,0.8,0.0,8.111944377754961,33.376654984547855,0,20,15640,14.890326716180239,,,
monitor_only,783,0.9298245614050968,0.16182083183943274,0.8,0.0,4.276184745240477,29.540895352033374,0,20,15660,7.646195725541275,,,
monitor_only,784,0.9298245614042304,0.16639255017841137,0.8,0.0,10.23695654029806,35.501667147090956,0,20,15680,16.19208086493886,,,
monitor_only,785,0.9298245614038273,0.17119879756693268,0.8,0.0,8.293498634313435,33.55820924110633,0,20,15700,14.345773331951607,,,
monitor_only,786,0.9298245614036482,0.17583713587751737,0.8,0.0,6.282816858618247,31.547527465411143,0,20,15720,10.458781565795004,,,
monitor_only,787,0.9298245614035703,0.18034976331575192,0.8,0.0,8.38392399516552,33.64863460195841,0,20,15740,13.784142830974089,,,
monitor_only,788,0.929824561403536,0.18488840234227666,0.8,0.0,3.7002705525406325,28.96498115933353,0,20,15760,3.075377665390085,,,
monitor_only,789,0.9298245614035213,0.1895303902109995,0.8,0.0,6.409910181213454,31.67462078800635,0,20,15780,14.294655388196535,,,
monitor_only,790,0.9298245614035145,0.19406914901708783,0.8,0.0,6.370064562265871,31.634775169058766,0,20,15800,14.481481124200544,,,
monitor_only,791,0.9298245614035114,0.19867309906049757,0.8,0.0,2.3899846682294332,27.65469527502233,0,20,15820,7.716976735869568,,,
monitor_only,792,0.9298245614035102,0.20320579173358222,0.8,0.0,7.850830800071404,33.1155414068643,0,20,15840,6.4306554958722435,,,
monitor_only,793,0.9298245614035093,0.2078054959189174,0.8,0.0,6.342987091229875,31.607697698022772,0,20,15860,11.293035674882605,,,
monitor_only,794,0.929824561403509,0.2122448427983058,0.8,0.0,6.449382255396885,31.71409286218978,0,20,15880,13.496664871703127,,,
monitor_only,795,0.9298245614035088,0.21686901986318852,0.8,0.0,3.840682725710215,29.105393332503112,0,20,15900,7.1773829344401525,,,
monitor_only,796,0.9298245614035088,0.22130580139174405,0.8,0.0,6.439656115923185,31.70436672271608,0,20,15920,14.150005547096162,,,
monitor_only,797,0.9298245614035087,0.2258179467121042,0.8,0.0,8.481328136051113,33.74603874284401,0,20,15940,14.325971760266388,,,
monitor_only,798,0.9298245614035087,0.23028960307986923,0.8,0.0,2.494960075669289,27.759670682462186,0,20,15960,7.223883488397844,,,
monitor_only,799,0.9298245614035089,0.23472885850860037,0.8,0.0,4.493479733291312,29.75819034008421,0,20,15980,7.388195072172247,,,
monitor_only,800,0.9298245614035087,0.2390839840507556,0.8,0.0,4.50406677268913,29.768777379482025,0,20,16000,6.833266300960102,,,
monitor_only,801,0.9298245614035089,0.24350775335142294,0.8,0.0,8.413963437220366,33.67867404401326,0,20,16020,13.48038598714344,,,
monitor_only,802,0.9298245614035087,0.24799056133605146,0.8,0.0,6.4180912715991045,31.682801878392,0,20,16040,13.624489020165857,,,
monitor_only,803,0.9298245614035088,0.25246567956554133,0.8,0.0,3.813010825890036,29.07772143268293,0,20,16060,6.983577085574361,,,
monitor_only,804,0.9298245614035088,0.25682335649775423,0.8,0.0,6.41502807597098,31.679738682763876,0,20,16080,14.129813180274901,,,
monitor_only,805,0.9298245614035089,0.2612334084325598,0.8,0.0,4.408963343034435,29.673673949827332,0,20,16100,7.591176495435502,,,
monitor_only,806,0.9298245614035086,0.26579688758676445,0.8,0.0,4.557975649296236,29.82268625608913,0,20,16120,14.176504620924034,,,
monitor_only,807,0.9298245614035089,0.2704088354159033,0.8,0.0,4.567244857182071,29.831955463974968,0,20,16140,7.541611789398726,,,
monitor_only,808,0.9298245614035087,0.27476475965822644,0.8,0.0,6.4258342269381075,31.690544833731003,0,20,16160,13.9130437274586,,,
monitor_only,809,0.9298245614035088,0.27918973000386815,0.8,0.0,4.539822029654313,29.80453263644721,0,20,16180,14.100602238858187,,,
monitor_only,810,0.9298245614035087,0.28359803722578736,0.8,0.0,4.594361551222386,29.85907215801528,0,20,16200,7.355887211079885,,,
monitor_only,811,0.9298245614035088,0.2879736907606688,0.8,0.0,6.501698112290918,31.766408719083813,0,20,16220,11.952099901393018,,,
monitor_only,812,0.9298245614035088,0.2922872158361186,0.8,0.0,3.543780247154352,28.808490853947248,0,20,16240,3.0279325495656577,,,
monitor_only,813,0.9298245614035088,0.29667141265436636,0.8,0.0,3.779063387463335,29.04377399425623,0,20,16260,6.184709009865602,,,
monitor_only,814,0.9298245614035087,0.3011486136256373,0.8,0.0,4.491805634365151,29.756516241158046,0,20,16280,7.864642185853748,,,
monitor_only,815,0.9298245614035087,0.30543633663039393,0.8,0.0,5.77195794994734,31.036668556740235,0,20,16300,6.196861233122661,,,
monitor_only,816,0.9298245614035087,0.3097209330512328,0.8,0.0,4.65307091776168,29.917781524554577,0,20,16320,7.157833054831665,,,
monitor_only,817,0.9298245614035088,0.31397554701159447,0.8,0.0,4.552891538569189,29.817602145362084,0,20,16340,7.146030000947839,,,
monitor_only,818,0.9298245614035088,0.3182956417314232,0.8,0.0,4.619205847723147,29.883916454516044,0,20,16360,7.533960973091568,,,
monitor_only,819,0.9298245614035088,0.322537030205419,0.8,0.0,3.758769892469108,29.023480499262003,0,20,16380,6.375326917324285,,,
monitor_only,820,0.9298245614035087,0.32679002629537823,0.8,0.0,3.755599263617222,29.020309870410117,0,20,16400,6.291276362883446,,,
monitor_only,821,0.9298245614035088,0.33100733368376356,0.8,0.0,6.662983983444507,31.9276945902374,0,20,16420,13.979324916031079,,,
monitor_only,822,0.9298245614035087,0.3352276751097828,0.8,0.0,6.702311344669987,31.967021951462883,0,20,16440,13.48013097024062,,,
monitor_only,823,0.9298245614035089,0.3392143691114201,0.8,0.0,6.603134740749727,31.867845347542623,0,20,16460,12.732022884236386,,,
monitor_only,824,0.9298245614035087,0.34361885630565014,0.8,0.0,4.566752640556018,29.831463247348914,0,20,16480,7.486801672416647,,,
monitor_only,825,0.9298245614035088,0.3479348922068286,0.8,0.0,6.543068795044156,31.807779401837053,0,20,16500,13.90914161991581,,,
monitor_only,826,0.9298245614035087,0.35224752651465885,0.8,0.0,4.478007266292365,29.74271787308526,0,20,16520,7.629948671745842,,,
monitor_only,827,0.9298245614035089,0.3566347895337618,0.8,0.0,4.711113974206109,29.975824580999003,0,20,16540,7.334522771763442,,,
monitor_only,828,0.9298245614035089,0.36102990289659465,0.8,0.0,3.729208150750849,28.993918757543746,0,20,16560,6.1855170884508945,,,
monitor_only,829,0.9298245614035088,0.3655846794644879,0.8,0.0,6.58450010885448,31.849210715647377,0,20,16580,13.727114083219945,,,
monitor_only,830,0.9298245614035088,0.37016056771923966,0.8,0.0,4.694442291273133,29.95915289806603,0,20,16600,7.341578456335081,,,
monitor_only,831,0.9298245614035089,0.3745978479702453,0.8,0.0,6.786559017525649,32.05126962431854,0,20,16620,13.903029081050914,,,
monitor_only,832,0.9298245614035087,0.37924435851263083,0.8,0.0,6.6739480092418315,31.93865861603473,0,20,16640,15.111880660363475,,,
monitor_only,833,0.9298245614035088,0.3835638407410056,0.8,0.0,6.720583482121187,31.98529408891408,0,20,16660,13.593455393961445,,,
monitor_only,834,0.9298245614035088,0.3880003489973308,0.8,0.0,6.756655512990287,32.02136611978318,0,20,16680,11.80289418786047,,,
monitor_only,835,0.9298245614035088,0.39221812264980294,0.8,0.0,4.78430842614764,30.049019032940535,0,20,16700,7.097758134495143,,,
monitor_only,836,0.9298245614035087,0.39659028399301544,0.8,0.0,3.3846124903398094,28.649323097132704,0,20,16720,6.765928942598327,,,
monitor_only,837,0.9298245614035088,0.4010356352766644,0.8,0.0,4.754225451324238,30.018936058117134,0,20,16740,7.717910733633304,,,
monitor_only,838,0.9298245614035088,0.40500486806797664,0.8,0.0,6.670853368105263,31.93556397489816,0,20,16760,8.91993780167855,,,
monitor_only,839,0.9298245614035088,0.40921317961676107,0.8,0.0,3.6924372359150572,28.957147842707954,0,20,16780,6.499962209902946,,,
monitor_only,840,0.9298245614035089,0.4137450419805264,0.8,0.0,6.684916483004094,31.94962708979699,0,20,16800,9.239578841551666,,,
monitor_only,841,0.9298245614035089,0.4180423982776009,0.8,0.0,6.787280587612668,32.051991194405566,0,20,16820,13.29225144294072,,,
monitor_only,842,0.9298245614035088,0.4223441688138765,0.8,0.0,4.744461017253541,30.009171624046438,0,20,16840,7.218273132124862,,,
monitor_only,843,0.9298245614035088,0.42673060254186646,0.8,0.0,4.832404429474577,30.097115036267475,0,20,16860,7.353864976032829,,,
monitor_only,844,0.9298245614035089,0.43096296770583287,0.8,0.0,3.6763710800437437,28.94108168683664,0,20,16880,6.228297822486884,,,
monitor_only,845,0.9298245614035088,0.4350932883502797,0.8,0.0,4.842439873764969,30.107150480557866,0,20,16900,6.846476719868608,,,
monitor_only,846,0.9298245614035087,0.4393139655643299,0.8,0.0,6.772902446672147,32.037613053465044,0,20,16920,13.744581007982983,,,
monitor_only,847,0.9298245614035088,0.4436429719468675,0.8,0.0,4.92654580523445,30.191256412027347,0,20,16940,7.606032860784473,,,
monitor_only,848,0.9298245614035088,0.4479674992558498,0.8,0.0,4.926540398565749,30.191251005358644,0,20,16960,12.929208697951024,,,
monitor_only,849,0.9298245614035088,0.4522007400409962,0.8,0.0,6.69858751540886,31.963298122201756,0,20,16980,7.465205274409998,,,
monitor_only,850,0.9298245614035089,0.4562492214895377,0.8,0.0,3.2615547717068694,28.526265378499765,0,20,17000,2.7212608202944164,,,
monitor_only,851,0.9298245614035088,0.46052721856815904,0.8,0.0,4.870247200704703,30.1349578074976,0,20,17020,7.194359954225374,,,
monitor_only,852,0.9298245614035088,0.46497538402889316,0.8,0.0,4.819128058393953,30.08383866518685,0,20,17040,14.817414309804837,,,
monitor_only,853,0.9298245614035087,0.46927318393660933,0.8,0.0,3.6479427248296763,28.912653331622572,0,20,17060,6.100612478255854,,,
monitor_only,854,0.9298245614035088,0.4736127972906953,0.8,0.0,3.6445162953018464,28.909226902094744,0,20,17080,6.877216914051927,,,
monitor_only,855,0.9298245614035088,0.47795184397842627,0.8,0.0,4.859080105623169,30.123790712416067,0,20,17100,7.61923475422911,,,
monitor_only,856,0.9298245614035087,0.4823606396531205,0.8,0.0,7.003420524021446,32.26813113081434,0,20,17120,14.890651888862964,,,
monitor_only,857,0.9298245614035089,0.48659045209637297,0.8,0.0,5.634486865699653,30.89919747249255,0,20,17140,5.80358721376882,,,
monitor_only,858,0.9298245614035089,0.4908226385401503,0.8,0.0,3.244409137476415,28.50911974426931,0,20,17160,4.386395140534404,,,
monitor_only,859,0.9298245614035088,0.49507978905793837,0.8,0.0,4.670690686068895,29.93540129286179,0,20,17180,7.094655496230471,,,
monitor_only,860,0.9298245614035088,0.49938197304878096,0.8,0.0,8.94495466737728,34.20966527417018,0,20,17200,13.84961635816031,,,
monitor_only,861,0.9298245614035088,0.5034431464772173,0.8,0.0,5.002582125817602,30.2672927326105,0,20,17220,7.128597894510314,,,
monitor_only,862,0.9298245614035088,0.5076711624054726,0.8,0.0,7.0464272989923415,32.31113790578524,0,20,17240,13.602083245333965,,,
monitor_only,863,0.9298245614035088,0.5117882618784688,0.8,0.0,9.062499092416942,34.32720969920984,0,20,17260,14.016487793698541,,,
monitor_only,864,0.9298245614035088,0.5159549573689046,0.8,0.0,6.912348390060951,32.177058996853845,0,20,17280,13.681122351529858,,,
monitor_only,865,0.9298245614035088,0.5200633846372529,0.8,0.0,5.0716398529111,30.336350459703997,0,20,17300,13.774735020692846,,,
monitor_only,866,0.9298245614035088,0.5243251679421224,0.8,0.0,3.1469596794055597,28.411670286198454,0,20,17320,3.1217920617771195,,,
monitor_only,867,0.9298245614035088,0.5286465157606082,0.8,0.0,5.048545864468016,30.313256471260914,0,20,17340,14.570228586562619,,,
monitor_only,868,0.9298245614035088,0.5326734328262874,0.8,0.0,6.938361700225547,32.203072307018445,0,20,17360,13.577382626207456,,,
monitor_only,869,0.9298245614035088,0.5367396183096977,0.8,0.0,6.89159452291771,32.1563051297106,0,20,17380,13.036577443319914,,,
monitor_only,870,0.9298245614035088,0.5408883804888014,0.8,0.0,6.952573572682847,32.21728417947574,0,20,17400,13.954275660068843,,,
monitor_only,871,0.9298245614035088,0.544917998828184,0.8,0.0,3.5908428172444458,28.855553424037343,0,20,17420,6.4068965486250455,,,
monitor_only,872,0.9298245614035088,0.548869330160324,0.8,0.0,5.1290390698805295,30.393749676673426,0,20,17440,12.509669275608305,,,
monitor_only,873,0.9298245614035088,0.5529929667050142,0.8,0.0,4.902253833980789,30.166964440773686,0,20,17460,7.3889349319518445,,,
monitor_only,874,0.9298245614035088,0.5569654520122505,0.8,0.0,7.1586175123573526,32.42332811915025,0,20,17480,14.245839942041945,,,
monitor_only,875,0.9298245614035088,0.5610140861930986,0.8,0.0,5.116275079307968,30.380985686100864,0,20,17500,13.59004041184586,,,
monitor_only,876,0.9298245614035088,0.5652913235899255,0.8,0.0,9.162170514916852,34.42688112170975,0,20,17520,13.794462551699244,,,
monitor_only,877,0.9298245614035088,0.569304621820806,0.8,0.0,11.0336964988403,36.298407105633196,0,20,17540,18.236742952814467,,,
monitor_only,878,0.9298245614035088,0.5733722056956874,0.8,0.0,5.178608116790239,30.443318723583136,0,20,17560,7.810681031486298,,,
monitor_only,879,0.9298245614035088,0.5774923514279384,0.8,0.0,5.026161746098978,30.290872352891874,0,20,17580,7.160510140988206,,,
monitor_only,880,0.9298245614035088,0.5814571707631682,0.8,0.0,5.023607503566344,30.288318110359242,0,20,17600,6.756369920251482,,,
monitor_only,881,0.9298245614035088,0.5851940980437524,0.8,0.0,7.215545920473687,32.48025652726658,0,20,17620,12.756155372993621,,,
monitor_only,882,0.9298245614035088,0.5891810726021391,0.8,0.0,3.211038788429903,28.4757493952228,0,20,17640,6.37888708960922,,,
monitor_only,883,0.9298245614035088,0.5934292307045532,0.8,0.0,8.44584202189599,33.71055262868889,0,20,17660,14.78175288036933,,,
monitor_only,884,0.9298245614035088,0.5974967819158858,0.8,0.0,6.995628006475462,32.26033861326836,0,20,17680,14.14380029415868,,,
monitor_only,885,0.9298245614035088,0.6017078110292751,0.8,0.0,5.078201976563625,30.342912583356522,0,20,17700,2.760156187540714,,,
monitor_only,886,0.9298245614035088,0.6057530738608852,0.8,0.0,5.067625907433069,30.332336514225965,0,20,17720,7.223327400518603,,,
monitor_only,887,0.9298245614035088,0.6096825073981018,0.8,0.0,6.825762768732015,32.09047337552491,0,20,17740,13.643506757072457,,,
monitor_only,888,0.9298245614035088,0.61374057924163,0.8,0.0,7.27199659374359,32.53670720053648,0,20,17760,21.64918907646122,,,
monitor_only,889,0.9298245614035088,0.6176794561322259,0.8,0.0,7.2661911619871,32.53090176878,0,20,17780,13.382063628853166,,,
monitor_only,890,0.9298245614035088,0.6220091314939937,0.8,0.0,3.287990491211872,28.552701098004768,0,20,17800,7.840049214906667,,,
monitor_only,891,0.9298245614035088,0.6259385662975416,0.8,0.0,7.044335228716534,32.30904583550943,0,20,17820,13.658701193849721,,,
monitor_only,892,0.9298245614035088,0.6299388277363922,0.8,0.0,5.252004390166292,30.516714996959188,0,20,17840,13.576735510646868,,,
monitor_only,893,0.9298245614035088,0.6338857963835718,0.8,0.0,5.204049024549326,30.468759631342223,0,20,17860,13.941098277011442,,,
monitor_only,894,0.9298245614035088,0.6380108465399588,0.8,0.0,5.267266433196957,30.531977039989854,0,20,17880,7.563128640493167,,,
monitor_only,895,0.9298245614035088,0.6419958870689295,0.8,0.0,7.323096090242606,32.587806697035504,0,20,17900,13.436165631176532,,,
monitor_only,896,0.9298245614035088,0.6461930442356576,0.8,0.0,2.941383439599008,28.206094046391904,0,20,17920,3.070367482199023,,,
monitor_only,897,0.9298245614035088,0.6503419245067017,0.8,0.0,5.254882566089047,30.519593172881944,0,20,17940,7.477371653728886,,,
monitor_only,898,0.9298245614035088,0.6544282175955554,0.8,0.0,5.072358500817226,30.337069107610123,0,20,17960,7.589456361534424,,,
monitor_only,899,0.9298245614035088,0.6583898215756301,0.8,0.0,9.306520982131778,34.571231588924675,0,20,17980,20.833046749077564,,,
monitor_only,900,0.9298245614035088,0.6623406945224855,0.8,0.0,7.257527866587452,32.52223847338035,0,20,18000,11.898483355040012,,,
monitor_only,901,0.9298245614035088,0.6661252140108636,0.8,0.0,3.3603210164657566,28.625031623258653,0,20,18020,7.331582210883746,,,
monitor_only,902,0.9298245614035088,0.6700171690519514,0.8,0.0,5.272013520114551,30.536724126907448,0,20,18040,7.045614282471472,,,
monitor_only,903,0.9298245614035088,0.6739532451828627,0.8,0.0,5.386575810936544,30.65128641772944,0,20,18060,13.880918853849577,,,
monitor_only,904,0.9298245614035088,0.6779973141534221,0.8,0.0,5.344854240097258,30.609564846890155,0,20,18080,7.5938468074171315,,,
monitor_only,905,0.9298245614035088,0.681960332995095,0.8,0.0,4.9601255532517525,30.22483616004465,0,20,18100,12.44887244549548,,,
monitor_only,906,0.9298245614035088,0.686081024303318,0.8,0.0,6.9279399336112615,32.19265054040416,0,20,18120,14.322891403113527,,,
monitor_only,907,0.9298245614035088,0.6898718239246022,0.8,0.0,5.4813459180723125,30.74605652486521,0,20,18140,6.421872030797328,,,
monitor_only,908,0.9298245614035088,0.6938310609664271,0.8,0.0,6.7810000772101375,32.04571068400303,0,20,18160,2.6178721230581043,,,
monitor_only,909,0.9298245614035088,0.6976615056813282,0.8,0.0,5.381221652788213,30.64593225958111,0,20,18180,7.353450928451827,,,
monitor_only,910,0.9298245614035088,0.7015135618290607,0.8,0.0,7.433999494994623,32.69871010178752,0,20,18200,13.686597686846342,,,
monitor_only,911,0.9298245614035088,0.705486500206751,0.8,0.0,5.289518038489595,30.554228645282492,0,20,18220,7.197418367311466,,,
monitor_only,912,0.9298245614035088,0.7093472874437039,0.8,0.0,3.4664747194065626,28.73118532619946,0,20,18240,6.780332695442445,,,
monitor_only,913,0.9298245614035088,0.713328057458823,0.8,0.0,2.8279476227766054,28.0926582295695,0,20,18260,3.264796474271446,,,
monitor_only,914,0.9298245614035088,0.7171894529244389,0.8,0.0,7.479287693864952,32.74399830065785,0,20,18280,13.591707883599437,,,
monitor_only,915,0.9298245614035088,0.72102806023036,0.8,0.0,3.458087855478927,28.72279846227182,0,20,18300,5.668001836622908,,,
monitor_only,916,0.9298245614035088,0.7247485743875528,0.8,0.0,5.494687699408209,30.759398306201106,0,20,18320,6.8844980845463954,,,
monitor_only,917,0.9298245614035088,0.7285283084954031,0.8,0.0,5.299687186075441,30.564397792868338,0,20,18340,7.29976739649256,,,
monitor_only,918,0.9298245614035088,0.7323518908307827,0.8,0.0,7.294368271633782,32.559078878426675,0,20,18360,14.114668585169893,,,
monitor_only,919,0.9298245614035088,0.7363607288687088,0.8,0.0,7.431335596185894,32.69604620297879,0,20,18380,13.732261322955237,,,
monitor_only,920,0.9298245614035088,0.7403263125284061,0.8,0.0,7.353710203670782,32.618420810463675,0,20,18400,14.866061412633847,,,
monitor_only,921,0.9298245614035088,0.7442735785008825,0.8,0.0,7.243186163657735,32.50789677045063,0,20,18420,10.231894978245709,,,
monitor_only,922,0.9298245614035088,0.7481838688376632,0.8,0.0,3.454437265135084,28.71914787192798,0,20,18440,6.418100735994084,,,
monitor_only,923,0.9298245614035088,0.7518987949026896,0.8,0.0,5.329892517400481,30.594603124193377,0,20,18460,10.263680756000158,,,
monitor_only,924,0.9298245614035088,0.7558722574933412,0.8,0.0,3.4308424547425886,28.695553061535485,0,20,18480,6.1644797731821255,,,
monitor_only,925,0.9298245614035088,0.7595694282379333,0.8,0.0,7.444627368950402,32.709337975743296,0,20,18500,13.436438193751208,,,
monitor_only,926,0.9298245614035088,0.7631716504077408,0.8,0.0,6.9674967536636245,32.23220736045652,0,20,18520,6.431145104851816,,,
monitor_only,927,0.9298245614035088,0.767012031592625,0.8,0.0,9.491631959672684,34.75634256646558,0,20,18540,13.442221965884414,,,
monitor_only,928,0.9298245614035088,0.7707386129478773,0.8,0.0,7.49845367840256,32.76316428519546,0,20,18560,13.711745183645226,,,
monitor_only,929,0.9298245614035088,0.7744506181501847,0.8,0.0,2.7242009155022138,27.98891152229511,0,20,18580,2.7323301248604546,,,
monitor_only,930,0.9298245614035088,0.7784541079616354,0.8,0.0,3.5131023520875715,28.777812958880467,0,20,18600,7.78666054177583,,,
monitor_only,931,0.9298245614035088,0.7822090371282797,0.8,0.0,7.288620560186132,32.55333116697903,0,20,18620,14.195515843444069,,,
monitor_only,932,0.9298245614035088,0.786038733303511,0.8,0.0,7.5588676923185485,32.823578299111446,0,20,18640,14.254890160703455,,,
monitor_only,933,0.9298245614035088,0.789735160438499,0.8,0.0,3.624709045554558,28.889419652347453,0,20,18660,7.1393192562038,,,
monitor_only,934,0.9298245614035088,0.7934224159542225,0.8,0.0,3.4028676483837237,28.66757825517662,0,20,18680,6.237674312343915,,,
monitor_only,935,0.9298245614035088,0.7971951126438921,0.8,0.0,3.4002080872213014,28.664918694014197,0,20,18700,6.141238670676724,,,
monitor_only,936,0.9298245614035088,0.801122639560037,0.8,0.0,7.406459358040062,32.671169964832956,0,20,18720,14.663753175292936,,,
monitor_only,937,0.9298245614035088,0.804936789297469,0.8,0.0,5.639165517263413,30.90387612405631,0,20,18740,7.889954646054846,,,
monitor_only,938,0.9298245614035088,0.808782076061296,0.8,0.0,5.644825428856848,30.909536035649744,0,20,18760,14.563005286952071,,,
monitor_only,939,0.9298245614035088,0.8126566954543704,0.8,0.0,3.451052938617636,28.71576354541053,0,20,18780,4.8047052704019935,,,
monitor_only,940,0.9298245614035088,0.8165990122522591,0.8,0.0,3.660141886137467,28.924852492930363,0,20,18800,7.895188673593136,,,
monitor_only,941,0.9298245614035088,0.8205163351479616,0.8,0.0,2.754631156343237,28.019341763136133,0,20,18820,3.3760363575293026,,,
monitor_only,942,0.9298245614035088,0.8241347984382799,0.8,0.0,3.630873430929948,28.895584037722845,0,20,18840,7.110918977129401,,,
monitor_only,943,0.9298245614035088,0.8277628905997825,0.8,0.0,5.610061008490561,30.874771615283457,0,20,18860,7.564354391504255,,,
monitor_only,944,0.9298245614035088,0.8315159870780924,0.8,0.0,9.647899399443343,34.912610006236235,0,20,18880,13.703778951464024,,,
monitor_only,945,0.9298245614035088,0.8348370424994722,0.8,0.0,5.624409384598721,30.889119991391617,0,20,18900,6.675692240076914,,,
monitor_only,946,0.9298245614035088,0.8384791822714861,0.8,0.0,4.866131463554382,30.130842070347278,0,20,18920,6.282634925103637,,,
monitor_only,947,0.9298245614035088,0.8423271700752932,0.8,0.0,5.4918011130170425,30.75651171980994,0,20,18940,9.458784910763818,,,
monitor_only,948,0.9298245614035088,0.8462256360849507,0.8,0.0,9.675113997541114,34.93982460433401,0,20,18960,14.490960977862773,,,
monitor_only,949,0.9298245614035088,0.8500312199282014,0.8,0.0,5.560406835375981,30.825117442168878,0,20,18980,7.78171193990293,,,
monitor_only,950,0.9298245614035088,0.8538534628759826,0.8,0.0,5.500688068515653,30.76539867530855,0,20,19000,7.837561300226148,,,
monitor_only,951,0.9298245614035088,0.8574046129394863,0.8,0.0,5.743225247919099,31.007935854711995,0,20,19020,13.31151853863875,,,
monitor_only,952,0.9298245614035088,0.8608624489769825,0.8,0.0,3.748935407110518,29.013646013903415,0,20,19040,7.328719318615845,,,
monitor_only,953,0.9298245614035088,0.8645525065207129,0.8,0.0,3.7574746257287948,29.02218523252169,0,20,19060,7.553794927424171,,,
monitor_only,954,0.9298245614035088,0.8682713725614668,0.8,0.0,3.7189712436950613,28.983681850487958,0,20,19080,5.941011794025922,,,
monitor_only,955,0.9298245614035088,0.8719578506154111,0.8,0.0,3.5574916228430693,28.822202229635966,0,20,19100,6.648277757342982,,,
monitor_only,956,0.9298245614035088,0.8753733977473146,0.8,0.0,3.7777284428767643,29.04243904966966,0,20,19120,6.6669224601484505,,,
monitor_only,957,0.9298245614035088,0.8790638040516148,0.8,0.0,4.661711475906335,29.926422082699233,0,20,19140,7.252679297535055,,,
monitor_only,958,0.9298245614035088,0.8827224402948775,0.8,0.0,9.696139260748472,34.96084986754137,0,20,19160,13.88642768850111,,,
monitor_only,959,0.9298245614035088,0.8865089233209529,0.8,0.0,3.4637254319036024,28.728436038696497,0,20,19180,4.004670353672804,,,
monitor_only,960,0.9298245614035088,0.8900992722580858,0.8,0.0,3.7628151123724747,29.02752571916537,0,20,19200,7.357480254246605,,,
monitor_only,961,0.9298245614035088,0.8938408957869157,0.8,0.0,9.717864390119265,34.98257499691216,0,20,19220,14.167767192420293,,,
monitor_only,962,0.9298245614035088,0.8974376989183908,0.8,0.0,3.8403133705213577,29.105023977314254,0,20,19240,7.280583140590412,,,
monitor_only,963,0.9298245614035088,0.901209300894654,0.8,0.0,7.838734393500697,33.10344500029359,0,20,19260,14.300496495957262,,,
monitor_only,964,0.9298245614035088,0.9047914586045664,0.8,0.0,5.726705743255707,30.991416350048603,0,20,19280,13.479350058322813,,,
monitor_only,965,0.9298245614035088,0.9084139645825366,0.8,0.0,7.5959628480061765,32.86067345479907,0,20,19300,13.776683322843207,,,
monitor_only,966,0.9298245614035088,0.9119219875404461,0.8,0.0,7.526188528045168,32.790899134838064,0,20,19320,13.294748889042726,,,
monitor_only,967,0.9298245614035088,0.9155659607710966,0.8,0.0,5.621864463997592,30.88657507079049,0,20,19340,10.594369824795272,,,
monitor_only,968,0.9298245614035088,0.9190345799726736,0.8,0.0,7.393661707078915,32.65837231387181,0,20,19360,13.936904347246045,,,
monitor_only,969,0.9298245614035088,0.9225122621142343,0.8,0.0,7.69566318205572,32.960373788848614,0,20,19380,13.93314354865993,,,
monitor_only,970,0.9298245614035088,0.9260866628626558,0.8,0.0,5.888581763563252,31.153292370356148,0,20,19400,7.122835341039673,,,
monitor_only,971,0.9298245614035088,0.9296703578657113,0.8,0.0,7.810727768479827,33.075438375272725,0,20,19420,11.905176648556898,,,
monitor_only,972,0.9298245614035088,0.9329472871771036,0.8,0.0,7.846232389457934,33.11094299625083,0,20,19440,13.693640653200431,,,
monitor_only,973,0.9298245614035088,0.9363581166075072,0.8,0.0,5.900445725823526,31.165156332616423,0,20,19460,7.07988225263477,,,
monitor_only,974,0.9298245614035088,0.939793341025134,0.8,0.0,9.906266454811052,35.17097706160395,0,20,19480,13.393942202944997,,,
monitor_only,975,0.9298245614035088,0.9432883589387202,0.8,0.0,2.7257530281228055,27.990463634915702,0,20,19500,2.9601211714757163,,,
monitor_only,976,0.9298245614035088,0.9468487272050063,0.8,0.0,5.43471836366507,30.699428970457966,0,20,19520,13.90349344566731,,,
monitor_only,977,0.9298245614035088,0.9503988649147608,0.8,0.0,7.937671030675423,33.20238163746832,0,20,19540,14.231494171177074,,,
monitor_only,978,0.9298245614035088,0.9539726891005669,0.8,0.0,12.718021935758753,37.982732542551645,0,20,19560,14.031221029159783,,,
monitor_only,979,0.9298245614035088,0.9576009229755404,0.8,0.0,3.9605769571486844,29.22528756394158,0,20,19580,7.651529032962202,,,
monitor_only,980,0.9298245614035088,0.9609547770309905,0.8,0.0,5.845758016160403,31.1104686229533,0,20,19600,7.619384742954847,,,
monitor_only,981,0.9298245614035088,0.9644056087989352,0.8,0.0,5.852702130553477,31.117412737346374,0,20,19620,7.400257818015403,,,
monitor_only,982,0.9298245614035088,0.9680535382672963,0.8,0.0,3.9814427965454042,29.2461534033383,0,20,19640,7.95410578749617,,,
monitor_only,983,0.9298245614035088,0.9713660102896537,0.8,0.0,7.4722928274709,32.7370034342638,0,20,19660,13.616668077777105,,,
monitor_only,984,0.9298245614035088,0.9748026920496,0.8,0.0,3.987998501561189,29.252709108354086,0,20,19680,7.668087959388624,,,
monitor_only,985,0.9298245614035088,0.9781462957154239,0.8,0.0,3.9951075556962223,29.25981816248912,0,20,19700,7.515032144020347,,,
monitor_only,986,0.9298245614035088,0.981863762674394,0.8,0.0,5.8108897196090465,31.075600326401943,0,20,19720,7.557650510226965,,,
monitor_only,987,0.9298245614035088,0.9854131507257049,0.8,0.0,5.256845505857181,30.521556112650078,0,20,19740,6.780031572329992,,,
monitor_only,988,0.9298245614035088,0.9889597986723835,0.8,0.0,5.823578835959135,31.088289442752032,0,20,19760,14.170716425582054,,,
monitor_only,989,0.9298245614035088,0.9923755488050108,0.8,0.0,6.030551176292155,31.295261783085053,0,20,19780,12.946715837988865,,,
monitor_only,990,0.9298245614035088,0.9958311890655793,0.8,0.0,3.9705317327341545,29.23524233952705,0,20,19800,7.368563623623505,,,
monitor_only,991,0.9298245614035088,0.9990394702054048,0.8,0.0,9.350618087406133,34.61532869419903,0,20,19820,13.46425096926165,,,
monitor_only,992,0.9298245614035088,1.0023363920695816,0.8,0.0,9.95349638308748,35.21820698988037,0,20,19840,13.774388583315922,,,
monitor_only,993,0.9298245614035088,1.005837234630503,0.8,0.0,11.960212499577286,37.224923106370184,0,20,19860,20.40029203132706,,,
monitor_only,994,0.9298245614035088,1.009040856688843,0.8,0.0,2.7608796912123053,28.025590298005202,0,20,19880,2.748726625539862,,,
monitor_only,995,0.9298245614035088,1.0126694160582554,0.8,0.0,4.064045297274485,29.328755904067382,0,20,19900,7.652564751427075,,,
monitor_only,996,0.9298245614035088,1.0161745637459958,0.8,0.0,4.077970411063916,29.342681017856812,0,20,19920,7.28796359651272,,,
monitor_only,997,0.9298245614035088,1.0198326480334863,0.8,0.0,9.378115542198202,34.6428261489911,0,20,19940,14.225788893638411,,,
monitor_only,998,0.9298245614035088,1.023216460348764,0.8,0.0,4.072721831821393,29.33743243861429,0,20,19960,6.939303739181166,,,
monitor_only,999,0.9298245614035088,1.026538783288294,0.8,0.0,9.962897976798786,35.22760858359168,0,20,19980,13.695928473421434,,,
monitor_only,1000,0.9298245614035088,1.02992329193466,0.8,0.0,9.70601289003658,34.97072349682948,0,20,20000,13.361172595652768,,,
monitor_only,1001,0.9298245614035088,1.033303616058047,0.8,0.0,6.095088441006359,31.359799047799257,0,20,20020,7.346511119253379,,,
monitor_only,1002,0.9298245614035088,1.0367853457693392,0.8,0.0,5.218489645399606,30.483200252192503,0,20,20040,6.458845853216355,,,
monitor_only,1003,0.9298245614035088,1.0401699095887158,0.8,0.0,10.108427214956162,35.373137821749054,0,20,20060,13.771228460271612,,,
monitor_only,1004,0.9298245614035088,1.0436569570199918,0.8,0.0,6.132971398124975,31.397682004917872,0,20,20080,8.205049781347038,,,
monitor_only,1005,0.9298245614035088,1.0471944492771053,0.8,0.0,10.131706275006044,35.39641688179894,0,20,20100,13.965139638746123,,,
monitor_only,1006,0.9298245614035088,1.0506830980589632,0.8,0.0,6.017233310106842,31.28194391689974,0,20,20120,7.972688412676301,,,
monitor_only,1007,0.9298245614035088,1.0541857099100895,0.8,0.0,4.134178950518883,29.39888955731178,0,20,20140,6.62385490159933,,,
monitor_only,1008,0.9298245614035088,1.0573477506933588,0.8,0.0,4.151839220584748,29.416549827377644,0,20,20160,7.310141035813435,,,
monitor_only,1009,0.9298245614035088,1.0606928207205406,0.8,0.0,6.098959799148437,31.363670405941335,0,20,20180,13.751564136044006,,,
monitor_only,1010,0.9298245614035088,1.0643561196599276,0.8,0.0,5.890249119922828,31.154959726715724,0,20,20200,7.585312433609127,,,
monitor_only,1011,0.9298245614035088,1.067622344625889,0.8,0.0,11.79098446457715,37.055695071370046,0,20,20220,25.892469403870116,,,
monitor_only,1012,0.9298245614035088,1.0711025426161414,0.8,0.0,7.972972383004921,33.23768298979782,0,20,20240,13.65343314671838,,,
monitor_only,1013,0.9298245614035088,1.074436763176642,0.8,0.0,4.176199769487805,29.4409103762807,0,20,20260,7.159390137759241,,,
monitor_only,1014,0.9298245614035088,1.0777952899614849,0.8,0.0,6.130021608185151,31.39473221497805,0,20,20280,7.559475404153285,,,
monitor_only,1015,0.9298245614035088,1.0811430215920577,0.8,0.0,8.186937305527334,33.451647912320226,0,20,20300,13.610054569371735,,,
monitor_only,1016,0.9298245614035088,1.0842814066824278,0.8,0.0,4.361470048875542,29.62618065566844,0,20,20320,2.116738868655217,,,
monitor_only,1017,0.9298245614035088,1.087556027748678,0.8,0.0,5.930330624819931,31.195041231612826,0,20,20340,7.432186857255309,,,
monitor_only,1018,0.9298245614035088,1.0907542662231917,0.8,0.0,7.830057546809523,33.094768153602416,0,20,20360,9.922688158422245,,,
monitor_only,1019,0.9298245614035088,1.0942802921766088,0.8,0.0,8.023018934276251,33.28772954106915,0,20,20380,14.458425332283863,,,
monitor_only,1020,0.9298245614035088,1.0975922910212301,0.8,0.0,4.219731456294464,29.48444206308736,0,20,20400,7.401265332929637,,,
monitor_only,1021,0.9298245614035088,1.1008484614568015,0.8,0.0,8.178177692897748,33.442888299690644,0,20,20420,13.324990936078008,,,
monitor_only,1022,0.9298245614035088,1.1041002656862215,0.8,0.0,10.245084278299714,35.50979488509261,0,20,20440,13.461266794061192,,,
monitor_only,1023,0.9298245614035088,1.1070530423351872,0.8,0.0,3.1645629124568586,28.429273519249755,0,20,20460,7.211592815861838,,,
monitor_only,1024,0.9298245614035088,1.1103809981913797,0.8,0.0,4.24472151844005,29.509432125232948,0,20,20480,7.976973164521667,,,
monitor_only,1025,0.9298245614035088,1.1136780523484548,0.8,0.0,7.997744012842911,33.262454619635804,0,20,20500,14.392199851537244,,,
monitor_only,1026,0.9298245614035088,1.116907285740807,0.8,0.0,4.210246926816694,29.47495753360959,0,20,20520,6.634342409198349,,,
monitor_only,1027,0.9298245614035088,1.1202617536346187,0.8,0.0,4.487448837853284,29.752159444646182,0,20,20540,2.6465067499262847,,,
monitor_only,1028,0.9298245614035088,1.1234323450252652,0.8,0.0,6.271953446593747,31.536664053386644,0,20,20560,12.879665944138916,,,
monitor_only,1029,0.9298245614035088,1.126604716264081,0.8,0.0,8.299496268997853,33.564206875790745,0,20,20580,13.532906151716798,,,
monitor_only,1030,0.9298245614035088,1.1298773848279098,0.8,0.0,8.160966036147482,33.425676642940374,0,20,20600,13.598569659784353,,,
monitor_only,1031,0.9298245614035088,1.1331586597450116,0.8,0.0,6.304080756746847,31.568791363539745,0,20,20620,7.462053365257572,,,
monitor_only,1032,0.9298245614035088,1.136310331122192,0.8,0.0,7.533891483252357,32.79860209004525,0,20,20640,6.805060675005209,,,
monitor_only,1033,0.9298245614035088,1.139663223952829,0.8,0.0,2.1870946194212593,27.451805226214155,0,20,20660,3.274813144032839,,,
monitor_only,1034,0.9298245614035088,1.1428081847888383,0.8,0.0,6.313498795718526,31.578209402511423,0,20,20680,13.96214184446482,,,
monitor_only,1035,0.9298245614035088,1.1460518496095562,0.8,0.0,4.864201847546687,30.128912454339584,0,20,20700,7.549309716713769,,,
monitor_only,1036,0.9298245614035088,1.149420234323028,0.8,0.0,4.866595903371547,30.131306510164443,0,20,20720,7.5904982211924175,,,
monitor_only,1037,0.9298245614035088,1.152736710361186,0.8,0.0,8.280057049434884,33.544767656227776,0,20,20740,13.569265599305153,,,
monitor_only,1038,0.9298245614035088,1.1560374052897948,0.8,0.0,8.053251429590773,33.31796203638367,0,20,20760,14.096477557683167,,,
monitor_only,1039,0.9298245614035088,1.1593273269801185,0.8,0.0,6.257836583647531,31.522547190440427,0,20,20780,11.567077360656716,,,
monitor_only,1040,0.9298245614035088,1.162690049274892,0.8,0.0,4.299373599495008,29.564084206287905,0,20,20800,6.314076968796565,,,
monitor_only,1041,0.9298245614035088,1.1658479050227333,0.8,0.0,8.236449351625197,33.50115995841809,0,20,20820,14.005157950676924,,,
monitor_only,1042,0.9298245614035088,1.1693324133890848,0.8,0.0,3.9390835721608637,29.20379417895376,0,20,20840,6.212033991449221,,,
monitor_only,1043,0.9298245614035088,1.172447384197359,0.8,0.0,10.3819838144013,35.6466944211942,0,20,20860,13.528667818885811,,,
monitor_only,1044,0.9298245614035088,1.1754398498020786,0.8,0.0,4.397526347342099,29.662236954134997,0,20,20880,6.20204855707439,,,
monitor_only,1045,0.9298245614035088,1.1785415845971572,0.8,0.0,4.394763860417281,29.659474467210178,0,20,20900,7.688497841156756,,,
monitor_only,1046,0.9298245614035088,1.1818564911087124,0.8,0.0,4.180629243877358,29.445339850670255,0,20,20920,5.92778234366455,,,
monitor_only,1047,0.9298245614035088,1.1848615311757922,0.8,0.0,5.988991325619206,31.253701932412103,0,20,20940,6.949942315298771,,,
monitor_only,1048,0.9298245614035088,1.1880175836877485,0.8,0.0,10.085731527920151,35.35044213471305,0,20,20960,14.195939972819327,,,
monitor_only,1049,0.9298245614035088,1.1912772219104084,0.8,0.0,8.320059526135614,33.58477013292851,0,20,20980,13.959867500868397,,,
monitor_only,1050,0.9298245614035088,1.194393358053267,0.8,0.0,6.292532638406291,31.55724324519919,0,20,21000,11.742486871428527,,,
monitor_only,1051,0.9298245614035088,1.1975916579404238,0.8,0.0,8.441418295053989,33.70612890184688,0,20,21020,12.863991810110809,,,
monitor_only,1052,0.9298245614035088,1.2008706593407552,0.8,0.0,6.3744179830987004,31.639128589891598,0,20,21040,7.859345452399909,,,
monitor_only,1053,0.9298245614035088,1.2037753993524978,0.8,0.0,8.381954146396993,33.64666475318989,0,20,21060,13.388814875417726,,,
monitor_only,1054,0.9298245614035088,1.2070589265605836,0.8,0.0,6.310452873438521,31.575163480231417,0,20,21080,8.218892965418512,,,
monitor_only,1055,0.9298245614035088,1.210363294195061,0.8,0.0,5.825630076836698,31.090340683629595,0,20,21100,7.677313361543684,,,
monitor_only,1056,0.9298245614035088,1.2133586973488437,0.8,0.0,6.157930329181151,31.422640935974048,0,20,21120,10.372871744774502,,,
monitor_only,1057,0.9298245614035088,1.2163604650828874,0.8,0.0,6.042390532786992,31.30710113957989,0,20,21140,9.38982334540624,,,
monitor_only,1058,0.9298245614035088,1.2193896280590517,0.8,0.0,10.252523350064092,35.517233956856984,0,20,21160,14.264583088898078,,,
monitor_only,1059,0.9298245614035088,1.222521113046876,0.8,0.0,3.076335172178991,28.341045778971885,0,20,21180,6.16652658900772,,,
monitor_only,1060,0.9298245614035088,1.225639966412625,0.8,0.0,4.490354785804129,29.755065392597025,0,20,21200,7.228875242566377,,,
monitor_only,1061,0.9298245614035088,1.2288276744629723,0.8,0.0,6.27052388416909,31.535234490961987,0,20,21220,11.262761661271709,,,
monitor_only,1062,0.9298245614035088,1.2319137856396243,0.8,0.0,7.858553551401997,33.12326415819489,0,20,21240,7.737239461522117,,,
monitor_only,1063,0.9298245614035088,1.235087200876187,0.8,0.0,2.290047478011464,27.55475808480436,0,20,21260,3.0236871319596403,,,
monitor_only,1064,0.9298245614035088,1.2381820354533832,0.8,0.0,6.447882239294813,31.71259284608771,0,20,21280,7.281115944790322,,,
monitor_only,1065,0.9298245614035088,1.2412603391276875,0.8,0.0,6.301613597581385,31.566324204374283,0,20,21300,7.684641714164435,,,
monitor_only,1066,0.9298245614035088,1.244376449705735,0.8,0.0,4.3200940105576064,29.584804617350503,0,20,21320,5.216445497834491,,,
monitor_only,1067,0.9298245614035088,1.247331273937195,0.8,0.0,4.5221660845197675,29.786876691312663,0,20,21340,7.139514290351971,,,
monitor_only,1068,0.9298245614035088,1.2503964132554894,0.8,0.0,8.435292530328411,33.70000313712131,0,20,21360,13.38447669957892,,,
monitor_only,1069,0.9298245614035088,1.2536424210774373,0.8,0.0,7.889977779068053,33.15468838586095,0,20,21380,7.885607397325542,,,
monitor_only,1070,0.9298245614035088,1.2568973996015227,0.8,0.0,10.44710809728997,35.711818704082866,0,20,21400,14.22397234370879,,,
monitor_only,1071,0.9298245614035088,1.260026207906747,0.8,0.0,8.33696868620128,33.60167929299418,0,20,21420,13.855585009084557,,,
monitor_only,1072,0.9298245614035088,1.263077248317977,0.8,0.0,4.495936373151798,29.760646979944696,0,20,21440,7.158567290673114,,,
monitor_only,1073,0.9298245614035088,1.2660940393842306,0.8,0.0,2.558749960399117,27.82346056719201,0,20,21460,2.911771321258103,,,
monitor_only,1074,0.9298245614035088,1.269254121883496,0.8,0.0,6.4317979462528765,31.696508553045774,0,20,21480,7.800459145506565,,,
monitor_only,1075,0.9298245614035088,1.2723185370918626,0.8,0.0,8.477209801354206,33.7419204081471,0,20,21500,14.356462843285067,,,
monitor_only,1076,0.9298245614035088,1.2755128456144493,0.8,0.0,8.35767729231236,33.622387899105256,0,20,21520,13.949765149046998,,,
monitor_only,1077,0.9298245614035088,1.2783036463492714,0.8,0.0,10.48942666823886,35.75413727503175,0,20,21540,20.63444106513564,,,
monitor_only,1078,0.9298245614035088,1.2812454303090883,0.8,0.0,4.600788605679706,29.865499212472603,0,20,21560,7.213772088180867,,,
monitor_only,1079,0.9298245614035088,1.2841297807930185,0.8,0.0,3.02982280489573,28.294533411688626,0,20,21580,6.027470870820436,,,
monitor_only,1080,0.9298245614035088,1.2872965847839424,0.8,0.0,8.466796626646367,33.73150723343926,0,20,21600,12.570595280126227,,,
monitor_only,1081,0.9298245614035088,1.2904172193144932,0.8,0.0,3.704778652718422,28.969489259511317,0,20,21620,4.079926967498169,,,
monitor_only,1082,0.9298245614035088,1.2934434223514104,0.8,0.0,6.612718257244978,31.877428864037874,0,20,21640,7.271728821760118,,,
monitor_only,1083,0.9298245614035088,1.296468530895025,0.8,0.0,2.630184995941439,27.894895602734334,0,20,21660,3.0283564675865855,,,
monitor_only,1084,0.9298245614035088,1.2995716887787288,0.8,0.0,8.645568640737338,33.910279247530234,0,20,21680,13.943263212089688,,,
monitor_only,1085,0.9298245614035088,1.3025047473979796,0.8,0.0,6.642350885842158,31.907061492635055,0,20,21700,13.692014006594789,,,
monitor_only,1086,0.9298245614035088,1.3053403144117997,0.8,0.0,8.57850194973177,33.84321255652466,0,20,21720,13.435124653331505,,,
monitor_only,1087,0.9298245614035088,1.3083755240418673,0.8,0.0,4.3269352837319275,29.591645890524823,0,20,21740,6.1795838615506264,,,
monitor_only,1088,0.9298245614035088,1.311429252066605,0.8,0.0,5.768200059649379,31.032910666442277,0,20,21760,7.261596477389346,,,
monitor_only,1089,0.9298245614035088,1.3143118937232157,0.8,0.0,4.600125771987678,29.864836378780574,0,20,21780,6.278253715213427,,,
monitor_only,1090,0.9298245614035088,1.3172791287057593,0.8,0.0,8.364267784641774,33.62897839143467,0,20,21800,14.189192311748933,,,
monitor_only,1091,0.9298245614035088,1.3203827632491472,0.8,0.0,6.677303305427435,31.942013912220332,0,20,21820,7.4781760997454985,,,
monitor_only,1092,0.9298245614035088,1.3233360480728729,0.8,0.0,4.456507309812613,29.72121791660551,0,20,21840,5.572617833226752,,,
monitor_only,1093,0.9298245614035088,1.3263231331212577,0.8,0.0,4.699303675093158,29.964014281886055,0,20,21860,7.527634347079776,,,
monitor_only,1094,0.9298245614035088,1.329254258079646,0.8,0.0,4.705277845189737,29.969988451982633,0,20,21880,6.798037144670158,,,
monitor_only,1095,0.9298245614035088,1.331913792081335,0.8,0.0,8.555599377908342,33.82030998470124,0,20,21900,13.352757700531743,,,
monitor_only,1096,0.9298245614035088,1.3348128616822585,0.8,0.0,8.706150674610171,33.97086128140307,0,20,21920,13.102880685594005,,,
monitor_only,1097,0.9298245614035088,1.3376163923754547,0.8,0.0,8.711687349160306,33.9763979559532,0,20,21940,12.95772095433664,,,
monitor_only,1098,0.9298245614035088,1.3406698252465283,0.8,0.0,6.988322815160663,32.25303342195356,0,20,21960,6.183174657510966,,,
monitor_only,1099,0.9298245614035088,1.343646601814304,0.8,0.0,8.48595222260144,33.75066282939434,0,20,21980,11.262568614788288,,,
monitor_only,1100,0.9298245614035088,1.3466674570328767,0.8,0.0,5.016656107135684,30.28136671392858,0,20,22000,7.552485784268776,,,
monitor_only,1101,0.9298245614035088,1.3497376751559,0.8,0.0,2.980673197696528,28.245383804489425,0,20,22020,6.200074575309241,,,
monitor_only,1102,0.9298245614035088,1.352561426424688,0.8,0.0,6.511984573415741,31.776695180208637,0,20,22040,7.739134868045612,,,
monitor_only,1103,0.9298245614035088,1.355261795956231,0.8,0.0,6.7360194154082365,32.00073002220113,0,20,22060,12.976001155673748,,,
monitor_only,1104,0.9298245614035088,1.3580214133956316,0.8,0.0,6.645584685316711,31.91029529210961,0,20,22080,7.099535183067644,,,
monitor_only,1105,0.9298245614035088,1.3609048573046707,0.8,0.0,8.444122691298048,33.708833298090944,0,20,22100,13.518569841349374,,,
monitor_only,1106,0.9298245614035088,1.3638959390416734,0.8,0.0,4.395026059782671,29.65973666657557,0,20,22120,4.908477246910949,,,
monitor_only,1107,0.9298245614035088,1.3667570467774108,0.8,0.0,8.780423457030793,34.04513406382369,0,20,22140,12.728192093645541,,,
monitor_only,1108,0.9298245614035088,1.3696919476161888,0.8,0.0,8.709197476157442,33.97390808295034,0,20,22160,14.048451096664026,,,
monitor_only,1109,0.9298245614035088,1.3726252894934718,0.8,0.0,10.410445892002258,35.675156498795154,0,20,22180,14.184089201285714,,,
monitor_only,1110,0.9298245614035088,1.3756304525482086,0.8,0.0,10.679467187402452,35.94417779419535,0,20,22200,14.417925566230792,,,
monitor_only,1111,0.9298245614035088,1.3784466974382046,0.8,0.0,10.781607002544433,36.04631760933733,0,20,22220,14.297351163203015,,,
monitor_only,1112,0.9298245614035088,1.3814327159026394,0.8,0.0,10.809524973823653,36.074235580616545,0,20,22240,14.342373420328054,,,
monitor_only,1113,0.9298245614035088,1.3842205809115906,0.8,0.0,2.8154970107524,28.080207617545295,0,20,22260,3.017756421408366,,,
monitor_only,1114,0.9298245614035088,1.3870334769066017,0.8,0.0,4.744584205063802,30.009294811856698,0,20,22280,7.02927832484058,,,
monitor_only,1115,0.9298245614035088,1.390008794714,0.8,0.0,6.746197929367099,32.010908536159995,0,20,22300,7.403708068101073,,,
monitor_only,1116,0.9298245614035088,1.3930206368909552,0.8,0.0,8.097428635707427,33.36213924250032,0,20,22320,7.875170625105285,,,
monitor_only,1117,0.9298245614035088,1.3958545016663944,0.8,0.0,4.761138370288336,30.025848977081232,0,20,22340,7.317191349158749,,,
monitor_only,1118,0.9298245614035088,1.398686097505596,0.8,0.0,8.599374994861364,33.86408560165426,0,20,22360,14.13399207967292,,,
monitor_only,1119,0.9298245614035088,1.4014527121067892,0.8,0.0,10.772618623416292,36.03732923020919,0,20,22380,13.854906684743916,,,
monitor_only,1120,0.9298245614035088,1.4042219237659868,0.8,0.0,6.833760335442776,32.09847094223567,0,20,22400,7.03295718577314,,,
monitor_only,1121,0.9298245614035088,1.407013307301052,0.8,0.0,6.699218027655055,31.963928634447953,0,20,22420,13.428586530816096,,,
monitor_only,1122,0.9298245614035088,1.409659311805968,0.8,0.0,6.856376217456652,32.121086824249545,0,20,22440,13.397496111572064,,,
monitor_only,1123,0.9298245614035088,1.412352303805841,0.8,0.0,8.8621869438911,34.12689755068399,0,20,22460,13.438384995144903,,,
monitor_only,1124,0.9298245614035088,1.4151798605490622,0.8,0.0,2.930479644968216,28.19519025176111,0,20,22480,6.316898931738622,,,
monitor_only,1125,0.9298245614035088,1.4180163428635144,0.8,0.0,8.805487599527169,34.070198206320065,0,20,22500,13.151104051704984,,,
monitor_only,1126,0.9298245614035088,1.4209586655509507,0.8,0.0,8.72486862297554,33.98957922976844,0,20,22520,14.578422856245698,,,
monitor_only,1127,0.9298245614035088,1.423872216099806,0.8,0.0,10.558308910244705,35.8230195170376,0,20,22540,13.748012154177738,,,
monitor_only,1128,0.9298245614035088,1.426805121566893,0.8,0.0,8.900376011146895,34.16508661793979,0,20,22560,14.570102939715092,,,
monitor_only,1129,0.9298245614035088,1.4293800655114868,0.8,0.0,8.648834717245867,33.913545324038765,0,20,22580,13.395441321769072,,,
monitor_only,1130,0.9298245614035088,1.43228038395487,0.8,0.0,6.918147601716764,32.18285820850966,0,20,22600,6.007353073355315,,,
monitor_only,1131,0.9298245614035088,1.4348672722418352,0.8,0.0,10.835530628098317,36.100241234891215,0,20,22620,13.31527008979876,,,
monitor_only,1132,0.9298245614035088,1.4374089180083998,0.8,0.0,8.844989098271679,34.10969970506457,0,20,22640,12.937676226447822,,,
monitor_only,1133,0.9298245614035088,1.440329873179529,0.8,0.0,4.761871085158873,30.02658169195177,0,20,22660,7.825978751004683,,,
monitor_only,1134,0.9298245614035088,1.4432421192090652,0.8,0.0,6.594076309671285,31.858786916464183,0,20,22680,7.663021355895925,,,
monitor_only,1135,0.9298245614035088,1.4459179942067835,0.8,0.0,8.939115817365368,34.203826424158265,0,20,22700,12.85678310517114,,,
monitor_only,1136,0.9298245614035088,1.448787772476469,0.8,0.0,8.866669786997363,34.13138039379026,0,20,22720,14.538439505477193,,,
monitor_only,1137,0.9298245614035088,1.4514978399003693,0.8,0.0,6.783847005504337,32.04855761229723,0,20,22740,7.392783902293173,,,
monitor_only,1138,0.9298245614035088,1.4541736065072122,0.8,0.0,10.704931854577733,35.969642461370626,0,20,22760,13.535186473059976,,,
monitor_only,1139,0.9298245614035088,1.4569063784637304,0.8,0.0,4.939561392360474,30.20427199915337,0,20,22780,6.317849409090781,,,
monitor_only,1140,0.9298245614035088,1.4594946067324652,0.8,0.0,8.623558861779657,33.88826946857255,0,20,22800,13.184433923891913,,,
monitor_only,1141,0.9298245614035088,1.4622526087596446,0.8,0.0,8.89403989600055,34.158750502793445,0,20,22820,13.474710695975814,,,
monitor_only,1142,0.9298245614035088,1.465298235956807,0.8,0.0,8.899411919601334,34.16412252639423,0,20,22840,14.768652039497981,,,
monitor_only,1143,0.9298245614035088,1.4681482531492975,0.8,0.0,8.730528588519064,33.99523919531196,0,20,22860,14.185434874125427,,,
monitor_only,1144,0.9298245614035088,1.4710129840267092,0.8,0.0,4.215043068443265,29.47975367523616,0,20,22880,5.646027188083016,,,
monitor_only,1145,0.9298245614035088,1.4738538447767773,0.8,0.0,4.916449390895347,30.181159997688244,0,20,22900,7.662689236061597,,,
monitor_only,1146,0.9298245614035088,1.4766101965425673,0.8,0.0,4.876031914969114,30.14074252176201,0,20,22920,7.656169499267535,,,
monitor_only,1147,0.9298245614035088,1.4794234292839057,0.8,0.0,10.464210507774586,35.728921114567484,0,20,22940,14.001188964579962,,,
monitor_only,1148,0.9298245614035088,1.4821626088733872,0.8,0.0,8.879201212569495,34.14391181936239,0,20,22960,6.332388764483951,,,
monitor_only,1149,0.9298245614035088,1.4847614950863715,0.8,0.0,8.938422491340438,34.203133098133335,0,20,22980,13.694319672605094,,,
monitor_only,1150,0.9298245614035088,1.4872532511997452,0.8,0.0,3.125012051901403,28.3897226586943,0,20,23000,2.8326973665824124,,,
monitor_only,1151,0.9298245614035088,1.4901769281574586,0.8,0.0,4.948931128083511,30.213641734876408,0,20,23020,7.076697170805231,,,
monitor_only,1152,0.9298245614035088,1.4931688441288562,0.8,0.0,7.009805096416434,32.27451570320933,0,20,23040,7.544784065493228,,,
monitor_only,1153,0.9298245614035088,1.4957563700135148,0.8,0.0,7.038969267204797,32.303679873997694,0,20,23060,7.028839595920428,,,
monitor_only,1154,0.9298245614035088,1.498480141348452,0.8,0.0,6.965577744610982,32.23028835140388,0,20,23080,7.249479490222298,,,
monitor_only,1155,0.9298245614035088,1.501222504061522,0.8,0.0,8.636617517249382,33.90132812404228,0,20,23100,13.748057339947914,,,
monitor_only,1156,0.9298245614035088,1.5038214706612332,0.8,0.0,7.046101016112516,32.31081162290541,0,20,23120,7.266937580252617,,,
monitor_only,1157,0.9298245614035088,1.5066320371477888,0.8,0.0,8.889205147864914,34.15391575465781,0,20,23140,10.987880213083088,,,
monitor_only,1158,0.9298245614035088,1.5090785633288697,0.8,0.0,8.271404581414952,33.536115188207845,0,20,23160,13.98176221689517,,,
monitor_only,1159,0.9298245614035088,1.5117105421800046,0.8,0.0,3.4818845507125693,28.746595157505464,0,20,23180,2.2567504559908285,,,
monitor_only,1160,0.9298245614035088,1.5142243340183426,0.8,0.0,6.278594497705589,31.543305104498486,0,20,23200,6.978422823167672,,,
monitor_only,1161,0.9298245614035088,1.5168975214554588,0.8,0.0,4.8228625773780704,30.087573184170967,0,20,23220,6.308053492443782,,,
monitor_only,1162,0.9298245614035088,1.5193727353271604,0.8,0.0,10.95982529894324,36.22453590573613,0,20,23240,13.1994890328055,,,
monitor_only,1163,0.9298245614035088,1.5222068517546872,0.8,0.0,7.0913770496016095,32.35608765639451,0,20,23260,7.449332021161189,,,
monitor_only,1164,0.9298245614035088,1.5246495219432028,0.8,0.0,3.072911690547547,28.33762229734044,0,20,23280,6.18944428859331,,,
monitor_only,1165,0.9298245614035088,1.5273544420324898,0.8,0.0,13.078201810130471,38.34291241692337,0,20,23300,20.63733495029496,,,
monitor_only,1166,0.9298245614035088,1.5304185488195936,0.8,0.0,2.981074736952299,28.245785343745194,0,20,23320,3.5845921986621057,,,
monitor_only,1167,0.9298245614035088,1.5330254309406455,0.8,0.0,7.113468676586384,32.37817928337928,0,20,23340,13.475271335251144,,,
monitor_only,1168,0.9298245614035088,1.53550425262986,0.8,0.0,4.309518816389755,29.57422942318265,0,20,23360,3.0854614292861697,,,
monitor_only,1169,0.9298245614035088,1.5381432406576134,0.8,0.0,4.739258567023702,30.0039691738166,0,20,23380,4.950527184708699,,,
monitor_only,1170,0.9298245614035088,1.5409588582793508,0.8,0.0,6.954618725443424,32.21932933223632,0,20,23400,7.851977077493601,,,
monitor_only,1171,0.9298245614035088,1.5436682514530744,0.8,0.0,3.1111221388827444,28.37583274567564,0,20,23420,3.015662641109946,,,
monitor_only,1172,0.9298245614035088,1.5464069667966542,0.8,0.0,8.754053566375054,34.01876417316795,0,20,23440,14.338491447427991,,,
monitor_only,1173,0.9298245614035088,1.5490299486466823,0.8,0.0,7.137488182390825,32.40219878918372,0,20,23460,14.026687674076683,,,
monitor_only,1174,0.9298245614035088,1.551907446909232,0.8,0.0,10.791931467165341,36.05664207395824,0,20,23480,17.888828280800098,,,
monitor_only,1175,0.9298245614035088,1.554479408838403,0.8,0.0,9.148341005492664,34.41305161228556,0,20,23500,14.184752987314189,,,
monitor_only,1176,0.9298245614035088,1.5569250534014685,0.8,0.0,5.137057813271895,30.40176842006479,0,20,23520,7.43329821674988,,,
monitor_only,1177,0.9298245614035088,1.5594491247040552,0.8,0.0,10.61852898238044,35.883239589173336,0,20,23540,13.771123324192498,,,
monitor_only,1178,0.9298245614035088,1.5619354445895863,0.8,0.0,11.163686423141902,36.4283970299348,0,20,23560,20.790461134079678,,,
monitor_only,1179,0.9298245614035088,1.5645887407848813,0.8,0.0,7.049231175572383,32.313941782365276,0,20,23580,13.892420859332569,,,
monitor_only,1180,0.9298245614035088,1.5673902728817557,0.8,0.0,12.753239317302132,38.01794992409503,0,20,23600,16.677029313370134,,,
monitor_only,1181,0.9298245614035088,1.5699900708876948,0.8,0.0,7.163873478671121,32.42858408546402,0,20,23620,13.930576510813008,,,
monitor_only,1182,0.9298245614035088,1.5723883728688233,0.8,0.0,3.192611720722501,28.457322327515396,0,20,23640,2.9750328583861405,,,
monitor_only,1183,0.9298245614035088,1.5750960059553922,0.8,0.0,9.070068989355681,34.33477959614858,0,20,23660,11.793027194579638,,,
monitor_only,1184,0.9298245614035088,1.5776226684767096,0.8,0.0,7.195029136801547,32.45973974359444,0,20,23680,7.126652511626351,,,
monitor_only,1185,0.9298245614035088,1.5802022072024318,0.8,0.0,3.8694063315953526,29.13411693838825,0,20,23700,2.6546778704738863,,,
monitor_only,1186,0.9298245614035088,1.5826364707844645,0.8,0.0,9.084619283062997,34.349329889855895,0,20,23720,13.916493634506805,,,
monitor_only,1187,0.9298245614035088,1.5851706836104797,0.8,0.0,9.044476827579427,34.30918743437232,0,20,23740,13.174044490142434,,,
monitor_only,1188,0.9298245614035088,1.5877703788641233,0.8,0.0,6.648985344749387,31.913695951542284,0,20,23760,7.4298418992940505,,,
monitor_only,1189,0.9298245614035088,1.590538811541623,0.8,0.0,6.834603067515749,32.09931367430865,0,20,23780,7.694902959826688,,,
monitor_only,1190,0.9298245614035088,1.593073780556286,0.8,0.0,9.225676891408437,34.49038749820133,0,20,23800,13.426246387173364,,,
monitor_only,1191,0.9298245614035088,1.5955516250074824,0.8,0.0,7.1586416538029125,32.423352260595806,0,20,23820,7.842640255544744,,,
monitor_only,1192,0.9298245614035088,1.5981360310039416,0.8,0.0,9.220184048892483,34.48489465568538,0,20,23840,14.05340530681462,,,
monitor_only,1193,0.9298245614035088,1.6006809129752615,0.8,0.0,5.168742228977029,30.433452835769927,0,20,23860,7.157658954415642,,,
monitor_only,1194,0.9298245614035088,1.6031928724804316,0.8,0.0,5.253993404897605,30.518704011690502,0,20,23880,6.6439137157986705,,,
monitor_only,1195,0.9298245614035088,1.6057420330386558,0.8,0.0,4.862653366219547,30.127363973012443,0,20,23900,10.445766231665466,,,
monitor_only,1196,0.9298245614035088,1.6081123191867606,0.8,0.0,7.264115645024655,32.52882625181755,0,20,23920,13.433558763761642,,,
monitor_only,1197,0.9298245614035088,1.6106157736333075,0.8,0.0,3.094017860599176,28.358728467392073,0,20,23940,2.9135962335552774,,,
monitor_only,1198,0.9298245614035088,1.6131435139868058,0.8,0.0,9.187407526707906,34.452118133500804,0,20,23960,13.636088972406768,,,
monitor_only,1199,0.9298245614035088,1.615500305793087,0.8,0.0,7.271707249245765,32.53641785603866,0,20,23980,7.459442909904333,,,
monitor_only,1200,0.9298245614035088,1.6181113875853514,0.8,0.0,6.718002055716852,31.982712662509748,0,20,24000,7.670503433229976,,,
monitor_only,1201,0.9298245614035088,1.620778549504643,0.8,0.0,10.722416705264854,35.98712731205775,0,20,24020,14.251179325590693,,,
monitor_only,1202,0.9298245614035088,1.6232782105360164,0.8,0.0,7.207342696989751,32.472053303782644,0,20,24040,7.264644604541789,,,
monitor_only,1203,0.9298245614035088,1.6258534254340888,0.8,0.0,5.118824273530057,30.383534880322955,0,20,24060,5.9037949496538165,,,
monitor_only,1204,0.9298245614035088,1.6284778110531335,0.8,0.0,7.3043384298155924,32.56904903660849,0,20,24080,7.9138060711483105,,,
monitor_only,1205,0.9298245614035088,1.630754486822105,0.8,0.0,5.309587201053698,30.574297807846595,0,20,24100,7.2190930132041995,,,
monitor_only,1206,0.9298245614035088,1.6329740899609517,0.8,0.0,7.291945497656798,32.556656104449694,0,20,24120,7.037851386655145,,,
monitor_only,1207,0.9298245614035088,1.6352496068797875,0.8,0.0,4.748261592207352,30.01297219900025,0,20,24140,4.246644866870927,,,
monitor_only,1208,0.9298245614035088,1.6377565132381926,0.8,0.0,3.0783337472216017,28.3430443540145,0,20,24160,2.3468352407068878,,,
monitor_only,1209,0.9298245614035088,1.6401838490071257,0.8,0.0,5.787615692372015,31.05232629916491,0,20,24180,2.5052346983893248,,,
monitor_only,1210,0.9298245614035088,1.6426877285540022,0.8,0.0,9.061025287340575,34.32573589413347,0,20,24200,14.32839379228887,,,
monitor_only,1211,0.9298245614035088,1.6452239407826459,0.8,0.0,9.257492446270515,34.52220305306341,0,20,24220,14.296542391889888,,,
monitor_only,1212,0.9298245614035088,1.6478484403930185,0.8,0.0,3.256511072962288,28.521221679755183,0,20,24240,2.8132436262179,,,
monitor_only,1213,0.9298245614035088,1.6502693411653475,0.8,0.0,9.075221866587906,34.3399324733808,0,20,24260,11.438161118678579,,,
monitor_only,1214,0.9298245614035088,1.6527384856036191,0.8,0.0,9.329876099566263,34.59458670635916,0,20,24280,13.641629169026068,,,
monitor_only,1215,0.9298245614035088,1.6553631758999854,0.8,0.0,7.358108550154536,32.62281915694743,0,20,24300,13.93538216203734,,,
monitor_only,1216,0.9298245614035088,1.6578640689413338,0.8,0.0,9.07766405183376,34.34237465862665,0,20,24320,11.473047720563207,,,
monitor_only,1217,0.9298245614035088,1.6604764187786885,0.8,0.0,9.280325808750453,34.54503641554335,0,20,24340,14.33005729080208,,,
monitor_only,1218,0.9298245614035088,1.6629432636588357,0.8,0.0,7.373584416504855,32.63829502329775,0,20,24360,13.48833930740946,,,
monitor_only,1219,0.9298245614035088,1.6654802728966966,0.8,0.0,8.92687185604397,34.19158246283686,0,20,24380,14.347055535714116,,,
monitor_only,1220,0.9298245614035088,1.6680572925189516,0.8,0.0,9.096210955364086,34.36092156215698,0,20,24400,14.009380976128025,,,
monitor_only,1221,0.9298245614035088,1.6706358571418949,0.8,0.0,3.3887461639850853,28.653456770777982,0,20,24420,5.966124392644784,,,
monitor_only,1222,0.9298245614035088,1.6732142521800848,0.8,0.0,11.369868894771193,36.63457950156409,0,20,24440,14.660658534699637,,,
monitor_only,1223,0.9298245614035088,1.6755081578185014,0.8,0.0,6.9879961422536025,32.252706749046496,0,20,24460,7.209829858093083,,,
monitor_only,1224,0.9298245614035088,1.6779593495760985,0.8,0.0,9.218425353701605,34.4831359604945,0,20,24480,14.528852657149082,,,
monitor_only,1225,0.9298245614035088,1.6803693181923924,0.8,0.0,9.325012533474819,34.589723140267715,0,20,24500,14.080276039190393,,,
monitor_only,1226,0.9298245614035088,1.68302081979265,0.8,0.0,9.389455170631512,34.65416577742441,0,20,24520,14.21651117137363,,,
monitor_only,1227,0.9298245614035088,1.6855015212475004,0.8,0.0,9.128835707892526,34.39354631468542,0,20,24540,14.454173310817435,,,
monitor_only,1228,0.9298245614035088,1.6879704433130256,0.8,0.0,9.417267794579328,34.68197840137222,0,20,24560,14.15687363085168,,,
monitor_only,1229,0.9298245614035088,1.6904221451059154,0.8,0.0,9.344309182514888,34.60901978930778,0,20,24580,14.147183231258614,,,
monitor_only,1230,0.9298245614035088,1.6930178743308775,0.8,0.0,7.409684398048739,32.674395004841635,0,20,24600,7.59804395645746,,,
monitor_only,1231,0.9298245614035088,1.6954092172073991,0.8,0.0,4.7164982678295555,29.981208874622453,0,20,24620,7.016172479980175,,,
monitor_only,1232,0.9298245614035088,1.697791914031259,0.8,0.0,9.358572398961467,34.62328300575436,0,20,24640,13.653490658361143,,,
monitor_only,1233,0.9298245614035088,1.7001055537454437,0.8,0.0,7.448215407009684,32.71292601380258,0,20,24660,7.088406939360467,,,
monitor_only,1234,0.9298245614035088,1.702582589207844,0.8,0.0,5.428796176648045,30.69350678344094,0,20,24680,6.63997356173672,,,
monitor_only,1235,0.9298245614035088,1.704817125996626,0.8,0.0,5.269604701566474,30.53431530835937,0,20,24700,6.345299162188907,,,
monitor_only,1236,0.9298245614035088,1.7071449844047593,0.8,0.0,5.377472475610148,30.642183082403044,0,20,24720,7.265079152148445,,,
monitor_only,1237,0.9298245614035088,1.7096557241385255,0.8,0.0,5.173402755758238,30.438113362551135,0,20,24740,6.036683340144495,,,
monitor_only,1238,0.9298245614035088,1.7118745696129694,0.8,0.0,9.282663838846474,34.54737444563937,0,20,24760,13.626495295131043,,,
monitor_only,1239,0.9298245614035088,1.7141450615542053,0.8,0.0,11.391546619849654,36.65625722664255,0,20,24780,13.55355156882482,,,
monitor_only,1240,0.9298245614035088,1.716497091912413,0.8,0.0,5.299962554599915,30.56467316139281,0,20,24800,7.570407163462776,,,
monitor_only,1241,0.9298245614035088,1.718947436831251,0.8,0.0,6.887923811597527,32.15263441839042,0,20,24820,7.644016879886147,,,
monitor_only,1242,0.9298245614035088,1.7213836660758857,0.8,0.0,9.300699387421599,34.56540999421449,0,20,24840,11.662908443324119,,,
monitor_only,1243,0.9298245614035088,1.7235117523830426,0.8,0.0,6.8962025106683695,32.16091311746126,0,20,24860,6.927095814698662,,,
monitor_only,1244,0.9298245614035088,1.7260272369043397,0.8,0.0,7.204393160556796,32.469103767349694,0,20,24880,7.676669415507308,,,
monitor_only,1245,0.9298245614035088,1.728232398129365,0.8,0.0,5.669344275653051,30.93405488244595,0,20,24900,11.647009700986182,,,
monitor_only,1246,0.9298245614035088,1.730435782446272,0.8,0.0,9.509096375206052,34.773806981998945,0,20,24920,13.93953108921591,,,
monitor_only,1247,0.9298245614035088,1.732851852748975,0.8,0.0,3.6628520193342715,28.927562626127166,0,20,24940,6.177545688798773,,,
monitor_only,1248,0.9298245614035088,1.7351999690848128,0.8,0.0,3.511642672957957,28.776353279750854,0,20,24960,2.840273502345559,,,
monitor_only,1249,0.9298245614035088,1.7376890116445793,0.8,0.0,9.314430737985617,34.57914134477851,0,20,24980,7.677724631500147,,,
monitor_only,1250,0.9298245614035088,1.7398063135672637,0.8,0.0,6.905710390678905,32.1704209974718,0,20,25000,7.587367652497311,,,
monitor_only,1251,0.9298245614035088,1.7419609732773094,0.8,0.0,5.52545003349034,30.790160640283236,0,20,25020,7.422197968782207,,,
monitor_only,1252,0.9298245614035088,1.744151464843066,0.8,0.0,9.514169488354582,34.77888009514748,0,20,25040,13.333723879124085,,,
monitor_only,1253,0.9298245614035088,1.7465348940570469,0.8,0.0,3.6439579743978356,28.90866858119073,0,20,25060,3.131853973395876,,,
monitor_only,1254,0.9298245614035088,1.748815588679496,0.8,0.0,4.676685694694053,29.94139630148695,0,20,25080,5.598071216012339,,,
monitor_only,1255,0.9298245614035088,1.7510440204075761,0.8,0.0,5.467199103305424,30.73190971009832,0,20,25100,6.581119595301731,,,
monitor_only,1256,0.9298245614035088,1.753190812684924,0.8,0.0,7.364044405191332,32.628755011984225,0,20,25120,6.805233464071925,,,
monitor_only,1257,0.9298245614035088,1.755613032490577,0.8,0.0,7.13309706869912,32.39780767549202,0,20,25140,10.315601771008545,,,
monitor_only,1258,0.9298245614035088,1.7578225490600288,0.8,0.0,3.5638576439282588,28.828568250721155,0,20,25160,2.85254240505677,,,
monitor_only,1259,0.9298245614035088,1.7600785748728411,0.8,0.0,7.545343722963102,32.810054329756,0,20,25180,7.348431960567592,,,
monitor_only,1260,0.9298245614035088,1.7624315277789127,0.8,0.0,4.666364620900367,29.931075227693263,0,20,25200,6.365778794045513,,,
monitor_only,1261,0.9298245614035088,1.7648156574566596,0.8,0.0,5.555094774745157,30.819805381538053,0,20,25220,6.857902838416237,,,
monitor_only,1262,0.9298245614035088,1.7670853204404107,0.8,0.0,13.282962498661467,38.547673105454365,0,20,25240,19.36819585452509,,,
monitor_only,1263,0.9298245614035088,1.7694267868063231,0.8,0.0,7.563263531523793,32.82797413831669,0,20,25260,7.394458108950804,,,
monitor_only,1264,0.9298245614035088,1.7717201593778633,0.8,0.0,4.662949685451092,29.92766029224399,0,20,25280,5.739013389781571,,,
monitor_only,1265,0.9298245614035088,1.773772118299035,0.8,0.0,7.511251471783757,32.775962078576654,0,20,25300,6.659492516299591,,,
monitor_only,1266,0.9298245614035088,1.7762999009266165,0.8,0.0,9.600175815545526,34.86488642233842,0,20,25320,14.763099644703304,,,
monitor_only,1267,0.9298245614035088,1.7787082542507504,0.8,0.0,13.174505273624012,38.43921588041691,0,20,25340,18.208234797549437,,,
monitor_only,1268,0.9298245614035088,1.7807960649615764,0.8,0.0,9.519793585265765,34.78450419205866,0,20,25360,12.909653567282648,,,
monitor_only,1269,0.9298245614035088,1.7830539301908168,0.8,0.0,7.349724076879246,32.614434683672144,0,20,25380,6.4999338413974295,,,
monitor_only,1270,0.9298245614035088,1.7852675869115961,0.8,0.0,7.529045139522547,32.79375574631544,0,20,25400,13.597200375299252,,,
monitor_only,1271,0.9298245614035088,1.7876305029368373,0.8,0.0,10.98602473336958,36.25073534016248,0,20,25420,16.97729443937342,,,
monitor_only,1272,0.9298245614035088,1.7898634934006414,0.8,0.0,9.627892584820756,34.89260319161365,0,20,25440,21.56456010979484,,,
monitor_only,1273,0.9298245614035088,1.7921136247985194,0.8,0.0,10.99395368489051,36.2586642916834,0,20,25460,14.076460681757874,,,
monitor_only,1274,0.9298245614035088,1.7946485596136796,0.8,0.0,3.3487638744141655,28.61347448120706,0,20,25480,3.2488321466976062,,,
monitor_only,1275,0.9298245614035088,1.7969232886525652,0.8,0.0,9.617519225310314,34.88222983210321,0,20,25500,12.391908411081566,,,
monitor_only,1276,0.9298245614035088,1.7991580561306304,0.8,0.0,5.62186808327624,30.886578690069136,0,20,25520,7.132689697131075,,,
monitor_only,1277,0.9298245614035088,1.801386682651218,0.8,0.0,9.166262606100116,34.43097321289301,0,20,25540,14.01927549549466,,,
monitor_only,1278,0.9298245614035088,1.8037468282442954,0.8,0.0,4.634137177971715,29.898847784764612,0,20,25560,6.203212142510661,,,
monitor_only,1279,0.9298245614035088,1.8062307455342308,0.8,0.0,11.035603274210644,36.30031388100354,0,20,25580,14.576906649538921,,,
monitor_only,1280,0.9298245614035088,1.8086944262108362,0.8,0.0,9.524794604575012,34.78950521136791,0,20,25600,11.954039000946715,,,
monitor_only,1281,0.9298245614035088,1.8110001495998918,0.8,0.0,3.5289524755216917,28.793663082314588,0,20,25620,3.028247029881807,,,
monitor_only,1282,0.9298245614035088,1.8132097304526644,0.8,0.0,5.667723605292849,30.932434212085745,0,20,25640,7.193744068036299,,,
monitor_only,1283,0.9298245614035088,1.8153773673579126,0.8,0.0,6.727837351608818,31.992547958401715,0,20,25660,7.13365076219234,,,
monitor_only,1284,0.9298245614035088,1.8175634595614285,0.8,0.0,7.054261142812948,32.31897174960584,0,20,25680,7.306927597607026,,,
monitor_only,1285,0.9298245614035088,1.81980747361611,0.8,0.0,3.3958818902450125,28.660592497037907,0,20,25700,5.450929054939292,,,
monitor_only,1286,0.9298245614035088,1.8218974189215402,0.8,0.0,7.666437503640964,32.93114811043386,0,20,25720,12.638054340092522,,,
monitor_only,1287,0.9298245614035088,1.8240539942741918,0.8,0.0,9.670176640782605,34.9348872475755,0,20,25740,14.074360857845358,,,
monitor_only,1288,0.9298245614035088,1.8266070571558075,0.8,0.0,11.408288394142499,36.67299900093539,0,20,25760,14.808136950710585,,,
monitor_only,1289,0.9298245614035088,1.8289316771096729,0.8,0.0,5.680041408407609,30.944752015200507,0,20,25780,7.702963245063551,,,
monitor_only,1290,0.9298245614035088,1.8312574681435503,0.8,0.0,7.684367011896711,32.94907761868961,0,20,25800,13.98562265849059,,,
monitor_only,1291,0.9298245614035088,1.8334104760523873,0.8,0.0,9.571962287260856,34.83667289405375,0,20,25820,13.786842423538447,,,
monitor_only,1292,0.9298245614035088,1.835573459213456,0.8,0.0,7.31106474664557,32.575775353438466,0,20,25840,7.052888767945569,,,
monitor_only,1293,0.9298245614035088,1.8378309112210542,0.8,0.0,5.63047609840775,30.895186705200647,0,20,25860,6.27579146504378,,,
monitor_only,1294,0.9298245614035088,1.840061846995589,0.8,0.0,5.720160670789862,30.98487127758276,0,20,25880,6.594639810107344,,,
monitor_only,1295,0.9298245614035088,1.8422018941440739,0.8,0.0,7.641707801003577,32.90641840779647,0,20,25900,13.800189916727039,,,
monitor_only,1296,0.9298245614035088,1.8443957917079536,0.8,0.0,7.098111979270622,32.362822586063515,0,20,25920,7.385959149334399,,,
monitor_only,1297,0.9298245614035088,1.8464427789132485,0.8,0.0,11.540925988299477,36.80563659509237,0,20,25940,13.450598505516497,,,
monitor_only,1298,0.9298245614035088,1.8486854385357676,0.8,0.0,3.5448215455998406,28.809532152392737,0,20,25960,6.181676298376305,,,
monitor_only,1299,0.9298245614035088,1.8506634220112106,0.8,0.0,9.72273747350452,34.98744808029741,0,20,25980,13.472222077919843,,,
monitor_only,1300,0.9298245614035088,1.8529916029728193,0.8,0.0,9.09535637432138,34.36006698111427,0,20,26000,14.077882277563216,,,
monitor_only,1301,0.9298245614035088,1.8551208068500615,0.8,0.0,3.6137505821030422,28.878461188895937,0,20,26020,6.2925068830498265,,,
monitor_only,1302,0.9298245614035088,1.8573375962731322,0.8,0.0,5.754665141973495,31.019375748766393,0,20,26040,7.8133968344287,,,
monitor_only,1303,0.9298245614035088,1.8594600345315067,0.8,0.0,7.622525084507667,32.88723569130056,0,20,26060,13.542172728086562,,,
monitor_only,1304,0.9298245614035088,1.8615911203462587,0.8,0.0,9.474651531098365,34.73936213789126,0,20,26080,14.129787660236348,,,
monitor_only,1305,0.9298245614035088,1.8639063888596807,0.8,0.0,9.775813819639628,35.040524426432526,0,20,26100,13.589976752798067,,,
monitor_only,1306,0.9298245614035088,1.8661150101848414,0.8,0.0,7.780444356666673,33.04515496345957,0,20,26120,7.742937930515172,,,
monitor_only,1307,0.9298245614035088,1.8680722210410095,0.8,0.0,3.775974781082141,29.040685387875037,0,20,26140,2.937739809570947,,,
monitor_only,1308,0.9298245614035088,1.8700486173687636,0.8,0.0,7.697089793184281,32.96180039997718,0,20,26160,7.276352183161359,,,
monitor_only,1309,0.9298245614035088,1.8724051780496545,0.8,0.0,9.494445118825373,34.75915572561827,0,20,26180,11.590870797667412,,,
monitor_only,1310,0.9298245614035088,1.8746642446060815,0.8,0.0,9.705753430373914,34.970464037166806,0,20,26200,13.980926402389297,,,
monitor_only,1311,0.9298245614035088,1.8767894187528553,0.8,0.0,5.8019600681594365,31.066670674952334,0,20,26220,7.672699294324898,,,
monitor_only,1312,0.9298245614035088,1.8791474867021487,0.8,0.0,5.179450506796381,30.444161113589278,0,20,26240,6.712841540810766,,,
monitor_only,1313,0.9298245614035088,1.8812769061351935,0.8,0.0,5.810926552351627,31.075637159144524,0,20,26260,6.4913200035943035,,,
monitor_only,1314,0.9298245614035088,1.883468955654345,0.8,0.0,5.787435218039718,31.052145824832614,0,20,26280,7.1966688170850315,,,
monitor_only,1315,0.9298245614035088,1.8853622541484507,0.8,0.0,3.726740962311321,28.991451569104218,0,20,26300,2.6846594289570165,,,
monitor_only,1316,0.9298245614035088,1.8874617528816036,0.8,0.0,9.523480947408796,34.78819155420169,0,20,26320,14.136739498535016,,,
monitor_only,1317,0.9298245614035088,1.889504954864442,0.8,0.0,6.54792184710459,31.812632453897486,0,20,26340,7.581019668786948,,,
monitor_only,1318,0.9298245614035088,1.8916493286117422,0.8,0.0,7.736775964288351,33.001486571081244,0,20,26360,7.352278568345812,,,
monitor_only,1319,0.9298245614035088,1.8939566473835139,0.8,0.0,5.828298516621923,31.09300912341482,0,20,26380,7.893812963710715,,,
monitor_only,1320,0.9298245614035088,1.8960386323377103,0.8,0.0,2.5795650115897693,27.844275618382664,0,20,26400,2.7077463669985726,,,
monitor_only,1321,0.9298245614035088,1.898122668717625,0.8,0.0,7.8160008958013805,33.080711502594276,0,20,26420,7.5591436662030285,,,
monitor_only,1322,0.9298245614035088,1.9002066685846002,0.8,0.0,5.75437117840958,31.019081785202477,0,20,26440,5.9891757478287175,,,
monitor_only,1323,0.9298245614035088,1.9024144609513771,0.8,0.0,5.197061343257398,30.461771950050295,0,20,26460,5.56811566491179,,,
monitor_only,1324,0.9298245614035088,1.9045911152463473,0.8,0.0,9.200471228101986,34.46518183489488,0,20,26480,8.935801622476427,,,
monitor_only,1325,0.9298245614035088,1.9067582449725167,0.8,0.0,9.861813809440036,35.12652441623293,0,20,26500,13.993082046092825,,,
monitor_only,1326,0.9298245614035088,1.9088502669235823,0.8,0.0,5.837572858497424,31.10228346529032,0,20,26520,7.834212583250005,,,
monitor_only,1327,0.9298245614035088,1.9110689290201066,0.8,0.0,11.674302969540047,36.93901357633294,0,20,26540,19.771882780397608,,,
monitor_only,1328,0.9298245614035088,1.913337700309795,0.8,0.0,11.866761777946143,37.13147238473904,0,20,26560,14.06384428521005,,,
monitor_only,1329,0.9298245614035088,1.915429693019121,0.8,0.0,9.87930697956699,35.14401758635989,0,20,26580,13.692645734780024,,,
monitor_only,1330,0.9298245614035088,1.9175289083280875,0.8,0.0,7.7879369158688405,33.052647522661736,0,20,26600,13.519253411847263,,,
monitor_only,1331,0.9298245614035088,1.9197266680201148,0.8,0.0,9.857714611403406,35.1224252181963,0,20,26620,14.154175777586893,,,
monitor_only,1332,0.9298245614035088,1.9217622444364595,0.8,0.0,11.744530642192029,37.00924124898492,0,20,26640,19.554211657771553,,,
monitor_only,1333,0.9298245614035088,1.9236784418954695,0.8,0.0,4.594316987048236,29.859027593841134,0,20,26660,2.8501371960595336,,,
monitor_only,1334,0.9298245614035088,1.9256944426234865,0.8,0.0,7.436292626737592,32.701003233530486,0,20,26680,7.875898692887352,,,
monitor_only,1335,0.9298245614035088,1.9276612923020437,0.8,0.0,7.808460811416657,33.073171418209554,0,20,26700,12.013979597507952,,,
monitor_only,1336,0.9298245614035088,1.9298216114362916,0.8,0.0,9.710171269535598,34.974881876328496,0,20,26720,11.97748754861266,,,
monitor_only,1337,0.9298245614035088,1.9319433453841641,0.8,0.0,5.463590920257199,30.728301527050096,0,20,26740,3.032789424898609,,,
monitor_only,1338,0.9298245614035088,1.934098202139191,0.8,0.0,9.88685290237451,35.1515635091674,0,20,26760,14.697110521010336,,,
monitor_only,1339,0.9298245614035088,1.9360950395744434,0.8,0.0,11.493874842439407,36.7585854492323,0,20,26780,13.5969196759695,,,
monitor_only,1340,0.9298245614035088,1.938062494455138,0.8,0.0,2.743319695396167,28.008030302189063,0,20,26800,2.366815158212631,,,
monitor_only,1341,0.9298245614035088,1.9400806113328832,0.8,0.0,3.899189976316393,29.16390058310929,0,20,26820,5.635930881012362,,,
monitor_only,1342,0.9298245614035088,1.9420439121044766,0.8,0.0,3.624425222795935,28.88913582958883,0,20,26840,3.005895016281485,,,
monitor_only,1343,0.9298245614035088,1.9441798918667386,0.8,0.0,7.929897300822404,33.1946079076153,0,20,26860,14.548546857313443,,,
monitor_only,1344,0.9298245614035088,1.9461036951862158,0.8,0.0,4.624578141143729,29.889288747936625,0,20,26880,6.358464961777504,,,
monitor_only,1345,0.9298245614035088,1.9482438246385223,0.8,0.0,7.476882317892357,32.74159292468525,0,20,26900,7.198003922264963,,,
monitor_only,1346,0.9298245614035088,1.950200839312955,0.8,0.0,7.259588889766823,32.52429949655972,0,20,26920,7.0320858758849925,,,
monitor_only,1347,0.9298245614035088,1.9521499673367668,0.8,0.0,7.262387508454064,32.52709811524696,0,20,26940,7.2437440723160265,,,
monitor_only,1348,0.9298245614035088,1.9539918889358832,0.8,0.0,7.432944589871037,32.69765519666393,0,20,26960,6.904250089690409,,,
monitor_only,1349,0.9298245614035088,1.955792213308673,0.8,0.0,3.953051372114942,29.217761978907838,0,20,26980,2.626460215374273,,,
monitor_only,1350,0.9298245614035088,1.9575280482883366,0.8,0.0,7.8685227616354805,33.13323336842838,0,20,27000,12.918500278244874,,,
monitor_only,1351,0.9298245614035088,1.9593960122871261,0.8,0.0,7.442826834890942,32.70753744168384,0,20,27020,6.8932492875780405,,,
monitor_only,1352,0.9298245614035088,1.9614936991166838,0.8,0.0,5.942492419668497,31.207203026461393,0,20,27040,7.904015015496496,,,
monitor_only,1353,0.9298245614035088,1.9633226795426364,0.8,0.0,7.544256654622738,32.80896726141563,0,20,27060,6.8912467670695134,,,
monitor_only,1354,0.9298245614035088,1.9653379862467115,0.8,0.0,9.979276938032626,35.24398754482552,0,20,27080,13.686543001774877,,,
monitor_only,1355,0.9298245614035088,1.9673291474697188,0.8,0.0,8.651865331553381,33.91657593834628,0,20,27100,14.118686905430112,,,
monitor_only,1356,0.9298245614035088,1.9693957102586246,0.8,0.0,9.980038164698803,35.2447487714917,0,20,27120,13.817949714959244,,,
monitor_only,1357,0.9298245614035088,1.971085126698435,0.8,0.0,7.5582601758768915,32.822970782669785,0,20,27140,6.709961423308198,,,
monitor_only,1358,0.9298245614035088,1.97306862760022,0.8,0.0,7.987409194157257,33.252119800950155,0,20,27160,13.710767696540419,,,
monitor_only,1359,0.9298245614035088,1.9751873224180063,0.8,0.0,7.302749835539923,32.567460442332816,0,20,27180,7.960148046799274,,,
monitor_only,1360,0.9298245614035088,1.9771757378496895,0.8,0.0,9.67197969981991,34.9366903066128,0,20,27200,13.465283851354748,,,
monitor_only,1361,0.9298245614035088,1.9791473073663666,0.8,0.0,7.978271222132586,33.24298182892548,0,20,27220,7.321633709699122,,,
monitor_only,1362,0.9298245614035088,1.9809602914508402,0.8,0.0,8.003220568898922,33.267931175691814,0,20,27240,13.770838049476943,,,
monitor_only,1363,0.9298245614035088,1.9827588902254403,0.8,0.0,9.801391854639027,35.066102461431925,0,20,27260,13.182502987661897,,,
monitor_only,1364,0.9298245614035088,1.984524352892356,0.8,0.0,9.868687356065493,35.13339796285839,0,20,27280,13.753219885976995,,,
monitor_only,1365,0.9298245614035088,1.98653186346006,0.8,0.0,4.0216802847320805,29.286390891524977,0,20,27300,2.9290365121403092,,,
monitor_only,1366,0.9298245614035088,1.9885047536037088,0.8,0.0,5.929877185198317,31.194587791991214,0,20,27320,6.101180122255384,,,
monitor_only,1367,0.9298245614035088,1.9904133277039724,0.8,0.0,6.029641086154622,31.29435169294752,0,20,27340,7.451606432107304,,,
monitor_only,1368,0.9298245614035088,1.9923559879466561,0.8,0.0,8.026327447228521,33.29103805402141,0,20,27360,7.323239807179422,,,
monitor_only,1369,0.9298245614035088,1.9944692570039637,0.8,0.0,7.6012999491369255,32.86601055592982,0,20,27380,7.5902777100378405,,,
monitor_only,1370,0.9298245614035088,1.9964149498600736,0.8,0.0,7.354336201937789,32.61904680873069,0,20,27400,7.477320455589145,,,
monitor_only,1371,0.9298245614035088,1.9983551649074613,0.8,0.0,6.015689485248004,31.2804000920409,0,20,27420,7.64440802474514,,,
monitor_only,1372,0.9298245614035088,2.0003683783358897,0.8,0.0,8.021374384204591,33.28608499099749,0,20,27440,7.92991759544263,,,
monitor_only,1373,0.9298245614035088,2.0023251395811403,0.8,0.0,9.720853513396909,34.98556412018981,0,20,27460,13.84140416779216,,,
monitor_only,1374,0.9298245614035088,2.004497745842457,0.8,0.0,9.960949424025785,35.22566003081868,0,20,27480,14.625615667391536,,,
monitor_only,1375,0.9298245614035088,2.0068013811995113,0.8,0.0,10.055306623416225,35.32001723020912,0,20,27500,15.312122287315155,,,
monitor_only,1376,0.9298245614035088,2.0085869252880153,0.8,0.0,5.969259215922118,31.233969822715014,0,20,27520,7.268583169050347,,,
monitor_only,1377,0.9298245614035088,2.010505284521077,0.8,0.0,10.040411477612755,35.30512208440565,0,20,27540,14.399663097196171,,,
monitor_only,1378,0.9298245614035088,2.012423750330248,0.8,0.0,7.859154484465686,33.12386509125858,0,20,27560,7.494063730898592,,,
monitor_only,1379,0.9298245614035088,2.0141096910832568,0.8,0.0,9.744184857363507,35.0088954641564,0,20,27580,13.185781617338042,,,
monitor_only,1380,0.9298245614035088,2.0159911657261,0.8,0.0,7.98465384522577,33.24936445201867,0,20,27600,13.772031024163066,,,
monitor_only,1381,0.9298245614035088,2.01816565814313,0.8,0.0,7.988312341509527,33.25302294830242,0,20,27620,14.555521956174791,,,
monitor_only,1382,0.9298245614035088,2.0201379497685545,0.8,0.0,9.939173621130902,35.203884227923794,0,20,27640,13.73036604555987,,,
monitor_only,1383,0.9298245614035088,2.022281162666311,0.8,0.0,6.086934483323224,31.351645090116122,0,20,27660,7.479507676659126,,,
monitor_only,1384,0.9298245614035088,2.024414248738406,0.8,0.0,9.78154732391848,35.04625793071138,0,20,27680,14.79128215771298,,,
monitor_only,1385,0.9298245614035088,2.026342498266005,0.8,0.0,4.466860475074365,29.731571081867262,0,20,27700,5.569122122573474,,,
monitor_only,1386,0.9298245614035088,2.0281967341358333,0.8,0.0,13.53498226330866,38.79969287010155,0,20,27720,13.637804699824791,,,
monitor_only,1387,0.9298245614035088,2.029912104097834,0.8,0.0,6.102819904247857,31.367530511040755,0,20,27740,7.185090158217522,,,
monitor_only,1388,0.9298245614035088,2.0321001567726373,0.8,0.0,6.741828520938498,32.00653912773139,0,20,27760,7.849482882858951,,,
monitor_only,1389,0.9298245614035088,2.033906577986878,0.8,0.0,8.01894587218423,33.28365647897712,0,20,27780,7.295112532436113,,,
monitor_only,1390,0.9298245614035088,2.03598628717738,0.8,0.0,11.903001674548554,37.16771228134145,0,20,27800,20.27565198137589,,,
monitor_only,1391,0.9298245614035088,2.0380684448185225,0.8,0.0,10.117930311966651,35.38264091875955,0,20,27820,14.495446200942816,,,
monitor_only,1392,0.9298245614035088,2.039868924275858,0.8,0.0,7.910678620092616,33.175389226885514,0,20,27840,6.6040057597191035,,,
monitor_only,1393,0.9298245614035088,2.0419156707839123,0.8,0.0,8.755026076098982,34.019736682891875,0,20,27860,14.111507739002635,,,
monitor_only,1394,0.9298245614035088,2.0437026943213494,0.8,0.0,5.818162938860496,31.082873545653392,0,20,27880,5.2688253345265075,,,
monitor_only,1395,0.9298245614035088,2.0455719536726784,0.8,0.0,9.821598101116631,35.086308707909524,0,20,27900,13.283188262536644,,,
monitor_only,1396,0.9298245614035088,2.047499503317722,0.8,0.0,9.991524102201009,35.2562347089939,0,20,27920,14.029931196871912,,,
monitor_only,1397,0.9298245614035088,2.049389430831557,0.8,0.0,9.429105174092456,34.69381578088535,0,20,27940,13.80171540385553,,,
monitor_only,1398,0.9298245614035088,2.0513602464617753,0.8,0.0,8.122766226914944,33.38747683370784,0,20,27960,14.080362873208097,,,
monitor_only,1399,0.9298245614035088,2.0531569067126227,0.8,0.0,8.12507566665848,33.38978627345138,0,20,27980,7.383530233011602,,,
monitor_only,1400,0.9298245614035088,2.054871478020358,0.8,0.0,11.938266908000136,37.202977514793034,0,20,28000,13.32540981654081,,,
monitor_only,1401,0.9298245614035088,2.0567152861664866,0.8,0.0,4.1623745349879,29.427085141780797,0,20,28020,2.7944840113114697,,,
monitor_only,1402,0.9298245614035088,2.0586555525594825,0.8,0.0,9.674122509153449,34.938833115946345,0,20,28040,10.909245809870976,,,
monitor_only,1403,0.9298245614035088,2.060815620693157,0.8,0.0,5.948838674657585,31.213549281450483,0,20,28060,5.947029134402073,,,
monitor_only,1404,0.9298245614035088,2.062666259823575,0.8,0.0,6.144187759696251,31.408898366489147,0,20,28080,6.7101408386947625,,,
monitor_only,1405,0.9298245614035088,2.0647028968225447,0.8,0.0,5.836999734000301,31.101710340793197,0,20,28100,5.758428920331055,,,
monitor_only,1406,0.9298245614035088,2.066619663702821,0.8,0.0,6.027605778991756,31.292316385784652,0,20,28120,12.441703133257041,,,
monitor_only,1407,0.9298245614035088,2.0684498355541114,0.8,0.0,8.185870906352951,33.45058151314585,0,20,28140,7.586527954677687,,,
monitor_only,1408,0.9298245614035088,2.0701364498672215,0.8,0.0,10.189531250055477,35.45424185684837,0,20,28160,12.449989553442876,,,
monitor_only,1409,0.9298245614035088,2.0720247126980444,0.8,0.0,10.16319413593692,35.427904742729815,0,20,28180,12.479180286483881,,,
monitor_only,1410,0.9298245614035088,2.0737316714746523,0.8,0.0,11.854594731356277,37.119305338149175,0,20,28200,13.117365551554967,,,
monitor_only,1411,0.9298245614035088,2.0756147383271353,0.8,0.0,8.168581235437767,33.43329184223066,0,20,28220,13.975142846415787,,,
monitor_only,1412,0.9298245614035088,2.0776008353365185,0.8,0.0,9.47575242993139,34.740463036724286,0,20,28240,14.245092957433544,,,
monitor_only,1413,0.9298245614035088,2.0791999722914136,0.8,0.0,5.6500657964143866,30.914776403207284,0,20,28260,4.621949629408284,,,
monitor_only,1414,0.9298245614035088,2.0812292232349483,0.8,0.0,6.211031523530059,31.475742130322956,0,20,28280,7.639168698848377,,,
monitor_only,1415,0.9298245614035088,2.083071024978395,0.8,0.0,7.760838536951269,33.025549143744165,0,20,28300,7.621774535576801,,,
monitor_only,1416,0.9298245614035088,2.0849726727402906,0.8,0.0,7.488470124343394,32.75318073113629,0,20,28320,7.404057256602673,,,
monitor_only,1417,0.9298245614035088,2.086588965086836,0.8,0.0,10.222576924427738,35.48728753122063,0,20,28340,12.757605490966531,,,
monitor_only,1418,0.9298245614035088,2.088494303535807,0.8,0.0,9.726481677166703,34.9911922839596,0,20,28360,10.746079129731662,,,
monitor_only,1419,0.9298245614035088,2.090323000111937,0.8,0.0,10.197179418725,35.461890025517896,0,20,28380,14.006350271391108,,,
monitor_only,1420,0.9298245614035088,2.0921301067384315,0.8,0.0,10.00864641749672,35.273357024289616,0,20,28400,12.214533105141596,,,
monitor_only,1421,0.9298245614035088,2.094065372870366,0.8,0.0,8.227904664373682,33.49261527116658,0,20,28420,13.626055142803867,,,
monitor_only,1422,0.9298245614035088,2.095772794405814,0.8,0.0,9.783718161444312,35.04842876823721,0,20,28440,13.53905011793597,,,
monitor_only,1423,0.9298245614035088,2.0973444358269138,0.8,0.0,8.14377127297765,33.40848187977055,0,20,28460,6.773908541413297,,,
monitor_only,1424,0.9298245614035088,2.099243313664502,0.8,0.0,10.237693458875583,35.50240406566848,0,20,28480,13.003353207436732,,,
monitor_only,1425,0.9298245614035088,2.1008237778662266,0.8,0.0,6.095966874838345,31.360677481631242,0,20,28500,6.843251453104281,,,
monitor_only,1426,0.9298245614035088,2.10257151036531,0.8,0.0,10.222564431866584,35.487275038659476,0,20,28520,13.791911572305333,,,
monitor_only,1427,0.9298245614035088,2.1045120377726114,0.8,0.0,6.102636249701163,31.36734685649406,0,20,28540,7.763544309046871,,,
monitor_only,1428,0.9298245614035088,2.106340817763531,0.8,0.0,10.03601872158697,35.300729328379866,0,20,28560,14.049678578009473,,,
monitor_only,1429,0.9298245614035088,2.1081837993030996,0.8,0.0,8.232306298709016,33.49701690550191,0,20,28580,7.6431319002212605,,,
monitor_only,1430,0.9298245614035088,2.109919250499292,0.8,0.0,8.166922994840132,33.431633601633024,0,20,28600,7.129627950261928,,,
monitor_only,1431,0.9298245614035088,2.1117003003729913,0.8,0.0,6.17026978277219,31.434980389565087,0,20,28620,5.886136750054632,,,
monitor_only,1432,0.9298245614035088,2.1133296756697755,0.8,0.0,4.050498484662816,29.315209091455714,0,20,28640,5.673231638516602,,,
monitor_only,1433,0.9298245614035088,2.1151824700193416,0.8,0.0,10.852806108701998,36.117516715494894,0,20,28660,13.937061806208577,,,
monitor_only,1434,0.9298245614035088,2.116886657829067,0.8,0.0,7.9357307640073795,33.20044137080028,0,20,28680,7.408634550407175,,,
monitor_only,1435,0.9298245614035088,2.1187217567250496,0.8,0.0,8.183847688838267,33.44855829563116,0,20,28700,7.422632792249183,,,
monitor_only,1436,0.9298245614035088,2.1204937853599795,0.8,0.0,7.721506068083954,32.98621667487685,0,20,28720,7.668836244958446,,,
monitor_only,1437,0.9298245614035088,2.122149420551838,0.8,0.0,11.966175945629706,37.230886552422604,0,20,28740,13.501980484274354,,,
monitor_only,1438,0.9298245614035088,2.1240071723554754,0.8,0.0,7.605627368044263,32.870337974837156,0,20,28760,14.613371211042475,,,
monitor_only,1439,0.9298245614035088,2.12576329710473,0.8,0.0,10.30064592365837,35.56535653045127,0,20,28780,13.301911577460565,,,
monitor_only,1440,0.9298245614035088,2.1276539771438756,0.8,0.0,10.202334249522664,35.46704485631556,0,20,28800,14.080354359538816,,,
monitor_only,1441,0.9298245614035088,2.1295690365032307,0.8,0.0,10.205014523163527,35.46972512995642,0,20,28820,12.320177499085311,,,
monitor_only,1442,0.9298245614035088,2.1314562738715486,0.8,0.0,8.209315915239966,33.47402652203286,0,20,28840,8.2179446409547,,,
monitor_only,1443,0.9298245614035088,2.1329266037011676,0.8,0.0,6.283121397689229,31.547832004482125,0,20,28860,6.868218376005842,,,
monitor_only,1444,0.9298245614035088,2.134591364908024,0.8,0.0,6.286452233850923,31.55116284064382,0,20,28880,6.692560659634284,,,
monitor_only,1445,0.9298245614035088,2.1362347950197744,0.8,0.0,6.313550702063443,31.57826130885634,0,20,28900,6.491355536403159,,,
monitor_only,1446,0.9298245614035088,2.137860786592004,0.8,0.0,10.325101168986825,35.58981177577972,0,20,28920,13.56284179794135,,,
monitor_only,1447,0.9298245614035088,2.1394547711536163,0.8,0.0,4.320186127157892,29.58489673395079,0,20,28940,6.6068948300795425,,,
monitor_only,1448,0.9298245614035088,2.141257605048465,0.8,0.0,10.228120086478611,35.49283069327151,0,20,28960,13.658217012037769,,,
monitor_only,1449,0.9298245614035088,2.1429419696680894,0.8,0.0,10.303661222297176,35.56837182909007,0,20,28980,12.573194832968268,,,
monitor_only,1450,0.9298245614035088,2.1446001718286576,0.8,0.0,8.338515518283506,33.603226125076404,0,20,29000,14.096376226003615,,,
monitor_only,1451,0.9298245614035088,2.1465123527464547,0.8,0.0,7.8323331778206775,33.097043784613575,0,20,29020,7.791524323126685,,,
monitor_only,1452,0.9298245614035088,2.1483090947775043,0.8,0.0,4.314421837929103,29.579132444722,0,20,29040,3.1376710113350215,,,
monitor_only,1453,0.9298245614035088,2.150133221774853,0.8,0.0,7.999541484076266,33.264252090869164,0,20,29060,7.423726090144473,,,
monitor_only,1454,0.9298245614035088,2.151774526436947,0.8,0.0,4.373115024182918,29.637825630975815,0,20,29080,6.42121887901286,,,
monitor_only,1455,0.9298245614035088,2.153484312813748,0.8,0.0,4.145488558506638,29.410199165299534,0,20,29100,3.0025464297440885,,,
monitor_only,1456,0.9298245614035088,2.15517653176963,0.8,0.0,6.352332337099446,31.617042943892343,0,20,29120,6.251785618090185,,,
monitor_only,1457,0.9298245614035088,2.156687438045471,0.8,0.0,8.355279557993452,33.619990164786344,0,20,29140,7.2280167494396625,,,
monitor_only,1458,0.9298245614035088,2.1582477678293177,0.8,0.0,6.263644030262867,31.528354637055763,0,20,29160,6.807186881240842,,,
monitor_only,1459,0.9298245614035088,2.1601061791444733,0.8,0.0,6.369127114605817,31.633837721398713,0,20,29180,7.545842426199539,,,
monitor_only,1460,0.9298245614035088,2.161628648045679,0.8,0.0,10.269836623482814,35.534547230275706,0,20,29200,13.029872948746608,,,
monitor_only,1461,0.9298245614035088,2.163577651579862,0.8,0.0,10.272563890701274,35.53727449749417,0,20,29220,14.387274662798193,,,
monitor_only,1462,0.9298245614035088,2.1654020914019965,0.8,0.0,9.866536467894775,35.13124707468767,0,20,29240,10.150417287586608,,,
monitor_only,1463,0.9298245614035088,2.1669885924026397,0.8,0.0,8.383435761751343,33.64814636854424,0,20,29260,6.987103031512913,,,
monitor_only,1464,0.9298245614035088,2.168730352756918,0.8,0.0,6.2275329818226055,31.4922435886155,0,20,29280,6.515188181190817,,,
monitor_only,1465,0.9298245614035088,2.1704653102624976,0.8,0.0,4.160061461314323,29.42477206810722,0,20,29300,5.691146686469052,,,
monitor_only,1466,0.9298245614035088,2.1721002748278684,0.8,0.0,12.386846053374256,37.65155666016715,0,20,29320,13.561718133771674,,,
monitor_only,1467,0.9298245614035088,2.1737288982187026,0.8,0.0,12.3902143388212,37.6549249456141,0,20,29340,13.991054205492718,,,
monitor_only,1468,0.9298245614035088,2.175199224527282,0.8,0.0,6.367710647188005,31.6324212539809,0,20,29360,7.2727175052939295,,,
monitor_only,1469,0.9298245614035088,2.1768514512141444,0.8,0.0,4.368795539209411,29.633506146002308,0,20,29380,6.172865674544286,,,
monitor_only,1470,0.9298245614035088,2.178358404198222,0.8,0.0,9.644222608209628,34.90893321500252,0,20,29400,9.638225422715195,,,
monitor_only,1471,0.9298245614035088,2.1800196923210695,0.8,0.0,5.646731458978517,30.911442065771414,0,20,29420,4.172932252503495,,,
monitor_only,1472,0.9298245614035088,2.181603477367866,0.8,0.0,6.309379371071297,31.574089977864194,0,20,29440,6.958513656255267,,,
monitor_only,1473,0.9298245614035088,2.183387235743303,0.8,0.0,6.184439093051803,31.4491496998447,0,20,29460,7.561212207867198,,,
monitor_only,1474,0.9298245614035088,2.1850961329648353,0.8,0.0,10.313877454093472,35.57858806088637,0,20,29480,11.821272394948403,,,
monitor_only,1475,0.9298245614035088,2.1868131539329037,0.8,0.0,10.262316719710423,35.527027326503315,0,20,29500,13.695376585624505,,,
monitor_only,1476,0.9298245614035088,2.188395819540129,0.8,0.0,10.0706719588959,35.335382565688796,0,20,29520,13.172305676802777,,,
monitor_only,1477,0.9298245614035088,2.1902409565123717,0.8,0.0,5.681317672504444,30.94602827929734,0,20,29540,6.444103256509854,,,
monitor_only,1478,0.9298245614035088,2.1919470092688798,0.8,0.0,8.40020010359164,33.66491071038453,0,20,29560,7.64413371847951,,,
monitor_only,1479,0.9298245614035088,2.1939139729957366,0.8,0.0,8.332259225575552,33.596969832368444,0,20,29580,8.217747395748392,,,
monitor_only,1480,0.9298245614035088,2.1954064150249764,0.8,0.0,12.083601344442059,37.348311951234955,0,20,29600,13.585811021256765,,,
monitor_only,1481,0.9298245614035088,2.1970991974412835,0.8,0.0,8.10598434495925,33.37069495175214,0,20,29620,7.592020956797205,,,
monitor_only,1482,0.9298245614035088,2.1986686606116805,0.8,0.0,6.966047268702672,32.23075787549557,0,20,29640,6.99311228718993,,,
monitor_only,1483,0.9298245614035088,2.2002772011044947,0.8,0.0,3.032043423625813,28.296754030418708,0,20,29660,2.562379958654042,,,
monitor_only,1484,0.9298245614035088,2.2019268600476734,0.8,0.0,12.420755732061556,37.685466338854454,0,20,29680,13.342555372977333,,,
monitor_only,1485,0.9298245614035088,2.203612257196,0.8,0.0,7.9812415941929284,33.245952200985826,0,20,29700,7.1276490041296645,,,
monitor_only,1486,0.9298245614035088,2.205291896324593,0.8,0.0,6.45985609333934,31.724566700132236,0,20,29720,7.666745413074563,,,
monitor_only,1487,0.9298245614035088,2.2070474386970105,0.8,0.0,5.987502902351404,31.2522135091443,0,20,29740,5.425343667589391,,,
monitor_only,1488,0.9298245614035088,2.208724096651051,0.8,0.0,4.431563429510183,29.69627403630308,0,20,29760,3.1359166470017055,,,
monitor_only,1489,0.9298245614035088,2.210329346479682,0.8,0.0,2.3297958267399586,27.594506433532853,0,20,29780,2.3971585258225905,,,
monitor_only,1490,0.9298245614035088,2.2119376748105406,0.8,0.0,9.948195834013708,35.212906440806606,0,20,29800,13.817994914391747,,,
monitor_only,1491,0.9298245614035088,2.213513119864862,0.8,0.0,4.476506928568446,29.741217535361343,0,20,29820,2.857239585546902,,,
monitor_only,1492,0.9298245614035088,2.2152795395207088,0.8,0.0,4.3260288687739985,29.590739475566895,0,20,29840,5.509459801800576,,,
monitor_only,1493,0.9298245614035088,2.2169749294615,0.8,0.0,6.3782769747039465,31.642987581496843,0,20,29860,6.444825468331364,,,
monitor_only,1494,0.9298245614035088,2.2186333976492687,0.8,0.0,12.144745269120753,37.40945587591365,0,20,29880,13.894683296547997,,,
monitor_only,1495,0.9298245614035088,2.220416540367668,0.8,0.0,6.481903974713911,31.746614581506808,0,20,29900,7.654945823888772,,,
monitor_only,1496,0.9298245614035088,2.2221030978168406,0.8,0.0,6.484968294974655,31.749678901767552,0,20,29920,6.748696822033714,,,
monitor_only,1497,0.9298245614035088,2.2236069635230074,0.8,0.0,8.279396238718089,33.54410684551098,0,20,29940,7.062114850394117,,,
monitor_only,1498,0.9298245614035088,2.2251944723750583,0.8,0.0,8.157321640367172,33.42203224716007,0,20,29960,11.388119718221056,,,
monitor_only,1499,0.9298245614035088,2.226760014098473,0.8,0.0,6.46981533381639,31.734525940609288,0,20,29980,6.496040181043174,,,
monitor_only,1500,0.9298245614035088,2.228405911695819,0.8,0.0,6.470140240504255,31.734850847297153,0,20,30000,7.697540947590126,,,
