schedule,t,reward,gap,beta_true,beta_hat,cert,cert_hp,n_cal,n_mon,cum_aud,xi_sq,exp3_arm,exp3_p,exp3_loss
audit_sweep_ncal128,1,0.54583710081024,0.038542986637782994,0.0,0.020511149980481234,2.1609563779853014,23.91678837295315,128,25,153,1.3702758873017364,,,
audit_sweep_ncal128,2,0.5458765829587602,0.03833405249176791,0.0,0.02983052485467649,3.6849038226664494,25.440735817634298,128,25,306,3.6618072579402514,,,
audit_sweep_ncal128,3,0.5462220018950383,0.03745403082398213,0.0,-0.023492135854713665,2.1593887465186974,23.915220741486547,128,25,459,1.2490751123586892,,,
audit_sweep_ncal128,4,0.5463433347213815,0.03705394513504512,0.0,0.029180612567028977,3.5965722226381267,25.352404217605976,128,25,612,3.571308257894251,,,
audit_sweep_ncal128,5,0.5466946089195012,0.036432457080020075,0.0,-0.03812795325415307,2.2339105451564243,23.989742540124272,128,25,765,1.5701039095715856,,,
audit_sweep_ncal128,6,0.5470284947218496,0.03553672216408743,0.0,-0.05968248102752854,2.08980457948331,23.84563657445116,128,25,918,1.1307061844370134,,,
audit_sweep_ncal128,7,0.5473049192988894,0.03494347126709374,0.0,-0.046715308251474866,2.0017991147648977,23.757631109732746,128,25,1071,0.9815673760685211,,,
audit_sweep_ncal128,8,0.547608521686335,0.03450694450855818,0.0,-0.018978036691255078,0.9814861673031876,22.737318162271038,128,25,1224,0.5081199747057249,,,
audit_sweep_ncal128,9,0.5477924894923774,0.03406908304021361,0.0,-0.020324850092232224,2.110440584844377,23.866272579812225,128,25,1377,1.2180843096422806,,,
audit_sweep_ncal128,10,0.5479979118721083,0.033682604758711765,0.0,0.0278214296352355,2.112787922846036,23.868619917813884,128,25,1530,1.1950813789378467,,,
audit_sweep_ncal128,11,0.5480553281429612,0.033580504356261476,0.0,-0.0013092557441363622,3.3532420898992266,25.109074084867075,128,25,1683,3.883436069390733,,,
audit_sweep_ncal128,12,0.5481012708483055,0.03350756893194451,0.0,0.07177914146049046,0.8973183973598781,22.653150392327728,128,25,1836,0.4242118044847596,,,
audit_sweep_ncal128,13,0.5483029671257386,0.033205471380979734,0.0,0.01058147158455341,3.6532832098218786,25.409115204789728,128,25,1989,3.1715484629827753,,,
audit_sweep_ncal128,14,0.5485605011398611,0.032609444691407585,0.0,-0.03278815343220462,2.047759273538166,23.803591268506015,128,25,2142,1.3422761765292524,,,
audit_sweep_ncal128,15,0.5488486268531012,0.03199857550488605,0.0,0.012417626661251525,2.193937497640532,23.949769492608382,128,25,2295,1.1059316041822749,,,
audit_sweep_ncal128,16,0.5488158199837381,0.031987146304643166,0.0,0.024486209331438663,2.0960489531465356,23.851880948114385,128,25,2448,1.1768090298677751,,,
audit_sweep_ncal128,17,0.548985310718004,0.03178636933867207,0.0,-0.025777039311398325,1.8728512557781964,23.628683250746047,128,25,2601,1.2128849881118762,,,
audit_sweep_ncal128,18,0.5490931081749336,0.03158949924589749,0.0,0.04893772858380806,2.3314913327007236,24.08732332766857,128,25,2754,1.38842667571929,,,
audit_sweep_ncal128,19,0.5490668701215029,0.03157338220471462,0.0,0.05237907238039771,2.3050525604053655,24.060884555373214,128,25,2907,1.347763940475476,,,
audit_sweep_ncal128,20,0.5494249159985726,0.030948933343180607,0.0,-0.0064865343696537915,2.2758205617221265,24.031652556689977,128,25,3060,0.8527842582615358,,,
audit_sweep_ncal128,21,0.5496700253526792,0.030414648815143663,0.0,-0.020264183783536276,5.132862295290756,26.888694290258606,128,25,3213,7.20685439240781,,,
audit_sweep_ncal128,22,0.549679928900008,0.03072322123685789,0.0,0.00710338611675847,2.3177247870224704,24.07355678199032,128,25,3366,1.3427326548603977,,,
audit_sweep_ncal128,23,0.5498425289739741,0.030712196076480125,0.0,-0.012525992893280005,2.1109061070290585,23.86673810199691,128,25,3519,1.1780449900568675,,,
audit_sweep_ncal128,24,0.5499221598028768,0.030310552154673376,0.0,-0.064421291324168,5.086193237892654,26.842025232860504,128,25,3672,6.41393303734267,,,
audit_sweep_ncal128,25,0.5500603625088291,0.03012713672113332,0.0,-0.009859921337631984,0.903994230147572,22.65982622511542,128,25,3825,0.5355940925800398,,,
audit_sweep_ncal128,26,0.5501004875509256,0.029928739845015873,0.0,0.023779991775616578,2.441063517331487,24.196895512299335,128,25,3978,1.369522116829755,,,
audit_sweep_ncal128,27,0.5505093957674021,0.029248656559784036,0.0,-0.07149745611491153,2.4377778824099976,24.193609877377845,128,25,4131,1.6623153449175194,,,
audit_sweep_ncal128,28,0.5505388292858019,0.029321532730954947,0.0,0.02926598653707842,2.438370073401266,24.194202068369115,128,25,4284,1.2137733649556703,,,
audit_sweep_ncal128,29,0.5507815137265739,0.028866284186524482,0.0,-0.05624078333680427,2.264599009005369,24.02043100397322,128,25,4437,1.5499467114674332,,,
audit_sweep_ncal128,30,0.550676227913844,0.02935854245334868,0.0,-0.0013086747918872779,3.572182257556502,25.32801425252435,128,25,4590,4.084179005453229,,,
audit_sweep_ncal128,31,0.5506361615928638,0.029466565191311633,0.0,0.03475356102140235,4.219405008365794,25.975237003333643,128,25,4743,3.9437732086607977,,,
audit_sweep_ncal128,32,0.5507271174038556,0.02932758456682527,0.0,-0.05167249210674768,2.285134167590306,24.040966162558156,128,25,4896,1.343646149669602,,,
audit_sweep_ncal128,33,0.5506324894163792,0.02937695580958155,0.0,0.09835766692298288,3.6047958745322703,25.36062786950012,128,25,5049,2.9742055847150044,,,
audit_sweep_ncal128,34,0.5507048230786824,0.02937302385672813,0.0,0.014069478949538744,3.8726553306258364,25.628487325593685,128,25,5202,3.4734230238299593,,,
audit_sweep_ncal128,35,0.5508917703955692,0.02885520416068854,0.0,0.03540604883576082,2.523342235342728,24.279174230310577,128,25,5355,1.080781582138629,,,
audit_sweep_ncal128,36,0.5510306804312619,0.02883881318184356,0.0,0.030326997503901644,3.543876994228698,25.299708989196546,128,25,5508,3.7541521406964655,,,
audit_sweep_ncal128,37,0.5510553303102422,0.029003206807029502,0.0,0.048475985961368796,2.333666576291355,24.089498571259206,128,25,5661,1.440343248762846,,,
audit_sweep_ncal128,38,0.5512710407941791,0.028520730943529582,0.0,-0.037826158171422576,3.6572417946083067,25.413073789576156,128,25,5814,3.6448646295538567,,,
audit_sweep_ncal128,39,0.5514886702567262,0.028089579923947006,0.0,-0.00532891456152281,3.6374616812153424,25.39329367618319,128,25,5967,3.1372836866159073,,,
audit_sweep_ncal128,40,0.5513942241650975,0.02822516075514636,0.0,0.06399418723407893,1.8544362135529804,23.61026820852083,128,25,6120,1.3232739883176319,,,
audit_sweep_ncal128,41,0.551569705923689,0.027988954815705624,0.0,-0.026124668456256585,2.2485321044568183,24.004364099424667,128,25,6273,1.3113798892056956,,,
audit_sweep_ncal128,42,0.5518799542132183,0.027473083142934396,0.0,-0.06718389115551156,5.7002369963057715,27.45606899127362,128,25,6426,7.8646735192850805,,,
audit_sweep_ncal128,43,0.5517808417976352,0.02806130379433891,0.0,0.006789433343316605,5.0262732283337295,26.782105223301578,128,25,6579,6.99204033917298,,,
audit_sweep_ncal128,44,0.5520711029433297,0.02759432551038865,0.0,-0.025607741968453286,2.0622193625593046,23.818051357527153,128,25,6732,1.2494595240120527,,,
audit_sweep_ncal128,45,0.5518583697032753,0.027540335696727203,0.0,0.09119744080392587,3.8108750922451704,25.566707087213018,128,25,6885,3.0784361551768353,,,
audit_sweep_ncal128,46,0.5521290478823424,0.02714465264900634,0.0,-0.08234874116206141,3.6098546000469085,25.365686595014758,128,25,7038,3.4739788243212733,,,
audit_sweep_ncal128,47,0.5522086157875157,0.027161428905220886,0.0,-0.017274914443261746,2.135020117807843,23.890852112775693,128,25,7191,1.6059920295097234,,,
audit_sweep_ncal128,48,0.5523053138120647,0.02704201457331812,0.0,0.001053903451282044,1.8684727249407715,23.624304719908622,128,25,7344,1.1062782416810326,,,
audit_sweep_ncal128,49,0.5524247567698151,0.02695520467929413,0.0,-0.048269966238494125,1.7145675657607868,23.470399560728637,128,25,7497,1.1603218008693548,,,
audit_sweep_ncal128,50,0.5525767491636747,0.02680563093963051,0.0,0.020502147317894324,3.4996747155502725,25.255506710518123,128,25,7650,3.802513052671423,,,
audit_sweep_ncal128,51,0.5525539055593065,0.02705610455300167,0.0,0.08169419237137124,2.061759274551484,23.817591269519333,128,25,7803,1.3153078533340319,,,
audit_sweep_ncal128,52,0.5528233968567208,0.026755093692207854,0.0,-0.053457316008024086,1.012042490325262,22.76787448529311,128,25,7956,0.5455148987712592,,,
audit_sweep_ncal128,53,0.5528449674520453,0.02713163386237405,0.0,0.0028968841005429127,3.487594242767756,25.243426237735605,128,25,8109,2.9517171500259693,,,
audit_sweep_ncal128,54,0.5528405674608625,0.02738642756616405,0.0,0.007540350982928464,2.261159662463673,24.01699165743152,128,25,8262,1.1503713448323547,,,
audit_sweep_ncal128,55,0.5528806104117653,0.02756980956392674,0.0,0.006100988278775034,2.385467321922813,24.141299316890663,128,25,8415,1.3499190161565477,,,
audit_sweep_ncal128,56,0.5528335345169536,0.027875662772306797,0.0,0.02366484433625479,3.405071438308871,25.16090343327672,128,25,8568,3.3095841598135514,,,
audit_sweep_ncal128,57,0.5529822459613681,0.027608467491299415,0.0,-0.013977833312792122,2.0305499479383506,23.7863819429062,128,25,8721,1.2583766626578783,,,
audit_sweep_ncal128,58,0.5530258825493842,0.02748710991200376,0.0,-0.05992053699702943,2.285880631057047,24.041712626024896,128,25,8874,1.5232548264355246,,,
audit_sweep_ncal128,59,0.5529987750532142,0.02713418145810509,0.0,0.05546795800764395,2.20200060483143,23.95783259979928,128,25,9027,1.234639069360924,,,
audit_sweep_ncal128,60,0.5528358146840922,0.027653441604211015,0.0,-0.03181386042568854,3.9001565893052605,25.65598858427311,128,25,9180,3.1822125368748795,,,
audit_sweep_ncal128,61,0.5530322908172443,0.027085970783950364,0.0,-0.054937354335480484,2.228461213078297,23.984293208046147,128,25,9333,1.1630470876166048,,,
audit_sweep_ncal128,62,0.5532047918250036,0.02663521686148107,0.0,-0.015783442778272455,2.094823537042663,23.850655532010514,128,25,9486,1.3849963631664675,,,
audit_sweep_ncal128,63,0.5533803779675851,0.026235463621195665,0.0,-0.007015401424777575,2.302885557120492,24.05871755208834,128,25,9639,1.3031805970865293,,,
audit_sweep_ncal128,64,0.5534221200599372,0.026155455787285176,0.0,-0.018286327012647038,1.7462501184189456,23.502082113386795,128,25,9792,1.1462246745848321,,,
audit_sweep_ncal128,65,0.5534839613219029,0.0260554890892426,0.0,0.025900571411593278,1.8292843852576688,23.585116380225518,128,25,9945,1.5411620420252286,,,
audit_sweep_ncal128,66,0.5537603798688542,0.025345179005910157,0.0,0.027595179543203653,3.909680345056581,25.66551234002443,128,25,10098,3.4354432414078255,,,
audit_sweep_ncal128,67,0.5539008888189564,0.024731508323273754,0.0,-0.030316195904823758,3.563602026528106,25.319434021495955,128,25,10251,3.8699022422764506,,,
audit_sweep_ncal128,68,0.5539583813564197,0.025051267965345292,0.0,0.04297993067717283,1.960111052665685,23.715943047633534,128,25,10404,1.2785413593411854,,,
audit_sweep_ncal128,69,0.5540828091068019,0.025001449523485375,0.0,0.007303145869469936,2.364493146831122,24.120325141798972,128,25,10557,1.498959414838616,,,
audit_sweep_ncal128,70,0.5540639554187351,0.024878849510101553,0.0,0.06992224628796706,3.60687316561299,25.362705160580838,128,25,10710,3.7129083051453105,,,
audit_sweep_ncal128,71,0.5542815113118009,0.024263593476495204,0.0,-0.03650880197435575,3.129383028697387,24.885215023665236,128,25,10863,3.9073292225226424,,,
audit_sweep_ncal128,72,0.5542579088585066,0.02424109640980654,0.0,0.0681370939677165,2.1003578201606166,23.856189815128467,128,25,11016,1.364713250264009,,,
audit_sweep_ncal128,73,0.5545710778513476,0.0237917533316796,0.0,-0.043814137716584954,2.072504174234482,23.82833616920233,128,25,11169,1.1237594817036238,,,
audit_sweep_ncal128,74,0.5546292857682255,0.023475171557871266,0.0,-0.03779684208557482,3.6218270790488747,25.377659074016723,128,25,11322,3.058546726551139,,,
audit_sweep_ncal128,75,0.5547138427368629,0.023640734774753147,0.0,-0.05814972062528347,2.00859575750782,23.76442775247567,128,25,11475,1.2361573150478296,,,
audit_sweep_ncal128,76,0.5548393645458891,0.023465639151940887,0.0,-0.028971695119410393,1.7689178846100364,23.524749879577886,128,25,11628,1.2764533538051317,,,
audit_sweep_ncal128,77,0.5548501068917283,0.02355907095189058,0.0,0.026451943199271164,3.243382113052901,24.99921410802075,128,25,11781,3.475973782852706,,,
audit_sweep_ncal128,78,0.5549043595182912,0.02329155523945281,0.0,-0.004636072399064177,2.038236085099268,23.794068080067117,128,25,11934,1.2107041829845075,,,
audit_sweep_ncal128,79,0.5549537457693304,0.022910147353339183,0.0,0.019769180821226504,2.181414907851797,23.937246902819645,128,25,12087,1.3830618604825808,,,
audit_sweep_ncal128,80,0.5548127462226017,0.023575231058382662,0.0,-0.005731606013270387,3.6146959434034107,25.37052793837126,128,25,12240,3.80902376102183,,,
audit_sweep_ncal128,81,0.5549231812432849,0.02342008576070842,0.0,0.024690833201281705,2.1459419233976247,23.901773918365475,128,25,12393,1.0885599584352794,,,
audit_sweep_ncal128,82,0.5550229121796196,0.023103214842773556,0.0,0.002947957073606212,2.1358254567368014,23.89165745170465,128,25,12546,1.2229612034389274,,,
audit_sweep_ncal128,83,0.5550450886105711,0.023215249478781064,0.0,0.01001429351960777,2.452023282614582,24.207855277582432,128,25,12699,0.9347756613587069,,,
audit_sweep_ncal128,84,0.5549718855437479,0.02328700050108934,0.0,0.05195365793773042,2.2203351892853864,23.976167184253235,128,25,12852,1.2239602539906722,,,
audit_sweep_ncal128,85,0.5551771261988873,0.023054072215211385,0.0,-0.08863148782952589,3.3271558316546064,25.082987826622457,128,25,13005,3.1556695479492722,,,
audit_sweep_ncal128,86,0.5553563013985292,0.022827303883007244,0.0,0.010063224877469164,1.936644354105758,23.69247634907361,128,25,13158,1.2893698076174918,,,
audit_sweep_ncal128,87,0.5555419036776986,0.0227679525070158,0.0,0.010619976193337238,1.879401863267229,23.63523385823508,128,25,13311,1.3070160441371983,,,
audit_sweep_ncal128,88,0.5553979273156118,0.02326068585905605,0.0,0.039691064657425036,1.1989493903271828,22.954781385295032,128,25,13464,0.49239198362943,,,
audit_sweep_ncal128,89,0.5553766028107382,0.02339034212292379,0.0,0.06473290972614036,1.9704554182143443,23.72628741318219,128,25,13617,1.306076142040816,,,
audit_sweep_ncal128,90,0.5552045991542014,0.023570854978355538,0.0,0.10105307501808332,3.8628668919799196,25.61869888694777,128,25,13770,3.9435743503455933,,,
audit_sweep_ncal128,91,0.5553210772439119,0.023340294101709236,0.0,0.013590211839275822,1.8682522261195285,23.62408422108738,128,25,13923,1.1578740775779355,,,
audit_sweep_ncal128,92,0.5551817295745017,0.023946692804092118,0.0,0.14841935754910296,2.400472528091826,24.156304523059674,128,25,14076,1.7411493998530547,,,
audit_sweep_ncal128,93,0.555133885986772,0.02457571906044187,0.0,0.013007316028545723,3.682738560379093,25.438570555346942,128,25,14229,3.410152971827683,,,
audit_sweep_ncal128,94,0.5552905797286105,0.024347732453775972,0.0,-0.025470082450604527,2.1475046397410313,23.90333663470888,128,25,14382,1.352922391728821,,,
audit_sweep_ncal128,95,0.5553205342105474,0.02414131964805477,0.0,-0.04593799308600523,5.124371713402888,26.880203708370736,128,25,14535,6.761052239697399,,,
audit_sweep_ncal128,96,0.5554470843624192,0.02392542249283658,0.0,0.010548568787718527,1.8425019686094295,23.59833396357728,128,25,14688,1.4050885698349262,,,
audit_sweep_ncal128,97,0.5555637811888988,0.023739601730566773,0.0,-0.03301389341343919,3.4885105309076456,25.244342525875496,128,25,14841,3.4972894853849352,,,
audit_sweep_ncal128,98,0.5556790229102521,0.023296850852088102,0.0,0.0054615818329125775,2.332583687938423,24.088415682906273,128,25,14994,1.2786220057541933,,,
audit_sweep_ncal128,99,0.5555937861845056,0.023692197338642584,0.0,0.00528484155584211,4.0078150152071235,25.76364701017497,128,25,15147,3.4101975729730825,,,
audit_sweep_ncal128,100,0.5556649165645878,0.02342702128858354,0.0,-0.03400775948226032,0.8978868001048707,22.65371879507272,128,25,15300,0.3608658686537524,,,
audit_sweep_ncal128,101,0.5556978170242632,0.023442217869954596,0.0,0.020583834894921185,5.292510451328795,27.048342446296644,128,25,15453,7.30411371168743,,,
audit_sweep_ncal128,102,0.5556970473475669,0.023107019187737166,0.0,0.06831653896804894,4.8405733285870784,26.596405323554926,128,25,15606,7.20640519045588,,,
audit_sweep_ncal128,103,0.5557442068000197,0.023006966352462355,0.0,-0.02109025473556997,2.308887013577085,24.064719008544934,128,25,15759,1.1653499721959406,,,
audit_sweep_ncal128,104,0.555836250698266,0.02267326947604531,0.0,-0.016668902561739713,1.9940835933562908,23.74991558832414,128,25,15912,1.2753950470203423,,,
audit_sweep_ncal128,105,0.5560037759556593,0.0223406329803586,0.0,0.0005618789032587337,2.176086346267235,23.931918341235082,128,25,16065,1.7178159728744036,,,
audit_sweep_ncal128,106,0.5559797688946142,0.022683494380719482,0.0,0.010636514143061153,2.4388368653294097,24.19466886029726,128,25,16218,1.1902904667272338,,,
audit_sweep_ncal128,107,0.5559312357403152,0.022816683492011047,0.0,0.04047019884607243,3.485904573597443,25.241736568565294,128,25,16371,3.4803618981560973,,,
audit_sweep_ncal128,108,0.5557687224766522,0.022946346772909187,0.0,0.035523984718547036,5.121507986649898,26.877339981617748,128,25,16524,6.97263290903639,,,
audit_sweep_ncal128,109,0.5561030609794019,0.022241658412904375,0.0,0.015988512325922875,3.6960277464761555,25.451859741444004,128,25,16677,3.4028912851526645,,,
audit_sweep_ncal128,110,0.55633549137837,0.021730530509659896,0.0,-0.07552700171561724,3.5643036060136786,25.320135600981526,128,25,16830,3.6818908087295634,,,
audit_sweep_ncal128,111,0.5564171128327726,0.021509412299714037,0.0,0.03637004356071829,2.0507955151170094,23.80662751008486,128,25,16983,1.3521036866504998,,,
audit_sweep_ncal128,112,0.556456890509416,0.021507644842287288,0.0,0.0026334742611028223,3.624305012283799,25.380137007251648,128,25,17136,3.286595548666464,,,
audit_sweep_ncal128,113,0.5564664880012221,0.02150788932746528,0.0,0.01285494772318648,2.6120553451336117,24.36788734010146,128,25,17289,1.2942200020312358,,,
audit_sweep_ncal128,114,0.5564971194970244,0.021315484832923448,0.0,0.037298369305716735,5.352110195803514,27.107942190771364,128,25,17442,6.869944252655872,,,
audit_sweep_ncal128,115,0.5566043583077458,0.020985530747712255,0.0,0.02683368804259686,5.264904475176159,27.02073647014401,128,25,17595,6.792912665126604,,,
audit_sweep_ncal128,116,0.5564667386588074,0.021379608340031053,0.0,0.046374401667392866,1.8571650559799862,23.612997050947836,128,25,17748,1.2985914925649178,,,
audit_sweep_ncal128,117,0.5565424339233161,0.021156638989504484,0.0,-0.011906479639560572,3.7339706666871906,25.48980266165504,128,25,17901,3.4285030866191386,,,
audit_sweep_ncal128,118,0.5563477741208595,0.02160871140327081,0.0,0.020932928864510106,2.0190285279242124,23.774860522892062,128,25,18054,1.0354405435576945,,,
audit_sweep_ncal128,119,0.556393721138199,0.021423112180732895,0.0,0.033010520081843055,3.700491360900001,25.456323355867852,128,25,18207,3.533836887741938,,,
audit_sweep_ncal128,120,0.5563228616177933,0.021350442422633842,0.0,0.010852405773805763,2.56473079170431,24.32056278667216,128,25,18360,1.3170431466759018,,,
audit_sweep_ncal128,121,0.5565777901894241,0.020723983563350035,0.0,-0.02321022179115706,3.2368654348702925,24.99269742983814,128,25,18513,3.8855120250188016,,,
audit_sweep_ncal128,122,0.5565813224359829,0.020587151606338172,0.0,-0.04649199221508731,5.756178376763541,27.51201037173139,128,25,18666,7.6503741394006495,,,
audit_sweep_ncal128,123,0.5568113443385894,0.01995578044961266,0.0,-0.04749666140060313,3.808057820291876,25.563889815259724,128,25,18819,3.520019707910782,,,
audit_sweep_ncal128,124,0.5569062702405964,0.019568450025741813,0.0,-0.009974772312692965,2.177822212310986,23.933654207278835,128,25,18972,1.1711135308690803,,,
audit_sweep_ncal128,125,0.5568979055395648,0.019431422913065988,0.0,0.07367504415901942,3.7327403245997117,25.48857231956756,128,25,19125,3.5759767569871723,,,
audit_sweep_ncal128,126,0.5568704777029707,0.019724886838254685,0.0,0.04331688270158551,5.5689224534373825,27.32475444840523,128,25,19278,7.635373493683954,,,
audit_sweep_ncal128,127,0.556992273393944,0.019416413500181973,0.0,0.05459260878279241,4.733533064560649,26.4893650595285,128,25,19431,6.6159325045780175,,,
audit_sweep_ncal128,128,0.5568790021509319,0.0196378149477342,0.0,0.06002701212479658,1.928539817427336,23.684371812395185,128,25,19584,1.2938896420278083,,,
audit_sweep_ncal128,129,0.5569778156641045,0.019286909548617115,0.0,-0.026301869368769458,2.3643178191723413,24.12014981414019,128,25,19737,1.1687069850323308,,,
audit_sweep_ncal128,130,0.5569009629105421,0.01943594142813876,0.0,0.04996657204482887,3.7386375896465895,25.49446958461444,128,25,19890,3.2584847492176983,,,
audit_sweep_ncal128,131,0.5573229484975359,0.018697277939038193,0.0,-0.08932450165469949,3.434117929923368,25.189949924891216,128,25,20043,3.7787142249184282,,,
audit_sweep_ncal128,132,0.5575515163358078,0.01813424550602094,0.0,-0.018993877959567567,1.8830804578343565,23.638912452802206,128,25,20196,1.0316713895617837,,,
audit_sweep_ncal128,133,0.5575719498574465,0.018185797641953716,0.0,0.012523093645313118,3.135467039487941,24.89129903445579,128,25,20349,3.4871260113541314,,,
audit_sweep_ncal128,134,0.5574737221089863,0.018576533578101295,0.0,0.004546535043321553,2.136698629941877,23.892530624909725,128,25,20502,1.2560253668831873,,,
audit_sweep_ncal128,135,0.5579070757014729,0.01772930512169324,0.0,-0.015123875481150363,1.0408996519063531,22.796731646874203,128,25,20655,0.6037561331459592,,,
audit_sweep_ncal128,136,0.5578374010995566,0.018009340713716404,0.0,-0.008942140173901573,1.869500662535039,23.625332657502888,128,25,20808,1.236902960497038,,,
audit_sweep_ncal128,137,0.5579829919249789,0.017816850013598673,0.0,-0.023364934730568675,2.995730921931594,24.751562916899445,128,25,20961,3.0058257430417634,,,
audit_sweep_ncal128,138,0.5580604001576785,0.017659246606388734,0.0,-0.00392641747961785,2.4128061629191806,24.16863815788703,128,25,21114,1.2490722292282326,,,
audit_sweep_ncal128,139,0.5580153168708878,0.01776835997135018,0.0,-0.009960834730749673,1.954914528536614,23.71074652350446,128,25,21267,1.3617251082558304,,,
audit_sweep_ncal128,140,0.557964410428077,0.017763227323845943,0.0,0.06883456648476664,1.9299911570268138,23.68582315199466,128,25,21420,1.3233555142750313,,,
audit_sweep_ncal128,141,0.557936993696776,0.017932632504848778,0.0,0.012406523964822235,3.6228041658152854,25.378636160783135,128,25,21573,3.636708574908195,,,
audit_sweep_ncal128,142,0.5581024308326935,0.01771651315718925,0.0,-0.026721015827386025,2.718402225060503,24.47423422002835,128,25,21726,1.3151098433574067,,,
audit_sweep_ncal128,143,0.557956678554743,0.018187699012506164,0.0,0.10500077232190586,2.2211641556960684,23.97699615066392,128,25,21879,1.1227778678286857,,,
audit_sweep_ncal128,144,0.5582424465089623,0.017543798410731948,0.0,-0.11627473283903737,3.786076343420896,25.541908338388744,128,25,22032,3.054691962846657,,,
audit_sweep_ncal128,145,0.5585913021089554,0.016735952837334644,0.0,-0.11347780926108852,5.935275256291927,27.691107251259776,128,25,22185,7.035952417148646,,,
audit_sweep_ncal128,146,0.5585615401351394,0.016895493822461916,0.0,0.07766202627725503,2.483971219685735,24.239803214653584,128,25,22338,1.0415663244603417,,,
audit_sweep_ncal128,147,0.5586150445749241,0.016719084181207156,0.0,-0.021646049578421592,5.209406846117973,26.96523884108582,128,25,22491,7.695136609797913,,,
audit_sweep_ncal128,148,0.5584118258305274,0.01712713282701661,0.0,0.03075698198429105,3.1284641007705885,24.88429609573844,128,25,22644,3.064030467265747,,,
audit_sweep_ncal128,149,0.5586743112271579,0.016692963919439308,0.0,-0.0288886196604148,1.9866246642473893,23.74245665921524,128,25,22797,1.4828400351047202,,,
audit_sweep_ncal128,150,0.5588426091157125,0.01641278251030287,0.0,-0.019460126662854717,3.2261192109303742,24.981951205898223,128,25,22950,3.308184908216308,,,
audit_sweep_ncal128,151,0.5591068967056665,0.0159460177930576,0.0,-0.05338227075267218,3.5556647805425303,25.311496775510378,128,25,23103,2.8170871533419617,,,
audit_sweep_ncal128,152,0.5591042507046353,0.01588269699571121,0.0,0.00981875381245836,3.171999095458626,24.927831090426476,128,25,23256,3.625059068516007,,,
audit_sweep_ncal128,153,0.5593835306488031,0.015339583451662087,0.0,-0.0488420347769605,3.574071930179826,25.329903925147676,128,25,23409,2.7805906918148646,,,
audit_sweep_ncal128,154,0.5593612194168379,0.015410633384112415,0.0,0.01659050790803926,1.9823334349643138,23.738165429932163,128,25,23562,1.4626825429462358,,,
audit_sweep_ncal128,155,0.5595583265932802,0.015258408949977653,0.0,-0.07431571227537702,3.0957437775434036,24.851575772511254,128,25,23715,3.605042630843988,,,
audit_sweep_ncal128,156,0.5595269399180297,0.015260445488928576,0.0,0.0114729273640764,2.201709116286782,23.95754111125463,128,25,23868,1.0714202790600875,,,
audit_sweep_ncal128,157,0.5598386995397531,0.014626802396992433,0.0,0.029237824349140372,2.1624047202148797,23.91823671518273,128,25,24021,1.2357806830869484,,,
audit_sweep_ncal128,158,0.5599199679258845,0.014511058052112502,0.0,-0.019101186060936977,1.9808154909783937,23.736647485946243,128,25,24174,1.2260181585351186,,,
audit_sweep_ncal128,159,0.5599713297209872,0.014429826484273489,0.0,-0.008682998284455372,3.8332448234920444,25.589076818459894,128,25,24327,3.8466750930916382,,,
audit_sweep_ncal128,160,0.5599619852243483,0.014499832401331458,0.0,-0.06591032293362534,2.1322264717099353,23.888058466677784,128,25,24480,1.2152671677012636,,,
audit_sweep_ncal128,161,0.5601638712539537,0.014097026542940871,0.0,-0.04356917052518132,2.0152049333515567,23.771036928319404,128,25,24633,1.5018577403944975,,,
audit_sweep_ncal128,162,0.5601319309004449,0.014162758056526226,0.0,-0.015322766387963389,2.086263434482927,23.842095429450776,128,25,24786,1.056746922494293,,,
audit_sweep_ncal128,163,0.5602299195657147,0.014010234017250545,0.0,0.02034636098506868,3.748318610600555,25.504150605568405,128,25,24939,3.84631366048426,,,
audit_sweep_ncal128,164,0.5601682129431501,0.014387055945996208,0.0,0.04913386811237121,1.9209406153776705,23.67677261034552,128,25,25092,1.2745017832706618,,,
audit_sweep_ncal128,165,0.560138922181635,0.014537703746670738,0.0,0.009553246696672,2.2000453495124916,23.955877344480342,128,25,25245,1.2896711065580762,,,
audit_sweep_ncal128,166,0.5601547007316752,0.014434787141600514,0.0,-0.02627828514832821,5.091012044282438,26.846844039250286,128,25,25398,6.577539172343213,,,
audit_sweep_ncal128,167,0.560494307776823,0.01384512296433027,0.0,-0.08185530602760036,3.6946117279090145,25.450443722876862,128,25,25551,3.0778139126775974,,,
audit_sweep_ncal128,168,0.5607621270281314,0.013332005840006045,0.0,-0.07736192254894714,5.015943490413254,26.771775485381102,128,25,25704,6.949120301897514,,,
audit_sweep_ncal128,169,0.5608101113985241,0.013307522514120151,0.0,0.041110753112553175,1.907174989583703,23.66300698455155,128,25,25857,1.0711454583237503,,,
audit_sweep_ncal128,170,0.5610561180224292,0.012902375220479545,0.0,-0.054098794863924896,2.3356893759996966,24.091521370967545,128,25,26010,0.9598580212787848,,,
audit_sweep_ncal128,171,0.560932665096991,0.013192467121794671,0.0,-0.01827834915581304,4.922328436292532,26.67816043126038,128,25,26163,6.218278595102976,,,
audit_sweep_ncal128,172,0.5608482393328104,0.01341669954975988,0.0,0.07041813784444495,1.9215089533719603,23.67734094833981,128,25,26316,1.1711667006381503,,,
audit_sweep_ncal128,173,0.5610127470928835,0.013075233134761777,0.0,-0.011705136738858835,2.518349295730691,24.27418129069854,128,25,26469,1.3581609014270632,,,
audit_sweep_ncal128,174,0.5609916742499085,0.01324152181255367,0.0,-0.0507299908035605,3.8629480424433438,25.61878003741119,128,25,26622,3.51629451350309,,,
audit_sweep_ncal128,175,0.5609339899224449,0.013461918086266067,0.0,-0.1122255283205308,2.5250592064219717,24.28089120138982,128,25,26775,1.1206349026233369,,,
audit_sweep_ncal128,176,0.5608327717790959,0.013822110174991464,0.0,-0.0379064828654286,2.7418604255953833,24.497692420563233,128,25,26928,1.4729509615106584,,,
audit_sweep_ncal128,177,0.560831696611606,0.013905497705021475,0.0,-0.038344581313528164,3.7812020774454274,25.537034072413277,128,25,27081,3.7337964555428997,,,
audit_sweep_ncal128,178,0.560913733803937,0.013880452815626332,0.0,0.00892897486924086,4.076522613883299,25.832354608851148,128,25,27234,4.171182795923605,,,
audit_sweep_ncal128,179,0.5608506229803599,0.013987099764797617,0.0,0.02811636789574848,2.1085334977079686,23.864365492675816,128,25,27387,1.0781522385909792,,,
audit_sweep_ncal128,180,0.5607370037581847,0.014318507641564726,0.0,-0.06015326557521718,2.0805355326866852,23.836367527654534,128,25,27540,0.8075949499749605,,,
audit_sweep_ncal128,181,0.560657420102742,0.014366674229218113,0.0,0.07550465558725021,2.600459457439401,24.35629145240725,128,25,27693,1.1792855980689403,,,
audit_sweep_ncal128,182,0.560576602846749,0.01450550394105643,0.0,0.0552055812701914,3.676245337562662,25.43207733253051,128,25,27846,3.6729096228985396,,,
audit_sweep_ncal128,183,0.5605994031924002,0.01455137520660621,0.0,-0.004656633949314189,2.274840442676726,24.030672437644576,128,25,27999,1.297468226720668,,,
audit_sweep_ncal128,184,0.5607824630154766,0.014252911190212103,0.0,-0.002458042104707118,2.1959165488789982,23.951748543846847,128,25,28152,1.1068965730192386,,,
audit_sweep_ncal128,185,0.5611157246779077,0.013602669821180524,0.0,-0.045295656503188446,3.6550938089931675,25.410925803961018,128,25,28305,3.3577726102671566,,,
audit_sweep_ncal128,186,0.5610832394327946,0.013673424358295994,0.0,0.0029270756927449746,3.3074256806898523,25.063257675657702,128,25,28458,2.8986991366235855,,,
audit_sweep_ncal128,187,0.5609184678848218,0.014116263015509167,0.0,0.07071016986199546,2.967564860957722,24.72339685592557,128,25,28611,1.3430974476170816,,,
audit_sweep_ncal128,188,0.5609588524342837,0.014135050082692224,0.0,-0.007521368418625988,4.011739026277428,25.767571021245278,128,25,28764,3.9429586998891613,,,
audit_sweep_ncal128,189,0.5609570383500522,0.014195034201540557,0.0,-0.02837054854874176,3.7730991723963285,25.528931167364178,128,25,28917,3.627758742092191,,,
audit_sweep_ncal128,190,0.5606961867654842,0.01472587279382731,0.0,0.06949343386048515,3.870902303654401,25.62673429862225,128,25,29070,3.3914550028739128,,,
audit_sweep_ncal128,191,0.5604759902402029,0.015114361443061441,0.0,-0.029465891775117964,3.552987742712764,25.308819737680615,128,25,29223,2.651777126104739,,,
audit_sweep_ncal128,192,0.5604359313753627,0.015037335968808074,0.0,-0.04097669765718765,3.45050074488202,25.20633273984987,128,25,29376,3.4260680953646308,,,
audit_sweep_ncal128,193,0.5605537219920916,0.014827667493319319,0.0,0.004491736796360671,2.265169016775346,24.021001011743195,128,25,29529,1.0962523115242802,,,
audit_sweep_ncal128,194,0.5605870783104377,0.014559203703431112,0.0,-0.040779420608476745,1.8861325640769255,23.641964559044773,128,25,29682,1.3005487938322393,,,
audit_sweep_ncal128,195,0.560516104471731,0.014929473016398687,0.0,0.05253944472208353,2.157190468654211,23.91302246362206,128,25,29835,1.5673909123289527,,,
audit_sweep_ncal128,196,0.560622914503628,0.014792615485480276,0.0,-0.09683366114462064,3.5335665309759254,25.289398525943774,128,25,29988,3.4418552323053113,,,
audit_sweep_ncal128,197,0.5607700489395164,0.01456680239479169,0.0,0.031827913782378224,2.046339396573105,23.802171391540956,128,25,30141,1.158858351686811,,,
audit_sweep_ncal128,198,0.5606299094214505,0.014887131361420947,0.0,0.02324292332128475,2.7268155756881995,24.48264757065605,128,25,30294,1.2313576742552221,,,
audit_sweep_ncal128,199,0.5607850026693346,0.014690789166181606,0.0,-0.051197343607977605,3.644480461272107,25.400312456239956,128,25,30447,3.247439276822767,,,
audit_sweep_ncal128,200,0.5609921844312727,0.014286673053370169,0.0,-0.08077046745827805,3.421643903446438,25.177475898414286,128,25,30600,3.5792312309850822,,,
audit_sweep_ncal128,201,0.5610988420217616,0.01425884365395036,0.0,-0.01633196775002046,1.763775095780863,23.51960709074871,128,25,30753,1.1525587138171205,,,
audit_sweep_ncal128,202,0.5610886778541109,0.014404746149960013,0.0,0.006425892967777198,4.806701541752532,26.56253353672038,128,25,30906,7.663992915300017,,,
audit_sweep_ncal128,203,0.5610160362984881,0.014663275171329482,0.0,-0.006160170845041763,5.0218565956139445,26.777688590581793,128,25,31059,6.416130662139182,,,
audit_sweep_ncal128,204,0.5608952037042205,0.014897044577080965,0.0,0.026281157946371675,1.9131761760665102,23.66900817103436,128,25,31212,1.2642655932803324,,,
audit_sweep_ncal128,205,0.5608421362180809,0.015039359743124314,0.0,0.018600235576634927,4.119017580238631,25.87484957520648,128,25,31365,3.1653164774665825,,,
audit_sweep_ncal128,206,0.5609018633374634,0.014910570156726255,0.0,0.035520997149993225,2.219339656768002,23.975171651735852,128,25,31518,1.342698488309677,,,
audit_sweep_ncal128,207,0.5608495054242116,0.015015704832301413,0.0,0.0320537719403515,2.7193029021081703,24.475134897076018,128,25,31671,1.1490393369167824,,,
audit_sweep_ncal128,208,0.5609909063263356,0.014735171196476604,0.0,-0.057577333262878866,2.928679336187911,24.68451133115576,128,25,31824,3.5555842812468197,,,
audit_sweep_ncal128,209,0.5611569524730541,0.014360815229323753,0.0,-0.028294816225792944,3.861813513735763,25.61764550870361,128,25,31977,3.2221377807090117,,,
audit_sweep_ncal128,210,0.5611368115326492,0.014653690385852736,0.0,0.0246763911787152,4.267916698403761,26.02374869337161,128,25,32130,3.2118089715345173,,,
audit_sweep_ncal128,211,0.5612388206087188,0.014448791845227404,0.0,0.012136058399870375,3.00660764435687,24.762439639324718,128,25,32283,3.1745822634226695,,,
audit_sweep_ncal128,212,0.561211388369771,0.014611381410411517,0.0,0.05326642482682093,5.605027773777841,27.36085976874569,128,25,32436,7.044515811604542,,,
audit_sweep_ncal128,213,0.5614497457819775,0.013997628292532815,0.0,-0.025953667182676533,2.044466251647962,23.80029824661581,128,25,32589,1.081244240102768,,,
audit_sweep_ncal128,214,0.5615000960768113,0.013913764031870723,0.0,0.06723900677841961,3.59266140392175,25.348493398889598,128,25,32742,3.543662176620398,,,
audit_sweep_ncal128,215,0.561395661426316,0.014208971228821032,0.0,0.01717248716437872,3.623242320562439,25.37907431553029,128,25,32895,3.4804360710538824,,,
audit_sweep_ncal128,216,0.561271124311722,0.014383927257841433,0.0,0.040638357849523195,2.1583730774397543,23.914205072407604,128,25,33048,1.2436979110724407,,,
audit_sweep_ncal128,217,0.5612342304275398,0.014627232809730883,0.0,-0.007944088339116428,3.105506906469465,24.861338901437314,128,25,33201,3.67671653318427,,,
audit_sweep_ncal128,218,0.561252765434378,0.014636778365410663,0.0,-0.017672609176527524,2.246908497127453,24.002740492095302,128,25,33354,1.319366088409364,,,
audit_sweep_ncal128,219,0.5613432321681705,0.014406549960015336,0.0,0.035599707409711884,2.217526519611324,23.973358514579175,128,25,33507,1.3714365165729214,,,
audit_sweep_ncal128,220,0.5614869420960391,0.014187688121093278,0.0,-0.026831093052191838,4.215116725670133,25.97094872063798,128,25,33660,3.545471739375196,,,
audit_sweep_ncal128,221,0.5617559794082758,0.013527818749113463,0.0,0.009678003899403237,2.125618880589063,23.88145087555691,128,25,33813,1.1681524738548228,,,
audit_sweep_ncal128,222,0.5617557270482092,0.013755115378006333,0.0,-0.0038056563524570927,3.8905769661315586,25.646408961099407,128,25,33966,3.4872757555431173,,,
audit_sweep_ncal128,223,0.5618846570312206,0.013372303248387118,0.0,0.03289950935666918,2.438801262219987,24.194633257187835,128,25,34119,1.4894677555718987,,,
audit_sweep_ncal128,224,0.5616708499487962,0.013879248809160138,0.0,0.034000404094668625,1.8336067654064803,23.58943876037433,128,25,34272,1.3879697287403838,,,
audit_sweep_ncal128,225,0.5616982617199192,0.013957738888682236,0.0,-0.004131500813528513,4.543350575638853,26.299182570606703,128,25,34425,6.689447367748273,,,
audit_sweep_ncal128,226,0.5618270596676369,0.013650632267897533,0.0,0.001193520722672314,6.078922033847839,27.834754028815688,128,25,34578,11.995237339150775,,,
audit_sweep_ncal128,227,0.561801601703658,0.013728879649735126,0.0,-1.8104801970608596e-05,1.9917512542207547,23.747583249188605,128,25,34731,1.348046216048782,,,
audit_sweep_ncal128,228,0.5619853520912195,0.013156592193566685,0.0,-0.005775942651105139,3.72826087214208,25.48409286710993,128,25,34884,4.045004705992228,,,
audit_sweep_ncal128,229,0.562040788955049,0.012913443393333113,0.0,0.034850614804755,1.7108859456591956,23.466717940627046,128,25,35037,1.2220577397723649,,,
audit_sweep_ncal128,230,0.5620265375305434,0.012826738871229093,0.0,0.06395063519216004,2.809638275403641,24.565470270371492,128,25,35190,1.305214171175006,,,
audit_sweep_ncal128,231,0.5620313287177688,0.012878915868770102,0.0,-0.06121069217308084,4.409420925391512,26.16525292035936,128,25,35343,3.6227761437321035,,,
audit_sweep_ncal128,232,0.562095510508351,0.012532380516240726,0.0,0.055580990332952225,2.0077847316489383,23.76361672661679,128,25,35496,1.5897851737958075,,,
audit_sweep_ncal128,233,0.5621623185557928,0.012346275361708181,0.0,-0.02945987730732924,3.642936355479369,25.398768350447217,128,25,35649,2.670228286101774,,,
audit_sweep_ncal128,234,0.5622577712832283,0.012329026526691989,0.0,-0.008378476141465103,3.515764140836478,25.271596135804327,128,25,35802,3.5876820097378377,,,
audit_sweep_ncal128,235,0.5623216949546478,0.01216295847914206,0.0,0.042226380722706694,1.7540238320230972,23.509855826990947,128,25,35955,1.3805482251932073,,,
audit_sweep_ncal128,236,0.5624725397872462,0.011684108383797076,0.0,0.07793463215528516,3.2062786513120853,24.962110646279935,128,25,36108,3.465136187234767,,,
audit_sweep_ncal128,237,0.562399349467804,0.011881115316394353,0.0,0.02589324236085736,1.9494067445823566,23.705238739550207,128,25,36261,1.2223033288411835,,,
audit_sweep_ncal128,238,0.5623979905159173,0.011911208301977227,0.0,-0.015532347659830973,3.136061974538409,24.891893969506256,128,25,36414,3.276379458107471,,,
audit_sweep_ncal128,239,0.5624048596398908,0.011907671309615342,0.0,-0.038602576221301664,3.609473691386312,25.365305686354162,128,25,36567,3.2358793617309884,,,
audit_sweep_ncal128,240,0.5623189743613691,0.012058762466292339,0.0,0.009473870499192006,5.592161453434333,27.347993448402182,128,25,36720,7.276620252432836,,,
audit_sweep_ncal128,241,0.5623747302656823,0.01197754570592613,0.0,-0.011885023326569875,3.393399294750711,25.14923128971856,128,25,36873,3.392364765186089,,,
audit_sweep_ncal128,242,0.5625932438007765,0.011269992239061333,0.0,-0.003153360367078166,1.0958929211014896,22.85172491606934,128,25,37026,0.5158313194071631,,,
audit_sweep_ncal128,243,0.5625526440047989,0.011412322183225299,0.0,0.03491037923253365,3.9258257936914953,25.681657788659344,128,25,37179,4.257092005879972,,,
audit_sweep_ncal128,244,0.5625234301190035,0.01135246765157849,0.0,-0.014004265679188303,3.8748189108703865,25.630650905838237,128,25,37332,2.8986687889835467,,,
audit_sweep_ncal128,245,0.5626709528213127,0.011035601305623643,0.0,-0.01717960184129393,3.766255786157802,25.522087781125652,128,25,37485,3.4613904401993016,,,
audit_sweep_ncal128,246,0.562702252189466,0.010949141866211098,0.0,0.0005064234994086768,2.1728679462815452,23.928699941249395,128,25,37638,1.323444223987958,,,
audit_sweep_ncal128,247,0.5627263783406918,0.010978219931449207,0.0,-0.003444263049548989,2.153422539528519,23.90925453449637,128,25,37791,1.1568945538533126,,,
audit_sweep_ncal128,248,0.5625985306471518,0.011326514310767144,0.0,-0.0043676261566619225,2.1411556634892484,23.896987658457096,128,25,37944,1.3385911043282614,,,
audit_sweep_ncal128,249,0.5626296042002115,0.011314960474194447,0.0,-0.012273219238314516,2.4531281185602003,24.20896011352805,128,25,38097,1.4873747517585247,,,
audit_sweep_ncal128,250,0.562806002294152,0.010953674946601266,0.0,-0.03559158781528496,3.8000750158851755,25.555907010853026,128,25,38250,3.7822248200809945,,,
audit_sweep_ncal128,251,0.5627901217770592,0.010943654616457077,0.0,-0.004066288913001896,4.348254739005401,26.10408673397325,128,25,38403,6.992303135428404,,,
audit_sweep_ncal128,252,0.5630021572571624,0.010477948074952947,0.0,0.024035954661774456,3.978219781878595,25.734051776846442,128,25,38556,3.9655318981016547,,,
audit_sweep_ncal128,253,0.563152829904967,0.010310952997930167,0.0,0.0016215118344196622,2.0302929063432194,23.78612490131107,128,25,38709,1.3518809271315237,,,
audit_sweep_ncal128,254,0.563124757939177,0.010308458320016256,0.0,0.0904537885109194,3.280556204960372,25.036388199928222,128,25,38862,3.2788985656056377,,,
audit_sweep_ncal128,255,0.5631239447364882,0.010283145625631374,0.0,0.00475672410662875,1.7949454071773614,23.55077740214521,128,25,39015,1.3921531786385557,,,
audit_sweep_ncal128,256,0.5631514203806574,0.010225025443778346,0.0,-0.057839731811106035,2.4842923794062837,24.240124374374133,128,25,39168,0.7114637355565988,,,
audit_sweep_ncal128,257,0.5631462320401613,0.010220135345265335,0.0,-0.020436599835690256,3.898576799442661,25.65440879441051,128,25,39321,3.472969257869782,,,
audit_sweep_ncal128,258,0.5632385872983571,0.01017586082939037,0.0,0.022828657919666238,2.6811265713651147,24.436958566332965,128,25,39474,1.415460749051405,,,
audit_sweep_ncal128,259,0.5631899544264388,0.010274169999265337,0.0,-0.016009654563117356,4.126841496153161,25.88267349112101,128,25,39627,3.722506660354321,,,
audit_sweep_ncal128,260,0.5632872065034681,0.010076008034298756,0.0,-0.00048757377129002657,1.9607604771071774,23.71659247207503,128,25,39780,1.320955234409655,,,
audit_sweep_ncal128,261,0.5631693781128468,0.010183157498759088,0.0,0.009321536973805247,3.0258665071630357,24.781698502130887,128,25,39933,3.7075047596223194,,,
audit_sweep_ncal128,262,0.562869227991765,0.010562511907244776,0.0,0.013790572796436472,1.9962327419680563,23.752064736935907,128,25,40086,1.1662101015769888,,,
audit_sweep_ncal128,263,0.5629097538224263,0.010404760725360451,0.0,-0.009163132544543373,1.8860317804061526,23.641863775374002,128,25,40239,1.1112023732394674,,,
audit_sweep_ncal128,264,0.5628858203313234,0.010545387926792604,0.0,-0.048311369133881885,2.016778017069406,23.772610012037255,128,25,40392,1.2573678302165108,,,
audit_sweep_ncal128,265,0.5629484046389425,0.010454139804842444,0.0,-0.005033254892361659,4.694395460315905,26.450227455283752,128,25,40545,5.9931738391958085,,,
audit_sweep_ncal128,266,0.5631366669533681,0.010242581724892341,0.0,-0.01785158898029513,2.339564360550578,24.095396355518428,128,25,40698,1.3825788268735562,,,
audit_sweep_ncal128,267,0.5632217679723356,0.010096402513964486,0.0,0.015556118313687172,2.4990554832493617,24.25488747821721,128,25,40851,1.3011312220873226,,,
audit_sweep_ncal128,268,0.5635004395966785,0.00968235481365165,0.0,-0.020360572863308904,1.8758391290576175,23.631671124025466,128,25,41004,1.2153942391833439,,,
audit_sweep_ncal128,269,0.5636182372981393,0.00949690231870326,0.0,-0.02509279865546346,3.6535684595299953,25.409400454497845,128,25,41157,3.3672078351471266,,,
audit_sweep_ncal128,270,0.563581095228303,0.009545987060155636,0.0,0.054764891129570455,2.534855436998232,24.29068743196608,128,25,41310,1.4908768396788608,,,
audit_sweep_ncal128,271,0.5635356800654341,0.009782165854319569,0.0,-0.04920863763550692,3.2741068090227876,25.029938803990635,128,25,41463,3.153741463713082,,,
audit_sweep_ncal128,272,0.5634233633118998,0.010040082197672495,0.0,0.058341444243068204,3.5017700674052863,25.257602062373135,128,25,41616,3.2562085437605823,,,
audit_sweep_ncal128,273,0.5637605513795255,0.009506496947579102,0.0,-0.06821717061552832,3.152876415887919,24.908708410855766,128,25,41769,3.4348002342559214,,,
audit_sweep_ncal128,274,0.5641911559221323,0.00864323781741072,0.0,0.05069988614364169,4.066118324075103,25.82195031904295,128,25,41922,3.7866491433959752,,,
audit_sweep_ncal128,275,0.5642647806774844,0.008427574810843663,0.0,0.005240619993957254,3.8663829957342664,25.622214990702116,128,25,42075,2.9382317994080203,,,
audit_sweep_ncal128,276,0.5643031502783198,0.008339650880578864,0.0,-0.07495567999476148,3.8694483222802445,25.625280317248095,128,25,42228,3.0323310067976994,,,
audit_sweep_ncal128,277,0.5642923978761493,0.008340436771939852,0.0,0.07080151139131982,3.7748553041155333,25.530687299083382,128,25,42381,3.1001150619456843,,,
audit_sweep_ncal128,278,0.5643317368143694,0.00825261980215819,0.0,0.009804243417734474,2.2025035192410116,23.958335514208862,128,25,42534,1.4164267566923838,,,
audit_sweep_ncal128,279,0.564449395298791,0.00801646480166529,0.0,-0.005666048586851398,3.8059605051413388,25.56179250010919,128,25,42687,3.5638883934570202,,,
audit_sweep_ncal128,280,0.5645517387161539,0.007954255212525352,0.0,-0.08962574605194037,2.8765491168893176,24.632381111857168,128,25,42840,1.2075197577864725,,,
audit_sweep_ncal128,281,0.5646322422806401,0.007797958112702674,0.0,0.031952539769800566,2.3088306289169287,24.06466262388478,128,25,42993,1.431562536815883,,,
audit_sweep_ncal128,282,0.5647861240025086,0.0076119864076832355,0.0,-0.03862787170229412,2.0538863372077576,23.809718332175606,128,25,43146,1.156775593725335,,,
audit_sweep_ncal128,283,0.5647455986082944,0.007715620860958117,0.0,0.048566679910894604,2.4777472890823113,24.233579284050162,128,25,43299,1.3024869617866062,,,
audit_sweep_ncal128,284,0.5648709625343876,0.007615513569025123,0.0,-0.035427324238559835,3.60990280366689,25.36573479863474,128,25,43452,3.84343575018897,,,
audit_sweep_ncal128,285,0.564834537585448,0.007688212550228335,0.0,0.05877002682441488,2.7126936236325085,24.468525618600356,128,25,43605,1.260149254487125,,,
audit_sweep_ncal128,286,0.5648037632482398,0.007742264403853283,0.0,-0.02281142822265525,1.9876146239176447,23.743446618885493,128,25,43758,1.5384583528335611,,,
audit_sweep_ncal128,287,0.5645685329096026,0.008215966547048592,0.0,0.0011316132788835695,2.6304383207706366,24.386270315738486,128,25,43911,1.3257357222451913,,,
audit_sweep_ncal128,288,0.5646236808607823,0.008145717901497318,0.0,-0.02125075410759071,2.1739715091048013,23.929803504072652,128,25,44064,1.4251075637534583,,,
audit_sweep_ncal128,289,0.5648009293537245,0.007856077344049917,0.0,-0.09648816508324598,2.108352073836258,23.864184068804107,128,25,44217,1.3601529939707462,,,
audit_sweep_ncal128,290,0.5650630305004767,0.007361003526599408,0.0,-0.03513811297824655,3.624302967885708,25.380134962853557,128,25,44370,3.4315136789144534,,,
audit_sweep_ncal128,291,0.5650874423509791,0.007328063908582649,0.0,0.010084059412271959,3.9931427086331253,25.748974703600975,128,25,44523,3.29407454291096,,,
audit_sweep_ncal128,292,0.5651648255319396,0.007265469734988539,0.0,0.000939637426128362,2.3884838915277546,24.144315886495605,128,25,44676,1.2293983480282646,,,
audit_sweep_ncal128,293,0.5649962001076199,0.00752755547053896,0.0,0.10507861773770925,2.665939583428838,24.421771578396687,128,25,44829,1.2586621549956232,,,
audit_sweep_ncal128,294,0.5651312932658575,0.007311882653483925,0.0,-0.044244237747831455,5.831011219644552,27.5868432146124,128,25,44982,6.722051152941111,,,
audit_sweep_ncal128,295,0.5651738556668332,0.007282213896411149,0.0,-0.004768889810910604,4.062787207824019,25.81861920279187,128,25,45135,3.402319259684515,,,
audit_sweep_ncal128,296,0.5649796002332006,0.00763451624994671,0.0,0.020859657497362648,5.679865501850495,27.435697496818342,128,25,45288,6.474435966703342,,,
audit_sweep_ncal128,297,0.564963097367212,0.007720431589213095,0.0,-0.017557042591004487,2.0118316194128787,23.767663614380727,128,25,45441,1.1977145785947307,,,
audit_sweep_ncal128,298,0.5649676546027843,0.007780829615179563,0.0,0.0007933985474716511,3.3236460900995204,25.079478085067368,128,25,45594,3.615512994396378,,,
audit_sweep_ncal128,299,0.5650260943982195,0.007674634519741819,0.0,0.1297177667937446,4.204599922018629,25.96043191698648,128,25,45747,4.3430178578550676,,,
audit_sweep_ncal128,300,0.564865255842003,0.008037207644113864,0.0,0.05012329244798325,2.049251251457533,23.805083246425383,128,25,45900,1.3065474129074843,,,
audit_sweep_ncal128,301,0.565087911956196,0.007696342437336523,0.0,-0.054858700049934296,2.1856174525716834,23.941449447539533,128,25,46053,1.4330896652722198,,,
audit_sweep_ncal128,302,0.5650470334073152,0.007867854472946578,0.0,0.04487634234602341,2.2058389782270527,23.961670973194902,128,25,46206,1.2058185556630963,,,
audit_sweep_ncal128,303,0.5652447408491169,0.007553448804769047,0.0,-0.053479164313642566,2.5223753527113644,24.278207347679214,128,25,46359,1.3526259587924814,,,
audit_sweep_ncal128,304,0.5653728820897439,0.007279812863520196,0.0,0.06650931432508692,2.03464104937852,23.79047304434637,128,25,46512,1.6369842090810522,,,
audit_sweep_ncal128,305,0.5653771231494295,0.007255109392480752,0.0,0.015896982680518833,3.432676319408251,25.1885083143761,128,25,46665,3.09236515973459,,,
audit_sweep_ncal128,306,0.5653469134983966,0.007272179608230012,0.0,0.04409533245896372,1.942033953743751,23.697865948711602,128,25,46818,1.1961855462033406,,,
audit_sweep_ncal128,307,0.5653458686893443,0.007277454770010849,0.0,-0.015928377644339395,1.76397594406977,23.51980793903762,128,25,46971,1.2715715264308542,,,
audit_sweep_ncal128,308,0.56550879379401,0.0070228248202067745,0.0,-0.041024339828333874,2.4203687111726997,24.17620070614055,128,25,47124,1.211992423734277,,,
audit_sweep_ncal128,309,0.5655710044763514,0.006948811100999985,0.0,-0.0972623416530181,4.06138257347058,25.81721456843843,128,25,47277,3.4552133371560485,,,
audit_sweep_ncal128,310,0.5655430505851127,0.006991556255071418,0.0,0.009804891144353086,2.936978766036268,24.692810761004118,128,25,47430,3.574467867979302,,,
audit_sweep_ncal128,311,0.5655982311639878,0.006916336998362471,0.0,-0.05495485408802913,3.4094474184066206,25.16527941337447,128,25,47583,3.3584028656217835,,,
audit_sweep_ncal128,312,0.5657121721361584,0.00670085799164033,0.0,-0.01892907586150089,2.347978820492553,24.103810815460402,128,25,47736,1.4819179875397073,,,
audit_sweep_ncal128,313,0.5658106773101439,0.006485817096083535,0.0,0.0088627247471152,1.8096879735023748,23.565519968470223,128,25,47889,0.9431191922522923,,,
audit_sweep_ncal128,314,0.5658086111608378,0.0064520431762378205,0.0,0.033444241823228846,2.3626996023939135,24.118531597361763,128,25,48042,1.0519417820642183,,,
audit_sweep_ncal128,315,0.565876731657558,0.0063413494565042194,0.0,-0.008992466190904921,4.250910900393204,26.006742895361054,128,25,48195,3.417799144058648,,,
audit_sweep_ncal128,316,0.5661316537157699,0.005936806228964198,0.0,0.022109024424967996,3.702702694736511,25.45853468970436,128,25,48348,3.5316457232305534,,,
audit_sweep_ncal128,317,0.5660981533914562,0.00616928370770331,0.0,-0.019211543174570366,2.005868489243157,23.761700484211005,128,25,48501,1.1753098679566363,,,
audit_sweep_ncal128,318,0.566058052624602,0.006352767149619298,0.0,-0.01382820695899952,3.892877521873224,25.648709516841073,128,25,48654,3.5174807464077653,,,
audit_sweep_ncal128,319,0.5660688585983669,0.0061387797661033305,0.0,-0.04421001460893402,2.354304378867486,24.110136373835335,128,25,48807,1.170941269931218,,,
audit_sweep_ncal128,320,0.5661913153148319,0.006693316289059226,0.0,0.02431491345788051,3.025599365838688,24.781431360806536,128,25,48960,4.190946642043513,,,
audit_sweep_ncal128,321,0.5663396631326338,0.006553177558287437,0.0,0.0017503781326473212,3.9057554916359236,25.66158748660377,128,25,49113,3.6866679544643493,,,
audit_sweep_ncal128,322,0.5661811422474432,0.006167364008318299,0.0,-0.0054704775932962685,3.895666636438541,25.65149863140639,128,25,49266,4.1875784229519235,,,
audit_sweep_ncal128,323,0.5661987212937514,0.006145936762495419,0.0,0.011206251456844446,6.627075987632231,28.38290798260008,128,25,49419,11.580215901724843,,,
audit_sweep_ncal128,324,0.56632423096002,0.0057261091417529775,0.0,-0.06100007613193901,3.1228844935040927,24.87871648847194,128,25,49572,2.9109113748195874,,,
audit_sweep_ncal128,325,0.5662766390092961,0.005864316395026159,0.0,-0.03793070695381544,2.6699198585401076,24.425751853507958,128,25,49725,1.0104290396323248,,,
audit_sweep_ncal128,326,0.5662285954627476,0.005974149689428665,0.0,0.018811957830844675,2.7519919154260064,24.507823910393856,128,25,49878,1.1228597456088687,,,
audit_sweep_ncal128,327,0.5661954460075854,0.0060105718477154735,0.0,-0.01067026125771319,2.289907984517747,24.045739979485596,128,25,50031,1.5378647311372855,,,
audit_sweep_ncal128,328,0.5660999709590661,0.006205825578927349,0.0,0.05408413374063933,1.9367051697049267,23.692537164672775,128,25,50184,1.1013719778907236,,,
audit_sweep_ncal128,329,0.5661155880268548,0.006135058855779807,0.0,0.023848304197012286,5.674505667660143,27.43033766262799,128,25,50337,6.701621178758062,,,
audit_sweep_ncal128,330,0.5662094131071355,0.006051839073072829,0.0,-0.021545298681977732,2.03267689231984,23.78850888728769,128,25,50490,1.4123547281985436,,,
audit_sweep_ncal128,331,0.5661219841161015,0.006201098413624817,0.0,0.0442435923931031,2.6626150786799654,24.418447073647815,128,25,50643,1.277251090693505,,,
audit_sweep_ncal128,332,0.5661798150807905,0.0061565616010980095,0.0,-0.025199258039515345,3.628765427818122,25.384597422785973,128,25,50796,3.353562768951081,,,
audit_sweep_ncal128,333,0.5662245221264443,0.005911674643704012,0.0,-0.010488729083942711,2.6643342088829756,24.420166203850826,128,25,50949,1.217156812781994,,,
audit_sweep_ncal128,334,0.566288162376051,0.0058460819527700325,0.0,-0.07769767645162014,2.1298345421704203,23.88566653713827,128,25,51102,1.2338869997824315,,,
audit_sweep_ncal128,335,0.5659357657271128,0.006287661448763138,0.0,0.020355257354230244,2.396160193004278,24.151992187972127,128,25,51255,1.103082092565925,,,
audit_sweep_ncal128,336,0.5660191165399954,0.006388995197265435,0.0,-0.060591815564219144,2.7473652664890182,24.50319726145687,128,25,51408,0.9073379409514128,,,
audit_sweep_ncal128,337,0.5660036242588736,0.006396518400248463,0.0,-0.04212040327252054,2.5481464374675555,24.303978432435404,128,25,51561,1.378695059296608,,,
audit_sweep_ncal128,338,0.5661795124893845,0.006484845656029359,0.0,-0.002043149283329986,2.310910376405459,24.06674237137331,128,25,51714,1.4002903537093538,,,
audit_sweep_ncal128,339,0.5661144369643206,0.005857857806393252,0.0,-0.025917378514291232,3.5203521789385053,25.276184173906355,128,25,51867,3.6524326361219996,,,
audit_sweep_ncal128,340,0.5659971378211738,0.0059372444069327734,0.0,-0.10433599698089653,2.584424417557646,24.340256412525495,128,25,52020,1.3359560103449606,,,
audit_sweep_ncal128,341,0.5660164555714414,0.00592681835587805,0.0,-0.06967020336768201,2.051943644887586,23.807775639855436,128,25,52173,1.2946840890228994,,,
audit_sweep_ncal128,342,0.5660717884522146,0.005818833789948186,0.0,0.025354069621387323,2.656621609473707,24.412453604441556,128,25,52326,1.0892384442954663,,,
audit_sweep_ncal128,343,0.5662542315682288,0.005618758238349342,0.0,-0.032603965449766355,4.085900101644203,25.841732096612052,128,25,52479,3.489040803419786,,,
audit_sweep_ncal128,344,0.5662737039260951,0.005625024394462663,0.0,0.01983515086848641,2.159848949954234,23.915680944922084,128,25,52632,1.0653680442618527,,,
audit_sweep_ncal128,345,0.5662094980705898,0.005704509180368134,0.0,-0.031866907840950254,3.6516421645718222,25.40747415953967,128,25,52785,3.6673820988649166,,,
audit_sweep_ncal128,346,0.5660916576046597,0.005861480464304347,0.0,0.008224936813304093,5.524672176355921,27.28050417132377,128,25,52938,6.590898189966253,,,
audit_sweep_ncal128,347,0.5663335399626316,0.005526196630729507,0.0,0.137352493879203,0.9920116230637331,22.74784361803158,128,25,53091,0.7024874209132074,,,
audit_sweep_ncal128,348,0.5663073924980756,0.005616747147374257,0.0,0.02923525458620818,2.019390669263519,23.775222664231368,128,25,53244,1.2888011246862772,,,
audit_sweep_ncal128,349,0.5661628167986309,0.0057921169665948735,0.0,0.04151281992747567,5.135324312275412,26.89115630724326,128,25,53397,6.192735834467237,,,
audit_sweep_ncal128,350,0.5660392344760321,0.006083740266247806,0.0,0.03395562572738997,1.7780729691475192,23.53390496411537,128,25,53550,1.1815297095222284,,,
audit_sweep_ncal128,351,0.5661352756030281,0.005942540403766516,0.0,0.06844376635018636,2.8283212061935075,24.584153201161357,128,25,53703,3.257840654017489,,,
audit_sweep_ncal128,352,0.5661977265538584,0.005803528079403875,0.0,0.016411269792277843,1.7876449453382155,23.543476940306064,128,25,53856,1.0233622296168776,,,
audit_sweep_ncal128,353,0.5662289104116618,0.005777735998234723,0.0,-0.02288272799035732,3.896223702530695,25.652055697498543,128,25,54009,3.246831589481648,,,
audit_sweep_ncal128,354,0.56601602310592,0.006177331117796614,0.0,-0.019971779469363515,2.4967092567661817,24.25254125173403,128,25,54162,1.3607500709157907,,,
audit_sweep_ncal128,355,0.566061772340417,0.006098566013135076,0.0,0.0006169518924289458,4.297706404222354,26.053538399190202,128,25,54315,7.039556919922659,,,
audit_sweep_ncal128,356,0.5662951067858919,0.005691963778023057,0.0,0.05027131324318309,5.245321315693386,27.001153310661234,128,25,54468,7.091148023300206,,,
audit_sweep_ncal128,357,0.5660724689937238,0.005997232878019232,0.0,-0.04684174355621737,2.3984930879955395,24.15432508296339,128,25,54621,1.2364168704045755,,,
audit_sweep_ncal128,358,0.5661857717691552,0.005806533281378923,0.0,-0.006114429697685929,3.579540673809699,25.33537266877755,128,25,54774,3.7303869649898957,,,
audit_sweep_ncal128,359,0.5663977098253418,0.00556704423983434,0.0,0.01929252525576493,3.8648121387699885,25.620644133737837,128,25,54927,3.463681338667159,,,
audit_sweep_ncal128,360,0.5663887459546663,0.005568702820073712,0.0,0.003333812643549054,3.8974811113213765,25.653313106289225,128,25,55080,3.6292087468135916,,,
audit_sweep_ncal128,361,0.5663728338946264,0.00555055267279847,0.0,0.058453479937132305,1.814512853289591,23.57034484825744,128,25,55233,1.4263016963032016,,,
audit_sweep_ncal128,362,0.5668453599098712,0.004985600539775481,0.0,-0.10523751480288555,3.52932653312389,25.28515852809174,128,25,55386,3.1700795263681547,,,
audit_sweep_ncal128,363,0.5670478611299387,0.004748729771865023,0.0,-0.09160272991280033,4.041928862185143,25.797760857152994,128,25,55539,3.3480055711907237,,,
audit_sweep_ncal128,364,0.5670683691613074,0.004774596043550128,0.0,0.008852030055417593,6.128315752855904,27.884147747823754,128,25,55692,7.055707062074758,,,
audit_sweep_ncal128,365,0.5668651312010109,0.005014127670765811,0.0,0.05735768287396367,3.746415052556425,25.502247047524275,128,25,55845,4.306355725379315,,,
audit_sweep_ncal128,366,0.5668019857388222,0.005203686802523921,0.0,-0.015095910798715877,2.153147497262168,23.908979492230017,128,25,55998,1.260874063196528,,,
audit_sweep_ncal128,367,0.5667964876329677,0.0055105854980926905,0.0,0.014923062094660324,1.6707370385514226,23.42656903351927,128,25,56151,1.4601640449273758,,,
audit_sweep_ncal128,368,0.5668380826285472,0.005824408820085503,0.0,-0.0589143225208678,1.816365656206161,23.57219765117401,128,25,56304,1.2598999734230305,,,
audit_sweep_ncal128,369,0.5666784299389838,0.005485930622211366,0.0,0.07021529710427234,2.150995026917391,23.906827021885242,128,25,56457,1.3522776670453973,,,
audit_sweep_ncal128,370,0.566866517656453,0.0055577423381993896,0.0,-0.02950303348235908,4.426761359997977,26.182593354965825,128,25,56610,7.49697467657695,,,
audit_sweep_ncal128,371,0.566342277171373,0.006153529039559014,0.0,0.008482319704632363,2.16494712820798,23.92077912317583,128,25,56763,1.3007611921678817,,,
audit_sweep_ncal128,372,0.566453731933665,0.005951938616346575,0.0,0.004465520002720164,1.882626216300337,23.638458211268187,128,25,56916,0.9470258406656683,,,
audit_sweep_ncal128,373,0.5664665509250398,0.005914526533394193,0.0,0.10541799897997446,2.121573009232181,23.87740500420003,128,25,57069,1.092726039396824,,,
audit_sweep_ncal128,374,0.5664583711298095,0.006076510737727414,0.0,-0.009376574560158512,1.7380045997805365,23.493836594748387,128,25,57222,1.1776892820666578,,,
audit_sweep_ncal128,375,0.5664360803580482,0.006211710038796725,0.0,-0.009203866008856969,2.143173779310649,23.8990057742785,128,25,57375,1.2486664066123352,,,
audit_sweep_ncal128,376,0.5663570557019955,0.006446756764368677,0.0,-0.023734239325543117,5.466844606618478,27.22267660158633,128,25,57528,6.756375873142231,,,
audit_sweep_ncal128,377,0.5661023161262007,0.00694164356829341,0.0,-0.03267290386855898,2.1120935005133328,23.86792549548118,128,25,57681,1.4788607036114103,,,
audit_sweep_ncal128,378,0.5661386317881336,0.006865232199407156,0.0,0.045747276240545864,3.554164351584181,25.30999634655203,128,25,57834,3.295461542867759,,,
audit_sweep_ncal128,379,0.5662610221322985,0.006710246668206854,0.0,0.07392421383271519,1.864054395217545,23.619886390185393,128,25,57987,1.3412777764574506,,,
audit_sweep_ncal128,380,0.5661546290028332,0.006946035064376632,0.0,-0.01153758562677414,3.3637309068440686,25.119562901811918,128,25,58140,3.398698163113069,,,
audit_sweep_ncal128,381,0.5662309471540542,0.006995081652839574,0.0,-0.026783818261360174,3.863560479603875,25.619392474571725,128,25,58293,3.7528221914536597,,,
audit_sweep_ncal128,382,0.5662878484726036,0.006865394438653416,0.0,-0.02652227476288548,2.185982426713806,23.941814421681656,128,25,58446,0.9872707200799089,,,
audit_sweep_ncal128,383,0.5663710771549496,0.006706630507461675,0.0,0.02872798213908127,3.391502963199666,25.147334958167516,128,25,58599,2.9729328218102458,,,
audit_sweep_ncal128,384,0.5667324020148876,0.005938792650123759,0.0,0.10580105363892557,5.742118974786342,27.497950969754193,128,25,58752,6.521959255427633,,,
audit_sweep_ncal128,385,0.5667320997849554,0.005952730384292226,0.0,-0.05770978766252873,2.7346253469423725,24.490457341910222,128,25,58905,1.7279588566008743,,,
audit_sweep_ncal128,386,0.5666625053119172,0.006188813320203046,0.0,-0.05497445495478429,2.049566528880484,23.805398523848332,128,25,59058,1.459940747021507,,,
audit_sweep_ncal128,387,0.5667208657724884,0.006114864170769119,0.0,0.004496418458140724,4.108059331038141,25.86389132600599,128,25,59211,3.3412811480489344,,,
audit_sweep_ncal128,388,0.5668089810983848,0.005931088960658859,0.0,-0.03415351583997306,1.7824795169210828,23.53831151188893,128,25,59364,1.1950623516160763,,,
audit_sweep_ncal128,389,0.5668151286806996,0.0060110096107215405,0.0,-0.046800987368773125,1.9604519439433836,23.716283938911232,128,25,59517,0.835919248465113,,,
audit_sweep_ncal128,390,0.5668107698035966,0.006054504302075436,0.0,0.0017258636328414637,2.7647284555846285,24.520560450552477,128,25,59670,1.314419707284189,,,
audit_sweep_ncal128,391,0.5669034930979042,0.005842385782602211,0.0,0.031478007297068504,2.728570364307383,24.484402359275233,128,25,59823,1.438027770239055,,,
audit_sweep_ncal128,392,0.566970516969363,0.005761968251649763,0.0,0.10722440020898517,3.751065468063554,25.506897463031404,128,25,59976,3.7783627710331547,,,
audit_sweep_ncal128,393,0.567045426745996,0.00564229787347148,0.0,-0.01712817362021409,2.16527781202866,23.92110980699651,128,25,60129,1.3883326939522411,,,
audit_sweep_ncal128,394,0.5669764324919071,0.005733719414773852,0.0,-0.04854868613590034,1.2429847481821126,22.998816743149963,128,25,60282,0.4662017908629734,,,
audit_sweep_ncal128,395,0.566926497385441,0.005900250803402174,0.0,0.07496197257150897,2.602230955705513,24.35806295067336,128,25,60435,1.503592651038175,,,
audit_sweep_ncal128,396,0.5669587664691561,0.005853261462765769,0.0,0.01654202638614318,2.564185723828033,24.32001771879588,128,25,60588,1.333564246026778,,,
audit_sweep_ncal128,397,0.5668397475274601,0.006059009410643523,0.0,0.02302962181891488,1.9409274203628082,23.696759415330657,128,25,60741,1.4983192661316675,,,
audit_sweep_ncal128,398,0.5669712222389016,0.005809554335738043,0.0,-0.014219315091237068,2.059297929466362,23.81512992443421,128,25,60894,1.3311867935517727,,,
audit_sweep_ncal128,399,0.5670734106958052,0.0057179905883379956,0.0,-0.035945885461742065,3.8512825036838865,25.607114498651736,128,25,61047,2.8980166533761573,,,
audit_sweep_ncal128,400,0.5675301192566918,0.005023006846636147,0.0,-0.04260178765633011,3.8934046542706624,25.64923664923851,128,25,61200,4.472701295111624,,,
audit_sweep_ncal128,401,0.5675728160589159,0.00505761713623154,0.0,-0.052972262737583986,2.85311013380046,24.60894212876831,128,25,61353,3.3372420003040477,,,
audit_sweep_ncal128,402,0.567738930408018,0.0048041482433954785,0.0,0.014719186663496498,2.7214733034778535,24.477305298445703,128,25,61506,1.1675236202655048,,,
audit_sweep_ncal128,403,0.5678594647112231,0.0046916357477703174,0.0,-0.019283339052772592,3.36744989021038,25.12328188517823,128,25,61659,3.0430589508437387,,,
audit_sweep_ncal128,404,0.5679530982978975,0.004641200600346895,0.0,-0.06303222335090654,2.2832776851438497,24.0391096801117,128,25,61812,1.417883870336819,,,
audit_sweep_ncal128,405,0.5680489935577068,0.004350986458322881,0.0,0.05445991015793176,1.8962148273388046,23.652046822306655,128,25,61965,1.1553369924179302,,,
audit_sweep_ncal128,406,0.5682662803419802,0.004116818023362057,0.0,-0.0016083679596015864,3.823775123910599,25.57960711887845,128,25,62118,3.559836309354107,,,
audit_sweep_ncal128,407,0.5684201637520695,0.0040069622016806195,0.0,0.07545484718926848,2.972159629212273,24.72799162418012,128,25,62271,3.0673921783651656,,,
audit_sweep_ncal128,408,0.5683738689437132,0.003965757846486451,0.0,0.0688593712515468,5.5455516223281025,27.30138361729595,128,25,62424,6.217086549226097,,,
audit_sweep_ncal128,409,0.5686359538436941,0.0040116594343464484,0.0,0.03502714576835765,1.951931812644626,23.707763807612476,128,25,62577,1.6447157412841165,,,
audit_sweep_ncal128,410,0.5686304439877269,0.0037241683901355627,0.0,0.030210648330452523,2.84402320190888,24.599855196876728,128,25,62730,1.2960630564647582,,,
audit_sweep_ncal128,411,0.5686015429381597,0.0036751842630406983,0.0,0.030958743549633082,1.9217207290254021,23.67755272399325,128,25,62883,1.2808582301414069,,,
audit_sweep_ncal128,412,0.5687718977631568,0.003672104827060263,0.0,-0.07618976985769166,2.737726937061253,24.493558932029103,128,25,63036,1.299176168251674,,,
audit_sweep_ncal128,413,0.5686658972211937,0.0036236081421453514,0.0,0.12354592492354224,6.184692939141992,27.940524934109842,128,25,63189,11.710897112150649,,,
audit_sweep_ncal128,414,0.5686624350510262,0.0035994585252724365,0.0,-0.016522363475454032,3.7831728706641488,25.539004865632,128,25,63342,7.261186440202664,,,
audit_sweep_ncal128,415,0.5689694082723289,0.0036136119587789617,0.0,-0.041369637570067216,3.317973820971886,25.073805815939735,128,25,63495,3.8543356526145476,,,
audit_sweep_ncal128,416,0.5688435691135061,0.0035494957359966106,0.0,-0.018083794428476276,2.9016231005945587,24.65745509556241,128,25,63648,1.3202407672626446,,,
audit_sweep_ncal128,417,0.5689125433304292,0.003676350299494424,0.0,-0.03133099504296126,2.6291668358774563,24.384998830845305,128,25,63801,1.1000719760196467,,,
audit_sweep_ncal128,418,0.5687800672026249,0.003953883893025423,0.0,0.049478773433900294,2.2301515634721936,23.985983558440044,128,25,63954,1.1376702729670198,,,
audit_sweep_ncal128,419,0.5686422951020296,0.003694944899657049,0.0,0.004914613091146987,1.999805509079288,23.755637504047137,128,25,64107,1.289983871799121,,,
audit_sweep_ncal128,420,0.5684312044358596,0.004009221906090654,0.0,0.07104115317217279,1.8173803824380212,23.57321237740587,128,25,64260,1.3402993423887564,,,
audit_sweep_ncal128,421,0.5685890414192382,0.0037652076986088856,0.0,-0.032223054610134104,1.9835970978594313,23.73942909282728,128,25,64413,1.2247672727877643,,,
audit_sweep_ncal128,422,0.5683760532440804,0.003855371761188664,0.0,-0.045057462987226474,6.196113778578752,27.9519457735466,128,25,64566,7.319869376380116,,,
audit_sweep_ncal128,423,0.5683811510119217,0.004103698111982301,0.0,-0.015957219165980332,1.9611596070002606,23.71699160196811,128,25,64719,1.2054234565124897,,,
audit_sweep_ncal128,424,0.5683786034779418,0.004031748741793573,0.0,0.039464087447325435,2.5161687505852806,24.27200074555313,128,25,64872,1.1816524253057668,,,
audit_sweep_ncal128,425,0.5683943255971834,0.004265784439132059,0.0,-0.08252795394577583,2.8692030397483377,24.625035034716188,128,25,65025,4.406139755145871,,,
audit_sweep_ncal128,426,0.5683560902854182,0.00423190891142744,0.0,-0.0025201265588652775,3.0016149567840356,24.757446951751884,128,25,65178,3.2996624767256817,,,
audit_sweep_ncal128,427,0.568256934585505,0.004316521995342826,0.0,0.040769934802156044,3.676536822986155,25.432368817954004,128,25,65331,3.8358494537016856,,,
audit_sweep_ncal128,428,0.5685550532573158,0.004917830740749252,0.0,-0.05352926659984915,1.0781616089095216,22.83399360387737,128,25,65484,0.6007413887449374,,,
audit_sweep_ncal128,429,0.568294393507122,0.004823326642751091,0.0,0.10483537741628633,1.8218453306940643,23.577677325661913,128,25,65637,1.4775701022082943,,,
audit_sweep_ncal128,430,0.5681662238731027,0.005361445788992558,0.0,-0.025310736113109623,3.0745261300696227,24.83035812503747,128,25,65790,3.588694155677036,,,
audit_sweep_ncal128,431,0.568037879307629,0.005174049094783695,0.0,-0.005938571461878801,3.7027823931003834,25.458614388068234,128,25,65943,6.82205443564268,,,
audit_sweep_ncal128,432,0.568041407673402,0.0053809866363041525,0.0,-0.04960013265711138,2.8443088807097174,24.600140875677567,128,25,66096,1.1003357600940766,,,
audit_sweep_ncal128,433,0.5680484044705044,0.005620378064018605,0.0,-0.028422177041498912,2.7353704599911324,24.49120245495898,128,25,66249,1.2282352901794193,,,
audit_sweep_ncal128,434,0.5681556551392807,0.0056516956748058345,0.0,-0.04639201108358166,2.4836265437187204,24.23945853868657,128,25,66402,1.314557004866362,,,
audit_sweep_ncal128,435,0.5681225977522618,0.005685733804624671,0.0,-0.009984157463314573,3.663065241027428,25.418897235995278,128,25,66555,3.393367278680677,,,
audit_sweep_ncal128,436,0.5678728448911776,0.0059064185360000465,0.0,0.03518261582697335,3.965648858116694,25.721480853084543,128,25,66708,3.4309881496358745,,,
audit_sweep_ncal128,437,0.5679505231430484,0.005633007077022079,0.0,0.021281280679871336,2.080715307461047,23.836547302428897,128,25,66861,1.2059694829492429,,,
audit_sweep_ncal128,438,0.567835720401551,0.005764160869499824,0.0,0.021024915571630186,3.5831785432695415,25.33901053823739,128,25,67014,3.3378528102342937,,,
audit_sweep_ncal128,439,0.5677452949655789,0.005856702047600804,0.0,0.008235896048774224,2.547605346921337,24.303437341889186,128,25,67167,1.3061353800439024,,,
audit_sweep_ncal128,440,0.5678360071856355,0.005525835699801918,0.0,-0.0873624066574935,3.0590378629697437,24.814869857937595,128,25,67320,3.5072252488125844,,,
audit_sweep_ncal128,441,0.5677999685456245,0.005789614184275704,0.0,-0.027644405695472503,2.3001583959878835,24.05599039095573,128,25,67473,1.2624497345705965,,,
audit_sweep_ncal128,442,0.567669621753459,0.0056348424060194136,0.0,-0.05964331793310968,3.78752103128521,25.543353026253058,128,25,67626,3.491414657421882,,,
audit_sweep_ncal128,443,0.5677131427652381,0.005672371303442447,0.0,-0.023195730062998646,2.660169335599769,24.416001330567617,128,25,67779,1.520832171538462,,,
audit_sweep_ncal128,444,0.567871461394145,0.005569562423254348,0.0,-0.017452053825415377,3.4995887318677052,25.255420726835553,128,25,67932,3.4792845593461537,,,
audit_sweep_ncal128,445,0.5677472352407816,0.00554760885704042,0.0,-0.006288054675731982,2.739860700990961,24.49569269595881,128,25,68085,1.3383129509608334,,,
audit_sweep_ncal128,446,0.5676720275421451,0.005688958436081637,0.0,0.03984444828457607,2.276069162028421,24.03190115699627,128,25,68238,1.2649366262102903,,,
audit_sweep_ncal128,447,0.5678226725117963,0.005462051247118294,0.0,0.02512739446321433,4.230221766293095,25.986053761260944,128,25,68391,3.3098996259424314,,,
audit_sweep_ncal128,448,0.5679396731243399,0.005737305812728133,0.0,0.009241147508983553,3.721939407956154,25.477771402924002,128,25,68544,3.4839775352926967,,,
audit_sweep_ncal128,449,0.5678572804974182,0.005945882055031881,0.0,0.03981563504603063,2.0389523626911794,23.79478435765903,128,25,68697,1.3335079887958752,,,
audit_sweep_ncal128,450,0.5679847057913674,0.005791481955522038,0.0,0.012136444394194286,3.568366090630157,25.324198085598006,128,25,68850,3.426653338045228,,,
audit_sweep_ncal128,451,0.567851305882431,0.005709866918533035,0.0,0.060286695030969076,3.6196109983733544,25.375442993341203,128,25,69003,3.7564195744558644,,,
audit_sweep_ncal128,452,0.5677540778304377,0.005758162093840835,0.0,0.05358318731166605,2.3553998335771413,24.11123182854499,128,25,69156,1.2059500594487904,,,
audit_sweep_ncal128,453,0.5676070529352271,0.005449780247031355,0.0,0.029630988175427996,2.5757511633482326,24.331583158316082,128,25,69309,1.2604565208726586,,,
audit_sweep_ncal128,454,0.5675680440623841,0.00563398442576013,0.0,0.046203178409757586,2.668708536718382,24.42454053168623,128,25,69462,1.451643964713123,,,
audit_sweep_ncal128,455,0.5675641744714501,0.005637421683802546,0.0,0.06098582301013451,2.5350750662064176,24.290907061174266,128,25,69615,1.472887416827276,,,
audit_sweep_ncal128,456,0.5676059046956057,0.005696485055433631,0.0,-0.029850310228633065,3.8567509695866122,25.612582964554463,128,25,69768,3.956993662953711,,,
audit_sweep_ncal128,457,0.5674759825464816,0.005701292249217338,0.0,0.07441634097580695,3.6348396524869746,25.390671647454823,128,25,69921,4.082607250409048,,,
audit_sweep_ncal128,458,0.567635689387768,0.005583793862427799,0.0,0.04103695100918337,5.152352616109815,26.908184611077665,128,25,70074,7.70608208241123,,,
audit_sweep_ncal128,459,0.5676887903396433,0.00580292248181824,0.0,0.0501322208599813,5.918058352470549,27.673890347438398,128,25,70227,7.736166729275771,,,
audit_sweep_ncal128,460,0.5677120144832064,0.005710420416078943,0.0,0.027795523846791098,1.9967809314375846,23.752612926405433,128,25,70380,1.3105519642226817,,,
audit_sweep_ncal128,461,0.5679438016903188,0.006129238878310406,0.0,-0.06612049472951603,2.593008432103218,24.348840427071067,128,25,70533,1.368815027443418,,,
audit_sweep_ncal128,462,0.5681210969833085,0.006096837348805173,0.0,-0.03974683065513968,3.816572335507396,25.572404330475244,128,25,70686,3.3539442321329425,,,
audit_sweep_ncal128,463,0.568233773519181,0.005872494772555248,0.0,-0.04534031846271596,3.9660860110187928,25.72191800598664,128,25,70839,3.670555976216716,,,
audit_sweep_ncal128,464,0.5683575237592513,0.006034415573126672,0.0,-0.027167602685165243,3.85570665436439,25.61153864933224,128,25,70992,6.608064806375834,,,
audit_sweep_ncal128,465,0.5683017661841743,0.006089135011909663,0.0,0.00072419894374842,3.3510075981894407,25.10683959315729,128,25,71145,3.6947555283525935,,,
audit_sweep_ncal128,466,0.5684527147442299,0.006221707560922662,0.0,0.07585223492627445,3.4619279340035813,25.217759928971432,128,25,71298,3.466605688532449,,,
audit_sweep_ncal128,467,0.5682629717219049,0.00598822590284287,0.0,0.04147085537625204,2.303607202914048,24.059439197881897,128,25,71451,1.3554315159900108,,,
audit_sweep_ncal128,468,0.5681838700506044,0.006007979187229617,0.0,-0.04900991423056976,2.716223590246996,24.472055585214846,128,25,71604,1.6746403140891764,,,
audit_sweep_ncal128,469,0.5681765930638047,0.006011128146206857,0.0,-0.012795419954936424,1.8474788544413308,23.60331084940918,128,25,71757,1.0693718916286383,,,
audit_sweep_ncal128,470,0.5679487887550227,0.00574218122336112,0.0,-0.02317631866436915,4.1644674239427015,25.920299418910552,128,25,71910,4.006584868982591,,,
audit_sweep_ncal128,471,0.5678137734492167,0.005257322301637335,0.0,-0.025526837216990332,3.601160463516253,25.3569924584841,128,25,72063,3.151973242820239,,,
audit_sweep_ncal128,472,0.5678565126189734,0.005241263433262366,0.0,0.05391623508015526,1.109413021829686,22.865245016797534,128,25,72216,0.4019472559896896,,,
audit_sweep_ncal128,473,0.5677457247718034,0.004933268224287968,0.0,0.010296538557600413,1.843397481758592,23.599229476726443,128,25,72369,1.350144165790123,,,
audit_sweep_ncal128,474,0.5677446611547419,0.0048425822591180445,0.0,0.002590818482888111,3.3809065924059936,25.13673858737384,128,25,72522,3.7607676956115195,,,
audit_sweep_ncal128,475,0.5677488331166297,0.004878171961840261,0.0,-0.04565763344798171,2.731439350703738,24.487271345671587,128,25,72675,1.3658069465481602,,,
audit_sweep_ncal128,476,0.5678784829895617,0.004657128296248092,0.0,-0.08166490150941941,3.6776178075462704,25.43344980251412,128,25,72828,3.278167416476677,,,
audit_sweep_ncal128,477,0.5679545249842208,0.004543995403250123,0.0,-0.001964626273087786,3.977965963502656,25.733797958470504,128,25,72981,3.420373486358906,,,
audit_sweep_ncal128,478,0.5679115207211591,0.004531028932119097,0.0,0.059028953487078,1.9761370692726694,23.73196906424052,128,25,73134,1.3357517875682436,,,
audit_sweep_ncal128,479,0.5680627054650274,0.004270581493941328,0.0,-0.013897773173884164,2.7037951719986224,24.45962716696647,128,25,73287,1.4467785100314612,,,
audit_sweep_ncal128,480,0.567973097715217,0.004373415737959796,0.0,0.11160697619583863,3.917979700800627,25.673811695768478,128,25,73440,3.759878004082203,,,
audit_sweep_ncal128,481,0.5677999668836163,0.004577769726973768,0.0,0.026963681923123425,2.4740119858669165,24.229843980834765,128,25,73593,1.2843603685951412,,,
audit_sweep_ncal128,482,0.5677415799885098,0.004641187182161777,0.0,-0.0397120802377601,2.4188555795706748,24.174687574538524,128,25,73746,0.9955370890765015,,,
audit_sweep_ncal128,483,0.5678786942612118,0.004489337790919756,0.0,-0.0030205565514760052,1.770497996557182,23.52632999152503,128,25,73899,1.3663641061236391,,,
audit_sweep_ncal128,484,0.5678016996039865,0.004609111874933847,0.0,-0.05021766805199806,3.1510213444100823,24.906853339377932,128,25,74052,3.3887596844863777,,,
audit_sweep_ncal128,485,0.5678766625208279,0.004454060023444284,0.0,0.05234518328430592,3.8955777187812295,25.65140971374908,128,25,74205,3.3940014495672544,,,
audit_sweep_ncal128,486,0.5679334734478522,0.004391762128806653,0.0,-0.04909951329360051,2.5217873279591667,24.277619322927016,128,25,74358,1.472375361264864,,,
audit_sweep_ncal128,487,0.5677399477993771,0.004580002338978706,0.0,0.12032885496263347,2.911482935521852,24.667314930489702,128,25,74511,2.492325364744055,,,
audit_sweep_ncal128,488,0.5676446654564634,0.0046788959191871315,0.0,0.10938275622942621,3.988513930227774,25.744345925195624,128,25,74664,7.078416420944662,,,
audit_sweep_ncal128,489,0.5677768785280567,0.004491690376633661,0.0,0.033432500971965894,2.029231834104517,23.785063829072367,128,25,74817,1.0662480134813819,,,
audit_sweep_ncal128,490,0.5678524904464362,0.004399973815091496,0.0,0.04711503480115116,5.477813652545596,27.233645647513445,128,25,74970,6.636599848325578,,,
audit_sweep_ncal128,491,0.5676269952866358,0.004636478172702296,0.0,-0.019196083821470776,4.138113894198395,25.893945889166243,128,25,75123,2.998102034072504,,,
audit_sweep_ncal128,492,0.5677777619156291,0.004460387403441346,0.0,-0.040062169676343205,4.1559309651998255,25.911762960167675,128,25,75276,3.8704955269185923,,,
audit_sweep_ncal128,493,0.5678483779338968,0.004369377934080654,0.0,-0.027239123772488334,3.550082466344901,25.30591446131275,128,25,75429,3.191340374297931,,,
audit_sweep_ncal128,494,0.5678156214394097,0.004399806167812437,0.0,0.021555428190520035,2.1171139194060693,23.87294591437392,128,25,75582,1.1586996163305243,,,
audit_sweep_ncal128,495,0.5675935456809645,0.004675001757574293,0.0,0.029035933698999355,2.97029482425489,24.72612681922274,128,25,75735,3.6982336389857826,,,
audit_sweep_ncal128,496,0.5674801858535443,0.004863116121286537,0.0,0.020995413130888606,4.97039963380706,26.726231628774908,128,25,75888,7.173172013891329,,,
audit_sweep_ncal128,497,0.5675593459606331,0.004703508164622949,0.0,-0.00779492808839189,2.996127473250978,24.75195946821883,128,25,76041,3.219990823398264,,,
audit_sweep_ncal128,498,0.5673947978826961,0.005002549669273049,0.0,0.002610464170344518,1.7819236270059229,23.537755621973773,128,25,76194,1.2802306030574542,,,
audit_sweep_ncal128,499,0.5675490421439139,0.004779627183019053,0.0,-0.053484664863374574,2.2179763668522985,23.973808361820147,128,25,76347,1.6798300483802162,,,
audit_sweep_ncal128,500,0.5674031555840604,0.004935788961389687,0.0,-0.0029543767932035427,5.135725680808992,26.89155767577684,128,25,76500,12.233959383965155,,,
audit_sweep_ncal128,501,0.5673354802598789,0.005007028744627773,0.0,0.03772651601610428,4.267087521237813,26.02291951620566,128,25,76653,3.2838448793544863,,,
audit_sweep_ncal128,502,0.5677373243752007,0.0043962793523106836,0.0,-0.0717241485304826,5.291515048151145,27.047347043118993,128,25,76806,7.199287170359466,,,
audit_sweep_ncal128,503,0.5676179941038877,0.004538002470187208,0.0,0.0209323811985034,4.160212446982201,25.91604444195005,128,25,76959,3.5320869452076815,,,
audit_sweep_ncal128,504,0.5679337532740162,0.00410130087123739,0.0,-0.040230231612530865,2.18631481963718,23.942146814605028,128,25,77112,0.8218808031150566,,,
audit_sweep_ncal128,505,0.568122476009075,0.003865057369273228,0.0,0.05712159210793781,1.255866425166291,23.01169842013414,128,25,77265,0.4380158454944047,,,
audit_sweep_ncal128,506,0.5680289582994145,0.004001826975046807,0.0,-0.021727009486638388,4.587671036871798,26.343503031839646,128,25,77418,3.316200509790685,,,
audit_sweep_ncal128,507,0.5680805230684259,0.003897209433478155,0.0,0.058552735962937634,4.223589687071275,25.979421682039124,128,25,77571,3.634558451569897,,,
audit_sweep_ncal128,508,0.5683246857034593,0.003600071039335906,0.0,-0.02498007576424441,2.298627216762294,24.054459211730144,128,25,77724,1.604356562777908,,,
audit_sweep_ncal128,509,0.5683158970786122,0.003545298324965751,0.0,0.09308436886182915,3.648718269642943,25.40455026461079,128,25,77877,3.6169771552974845,,,
audit_sweep_ncal128,510,0.5682625878449705,0.003622972109623368,0.0,0.04327822880398607,2.4114830747756337,24.167315069743484,128,25,78030,1.2139882134036946,,,
audit_sweep_ncal128,511,0.5683740627300173,0.003452660225383597,0.0,0.0021176827479650016,2.0801571439437567,23.835989138911607,128,25,78183,1.2598290209730425,,,
audit_sweep_ncal128,512,0.5684666379338822,0.0033525923779078592,0.0,-0.0669659792144294,2.6014328173808643,24.357264812348713,128,25,78336,1.085461511506158,,,
audit_sweep_ncal128,513,0.5682350190722706,0.0036782740280509874,0.0,-0.05172946129552203,4.495771103534481,26.25160309850233,128,25,78489,4.586076357453897,,,
audit_sweep_ncal128,514,0.5681696856012208,0.0037816625713543717,0.0,-0.09214539016119551,3.3050785277598442,25.060910522727692,128,25,78642,3.247609302385636,,,
audit_sweep_ncal128,515,0.5682993719045519,0.0036501085511797537,0.0,-0.09347613391444917,3.6833145724641487,25.439146567431997,128,25,78795,3.584298894637319,,,
audit_sweep_ncal128,516,0.5683083336310871,0.003679918645743241,0.0,0.010351974043044025,3.2976500036842347,25.053481998652085,128,25,78948,3.4712678322218604,,,
audit_sweep_ncal128,517,0.5684190051801771,0.0035458263627955455,0.0,-0.03212603835286736,2.287453912287671,24.04328590725552,128,25,79101,1.1680009386222026,,,
audit_sweep_ncal128,518,0.5683565627821208,0.003612081286438973,0.0,0.010733417594412289,2.37190736065052,24.12773935561837,128,25,79254,1.2481394116444162,,,
audit_sweep_ncal128,519,0.5685049741882937,0.0034335927753662565,0.0,-0.06344481954215554,2.7218653785775926,24.477697373545443,128,25,79407,1.0446451320604715,,,
audit_sweep_ncal128,520,0.568372199040054,0.0035769214094856228,0.0,0.08538503453796945,2.307026542197396,24.062858537165244,128,25,79560,1.515034787365131,,,
audit_sweep_ncal128,521,0.5682930645313962,0.0037677361137639087,0.0,-0.0321432193786978,5.611449600315646,27.367281595283494,128,25,79713,6.844999151819424,,,
audit_sweep_ncal128,522,0.5683827149695663,0.003621528472397273,0.0,0.027585832830383655,1.838160807738353,23.593992802706204,128,25,79866,1.3035064814149444,,,
audit_sweep_ncal128,523,0.5684287524541338,0.0034847004484663824,0.0,-0.008344025483791343,2.461458340394947,24.217290335362797,128,25,80019,1.4468851475611832,,,
audit_sweep_ncal128,524,0.5686834449476807,0.003139200382816343,0.0,-0.057203466182301405,2.440149587238726,24.195981582206574,128,25,80172,1.2318050356471464,,,
audit_sweep_ncal128,525,0.5686466137567792,0.0032317053790194006,0.0,-0.010404959829409454,2.454425643548409,24.210257638516257,128,25,80325,1.2053894630165987,,,
audit_sweep_ncal128,526,0.5687664820055565,0.0031260056720665563,0.0,0.04436738868543044,3.179905142625649,24.9357371375935,128,25,80478,3.5338230505646218,,,
audit_sweep_ncal128,527,0.5687095926151461,0.0031993513220858194,0.0,-1.672401293090317e-05,2.833812725253735,24.589644720221585,128,25,80631,1.2375490982550685,,,
audit_sweep_ncal128,528,0.5688173815726019,0.00310417425785825,0.0,-1.57683582826242e-05,2.295293489983974,24.05112548495182,128,25,80784,1.2310818914221942,,,
audit_sweep_ncal128,529,0.568875188374369,0.0030954160841598632,0.0,-0.040241000630647075,2.0242734904780386,23.780105485445887,128,25,80937,1.2486054815319003,,,
audit_sweep_ncal128,530,0.5689473247118443,0.0029450982930760983,0.0,0.010353125008374556,2.074235204292953,23.830067199260803,128,25,81090,1.0862673125116773,,,
audit_sweep_ncal128,531,0.5692762743000056,0.0025730480778989318,0.0,-0.08513032460381874,2.9668339490910682,24.722665944058917,128,25,81243,2.7509386154634643,,,
audit_sweep_ncal128,532,0.5692737985584507,0.002648265720692433,0.0,0.018156335718950454,3.645165703491224,25.400997698459072,128,25,81396,3.8933659553826647,,,
audit_sweep_ncal128,533,0.5693093289766606,0.0027878294874363885,0.0,0.07024259038865947,2.9255776565618214,24.68140965152967,128,25,81549,1.132527383431797,,,
audit_sweep_ncal128,534,0.5693224634956157,0.003095511627924874,0.0,-0.1339351095561989,4.096201910058259,25.852033905026108,128,25,81702,4.928770207714791,,,
audit_sweep_ncal128,535,0.569431543171509,0.0031009285903311756,0.0,-0.04282027002902564,3.061864184755594,24.81769617972344,128,25,81855,3.8330981237956663,,,
audit_sweep_ncal128,536,0.569454546648781,0.0028350336536347998,0.0,0.024776606720155667,2.3169232652073455,24.072755260175196,128,25,82008,1.347065334546249,,,
audit_sweep_ncal128,537,0.569584176466428,0.00308354818312917,0.0,0.01511651604053738,3.3566922818552025,25.112524276823052,128,25,82161,3.499897536626308,,,
audit_sweep_ncal128,538,0.5693885224414915,0.0029746389636754467,0.0,-0.013757305405512286,2.7270544562070116,24.48288645117486,128,25,82314,1.3530955025711584,,,
audit_sweep_ncal128,539,0.5696264432646658,0.0027762882419343216,0.0,-0.039879252851612534,2.2928099030191302,24.04864189798698,128,25,82467,1.0774840407749513,,,
audit_sweep_ncal128,540,0.5696072921616279,0.00279184556612877,0.0,0.03356164152881003,3.2649537717519377,25.020785766719786,128,25,82620,3.221037835602378,,,
audit_sweep_ncal128,541,0.5696511019941868,0.002997544895074422,0.0,-0.06303776965249497,3.3027710564821344,25.058603051449985,128,25,82773,2.7803765703732974,,,
audit_sweep_ncal128,542,0.5697767810954182,0.002935509550533566,0.0,0.005362309123869648,2.178584980525162,23.93441697549301,128,25,82926,1.2858261766974821,,,
audit_sweep_ncal128,543,0.5696828632782717,0.002661298527859346,0.0,0.13282876687129766,1.8563359937389838,23.612167988706833,128,25,83079,1.3177590428316566,,,
audit_sweep_ncal128,544,0.5696105936987542,0.002323638826423058,0.0,0.10019682104123752,1.9822512420306644,23.738083236998513,128,25,83232,1.440135419918989,,,
audit_sweep_ncal128,545,0.5696824191550685,0.0021797320469560955,0.0,-0.03430228841777498,3.2780281105584357,25.033860105526283,128,25,83385,3.1032447792100446,,,
audit_sweep_ncal128,546,0.5697046137258938,0.0023547874303258,0.0,-0.002824489995539668,3.954895368223106,25.710727363190955,128,25,83538,3.8706971059108097,,,
audit_sweep_ncal128,547,0.5694863070715364,0.0024350417803066238,0.0,0.013949369920211169,3.9009159352921934,25.656747930260043,128,25,83691,2.7720945187951833,,,
audit_sweep_ncal128,548,0.5695391414611882,0.002381837731863623,0.0,-0.006323299550294885,2.486720364270404,24.242552359238253,128,25,83844,1.4554968461139077,,,
audit_sweep_ncal128,549,0.5695627448818963,0.0024293959513164154,0.0,-0.07112359525677998,3.389255444021383,25.145087438989233,128,25,83997,3.5075513355001164,,,
audit_sweep_ncal128,550,0.5694597638998364,0.0025723463677326253,0.0,0.03852279557508924,5.518064351487164,27.27389634645501,128,25,84150,7.906716121649921,,,
audit_sweep_ncal128,551,0.5694680611056618,0.002530972098481188,0.0,0.07308843943428144,1.9438334690002372,23.699665463968085,128,25,84303,1.341526524385727,,,
audit_sweep_ncal128,552,0.5692960012057194,0.002696481214927937,0.0,0.02482561936852052,4.778549791452779,26.534381786420628,128,25,84456,6.644246146667235,,,
audit_sweep_ncal128,553,0.5692151329343806,0.0027605967238365503,0.0,0.06485156519611814,4.060939280176546,25.816771275144397,128,25,84609,3.134805529381733,,,
audit_sweep_ncal128,554,0.5691233660759493,0.0028311189421389438,0.0,0.08157003816860761,4.059085084343699,25.81491707931155,128,25,84762,3.5334902519656026,,,
audit_sweep_ncal128,555,0.5690192890983622,0.0029149846115901212,0.0,0.08240870571910092,2.3618528583616163,24.117684853329465,128,25,84915,1.4557598733866586,,,
audit_sweep_ncal128,556,0.5689397150085719,0.003086675152677687,0.0,0.09842565189088076,2.467588516983696,24.223420511951545,128,25,85068,1.3185273739638903,,,
audit_sweep_ncal128,557,0.5688277064347635,0.003197387141273933,0.0,0.010843339993271915,2.0984206687562392,23.85425266372409,128,25,85221,1.2402528204795504,,,
audit_sweep_ncal128,558,0.5688099231815872,0.003121131286100587,0.0,-0.023363108664957864,2.9171044347179906,24.67293642968584,128,25,85374,1.2180149220767855,,,
audit_sweep_ncal128,559,0.5688530715677106,0.0033395687317333556,0.0,0.02244784516746579,2.4669091215895125,24.222741116557362,128,25,85527,1.386848988722092,,,
audit_sweep_ncal128,560,0.5692071025626748,0.0032683572248162207,0.0,-0.0035718877745316013,2.7600760383034824,24.51590803327133,128,25,85680,1.3765339782502182,,,
audit_sweep_ncal128,561,0.5691818267076223,0.0032777548944392665,0.0,0.03177129880731218,2.0738798318375595,23.829711826805408,128,25,85833,1.3842889267451088,,,
audit_sweep_ncal128,562,0.5692664861390413,0.0033204068248199325,0.0,0.02876389493079274,4.060861068984048,25.816693063951895,128,25,85986,3.357185142229329,,,
audit_sweep_ncal128,563,0.5690564947715067,0.002951559139805826,0.0,-0.048039597718204506,1.7415702438833995,23.497402238851247,128,25,86139,1.02933925086486,,,
audit_sweep_ncal128,564,0.5692497023197898,0.0027434356888733635,0.0,-0.007699189870777931,4.173749473960196,25.929581468928045,128,25,86292,4.6440398395511115,,,
audit_sweep_ncal128,565,0.5693350415096265,0.0029709603058035716,0.0,0.0338324072845112,3.2438165547384354,24.999648549706286,128,25,86445,3.216815157799541,,,
audit_sweep_ncal128,566,0.5691066677910432,0.0029002027759973403,0.0,0.0026777948705770144,2.3022944979348683,24.058126492902716,128,25,86598,1.1630490468023942,,,
audit_sweep_ncal128,567,0.5690749478029457,0.0028594084166826406,0.0,0.04678962894217001,3.4280998564965173,25.183931851464365,128,25,86751,3.649852194703099,,,
audit_sweep_ncal128,568,0.5688267112449561,0.0031503050031984614,0.0,-0.06251146235488733,2.091667778804232,23.847499773772082,128,25,86904,1.060689415796918,,,
audit_sweep_ncal128,569,0.5687499983974621,0.003266718371584987,0.0,0.0018227415961227628,2.2306741842789326,23.98650617924678,128,25,87057,1.2879595064768856,,,
audit_sweep_ncal128,570,0.5687700071701044,0.0033014625142595566,0.0,-0.03831583517800533,2.2692081244090185,24.025040119376868,128,25,87210,1.3306858632292975,,,
audit_sweep_ncal128,571,0.5688150495451805,0.003243925676069348,0.0,0.025357804765791445,2.8905513123199285,24.646383307287778,128,25,87363,1.1532231702572517,,,
audit_sweep_ncal128,572,0.5691703195084362,0.002870424356246848,0.0,-0.03255234549459037,3.9941922511192742,25.750024246087122,128,25,87516,3.5816600613420606,,,
audit_sweep_ncal128,573,0.5690288798914894,0.0030262394831850337,0.0,-0.06073302036159119,3.4657592463241835,25.221591241292032,128,25,87669,2.9109052820320813,,,
audit_sweep_ncal128,574,0.5690592184585749,0.003002013447771845,0.0,0.07816392583727585,3.7461744195423914,25.50200641451024,128,25,87822,3.3510944266420455,,,
audit_sweep_ncal128,575,0.5692191197358859,0.0028112881865035577,0.0,-0.00247395484128866,4.379729177931765,26.135561172899614,128,25,87975,6.262908500260334,,,
audit_sweep_ncal128,576,0.5692205025162923,0.0028067107398704882,0.0,0.03326947885553267,3.8357935579664626,25.59162555293431,128,25,88128,3.360171268006098,,,
audit_sweep_ncal128,577,0.5691121071768218,0.0029402702556737825,0.0,-0.0570531319771617,3.3348452469233885,25.09067724189124,128,25,88281,3.0927309632439415,,,
audit_sweep_ncal128,578,0.569125140725399,0.0030300437426340476,0.0,0.0024427373323636435,2.497566510157954,24.2533985051258,128,25,88434,1.1222661337444777,,,
audit_sweep_ncal128,579,0.5691912009725034,0.0031763642228884725,0.0,-0.03664431138845544,2.882949704838148,24.638781699805996,128,25,88587,3.4895125166142935,,,
audit_sweep_ncal128,580,0.5691969380106023,0.0028994762530922813,0.0,-0.06230264403059872,2.991235003761168,24.747066998729018,128,25,88740,3.2855231454495253,,,
audit_sweep_ncal128,581,0.5689911807513877,0.0030914045192727,0.0,0.0935850009179463,4.049385047524711,25.80521704249256,128,25,88893,3.749684830020445,,,
audit_sweep_ncal128,582,0.5691659667292902,0.0027738687746055035,0.0,0.08348797541605726,4.0080971535521455,25.763929148519995,128,25,89046,3.527507349112351,,,
audit_sweep_ncal128,583,0.5691062025064724,0.0028454579083186937,0.0,-0.029278611540598392,2.731179496970225,24.487011491938073,128,25,89199,1.0978985350462074,,,
audit_sweep_ncal128,584,0.5690062532275787,0.0030270149680350356,0.0,-0.06417897833007713,3.105011336263225,24.860843331231074,128,25,89352,3.2234332444425573,,,
audit_sweep_ncal128,585,0.5690573473471692,0.002982837908549363,0.0,-0.05581303534083905,4.304982955414771,26.06081495038262,128,25,89505,3.1972850649724327,,,
audit_sweep_ncal128,586,0.5691069182599823,0.002911184062449834,0.0,-0.0016551738864735055,2.3043724441363453,24.060204439104194,128,25,89658,1.2288479721310384,,,
audit_sweep_ncal128,587,0.5691699651417895,0.002884443814399451,0.0,-0.08674522377027649,2.540570260418232,24.29640225538608,128,25,89811,1.6016969552247877,,,
audit_sweep_ncal128,588,0.5691596117801936,0.002890715427495971,0.0,0.01205840845199392,2.796519032545534,24.55235102751338,128,25,89964,3.6496979756535564,,,
audit_sweep_ncal128,589,0.5691951503648097,0.0028712561580197526,0.0,-0.012342497864196977,4.50633673286315,26.262168727831,128,25,90117,3.1755400864848595,,,
audit_sweep_ncal128,590,0.5691312558768474,0.0029457983992513537,0.0,-0.012701370094527747,3.8676527260088163,25.623484720976666,128,25,90270,3.178699066028651,,,
audit_sweep_ncal128,591,0.5691326303282597,0.0029861945681164404,0.0,-0.06636994805441594,5.688920252602294,27.444752247570143,128,25,90423,6.45738022118738,,,
audit_sweep_ncal128,592,0.5690412834638742,0.003103054606921618,0.0,0.03125739469244006,2.5531546768889877,24.308986671856836,128,25,90576,1.363041395968913,,,
audit_sweep_ncal128,593,0.5691245943050673,0.0029304092725382924,0.0,-0.03605295181930412,2.126026418825651,23.881858413793502,128,25,90729,1.5028144443334837,,,
audit_sweep_ncal128,594,0.5691228058369462,0.0029680573935124688,0.0,-0.07611290600791916,1.9600490322666693,23.71588102723452,128,25,90882,1.3218430406115114,,,
audit_sweep_ncal128,595,0.5690634716452476,0.0030320864421103932,0.0,0.02138510872342899,2.048678856760481,23.80451085172833,128,25,91035,1.300631346493103,,,
audit_sweep_ncal128,596,0.5688082956751437,0.0034057349451437346,0.0,0.05577330519995554,2.2055020957761773,23.961334090744025,128,25,91188,0.847552259471764,,,
audit_sweep_ncal128,597,0.5689345060173963,0.003227532974299119,0.0,0.01147934787767765,2.7382798321555373,24.494111827123387,128,25,91341,1.19077490499741,,,
audit_sweep_ncal128,598,0.5687973689352384,0.0033775238910703775,0.0,0.07658951060568109,2.684373028555714,24.440205023523564,128,25,91494,1.3956418827699164,,,
audit_sweep_ncal128,599,0.568765446637252,0.003435916425626795,0.0,0.03047401286833027,3.3369077023319385,25.092739697299788,128,25,91647,3.147600608781061,,,
audit_sweep_ncal128,600,0.5686800409386701,0.003637269808601129,0.0,-0.08031354062580381,3.0952861569842565,24.851118151952107,128,25,91800,3.490919810888305,,,
audit_sweep_ncal128,601,0.5685093949344634,0.0038385767687111327,0.9,1.0061464950686887,1.9938951995754268,23.749727194543276,128,25,91953,1.3499251248476771,,,
audit_sweep_ncal128,602,0.5682556269275756,0.004177262874990428,0.9,0.9726133839507909,2.707658761358352,24.463490756326202,128,25,92106,1.267547174524445,,,
audit_sweep_ncal128,603,0.5684325839498517,0.003927003065182233,0.9,0.951989777445942,2.025861836988241,23.78169383195609,128,25,92259,1.5478377946295943,,,
audit_sweep_ncal128,604,0.5684997387842599,0.0038333455290529006,0.9,0.9379234556156966,2.082918682189103,23.838750677156952,128,25,92412,1.209360275664099,,,
audit_sweep_ncal128,605,0.5684884074108093,0.0038055353199831776,0.9,0.8255205655452867,3.1362248247584934,24.892056819726342,128,25,92565,3.6072089126878812,,,
audit_sweep_ncal128,606,0.56848362159464,0.0037641583421864633,0.9,0.9526027032587322,2.138714327624632,23.894546322592483,128,25,92718,1.244060400226443,,,
audit_sweep_ncal128,607,0.568360601664574,0.00392258346278429,0.9,0.9178947147860943,3.9614558171836456,25.717287812151493,128,25,92871,3.9394083493350722,,,
audit_sweep_ncal128,608,0.5685110904151627,0.003805671570849878,0.9,0.8081319152430984,2.8017481005253213,24.557580095493172,128,25,93024,1.7832373924314464,,,
audit_sweep_ncal128,609,0.5684114712706763,0.003850051353874062,0.9,0.9556909651042141,5.387618014586101,27.143450009553952,128,25,93177,6.699046803774769,,,
audit_sweep_ncal128,610,0.5685122268897541,0.003787743805124588,0.9,0.8782126664748127,2.6041442721697594,24.359976267137608,128,25,93330,1.402312787332109,,,
audit_sweep_ncal128,611,0.5685339148967727,0.003774632455139537,0.9,0.9072474561428095,2.0441641543561384,23.799996149323988,128,25,93483,1.2599365548025065,,,
audit_sweep_ncal128,612,0.5683844657879694,0.003921637806487466,0.9,0.9596340096614187,3.3758216117465683,25.131653606714416,128,25,93636,3.501649506195787,,,
audit_sweep_ncal128,613,0.568120300696659,0.004306251655608828,0.9,0.9168430500125957,4.2929163088864595,26.04874830385431,128,25,93789,3.4948484885968782,,,
audit_sweep_ncal128,614,0.5678635110530332,0.004713304416284592,0.9,0.9563925050325502,2.6338457182194457,24.389677713187297,128,25,93942,1.4170351629387778,,,
audit_sweep_ncal128,615,0.5681635646096713,0.004259186957005667,0.9,0.87927548574376,4.96341826141537,26.71925025638322,128,25,94095,7.317124681016226,,,
audit_sweep_ncal128,616,0.5684451835669456,0.0038907533863112853,0.9,0.8962375597521872,2.158750721092987,23.914582716060835,128,25,94248,1.3211274327596916,,,
audit_sweep_ncal128,617,0.5685879312994271,0.003720514427902888,0.9,0.897719329263315,1.2340950022416102,22.98992699720946,128,25,94401,0.457422920561745,,,
audit_sweep_ncal128,618,0.5685421973429403,0.0038142865550584437,0.9,0.9087240615078278,3.7597402004318097,25.51557219539966,128,25,94554,3.1425962712172453,,,
audit_sweep_ncal128,619,0.5682584412897782,0.0042338259858890614,0.9,0.9417038491897984,2.27168627342229,24.02751826839014,128,25,94707,1.3754269838043216,,,
audit_sweep_ncal128,620,0.5681074986218909,0.004445796135789659,0.9,0.8945180400255077,4.3458082990784765,26.101640294046327,128,25,94860,3.334436099096392,,,
audit_sweep_ncal128,621,0.5682965739294946,0.004184652265955435,0.9,0.7824340024163997,4.46929971952427,26.225131714492118,128,25,95013,3.769923693318007,,,
audit_sweep_ncal128,622,0.5686900910995305,0.003647604451187836,0.9,0.8926096862187365,5.372728164891915,27.128560159859763,128,25,95166,6.9671776670501835,,,
audit_sweep_ncal128,623,0.568457678754776,0.004060641720218472,0.9,0.8982167604246264,3.2629580071134616,25.01879000208131,128,25,95319,3.6466255301300166,,,
audit_sweep_ncal128,624,0.5685534875375017,0.003859260708294454,0.9,0.9486587459868022,3.346650752644467,25.102482747612317,128,25,95472,4.171721571067705,,,
audit_sweep_ncal128,625,0.5684259328962012,0.004071744984140424,0.9,0.836743524333317,4.107030521183311,25.86286251615116,128,25,95625,2.9397216478061394,,,
audit_sweep_ncal128,626,0.5684676117116061,0.003978737987903269,0.9,0.875840806860072,2.584748636572553,24.3405806315404,128,25,95778,1.218161009889569,,,
audit_sweep_ncal128,627,0.5685641340335896,0.003814208482666337,0.9,0.8672318877693587,1.8353433245359352,23.591175319503783,128,25,95931,1.4080993699734679,,,
audit_sweep_ncal128,628,0.568481055338042,0.003910316323731622,0.9,0.9661298777612036,2.2721181158484813,24.02795011081633,128,25,96084,1.0986759349337243,,,
audit_sweep_ncal128,629,0.568599895195126,0.003686728285047902,0.9,0.908087969007948,5.9694864709232585,27.725318465891107,128,25,96237,7.550800137823852,,,
audit_sweep_ncal128,630,0.5687056547326924,0.0035260558089040828,0.9,0.8786104832095564,2.563172923767508,24.319004918735356,128,25,96390,1.1812889589878577,,,
audit_sweep_ncal128,631,0.5688351537359323,0.0034158162190878194,0.9,0.8896108505078438,2.5994729563561316,24.35530495132398,128,25,96543,1.2378189507114037,,,
audit_sweep_ncal128,632,0.568857115242504,0.0037798413860623548,0.9,0.9518307177705889,2.5436877917926233,24.299519786760474,128,25,96696,1.0105432161151564,,,
audit_sweep_ncal128,633,0.5689443108324925,0.003657346856805299,0.9,0.9096099770719177,2.94957847710869,24.70541047207654,128,25,96849,3.705451918962286,,,
audit_sweep_ncal128,634,0.569162205478889,0.003487827256805409,0.9,0.7866630355991653,3.197267050389333,24.95309904535718,128,25,97002,2.6898072528189325,,,
audit_sweep_ncal128,635,0.5693039837700088,0.003458032994460458,0.9,0.9375833834898966,2.617518695837334,24.373350690805182,128,25,97155,0.9605532792108814,,,
audit_sweep_ncal128,636,0.5693156464370267,0.0038201218325379926,0.9,0.9528286642030903,4.401494786278825,26.157326781246674,128,25,97308,3.129993928782512,,,
audit_sweep_ncal128,637,0.5693015177217469,0.003604652072358272,0.9,0.8871241528768266,2.15870029586332,23.91453229083117,128,25,97461,1.2280675095727327,,,
audit_sweep_ncal128,638,0.5693278590639401,0.0034247493711404564,0.9,0.858702760353209,2.011917898126259,23.76774989309411,128,25,97614,1.201328623925603,,,
audit_sweep_ncal128,639,0.5693858022522356,0.0033296443385796293,0.9,0.8741672517569611,2.860126840131081,24.61595883509893,128,25,97767,2.821746512019895,,,
audit_sweep_ncal128,640,0.5693401130179864,0.0029587653352043386,0.9,0.8406669474267513,6.052609146208233,27.808441141176083,128,25,97920,7.0702624190384205,,,
audit_sweep_ncal128,641,0.5691929999832893,0.003000285765312527,0.9,0.8786484355763579,2.470396555109273,24.22622855007712,128,25,98073,1.0414381887671063,,,
audit_sweep_ncal128,642,0.569300048087258,0.0031586434991505152,0.9,0.9496289809892257,3.161090823954993,24.916922818922842,128,25,98226,1.4498955120701935,,,
audit_sweep_ncal128,643,0.5692954356910643,0.003003328038483466,0.9,0.9447817432775515,4.115787636908993,25.871619631876843,128,25,98379,3.6629100703333117,,,
audit_sweep_ncal128,644,0.5693763383929324,0.0028970964833791024,0.9,0.8301240949939019,3.721790166193813,25.477622161161662,128,25,98532,3.911349930984971,,,
audit_sweep_ncal128,645,0.5692869934289908,0.0030047415525297216,0.9,0.8679763104101994,1.8023893468517325,23.558221341819582,128,25,98685,1.1516388207281751,,,
audit_sweep_ncal128,646,0.5692741789012519,0.0031396260781043628,0.9,0.9584585846378005,4.397965187789895,26.153797182757742,128,25,98838,3.869671584944942,,,
audit_sweep_ncal128,647,0.5691896094097669,0.0033064081012582625,0.9,0.8991302736440704,3.669930251666464,25.425762246634314,128,25,98991,3.338858921577219,,,
audit_sweep_ncal128,648,0.5694042378661669,0.0030323943114539675,0.9,0.9265142717663992,5.647067566881917,27.402899561849765,128,25,99144,7.518518993293827,,,
audit_sweep_ncal128,649,0.5696273263381573,0.002875694900634551,0.9,0.9062418288755602,3.607196828946682,25.363028823914533,128,25,99297,3.468520993010603,,,
audit_sweep_ncal128,650,0.5695710450523808,0.002979805711119443,0.9,0.84256887215761,6.007424337865324,27.763256332833173,128,25,99450,7.675339496504387,,,
audit_sweep_ncal128,651,0.5694461173406609,0.003097544421549303,0.9,0.8813970058433813,1.088648900663416,22.844480895631264,128,25,99603,0.3952105121039746,,,
audit_sweep_ncal128,652,0.5696103310933662,0.0027618943478900926,0.9,0.9069209929352622,3.245071418358657,25.000903413326505,128,25,99756,4.102177124868574,,,
audit_sweep_ncal128,653,0.5697233908867039,0.002919463986471582,0.9,0.917478550525881,2.1692473269573065,23.925079321925157,128,25,99909,1.4775032816732272,,,
audit_sweep_ncal128,654,0.5698198393589615,0.0027796518505244228,0.9,0.8713834876776174,4.787305290472294,26.543137285440142,128,25,100062,7.383995083291097,,,
audit_sweep_ncal128,655,0.5698450727686123,0.0027800385576564057,0.9,0.9310785057201986,2.973696756432849,24.7295287514007,128,25,100215,2.9597903382471107,,,
audit_sweep_ncal128,656,0.5696292516039034,0.00286355313055342,0.9,0.882154627617792,2.160048749080724,23.91588074404857,128,25,100368,1.2822245453692211,,,
audit_sweep_ncal128,657,0.569670162855176,0.0027866925384694152,0.9,0.9313178088570402,3.4365989767989897,25.19243097176684,128,25,100521,3.8567024146498237,,,
audit_sweep_ncal128,658,0.569790189697315,0.003482706825401638,0.9,0.9739820557877026,3.6288186334642814,25.38465062843213,128,25,100674,3.7843762180722913,,,
audit_sweep_ncal128,659,0.5695106062198769,0.0035730823965176572,0.9,0.9350530895827686,2.5342528231533454,24.290084818121194,128,25,100827,1.1860614598313861,,,
audit_sweep_ncal128,660,0.5696164649561993,0.003811847344778907,0.9,0.9182034677731149,4.4072708679019845,26.163102862869835,128,25,100980,7.4346336489511975,,,
audit_sweep_ncal128,661,0.569633673101042,0.003577019026850925,0.9,0.8976027082269833,3.5859384318878975,25.341770426855746,128,25,101133,3.1342608984308984,,,
audit_sweep_ncal128,662,0.569745736360336,0.0033249338923941885,0.9,0.867840404423283,2.0771544935434068,23.832986488511256,128,25,101286,1.3241398064733487,,,
audit_sweep_ncal128,663,0.5693919551880099,0.0035673288062515462,0.9,0.9683680055059427,1.978720637088571,23.73455263205642,128,25,101439,1.4216606593863472,,,
audit_sweep_ncal128,664,0.5694197835823542,0.0037130570337513547,0.9,0.9255446950681799,1.7963505844959142,23.552182579463764,128,25,101592,1.1495030322294237,,,
audit_sweep_ncal128,665,0.5693127256830742,0.0038386772554585002,0.9,0.8920480327913756,1.9788674323622084,23.734699427330057,128,25,101745,1.2163765109908469,,,
audit_sweep_ncal128,666,0.5693742873677113,0.0036925035726711464,0.9,0.8608547250364788,2.1862527675044627,23.942084762472312,128,25,101898,1.0199166043296144,,,
audit_sweep_ncal128,667,0.5694302085206764,0.0036833875414420403,0.9,0.9263335993312847,6.170863930118245,27.926695925086094,128,25,102051,7.867755947692432,,,
audit_sweep_ncal128,668,0.5693956218973163,0.0038212321752865153,0.9,0.8562892223971231,4.087284425004577,25.843116419972425,128,25,102204,3.6006416690968472,,,
audit_sweep_ncal128,669,0.5695278830127651,0.0036764360086678494,0.9,0.9175864478418495,2.6519863332013642,24.407818328169213,128,25,102357,0.9510870641919272,,,
audit_sweep_ncal128,670,0.5694338232998228,0.004167718857926883,0.9,0.904730549504262,2.309760344044083,24.065592339011932,128,25,102510,1.1894331617732774,,,
audit_sweep_ncal128,671,0.5693100149150692,0.004450369810497734,0.9,0.90038633832943,1.8005016507670408,23.556333645734888,128,25,102663,1.2334884910511659,,,
audit_sweep_ncal128,672,0.569572231370861,0.003991367102917587,0.9,0.8159692536330233,2.4201802188230865,24.176012213790937,128,25,102816,1.3245343831587117,,,
audit_sweep_ncal128,673,0.5695031632079732,0.004001854890065104,0.9,1.0257260026714985,4.749071609469926,26.504903604437775,128,25,102969,6.854738175712229,,,
audit_sweep_ncal128,674,0.5696199481926683,0.003507178882297346,0.9,0.8788555350358553,4.469141434924999,26.22497342989285,128,25,103122,3.490948372744968,,,
audit_sweep_ncal128,675,0.5695286851636255,0.0037742015785405814,0.9,0.944564708372828,5.96606112694559,27.72189312191344,128,25,103275,7.454940475657005,,,
audit_sweep_ncal128,676,0.5694942978220403,0.004054449307763108,0.9,0.9299970655740857,1.8386685391130053,23.594500534080854,128,25,103428,1.3047843692199834,,,
audit_sweep_ncal128,677,0.5695147626881981,0.0036559063207828313,0.9,0.8840306625856579,1.774173735284479,23.530005730252327,128,25,103581,1.62078066155408,,,
audit_sweep_ncal128,678,0.5696709413178288,0.003501801241862279,0.9,0.843252728657689,2.3747399463875514,24.1305719413554,128,25,103734,1.3322696792198683,,,
audit_sweep_ncal128,679,0.5695413285534087,0.0035685197421445602,0.9,0.8802304991270682,4.183100492973314,25.938932487941162,128,25,103887,3.818440876900024,,,
audit_sweep_ncal128,680,0.5696569054488496,0.003713469001200509,0.9,0.9079514125739504,3.5726077446146594,25.328439739582507,128,25,104040,3.72751963039069,,,
audit_sweep_ncal128,681,0.5696886712831545,0.003600111917590465,0.9,0.9035897573230471,2.880323511972812,24.63615550694066,128,25,104193,3.2643912580440033,,,
audit_sweep_ncal128,682,0.5697168941606375,0.003592728058125494,0.9,0.953121092778116,2.712963843987161,24.46879583895501,128,25,104346,1.2557302420615535,,,
audit_sweep_ncal128,683,0.569657052194485,0.003926701255387743,0.9,0.9554191214603045,2.065384031174741,23.82121602614259,128,25,104499,1.2116289108583673,,,
audit_sweep_ncal128,684,0.569718088022058,0.004131254465844392,0.9,0.9020135744130631,4.251000586441524,26.006832581409373,128,25,104652,3.571736381193925,,,
audit_sweep_ncal128,685,0.5697220467356872,0.003504568363482452,0.9,0.8729212875230172,3.205425514761248,24.961257509729098,128,25,104805,3.657244957383246,,,
audit_sweep_ncal128,686,0.5693878241169847,0.0033127829467970438,0.9,0.9663457779085812,2.1899343504503648,23.945766345418214,128,25,104958,1.4182432721316107,,,
audit_sweep_ncal128,687,0.5695664723024294,0.003290176386945065,0.9,0.8959545106055903,2.357343094727716,24.113175089695567,128,25,105111,0.963524462400615,,,
audit_sweep_ncal128,688,0.5692938775272982,0.0034828117026353134,0.9,0.9469228368927904,2.1777484749100138,23.933580469877864,128,25,105264,1.5011658077414676,,,
audit_sweep_ncal128,689,0.5690984865507305,0.00381393361263338,0.9,0.957465662017021,2.085661263572575,23.841493258540424,128,25,105417,1.1579266286031658,,,
audit_sweep_ncal128,690,0.5692700696932208,0.003530952820946731,0.9,0.872188264851498,4.028153750267422,25.78398574523527,128,25,105570,3.3527310272729,,,
audit_sweep_ncal128,691,0.5692608622122837,0.0035318956656419376,0.9,0.8956036299270578,1.9132777405569663,23.669109735524817,128,25,105723,0.9316798053914876,,,
audit_sweep_ncal128,692,0.5693341788420225,0.0034569143338193387,0.9,0.9461600167833217,3.747514658814572,25.503346653782422,128,25,105876,3.8709732096167255,,,
audit_sweep_ncal128,693,0.5693606131790974,0.003471979908149292,0.9,0.9051257397137881,2.6047584166785125,24.360590411646363,128,25,106029,1.0330426083697748,,,
audit_sweep_ncal128,694,0.5692653794841904,0.00356864515229105,0.9,0.9417158142304713,2.0443613606116964,23.800193355579545,128,25,106182,1.1503748967629457,,,
audit_sweep_ncal128,695,0.5690607485195632,0.0039057083907605428,0.9,0.9671537554808117,2.4030701052729735,24.158902100240823,128,25,106335,1.5906751422555723,,,
audit_sweep_ncal128,696,0.569111957436613,0.004028297206385423,0.9,0.955688296690344,4.20123241550216,25.95706441047001,128,25,106488,3.6889493851590553,,,
audit_sweep_ncal128,697,0.5692901024351995,0.003724310963921007,0.9,0.8288436809985542,1.7546528738824785,23.510484868850327,128,25,106641,0.7870583534592607,,,
audit_sweep_ncal128,698,0.5692860313272953,0.0037769658625310676,0.9,0.9449029489983937,2.746513494377084,24.502345489344933,128,25,106794,1.5165986398798175,,,
audit_sweep_ncal128,699,0.5692490039635879,0.00397217479993639,0.9,0.9345074839078403,2.5310013534266225,24.28683334839447,128,25,106947,1.6511259881022544,,,
audit_sweep_ncal128,700,0.5691935305319604,0.00424505902870187,0.9,0.8972668196307887,2.0169260463781606,23.77275804134601,128,25,107100,1.2135711389381034,,,
audit_sweep_ncal128,701,0.5690970809617583,0.004211101857782951,0.9,0.896191580144267,4.573143632080692,26.328975627048543,128,25,107253,3.516601851411262,,,
audit_sweep_ncal128,702,0.5689325100965184,0.004481673374698736,0.9,0.8955719336421887,6.097836540722479,27.85366853569033,128,25,107406,7.097398715733575,,,
audit_sweep_ncal128,703,0.5687871782102715,0.004724182888988793,0.9,0.9491666003264129,3.6674070616942673,25.423239056662116,128,25,107559,3.6374502917068607,,,
audit_sweep_ncal128,704,0.5687870254651608,0.004734568476331025,0.9,0.8423869297079309,2.228900252393334,23.984732247361183,128,25,107712,1.4288943802356717,,,
audit_sweep_ncal128,705,0.5685685686241193,0.0050443974515256285,0.9,0.9242817668674645,3.0832268893063763,24.839058884274227,128,25,107865,3.1825977752410726,,,
audit_sweep_ncal128,706,0.5685785809396153,0.00513869331327399,0.9,0.820120945345524,2.324784799752835,24.080616794720683,128,25,108018,1.1027237956871214,,,
audit_sweep_ncal128,707,0.5686049374565374,0.005122402894624067,0.9,0.8753681974933968,4.2515624609497475,26.0073944559176,128,25,108171,7.273358609157288,,,
audit_sweep_ncal128,708,0.5687412230192802,0.004882760934652897,0.9,0.892058025264837,3.23359260075669,24.98942459572454,128,25,108324,3.4948730519274007,,,
audit_sweep_ncal128,709,0.5685323829390013,0.005117416167130351,0.9,1.020626603654487,2.788072199094684,24.543904194062534,128,25,108477,3.6852847153770485,,,
audit_sweep_ncal128,710,0.5687668831492082,0.0047771125750681875,0.9,0.8389377810637568,3.49921254792982,25.255044542897668,128,25,108630,3.7099268585443896,,,
audit_sweep_ncal128,711,0.5687189072416272,0.004782312343231232,0.9,0.9079491238405696,4.011969302400916,25.767801297368766,128,25,108783,3.3023037343235755,,,
audit_sweep_ncal128,712,0.5686283195296475,0.004918223391988441,0.9,0.9535120350314649,5.134681992370581,26.89051398733843,128,25,108936,7.952383911808104,,,
audit_sweep_ncal128,713,0.5684322254612642,0.005243409224944817,0.9,0.9353552163796935,1.8737534312629132,23.62958542623076,128,25,109089,1.287883330108074,,,
audit_sweep_ncal128,714,0.5684924046457981,0.005110509856029677,0.9,0.9111311242816471,2.825953996599483,24.581785991567333,128,25,109242,1.1943793072387074,,,
audit_sweep_ncal128,715,0.5684172885656138,0.005162537436456005,0.9,0.952189437405958,3.303927893503318,25.059759888471167,128,25,109395,3.2030742708085413,,,
audit_sweep_ncal128,716,0.5682581024173143,0.005367773670720832,0.9,0.9734759680987061,2.2094524053650004,23.96528440033285,128,25,109548,1.0571139340854803,,,
audit_sweep_ncal128,717,0.568226020040851,0.005470626404838863,0.9,0.9220712170643601,3.7046354018866596,25.460467396854508,128,25,109701,3.7445018434313515,,,
audit_sweep_ncal128,718,0.568390414528915,0.005257111677504422,0.9,0.8078995366836664,2.553692430293569,24.30952442526142,128,25,109854,1.1073395673152384,,,
audit_sweep_ncal128,719,0.5682663313475685,0.005416724599744516,0.9,0.9389861160229583,3.100064488698301,24.85589648366615,128,25,110007,3.565878881989955,,,
audit_sweep_ncal128,720,0.5683764040355342,0.005275156761182509,0.9,0.857988401703762,1.945808151828246,23.701640146796095,128,25,110160,1.2648788294484647,,,
audit_sweep_ncal128,721,0.5683225002036241,0.00533124267764673,0.9,0.9514123699614518,3.904077339010512,25.659909333978362,128,25,110313,3.540936905394691,,,
audit_sweep_ncal128,722,0.5680686018281523,0.005737961400857694,0.9,0.9197409806877767,1.9308754887316733,23.68670748369952,128,25,110466,1.1424142448254448,,,
audit_sweep_ncal128,723,0.5682221413579139,0.005538219417680956,0.9,0.8818447749912887,2.9214609956062305,24.67729299057408,128,25,110619,1.3800179443581715,,,
audit_sweep_ncal128,724,0.5679039482258581,0.006029002754953439,0.9,0.9372847464899865,2.415398556187732,24.17123055115558,128,25,110772,1.3605845135233956,,,
audit_sweep_ncal128,725,0.5678339368124937,0.006118755985458857,0.9,0.8516744175444391,2.5673903917771965,24.323222386745044,128,25,110925,0.8770829881118426,,,
audit_sweep_ncal128,726,0.5678594856081502,0.005997382873981882,0.9,0.9266397363432505,2.050193529958361,23.80602552492621,128,25,111078,1.3049129330121794,,,
audit_sweep_ncal128,727,0.5677033350204207,0.006261968773284776,0.9,0.9683657380078701,2.2743476861211933,24.03017968108904,128,25,111231,1.2407135631924069,,,
audit_sweep_ncal128,728,0.5678539258542044,0.006043371732488034,0.9,0.9262478983643443,3.3692582216148543,25.125090216582702,128,25,111384,3.9280995204730993,,,
audit_sweep_ncal128,729,0.567692217712251,0.0062903292922130705,0.9,0.967147920312512,3.510642163465707,25.266474158433557,128,25,111537,3.5225347707295747,,,
audit_sweep_ncal128,730,0.5678143473014208,0.006073298624485468,0.9,0.8192442959701602,2.555804349551032,24.31163634451888,128,25,111690,1.123817215414734,,,
audit_sweep_ncal128,731,0.5678718434129304,0.005806766215532222,0.9,0.9457702989097732,3.9689869903073225,25.72481898527517,128,25,111843,3.5857084397801344,,,
audit_sweep_ncal128,732,0.5681203329716357,0.005419957550243049,0.9,0.8936480193873647,8.04988786428444,29.80571985925229,128,25,111996,17.64038835384884,,,
audit_sweep_ncal128,733,0.568233044200359,0.005187312874831207,0.9,0.8326768836780778,2.700180177834506,24.456012172802353,128,25,112149,1.5790607232051639,,,
audit_sweep_ncal128,734,0.5681219876220837,0.00535183155072938,0.9,0.9196421663740217,1.7436300409284813,23.49946203589633,128,25,112302,0.9961036830678861,,,
audit_sweep_ncal128,735,0.5682931651899878,0.005083593837398537,0.9,0.9288647208599486,3.7606670149748718,25.51649900994272,128,25,112455,4.058543123770183,,,
audit_sweep_ncal128,736,0.5681558520599096,0.005341861042900686,0.9,0.8745971157365833,5.361555955641561,27.11738795060941,128,25,112608,6.265073501022019,,,
audit_sweep_ncal128,737,0.5681424290995585,0.005365554213933588,0.9,0.9370807980192141,2.1514865964375196,23.907318591405367,128,25,112761,1.3097657633774744,,,
audit_sweep_ncal128,738,0.5681692741097849,0.005620113628440837,0.9,0.9057495354048526,3.2228005083704936,24.978632503338343,128,25,112914,3.4745971530796598,,,
audit_sweep_ncal128,739,0.5680721046198081,0.005602403106149567,0.9,0.8713250348939502,4.137144065141918,25.892976060109767,128,25,113067,3.78322668977948,,,
audit_sweep_ncal128,740,0.568266529560489,0.005687521449000088,0.9,0.9014715177643359,2.905092778547187,24.660924773515035,128,25,113220,3.2314654519776425,,,
audit_sweep_ncal128,741,0.5680289343059743,0.005629048805429582,0.9,0.9049541978754956,2.143184533331487,23.899016528299335,128,25,113373,1.3593749253359002,,,
audit_sweep_ncal128,742,0.568206451961183,0.005329782750450485,0.9,0.8898756195010799,3.086807319642268,24.842639314610118,128,25,113526,3.244136163059939,,,
audit_sweep_ncal128,743,0.5682450866202863,0.005140060349419717,0.9,0.888996646352902,3.699830912612542,25.45566290758039,128,25,113679,3.3006810285284875,,,
audit_sweep_ncal128,744,0.5682716526135385,0.005141510411750816,0.9,0.9193890800676531,2.6726985940059658,24.428530588973814,128,25,113832,1.3279383292089928,,,
audit_sweep_ncal128,745,0.5681406723021469,0.0053289497452572165,0.9,0.9300783689323487,4.479644928643132,26.23547692361098,128,25,113985,3.433474629796604,,,
audit_sweep_ncal128,746,0.5680910380263368,0.0054335798657655365,0.9,0.9084870330375956,2.1812743965483534,23.937106391516203,128,25,114138,1.1550067848164418,,,
audit_sweep_ncal128,747,0.568171970915182,0.005397058215857897,0.9,0.9004148529307198,2.063032140383879,23.818864135351728,128,25,114291,1.214829123586281,,,
audit_sweep_ncal128,748,0.5681490378920178,0.005410677314581447,0.9,0.928352392503297,3.953575986678848,25.7094079816467,128,25,114444,3.9150961501047292,,,
audit_sweep_ncal128,749,0.5682299950073258,0.005201200081445534,0.9,0.89248186096083,2.4905315045146352,24.246363499482484,128,25,114597,1.2704240926777088,,,
audit_sweep_ncal128,750,0.5683347049811659,0.005050982915633329,0.9,0.868668439656686,5.466104560397111,27.22193655536496,128,25,114750,7.247623776335965,,,
audit_sweep_ncal128,751,0.5680590415115423,0.005488497076087451,0.9,0.9543874927190766,1.9938004982920328,23.74963249325988,128,25,114903,1.1755622366501912,,,
audit_sweep_ncal128,752,0.5680167696233931,0.005583069534755181,0.9,0.93185550816041,2.7687871345691546,24.524619129537005,128,25,115056,1.0599345671634228,,,
audit_sweep_ncal128,753,0.5678370135166019,0.00588514698599496,0.9,0.8755839775228912,0.9836472195821521,22.739479214550002,128,25,115209,0.40835663076974227,,,
audit_sweep_ncal128,754,0.5679406148850672,0.005741798882174409,0.9,0.845784444798311,4.885708078910087,26.641540073877934,128,25,115362,7.484873729548912,,,
audit_sweep_ncal128,755,0.5680963837119096,0.005411564412928338,0.9,0.9259199944720481,2.6817085694489333,24.437540564416782,128,25,115515,1.291500168909693,,,
audit_sweep_ncal128,756,0.5683079006635101,0.005325754372659919,0.9,0.9180241737148304,1.9921974997162524,23.7480294946841,128,25,115668,1.2266898364944825,,,
audit_sweep_ncal128,757,0.5685040077722413,0.005514267137994189,0.9,0.8763901459073838,3.372550044219147,25.128382039186995,128,25,115821,3.2096326527587893,,,
audit_sweep_ncal128,758,0.5684111195188684,0.0053943555801527765,0.9,0.9366006289236332,4.264864389851966,26.020696384819814,128,25,115974,3.43997516760311,,,
audit_sweep_ncal128,759,0.5685332290694977,0.005516493967873348,0.9,0.9329461556662351,5.501348043637344,27.257180038605192,128,25,116127,6.736949712275655,,,
audit_sweep_ncal128,760,0.5687875033206461,0.0052496714761323116,0.9,0.8534496563345647,3.6966902265113366,25.452522221479185,128,25,116280,3.9374202179388713,,,
audit_sweep_ncal128,761,0.5690590372558523,0.004913014513402092,0.9,0.8900341062979541,1.9247815773449655,23.680613572312815,128,25,116433,1.4707490325665917,,,
audit_sweep_ncal128,762,0.5686952401334461,0.004847718819164681,0.9,0.9177798454011715,3.779921517708842,25.535753512676692,128,25,116586,2.863503064981223,,,
audit_sweep_ncal128,763,0.5686929583039447,0.004390739436199942,0.9,0.8158164055131293,3.7982141201091877,25.554046115077035,128,25,116739,3.4606874061428736,,,
audit_sweep_ncal128,764,0.5687121966877151,0.004480266639441122,0.9,0.9178662216828731,4.237779233069516,25.993611228037366,128,25,116892,3.5889976582940006,,,
audit_sweep_ncal128,765,0.5687135890811897,0.004286778176101458,0.9,0.8466102286593432,4.374323739344856,26.130155734312705,128,25,117045,3.3064595691813627,,,
audit_sweep_ncal128,766,0.5688631487713003,0.004671594073642926,0.9,0.9222689936766033,2.09875615980533,23.85458815477318,128,25,117198,1.514984284706858,,,
audit_sweep_ncal128,767,0.5690472334475158,0.004961326018457002,0.9,0.9039512919062163,2.3599408785365226,24.115772873504373,128,25,117351,1.4094967918197356,,,
audit_sweep_ncal128,768,0.5692014710187874,0.004729125802464984,0.9,0.9113999084620095,4.181080658699551,25.9369126536674,128,25,117504,3.462496671564911,,,
audit_sweep_ncal128,769,0.5692805006598594,0.005171021556743094,0.9,0.8689929910643209,5.137208167897695,26.893040162865546,128,25,117657,6.5006530019020445,,,
audit_sweep_ncal128,770,0.5693767017234976,0.005377733619582492,0.9,0.9506046634304862,3.720929838027214,25.476761832995063,128,25,117810,3.2348655822431116,,,
audit_sweep_ncal128,771,0.5692887491005978,0.005714502244758113,0.9,0.9360207462682223,2.9130781703950666,24.668910165362917,128,25,117963,3.3431811289363984,,,
audit_sweep_ncal128,772,0.5691074566654293,0.005493190671305159,0.9,0.8918377550437318,1.9439345813098656,23.699766576277714,128,25,118116,1.2850295547455484,,,
audit_sweep_ncal128,773,0.5692695972339057,0.005689810243175719,0.9,0.8790325659673923,3.4979698772834995,25.253801872251348,128,25,118269,3.564563469095846,,,
audit_sweep_ncal128,774,0.5694545358456371,0.005831033518890805,0.9,0.8855693760893455,2.6802528379010906,24.43608483286894,128,25,118422,1.3260607992432263,,,
audit_sweep_ncal128,775,0.5695580376597615,0.005375433737827895,0.9,0.9057711862260984,1.997945064666054,23.753777059633904,128,25,118575,1.2804085789995125,,,
audit_sweep_ncal128,776,0.5695756229807168,0.005694877358409234,0.9,0.8885967488987593,3.680492403130424,25.43632439809827,128,25,118728,3.131792428768064,,,
audit_sweep_ncal128,777,0.5696343265533291,0.005965345884446749,0.9,0.9354139184317206,3.7332550139585243,25.489087008926372,128,25,118881,3.2230791611837066,,,
audit_sweep_ncal128,778,0.5695645738744536,0.005854621786669845,0.9,0.9696056159120133,1.9237246227316669,23.679556617699514,128,25,119034,1.0863852340746796,,,
audit_sweep_ncal128,779,0.5695356176940803,0.005508001331602785,0.9,0.8808596622655466,2.517010702291119,24.27284269725897,128,25,119187,1.2417703902320816,,,
audit_sweep_ncal128,780,0.5695203601167631,0.005419534114121105,0.9,0.8868210555742212,2.652292905070718,24.408124900038565,128,25,119340,1.301367405769636,,,
audit_sweep_ncal128,781,0.5696120809379933,0.005608947571478562,0.9,0.943963830082017,5.337488579579831,27.09332057454768,128,25,119493,7.592384943843982,,,
audit_sweep_ncal128,782,0.5696861722713299,0.005890969223678932,0.9,0.8699682229426592,5.656821581225541,27.412653576193392,128,25,119646,7.456898195241445,,,
audit_sweep_ncal128,783,0.5697564534493308,0.006034872218201981,0.9,0.9085683405327528,4.138932648891077,25.894764643858927,128,25,119799,3.34857486292374,,,
audit_sweep_ncal128,784,0.5698948657561693,0.006187072111211833,0.9,0.902445844197332,2.629888709759214,24.385720704727063,128,25,119952,1.1482626444233754,,,
audit_sweep_ncal128,785,0.5696515418172768,0.006135912196928661,0.9,0.9185077148578352,3.9382346880973373,25.694066683065188,128,25,120105,3.7442250958007346,,,
audit_sweep_ncal128,786,0.5694907853446939,0.006425517448212847,0.9,0.9151013011243355,2.106442475675415,23.862274470643264,128,25,120258,1.301090133455531,,,
audit_sweep_ncal128,787,0.5695482791743091,0.005798143431703595,0.9,0.8358277678704185,3.3855359500452495,25.141367945013098,128,25,120411,4.010907663584755,,,
audit_sweep_ncal128,788,0.5697084171364416,0.00578154653914198,0.9,0.9188530555936413,3.0176528448087283,24.77348483977658,128,25,120564,3.836813942427358,,,
audit_sweep_ncal128,789,0.5695594539194248,0.0056414587791308035,0.9,0.8433174833877944,4.810758894768743,26.56659088973659,128,25,120717,6.29548473766314,,,
audit_sweep_ncal128,790,0.5693470215454871,0.005556768594333739,0.9,0.8403231656622487,3.3855866600962585,25.141418655064108,128,25,120870,4.1802168455967506,,,
audit_sweep_ncal128,791,0.5693239597958932,0.005375359939487345,0.9,0.8320500091826444,3.6952588714348735,25.451090866402723,128,25,121023,3.5267098638244083,,,
audit_sweep_ncal128,792,0.5694954215778512,0.005214248954618417,0.9,0.8604823086160134,2.355822110125362,24.111654105093212,128,25,121176,1.1408564619245052,,,
audit_sweep_ncal128,793,0.5695727595023058,0.005095200171577496,0.9,0.9127381407599343,4.129381027742085,25.885213022709934,128,25,121329,3.7989064653117905,,,
audit_sweep_ncal128,794,0.5697299750831584,0.005066996314053607,0.9,0.8829771253046457,3.8064854639675665,25.562317458935414,128,25,121482,2.821154288348478,,,
audit_sweep_ncal128,795,0.5699104549768498,0.004951071630133863,0.9,0.8805387596243585,2.734411208822973,24.490243203790822,128,25,121635,2.9162765371767954,,,
audit_sweep_ncal128,796,0.5702106700778711,0.004876889911985538,0.9,0.8856599572647477,2.8697210097785235,24.625553004746372,128,25,121788,3.279024514407987,,,
audit_sweep_ncal128,797,0.570052346000846,0.004677202931444691,0.9,0.9321084474696341,2.0500091384015033,23.805841133369352,128,25,121941,1.2701687476452133,,,
audit_sweep_ncal128,798,0.5700794474988078,0.004661888211660581,0.9,0.86633097632579,3.1631372825161446,24.918969277483995,128,25,122094,3.2569963931240613,,,
audit_sweep_ncal128,799,0.5700357206349006,0.004517629532874268,0.9,0.8780727740122918,2.2645954268312685,24.020427421799116,128,25,122247,1.1918746888130227,,,
audit_sweep_ncal128,800,0.5701962059012121,0.004559602274854524,0.9,0.8568326445055057,2.601656367487116,24.357488362454966,128,25,122400,3.5748355986066085,,,
audit_sweep_ncal128,801,0.570118429423571,0.004363045214075045,0.9,0.8998313630370369,2.4900401856814476,24.245872180649297,128,25,122553,1.153172944341455,,,
audit_sweep_ncal128,802,0.570281603665609,0.003913818498709087,0.9,0.8562105321092717,2.5544821531909028,24.310314148158753,128,25,122706,1.245667263255191,,,
audit_sweep_ncal128,803,0.569934599916287,0.004376656897115971,0.9,1.0160910690952998,2.3149298820090776,24.070761876976928,128,25,122859,0.9416517851891817,,,
audit_sweep_ncal128,804,0.5699583602565464,0.0041498276035245585,0.9,0.8528340563658989,6.0926410321644395,27.84847302713229,128,25,123012,7.217340274317048,,,
audit_sweep_ncal128,805,0.5697932220049634,0.003943434114238031,0.9,0.8648495092571294,3.6888609399374728,25.444692934905323,128,25,123165,3.623741363517224,,,
audit_sweep_ncal128,806,0.5698848654053437,0.003936020516948413,0.9,0.898269478691697,2.749389628637108,24.505221623604957,128,25,123318,1.2725384767141494,,,
audit_sweep_ncal128,807,0.5701668638396244,0.0038899332669654063,0.9,0.910376796211154,5.269109337397245,27.024941332365096,128,25,123471,6.639527012050284,,,
audit_sweep_ncal128,808,0.5699374502435761,0.004287688041113569,0.9,0.9970788913559093,2.0482452978505097,23.80407729281836,128,25,123624,1.3576238677824932,,,
audit_sweep_ncal128,809,0.5698393579608324,0.0044779574989857185,0.9,0.9411888745847496,4.0274216586674285,25.783253653635278,128,25,123777,3.542179935425814,,,
audit_sweep_ncal128,810,0.5697799710930493,0.004442183681063527,0.9,0.8953372810914945,2.571489061871577,24.327321056839427,128,25,123930,1.3873209510036135,,,
audit_sweep_ncal128,811,0.5698519310045929,0.0049078128608164295,0.9,0.9658802805485327,3.7985358513886296,25.554367846356477,128,25,124083,3.5351027087905935,,,
audit_sweep_ncal128,812,0.5697345002988191,0.005040903462317448,0.9,0.8720868031055402,2.484046992130816,24.239878987098663,128,25,124236,1.2001472195376361,,,
audit_sweep_ncal128,813,0.5695177368950717,0.004755613173083262,0.9,0.9112799842685759,4.066526502225713,25.822358497193562,128,25,124389,3.7582455046512897,,,
audit_sweep_ncal128,814,0.56938621585611,0.004552308621939671,0.9,0.8180818215156276,2.166621116171445,23.922453111139294,128,25,124542,1.5042534094409548,,,
audit_sweep_ncal128,815,0.5692541515945267,0.004944701461013223,0.9,0.9621750192375496,2.099214900599123,23.85504689556697,128,25,124695,1.2673896812984324,,,
audit_sweep_ncal128,816,0.5694332737544885,0.0052181012469473265,0.9,1.0085202496155778,3.9934595976181706,25.74929159258602,128,25,124848,3.284395038489789,,,
audit_sweep_ncal128,817,0.5694711248442829,0.005403752165035081,0.9,0.9690423138526605,3.693345578747549,25.4491775737154,128,25,125001,3.832837523782554,,,
audit_sweep_ncal128,818,0.5695711426076124,0.00568679982681819,0.9,0.888482155104997,2.2252322070678123,23.98106420203566,128,25,125154,1.1531156885900016,,,
audit_sweep_ncal128,819,0.5696938454038486,0.005182957775289765,0.9,0.8423698203143196,3.6564591177089487,25.412291112676797,128,25,125307,4.450824122428687,,,
audit_sweep_ncal128,820,0.5698067320833955,0.005169863954891163,0.9,0.8354118324827895,2.3244672655231344,24.080299260490982,128,25,125460,1.0553848810350333,,,
audit_sweep_ncal128,821,0.5698006915636133,0.005353117761569104,0.9,0.9393286754456716,3.652146723958193,25.407978718926042,128,25,125613,4.133293739479414,,,
audit_sweep_ncal128,822,0.5698625797720082,0.005631432843399509,0.9,0.8368177098049511,2.4969731318826227,24.252805126850472,128,25,125766,1.4775288041087276,,,
audit_sweep_ncal128,823,0.5699943439354764,0.005726714842906544,0.9,0.8758271999004333,2.5727831541332304,24.32861514910108,128,25,125919,1.3131392379102675,,,
audit_sweep_ncal128,824,0.5698657630962866,0.005775291957648587,0.9,0.9672947147046539,3.6721878850127188,25.428019879980567,128,25,126072,3.3247195620865027,,,
audit_sweep_ncal128,825,0.5698302866917945,0.0055032411563123995,0.9,0.9093310164621062,3.212708145574521,24.96854014054237,128,25,126225,3.238579847503928,,,
audit_sweep_ncal128,826,0.5697122021891529,0.005737173254519279,0.9,0.9094412753808411,3.4790256546108016,25.23485764957865,128,25,126378,3.3716529361993715,,,
audit_sweep_ncal128,827,0.5694122605458681,0.005746343430328427,0.9,0.941813351755752,2.889239872617964,24.645071867585813,128,25,126531,3.9018289735315737,,,
audit_sweep_ncal128,828,0.5694944952923299,0.0059928318754595145,0.9,0.9478745947274064,3.14272423442544,24.89855622939329,128,25,126684,3.323725177586133,,,
audit_sweep_ncal128,829,0.569543990213997,0.00623989627277266,0.9,0.8830783057818715,3.9858724996576886,25.741704494625537,128,25,126837,3.6757781813291475,,,
audit_sweep_ncal128,830,0.5696658197257973,0.00617955394441172,0.9,0.8265652946681881,2.285779722543858,24.041611717511707,128,25,126990,1.2528289221656788,,,
audit_sweep_ncal128,831,0.5696210491353508,0.006315151735015623,0.9,0.9242194221297428,2.7653611652660612,24.52119316023391,128,25,127143,3.6395073367423043,,,
audit_sweep_ncal128,832,0.5697481899833929,0.006263835459039968,0.9,0.8903208666923386,4.010701853892051,25.7665338488599,128,25,127296,3.1063238806074605,,,
audit_sweep_ncal128,833,0.5696258105926325,0.006300082568005405,0.9,0.9687319975360165,2.5916492726178957,24.347481267585746,128,25,127449,1.1576566646293416,,,
audit_sweep_ncal128,834,0.5693594652048265,0.006462933944479277,0.9,0.9023452984630321,4.052307689451983,25.80813968441983,128,25,127602,3.27176960250677,,,
audit_sweep_ncal128,835,0.569340678759405,0.006827134779980315,0.9,0.9233901200066066,2.1185141768399762,23.874346171807826,128,25,127755,1.3234643508441084,,,
audit_sweep_ncal128,836,0.5693229167833705,0.006617938430967252,0.9,0.8651286780222155,2.1755037705645894,23.931335765532438,128,25,127908,1.2580410506290163,,,
audit_sweep_ncal128,837,0.5693428399382118,0.006763069463740612,0.9,0.9110119399144861,4.553096667630539,26.30892866259839,128,25,128061,3.937834427350366,,,
audit_sweep_ncal128,838,0.5693979766870308,0.006578727918884031,0.9,0.979041177239401,1.7791128002104168,23.534944795178266,128,25,128214,1.2909220494838458,,,
audit_sweep_ncal128,839,0.5693775132654534,0.006524272161966493,0.9,0.8970081118322593,3.700704848519275,25.456536843487125,128,25,128367,3.873072779198393,,,
audit_sweep_ncal128,840,0.569293434799456,0.006683749963916963,0.9,0.931413408309735,3.565482772016787,25.321314766984635,128,25,128520,3.508493620501464,,,
audit_sweep_ncal128,841,0.5693889202989232,0.007099210742291584,0.9,0.9213001678627952,1.98993935371888,23.74577134868673,128,25,128673,1.1069493535186565,,,
audit_sweep_ncal128,842,0.5693272600438207,0.007422132254151115,0.9,0.9248282165434866,5.2009975244060005,26.956829519373848,128,25,128826,6.997243788863889,,,
audit_sweep_ncal128,843,0.5693106071809162,0.007297711050021527,0.9,0.8690083186226001,2.3290805099112175,24.084912504879068,128,25,128979,0.953286744657122,,,
audit_sweep_ncal128,844,0.5693606612650209,0.007015378223526603,0.9,0.9020408153506123,2.1554203303339916,23.91125232530184,128,25,129132,1.066526532242352,,,
audit_sweep_ncal128,845,0.5692799032098447,0.007021677529297943,0.9,0.9024196151172753,2.0865281610380326,23.84236015600588,128,25,129285,1.1212619886861173,,,
audit_sweep_ncal128,846,0.5694416554368845,0.006853177666325649,0.9,0.8349483820740113,2.4533505097544133,24.209182504722264,128,25,129438,1.206942587753295,,,
audit_sweep_ncal128,847,0.5696879076359063,0.006568526820159182,0.9,0.8246122996484901,3.7728490132801604,25.52868100824801,128,25,129591,3.412459014463979,,,
audit_sweep_ncal128,848,0.5694869681537997,0.0066131758136530605,0.9,0.9198909576818257,1.9986713719000324,23.75450336686788,128,25,129744,1.1445792218897137,,,
audit_sweep_ncal128,849,0.5694299649066101,0.00653882412889184,0.9,0.9414756319395529,2.7711403920168,24.52697238698465,128,25,129897,3.5033546722310525,,,
audit_sweep_ncal128,850,0.5695878169709111,0.00688922009284032,0.9,0.9150281674089729,5.36334095811364,27.11917295308149,128,25,130050,7.01017847657776,,,
audit_sweep_ncal128,851,0.5698034964564279,0.007421848705726486,0.9,0.9142042905420559,2.201278924519895,23.957110919487743,128,25,130203,1.1756827154483365,,,
audit_sweep_ncal128,852,0.5698807059292057,0.007773168785064399,0.9,0.9052690606358567,2.6461578463797992,24.40198984134765,128,25,130356,3.605716849250985,,,
audit_sweep_ncal128,853,0.5701772082346368,0.007936835436025413,0.9,0.8945067384243333,2.5538002366076937,24.30963223157554,128,25,130509,1.2374508144692238,,,
audit_sweep_ncal128,854,0.5701602538373053,0.008064325228059777,0.9,0.9509986576908135,3.0363071953685368,24.792139190336385,128,25,130662,1.4520000564860036,,,
audit_sweep_ncal128,855,0.5698806842656642,0.00801474564187854,0.9,0.9683968108239934,4.185549887294598,25.941381882262448,128,25,130815,3.3308718237877484,,,
audit_sweep_ncal128,856,0.5698418520691646,0.007702010952910121,0.9,0.8430138600199804,4.57644925722989,26.33228125219774,128,25,130968,7.455674018890846,,,
audit_sweep_ncal128,857,0.5694709770810553,0.007391904129223303,0.9,0.9002216439223146,2.5685856921706303,24.324417687138478,128,25,131121,1.2651440459772347,,,
audit_sweep_ncal128,858,0.569335133485853,0.006751029598964675,0.9,0.8256637435512769,3.016716550316087,24.772548545283936,128,25,131274,1.5954238609344433,,,
audit_sweep_ncal128,859,0.5694149307880859,0.007009532783089356,0.9,0.9781377073720081,1.328919688324059,23.08475168329191,128,25,131427,0.4665205052919658,,,
audit_sweep_ncal128,860,0.569628088967096,0.006960379479413303,0.9,0.895310487610477,3.8583148386957493,25.614146833663597,128,25,131580,3.2932756889951285,,,
audit_sweep_ncal128,861,0.5699083742288207,0.0070592744774513605,0.9,0.8805028470557321,1.8620786899826387,23.617910684950488,128,25,131733,0.9513360009158485,,,
audit_sweep_ncal128,862,0.5700164189818325,0.007012602976016025,0.9,0.8918061934039268,1.8421727253903,23.598004720358148,128,25,131886,1.2580952238942085,,,
audit_sweep_ncal128,863,0.5701460067050513,0.006952997785819148,0.9,0.9197630743418705,3.431675434066972,25.18750742903482,128,25,132039,3.0214150390222363,,,
audit_sweep_ncal128,864,0.570091289113076,0.0069585810944647886,0.9,0.9145264879995958,3.791328141525496,25.547160136493346,128,25,132192,3.8091067313489066,,,
audit_sweep_ncal128,865,0.5701351356519332,0.006703316771260681,0.9,0.8651977465991131,2.6749718846105197,24.43080387957837,128,25,132345,3.1910430786232666,,,
audit_sweep_ncal128,866,0.570103900668033,0.006550300815670318,0.9,0.8564374040365325,3.018393102895019,24.774225097862868,128,25,132498,1.0228832281583837,,,
audit_sweep_ncal128,867,0.569926027999811,0.006893403685952815,0.9,0.9391314905488465,2.5873307547759965,24.343162749743847,128,25,132651,1.4370885538380418,,,
audit_sweep_ncal128,868,0.5699534724464198,0.0070038413865957105,0.9,0.9288496780280896,1.8061688556012174,23.562000850569067,128,25,132804,1.3172792293433284,,,
audit_sweep_ncal128,869,0.570068797450193,0.006578371704525465,0.9,0.9099681947275724,2.8085815583947964,24.564413553362645,128,25,132957,1.4117527956398732,,,
audit_sweep_ncal128,870,0.5704297079733875,0.006729565964792794,0.9,0.8510348856598816,2.8656209173732963,24.621452912341145,128,25,133110,1.1807569171258376,,,
audit_sweep_ncal128,871,0.5703576741866863,0.006611004991095792,0.9,0.9392593122683703,2.3929056125296615,24.14873760749751,128,25,133263,1.2857577307557657,,,
audit_sweep_ncal128,872,0.5707089962935722,0.0065895291618734975,0.9,0.8199880991764978,2.101003107897457,23.856835102865308,128,25,133416,1.1364906841864821,,,
audit_sweep_ncal128,873,0.5705435012910227,0.006080660590951692,0.9,0.8573446295875247,5.73178719314286,27.48761918811071,128,25,133569,7.022380958976694,,,
audit_sweep_ncal128,874,0.5706367804498186,0.005670560076799558,0.9,0.8660785828161305,3.029737583194368,24.785569578162217,128,25,133722,3.2196034711748616,,,
audit_sweep_ncal128,875,0.570659584327666,0.005788472173096082,0.9,0.8304137075872422,2.9538223541224693,24.709654349090318,128,25,133875,1.5310080682861382,,,
audit_sweep_ncal128,876,0.570749037333388,0.0057890117634114,0.9,0.9109824857604583,4.31852629745858,26.074358292426428,128,25,134028,3.881487444344855,,,
audit_sweep_ncal128,877,0.5707664504264652,0.005897242868809771,0.9,0.9109988267580901,3.686271363674374,25.44210335864222,128,25,134181,3.5858258191512555,,,
audit_sweep_ncal128,878,0.5709075634150089,0.006201659967991047,0.9,0.830509018674163,0.9983960178133904,22.75422801278124,128,25,134334,0.42701233060996685,,,
audit_sweep_ncal128,879,0.5708222905725128,0.005916362898927163,0.9,0.8429897868012993,1.9755766776857424,23.731408672653593,128,25,134487,1.3638374451126845,,,
audit_sweep_ncal128,880,0.5707222552130349,0.0060105805299657256,0.9,0.8905819382453849,2.6481063067415342,24.403938301709385,128,25,134640,1.117652143663023,,,
audit_sweep_ncal128,881,0.5705886086568838,0.006141251201157272,0.9,0.9773195632022389,3.676631461685167,25.432463456653018,128,25,134793,3.5386721071892207,,,
audit_sweep_ncal128,882,0.5704183933376665,0.006004521392934392,0.9,0.9250649907290485,2.196700164237923,23.952532159205774,128,25,134946,1.2040624478225266,,,
audit_sweep_ncal128,883,0.5703376373231699,0.005984432810579365,0.9,0.9839526945380522,2.7760079529075306,24.53183994787538,128,25,135099,1.4674749175796353,,,
audit_sweep_ncal128,884,0.5704661126683067,0.0064316593521959176,0.9,0.8910555683948755,2.240960844439941,23.99679283940779,128,25,135252,1.4462058649645144,,,
audit_sweep_ncal128,885,0.5702571187414819,0.006464988552531414,0.9,0.968587063426938,2.2513348052574482,24.0071668002253,128,25,135405,1.674574871413872,,,
audit_sweep_ncal128,886,0.5699932591023259,0.006598882044807852,0.9,0.9485930890612505,3.223440946043108,24.979272941010958,128,25,135558,2.635156399586501,,,
audit_sweep_ncal128,887,0.5700873833443709,0.006149014428748156,0.9,0.8656186403101341,2.554022272203734,24.309854267171584,128,25,135711,0.9362547990401439,,,
audit_sweep_ncal128,888,0.5699794464055398,0.005701639786394153,0.9,0.8393675813580407,3.760935071290817,25.516767066258666,128,25,135864,3.207517328439781,,,
audit_sweep_ncal128,889,0.569856787548806,0.005605220096105978,0.9,0.9764331046243165,3.825393481838735,25.581225476806583,128,25,136017,3.4105138000320494,,,
audit_sweep_ncal128,890,0.569929304466493,0.005864406824187429,0.9,0.9988134018368031,4.0564257984042245,25.812257793372073,128,25,136170,4.125167887901739,,,
audit_sweep_ncal128,891,0.5698702144769097,0.006173202849329207,0.9,0.94160878196295,2.1688693737854896,23.92470136875334,128,25,136323,0.8958729243023773,,,
audit_sweep_ncal128,892,0.5700304762053643,0.0063090727693161375,0.9,0.8550850173629482,3.498057688873228,25.253889683841077,128,25,136476,3.3719666117412737,,,
audit_sweep_ncal128,893,0.5698148081127956,0.006069592735972851,0.9,0.8591545523465022,2.167488468429418,23.923320463397268,128,25,136629,1.299296794946844,,,
audit_sweep_ncal128,894,0.5699740352451605,0.005943035643148686,0.9,0.8909874681456955,1.8756141383090787,23.631446133276928,128,25,136782,0.9625736947934046,,,
audit_sweep_ncal128,895,0.5699844091477725,0.006128140538403826,0.9,0.9131478081358347,2.2140553890273122,23.96988738399516,128,25,136935,1.1895040697702204,,,
audit_sweep_ncal128,896,0.5699305623581343,0.005856725798256357,0.9,0.8881146042222527,2.6484273169444394,24.404259311912288,128,25,137088,1.206577374512354,,,
audit_sweep_ncal128,897,0.5697193130992109,0.005241804210407763,0.9,0.8734814177509239,1.999707996384404,23.755539991352254,128,25,137241,1.0642213447019877,,,
audit_sweep_ncal128,898,0.5695709716191062,0.005129439938626912,0.9,0.9231830639905104,2.852673612469736,24.608505607437586,128,25,137394,1.306205584336596,,,
audit_sweep_ncal128,899,0.5696512381594234,0.005643656942186492,0.9,0.9241764683041813,5.161305599522311,26.91713759449016,128,25,137547,8.108231359724032,,,
audit_sweep_ncal128,900,0.5699697219733607,0.005473292171550348,0.9,0.8579449471841551,1.8977607112251071,23.653592706192956,128,25,137700,1.1949874777879212,,,
audit_sweep_ncal128,901,0.569853320380518,0.005476282003426314,0.9,0.9395512134864026,3.600069214830028,25.355901209797878,128,25,137853,3.4505125925280002,,,
audit_sweep_ncal128,902,0.569995235881944,0.005132870642935439,0.9,0.8972439762983584,2.5612399802646846,24.317071975232533,128,25,138006,1.446170687438259,,,
audit_sweep_ncal128,903,0.5699437055011364,0.0052265560713706805,0.9,0.9831750075071614,4.932180698210231,26.68801269317808,128,25,138159,6.328505630609622,,,
audit_sweep_ncal128,904,0.570002514546899,0.005076703811734862,0.9,0.9041251106460154,2.891457588670847,24.647289583638695,128,25,138312,3.6177802968372417,,,
audit_sweep_ncal128,905,0.5699140615115642,0.005243864846129598,0.9,0.9471224986001082,5.88573868751301,27.64157068248086,128,25,138465,6.614137931564076,,,
audit_sweep_ncal128,906,0.5699381897675523,0.005188104560325035,0.9,0.909795654071189,2.29761672706686,24.05344872203471,128,25,138618,1.2358687543171218,,,
audit_sweep_ncal128,907,0.5696378422371614,0.005171641608331834,0.9,0.9297206165110226,1.9704947959738637,23.726326790941712,128,25,138771,1.414721298936523,,,
audit_sweep_ncal128,908,0.569570947679393,0.005083218441523041,0.9,0.9776811273570285,6.8785129092125805,28.63434490418043,128,25,138924,12.192548007097278,,,
audit_sweep_ncal128,909,0.5696317150920812,0.005784028204737668,0.9,0.9144854311705501,3.5943543995058174,25.350186394473667,128,25,139077,3.342808759334301,,,
audit_sweep_ncal128,910,0.5697030568163495,0.005908521185804427,0.9,0.9484964321147565,2.553402171439491,24.30923416640734,128,25,139230,3.5419074307394927,,,
audit_sweep_ncal128,911,0.5696216573554521,0.006074644110731109,0.9,0.9686584235200542,2.1537245911648646,23.909556586132712,128,25,139383,1.0484450708854471,,,
audit_sweep_ncal128,912,0.5695825050531474,0.0060305995830823855,0.9,0.8307532962738331,5.752111474250914,27.507943469218763,128,25,139536,7.541111557378474,,,
audit_sweep_ncal128,913,0.5694231937035469,0.006052140294282804,0.9,0.8999263263934235,3.1504988724553264,24.906330867423176,128,25,139689,3.4827691323463106,,,
audit_sweep_ncal128,914,0.5693368236033128,0.005938164982222549,0.9,0.9568500825859683,3.193592699368373,24.949424694336223,128,25,139842,3.3021035530994998,,,
audit_sweep_ncal128,915,0.5694936166695778,0.005635741411788353,0.9,0.8965322129166681,3.2026890974444,24.958521092412248,128,25,139995,3.449993650119284,,,
audit_sweep_ncal128,916,0.5695859937298069,0.005412761840122293,0.9,0.9055920185628428,2.917637199123724,24.673469194091574,128,25,140148,3.120007564437165,,,
audit_sweep_ncal128,917,0.5695309736899734,0.005712736943217944,0.9,0.9118389892122597,1.9461927374143178,23.702024732382167,128,25,140301,1.2306031070682961,,,
audit_sweep_ncal128,918,0.5697110693380463,0.005745287607394123,0.9,0.8673567834628904,1.2466969378248034,23.002528932792654,128,25,140454,0.367604000250526,,,
audit_sweep_ncal128,919,0.5697690038313857,0.005412237873802295,0.9,0.8692105359035719,3.209714100569287,24.965546095537135,128,25,140607,3.149142193552919,,,
audit_sweep_ncal128,920,0.5697436006042172,0.005325639289512463,0.9,0.8983782829209269,2.832782184073903,24.588614179041752,128,25,140760,0.8927906154463998,,,
audit_sweep_ncal128,921,0.569737081090089,0.0054468366456631445,0.9,0.9313450364269392,3.9983240940988223,25.754156089066672,128,25,140913,3.294846119324396,,,
audit_sweep_ncal128,922,0.5696162031695461,0.005381555390341353,0.9,0.8723603053743975,1.6674068858995952,23.423238880867444,128,25,141066,0.7572188206693669,,,
audit_sweep_ncal128,923,0.5695559291577725,0.005673126345095869,0.9,0.9440125852754826,2.690654789183161,24.44648678415101,128,25,141219,1.1981762072318332,,,
audit_sweep_ncal128,924,0.5696261573566781,0.00584446576969555,0.9,0.8913631028201087,2.199016041037942,23.954848036005792,128,25,141372,1.515331859893831,,,
audit_sweep_ncal128,925,0.5695890573791244,0.00630139477899927,0.9,0.9359115673535837,4.261246263132945,26.017078258100796,128,25,141525,3.8457939643670995,,,
audit_sweep_ncal128,926,0.5693262355696843,0.006201635868666289,0.9,0.9738878452651062,2.0213734709091127,23.77720546587696,128,25,141678,1.4548470483674276,,,
audit_sweep_ncal128,927,0.5694396131518132,0.006462398230985045,0.9,0.875215667617316,1.917733751852113,23.67356574681996,128,25,141831,1.1414296497680763,,,
audit_sweep_ncal128,928,0.5694561256155807,0.0066234733243714095,0.9,0.9073909355701149,2.494886754356454,24.250718749324303,128,25,141984,1.1401359319622522,,,
audit_sweep_ncal128,929,0.569551291499173,0.006696081855878111,0.9,0.8743419196185777,3.641131406286479,25.39696340125433,128,25,142137,3.7232013918859717,,,
audit_sweep_ncal128,930,0.569477135763863,0.0066173514491747465,0.9,0.8926309310238226,3.603733933026835,25.359565927994684,128,25,142290,4.130627611982192,,,
audit_sweep_ncal128,931,0.5696859744409364,0.005837303290701756,0.9,0.7704406048965805,3.031076404322451,24.7869083992903,128,25,142443,5.145349503290972,,,
audit_sweep_ncal128,932,0.5698201498385262,0.006076160037688849,0.9,0.8781330621683605,5.509747569543412,27.265579564511263,128,25,142596,7.967332029217879,,,
audit_sweep_ncal128,933,0.5696709392220697,0.005725647753305418,0.9,0.8709025449963648,3.8466354718311018,25.602467466798952,128,25,142749,3.5922855345503133,,,
audit_sweep_ncal128,934,0.5698959381628669,0.005582818434966885,0.9,0.8532498008566749,3.9458493244046178,25.70168131937247,128,25,142902,2.8926967110068746,,,
audit_sweep_ncal128,935,0.5698695977927088,0.00535915856276592,0.9,0.8826970002842363,2.0793305203760943,23.835162515343942,128,25,143055,1.0706276680630094,,,
audit_sweep_ncal128,936,0.5696584010604836,0.005615673862461756,0.9,0.9621814229721855,2.2936836867950445,24.049515681762895,128,25,143208,1.3852657660435042,,,
audit_sweep_ncal128,937,0.5696574705336404,0.005555628314564909,0.9,0.9302436877828488,5.863013135731895,27.618845130699743,128,25,143361,7.542362686358375,,,
audit_sweep_ncal128,938,0.5698857128998916,0.00585709154796954,0.9,0.940153576881781,4.348986176520316,26.104818171488166,128,25,143514,3.558046237055918,,,
audit_sweep_ncal128,939,0.5700474343096416,0.005811237288196436,0.9,0.8746532684314735,2.7168350430013244,24.472667037969174,128,25,143667,3.649961514526964,,,
audit_sweep_ncal128,940,0.570273868432082,0.006342337756508387,0.9,1.0005960659374022,2.028238802110834,23.784070797078684,128,25,143820,1.0085256057973873,,,
audit_sweep_ncal128,941,0.5703331648365846,0.006505487243418928,0.9,0.8997240918803684,1.0908346546945735,22.846666649662424,128,25,143973,0.48305520394443,,,
audit_sweep_ncal128,942,0.5703527739409516,0.0060514108375541165,0.9,0.8494990036694876,2.862402739646211,24.61823473461406,128,25,144126,1.0260707183121562,,,
audit_sweep_ncal128,943,0.5702422226723218,0.006456292478471903,0.9,0.8519913299806013,3.9183068853309417,25.67413888029879,128,25,144279,3.2977787888156964,,,
audit_sweep_ncal128,944,0.5701515456995838,0.006859515888956613,0.9,0.9184070546719335,3.6760918585683577,25.431923853536208,128,25,144432,3.1775442760380996,,,
audit_sweep_ncal128,945,0.5702245561452293,0.007095337075235464,0.9,0.9884909800189469,2.435929610775234,24.191761605743082,128,25,144585,1.2260115122864133,,,
audit_sweep_ncal128,946,0.570294238856445,0.006969607220456919,0.9,0.8949110168895769,2.598839683136325,24.354671678104175,128,25,144738,1.1846309741485268,,,
audit_sweep_ncal128,947,0.5701196088071349,0.006924606038125947,0.9,0.9502713218316784,3.488935549426104,25.24476754439395,128,25,144891,3.213889188913704,,,
audit_sweep_ncal128,948,0.5701121943115208,0.006707391171341337,0.9,0.8701942992065812,3.6142974487812816,25.370129443749132,128,25,145044,3.2352060551564064,,,
audit_sweep_ncal128,949,0.5702267650598752,0.006914614568040212,0.9,0.9364191394643155,6.203152815234758,27.958984810202608,128,25,145197,7.773572652275679,,,
audit_sweep_ncal128,950,0.5701177681988873,0.0070275231883975,0.9,0.9836933093137388,3.3668880107422594,25.122720005710107,128,25,145350,3.4445815717053154,,,
audit_sweep_ncal128,951,0.5701930113140147,0.007080581621271564,0.9,0.861884589297692,4.403557025463113,26.15938902043096,128,25,145503,3.413839460905257,,,
audit_sweep_ncal128,952,0.5700898544870582,0.006819179928837293,0.9,0.9252550713831216,3.514595962322257,25.270427957290106,128,25,145656,3.9923364769187173,,,
audit_sweep_ncal128,953,0.5700321858657124,0.007045945036459278,0.9,0.9232872663810063,4.395294934922011,26.15112692988986,128,25,145809,3.804346490813996,,,
audit_sweep_ncal128,954,0.5700823513588518,0.0067848406520238935,0.9,0.8545167124697692,2.823366798004915,24.579198792972765,128,25,145962,1.0466991641037784,,,
audit_sweep_ncal128,955,0.5700338491534872,0.006634843962769366,0.9,0.8856140944243366,4.128406026487509,25.88423802145536,128,25,146115,3.2755627153507487,,,
audit_sweep_ncal128,956,0.569999493170396,0.006110101884207242,0.9,0.8779997256556114,4.089750132991726,25.845582127959574,128,25,146268,3.9160775145616515,,,
audit_sweep_ncal128,957,0.5698531445397369,0.006263907432557225,0.9,0.9074181737593612,2.181626180756555,23.937458175724405,128,25,146421,0.9349840623987338,,,
audit_sweep_ncal128,958,0.5698518989682324,0.006217999363696491,0.9,0.8675331747209313,3.9862742328107745,25.742106227778624,128,25,146574,3.9095079593013256,,,
audit_sweep_ncal128,959,0.5699036940063326,0.00610883491335712,0.9,0.8832895722159179,4.146644995903273,25.902476990871122,128,25,146727,3.100754921726562,,,
audit_sweep_ncal128,960,0.5699365610694843,0.006018005221977374,0.9,0.9337291677527165,4.260542380770158,26.016374375738007,128,25,146880,3.5717955131234014,,,
audit_sweep_ncal128,961,0.5695909738852846,0.006177974378026363,0.9,0.9382404089510743,2.076048562123856,23.831880557091704,128,25,147033,1.234226374733217,,,
audit_sweep_ncal128,962,0.5695789000558101,0.006235912442490665,0.9,0.922167329485226,2.9100793090824957,24.665911304050343,128,25,147186,1.2985500553173934,,,
audit_sweep_ncal128,963,0.5695328459814638,0.006176474973214829,0.9,0.9519870057331873,4.294902639607662,26.050734634575512,128,25,147339,3.567263220857742,,,
audit_sweep_ncal128,964,0.569707980491859,0.006431837131881224,0.9,0.8813654445839247,1.6857155979623129,23.441547592930164,128,25,147492,1.342946131829017,,,
audit_sweep_ncal128,965,0.569749120803621,0.006337171070130321,0.9,0.8558447925321893,4.253146289245896,26.008978284213747,128,25,147645,6.767030828819914,,,
audit_sweep_ncal128,966,0.5698048603262853,0.005943736458612681,0.9,0.8203088594529069,2.7030656047004444,24.458897599668294,128,25,147798,1.5593219123472328,,,
audit_sweep_ncal128,967,0.5697376501140339,0.005973686540863055,0.9,0.8971283047015459,2.1541206103295907,23.90995260529744,128,25,147951,1.319545499406199,,,
audit_sweep_ncal128,968,0.5697799293889984,0.006057674026100135,0.9,0.9198545466057532,2.6913695497271415,24.44720154469499,128,25,148104,1.0518022273873542,,,
audit_sweep_ncal128,969,0.5699194915196226,0.0061660058387785766,0.9,0.8534456434802481,5.963301945194592,27.719133940162443,128,25,148257,5.946780458477799,,,
audit_sweep_ncal128,970,0.5701986412218882,0.006083233779908825,0.9,0.8610559228940782,3.3082764120486874,25.064108407016537,128,25,148410,3.0068717111246897,,,
audit_sweep_ncal128,971,0.5700469665274733,0.00627490387326346,0.9,0.9064917610624481,1.985395919939663,23.741227914907512,128,25,148563,1.2603132697968418,,,
audit_sweep_ncal128,972,0.5700063731608114,0.006400446732119591,0.9,0.8936875322350807,3.0196198712754954,24.775451866243344,128,25,148716,3.3970206889687,,,
audit_sweep_ncal128,973,0.5700286234611686,0.006427982779484309,0.9,0.9001298655466443,1.8404910948400528,23.596323089807903,128,25,148869,1.1796289779944513,,,
audit_sweep_ncal128,974,0.5698056491228424,0.006804537276331346,0.9,1.0650299606519593,2.7426947587642325,24.498526753732083,128,25,149022,1.337039181748968,,,
audit_sweep_ncal128,975,0.5699181723903789,0.006738978065070955,0.9,0.8428789129492197,3.9785127826108195,25.73434477757867,128,25,149175,6.515746400595688,,,
audit_sweep_ncal128,976,0.5698998871516124,0.006939811538021812,0.9,0.9347116284780427,3.251410226848052,25.0072422218159,128,25,149328,3.2842036731919757,,,
audit_sweep_ncal128,977,0.569624551576062,0.007238706841613096,0.9,0.9222680039400518,2.9840965407649227,24.739928535732773,128,25,149481,3.490146854338345,,,
audit_sweep_ncal128,978,0.5697860051029705,0.007206742185487336,0.9,0.8788535869412104,2.38123733528547,24.13706933025332,128,25,149634,1.3634007340181857,,,
audit_sweep_ncal128,979,0.5697872966080013,0.007872333614077354,0.9,0.9075690185402557,3.801627547506077,25.557459542473925,128,25,149787,3.3412336670161715,,,
audit_sweep_ncal128,980,0.5698451099690622,0.007905794777976705,0.9,0.8596839081973692,2.7609652501869273,24.516797245154777,128,25,149940,1.1419164864076814,,,
audit_sweep_ncal128,981,0.5699652160955316,0.007754681733149749,0.9,0.9368141138725438,2.1593252074337754,23.915157202401623,128,25,150093,1.1862206110767044,,,
audit_sweep_ncal128,982,0.5697851695043181,0.007823066414499813,0.9,0.8898847706894045,2.0970191126000373,23.852851107567886,128,25,150246,1.4058341769796303,,,
audit_sweep_ncal128,983,0.5695854093367115,0.007951398897630968,0.9,0.9578616257681866,3.4670079068504998,25.22283990181835,128,25,150399,2.869115025103874,,,
audit_sweep_ncal128,984,0.5694319352759463,0.007992968556018276,0.9,0.8767081777094636,3.392867480816989,25.148699475784838,128,25,150552,3.4745144060804796,,,
audit_sweep_ncal128,985,0.569349989663801,0.00785290019713758,0.9,0.965241091551747,1.9796308001345835,23.735462795102432,128,25,150705,1.2546815998723617,,,
audit_sweep_ncal128,986,0.5691128278078198,0.00793506639196695,0.9,0.957857136558513,2.852322750855322,24.60815474582317,128,25,150858,3.4168597943404375,,,
audit_sweep_ncal128,987,0.5689037363398388,0.008037587437408233,0.9,0.9456992723647534,4.560622499822939,26.31645449479079,128,25,151011,3.0891147196702438,,,
audit_sweep_ncal128,988,0.5689124846378515,0.00895236630244245,0.9,1.0312815785684362,2.2181564363801556,23.973988431348005,128,25,151164,1.7169247698746353,,,
audit_sweep_ncal128,989,0.5690251451593653,0.009113306088981421,0.9,0.8495509764741744,1.9237163045459111,23.679548299513762,128,25,151317,1.2461218153648417,,,
audit_sweep_ncal128,990,0.5691145245420132,0.00908306524417446,0.9,0.9037886600596773,2.7036796233163103,24.45951161828416,128,25,151470,1.264736156672926,,,
audit_sweep_ncal128,991,0.569181732487636,0.008278142742924821,0.9,0.876586134987031,2.1571474888648363,23.912979483832686,128,25,151623,1.1263333087961285,,,
audit_sweep_ncal128,992,0.5690577764573044,0.008284691100731378,0.9,0.9245013190178364,1.732403377859048,23.488235372826896,128,25,151776,1.285480730912672,,,
audit_sweep_ncal128,993,0.5691154795060929,0.008478161015895491,0.9,0.9304113027601275,2.1408927966184668,23.896724791586315,128,25,151929,1.1068137210925744,,,
audit_sweep_ncal128,994,0.5688566202153832,0.00887344742763052,0.9,0.9303924330947022,4.475787885348395,26.231619880316245,128,25,152082,3.6384801857570803,,,
audit_sweep_ncal128,995,0.5689327193125819,0.008916834590536271,0.9,0.9322993785090301,1.9458582976529661,23.701690292620814,128,25,152235,1.2389593878942027,,,
audit_sweep_ncal128,996,0.5687951308775079,0.008392285739738381,0.9,0.8749253806264106,4.048836408213265,25.804668403181115,128,25,152388,3.842938994018505,,,
audit_sweep_ncal128,997,0.5687567081762664,0.00844338532037292,0.9,0.9679162324600755,3.790222035974613,25.54605403094246,128,25,152541,3.5206132309853544,,,
audit_sweep_ncal128,998,0.5688261662813187,0.008600299219010621,0.9,0.8671860830057715,2.770855256503168,24.526687251471017,128,25,152694,1.2373005584656753,,,
audit_sweep_ncal128,999,0.5687244098741943,0.008630979503291725,0.9,0.9563038443171984,2.392852367246087,24.148684362213935,128,25,152847,1.177925765951555,,,
audit_sweep_ncal128,1000,0.5686825970582025,0.008861596998820165,0.9,0.947150481100971,1.8936783459468867,23.649510340914738,128,25,153000,1.3394354093232572,,,
