schedule,t,reward,gap,beta_true,beta_hat,cert,cert_hp,n_cal,n_mon,cum_aud,xi_sq,exp3_arm,exp3_p,exp3_loss
adaptive,1,0.5466722014253567,0.037299623112151514,0.0,-0.18308138904256244,3.6048492853850838,25.36068128035293,8,25,33,2.9996740089843046,,,
adaptive,2,0.5468070758905353,0.03716028330697674,0.0,-0.028297457942539943,2.3023591697878545,24.058191164755705,8,25,66,1.2113579199147193,,,
adaptive,3,0.5478326015897395,0.03573861307899273,0.0,-0.30885710615164874,5.128729817638909,26.88456181260676,8,25,99,7.254776004849051,,,
adaptive,4,0.5472029512194743,0.03688026319916171,0.0,0.24547980323062307,3.5325135275388733,25.288345522506724,8,25,132,4.021387275407138,,,
adaptive,5,0.5481560263913293,0.03567964820899816,0.0,-0.2910696487272294,2.2191366797399503,23.9749686747078,8,25,165,1.1664032926790031,,,
adaptive,6,0.5483723636599869,0.03530757098835546,0.0,-0.056615749846508134,2.420155913502803,24.175987908470653,8,25,198,1.316010274542825,,,
adaptive,7,0.549893547658442,0.033563725708357195,0.0,-0.7370105114486166,5.161139311619114,26.916971306586962,8,25,231,5.151729699963414,,,
adaptive,8,0.5500357222990946,0.033593090757193855,0.0,-0.03884256529037209,3.7986434703598837,25.554475465327734,8,25,264,3.3932725586373915,,,
adaptive,9,0.5499375063487321,0.03348555258805852,0.0,0.09105348487495143,1.9321429167943767,23.687974911762225,8,25,297,1.583768675821967,,,
adaptive,10,0.5501150662942449,0.03322568939692139,0.0,-0.005825975916962965,1.877733731728072,23.63356572669592,8,25,330,1.0889539109002309,,,
adaptive,11,0.550573379550284,0.0327604732047212,0.0,-0.3191548359467754,3.6712138444528417,25.427045839420693,8,25,363,2.212278786776084,,,
adaptive,12,0.5510861334528456,0.0326797955644732,0.0,-0.6731132085667818,4.0556358134571235,25.811467808424972,8,25,396,11.657415007981758,,,
adaptive,13,0.5512952675389041,0.032266531688502686,0.0,-0.01876072364480018,3.408924442092892,25.164756437060742,8,25,429,3.090249234517843,,,
adaptive,14,0.5512864501734117,0.032541275462493635,0.0,-0.07576726984628304,3.623744567734377,25.379576562702226,8,25,462,4.273490993902657,,,
adaptive,15,0.5512556945884278,0.03192729970934416,0.0,0.21658031440297248,3.6022413011276524,25.3580732960955,8,25,495,3.956853593616888,,,
adaptive,16,0.5511820546733318,0.03196051083493723,0.0,0.044611125011406474,2.3383234576710548,24.094155452638905,8,25,528,1.091120116278314,,,
adaptive,17,0.5513712268337889,0.03168978539674272,0.0,-0.13452349571464223,3.8143918890268185,25.570223883994668,8,25,561,3.192173441632397,,,
adaptive,18,0.5515435031832934,0.03100925154660894,0.0,0.06698527542648516,2.671004523097193,24.42683651806504,8,25,594,1.3817941150684745,,,
adaptive,19,0.5515764392815705,0.03070686262182376,0.0,-0.015709116874459136,3.6953587009581232,25.451190695925973,8,25,627,3.4468110008918793,,,
adaptive,20,0.5515833997026366,0.0309512459505924,0.0,-0.006835710057253145,5.213313430177636,26.969145425145484,8,25,660,7.54976474307001,,,
adaptive,21,0.5516676419612356,0.030902564221452322,0.0,-0.08657208701526,2.171425927283699,23.92725792225155,8,25,693,1.1704538437237808,,,
adaptive,22,0.5517378109660064,0.03093272601154473,0.0,-0.10469813117709885,4.862815108909763,26.618647103877613,8,25,726,6.95833482929702,,,
adaptive,23,0.5518704643818061,0.031235983495415898,0.0,-0.28402683281278723,1.880409524705336,23.636241519673185,8,25,759,1.6517698787742772,,,
adaptive,24,0.5519316966027841,0.03124193046688306,0.0,0.01627267707577199,2.0169661626364177,23.772798157604267,8,25,792,1.2905186570651097,,,
adaptive,25,0.5520102667512816,0.031043093078536366,0.0,0.2767585329173462,1.9707288787291837,23.726560873697032,8,25,825,2.0007960161723335,,,
adaptive,26,0.5519357254489945,0.030896638346569527,0.0,0.1543904967749744,2.1924912428833827,23.94832323785123,8,25,858,1.485620586064783,,,
adaptive,27,0.5519354769461534,0.030845516291204023,0.0,-0.09423737883397355,3.8945445023399916,25.65037649730784,8,25,891,3.4862961446031675,,,
adaptive,28,0.5520343076248725,0.03053426070781029,0.0,-0.03430543081114991,1.7923068933663724,23.548138888334222,8,25,924,1.3575984406141757,,,
adaptive,29,0.5522459820915429,0.030343011946957876,0.0,-0.15034174245940388,3.352688516785817,25.108520511753667,8,25,957,2.4761947449096713,,,
adaptive,30,0.5522350508693578,0.030151194457592068,0.0,0.3158905744522378,3.580433454619706,25.336265449587554,8,25,990,3.893461172310505,,,
adaptive,31,0.5522334049911916,0.02986688248596603,0.0,0.09353732071060267,3.7808994831093408,25.53673147807719,8,25,1023,4.325872484086403,,,
adaptive,32,0.5522291760084468,0.029933663567826563,0.0,-0.13305780986796548,2.0085755894473043,23.764407584415153,8,25,1056,1.8979368343609804,,,
adaptive,33,0.5522948380260291,0.029505206258478855,0.0,0.16236936876931427,2.138155237229993,23.89398723219784,8,25,1089,1.320087829240097,,,
adaptive,34,0.552379328556828,0.02928827649384591,0.0,-0.020151055484596104,2.0887848629415684,23.84461685790942,8,25,1122,1.2179448936229886,,,
adaptive,35,0.5524632284609603,0.029570006227137013,0.0,-0.1258304796459948,1.804789418289701,23.56062141325755,8,25,1155,0.656261983254847,,,
adaptive,36,0.5527031548180578,0.029422425931849183,0.0,-0.18106653127418146,3.5216590601392928,25.27749105510714,8,25,1188,3.526980132899743,,,
adaptive,37,0.5529166033114862,0.028598496426408326,0.0,0.08133699210470183,5.080195143052883,26.836027138020732,8,25,1221,7.189786811704812,,,
adaptive,38,0.553013962510976,0.028059194481820593,0.0,0.18747405311174845,3.5433402845230346,25.299172279490882,8,25,1254,3.370835931806636,,,
adaptive,39,0.5530076646449303,0.027924265805282955,0.0,0.14345699877763707,2.2851174592690136,24.040949454236863,8,25,1287,1.3791064301865144,,,
adaptive,40,0.5526424369666156,0.02774544276423907,0.0,0.4364076766827911,5.355868904585479,27.111700899553327,8,25,1320,9.742511277232971,,,
adaptive,41,0.5527767697205908,0.02752150628474581,0.0,-0.29682842905519136,3.9838609813404586,25.73969297630831,8,25,1353,3.2387754894008833,,,
adaptive,42,0.5528884809927589,0.027067317880492547,0.0,-0.04127882221254864,3.5361647108751586,25.291996705843008,8,25,1386,3.2177646298776015,,,
adaptive,43,0.5531056056907625,0.02693590113186961,0.0,-0.2949416376976173,2.105096959103613,23.86092895407146,8,25,1419,3.196599962910001,,,
adaptive,44,0.5530081410252902,0.02707739559708855,0.0,0.06328619397011444,0.9963843324002687,22.752216327368117,8,25,1452,0.5059043733214648,,,
adaptive,45,0.5531460331304872,0.027029068587361427,0.0,-0.3840178733710548,3.765014736130732,25.52084673109858,8,25,1485,2.5781103295894523,,,
adaptive,46,0.5532650261436474,0.026878110625138785,0.0,-0.14917608804324714,3.7421604963308823,25.49799249129873,8,25,1518,3.3811111294987892,,,
adaptive,47,0.5531327249417813,0.02676413698020008,0.0,0.35149070225875445,0.8772654794497862,22.633097474417635,8,25,1551,1.145121715624039,,,
adaptive,48,0.5532090207362091,0.026770479552468807,0.0,0.011998547000731434,2.3606952119866516,24.1165272069545,8,25,1584,1.27874308488791,,,
adaptive,49,0.5532233527805638,0.026345277985598714,0.0,0.2832835436117065,3.362967477144946,25.118799472112794,8,25,1617,4.300567546644354,,,
adaptive,50,0.5531398832054276,0.026243166531842443,0.0,0.18504198645543982,2.1351765587107407,23.89100855367859,8,25,1650,1.43746450953852,,,
adaptive,51,0.5532303221631043,0.025994942884186356,0.0,0.19605708958030874,1.8714426674142446,23.627274662382092,8,25,1683,1.704615754442718,,,
adaptive,52,0.5534143098049099,0.025789747885296532,0.0,-0.18541365146106403,2.129057597431652,23.884889592399503,8,25,1716,1.2335996549267008,,,
adaptive,53,0.5535386531534808,0.02535452761412127,0.0,-0.08791941520980823,2.000719617586715,23.756551612554563,8,25,1749,1.6978852990726316,,,
adaptive,54,0.553386896328461,0.025359367878879158,0.0,0.24167048105107675,1.9237936709549601,23.67962566592281,8,25,1782,1.5883061237652667,,,
adaptive,55,0.5533094712520771,0.02547298620228866,0.0,0.16029440168524894,5.175742694061089,26.93157468902894,8,25,1815,7.337988076031158,,,
adaptive,56,0.5532280323671278,0.02563196074092655,0.0,0.13045235319538076,2.222056112392483,23.977888107360332,8,25,1848,2.0033898723024217,,,
adaptive,57,0.5534382060987247,0.025403675566281758,0.0,-0.13911106704557058,1.7654390497054409,23.52127104467329,8,25,1881,1.5819598336702563,,,
adaptive,58,0.5536566104406926,0.025175634134293245,0.0,0.044904805754806626,3.2614358295348778,25.017267824502728,8,25,1914,3.8846577816946257,,,
adaptive,59,0.5541028675518096,0.024519272861498687,0.0,-0.20918453369073942,5.345305044701777,27.101137039669627,8,25,1947,7.278738523193782,,,
adaptive,60,0.5541895193528206,0.024604683903517,0.0,-0.00830835589675072,2.309960721778726,24.065792716746575,8,25,1980,1.0942525402076797,,,
adaptive,61,0.5542677626603405,0.024498616457238165,0.0,-0.06742150690281797,4.098431032135519,25.854263027103368,8,25,2013,3.787958200778026,,,
adaptive,62,0.553930227184724,0.024682319766791583,0.0,0.2717353254058921,0.962339125307646,22.718171120275496,8,25,2046,1.6820303851247105,,,
adaptive,63,0.554139580530821,0.02447401266126159,0.0,-0.21784682690987003,2.073395501558423,23.829227496526272,8,25,2079,1.0404928578457977,,,
adaptive,64,0.5542658218737522,0.024550646199249404,0.0,-0.25486352653406263,1.9229722144353782,23.67880420940323,8,25,2112,1.274810209846226,,,
adaptive,65,0.5544207110503936,0.023869564518757658,0.0,0.12274361171344335,2.2743156672542084,24.030147662222056,8,25,2145,1.3428197034127385,,,
adaptive,66,0.5546583268760333,0.023281838413174105,0.0,0.0068421120395493465,2.1203544064778064,23.876186401445654,8,25,2178,1.2308218141140093,,,
adaptive,67,0.554659002904736,0.023246696607459594,0.0,-0.04181439964736317,2.2608907162003513,24.0167227111682,8,25,2211,1.789079498396409,,,
adaptive,68,0.5547913626658606,0.02330219234808717,0.0,-0.13859208511795204,3.8179692430615026,25.57380123802935,8,25,2244,4.986210974684345,,,
adaptive,69,0.5547448849181255,0.023331882039321683,0.0,0.07191241953780819,4.129615746793213,25.885447741761062,8,25,2277,3.3091957000986185,,,
adaptive,70,0.5549159324001147,0.023159270727715398,0.0,-0.06450734470132169,2.316613692405166,24.072445687373015,8,25,2310,1.2983335671536806,,,
adaptive,71,0.5550079155373198,0.023045387159118857,0.0,0.06655266281635237,3.542973744084831,25.298805739052682,8,25,2343,3.785412911789921,,,
adaptive,72,0.5550086534774771,0.023006804447389118,0.0,0.021498307757980305,3.404901733285167,25.160733728253017,8,25,2376,2.926311697389957,,,
adaptive,73,0.5550747862763586,0.023096345311609423,0.0,-0.23063177648051875,2.9709962262773937,24.726828221245242,8,25,2409,3.0210300740096248,,,
adaptive,74,0.5551452225877176,0.022980967370674676,0.0,0.03973979700523955,3.52248459909157,25.27831659405942,8,25,2442,3.263461189252904,,,
adaptive,75,0.5551573346550007,0.023044458103047005,0.0,-0.0021826023201383083,3.341659153718628,25.097491148686476,8,25,2475,3.09706784712076,,,
adaptive,76,0.555275939229397,0.022742738313180633,0.0,-0.03134097885223075,2.1162828958624598,23.87211489083031,8,25,2508,1.0115851355427616,,,
adaptive,77,0.5557528377089866,0.022143928540939273,0.0,-0.3976803570390903,2.2685056411906537,24.024337636158503,8,25,2541,2.146439297906279,,,
adaptive,78,0.5556784855625566,0.022256601572567036,0.0,0.03292815502586794,3.6819462019270826,25.437778196894932,8,25,2574,3.1884220078387333,,,
adaptive,79,0.5558727914836478,0.021701888958467697,0.0,0.050218676319592453,3.477612724794384,25.233444719762232,8,25,2607,3.6362878571681585,,,
adaptive,80,0.5559034139421012,0.02176551207737687,0.0,0.13662798186148942,2.0620734929355713,23.81790548790342,8,25,2640,1.2061950827252481,,,
adaptive,81,0.5561158558566128,0.02129571376821482,0.0,0.05502811645925819,3.865443486804859,25.62127548177271,8,25,2673,3.1994399623327645,,,
adaptive,82,0.556071694576224,0.021454675368520415,0.0,-0.05293363034839976,2.502077790191081,24.25790978515893,8,25,2706,1.0710354585261472,,,
adaptive,83,0.5558771536333175,0.02120936622607139,0.0,0.35874983836918156,2.329483320910202,24.085315315878052,8,25,2739,1.69261354522856,,,
adaptive,84,0.5558977206814759,0.021409843239561188,0.0,-0.26489557727365626,1.7929923623947999,23.548824357362648,8,25,2772,1.1863965618734165,,,
adaptive,85,0.5560243985994604,0.020912697049636386,0.0,0.04771054028180159,3.347241859407974,25.103073854375822,8,25,2805,3.7466482865669115,,,
adaptive,86,0.5562470169910313,0.02044318422307556,0.0,-0.06258546148025801,3.733882909578716,25.489714904546567,8,25,2838,2.670581277472068,,,
adaptive,87,0.5561445229866091,0.02061665044344474,0.0,0.2243420756682407,2.1767705348808413,23.93260252984869,8,25,2871,1.8341127255112022,,,
adaptive,88,0.5562230507097157,0.02081360787929276,0.0,-0.1259128645191945,6.641875088152727,28.397707083120576,8,25,2904,10.908052560707771,,,
adaptive,89,0.5563308785295383,0.020691917292350648,0.0,-0.11475558691255347,3.8043625128446314,25.56019450781248,8,25,2937,3.646702744355861,,,
adaptive,90,0.5564367944053766,0.02072195680469957,0.0,-0.1971486602528001,2.3293348220756473,24.085166817043497,8,25,2970,1.1899102670894397,,,
adaptive,91,0.5563119517676388,0.020737447957178246,0.0,0.29946066213389677,1.8943395847185367,23.650171579686386,8,25,3003,2.1967367229151553,,,
adaptive,92,0.5562661941120868,0.020636328205468013,0.0,0.2011706652849714,1.9894948115684143,23.745326806536262,8,25,3036,1.4586590515813567,,,
adaptive,93,0.5559957306609509,0.021279341862553536,0.0,0.3276341121210708,3.1846857075923563,24.940517702560207,8,25,3069,4.687783047677043,,,
adaptive,94,0.556080202376471,0.02099784246306602,0.0,-0.019054113687359823,2.384750655514774,24.140582650482624,8,25,3102,1.0687266335822438,,,
adaptive,95,0.5558186008209871,0.021321636789651932,0.0,0.25257396808205335,2.3878743318101727,24.143706326778023,8,25,3135,0.8141115550957942,,,
adaptive,96,0.5558912071008304,0.021341966822817082,0.0,-0.05840458123745935,3.536841713912784,25.292673708880635,8,25,3168,3.4992610802281834,,,
adaptive,97,0.5557587688530388,0.021314253960664775,0.0,0.23678506480304798,1.858316219427569,23.614148214395417,8,25,3201,1.577498992609092,,,
adaptive,98,0.5557832934044863,0.021347016622493387,0.0,0.10587763950753133,2.090535717036441,23.84636771200429,8,25,3234,1.371269741136792,,,
adaptive,99,0.5556496091206311,0.021391195418333675,0.0,0.27124823306064266,1.8390506540094291,23.59488264897728,8,25,3267,1.6024707898616384,,,
adaptive,100,0.5553273718255536,0.02194180447794214,0.0,0.20751820043410624,2.226650942176283,23.982482937144134,8,25,3300,2.10505918175864,,,
adaptive,101,0.5557226269562543,0.021297137624057938,0.0,-0.338658753552545,3.524344959460926,25.280176954428775,8,25,3333,2.8601195057724036,,,
adaptive,102,0.5557398181560669,0.021468592168003453,0.0,-0.09725985730572365,2.056747816208139,23.812579811175986,8,25,3366,1.177987462217077,,,
adaptive,103,0.5558471151158437,0.021277594121184795,0.0,-0.11952961522922424,4.970207937205022,26.72603993217287,8,25,3399,6.616575298595866,,,
adaptive,104,0.5559092150355348,0.02103743572871708,0.0,0.0073272377237813425,2.4077224816942784,24.163554476662128,8,25,3432,1.0280328677315371,,,
adaptive,105,0.5561298921605281,0.020746837674691987,0.0,0.026077142561667866,2.1168073421061098,23.87263933707396,8,25,3465,1.1494838680337076,,,
adaptive,106,0.5565943851170335,0.02013206423011693,0.0,-0.3856204549822171,3.54555888185995,25.3013908768278,8,25,3498,4.471341993718345,,,
adaptive,107,0.5567727797826746,0.019959722754729903,0.0,-0.2089572178024329,2.1886486268051883,23.94448062177304,8,25,3531,1.4859266546387457,,,
adaptive,108,0.5568812309206247,0.01988564834528761,0.0,-0.07177284283309227,1.963058779128275,23.718890774096124,8,25,3564,1.3044876321599377,,,
adaptive,109,0.5567945084372314,0.02000208425328609,0.0,0.3784558828544498,5.51130416095476,27.267136155922607,8,25,3597,7.404726017140331,,,
adaptive,110,0.557021477756947,0.019302582366335197,0.0,-0.0455703936053079,3.7071592395211646,25.462991234489014,8,25,3630,3.53187479230277,,,
adaptive,111,0.557327569965127,0.01885138118173202,0.0,-0.2183212596878852,3.5665271511534775,25.322359146121325,8,25,3663,6.495552836809345,,,
adaptive,112,0.5574927516853935,0.01892220007635015,0.0,-0.08542398825274858,3.583098514276153,25.338930509244,8,25,3696,3.433019737788296,,,
adaptive,113,0.5580421605338287,0.01799274388785932,0.0,-0.543069062061311,3.3737771410762005,25.12960913604405,8,25,3729,3.4836043229056624,,,
adaptive,114,0.5581313591494719,0.01808040208143824,0.0,-0.06214883503608752,3.9220135543877674,25.677845549355617,8,25,3762,3.499572605240844,,,
adaptive,115,0.5582230992749485,0.01809308170405044,0.0,-0.10358918703155455,3.6836603230111997,25.43949231797905,8,25,3795,3.277068011055543,,,
adaptive,116,0.5581371408621961,0.018348574549706287,0.0,0.1163726760647776,3.873575221790589,25.629407216758437,8,25,3828,3.297980120749843,,,
adaptive,117,0.5582675163720084,0.01804093943361329,0.0,-0.11257421224670454,3.6357474171216366,25.391579412089484,8,25,3861,2.8414774484339955,,,
adaptive,118,0.5583575657104217,0.018031392029231097,0.0,-0.3507122075694904,2.1872313398232897,23.943063334791137,8,25,3894,1.4001967218997047,,,
adaptive,119,0.5585402307949019,0.017862757899017367,0.0,-0.20594904756830879,2.128001115106528,23.883833110074377,8,25,3927,0.7532816143642528,,,
adaptive,120,0.5584350586717372,0.01827650192668695,0.0,-0.026412821742322814,3.288027617862778,25.043859612830627,8,25,3960,3.784121666546899,,,
adaptive,121,0.5584316098805918,0.01842255173529328,0.0,-0.08599922267101738,3.636775196643078,25.392607191610928,8,25,3993,3.2072687765614183,,,
adaptive,122,0.5585177232852773,0.0178302812097334,0.0,0.3103522296577078,3.215475075306985,24.971307070274833,8,25,4026,4.704091380755457,,,
adaptive,123,0.5584053833449799,0.017915975538934426,0.0,0.25722778374733507,2.0698437824719065,23.825675777439756,8,25,4059,0.8294313803590504,,,
adaptive,124,0.5587948517850282,0.01720600774813419,0.0,-0.050061283021521845,2.409656756499576,24.165488751467425,8,25,4092,1.1486538190695623,,,
adaptive,125,0.5587089249856452,0.016917856461715064,0.0,0.476240196924199,3.416913170102872,25.172745165070722,8,25,4125,5.663256651066573,,,
adaptive,126,0.5587374512825226,0.01698658755152349,0.0,-0.1656493858030185,3.993513629271418,25.749345624239268,8,25,4158,3.6299097541743395,,,
adaptive,127,0.5586203244562269,0.017235142659430158,0.0,0.010358791499476404,3.438674750592241,25.19450674556009,8,25,4191,3.913092541756008,,,
adaptive,128,0.558750558137566,0.017101662239053073,0.0,-0.22120334230533192,3.6042945965633457,25.360126591531195,8,25,4224,3.6492364113437255,,,
adaptive,129,0.5588174293260865,0.017015421261650565,0.0,-0.16203532703984755,3.6829808127633714,25.43881280773122,8,25,4257,3.0306353894992717,,,
adaptive,130,0.5589138147857626,0.01652394450733774,0.0,0.4581663936428179,2.1271691966493362,23.883001191617186,8,25,4290,2.760666319566854,,,
adaptive,131,0.5590834355011958,0.01620041924777027,0.0,0.1995464699486083,2.258726024971993,24.01455801993984,8,25,4323,1.6907188771961403,,,
adaptive,132,0.5588670291513383,0.01658858653897677,0.0,0.34640770736012677,3.983387884883054,25.739219879850904,8,25,4356,5.095255090326986,,,
adaptive,133,0.5587458839915974,0.016920108485550367,0.0,0.09582172296940843,4.262285791820154,26.018117786788004,8,25,4389,2.9967497750749605,,,
adaptive,134,0.5588568275081548,0.016873597218115433,0.0,0.04766634537256853,4.9260200987876575,26.681852093755506,8,25,4422,7.066530340987966,,,
adaptive,135,0.5591587968370535,0.01635270874798389,0.0,-0.12256752639232775,2.214173880011448,23.970005874979297,8,25,4455,1.4762461381657148,,,
adaptive,136,0.5595605657696003,0.0158598396409535,0.0,-0.3130130680246243,2.2469601459134823,24.002792140881333,8,25,4488,3.4594384196808052,,,
adaptive,137,0.5596581905125888,0.01576710827648542,0.0,0.06695303246650211,3.861130438998767,25.616962433966616,8,25,4521,2.864531195829422,,,
adaptive,138,0.5597293607586792,0.015733672437064583,0.0,-0.21099702076148716,2.132521312365137,23.888353307332984,8,25,4554,2.4680237773767817,,,
adaptive,139,0.5597469384101277,0.01580835034365702,0.0,-0.011078575791036278,6.169303742771661,27.92513573773951,8,25,4587,11.651094759516313,,,
adaptive,140,0.5597994145342118,0.01592123818717439,0.0,-0.03689096912533419,3.6580083176620866,25.413840312629937,8,25,4620,3.4849950982667495,,,
adaptive,141,0.5597271698331143,0.01603305221450957,0.0,0.2482161263779536,2.1965854242215697,23.95241741918942,8,25,4653,1.3130216720462242,,,
adaptive,142,0.5598088664203137,0.0158304935030954,0.0,-0.30572983942786425,3.7899395207020237,25.545771515669873,8,25,4686,2.9435776947714327,,,
adaptive,143,0.5596173626408245,0.016300154960052993,0.0,0.06428758762464637,3.5157128622041975,25.271544857172046,8,25,4719,3.6274935760674434,,,
adaptive,144,0.5595617172242746,0.016219478765562623,0.0,0.13603750024872638,0.9601046999339751,22.715936694901824,8,25,4752,0.5249291751619202,,,
adaptive,145,0.559691980330733,0.015809474190328965,0.0,0.08952437137919629,2.434297451750162,24.19012944671801,8,25,4785,1.5204200848401552,,,
adaptive,146,0.5598057681722887,0.01569867056316787,0.0,-0.2042342607061896,2.071337038360492,23.827169033328342,8,25,4818,0.7658108935572149,,,
adaptive,147,0.5599319560227403,0.015538497232668425,0.0,0.08885999133016259,2.3294618936352443,24.085293888603093,8,25,4851,1.667793053981206,,,
adaptive,148,0.5600771723201897,0.015141425016245824,0.0,0.14853968622206767,3.4871289572897393,25.24296095225759,8,25,4884,3.9912679176745236,,,
adaptive,149,0.5601628825302365,0.015164187622737746,0.0,-0.08169591569500517,2.0812849420607433,23.837116937028593,8,25,4917,1.0824958833803557,,,
adaptive,150,0.5600268370845098,0.015305557721832841,0.0,0.05776262307398188,2.3707912951722347,24.126623290140085,8,25,4950,1.2748752475566423,,,
adaptive,151,0.5602583027934227,0.014885175336953771,0.0,-0.28235006323570616,3.3561720203862824,25.11200401535413,8,25,4983,3.8281976108721327,,,
adaptive,152,0.5601747997941722,0.015025888611335692,0.0,-0.06484588283591354,4.203846427704079,25.959678422671928,8,25,5016,3.74468609690489,,,
adaptive,153,0.5603090636725835,0.014792317319121895,0.0,0.15470956812335318,2.6091907600565327,24.36502275502438,8,25,5049,1.2212451077758393,,,
adaptive,154,0.5602710965823194,0.015161795170533843,0.0,-0.041896076776370056,4.00100728187775,25.7568392768456,8,25,5082,3.2810564900062658,,,
adaptive,155,0.5604282228253958,0.01510144108796696,0.0,-0.22459715464047933,1.7751472231741277,23.530979218141976,8,25,5115,1.3724100233233516,,,
adaptive,156,0.560400364379739,0.015226832535552903,0.0,0.0070342267384880496,2.75838657813241,24.51421857310026,8,25,5148,0.9861012031744866,,,
adaptive,157,0.5603038149693246,0.015476283435139737,0.0,0.07905745636781054,3.9503456528716088,25.706177647839457,8,25,5181,3.418378442777171,,,
adaptive,158,0.5600155291004173,0.015940048624582537,0.0,0.29661263483920597,1.7510334994615724,23.506865494429423,8,25,5214,1.7602770642565595,,,
adaptive,159,0.5600881623504333,0.015954418356955435,0.0,-0.22709645311545887,3.5047935563234414,25.26062555129129,8,25,5247,2.833733902037034,,,
adaptive,160,0.5600853477118324,0.015448748342361429,0.0,0.14498737573611728,3.1133361458613673,24.869168140829217,8,25,5280,3.182076985173972,,,
adaptive,161,0.5601721269014771,0.015209786595814956,0.0,-0.0017566139647543506,1.918491780764717,23.674323775732567,8,25,5313,1.1160461274869982,,,
adaptive,162,0.5601079317881623,0.015045875266676334,0.0,0.506498729764635,2.43903453675732,24.194866531725168,8,25,5346,2.636640167672837,,,
adaptive,163,0.5603277749042794,0.014687753185670505,0.0,-0.16191842877311893,4.667928751443339,26.42376074641119,8,25,5379,6.031290666770065,,,
adaptive,164,0.5604143623007478,0.014414073889262968,0.0,0.03394548811824582,2.4048531801832445,24.160685175151094,8,25,5412,0.8766123552879524,,,
adaptive,165,0.5607126112694255,0.013788733101223527,0.0,-0.03776581268521682,3.3847741597628973,25.140606154730747,8,25,5445,3.344698456026293,,,
adaptive,166,0.560658639043679,0.013819134383274978,0.0,0.20907687541420433,3.9721823651725585,25.728014360140406,8,25,5478,3.81125951254386,,,
adaptive,167,0.5603666337066496,0.014384457769251902,0.0,0.3538839641418592,4.124754757207362,25.880586752175212,8,25,5511,5.254885214247503,,,
adaptive,168,0.5601368211562007,0.014842016586338103,0.0,0.2224718938194201,2.6989069906676884,24.454738985635537,8,25,5544,1.3222075422916661,,,
adaptive,169,0.560313114521074,0.014752920715248696,0.0,-0.20424129090867316,3.210899539747758,24.966731534715606,8,25,5577,3.6043586316451943,,,
adaptive,170,0.5602786912432031,0.014769266368692469,0.0,-0.06159464175938372,3.698818745705718,25.454650740673568,8,25,5610,3.744527794385891,,,
adaptive,171,0.5597939281676951,0.015862218752398127,0.0,0.4839712190251769,2.494273924803632,24.25010591977148,8,25,5643,2.9009810319578917,,,
adaptive,172,0.5596989436680772,0.01599481563335725,0.0,0.13812601129932722,2.5044979774927727,24.26032997246062,8,25,5676,1.394966873919006,,,
adaptive,173,0.5594799991825659,0.016160864865073177,0.0,0.24662431396967618,3.6636910249813415,25.41952301994919,8,25,5709,3.298430785835601,,,
adaptive,174,0.5593264309603672,0.01618510367030246,0.0,0.23332612547496973,2.4591228963411593,24.21495489130901,8,25,5742,1.590448717735015,,,
adaptive,175,0.5593600241228268,0.01608368862576659,0.0,0.14726996428892217,3.608907720185762,25.36473971515361,8,25,5775,3.159699923718101,,,
adaptive,176,0.5594774950631074,0.015837147982855626,0.0,0.016491478575392363,5.533821426829915,27.289653421797766,8,25,5808,6.443339270480503,,,
adaptive,177,0.5601372768816525,0.01458391977257123,0.0,-0.3415704613069332,3.2457528863276854,25.001584881295535,8,25,5841,4.930557546821704,,,
adaptive,178,0.5600128666005559,0.01493006151879539,0.0,0.08486729672627177,2.307329239436438,24.063161234404287,8,25,5874,1.1796475476534365,,,
adaptive,179,0.5600586240042408,0.014786530606250237,0.0,-0.054382444695038314,2.51199599121094,24.26782798617879,8,25,5907,1.4993438768313248,,,
adaptive,180,0.5602024979037216,0.014525214442339784,0.0,-0.11241229305808376,1.8052455384019686,23.56107753336982,8,25,5940,1.1818326341756615,,,
adaptive,181,0.5605419233606344,0.014198841654066596,0.0,-0.2575431667377555,4.691070177143148,26.446902172110995,8,25,5973,8.279716392437054,,,
adaptive,182,0.5608321068355554,0.013695351872963446,0.0,-0.18967947229158771,3.8026507014784703,25.55848269644632,8,25,6006,3.461369625096478,,,
adaptive,183,0.5602339761509342,0.014666095214408537,0.0,0.4917056836553083,1.9642626745381633,23.72009466950601,8,25,6039,2.9671538222085045,,,
adaptive,184,0.5599105161068852,0.01522296828705294,0.0,0.2515745826384766,2.7265123242053915,24.48234431917324,8,25,6072,1.802322732623706,,,
adaptive,185,0.5607130466204808,0.013808143622767388,0.0,-0.4031109039905159,1.8744496048601873,23.630281599828038,8,25,6105,2.1791740064503218,,,
adaptive,186,0.5608131603067602,0.013724319203325397,0.0,-0.12244966879824208,3.863961314191975,25.619793309159824,8,25,6138,3.6897978751476352,,,
adaptive,187,0.5611719417957992,0.013160707163740626,0.0,-0.17992785502665712,5.377346474130426,27.133178469098276,8,25,6171,6.357242373221368,,,
adaptive,188,0.560883701561996,0.013708345391116206,0.0,0.21668075876771906,3.3116414238575143,25.067473418825365,8,25,6204,4.2281358291157645,,,
adaptive,189,0.560902646242883,0.013546069588119658,0.0,-0.013197549604787945,1.8028239649859996,23.55865595995385,8,25,6237,1.2258550160446389,,,
adaptive,190,0.5610997530152576,0.013029756747329091,0.0,-0.14494059357245562,1.8922052730701266,23.648037268037974,8,25,6270,2.1171865926211533,,,
adaptive,191,0.5610079063888089,0.013146271016077349,0.0,0.14195518769444632,2.100976062990192,23.85680805795804,8,25,6303,1.0667699910214146,,,
adaptive,192,0.5606226623699039,0.013975639409484986,0.0,0.25247098117813654,2.319190591054849,24.075022586022698,8,25,6336,2.0313157476762695,,,
adaptive,193,0.5607649376105325,0.013762175029677914,0.0,-0.03947600424164418,2.270853940098587,24.026685935066435,8,25,6369,1.4708385854214292,,,
adaptive,194,0.5606835427767489,0.013932872442862676,0.0,0.12863229219033648,3.8133820703738532,25.569214065341704,8,25,6402,3.9309060162672558,,,
adaptive,195,0.5606813753694629,0.013908639423128255,0.0,0.09095107261860765,3.4419545647793552,25.197786559747204,8,25,6435,3.1938847790272478,,,
adaptive,196,0.5610284407827433,0.01323608953488331,0.0,-0.24514707766013935,3.5344655250256367,25.290297519993487,8,25,6468,5.710688232829361,,,
adaptive,197,0.5610434435741343,0.013218299135738465,0.0,0.07608738204578772,1.9469904784210244,23.702822473388874,8,25,6501,1.2640922788384694,,,
adaptive,198,0.5615974300445481,0.012258858224149738,0.0,-0.35361652736453025,2.4668521011487563,24.222684096116605,8,25,6534,1.4580144417036314,,,
adaptive,199,0.5617929487112538,0.012187234795570157,0.0,-0.2175358191794672,2.66862189120877,24.424453886176618,8,25,6567,3.5135160933903546,,,
adaptive,200,0.5616428056626005,0.012390910667840704,0.0,0.10965909588140232,1.9938029412709075,23.749634936238756,8,25,6600,1.2568729145434623,,,
adaptive,201,0.561786555365697,0.01220664770296287,0.0,-0.15444096086550982,4.315757265911023,26.071589260878874,8,25,6633,2.4564737022793297,,,
adaptive,202,0.561740343655559,0.012069594924473015,0.0,0.2570358542264066,3.2904125393605375,25.046244534328387,8,25,6666,3.1713490901434374,,,
adaptive,203,0.562206485822632,0.011392571936343465,0.0,-0.2557498626873643,1.9558484705563388,23.71168046552419,8,25,6699,1.3117145973113236,,,
adaptive,204,0.5621158373950155,0.011642118529803569,0.0,0.19211224952322403,3.4226538246361438,25.178485819603992,8,25,6732,4.179365699885307,,,
adaptive,205,0.5618784556526399,0.01190923239686581,0.0,0.12107061956444928,2.6419571856729585,24.397789180640807,8,25,6765,1.6965197473121922,,,
adaptive,206,0.5620557341585853,0.011596064918462656,0.0,-0.003962725774844028,3.3092418162229187,25.065073811190768,8,25,6798,3.41232190466339,,,
adaptive,207,0.5621182042449023,0.011524777240104589,0.0,0.02161537523807414,2.37444514834841,24.13027714331626,8,25,6831,1.2804938630674605,,,
adaptive,208,0.5617750452030557,0.012186308674574264,0.0,0.18309810651745076,1.8070333250145725,23.56286531998242,8,25,6864,1.5176126837916781,,,
adaptive,209,0.5616748663894737,0.012383925153535369,0.0,0.03339061591966063,3.2840455102060355,25.039877505173884,8,25,6897,3.3876162853549086,,,
adaptive,210,0.5620975149312519,0.01157480978686276,0.0,-0.21113365218101782,3.6322279731135425,25.388059968081393,8,25,6930,3.4285696031241866,,,
adaptive,211,0.5622519504818421,0.011372271006579004,0.0,-0.3208031286217093,2.0270076458611,23.78283964082895,8,25,6963,1.447897616526475,,,
adaptive,212,0.5620262686498938,0.011776188953296018,0.0,0.07454697951535882,2.439949375706255,24.195781370674105,8,25,6996,1.0401625296450467,,,
adaptive,213,0.5623856738236835,0.011183119064068991,0.0,-0.1595285841823609,1.9907661718827605,23.74659816685061,8,25,7029,1.592038478605816,,,
adaptive,214,0.5622525667977856,0.01146249290181911,0.0,0.1532473445659515,4.007114704770804,25.762946699738652,8,25,7062,3.112043234076909,,,
adaptive,215,0.5620678251743223,0.011803126236975992,0.0,0.1723952204825658,3.431140212229784,25.186972207197634,8,25,7095,2.973764560659674,,,
adaptive,216,0.562155707608899,0.011594831876311162,0.0,-0.099659192715989,2.143361347806627,23.899193342774478,8,25,7128,1.1548355284052523,,,
adaptive,217,0.5622525865055332,0.01145929498010445,0.0,0.11443520854443112,3.5461388528055062,25.301970847773354,8,25,7161,3.7249153579044862,,,
adaptive,218,0.5619127927166035,0.012044005869667807,0.0,0.3531937468941314,3.0402103145411625,24.796042309509012,8,25,7194,4.550269551420404,,,
adaptive,219,0.561977712395805,0.012057892580721097,0.0,-0.099030022066701,2.287044886896606,24.042876881864455,8,25,7227,1.5210283782517544,,,
adaptive,220,0.5614889779936992,0.013007028720644853,0.0,0.4124801416428496,3.47266246512871,25.22849446009656,8,25,7260,4.441003993550109,,,
adaptive,221,0.5615785389261636,0.01280337488777794,0.0,-0.09922836819984365,2.268012672483403,24.02384466745125,8,25,7293,1.1944658852444956,,,
adaptive,222,0.5615065569938561,0.01273757713269752,0.0,0.10007645130363724,2.08492960109172,23.84076159605957,8,25,7326,1.4194858328962352,,,
adaptive,223,0.5613594286013867,0.013054866930701015,0.0,0.0694021368274211,3.2537583276838595,25.009590322651707,8,25,7359,3.319760115343121,,,
adaptive,224,0.5619675220756052,0.012115317194204667,0.0,-0.4659739420963799,3.7298973395997486,25.485729334567598,8,25,7392,9.640972755947951,,,
adaptive,225,0.5619833804444322,0.01211927781911204,0.0,0.07760172771339,1.9420094209293512,23.6978414158972,8,25,7425,1.032220736350866,,,
adaptive,226,0.5619377910475465,0.012236722888819385,0.0,-0.025447797094089453,5.301916746421297,27.057748741389148,8,25,7458,7.19150508562719,,,
adaptive,227,0.5621828487278524,0.0117751879417628,0.0,-0.15361817432653802,2.0049067519910686,23.760738746958918,8,25,7491,1.25436266746622,,,
adaptive,228,0.5623059095373287,0.011636850561591139,0.0,-0.18202186822716568,1.9602697233110156,23.716101718278864,8,25,7524,0.7675212429206286,,,
adaptive,229,0.5624957754693308,0.011409134830666079,0.0,-0.12978298130950794,2.421406808714498,24.177238803682346,8,25,7557,1.6134768932657793,,,
adaptive,230,0.5626097380537232,0.01125200750006139,0.0,0.0060075992952900725,4.963616199299624,26.71944819426747,8,25,7590,6.836930307087966,,,
adaptive,231,0.5626685285786651,0.011237479625149982,0.0,-0.11696266859159282,3.9140460544579923,25.66987804942584,8,25,7623,4.501373634010543,,,
adaptive,232,0.5626491161885155,0.011561549922380565,0.0,-0.19107336136051792,4.753689136088929,26.50952113105678,8,25,7656,3.6248523719038075,,,
adaptive,233,0.562386072197756,0.012103991574033413,0.0,0.13511489972969615,5.57044562415833,27.32627761912618,8,25,7689,6.687935452281499,,,
adaptive,234,0.562698713790729,0.01164246783570233,0.0,-0.2486466357511743,2.1254405701985153,23.881272565166363,8,25,7722,0.816572199188278,,,
adaptive,235,0.5626715483838315,0.01184976641298996,0.0,0.19572860261826813,1.7932267190521334,23.54905871401998,8,25,7755,2.1070797285591047,,,
adaptive,236,0.5625690326950921,0.011788620807221206,0.0,0.12701026307495683,1.8566558001146785,23.61248779508253,8,25,7788,1.2516240380738024,,,
adaptive,237,0.5628944261909696,0.011403674770656735,0.0,-0.19649309480099064,1.7955504258570583,23.551382420824908,8,25,7821,1.047221349028841,,,
adaptive,238,0.5628382817475283,0.011541273752693426,0.0,-0.09521465988073273,4.329916765047141,26.08574876001499,8,25,7854,4.58939142965099,,,
adaptive,239,0.5628501025868377,0.01165767827473596,0.0,0.04469916684068494,2.0068905879077406,23.76272258287559,8,25,7887,1.25824434291384,,,
adaptive,240,0.5631228882360848,0.011200256488220095,0.0,-0.09381730194009513,2.8718883088407403,24.62772030380859,8,25,7920,2.001240355120021,,,
adaptive,241,0.5633600820810546,0.010752289274360338,0.0,0.037968821371687514,3.826865402560322,25.58269739752817,8,25,7953,3.0758633367296215,,,
adaptive,242,0.5635890125861056,0.010335983888999256,0.0,-0.17064987006247842,3.3553640537697205,25.11119604873757,8,25,7986,5.008028721281196,,,
adaptive,243,0.5637247839602326,0.010321617603698319,0.0,-0.1404531156638213,3.5796798585636096,25.335511853531457,8,25,8019,3.9898374745018446,,,
adaptive,244,0.564009932648854,0.009700241496355622,0.0,-0.07789544288173365,4.116878925830821,25.87271092079867,8,25,8052,3.891919846707272,,,
adaptive,245,0.5638978601204839,0.00995790918660655,0.0,0.09719009640316334,5.48481774345588,27.240649738423727,8,25,8085,7.087762488734483,,,
adaptive,246,0.564150961037117,0.009569990347838009,0.0,-0.09889373724915773,4.122963645582721,25.87879564055057,8,25,8118,6.197460814344956,,,
adaptive,247,0.5644503862613138,0.009112760701569522,0.0,-0.2265199789409046,3.3722800456008413,25.12811204056869,8,25,8151,2.5880722605567255,,,
adaptive,248,0.5646841253155768,0.009028429650297265,0.0,-0.22417611572320154,2.3148640336244957,24.070696028592344,8,25,8184,2.7592419831629194,,,
adaptive,249,0.5648812484196822,0.008838372683200313,0.0,-0.1560765221876469,3.1666904069035247,24.922522401871372,8,25,8217,3.4886825186209127,,,
adaptive,250,0.5652332776513066,0.00841521269982437,0.0,-0.3712726545948618,3.390509638581756,25.146341633549604,8,25,8250,2.871008253525453,,,
adaptive,251,0.5656992440702122,0.009096240420812918,0.0,-0.6108718474659559,3.569731149846654,25.325563144814502,8,25,8283,4.191736055690572,,,
adaptive,252,0.5658741810207228,0.007553984899779542,0.0,0.2791928126414306,2.4726753132090242,24.228507308176873,8,25,8316,1.8135896610739421,,,
adaptive,253,0.5660011936065629,0.00715846742998294,0.0,0.12401341855438422,4.1363774964312485,25.892209491399097,8,25,8349,3.4860760257462684,,,
adaptive,254,0.5663822140887511,0.007403390954279443,0.0,-0.17802867776962894,1.9965747656980486,23.7524067606659,8,25,8382,1.3843187078800183,,,
adaptive,255,0.5663416264342171,0.009425141140332993,0.0,-0.22734996906846283,2.361871842003242,24.117703836971092,8,25,8415,2.822278410193707,,,
adaptive,256,0.5663585874302692,0.010559360084623215,0.0,-0.09228025232766701,3.2226310554884936,24.97846305045634,8,25,8448,3.7502980511901365,,,
adaptive,257,0.5666990523047957,0.011147596780016866,0.0,-0.06369437302100311,2.475496262831708,24.231328257799557,8,25,8481,1.159711509549417,,,
adaptive,258,0.5668456781223887,0.00929563310135173,0.0,0.22626684446719686,3.5918425415806503,25.3476745365485,8,25,8514,4.09055135999643,,,
adaptive,259,0.5669129999750907,0.012670650597831679,0.0,-0.36250283868871536,2.588539737746776,24.344371732714624,8,25,8547,4.263181864270707,,,
adaptive,260,0.5670334193464055,0.010779213480180405,0.0,0.18280690450734766,3.2605101228493303,25.016342117817178,8,25,8580,3.5424194852792086,,,
adaptive,261,0.5671103343392704,0.017853867945086033,0.0,-0.7461087588934381,4.005554017599144,25.761386012566994,8,25,8613,4.294267712651334,,,
adaptive,262,0.5670910919287432,0.01569739814571869,0.0,0.23176022318652523,3.603306641628173,25.359138636596022,8,25,8646,4.066554384215282,,,
adaptive,263,0.5668531374853308,0.017195254417766037,0.0,-0.13137450199091386,3.2648515543011,25.02068354926895,8,25,8679,3.5531455003478567,,,
adaptive,264,0.5668706920325298,0.016576712248385084,0.0,0.07922705876203462,4.178972396920984,25.934804391888832,8,25,8712,3.5629874295673267,,,
adaptive,265,0.5668538229703536,0.015150918123316481,0.0,0.13767200803119556,1.758379853267085,23.514211848234932,8,25,8745,1.0257814433877486,,,
adaptive,266,0.56698154748991,0.012021624821001997,0.0,0.3097076516454293,1.9938577602219525,23.749689755189802,8,25,8778,1.730233716316949,,,
adaptive,267,0.5669767631602782,0.009907126307212466,0.0,0.23954795735425283,4.051902685454643,25.80773468042249,8,25,8811,4.343442012752484,,,
adaptive,268,0.5669842813148395,0.009807339189881525,0.0,0.011327189413910503,3.3573496556512388,25.113181650619087,8,25,8844,3.2981195650659823,,,
adaptive,269,0.5670819275464976,0.00861690243992641,0.0,0.10714578719005848,4.128189723183012,25.884021718150862,8,25,8877,3.2814528000120102,,,
adaptive,270,0.5670870886050549,0.006989609378387884,0.0,0.14002001814409754,1.9387006399663522,23.694532634934202,8,25,8910,1.9809869286015953,,,
adaptive,271,0.5671298435636054,0.008817299941389578,0.0,-0.23891285755553862,2.511289386935416,24.267121381903266,8,25,8943,2.593223472407594,,,
adaptive,272,0.5671043492908394,0.007519797765692449,0.0,0.18940407377144897,1.686104220997475,23.441936215965324,8,25,8976,1.3440808944594123,,,
adaptive,273,0.5670621514252033,0.006759728004708587,0.0,0.14520209799732686,3.8862429398487475,25.6420749348166,8,25,9009,4.421347487591985,,,
adaptive,274,0.5669050519636173,0.006730361599144752,0.0,0.04232025106991776,4.178796123025818,25.934628117993668,8,25,9042,3.672740473351314,,,
adaptive,275,0.5666561563261557,0.00706089742358007,0.0,0.1045698849744095,2.463460564077186,24.219292559045034,8,25,9075,1.0085126702906795,,,
adaptive,276,0.5663397371443546,0.007518289137287915,0.0,0.1890557075768852,4.2277923722688255,25.983624367236676,8,25,9108,3.979387004152094,,,
adaptive,277,0.5663247278150675,0.007554990916378568,0.0,-0.04496530557087866,2.8450007731516314,24.60083276811948,8,25,9141,1.163551367429384,,,
adaptive,278,0.5661801116231757,0.007592305920155806,0.0,0.3360168607656423,2.316117699814583,24.071949694782433,8,25,9174,2.269741199559201,,,
adaptive,279,0.5662168100792276,0.00754837107457873,0.0,0.023392045358656875,3.7636862161965117,25.51951821116436,8,25,9207,3.7887897432781874,,,
adaptive,280,0.5663457488622025,0.007460779859428501,0.0,-0.15420869407933627,2.067235294340499,23.823067289308348,8,25,9240,1.4894194242881287,,,
adaptive,281,0.5665026772372971,0.00722906147328628,0.0,-0.15025334454084624,4.254054183348086,26.009886178315934,8,25,9273,2.6723440521802972,,,
adaptive,282,0.5665642542162944,0.007199066236732388,0.0,0.15833107276104777,1.6999367235830554,23.455768718550903,8,25,9306,1.43580227498031,,,
adaptive,283,0.5666019266389413,0.0072548083385108875,0.0,-0.03982416709709847,3.554915772888183,25.310747767856032,8,25,9339,2.9791038706781325,,,
adaptive,284,0.5665614818329121,0.00722126792971467,0.0,0.23693829898005264,4.378944663266927,26.134776658234777,8,25,9372,3.895400958009112,,,
adaptive,285,0.5667241834097341,0.006895542626719542,0.0,0.0050535200705517465,5.726016500093477,27.481848495061328,250,25,9647,7.206956334211846,,,
adaptive,286,0.5668969155033723,0.006518121219341921,0.0,-0.010488284871366898,1.7921798573611571,23.548011852329005,250,25,9922,1.2307517744861145,,,
adaptive,287,0.5668581813336544,0.006659079822295522,0.0,0.035724019103946625,3.9094553281406146,25.665287323108466,250,25,10197,3.5610771959067504,,,
adaptive,288,0.5666582719464711,0.0067828973321814034,0.0,-0.023739049109018855,1.9452392312009448,23.701071226168793,250,25,10472,1.2404550227002036,,,
adaptive,289,0.5669829791664559,0.006365419167945197,0.0,0.012246547058806805,4.261308341506621,26.01714033647447,250,25,10747,3.5360783436866567,,,
adaptive,290,0.5670888772370886,0.006165695358537171,0.0,0.06183501302566754,2.2749311174682254,24.030763112436073,250,25,11022,0.9637440487106197,,,
adaptive,291,0.5672745332581168,0.005711709360001871,0.0,-0.03741942268736222,2.8948393383493025,24.650671333317153,250,25,11297,1.1107189074930433,,,
adaptive,292,0.5671335111831669,0.0058803312074919845,0.0,0.028799320101356378,4.918689956835859,26.674521951803708,250,25,11572,7.5775242576077195,,,
adaptive,293,0.567082592589253,0.006061989959350367,0.0,-0.021943689083240844,3.667393928514853,25.423225923482704,250,25,11847,3.1908549027193294,,,
adaptive,294,0.5673873157240752,0.0055878661195083446,0.0,0.004383185512380134,5.26638865702176,27.02222065198961,250,25,12122,7.279837672626537,,,
adaptive,295,0.5675867051127697,0.005349041594881254,0.0,-0.09760060561541845,1.7590487934303745,23.514880788398223,250,25,12397,1.6525392972774255,,,
adaptive,296,0.5676888402232346,0.005086252239041467,0.0,0.029972752142107213,2.065318205670588,23.82115020063844,250,25,12672,1.0985903956917034,,,
adaptive,297,0.5677931863644665,0.004876318745044128,0.0,-0.03250444469239352,3.679257276573623,25.43508927154147,250,25,12947,3.0041846119042557,,,
adaptive,298,0.5680356705936555,0.0046799137788624545,0.0,-0.0747031153381216,3.775909026731017,25.531741021698867,250,25,13222,2.9981689280112462,,,
adaptive,299,0.5681315795251514,0.004595409443572729,0.0,-0.02209997796668748,3.282171716286402,25.03800371125425,250,25,13497,3.269319781367427,,,
adaptive,300,0.5682258638053362,0.0043923770058548195,0.0,-0.03190746627661861,2.967475944360571,24.72330793932842,250,25,13772,3.0136230335769714,,,
adaptive,301,0.5682655427203966,0.004405068241965404,0.0,-0.007098779595579354,3.9515361729114007,25.70736816787925,250,25,14047,3.7857736219705083,,,
adaptive,302,0.5683128048610498,0.004300587324494787,0.0,-0.024633907507725178,2.1469792651186586,23.90281126008651,250,25,14322,1.2177457950822743,,,
adaptive,303,0.5683713689169516,0.004283787915116299,0.0,-0.01739980236452764,3.446263797580771,25.20209579254862,250,25,14597,3.6333162092349083,,,
adaptive,304,0.5684993340694838,0.004056423785113505,0.0,-0.005435984555131356,4.125124506855756,25.880956501823604,250,25,14872,3.789524577945776,,,
adaptive,305,0.5683516102999511,0.004164774865466958,0.0,0.07090089745928858,3.0713835539896825,24.827215548957533,250,25,15147,4.109067798686718,,,
adaptive,306,0.5686785759815721,0.004000330590516854,0.0,0.013505221372553418,2.3082655857472187,24.064097580715067,250,25,15422,1.096270279974174,,,
adaptive,307,0.5686335592752723,0.003955841022303064,0.0,0.0598402108203579,2.775410318568214,24.53124231353606,250,25,15697,2.7688941226428554,,,
adaptive,308,0.568583184383119,0.004225572448220749,0.0,0.03647880831539412,5.296421174338623,27.05225316930647,250,25,15972,6.54684516872583,,,
adaptive,309,0.5684305429118688,0.004339708241471785,0.0,0.0043402614823540835,4.359181742540723,26.115013737508573,250,25,16247,3.531118115068119,,,
adaptive,310,0.5684106492758298,0.004144662625507167,0.0,0.022646983723805476,2.1029250931609216,23.85875708812877,250,25,16522,1.3129953526151426,,,
adaptive,311,0.5683619274372051,0.004271249395806809,0.0,-0.07862954131332577,2.5129204642658935,24.268752459233742,250,25,16797,1.8697763493029074,,,
adaptive,312,0.5685284317409064,0.004648932469955347,0.0,-0.0520249343213555,2.749473701520299,24.505305696488147,250,25,17072,1.1400749483645212,,,
adaptive,313,0.568433186832084,0.004503969096399718,0.0,-0.012072202861761153,4.557689808264386,26.313521803232234,250,25,17347,3.4728043659518177,,,
adaptive,314,0.5681748701235029,0.004200008837790814,0.0,-0.046618321083989916,2.2680900525576866,24.023922047525534,250,25,17622,1.3038544630226219,,,
adaptive,315,0.5682416862154994,0.004187380331220458,0.0,0.01709934593453362,2.0563155210555037,23.81214751602335,250,25,17897,1.2558796762909932,,,
adaptive,316,0.5682303939636061,0.0042927860486710046,0.0,0.014831303037746256,4.210359077884004,25.966191072851853,250,25,18172,3.7870477683591193,,,
adaptive,317,0.5681774401778565,0.004377586494660357,0.0,-0.015039807394981753,2.7017168361615793,24.45754883112943,250,25,18447,1.2701356402799313,,,
adaptive,318,0.5681112301987961,0.004414631599754193,0.0,0.00672584875749959,3.993665693414224,25.74949768838207,250,25,18722,3.3456191917569464,,,
adaptive,319,0.5680871177698626,0.004332782214490405,0.0,0.08029710065953319,2.733501073591807,24.489333068559656,250,25,18997,1.130494793148073,,,
adaptive,320,0.5681460701042358,0.00442467226730936,0.0,-0.005583754622350136,1.7049728301632292,23.460804825131078,250,25,19272,1.3627082293335107,,,
adaptive,321,0.5681270566921354,0.004475066056453758,0.0,0.0315308405078472,1.957326218131914,23.713158213099764,250,25,19547,1.0622281372381948,,,
adaptive,322,0.5679687983112869,0.004751073854873944,0.0,-0.02565752266011534,1.866798887272623,23.622630882240472,250,25,19822,1.3700633944747032,,,
adaptive,323,0.5678730552495083,0.004842257988462051,0.0,0.04018274567985766,2.044235711291842,23.80006770625969,250,25,20097,1.1495049501428496,,,
adaptive,324,0.5679305530266019,0.0047608758267798645,0.0,-0.011830914551930744,5.4318738477325414,27.18770584270039,250,25,20372,7.066533508322548,,,
adaptive,325,0.5677125448450214,0.005068030111187172,0.0,0.036318943261084015,2.129183803659781,23.88501579862763,250,25,20647,1.2659050558313032,,,
adaptive,326,0.5676293743914131,0.005103279968341701,0.0,-0.02041884085177723,1.8936253530093365,23.649457347977187,250,25,20922,1.4182414537393804,,,
adaptive,327,0.5677250327289302,0.004819734904318751,0.0,-0.025027768028358734,3.666648268442181,25.42248026341003,250,25,21197,3.6245016766097016,,,
adaptive,328,0.5677253919391678,0.004834047725080226,0.0,-0.054348417305412094,3.7886619109647937,25.544493905932644,250,25,21472,6.769694969980003,,,
adaptive,329,0.5677951020672974,0.004675311549525496,0.0,9.343106241927294e-05,2.767483824944379,24.523315819912227,250,25,21747,1.1905437019105434,,,
adaptive,330,0.567783684318579,0.0048622942620374365,0.0,0.009716387988412406,4.558060097869052,26.313892092836902,250,25,22022,6.955147552097889,,,
adaptive,331,0.567797524519085,0.005057597165124328,0.0,-0.02558644126264688,2.0732991720378444,23.829131167005695,250,25,22297,1.164825773694698,,,
adaptive,332,0.5677696227631436,0.005054075853895168,0.0,-0.045809111105692885,4.233424174975282,25.989256169943133,250,25,22572,3.7732618717150173,,,
adaptive,333,0.5680427541817752,0.004672194475676572,0.0,-0.03031864520254346,3.528817400230935,25.284649395198784,250,25,22847,3.0581602963573995,,,
adaptive,334,0.5679174820386335,0.0048958882750069765,0.0,0.04086856077195886,2.1628308644405996,23.91866285940845,250,25,23122,1.278456961983678,,,
adaptive,335,0.5681522647622682,0.004564539201922346,0.0,-0.07009475489940939,2.184303892621516,23.940135887589364,250,25,23397,1.1898518919140502,,,
adaptive,336,0.5678330908088974,0.004945559614147332,0.0,-0.0016499969829230886,2.6634362658456703,24.41926826081352,250,25,23672,1.2741757622152443,,,
adaptive,337,0.5677250962199121,0.00490131522002657,0.0,0.059479331771546746,2.3173197894187236,24.073151784386575,250,25,23947,1.1389495417847464,,,
adaptive,338,0.5677739153364413,0.004927194008017444,0.0,-0.03734844158160157,2.8458218012575465,24.601653796225396,250,25,24222,3.59230876398709,,,
adaptive,339,0.5675145698826297,0.005277320715205702,0.0,0.10151903185206375,2.6582723157078822,24.414104310675732,250,25,24497,1.215373579160879,,,
adaptive,340,0.5675621874091064,0.0052684577820447664,0.0,-0.06408443040164793,5.051877702873293,26.80770969784114,250,25,24772,11.592254478712515,,,
adaptive,341,0.5676253146751931,0.0053915657897288805,0.0,0.007280678893595497,6.071076893614591,27.82690888858244,250,25,25047,6.6872954039471715,,,
adaptive,342,0.5676868269740193,0.005447725119817726,0.0,-0.06327133675624391,3.211544949961262,24.96737694492911,250,25,25322,3.44331594735078,,,
adaptive,343,0.5675919421501803,0.005740624273244399,0.0,-0.00682153618428836,2.447378953255663,24.20321094822351,250,25,25597,1.27826267515501,,,
adaptive,344,0.567578168464572,0.005769170549514091,0.0,0.017957333426339758,3.273961829845654,25.029793824813503,250,25,25872,4.023686792046189,,,
adaptive,345,0.5675674668175926,0.005821145302715158,0.0,0.03478949906879118,3.6008670770638176,25.356699072031667,250,25,26147,3.216438713263093,,,
adaptive,346,0.567477114673109,0.005915095975878137,0.0,0.07155384927384603,4.348367088507845,26.104199083475695,250,25,26422,2.9385750878578434,,,
adaptive,347,0.5676165588503126,0.005725127737889024,0.0,-0.007794143783042229,2.2630827877711144,24.018914782738964,250,25,26697,1.1460105242533554,,,
adaptive,348,0.567676613544136,0.0055084489586532115,0.0,-0.06076851817875048,2.0680875587417225,23.823919553709572,250,25,26972,1.0893418237885026,,,
adaptive,349,0.5675984532443403,0.005497854227588417,0.0,0.044991046694411285,4.181977988187887,25.937809983155738,250,25,27247,3.5416634854866476,,,
adaptive,350,0.567855467573845,0.005277155983404058,0.0,0.037268201775787976,2.3347471096467274,24.090579104614577,250,25,27522,1.0636797494675443,,,
adaptive,351,0.5679751889138371,0.0049524381717171995,0.0,0.005535641955483926,3.69062950010461,25.44646149507246,250,25,27797,3.828712528218723,,,
adaptive,352,0.5681150978673729,0.004801931546567717,0.0,-0.009302479872309343,1.7763211863657473,23.532153181333598,250,25,28072,1.3051803954067276,,,
adaptive,353,0.5679107158809743,0.004970182425623748,0.0,0.0019837055783850357,1.611546236407361,23.36737823137521,250,25,28347,0.4874026677423737,,,
adaptive,354,0.5681788618374595,0.004414834332996054,0.0,0.05958134673575039,4.0939040755968925,25.84973607056474,250,25,28622,3.753251959995216,,,
adaptive,355,0.5681828469929073,0.00428486927906957,0.0,0.027063072130207633,2.7107111731816143,24.466543168149464,250,25,28897,1.1113545695291358,,,
adaptive,356,0.5683425700275005,0.004001016239748578,0.0,0.011736655990512945,2.4252377218121643,24.181069716780012,250,25,29172,1.0758036083146263,,,
adaptive,357,0.5681009613197209,0.004397566804434039,0.0,-0.018544881751438994,6.019229044224616,27.775061039192465,250,25,29447,7.165127382965935,,,
adaptive,358,0.5682710919286114,0.0042290887793927645,0.0,0.04408325240112812,3.352959282566758,25.108791277534607,250,25,29722,3.60531549947815,,,
adaptive,359,0.5681216497107228,0.004475914174324358,0.0,0.015908774773591344,3.3151552303489096,25.07098722531676,250,25,29997,3.670429529900538,,,
adaptive,360,0.5682296850281443,0.00429994986924831,0.0,0.03709126426598367,2.0242991910353956,23.780131186003246,250,25,30272,1.3390132580048593,,,
adaptive,361,0.568033405206652,0.004592438647301966,0.0,0.052160931795715806,1.8676885978432358,23.623520592811087,250,25,30547,1.1842207379610223,,,
adaptive,362,0.5678973961224254,0.004776347086661414,0.0,0.04171081010687469,2.056378766603493,23.812210761571343,250,25,30822,1.2041045480944794,,,
adaptive,363,0.5680637033870463,0.004504893039970037,0.0,-0.022231699395484302,5.653566451990621,27.40939844695847,250,25,31097,6.844430990614661,,,
adaptive,364,0.5681028556608483,0.004579490408570308,0.0,-0.036247849231851405,4.347209463542279,26.103041458510127,250,25,31372,6.827489332205576,,,
adaptive,365,0.5678788260084433,0.004844889962348442,0.0,0.0684810946016267,2.730261881094437,24.486093876062284,250,25,31647,3.7134017355471913,,,
adaptive,366,0.56782560635987,0.004852250366943811,0.0,0.03590458600699894,3.9537520803412605,25.70958407530911,250,25,31922,3.2076628171385995,,,
adaptive,367,0.5677717693004208,0.004920838939148298,0.0,-0.029571982224050525,2.241292390852078,23.997124385819927,250,25,32197,1.476992934596527,,,
adaptive,368,0.5677970073652044,0.004780735370942479,0.0,0.029286436171177682,4.138915960385791,25.89474795535364,250,25,32472,3.6042085236562005,,,
adaptive,369,0.5679400013609708,0.00453871717499732,0.0,-0.017632852265515517,4.827180033526697,26.583012028494547,250,25,32747,6.860368646249914,,,
adaptive,370,0.5678947274659514,0.00460216438512262,0.0,-0.029315916886689483,2.2877575438820283,24.04358953884988,250,25,33022,0.9867771508977355,,,
adaptive,371,0.5678136627705997,0.004775915730288571,0.0,0.03737263916380024,2.0222300783460607,23.77806207331391,250,25,33297,1.0856854312122914,,,
adaptive,372,0.5678901264390223,0.004652626052633169,0.0,0.047044021430608145,4.224711421157456,25.980543416125304,250,25,33572,3.4219787241249784,,,
adaptive,373,0.567782897862304,0.0048091916542425395,0.0,0.015962388734498238,7.023352413094061,28.77918440806191,250,25,33847,11.689875526931706,,,
adaptive,374,0.5677832378860378,0.0046809845646224035,0.0,0.035472583072737034,3.260043631771638,25.015875626739486,250,25,34122,4.104132218078655,,,
adaptive,375,0.567928069116887,0.0044257520284496366,0.0,-0.0027748117991250884,4.185278339170165,25.941110334138013,250,25,34397,3.307192185805181,,,
adaptive,376,0.5680759952516987,0.004256753918200129,0.0,-0.005120157828548127,2.580713307969252,24.3365453029371,250,25,34672,1.5170164978644736,,,
adaptive,377,0.5680502500959979,0.004311857785891937,0.0,-0.057315783503453566,3.9182185084504617,25.67405050341831,250,25,34947,3.1816174572601734,,,
adaptive,378,0.5681095606195564,0.0044521509158199635,0.0,0.02413637797922089,3.9663224762395326,25.722154471207382,250,25,35222,3.1534579177550377,,,
adaptive,379,0.5682779309912811,0.004727187513847264,0.0,-0.010483841135541214,4.058767438973122,25.81459943394097,250,25,35497,3.5969780749235887,,,
adaptive,380,0.568116377220312,0.004473618215945496,0.0,0.048639996659982775,3.908674815747932,25.664506810715782,250,25,35772,3.721668024053218,,,
adaptive,381,0.5682112177178537,0.004598050013748467,0.0,0.01787554415017941,2.998005702966614,24.753837697934465,250,25,36047,3.411067393442583,,,
adaptive,382,0.5683169139373468,0.004425494893304682,0.0,0.022775698867687114,1.048341077439337,22.804173072407185,250,25,36322,0.3869097830339529,,,
adaptive,383,0.5682733843919725,0.004294561525497342,0.0,-0.023380766472237965,2.785432185470624,24.541264180438475,250,25,36597,1.126567098446021,,,
adaptive,384,0.5681616976178101,0.004056609789873877,0.0,0.048348261014674064,3.6979451979124613,25.45377719288031,250,25,36872,3.859353539349098,,,
adaptive,385,0.5681617302670493,0.004187663059310731,0.0,-0.019689966190034776,4.023566301252638,25.779398296220485,250,25,37147,3.567671098517821,,,
adaptive,386,0.5682845721796941,0.00414491840864839,0.0,0.06681906479492254,4.434605426101223,26.19043742106907,250,25,37422,3.278852356401801,,,
adaptive,387,0.5682506269249696,0.004247553116405123,0.0,-0.004146320679516249,4.149631959280145,25.905463954247995,250,25,37697,3.2327916603216695,,,
adaptive,388,0.5682051765065254,0.00403632694026812,0.0,0.01536203150306933,2.205134451948429,23.960966446916277,250,25,37972,1.272774137529937,,,
adaptive,389,0.5682394947331931,0.0039557731766961535,0.0,0.019411522389577312,5.4751245515401115,27.23095654650796,250,25,38247,7.704952291984782,,,
adaptive,390,0.5683510662846403,0.0041526787365453455,0.0,0.040362709921785686,2.8338566999275243,24.589688694895372,250,25,38522,1.2243805605297506,,,
adaptive,391,0.5681687826223644,0.004370134028191197,0.0,0.024782299998478616,3.874513930241141,25.63034592520899,250,25,38797,3.3859676269374135,,,
adaptive,392,0.5682984207617712,0.0044967298555561586,0.0,-0.022711925041427408,5.7248642047817855,27.480696199749634,250,25,39072,7.185312768382761,,,
adaptive,393,0.5683179315778352,0.004198185142106681,0.0,-0.056090647219503464,2.6269960616309467,24.382828056598797,250,25,39347,1.213066295788259,,,
adaptive,394,0.5681240789391837,0.0043742266196797885,0.0,0.038301767475784274,3.6296731125482826,25.38550510751613,250,25,39622,3.753535978306871,,,
adaptive,395,0.5682014895781854,0.004505679556290443,0.0,0.03066651691781195,2.187484058548553,23.9433160535164,250,25,39897,1.0906629706314304,,,
adaptive,396,0.5685675529661682,0.004590888253155012,0.0,-0.04299393079391209,4.142771905636946,25.898603900604794,250,25,40172,2.9843473374800387,,,
adaptive,397,0.5682967495166834,0.004503290698744,0.0,-0.04554676844986289,3.0931566579013445,24.848988652869195,250,25,40447,3.7871129612812493,,,
adaptive,398,0.5680843134727865,0.004723772174170415,0.0,0.03366063241599481,2.7724145602104864,24.528246555178335,250,25,40722,1.2165757472608643,,,
adaptive,399,0.5681440379966427,0.0044361107450930914,0.0,0.04267588201206922,3.28953044423819,25.045362439206038,250,25,40997,3.3003574734355703,,,
adaptive,400,0.568041379990999,0.004689351574844514,0.0,-0.014114128372334318,1.0224251837911333,22.77825717875898,250,25,41272,0.5366574489745541,,,
adaptive,401,0.5680178210185625,0.004773418573967625,0.0,-0.02528648931794527,1.9590147419741653,23.714846736942015,250,25,41547,1.072570265149056,,,
adaptive,402,0.5681690471473042,0.004460881675846351,0.0,-0.018378265802312516,3.6199200106304708,25.37575200559832,250,25,41822,3.3232305762714085,,,
adaptive,403,0.56802297447652,0.004637119874687956,0.0,0.0024131241810332613,4.195477310324639,25.95130930529249,250,25,42097,3.942618611143413,,,
adaptive,404,0.5680027811170517,0.004717513465635648,0.0,0.0647103318035212,1.9229507491403648,23.678782744108215,250,25,42372,1.5829833203777868,,,
adaptive,405,0.5681692907118902,0.004461158146348176,0.0,-0.02619946885443728,5.453625939258307,27.209457934226158,8,25,42405,7.207779470618846,,,
adaptive,406,0.5686621893038813,0.004632064644788381,0.0,-0.32341384721503286,2.1096592213313294,23.86549121629918,8,25,42438,0.6863782900301254,,,
adaptive,407,0.568969570662697,0.005229630879565961,0.0,-0.12030891370319291,2.7163801104826932,24.47221210545054,8,25,42471,2.2563356600546443,,,
adaptive,408,0.5689971360016879,0.004949787386222093,0.0,0.06812160849423221,4.167882352749362,25.923714347717212,8,25,42504,4.092452632109618,,,
adaptive,409,0.5687752919394157,0.004696075494261542,0.0,0.21377835347418467,1.820604146386043,23.57643614135389,8,25,42537,1.1182682333545582,,,
adaptive,410,0.5687805534836271,0.0043979154647836305,0.0,0.2759493388060936,2.6647072070609483,24.4205392020288,8,25,42570,1.8551764924970275,,,
adaptive,411,0.5690653554352868,0.004382692613339456,0.0,-0.14051130993972963,2.586472986195125,24.342304981162975,8,25,42603,1.3010448109377095,,,
adaptive,412,0.5691816892480892,0.004384563267535557,0.0,-0.22393424916208665,2.9282590210950814,24.68409101606293,8,25,42636,2.9563799579378456,,,
adaptive,413,0.568833662881095,0.003775145101711286,0.0,0.43696884179578294,2.5411743824851696,24.29700637745302,8,25,42669,2.5287577899204114,,,
adaptive,414,0.5689808513243961,0.0034617549792208546,0.0,-0.18064627930640761,4.309036346042756,26.064868341010605,8,25,42702,2.6879934588619374,,,
adaptive,415,0.5692598714158322,0.003170073787638117,0.0,0.02154469979710712,2.929722413947298,24.68555440891515,8,25,42735,1.205218281102177,,,
adaptive,416,0.5690520186803725,0.0031118847035334074,0.0,0.2037784684874399,2.7022216489851494,24.458053643952997,8,25,42768,1.1606654211795706,,,
adaptive,417,0.5690584678174113,0.0030612028006349323,0.0,0.05309724089124553,2.836103107038114,24.591935102005962,8,25,42801,1.4420482731780162,,,
adaptive,418,0.5690715569033721,0.003000360938910429,0.0,-0.013514633478437087,2.2987308258747117,24.054562820842563,8,25,42834,1.3249583853765698,,,
adaptive,419,0.5687497427837879,0.0033275359755858824,0.0,0.19109542697643114,2.358449324496629,24.114281319464478,8,25,42867,1.6858181314613172,,,
adaptive,420,0.5687979683784083,0.0032876082200615775,0.0,0.03767555191751589,3.2464595766046305,25.002291571572478,8,25,42900,2.9939759457555044,,,
adaptive,421,0.5692542365117286,0.002838418268077514,0.0,-0.2552427797952879,2.8416902931405517,24.5975222881084,8,25,42933,1.243649991358358,,,
adaptive,422,0.5693737299379587,0.002957666034346995,0.0,-0.12973024422417825,4.384962113712009,26.14079410867986,8,25,42966,3.1979401887353394,,,
adaptive,423,0.5696886393769922,0.003412839774447174,0.0,-0.05252393347571025,5.846222519427173,27.60205451439502,250,25,43241,7.133652990091008,,,
adaptive,424,0.5696045769248071,0.0035084547347287165,0.0,0.019131539368466528,3.929078632199023,25.68491062716687,250,25,43516,3.4308321348863076,,,
adaptive,425,0.5696802845881083,0.003808780135791001,0.0,0.033114867365372266,2.757872134881144,24.513704129848993,250,25,43791,1.3787521286624098,,,
adaptive,426,0.5698974413512741,0.0038304157858718435,0.0,-0.014214998180358552,3.7914186137199097,25.547250608687758,250,25,44066,2.9795995823444925,,,
adaptive,427,0.5698581707296516,0.0036930810616713217,0.0,0.05230665385815571,4.071349629477832,25.827181624445682,250,25,44341,2.9205838620361337,,,
adaptive,428,0.5699917892509035,0.0038967992058348555,0.0,0.002617016055625153,2.8828628279308166,24.638694822898664,250,25,44616,1.0466231266034374,,,
adaptive,429,0.5697386514763977,0.003670629044337903,0.0,-0.02274691318417157,2.1486614748282475,23.904493469796098,250,25,44891,1.1766352925754398,,,
adaptive,430,0.5696780443801388,0.0031686948189144637,0.0,0.022547012570052153,5.315433094979359,27.071265089947207,250,25,45166,7.545444554049651,,,
adaptive,431,0.5695517128976464,0.002842413280930489,0.0,0.017826563659105624,3.251771047532184,25.007603042500033,250,25,45441,3.4320499338195787,,,
adaptive,432,0.5697986796462846,0.002930941134160925,0.0,-0.03509732122765732,3.0229796657444714,24.77881166071232,250,25,45716,2.8946235193782095,,,
adaptive,433,0.5698655891603626,0.0026972225863794996,0.0,0.04267109802091913,4.422255994727798,26.178087989695648,250,25,45991,7.026407708475672,,,
adaptive,434,0.5698154872944048,0.0031635748867338,0.0,-0.022688709022014142,2.6285232607242675,24.384355255692117,250,25,46266,1.1636095254830738,,,
adaptive,435,0.5696372163329569,0.0030896494294625487,0.0,0.08881138828377891,3.5718724525395356,25.327704447507386,250,25,46541,3.8163777025510695,,,
adaptive,436,0.5694497097330312,0.0027929852331965987,0.0,0.005853197341893712,3.8175177910863143,25.573349786054163,250,25,46816,3.893148586174449,,,
adaptive,437,0.5695206033238179,0.0029777096712035878,0.0,0.008332452547076393,1.347144227679046,23.102976222646895,250,25,47091,0.4379217615155791,,,
adaptive,438,0.5692974240847664,0.0027777347248342243,0.0,-0.015657963516906154,3.250645653256094,25.006477648223942,250,25,47366,2.903566033664355,,,
adaptive,439,0.5692051840768713,0.002598025549955474,0.0,-0.01974072666536298,2.2877667047872148,24.043598699755066,250,25,47641,0.9713720121919567,,,
adaptive,440,0.5692391097505082,0.0029322720661779655,0.0,0.03104448005488191,2.7526338168164566,24.508465811784305,250,25,47916,1.2971315273674087,,,
adaptive,441,0.5689059669323343,0.0028699477866129808,0.0,-0.048952331790102034,2.472739078758067,24.228571073725917,250,25,48191,1.3513625232988338,,,
adaptive,442,0.5686012620573905,0.0032429271170842933,0.0,-0.035753471809988426,3.921270835204312,25.67710283017216,250,25,48466,3.2666257435046626,,,
adaptive,443,0.5687475690038848,0.003091134248991989,0.0,0.08267566129937734,4.241580601180822,25.99741259614867,250,25,48741,4.158008432377895,,,
adaptive,444,0.5689270466003264,0.0029003066419476253,0.0,-0.0328091538007658,2.847719524902949,24.6035515198708,250,25,49016,2.9472575496392786,,,
adaptive,445,0.5690505913064117,0.0032143129775231705,0.0,-0.03079070961910183,2.248033830065085,24.003865825032936,250,25,49291,1.4332537767939568,,,
adaptive,446,0.5690302334204312,0.003108443208588496,0.0,-0.01870688075954414,2.2527476711799785,24.008579666147828,250,25,49566,1.1238757205480567,,,
adaptive,447,0.5691297169960111,0.0034072987048391346,0.0,-0.04626773902571999,4.199580058395403,25.955412053363254,250,25,49841,3.9413585275784753,,,
adaptive,448,0.5692786777743822,0.0032842184635952787,0.0,-0.013868028079307848,4.943968689146099,26.69980068411395,250,25,50116,6.875665827976834,,,
adaptive,449,0.5692486396630495,0.003429679652337758,0.0,0.0009335022481305655,3.315780742741188,25.07161273770904,250,25,50391,3.4791709793124594,,,
adaptive,450,0.569159202883917,0.003617819348719964,0.0,0.00486886539934648,1.9778366395788816,23.73366863454673,250,25,50666,1.082633578059967,,,
adaptive,451,0.5691890166367976,0.0038457258074147127,0.0,0.04982235460926415,1.4240681016159418,23.17990009658379,250,25,50941,0.36733394695590527,,,
adaptive,452,0.5693316437679494,0.0041982113284940725,0.0,0.011019428854602898,3.0942520017753696,24.85008399674322,250,25,51216,3.7754862124516237,,,
adaptive,453,0.5692073434777154,0.003920992034492254,0.0,0.0007131686759294784,2.3390666900198993,24.094898684987747,250,25,51491,1.4526162214448748,,,
adaptive,454,0.5691713328611507,0.0037571189457634713,0.0,-0.06541758994832497,5.364057964459331,27.11988995942718,250,25,51766,7.656357352181518,,,
adaptive,455,0.569075940340329,0.0034379178689477596,0.0,0.067359638774173,2.9063797382253305,24.66221173319318,250,25,52041,3.489245803229581,,,
adaptive,456,0.5689769216616203,0.003329411690422779,0.0,0.012978017810673165,3.624496823474895,25.380328818442745,250,25,52316,3.4635187994708874,,,
adaptive,457,0.5689548570448771,0.0037499003549673615,0.0,0.06827163058476887,2.0926438335874313,23.84847582855528,250,25,52591,1.519385682396586,,,
adaptive,458,0.5687534380088768,0.0037469450055318543,0.0,-0.004019091664504734,4.314010861797846,26.069842856765696,250,25,52866,3.258247455106122,,,
adaptive,459,0.5688228793956789,0.003776624683826446,0.0,-0.013183500175464028,2.5971853778529708,24.35301737282082,250,25,53141,1.3080308518655905,,,
adaptive,460,0.5686758306053166,0.003840076053795549,0.0,-0.0011565130979054679,7.1449867840617145,28.900818779029564,250,25,53416,18.269611328959403,,,
adaptive,461,0.5687978675363904,0.003708964555481975,0.0,-0.03233872600742222,2.9741830502768973,24.73001504524475,250,25,53691,1.3535704614032213,,,
adaptive,462,0.5690065208586158,0.0035554539140951746,0.0,-0.08134957123119814,3.606506045562472,25.36233804053032,250,25,53966,3.612723260571504,,,
adaptive,463,0.5690377477095436,0.0038343183386077007,0.0,-0.008946251557918089,2.2346860519631364,23.990518046930987,250,25,54241,1.0879835199701637,,,
adaptive,464,0.5690472761146512,0.003973562086617588,0.0,-0.03672905398134745,1.6868026147967887,23.44263460976464,250,25,54516,1.6300278928002936,,,
adaptive,465,0.5691898414078748,0.003936198528497248,0.0,-0.026958131122209628,3.065427975497283,24.82125997046513,250,25,54791,3.052502697371162,,,
adaptive,466,0.5692815210246047,0.0043216449883733965,0.0,-0.03301206870157603,2.7739648596824407,24.52979685465029,250,25,55066,3.135182175206235,,,
adaptive,467,0.5693445695068432,0.0045696792628689975,0.0,0.033746535523839286,3.151960274838739,24.90779226980659,250,25,55341,3.646615024872068,,,
adaptive,468,0.5693429416413902,0.004509105318966089,0.0,0.030230443118604785,3.0448834669866143,24.800715461954464,250,25,55616,3.2897945218789477,,,
adaptive,469,0.569230892374799,0.004299981622379323,0.0,-0.03494194792437065,2.7159049205187147,24.471736915486563,250,25,55891,1.2496619681364503,,,
adaptive,470,0.5693888262872338,0.0039730340279150456,0.0,-0.02448261283534473,3.1607429309115003,24.91657492587935,250,25,56166,3.7841399934969444,,,
adaptive,471,0.5694387501186718,0.0037059042868728964,0.0,0.010292563144532888,2.5933679118712054,24.349199906839054,250,25,56441,1.2943221969883003,,,
adaptive,472,0.5693226703254015,0.0038149542875111075,0.0,0.019245341117673984,3.3955552589793054,25.151387253947156,250,25,56716,3.6228302793615454,,,
adaptive,473,0.5695402063616238,0.00416098020161082,0.0,0.010189207257704695,2.682656307991718,24.438488302959566,250,25,56991,1.1425221948793227,,,
adaptive,474,0.5696515918141839,0.004161432413505972,0.0,0.007257290176062317,4.306587306061293,26.06241930102914,250,25,57266,6.603289538033515,,,
adaptive,475,0.5696136404179821,0.0041167062738382,0.0,-0.041194989013579174,5.899239262407701,27.65507125737555,250,25,57541,6.8904719409297766,,,
adaptive,476,0.5696604273396767,0.004284098571142647,0.0,-0.0030952551103385646,2.0009834888343567,23.756815483802207,250,25,57816,1.0790543216859418,,,
adaptive,477,0.5699693844717446,0.0044928742222412055,0.0,-0.04257579933117762,2.3490861385779676,24.104918133545816,250,25,58091,1.153555318616129,,,
adaptive,478,0.5702262203820171,0.0044703815921404155,0.0,0.012353533004152317,2.7002377155783637,24.456069710546213,250,25,58366,1.2888023119186565,,,
adaptive,479,0.5703404926008404,0.004413528643937958,0.0,-0.06499558194933025,4.078460047689857,25.834292042657708,250,25,58641,3.8340490625027193,,,
adaptive,480,0.5703384492696085,0.004794239266800782,0.0,0.0006672953594354591,1.7840967442137274,23.539928739181576,250,25,58916,1.3674395943408262,,,
adaptive,481,0.5701545619779499,0.004661237526945694,0.0,0.004914239213642087,4.35907213494008,26.114904129907927,250,25,59191,2.8913029688923153,,,
adaptive,482,0.5702323783348832,0.004534084322407095,0.0,-0.03926059311500646,2.9016216942272948,24.657453689195144,250,25,59466,1.4247327926076157,,,
adaptive,483,0.5702040524063502,0.004376413507519272,0.0,-0.04514143612563824,3.734712123919466,25.490544118887314,250,25,59741,3.462363030926638,,,
adaptive,484,0.5701577065052997,0.004642957466150954,0.0,0.01932489939577773,2.1807897233271096,23.93662171829496,250,25,60016,1.2862312241720046,,,
adaptive,485,0.5701323785413976,0.004892854416772119,0.0,-0.026065617121537595,2.897274471122825,24.653106466090673,250,25,60291,1.3465032392988154,,,
adaptive,486,0.5700432970910826,0.005325382033298465,0.0,0.04322547621606047,3.182038008536188,24.937870003504038,250,25,60566,3.5639210747638663,,,
adaptive,487,0.5699901939105717,0.005111379688222728,0.0,0.004603256228611579,3.9592822041968234,25.715114199164674,250,25,60841,3.572015558514305,,,
adaptive,488,0.5696018856415493,0.0048207608213949316,0.0,-0.04381004525078172,1.408554475882078,23.164386470849927,250,25,61116,0.4901513731897827,,,
adaptive,489,0.5695623271112448,0.004897765904613549,0.0,0.015180119423721812,3.190481501966478,24.946313496934327,250,25,61391,3.312943475150404,,,
adaptive,490,0.5696195167713654,0.0047138555116044145,0.0,-0.021593710892014915,2.4506078594994496,24.2064398544673,250,25,61666,1.2675846420816512,,,
adaptive,491,0.5694718954482525,0.005141256484408663,0.0,-0.004119674773543614,4.123088225001276,25.878920219969125,250,25,61941,3.049750283784063,,,
adaptive,492,0.5695728351359663,0.004833546079112794,0.0,0.049423364163824215,1.9125775508432183,23.668409545811066,250,25,62216,1.4256720744680977,,,
adaptive,493,0.5696366837427779,0.004742660876843607,0.0,0.011266130350013165,2.0435613012280784,23.799393296195927,250,25,62491,1.0344334119431664,,,
adaptive,494,0.5695436315755672,0.005149421750541006,0.0,0.057786384460041446,4.160357190108011,25.91618918507586,250,25,62766,3.8270270761588607,,,
adaptive,495,0.569525004068289,0.005202270556569966,0.0,-0.0007308895475464957,2.664441467430787,24.420273462398637,250,25,63041,1.1471227611514858,,,
adaptive,496,0.56973737068857,0.005135972145920542,0.0,-0.01694329390504622,2.914821132300439,24.670653127268288,250,25,63316,1.0886806102429631,,,
adaptive,497,0.5696148460417589,0.00530269632279412,0.0,0.06560878271940175,2.807115304809651,24.5629472997775,250,25,63591,1.5360389414502749,,,
adaptive,498,0.5695583928775939,0.005187365454791815,0.0,0.01774941957660002,2.3523221252594215,24.10815412022727,250,25,63866,1.1222762915571631,,,
adaptive,499,0.5694758256527235,0.005045879207856929,0.0,0.01106248393029898,2.689438833291511,24.44527082825936,250,25,64141,1.3079336251241247,,,
adaptive,500,0.5696070770413613,0.004812446648051583,0.0,0.028864452943960704,4.676277046103917,26.432109041071765,250,25,64416,3.985747295040643,,,
adaptive,501,0.5696626737690432,0.004560921046220967,0.0,-0.000582143397252047,3.9480163763908975,25.703848371358745,250,25,64691,3.718955272379016,,,
adaptive,502,0.5696582095500445,0.004318941239654817,0.0,-0.017916036325866747,3.3041455966658897,25.05997759163374,250,25,64966,3.407701658207013,,,
adaptive,503,0.5696671193079037,0.004188805646371474,0.0,-0.02972923721047243,2.426104257138374,24.181936252106222,250,25,65241,1.474035996833133,,,
adaptive,504,0.5698225158035722,0.004262952908306139,0.0,-0.0077146317695667155,1.8919732534520566,23.647805248419907,250,25,65516,1.3648741230190202,,,
adaptive,505,0.5699679669864259,0.004249050267460475,0.0,0.0029743777435402015,4.936602266282909,26.69243426125076,250,25,65791,6.547699923139617,,,
adaptive,506,0.5701551735708306,0.004506060162939751,0.0,0.09433379951016223,4.54753124952399,26.30336324449184,250,25,66066,3.7823303329634346,,,
adaptive,507,0.5703488693887565,0.0045427852478276964,0.0,0.04132705098907571,4.574191955230759,26.33002395019861,250,25,66341,7.6653610502681415,,,
adaptive,508,0.5705144799558972,0.004557830630619764,0.0,-0.03311274881115849,2.124684537869333,23.88051653283718,250,25,66616,0.8267470401186938,,,
adaptive,509,0.5706543069833859,0.004657396979043771,0.0,-0.021806277138792803,2.6905689484130457,24.446400943380894,250,25,66891,1.036385456990364,,,
adaptive,510,0.5708173265466642,0.004770472104963175,0.0,0.06460661865298419,4.128612439291927,25.884444434259777,250,25,67166,4.185340141144378,,,
adaptive,511,0.5705991350323281,0.004287140264640388,0.0,0.004515269811412221,4.186241094820076,25.942073089787925,250,25,67441,3.4890652001639335,,,
adaptive,512,0.5706615085266402,0.004587020647930262,0.0,0.03426006165815232,1.922932570173564,23.678764565141414,250,25,67716,1.3057099743476126,,,
adaptive,513,0.5706762784773928,0.004450808397492345,0.0,-0.014539612323974983,4.057252977318588,25.813084972286436,250,25,67991,4.16040329909637,,,
adaptive,514,0.5708388783724759,0.004512083184483262,0.0,0.020586204888020865,1.719898548306346,23.475730543274196,250,25,68266,1.050883560896824,,,
adaptive,515,0.571139434544533,0.004621361946086089,0.0,-0.02556470045298046,2.711955887275709,24.46778788224356,250,25,68541,1.4486739216191584,,,
adaptive,516,0.5709231306477233,0.00434270747517318,0.0,-0.018467659867877514,3.886917232262874,25.642749227230723,250,25,68816,3.319547801252563,,,
adaptive,517,0.5711601108918363,0.004542722665777044,0.0,0.0014185281304536087,2.1554882538470164,23.911320248814867,250,25,69091,1.4067189043065544,,,
adaptive,518,0.57100035091899,0.004224901948691073,0.0,0.059752641191067504,2.024000149660649,23.779832144628497,250,25,69366,1.3084787126327666,,,
adaptive,519,0.5711447780746898,0.004017181938865022,0.0,-0.022905113191406166,1.1595764987631663,22.915408493731015,250,25,69641,0.4263044673300091,,,
adaptive,520,0.5710440676347333,0.003670988919810547,0.0,0.027881461058694653,2.780614537795042,24.53644653276289,250,25,69916,1.2554443595970899,,,
adaptive,521,0.5710638128901677,0.003893998742261817,0.0,0.015603781941238092,1.2312100713492937,22.987042066317144,250,25,70191,0.4333994077589397,,,
adaptive,522,0.5708976562387912,0.00412090923426589,0.0,-0.020940322801046053,4.245297365273829,26.001129360241677,250,25,70466,7.710277633900107,,,
adaptive,523,0.5707482711779988,0.004303977491788569,0.0,-0.007456790502210685,4.5480117683083865,26.303843763276234,250,25,70741,3.498233189172918,,,
adaptive,524,0.5706919948250936,0.0040137691222388305,0.0,-0.009195400683960188,5.886882483966723,27.642714478934572,250,25,71016,6.991508959754173,,,
adaptive,525,0.5706126746328308,0.004277891736841899,0.0,-0.01742576825740734,3.6108343066557334,25.36666630162358,250,25,71291,3.917072471417969,,,
adaptive,526,0.5707879746313744,0.004760705595204584,0.0,0.012274763710560981,3.3634198633045527,25.119251858272403,250,25,71566,3.796603637617294,,,
adaptive,527,0.5707327209531213,0.004690193005892573,0.0,0.02495528299697419,3.213359411220122,24.96919140618797,250,25,71841,3.685279915046971,,,
adaptive,528,0.5706144023855899,0.004467413832212497,0.0,0.010057316340169051,3.0633655931488315,24.81919758811668,250,25,72116,3.2828641411149633,,,
adaptive,529,0.5706778017164995,0.005001538630587277,0.0,0.055756896314906906,2.923474059563056,24.679306054530905,250,25,72391,1.0991623295093846,,,
adaptive,530,0.5706223204325781,0.00511873992602585,0.0,0.017843754885142275,2.90400448169316,24.65983647666101,250,25,72666,3.2914648684371977,,,
adaptive,531,0.5708150386559595,0.004992488774293258,0.0,-0.007680897358395644,4.386315597398674,26.142147592366523,250,25,72941,3.401954128344985,,,
adaptive,532,0.5709785591672024,0.004959721018511498,0.0,-0.027864348623965415,4.227666452422005,25.983498447389856,250,25,73216,3.2425241816467625,,,
adaptive,533,0.571014875022318,0.004673880560993382,0.0,-0.007664506573970404,1.992998255420863,23.74883025038871,250,25,73491,1.4280597915876492,,,
adaptive,534,0.5710870903102545,0.004856919137631199,0.0,-0.02430246548948671,4.1529264299393525,25.9087584249072,250,25,73766,3.5199749114388,,,
adaptive,535,0.5711376750542033,0.005182152810652818,0.0,0.07927064251983604,4.359372579012152,26.11520457398,250,25,74041,3.5397813404409635,,,
adaptive,536,0.5712543677594938,0.004952496023016728,0.0,-0.05426808834000513,2.92265475617114,24.67848675113899,250,25,74316,1.0848418045308987,,,
adaptive,537,0.5710824351464812,0.005448452133509196,0.0,0.03575864109529048,1.8248060613121706,23.58063805628002,250,25,74591,1.3252524128493595,,,
adaptive,538,0.5710900079636503,0.005413369753496378,0.0,0.039756284816598014,5.193128412178545,26.948960407146394,250,25,74866,6.805217765207616,,,
adaptive,539,0.5710516491216833,0.005335809008042536,0.0,0.05581754010700381,5.621073365925226,27.376905360893076,250,25,75141,7.566399285121597,,,
adaptive,540,0.5710247197960737,0.005095856849987923,0.0,-0.028939078761093227,2.480720407603797,24.236552402571647,250,25,75416,1.1093868621121985,,,
adaptive,541,0.5707880995697304,0.005063892915035617,0.0,0.05460703871109608,3.12285196063678,24.87868395560463,250,25,75691,2.793316973690051,,,
adaptive,542,0.5707089044316325,0.005283524441779375,0.0,0.03060997928799793,3.4712409763127097,25.22707297128056,250,25,75966,3.5691671524349897,,,
adaptive,543,0.5704555381500681,0.005981645458530971,0.0,0.2390332861582296,2.1204757927730364,23.876307787740885,8,25,75999,1.363684428075865,,,
adaptive,544,0.5704510332727984,0.006664423323505253,0.0,0.2251456837319021,2.5741311239847504,24.329963118952598,8,25,76032,1.2889139321095826,,,
adaptive,545,0.5706022758484659,0.006269641092116807,0.0,-0.30117868524342617,2.0670817295199178,23.822913724487766,8,25,76065,1.3851473378940877,,,
adaptive,546,0.5710526748220119,0.0064104643257962834,0.0,-0.3383676384984908,4.338352846201631,26.09418484116948,8,25,76098,4.966871028467401,,,
adaptive,547,0.5709289131221638,0.0063794191315381665,0.0,0.22806148004229412,3.6835786757205615,25.43941067068841,8,25,76131,3.0585301919459607,,,
adaptive,548,0.5713914815818737,0.006444716153337859,0.0,-0.2775559834975066,4.311088606888247,26.066920601856097,8,25,76164,4.000595966329547,,,
adaptive,549,0.5709644083414896,0.007332225450647045,0.0,0.24434171875168967,3.416424752866741,25.17225674783459,8,25,76197,4.328942868534276,,,
adaptive,550,0.570946897639443,0.007855816884301592,0.0,0.12359451595175588,5.693604923836841,27.44943691880469,8,25,76230,7.472012691416749,,,
adaptive,551,0.5711213322187627,0.007682395453466828,0.0,-0.0274478519948386,6.1954553932046155,27.951287388172464,250,25,76505,7.436907095277103,,,
adaptive,552,0.5712866368495852,0.007604962252040659,0.0,-0.07806480610033882,2.3347198848407764,24.090551879808626,250,25,76780,1.2538822811161765,,,
adaptive,553,0.5711794117357559,0.007310607005754477,0.0,0.0051831654158541515,2.3443580818504723,24.100190076818322,250,25,77055,1.0945160560367293,,,
adaptive,554,0.5712672746873674,0.007171686805949595,0.0,-0.0510389113858575,4.467201034031569,26.223033028999417,250,25,77330,6.899266261244106,,,
adaptive,555,0.5712235263914001,0.007291997244587178,0.0,0.006168925311512493,4.056575883535544,25.812407878503393,250,25,77605,3.8829576138089923,,,
adaptive,556,0.5710747680986427,0.006794391574568293,0.0,-0.002940205520672635,3.804810176640376,25.560642171608226,250,25,77880,3.418337531027045,,,
adaptive,557,0.5709155468789741,0.006472240268648677,0.0,0.02480238115321988,1.1941497586636307,22.94998175363148,250,25,78155,0.4597657611266394,,,
adaptive,558,0.5711204982971949,0.0064641161080442044,0.0,-0.013725541192948902,1.7228654350656127,23.478697430033463,250,25,78430,1.2155694459189414,,,
adaptive,559,0.5712002677018192,0.006667843774126547,0.0,0.01616007393646329,2.8094150621409115,24.56524705710876,250,25,78705,2.8116280398688818,,,
adaptive,560,0.5712472361412388,0.006600772785237741,0.0,0.038084167651558205,4.491865178828526,26.247697173796375,250,25,78980,6.857158399916816,,,
adaptive,561,0.5714164854731941,0.006254623790525993,0.0,0.0030497072900466213,3.2406501397644285,24.99648213473228,250,25,79255,2.940507124295451,,,
adaptive,562,0.5714411602070656,0.005999913066017104,0.0,-0.0005785230184289736,2.1235057665885497,23.8793377615564,250,25,79530,1.3812524454869024,,,
adaptive,563,0.5713579512017484,0.005778366529837209,0.0,-0.008164434319687924,3.3943645451280178,25.150196540095866,250,25,79805,3.2380108661062903,,,
adaptive,564,0.5714382498829917,0.005262676642569408,0.0,-0.06431581423218173,5.910779954827093,27.66661194979494,250,25,80080,7.253217727237899,,,
adaptive,565,0.5715806295208987,0.0056780700093388425,0.0,0.07216609022222517,2.960486976278025,24.716318971245876,250,25,80355,3.475034788455743,,,
adaptive,566,0.5715651526535805,0.005751795415953054,0.0,-0.010708467284014676,2.279639584502794,24.035471579470645,250,25,80630,1.2011414112412113,,,
adaptive,567,0.5712398837070751,0.005870139937388497,0.0,0.053870271073173825,4.131928897047436,25.887760892015287,250,25,80905,3.32008251248624,,,
adaptive,568,0.5715737933878541,0.006273013324543664,0.0,0.007906197542858224,5.692018158842583,27.447850153810432,250,25,81180,5.930496197371857,,,
adaptive,569,0.5717693604820651,0.006589343418747395,0.0,-0.10363487475848122,4.406409482237558,26.162241477205406,250,25,81455,3.6813131058055197,,,
adaptive,570,0.5718979077326108,0.006585642723793805,0.0,-0.016777108681853507,1.8278479164621313,23.583679911429982,250,25,81730,1.0526209584754977,,,
adaptive,571,0.5719074250864193,0.006521434107747415,0.0,0.00098500600242721,2.548767162075159,24.304599157043008,250,25,82005,1.3000952958968828,,,
adaptive,572,0.5719159804035391,0.0067619184493967754,0.0,0.008827103295665398,2.3031548531859856,24.058986848153836,250,25,82280,1.180762092549925,,,
adaptive,573,0.5719662795732361,0.00650907917229171,0.0,0.027421681729611666,6.122030328037141,27.87786232300499,250,25,82555,7.023797375407237,,,
adaptive,574,0.5721886476514076,0.006844916048376781,0.0,-0.02901221256335881,3.5414287324027685,25.297260727370617,250,25,82830,2.9518553316844636,,,
adaptive,575,0.572292225077318,0.006376202897426242,0.0,-0.0693448854977427,5.880934754297666,27.636766749265515,250,25,83105,6.771169199914647,,,
adaptive,576,0.5723552544656514,0.0061743579491575495,0.0,-0.021871770398568323,3.0155938620774947,24.771425857045344,250,25,83380,1.2703180506526592,,,
adaptive,577,0.5724180547609099,0.005864662837670509,0.0,0.04152034748766022,3.6010547772860018,25.35688677225385,250,25,83655,2.995999953074795,,,
adaptive,578,0.572373694205501,0.00630163587749033,0.0,-0.0586387294980747,2.5808559964582765,24.336687991426125,250,25,83930,1.3284376156590625,,,
adaptive,579,0.5722827358945944,0.006121980530644167,0.0,0.048420731508710034,1.9073465966546224,23.663178591622472,250,25,84205,1.343184869793345,,,
adaptive,580,0.5725036216798984,0.006654558595133198,0.0,0.023326473296577905,5.119992311392756,26.875824306360606,250,25,84480,7.185058935988518,,,
adaptive,581,0.5723644260153079,0.006746477493239755,0.0,0.010343072416062252,2.587481296391044,24.343313291358893,250,25,84755,3.587195584360887,,,
adaptive,582,0.5722575028095597,0.006791076897467274,0.0,0.007566084545345917,1.7621409345327899,23.51797292950064,250,25,85030,1.3254504380595022,,,
adaptive,583,0.5720879998198355,0.006611128929809973,0.0,0.055346340456402125,2.618536647476057,24.374368642443905,250,25,85305,1.499630455186094,,,
adaptive,584,0.5718534624691016,0.006305407388242923,0.0,0.05369144749677477,4.5246186415555245,26.280450636523373,250,25,85580,3.3787786193242337,,,
adaptive,585,0.5718708979124673,0.006005146869763167,0.0,-0.03011388664255052,5.605454857923324,27.361286852891173,250,25,85855,6.155736395681668,,,
adaptive,586,0.5720773726215184,0.006071078882484038,0.0,-0.12250683849280475,1.8527505840385747,23.608582579006423,250,25,86130,1.8108631823657453,,,
adaptive,587,0.5721836231635572,0.006038262333611266,0.0,-0.011616145998896989,3.402618537249483,25.158450532217334,250,25,86405,2.829887239648245,,,
adaptive,588,0.572124658650943,0.0059760869190086385,0.0,0.047544792073505114,3.9701037776931747,25.725935772661025,250,25,86680,3.2721916293161426,,,
adaptive,589,0.5720160209568409,0.005800681311221134,0.0,-0.005425249388634385,2.9573059150987264,24.713137910066575,250,25,86955,1.34176336727746,,,
adaptive,590,0.5719642672081562,0.005874968358864585,0.0,0.017478447197471172,3.488229599813587,25.244061594781435,250,25,87230,3.3295089694923665,,,
adaptive,591,0.5718397343019346,0.006047419832498679,0.0,0.024312877117644544,4.669795188460006,26.425627183427856,250,25,87505,7.399064268524083,,,
adaptive,592,0.5718276119649721,0.006295812575175086,0.0,-0.05157525912367176,4.278443320913564,26.034275315881413,250,25,87780,3.5924518732593618,,,
adaptive,593,0.5718179921925125,0.0060776371007774666,0.0,0.007144366847308076,3.225469149650343,24.981301144618193,250,25,88055,3.2637566606463544,,,
adaptive,594,0.571623820446766,0.0058852237720969924,0.0,-0.022824023030188916,4.190364861585765,25.946196856553613,250,25,88330,3.5442497085180733,,,
adaptive,595,0.5715232264743645,0.005487878689681036,0.0,-0.028122325721884025,2.605449017260974,24.361281012228822,250,25,88605,3.656269003676989,,,
adaptive,596,0.5715609001106324,0.005586616153853252,0.0,0.05420086285175089,2.4304964984227464,24.186328493390597,250,25,88880,0.9746642432049727,,,
adaptive,597,0.5715619122218388,0.0061017746893288205,0.0,0.0017265939485524926,2.4014902404011247,24.157322235368973,250,25,89155,1.0689772881487956,,,
adaptive,598,0.5713621214597346,0.005966442570445096,0.0,-0.0035499522124474276,3.823800891856359,25.579632886824207,250,25,89430,3.548127430408272,,,
adaptive,599,0.5712946336476533,0.0059346409945079115,0.0,0.0037156380316764152,4.413978499364617,26.169810494332467,250,25,89705,3.393794235393208,,,
adaptive,600,0.5714638851622073,0.005824793748344326,0.0,0.034113545049183944,4.412558226707234,26.168390221675082,250,25,89980,7.552604016203339,,,
adaptive,601,0.5714892696634012,0.0057086698350841125,0.9,0.9289581702778003,2.7425459861274812,24.49837798109533,250,25,90255,1.3425733064386944,,,
adaptive,602,0.5716382376918584,0.005759216940350531,0.9,0.9050884145497974,3.105206613334011,24.86103860830186,250,25,90530,3.033498802786832,,,
adaptive,603,0.5715301021612262,0.005411467451594043,0.9,0.8589814796384887,2.5224808953963787,24.278312890364226,250,25,90805,1.2330997289061196,,,
adaptive,604,0.571831979950822,0.005691903301683565,0.9,0.8747082146713722,2.637358576038733,24.39319057100658,250,25,91080,1.3261215655585117,,,
adaptive,605,0.5717491674178683,0.005478163737101083,0.9,0.9256296294381904,2.803544867356556,24.559376862324406,250,25,91355,2.7241728918330503,,,
adaptive,606,0.5718227075031107,0.005539386474280206,0.9,0.8783538543946389,2.916348723404001,24.67218071837185,250,25,91630,1.4279502244851692,,,
adaptive,607,0.5718647095908483,0.005579993146397566,0.9,0.8718418745811529,4.400610287087046,26.156442282054897,250,25,91905,4.129391552904766,,,
adaptive,608,0.5720014461891936,0.0053184217785778864,0.9,0.8520114485970668,2.3077623735532264,24.063594368521077,250,25,92180,1.1168693025970877,,,
adaptive,609,0.5721806153427821,0.005443468654918404,0.9,0.9084340746256662,4.504947811930021,26.26077980689787,250,25,92455,3.5271911420545017,,,
adaptive,610,0.5720904809128714,0.005699223073512227,0.9,0.9117892499119991,2.454770585967761,24.21060258093561,250,25,92730,1.3413951545911182,,,
adaptive,611,0.5720491338520765,0.005725933441239395,0.9,0.8827210246822331,2.8219437547709836,24.577775749738834,250,25,93005,1.4069936522542956,,,
adaptive,612,0.5720786085967332,0.005339838782928763,0.9,0.8725289643397888,2.6660183729549027,24.42185036792275,250,25,93280,1.222903861904111,,,
adaptive,613,0.5720787296967527,0.004827938464523229,0.9,0.8558249081489768,1.2413121829285179,22.997144177896367,250,25,93555,0.38168404792657556,,,
adaptive,614,0.5719761599378714,0.0050988792182835585,0.9,0.9025050429763398,3.5399241977225855,25.295756192690433,250,25,93830,3.706822618913933,,,
adaptive,615,0.5718983367567295,0.00482285942391103,0.9,0.8941481690581653,2.781539192900749,24.537371187868597,250,25,94105,1.1375845966052047,,,
adaptive,616,0.5719764493010573,0.004862194770568928,0.9,0.8824471225082867,3.8046588418532945,25.560490836821145,250,25,94380,3.14662575189098,,,
adaptive,617,0.5718136759695751,0.004790949204340866,0.9,0.965835558231696,2.1762785026987945,23.932110497666642,250,25,94655,1.0221367803865613,,,
adaptive,618,0.5719517670264552,0.004919283668916363,0.9,0.957728921558276,2.278809326059087,24.034641321026935,250,25,94930,1.2697019927822595,,,
adaptive,619,0.5718358818395998,0.004785943906850609,0.9,0.9649865742177602,2.3953383383656437,24.151170333333493,250,25,95205,1.2240642096435732,,,
adaptive,620,0.5717491743106029,0.00440911261256427,0.9,0.9144450203941643,2.7996842715528674,24.555516266520716,250,25,95480,1.4339278024589963,,,
adaptive,621,0.571869604912151,0.0046219740253947705,0.9,0.973269632017997,2.6358260956926793,24.391658090660528,250,25,95755,3.604530079073009,,,
adaptive,622,0.5716922710109568,0.004723383606791254,0.9,0.9687610782200324,2.5802373080633103,24.33606930303116,250,25,96030,1.1022314038537289,,,
adaptive,623,0.5717285018124885,0.004146015193741026,0.9,0.8667298080826192,3.877682845836275,25.633514840804125,250,25,96305,3.4978524109925506,,,
adaptive,624,0.5716911735899465,0.00394936617953856,0.9,0.9186156584150033,3.9789975966855358,25.734829591653384,250,25,96580,3.5521127183375847,,,
adaptive,625,0.5715687776012773,0.003509303917203055,0.9,0.9792107168366161,3.1849960278785017,24.94082802284635,250,25,96855,3.723393018776832,,,
adaptive,626,0.5714820194522771,0.003599815798606465,0.9,0.8417388314300138,2.6387334281996684,24.394565423167517,250,25,97130,3.722113372357511,,,
adaptive,627,0.571415742199047,0.0037183878358973965,0.9,0.9042670786520789,4.251124156491043,26.006956151458894,250,25,97405,3.45156837577726,,,
adaptive,628,0.5714551683322014,0.0035582321163303288,0.9,0.9008864540226283,4.2795030215223795,26.03533501649023,250,25,97680,3.4608706089672925,,,
adaptive,629,0.5714195654380632,0.003888711548074575,0.9,0.9603994067749791,3.0310881266866043,24.786920121654454,250,25,97955,3.4525900052988105,,,
adaptive,630,0.5715204797654947,0.0037640533766009066,0.9,0.8563840880971283,2.562483944747442,24.31831593971529,250,25,98230,1.4886539894895217,,,
adaptive,631,0.5714350659110782,0.0034272557159464867,0.9,0.9604477411484702,3.655147115447229,25.410979110415077,250,25,98505,3.4561008709807197,,,
adaptive,632,0.5714928782597655,0.0037494211776428754,0.9,0.8755056070062286,3.1252278288343107,24.88105982380216,250,25,98780,3.179658147473575,,,
adaptive,633,0.5712594824807258,0.003678134980686254,0.9,0.9261851488728681,5.778403303865945,27.534235298833792,250,25,99055,7.420046395736452,,,
adaptive,634,0.571156903735927,0.003200423535133723,0.9,0.8981781653486385,3.8545539104118927,25.610385905379744,250,25,99330,3.6031637934765137,,,
adaptive,635,0.5712286207755092,0.0031986636189256235,0.9,0.8789107358043857,3.2265257090462973,24.982357704014145,250,25,99605,3.5649952978660897,,,
adaptive,636,0.5712850704529033,0.003637482194953745,0.9,0.9619663064611859,3.8553658755683573,25.611197870536206,250,25,99880,3.2431712480280845,,,
adaptive,637,0.5713073597402928,0.00363098120987837,0.9,0.8962699937751852,2.111699650516225,23.867531645484075,250,25,100155,1.1514496179250269,,,
adaptive,638,0.5712501116511799,0.003190971347033389,0.9,0.8914453050970341,3.942848255799871,25.69868025076772,250,25,100430,3.136413624496514,,,
adaptive,639,0.5710243808311182,0.0028799388013380778,0.9,0.9575135606599807,3.7194631692828533,25.475295164250703,250,25,100705,3.5433154959757744,,,
adaptive,640,0.5710438118653716,0.0027429697015182164,0.9,0.8800546796170942,2.7646710675760557,24.520503062543906,250,25,100980,0.991019447141462,,,
adaptive,641,0.5710246849466358,0.002785989271237299,0.9,0.9156579726305221,1.6822356185655711,23.43806761353342,250,25,101255,1.3619254319204435,,,
adaptive,642,0.5710731073254576,0.0033892351312613256,0.9,0.8708801948385608,1.2763260916939247,23.032158086661774,250,25,101530,0.5247444072427455,,,
adaptive,643,0.5710335919271603,0.0034702813178415504,0.9,0.8731445143650859,3.4161679501276154,25.171999945095465,250,25,101805,3.279491313187825,,,
adaptive,644,0.5709653032533007,0.003187391772490278,0.9,0.8998591774378735,4.288079542275741,26.04391153724359,250,25,102080,2.7963803352020804,,,
adaptive,645,0.5708841336662283,0.0031348054196903563,0.9,0.8259049535370574,2.288182647347013,24.044014642314863,250,25,102355,1.1030084467775778,,,
adaptive,646,0.5708701907965139,0.0031651172943433226,0.9,0.9095746901373107,2.6220339898287963,24.377865984796646,250,25,102630,1.3053921730205145,,,
adaptive,647,0.5710431028051112,0.0031624723469662053,0.9,0.9445994387994361,3.506808967149043,25.26264096211689,250,25,102905,3.6373997797256425,,,
adaptive,648,0.571093729665195,0.0033115169954717194,0.9,0.8932451111781974,2.1422218076325734,23.898053802600423,250,25,103180,1.4357582890805456,,,
adaptive,649,0.571047865217306,0.0034225845465317706,0.9,0.939373517928305,2.49027101437426,24.246103009342107,250,25,103455,1.102546948507269,,,
adaptive,650,0.571058542402113,0.003868212583907571,0.9,0.8917329459932372,3.914511280490453,25.6703432754583,250,25,103730,3.5926712513724923,,,
adaptive,651,0.5712046432259649,0.003995690764993398,0.9,0.8647291195623809,2.0866199472388782,23.84245194220673,250,25,104005,1.0993197337680756,,,
adaptive,652,0.5710361872813408,0.004005768510550456,0.9,0.9536541090579927,2.1108904775017985,23.866722472469647,250,25,104280,1.219467553330781,,,
adaptive,653,0.5710783605773398,0.003942601333583151,0.9,0.907688752206007,2.3897272627160735,24.14555925768392,250,25,104555,1.4182214821870467,,,
adaptive,654,0.5712170354453376,0.0036373459320542256,0.9,0.8617483602154234,2.463992875668388,24.219824870636238,250,25,104830,1.2582707313407375,,,
adaptive,655,0.5714762721225318,0.00349225487743432,0.9,0.8445159483004187,2.502129025166891,24.25796102013474,250,25,105105,1.168767830245312,,,
adaptive,656,0.5715739665548089,0.00360860966685983,0.9,0.8512322992593566,2.003720948549144,23.759552943516994,250,25,105380,0.9597095903800376,,,
adaptive,657,0.5716042079077732,0.004116887040238826,0.9,0.8649647813206824,2.349623989854801,24.10545598482265,250,25,105655,1.6172306715557807,,,
adaptive,658,0.5716054853529642,0.003770234847073506,0.9,0.8928657893868863,4.026207567842121,25.78203956280997,250,25,105930,3.3096093250668694,,,
adaptive,659,0.5715856772773757,0.003678365181254528,0.9,0.855230384718688,3.7104195694042974,25.466251564372147,250,25,106205,3.4166069647013426,,,
adaptive,660,0.5714813279630628,0.0038777260628460875,0.9,0.9513854140227824,5.612041815271328,27.36787381023918,250,25,106480,7.58775544624629,,,
adaptive,661,0.5713746695600102,0.003657871244647004,0.9,0.8692154017186253,1.8291447667424137,23.584976761710262,250,25,106755,1.2815174007224779,,,
adaptive,662,0.5715595516865483,0.004020584973333796,0.9,0.9004810968721411,3.7509866111568004,25.50681860612465,250,25,107030,3.383031253329884,,,
adaptive,663,0.571546519162269,0.004275405432483836,0.9,0.922133160014246,2.592907514974806,24.348739509942654,250,25,107305,1.0839886179137803,,,
adaptive,664,0.5716465711711372,0.0040820287002405475,0.9,0.923288686582021,2.878087085336193,24.633919080304043,250,25,107580,1.2814637055983245,,,
adaptive,665,0.5712954880133013,0.003961382037564354,0.9,0.8873578515325972,3.659141074131979,25.41497306909983,250,25,107855,3.752596876736992,,,
adaptive,666,0.5714689599371668,0.0038500236176489677,0.9,0.905816842844257,2.0952852420014585,23.85111723696931,250,25,108130,0.8657358161488294,,,
adaptive,667,0.571193126758102,0.003607462982308962,0.9,0.9065507046810591,2.577871829828908,24.333703824796757,250,25,108405,0.8934290909816635,,,
adaptive,668,0.5712677136231841,0.003702878134941523,0.9,0.8729485699241297,1.7026819536613325,23.458513948629182,250,25,108680,0.8910381757497983,,,
adaptive,669,0.5713674721800454,0.003594579883638649,0.9,0.956923984449259,1.7908420502732354,23.546674045241083,250,25,108955,1.53034662877193,,,
adaptive,670,0.5714253689023467,0.003629140365532413,0.9,0.8911639850908245,2.494343228539908,24.250175223507757,250,25,109230,1.0540305851011411,,,
adaptive,671,0.5715395698906145,0.0030902404206556433,0.9,0.6599564824656533,1.992425641401989,23.74825763636984,8,25,109263,2.542154099318001,,,
adaptive,672,0.5714140691753409,0.00327624045761854,0.9,0.9600610170283238,2.1100753275371518,23.865907322505002,8,25,109296,1.0199765399173912,,,
adaptive,673,0.5710988714741545,0.0036554094005166737,0.9,1.2303624218548432,2.7359602467779145,24.491792241745763,8,25,109329,2.2834349321941927,,,
adaptive,674,0.5709954545010513,0.0035808402265636863,0.9,0.9490599742913087,1.8496724713969677,23.605504466364817,8,25,109362,1.117498528651463,,,
adaptive,675,0.5710597475216779,0.0032813157981574914,0.9,0.8521005998427452,4.2379919501832655,25.993823945151114,8,25,109395,3.9272027656043487,,,
adaptive,676,0.5707198590981742,0.003222859186720606,0.9,1.1198516290355907,4.462365271592218,26.218197266560068,8,25,109428,3.7977149986888548,,,
adaptive,677,0.5710102834210007,0.003351495908136326,0.9,0.6836473289999462,4.355488767742807,26.111320762710655,8,25,109461,3.9146553636951436,,,
adaptive,678,0.570924601244312,0.003253605886162414,0.9,0.9198633502308647,3.0616503946805707,24.81748238964842,8,25,109494,3.666694095423455,,,
adaptive,679,0.570583436307927,0.003967178161644269,0.9,1.1216312044517616,1.8114346944049218,23.567266689372772,8,25,109527,1.9077056509365047,,,
adaptive,680,0.5705271664477606,0.004271384928198008,0.9,1.019683331548275,2.0666897415544376,23.822521736522287,8,25,109560,1.3218359893049507,,,
adaptive,681,0.5699977493385757,0.004363114654404421,0.9,1.05779426064686,3.8793252561678804,25.63515725113573,8,25,109593,2.11712250432249,,,
adaptive,682,0.5704068966980945,0.004006976991495548,0.9,0.7656741744934602,3.0456414320801426,24.80147342704799,8,25,109626,4.068849623441213,,,
adaptive,683,0.5704075587899445,0.0044620337525963505,0.9,1.039916418455048,1.153808641526703,22.90964063649455,8,25,109659,0.891815377588787,,,
adaptive,684,0.5704175331657623,0.004533327490123473,0.9,0.9199773578483078,4.398214606919755,26.154046601887604,8,25,109692,3.5503757246441445,,,
adaptive,685,0.5705099909376555,0.00392190508220025,0.9,0.6227454882739475,4.2402372162982385,25.99606921126609,8,25,109725,3.142758957294587,,,
adaptive,686,0.570626239346349,0.003722677517794648,0.9,0.8582548134805708,2.72893404450407,24.484766039471918,8,25,109758,0.9214920132325489,,,
adaptive,687,0.5705878693370763,0.00355582632358431,0.9,0.8654292435386091,4.288935561780899,26.04476755674875,8,25,109791,3.124645835045484,,,
adaptive,688,0.5709349049964875,0.0030213542818797734,0.9,0.4478823082930268,2.8449589662505637,24.60079096121841,8,25,109824,1.785812069522231,,,
adaptive,689,0.5708852333587388,0.00280415610315099,0.9,0.8980748722118707,2.736495801274041,24.49232779624189,8,25,109857,0.8061415682793237,,,
adaptive,690,0.5708005685946899,0.003344051694097794,0.9,1.1671492566658535,2.0043128266577477,23.760144821625598,8,25,109890,1.0532047555371657,,,
adaptive,691,0.5713597091462735,0.002572544211294714,0.9,0.4269866006619365,2.1389670906739573,23.894799085641807,8,25,109923,2.047464106197041,,,
adaptive,692,0.5714816035879046,0.003479924623545738,0.9,0.9303743848187246,3.054554002139905,24.810385997107755,8,25,109956,1.11136179794129,,,
adaptive,693,0.5713086970840294,0.004241329280259665,0.9,1.1452683271995445,1.9662854573916495,23.722117452359498,8,25,109989,1.7277857762717914,,,
adaptive,694,0.5710935511518607,0.004490958715272164,0.9,0.8449326237521295,3.745161306203052,25.5009933011709,8,25,110022,3.643208993637198,,,
adaptive,695,0.5711482632733234,0.004767080803008916,0.9,1.0110089179867643,2.054152145148948,23.809984140116796,8,25,110055,1.4208973584038687,,,
adaptive,696,0.5711580022535512,0.005101085897096902,0.9,0.9383008275847864,3.142106798162181,24.89793879313003,8,25,110088,3.2371293263018166,,,
adaptive,697,0.5713980822421993,0.0051722869109153136,0.9,0.82496114068844,2.2918671998346456,24.047699194802494,8,25,110121,1.4286034726305044,,,
adaptive,698,0.5718298147522434,0.005273517638942571,0.9,0.7025458947349629,3.122197930523701,24.87802992549155,8,25,110154,2.4679855268546245,,,
adaptive,699,0.5718574746714314,0.005354486431881744,0.9,0.8850389674215343,6.253487234873048,28.009319229840898,250,25,110429,7.455292687979355,,,
adaptive,700,0.5718023570635249,0.005573468407601756,0.9,0.9370281996172249,3.7056726994642832,25.461504694432133,250,25,110704,3.149767142987862,,,
adaptive,701,0.5717094225143928,0.005640757544346009,0.9,0.9123236148644941,1.79389161495067,23.54972360991852,250,25,110979,1.3556852962720378,,,
adaptive,702,0.5717060096584571,0.0061943913872645195,0.9,0.9881366363941972,2.6695878969741997,24.42541989194205,250,25,111254,1.0121513531499162,,,
adaptive,703,0.571768287285479,0.006342131729842104,0.9,0.8729803677107892,1.7255731799085874,23.481405174876436,250,25,111529,1.0852457880462711,,,
adaptive,704,0.5719707787889292,0.006496107363159642,0.9,0.840019287223818,4.317424041524283,26.073256036492133,250,25,111804,2.93952408747828,,,
adaptive,705,0.5719886621195234,0.006559690403552643,0.9,0.8295246114272729,2.397272859906814,24.153104854874663,250,25,112079,1.1623494326185084,,,
adaptive,706,0.5718102517094957,0.005981303855545184,0.9,0.9334924755549509,2.989195198555996,24.745027193523846,250,25,112354,1.384855387909419,,,
adaptive,707,0.5718864818407098,0.005927676600307019,0.9,0.8864903316273258,6.064831536685882,27.820663531653732,250,25,112629,6.859453397315493,,,
adaptive,708,0.5719712254641167,0.0057582812955521145,0.9,0.9056359852235843,4.139291848739981,25.89512384370783,250,25,112904,3.247991165460035,,,
adaptive,709,0.5720342350026628,0.005554272330764443,0.9,0.9129651439683799,2.559603495936084,24.315435490903933,250,25,113179,1.5017503262963618,,,
adaptive,710,0.5721485377658662,0.005628518414246941,0.9,0.8601964009889429,4.2706280381681525,26.026460033136,250,25,113454,3.0427933698300236,,,
adaptive,711,0.5722032779126253,0.005692813204502434,0.9,0.816788737421423,2.219468667451371,23.97530066241922,250,25,113729,1.200297574188223,,,
adaptive,712,0.5723208232050521,0.005887976069918421,0.9,0.8939749131831232,2.133355277545089,23.889187272512938,250,25,114004,1.1506938198578347,,,
adaptive,713,0.5724635655595623,0.005952039719968716,0.9,0.8621661570038716,3.3706723277143986,25.126504322682248,250,25,114279,3.6783448147353517,,,
adaptive,714,0.5725252731201681,0.005841631051636487,0.9,0.9570437190266475,3.3106449029809033,25.066476897948753,250,25,114554,3.2549940445134653,,,
adaptive,715,0.5724277812866538,0.005475618410036853,0.9,0.8560117308280424,4.162115406223243,25.917947401191093,250,25,114829,3.27202415897169,,,
adaptive,716,0.5723574555880571,0.005654790358106676,0.9,0.919428401800921,1.8781265570923213,23.63395855206017,250,25,115104,1.2287799964386623,,,
adaptive,717,0.572289702215381,0.005177183481550718,0.9,0.9088140548935247,2.2403208293826546,23.996152824350503,250,25,115379,1.1216449789192413,,,
adaptive,718,0.5721732501691332,0.005373092170452676,0.9,0.9127462274072327,3.8672932580293926,25.62312525299724,250,25,115654,3.496331868374639,,,
adaptive,719,0.5720228901081217,0.005014093662592534,0.9,0.8599729205417208,2.3921612605518208,24.14799325551967,250,25,115929,1.25177725705584,,,
adaptive,720,0.5720318843794916,0.005158202294263781,0.9,0.9499467966473367,2.1415720584031344,23.897404053370984,250,25,116204,1.0655608009430926,,,
adaptive,721,0.5717332578472031,0.004853776228995632,0.9,0.9829918118754493,5.435546526348177,27.191378521316025,250,25,116479,7.01183072861807,,,
adaptive,722,0.5718435018948727,0.004413369500822717,0.9,0.8680898669645563,4.006536803833184,25.762368798801035,250,25,116754,3.4154655557302003,,,
adaptive,723,0.5717829271907874,0.004371945339748717,0.9,0.8922106622886388,3.8990857864693997,25.65491778143725,250,25,117029,3.4109228279984847,,,
adaptive,724,0.5718281327496547,0.004268934809575575,0.9,0.895058217915318,3.3190495600961007,25.07488155506395,250,25,117304,3.1916353385292955,,,
adaptive,725,0.5715741190894988,0.0038604280533659496,0.9,0.9035043005972798,3.212682833117327,24.968514828085176,250,25,117579,3.632504506969677,,,
adaptive,726,0.5715817682841093,0.0036677013151121818,0.9,0.9159499822955541,2.0402829937629665,23.796114988730814,250,25,117854,0.9724124199250089,,,
adaptive,727,0.5715821359872822,0.0040047235824025584,0.9,0.9536023472699613,4.242470660330806,25.998302655298655,250,25,118129,3.9153236579825257,,,
adaptive,728,0.5718797807462491,0.004139780227156886,0.9,0.8401222021806409,2.481116074404391,24.23694806937224,250,25,118404,1.100517976273222,,,
adaptive,729,0.5718217196467376,0.004394338343469806,0.9,0.9092207222462066,2.9130207610976364,24.668852756065487,250,25,118679,1.1156517228109615,,,
adaptive,730,0.5719246396904067,0.004646101351833742,0.9,0.9082781970415414,3.401317167485642,25.157149162453493,250,25,118954,2.7796870844725277,,,
adaptive,731,0.5720688545446002,0.0047785242592967014,0.9,0.8894773491440686,3.5627246590642287,25.31855665403208,250,25,119229,3.692919553101405,,,
adaptive,732,0.5722524701743226,0.005030361129961358,0.9,0.8566123120011777,4.451217250996129,26.20704924596398,250,25,119504,3.460362078211516,,,
adaptive,733,0.5721890240483485,0.004899729690559296,0.9,0.8552515004257167,1.6951313072845906,23.45096330225244,250,25,119779,1.1685719968566057,,,
adaptive,734,0.5723638214373482,0.0048372073706314245,0.9,0.9439049384240914,2.9074619535914996,24.66329394855935,250,25,120054,3.6641288936706453,,,
adaptive,735,0.5723615584523705,0.004874169613826251,0.9,0.9074097627093907,2.692859537171117,24.448691532138966,250,25,120329,1.295409122180462,,,
adaptive,736,0.5723453482848084,0.004898743467207423,0.9,0.8977942104161808,3.546005188570611,25.30183718353846,250,25,120604,3.4667575101055554,,,
adaptive,737,0.5724159079653305,0.004890753834691064,0.9,0.8860548247396061,2.833618662349689,24.58945065731754,250,25,120879,1.3898733914686403,,,
adaptive,738,0.5723281287260055,0.004788911794053385,0.9,0.9003976304842067,2.799018919513607,24.554850914481456,250,25,121154,1.2449121457068677,,,
adaptive,739,0.572384390873927,0.004726096880357189,0.9,0.9478799944135913,4.104541501096896,25.860373496064746,250,25,121429,3.442713188960968,,,
adaptive,740,0.5723479638008337,0.004679929373258118,0.9,0.9126065991274259,2.664824437472052,24.420656432439902,250,25,121704,2.9216881529829224,,,
adaptive,741,0.5724811761028613,0.00465846460926389,0.9,0.8933817874923703,3.528339068352781,25.28417106332063,250,25,121979,3.6814131665475824,,,
adaptive,742,0.5723531683956409,0.004778704673046641,0.9,0.9342705813767075,1.9543469741627366,23.710178969130585,250,25,122254,0.8488953013264212,,,
adaptive,743,0.572179276716756,0.004504089143821388,0.9,0.9176847330582024,4.393991812423866,26.149823807391716,250,25,122529,3.7851155213610332,,,
adaptive,744,0.5722085330647,0.004336718207571755,0.9,0.8991321723845715,2.653756601699574,24.409588596667422,250,25,122804,1.0185419937974107,,,
adaptive,745,0.5721862245311612,0.0040025372836568485,0.9,0.8607260435718309,1.9419665793719316,23.69779857433978,250,25,123079,1.2997698985263633,,,
adaptive,746,0.5721216113754727,0.004091862572150329,0.9,0.9231239579967462,3.4084992042841558,25.164331199252004,250,25,123354,3.9964458282809554,,,
adaptive,747,0.5721168224485301,0.003895254498137657,0.9,0.8395115030352024,4.406311608734873,26.162143603702724,250,25,123629,3.929831624608478,,,
adaptive,748,0.5720252677801752,0.0037117708962561835,0.9,0.9170926123668344,3.3495727972956675,25.105404792263517,250,25,123904,3.7755968760335303,,,
adaptive,749,0.5721109143962348,0.0038788779725623668,0.9,0.8296723018661156,4.170646491618833,25.92647848658668,250,25,124179,3.7793002911810962,,,
adaptive,750,0.5718985101656056,0.0038987982885365646,0.9,0.926815920100725,5.1625262884929075,26.918358283460755,250,25,124454,7.3584783638770865,,,
adaptive,751,0.5717468117505218,0.0037699042328561694,0.9,0.9110559116159147,4.167321537386515,25.923153532354362,250,25,124729,3.4995145059384245,,,
adaptive,752,0.5715108319467617,0.0036955246604225556,0.9,0.9192058481966467,2.015929138852268,23.771761133820117,250,25,125004,1.1131386753420485,,,
adaptive,753,0.5712573597880163,0.003755631764542633,0.9,0.9637007487008261,2.754661947355218,24.510493942323066,250,25,125279,3.3576733881249314,,,
adaptive,754,0.5711286050638952,0.003564139491698759,0.9,0.9244586409644515,2.8768557417081695,24.63268773667602,250,25,125554,3.185144907087028,,,
adaptive,755,0.5712515036904858,0.003797018257507334,0.9,0.9280929445855008,3.174932013963577,24.930764008931426,250,25,125829,3.5369739647095098,,,
adaptive,756,0.5713760048455554,0.0036948797219998886,0.9,0.8983127036382323,2.746118158611872,24.50195015357972,250,25,126104,1.320304933804889,,,
adaptive,757,0.5713538956552189,0.004135280984010836,0.9,0.9420958995998358,2.410768002218539,24.16659999718639,250,25,126379,1.4330728686549228,,,
adaptive,758,0.5713844549414863,0.004482630604087379,0.9,0.980593212531201,3.596773149002655,25.352605143970504,250,25,126654,3.3291121983739225,,,
adaptive,759,0.5711517556040373,0.004508640740655823,0.9,0.8776862707142513,1.8826920564029188,23.63852405137077,250,25,126929,1.1075981230424699,,,
adaptive,760,0.5708930533436141,0.004692723756275052,0.9,0.9520292093289026,3.1300121550112108,24.88584414997906,250,25,127204,3.4697750356591044,,,
adaptive,761,0.57074488652592,0.004580832833242732,0.9,0.9580932086599058,2.020882487540835,23.776714482508684,250,25,127479,1.0254368585236775,,,
adaptive,762,0.5707125720592091,0.004129812906191188,0.9,0.9444905254414194,2.744481254714642,24.500313249682492,250,25,127754,1.4215427846622324,,,
adaptive,763,0.5706349750083786,0.0036381524521768016,0.9,0.8495597218860824,2.2783251809774874,24.034157175945335,250,25,128029,0.9195369992629155,,,
adaptive,764,0.5705085645259399,0.0038161169593060595,0.9,0.8977396451115798,2.978263100113911,24.73409509508176,250,25,128304,1.1069797603910756,,,
adaptive,765,0.5706696975296539,0.0034555100781662462,0.9,0.8223086803740096,2.478868024338208,24.234700019306057,250,25,128579,1.4049027852700693,,,
adaptive,766,0.5704625325344251,0.003217354931356997,0.9,0.8958658403541602,1.8673907723118055,23.623222767279653,250,25,128854,1.4151604197287824,,,
adaptive,767,0.5705796723496626,0.003403813564327396,0.9,0.9466879663388138,3.738975663458284,25.494807658426133,250,25,129129,3.990412577755779,,,
adaptive,768,0.570708458350581,0.0034917175509905363,0.9,0.8782029932703547,2.413557533732661,24.16938952870051,250,25,129404,1.4110496450080587,,,
adaptive,769,0.5707900061728409,0.003754154158911782,0.9,0.8844260930517513,4.251718467960843,26.00755046292869,250,25,129679,3.686125409371567,,,
adaptive,770,0.5707350559432117,0.003748381385357491,0.9,0.8790313853456309,2.1763664244734455,23.932198419441296,250,25,129954,1.2497079503080497,,,
adaptive,771,0.5706469994165685,0.0037340274624197978,0.9,0.8909423677826188,2.901840145267534,24.657672140235384,250,25,130229,1.168443551285825,,,
adaptive,772,0.5704559471386124,0.00372999711664157,0.9,0.8579054605184833,3.0518063074564017,24.80763830242425,250,25,130504,3.555822066375241,,,
adaptive,773,0.5702346438796189,0.0038358694227230705,0.9,0.8760626839905844,4.2904166245981505,26.046248619566,250,25,130779,3.461906018771348,,,
adaptive,774,0.5703473532138121,0.003623254517389096,0.9,0.9154001209203115,2.920022543429569,24.675854538397417,250,25,131054,1.3199280163896847,,,
adaptive,775,0.5702431039224639,0.0035764412964561787,0.9,0.8827140177394555,2.443253272393965,24.199085267361813,250,25,131329,1.2067043005790055,,,
adaptive,776,0.5703795599524464,0.003383469006817408,0.9,0.8281978931882201,5.174065908290408,26.929897903258258,250,25,131604,6.761763266777797,,,
adaptive,777,0.5702111575963748,0.0033543426445449276,0.9,0.98425007513783,1.795926938846909,23.551758933814757,250,25,131879,1.3298734527138625,,,
adaptive,778,0.5702933790682365,0.0035622596923042815,0.9,0.854128991912717,2.111267801742096,23.867099796709944,250,25,132154,1.3101395789486006,,,
adaptive,779,0.5702659629558708,0.0035718450960823267,0.9,0.9402723832738632,4.168752120439745,25.924584115407594,250,25,132429,3.9671521397850253,,,
adaptive,780,0.570371168707427,0.003419920030672041,0.9,0.8458150884473061,3.4407681350436587,25.196600130011507,250,25,132704,3.8693978598693524,,,
adaptive,781,0.5704482788154397,0.0033809270858849994,0.9,0.9456993613779965,2.5448398207602634,24.300671815728112,250,25,132979,1.5611155125780365,,,
adaptive,782,0.5704886390370493,0.0033143051833245396,0.9,0.9198438536195106,2.485552209830551,24.2413842047984,250,25,133254,0.7749197532933225,,,
adaptive,783,0.5706600222362325,0.003717855902361178,0.9,0.874034729135975,2.1625293588883876,23.918361353856238,250,25,133529,1.342932031386282,,,
adaptive,784,0.5705818224765418,0.003535479165428179,0.9,0.9200451044390812,1.384314992829123,23.14014698779697,250,25,133804,0.37270805685730135,,,
adaptive,785,0.5704536191457339,0.0029995876555497514,0.9,0.8570280822621591,2.0232378013000543,23.779069796267905,250,25,134079,1.4582846715847058,,,
adaptive,786,0.5704579203166024,0.003296249047569977,0.9,0.9177540389444833,4.202073373544144,25.957905368511994,250,25,134354,3.629235943786519,,,
adaptive,787,0.5705192667319288,0.003498164117686664,0.9,0.9097152665114979,4.108274942537029,25.86410693750488,250,25,134629,3.5912104362713055,,,
adaptive,788,0.5705055824190507,0.0035671523573448383,0.9,0.8978537139857052,2.879258995767549,24.6350909907354,250,25,134904,1.4223279373364668,,,
adaptive,789,0.5704310009531989,0.0037336402541521263,0.9,0.9133439593693004,3.8520840186654954,25.607916013633343,250,25,135179,3.783711764101041,,,
adaptive,790,0.5705643189524491,0.003915441867404668,0.9,0.9018735636346058,3.8583541799113057,25.614186174879155,250,25,135454,3.5532871285954712,,,
adaptive,791,0.5704741849418054,0.00400849144633475,0.9,0.9291936559259009,2.677739003960445,24.433570998928296,250,25,135729,1.1685118678218787,,,
adaptive,792,0.5707277083604654,0.004163791424840024,0.9,0.839540890487471,3.7706370320051272,25.526469026972975,250,25,136004,3.5322801222448184,,,
adaptive,793,0.5707271706979319,0.0041141695828383895,0.9,0.9430914512546467,2.8695797511413312,24.62541174610918,250,25,136279,3.418512673048314,,,
adaptive,794,0.5704231587731659,0.004141016873436376,0.9,0.9764318937314087,3.833980064210456,25.589812059178307,250,25,136554,4.520501130942249,,,
adaptive,795,0.5703991066237429,0.00416635169599211,0.9,0.8526631889968933,2.1608669180717963,23.916698913039646,250,25,136829,1.1375101088068946,,,
adaptive,796,0.5702442876828421,0.0034523751354645915,0.9,0.8672983134837629,1.9851635433829995,23.740995538350848,250,25,137104,1.4194615209699661,,,
adaptive,797,0.5701223769554711,0.003688854890047888,0.9,0.9107729337898194,3.597548689820211,25.35338068478806,250,25,137379,3.7213468716594056,,,
adaptive,798,0.5700648217249795,0.00390883535195008,0.9,0.93968652570526,3.772545199064423,25.528377194032274,250,25,137654,3.5695425566026513,,,
adaptive,799,0.5702241651764899,0.004110492417271683,0.9,0.9070559184585929,1.9687382001632314,23.72457019513108,250,25,137929,1.3233766142928656,,,
adaptive,800,0.5703279950878546,0.0040652600164649,0.9,0.9009895204378827,3.9579740793180918,25.71380607428594,250,25,138204,3.6001639819961806,,,
adaptive,801,0.5703200820029873,0.0040064228638623245,0.9,0.9156705739393752,4.013721767174081,25.769553762141932,250,25,138479,3.420929537348975,,,
adaptive,802,0.5704039725747406,0.0042867848121384,0.9,0.9167899899038385,2.6298103338289978,24.38564232879685,250,25,138754,1.385582222642087,,,
adaptive,803,0.570333726635157,0.004331905893953492,0.9,0.92980148191559,3.990135179161527,25.745967174129376,250,25,139029,3.819267847212026,,,
adaptive,804,0.5704155660424598,0.004458391573916587,0.9,0.9250032046992566,3.7364439481494967,25.492275943117345,250,25,139304,3.4225182105625898,,,
adaptive,805,0.5702967167247329,0.004328254983133051,0.9,0.8732606504652526,3.9960422968957365,25.751874291863587,250,25,139579,3.5670746729193534,,,
adaptive,806,0.5703170887299959,0.004674489545997806,0.9,0.8773989478064408,1.7090358059870867,23.464867800954934,250,25,139854,1.413152207454124,,,
adaptive,807,0.570345506841164,0.005163781375706944,0.9,0.9332211691155523,3.5213101854446744,25.277142180412525,250,25,140129,3.1570827023596983,,,
adaptive,808,0.5701957396750271,0.004775857431247643,0.9,0.9037983646367473,3.3171518569644265,25.072983851932275,250,25,140404,3.9753277915630814,,,
adaptive,809,0.5701014694005042,0.004940644018607276,0.9,0.852101063464036,2.814984479945073,24.570816474912924,250,25,140679,1.49103839003958,,,
adaptive,810,0.5698663501972271,0.0046726392063421995,0.9,0.8984635258008963,2.0654572878946005,23.82128928286245,250,25,140954,1.3655481656976027,,,
adaptive,811,0.5697491110515468,0.005265213971585747,0.9,0.9960862643227255,1.9795404361968294,23.735372431164677,250,25,141229,1.0807547858324398,,,
adaptive,812,0.5699245761625421,0.005521270882502316,0.9,0.9104118575410302,3.4781556969971037,25.233987691964952,250,25,141504,2.8350771037057494,,,
adaptive,813,0.5696912963274473,0.004916451194416083,0.9,0.9329175349976435,3.184799519333358,24.940631514301206,250,25,141779,3.440247879255405,,,
adaptive,814,0.5698707891188778,0.004769192123728172,0.9,0.8413520324807734,2.659821058914717,24.415653053882565,250,25,142054,1.2478836434213858,,,
adaptive,815,0.5701470668465429,0.005165814787016831,0.9,0.9318076924674118,4.407299901165987,26.163131896133837,250,25,142329,3.6208732774488697,,,
adaptive,816,0.5703041889750142,0.0051604328860312965,0.9,0.901420919429478,1.88818639346122,23.644018388429068,250,25,142604,1.2692126567309399,,,
adaptive,817,0.570425576281324,0.005517676885863798,0.9,0.9063230824542355,2.3408621435703196,24.09669413853817,250,25,142879,1.393563247008345,,,
adaptive,818,0.5703731744189002,0.005256082283102703,0.9,0.9332634497151241,4.1148082284956615,25.87064022346351,250,25,143154,3.4464787863269435,,,
adaptive,819,0.5699198493367867,0.005248861799103555,0.9,0.9647575399607209,2.4801753891347027,24.236007384102553,8,25,143187,1.3481561056653668,,,
adaptive,820,0.5701014115844596,0.00545458756471906,0.9,0.8137248749688949,2.6491297786356633,24.404961773603514,8,25,143220,0.9556477150105642,,,
adaptive,821,0.5702793372679732,0.005217329567218987,0.9,0.7497210027493494,1.9266816993125944,23.682513694280445,8,25,143253,0.9671784175186241,,,
adaptive,822,0.5702390868928711,0.0049658198116654395,0.9,0.9849436238791149,2.112851834687818,23.868683829655666,8,25,143286,1.2172514456285553,,,
adaptive,823,0.5700123325102957,0.005268703962191368,0.9,1.1520925360783434,3.612271123583954,25.368103118551804,8,25,143319,3.453786906559695,,,
adaptive,824,0.5699770061386882,0.005588913280286212,0.9,1.1416504265169702,3.0827447825487075,24.838576777516558,8,25,143352,1.6739101974549813,,,
adaptive,825,0.5700361519259209,0.005359902890556434,0.9,0.9329812221480028,4.2110430940682955,25.966875089036144,8,25,143385,3.3458441499016933,,,
adaptive,826,0.5701902395861804,0.005516408731121247,0.9,0.982656204837766,2.2328327053678434,23.988664700335693,8,25,143418,1.1844358450416002,,,
adaptive,827,0.5707038000110588,0.005547097851927196,0.9,0.7961152257014956,2.5791864980122936,24.335018492980144,8,25,143451,1.5712679916902186,,,
adaptive,828,0.5709419270186705,0.005297958472291531,0.9,0.8578787419978959,2.7403902630225767,24.496222257990425,8,25,143484,1.21342359407715,,,
adaptive,829,0.5709385624020319,0.0053695779546603095,0.9,0.871221013804046,4.039258081604711,25.79509007657256,8,25,143517,3.18732573577175,,,
adaptive,830,0.5708774408554372,0.005606521641174478,0.9,1.0203504240530041,1.8670137433962248,23.622845738364074,8,25,143550,1.237201904143546,,,
adaptive,831,0.571265126158298,0.0052462419303095364,0.9,0.7045190929486171,1.679529249741937,23.435361244709785,8,25,143583,1.3098075593102683,,,
adaptive,832,0.5715284845306194,0.004601503346339464,0.9,0.7936770491526282,4.321804131345078,26.077636126312928,8,25,143616,3.65525716711918,,,
adaptive,833,0.5706518490582413,0.00545720796537652,0.9,1.4209804731975346,4.9266431273687195,26.68247512233657,8,25,143649,6.720352015368521,,,
adaptive,834,0.5703804464177642,0.005570709573512356,0.9,1.1181630939540805,4.300989780474825,26.056821775442675,8,25,143682,4.466164715331677,,,
adaptive,835,0.5704097931681936,0.005668051297380461,0.9,0.9442131699147082,3.410108454769203,25.16594044973705,8,25,143715,3.259416560682572,,,
adaptive,836,0.5705181304738839,0.005913181354981645,0.9,0.9731230331766424,2.632026201731255,24.387858196699103,8,25,143748,1.2186961411940365,,,
adaptive,837,0.5702453878603938,0.005929724567818151,0.9,1.0231174739747766,2.1196196412859907,23.87545163625384,8,25,143781,1.5645391754157,,,
adaptive,838,0.5704957754943244,0.005835759568643462,0.9,0.8495370564317895,3.9446404792536147,25.700472474221463,8,25,143814,3.8554003928820646,,,
adaptive,839,0.5707226926878114,0.00489341997245063,0.9,0.6758870093546105,2.8779992759522,24.633831270920048,8,25,143847,2.3689096669701586,,,
adaptive,840,0.5703578680299886,0.004912156904731346,0.9,1.0920301166459032,2.62735556945872,24.38318756442657,8,25,143880,1.77840829763359,,,
adaptive,841,0.5705130080465622,0.005525098880471813,0.9,0.9169436498727361,4.16370430764063,25.919536302608478,8,25,143913,3.964232960346211,,,
adaptive,842,0.5712651076602069,0.004820558717886447,0.9,0.5342970417960845,2.4670148913381604,24.22284688630601,8,25,143946,1.5837887318246633,,,
adaptive,843,0.5716056346576704,0.005132065549097287,0.9,0.7431884554639656,2.4500696324934843,24.205901627461333,8,25,143979,1.499038523084457,,,
adaptive,844,0.5705514954382008,0.006248529989443474,0.9,1.6196634677240795,2.2316880209006245,23.987520015868473,8,25,144012,5.31154251941843,,,
adaptive,845,0.571410260059858,0.005413581213832175,0.9,0.386532054875356,2.714505398903004,24.470337393870853,8,25,144045,2.06672547611465,,,
adaptive,846,0.5718495661163182,0.0053157432334701715,0.9,0.6601116036803159,4.217541309766663,25.973373304734512,8,25,144078,3.3249563986594186,,,
adaptive,847,0.5719548323339381,0.005129815813373573,0.9,0.852108425171012,2.709905360402551,24.4657373553704,8,25,144111,1.7402580420306784,,,
adaptive,848,0.5722611889842226,0.005220264992313428,0.9,0.7638120369882702,1.7556426209681415,23.51147461593599,8,25,144144,1.2618479853908462,,,
adaptive,849,0.5719340128766687,0.004820397214390204,0.9,0.9177814457295708,2.9109559870101354,24.666787981977983,8,25,144177,1.2024152254993452,,,
adaptive,850,0.5717511257591178,0.004377666121856527,0.9,0.7843096059367197,4.02999399789444,25.78582599286229,8,25,144210,3.2276233079453873,,,
adaptive,851,0.5712321107230474,0.004867399439474118,0.9,1.4025179587322085,1.8037673651681891,23.559599360136037,8,25,144243,3.5279098674674194,,,
adaptive,852,0.5712930724806307,0.004555637576850624,0.9,0.7843169071737301,4.130099323994413,25.885931318962264,8,25,144276,3.166913120081935,,,
adaptive,853,0.5713562507357505,0.004366409290861961,0.9,0.7636756278715885,4.412651920853709,26.168483915821557,8,25,144309,3.5862299492669494,,,
adaptive,854,0.5717251536326513,0.004120151083974899,0.9,0.6499282777433973,2.6316817812580533,24.3875137762259,8,25,144342,2.5092776577136173,,,
adaptive,855,0.5717697388673377,0.0040087155257915175,0.9,0.7980086848818646,2.1581277732817408,23.91395976824959,8,25,144375,2.045407027939175,,,
adaptive,856,0.5714731476697945,0.00330816507816567,0.9,0.8090757418072358,1.937126513080626,23.692958508048473,8,25,144408,1.0442771890576608,,,
adaptive,857,0.5717941251907459,0.0031093062604276023,0.9,0.6910476371610247,4.32689993604052,26.082731931008368,8,25,144441,3.9504262289801386,,,
adaptive,858,0.5714365844835343,0.0034799754716918763,0.9,1.1286488944725435,2.3664190058114065,24.122251000779254,8,25,144474,1.6587646858181626,,,
adaptive,859,0.5712902940403081,0.0038087751193189856,0.9,1.0102585770799473,2.348033229026585,24.103865223994433,8,25,144507,1.3930665759762648,,,
adaptive,860,0.5711530092381362,0.0038498521111308692,0.9,0.9262571542277721,4.613048491646597,26.368880486614447,8,25,144540,3.729267532946979,,,
adaptive,861,0.571364095770158,0.003528922167336468,0.9,0.7672992731782533,3.4351923615072857,25.191024356475136,8,25,144573,3.2933306285423756,,,
adaptive,862,0.5713391265018268,0.0035747156071653796,0.9,0.8404584714127327,3.6425770377321314,25.39840903269998,8,25,144606,3.2049157352612867,,,
adaptive,863,0.571350525456937,0.0035344227950917517,0.9,0.8669008940025935,2.157732504072364,23.913564499040213,8,25,144639,1.2396435854661523,,,
adaptive,864,0.5712251040024702,0.003491619172638849,0.9,1.0330758493836356,4.30810071663546,26.063932711603307,8,25,144672,1.8049366160591145,,,
adaptive,865,0.5710078035301362,0.003787795609488498,0.9,1.1585499416288667,3.976880894966297,25.732712889934145,8,25,144705,2.1911373710742716,,,
adaptive,866,0.5708323184912184,0.003921393824726227,0.9,0.9305341302020419,3.9250908506751334,25.680922845642982,8,25,144738,3.331014248632441,,,
adaptive,867,0.5709963324923787,0.003992061142678915,0.9,0.9510866968074032,2.96942508140718,24.72525707637503,8,25,144771,1.5069278152197938,,,
adaptive,868,0.5712497945266318,0.00404826289926985,0.9,0.7824555643463204,4.245748541267045,26.001580536234894,8,25,144804,3.080435807032933,,,
adaptive,869,0.5710559776990545,0.0045001048926441856,0.9,1.0380793693333288,2.9049340710545124,24.66076606602236,8,25,144837,4.175580126920429,,,
adaptive,870,0.5707514350147244,0.004294840507672593,0.9,1.0536935030963883,3.4477653123837273,25.203597307351576,8,25,144870,3.575203921659146,,,
adaptive,871,0.5706598735173638,0.004379597302107685,0.9,0.975768761975126,2.398883245240749,24.1547152402086,8,25,144903,1.129496742792792,,,
adaptive,872,0.5704452265414872,0.0040352611052846266,0.9,0.8635559379797564,4.186900767208631,25.94273276217648,8,25,144936,3.5579359171734075,,,
adaptive,873,0.570564672904013,0.003840343711461025,0.9,0.8081591405551463,1.998874642958605,23.754706637926454,8,25,144969,1.0068589126786058,,,
adaptive,874,0.570620448569886,0.0039558274676742,0.9,0.935658324983776,5.967151155543118,27.722983150510967,250,25,145244,7.14408036868443,,,
adaptive,875,0.5705569934572333,0.004335174452924195,0.9,0.9316599250696321,4.289202593030923,26.04503458799877,250,25,145519,3.4008961258755805,,,
adaptive,876,0.5704927384607241,0.004099943244500137,0.9,0.9184523405582168,2.129752964768732,23.88558495973658,250,25,145794,1.197845552452998,,,
adaptive,877,0.5706517584786314,0.00439182995496068,0.9,0.9075954254571907,2.5367067661569442,24.292538761124792,250,25,146069,1.2556475809293386,,,
adaptive,878,0.5708777955919352,0.004224061949369751,0.9,0.8783903991831862,2.2080255938777196,23.96385758884557,250,25,146344,1.4041742242150062,,,
adaptive,879,0.5708823931278738,0.004706139701032952,0.9,0.9448333414232305,2.7113025089871132,24.467134503954963,250,25,146619,1.0950877242783743,,,
adaptive,880,0.5709393069767836,0.004587623185873357,0.9,0.9170046727979178,3.080677564266626,24.836509559234475,250,25,146894,3.126220080783393,,,
adaptive,881,0.5710477184018069,0.00445827820270106,0.9,0.8445099956182764,4.9933711350512215,26.74920313001907,250,25,147169,7.6732399308767745,,,
adaptive,882,0.5711802427853503,0.0043519177971717005,0.9,0.8641459925948118,4.607337025002663,26.363169019970513,250,25,147444,3.555841848694653,,,
adaptive,883,0.5710668626411195,0.00448796910025373,0.9,0.8633570107441714,4.422341361993582,26.17817335696143,250,25,147719,3.2698639428850327,,,
adaptive,884,0.5710441047651081,0.004760665944036013,0.9,0.925753737687925,3.416002825440412,25.17183482040826,250,25,147994,3.5787186809941947,,,
adaptive,885,0.5711068233698298,0.005434939278069484,0.9,0.9040527442016846,3.076174235971273,24.832006230939122,250,25,148269,3.3286733456076703,,,
adaptive,886,0.5709521072796074,0.004996403773271707,0.9,0.8809793580734331,4.477646469635649,26.233478464603497,250,25,148544,3.537870158345042,,,
adaptive,887,0.5709105660485111,0.00486170988460588,0.9,0.8802798976903758,3.9563094569916073,25.712141451959457,250,25,148819,3.3181998771082477,,,
adaptive,888,0.5708390626156244,0.004756541287358251,0.9,0.9021094508589188,4.342447906989336,26.098279901957184,250,25,149094,3.3707168392088245,,,
adaptive,889,0.5709085930475181,0.004576674842432293,0.9,0.8885378205487868,4.054857143514162,25.81068913848201,250,25,149369,3.634570607622532,,,
adaptive,890,0.5711384707158518,0.00507063060688262,0.9,0.8747839808213571,2.9291224451928124,24.684954440160663,250,25,149644,1.2023104958427167,,,
adaptive,891,0.5713247354586236,0.0054860404572302235,0.9,0.8871940758292856,5.1275081977366,26.88334019270445,250,25,149919,7.413615972101082,,,
adaptive,892,0.571654463399757,0.005296320716000391,0.9,0.8328825379914934,2.9580106314247883,24.713842626392637,250,25,150194,1.4064415858974393,,,
adaptive,893,0.571238271297639,0.005028535426414349,0.9,0.8876217007352036,2.7229344702167224,24.47876646518457,250,25,150469,1.3681165899683514,,,
adaptive,894,0.5712220930695511,0.004655707422840716,0.9,0.8915310022454845,3.061052950330124,24.81688494529797,250,25,150744,3.3209536886434425,,,
adaptive,895,0.571178841410694,0.004566872024310942,0.9,0.908444260436565,1.9627507608596242,23.718582755827473,250,25,151019,1.4014686069401479,,,
adaptive,896,0.5711022023802641,0.004484414390909852,0.9,0.8861891068846328,2.073604920383453,23.8294369153513,250,25,151294,1.1352702077214882,,,
adaptive,897,0.571031320366332,0.004374009279507263,0.9,0.8286269956453172,4.238591010615011,25.99442300558286,250,25,151569,3.3231459549146782,,,
adaptive,898,0.5710785478633542,0.004518962014616434,0.9,0.9607129391010315,2.5704602900480245,24.326292285015874,250,25,151844,1.2784650217101756,,,
adaptive,899,0.5710799298954217,0.004437123947895083,0.9,0.8861888138862282,3.4283165872810386,25.184148582248888,250,25,152119,3.8018027173946476,,,
adaptive,900,0.5710023219565895,0.004550844691972533,0.9,0.8930819360727721,2.191148760179973,23.946980755147823,250,25,152394,1.4785754415965624,,,
adaptive,901,0.5711352939084867,0.004619995546445321,0.9,0.8386583930206984,6.008021332515258,27.76385332748311,250,25,152669,7.055847072372691,,,
adaptive,902,0.5711839073262716,0.004493843773020756,0.9,0.871587107307141,2.7459058664889064,24.501737861456757,250,25,152944,1.4358524945081936,,,
adaptive,903,0.5714029688233698,0.005041699860198534,0.9,1.0020363558162222,5.930946039015629,27.68677803398348,250,25,153219,7.566050708284904,,,
adaptive,904,0.5712996409050005,0.004984632032738023,0.9,0.89557987366438,4.08612960815107,25.841961603118918,250,25,153494,3.3580507266749833,,,
adaptive,905,0.5714653437518437,0.005004836858636508,0.9,0.9311111474970324,2.101279374958044,23.857111369925892,250,25,153769,1.532328135171709,,,
adaptive,906,0.571534881863714,0.00510133967453108,0.9,0.9324624973898838,2.6024533759863124,24.35828537095416,250,25,154044,1.1272953985395953,,,
adaptive,907,0.5717767922981688,0.0051799483883946396,0.9,0.8498526850947263,4.252909629553599,26.00874162452145,250,25,154319,3.597160101496793,,,
adaptive,908,0.5716204607605619,0.005187695355015842,0.9,0.856022912391874,3.2983689343444147,25.054200929312263,250,25,154594,3.7873005216233837,,,
adaptive,909,0.5716006283874466,0.005675505948733006,0.9,0.8954472759823923,3.239022666704527,24.994854661672377,250,25,154869,3.2974158336408315,,,
adaptive,910,0.5718608648763694,0.005591243304539972,0.9,0.876647848889481,2.3325384529930746,24.088370447960923,250,25,155144,1.230294116360583,,,
adaptive,911,0.5720461362931623,0.005952585122281695,0.9,0.9406790887305213,3.3350395977021763,25.090871592670027,250,25,155419,3.4891559403748182,,,
adaptive,912,0.5722162617911969,0.006215107661545649,0.9,0.8953219534808461,4.526063623499377,26.281895618467225,250,25,155694,3.1660854312539164,,,
adaptive,913,0.5722577042462534,0.006035620477216952,0.9,0.8883955603515246,4.375226540118342,26.13105853508619,250,25,155969,3.2279980185577974,,,
adaptive,914,0.5722449226207903,0.005996893736581299,0.9,0.8757287320956298,2.8803984319604794,24.63623042692833,250,25,156244,1.699045772336607,,,
adaptive,915,0.572336118411502,0.00608296125464225,0.9,0.8939854376861179,2.7346557696379867,24.490487764605835,250,25,156519,1.124008770705513,,,
adaptive,916,0.5722441721992462,0.0058090823861013385,0.9,0.821839797310282,2.863893057726756,24.619725052694605,250,25,156794,1.3171604470413996,,,
adaptive,917,0.572050388865782,0.005542896589785129,0.9,0.948734193797127,2.2806971675634973,24.036529162531345,250,25,157069,1.0978101693210183,,,
adaptive,918,0.5720722394974619,0.005441126861150947,0.9,0.8887392175833503,1.9849049912724601,23.74073698624031,250,25,157344,1.241763925538148,,,
adaptive,919,0.571970348322844,0.0054312725868848055,0.9,0.9342169023576391,1.8724724955989116,23.628304490566762,250,25,157619,1.310363003424476,,,
adaptive,920,0.5718267383403608,0.005020584686911245,0.9,0.8800015461774522,1.3934747920761066,23.149306787043955,250,25,157894,0.44976199696298413,,,
adaptive,921,0.5718095374465602,0.005037645276255942,0.9,0.8779069707238133,2.917122471574403,24.67295446654225,250,25,158169,1.0694085982732684,,,
adaptive,922,0.5715864161449832,0.004776215217334623,0.9,0.9349785069870079,2.044912485031682,23.80074447999953,250,25,158444,1.6120693852077845,,,
adaptive,923,0.5715146968958195,0.00458332575666065,0.9,0.9204120604009547,4.827987274029255,26.583819268997104,250,25,158719,7.6916180401264835,,,
adaptive,924,0.5714809879514352,0.0044747969295296786,0.9,0.9112002602989934,3.7020269299270323,25.457858924894882,250,25,158994,3.363410930785421,,,
adaptive,925,0.5716932846314167,0.004193913634077839,0.9,0.8448321991919072,1.8996839205368465,23.655515915504697,250,25,159269,1.001827760921771,,,
adaptive,926,0.57187687266074,0.004443529501531818,0.9,0.9205572438698396,1.4665925144397522,23.222424509407602,250,25,159544,0.4936709270999294,,,
adaptive,927,0.5720623205483203,0.004731584016655188,0.9,0.9163335544285559,2.447368846437259,24.203200841405106,250,25,159819,1.1201609387986635,,,
adaptive,928,0.5720469972377579,0.004640362644753093,0.9,0.9135899926602261,2.316862104210828,24.072694099178676,250,25,160094,1.1936964361743407,,,
adaptive,929,0.5721232350085582,0.0048069565473077835,0.9,0.9306351260115967,2.9834475000994987,24.739279495067347,250,25,160369,3.4883769094813903,,,
adaptive,930,0.5721287195435124,0.004733188911640873,0.9,0.8951869281270247,2.9535251921144514,24.7093571870823,250,25,160644,1.3081889064100267,,,
adaptive,931,0.5720744215033245,0.0042529105075220786,0.9,0.9067924666030326,3.331102402190765,25.086934397158615,250,25,160919,3.4056527399303524,,,
adaptive,932,0.5719174453050183,0.0041066649757376394,0.9,0.9172168665753119,4.561111149691564,26.31694314465941,250,25,161194,3.88856655803346,,,
adaptive,933,0.572017976208638,0.004301790040176612,0.9,0.8507561375117176,2.7197425772117927,24.475574572179642,250,25,161469,1.2411697386057443,,,
adaptive,934,0.571983623588294,0.0044467779432024734,0.9,0.8816121642634065,2.794029699805635,24.549861694773483,250,25,161744,1.1082668997630887,,,
adaptive,935,0.5717988562171373,0.004023264711839669,0.9,0.8835969810796621,2.8654871559642703,24.62131915093212,250,25,162019,1.1879793132504013,,,
adaptive,936,0.5718349030912016,0.004223575009058567,0.9,0.9580978543425771,2.470988704748078,24.226820699715926,250,25,162294,1.354566536412076,,,
adaptive,937,0.5718228971687116,0.004411536242620806,0.9,0.9949623980043549,3.0225600959091214,24.77839209087697,250,25,162569,1.26935024914791,,,
adaptive,938,0.5720605340490379,0.004770289480403589,0.9,0.877256801567186,2.752887327701353,24.5087193226692,250,25,162844,1.0839980227102393,,,
adaptive,939,0.571803208312339,0.004529171077945482,0.9,0.9093003785810369,2.4843996161275568,24.240231611095407,250,25,163119,1.1784886690980638,,,
adaptive,940,0.5719438256445122,0.004828854400619864,0.9,0.9044430010131113,1.8024706117880311,23.55830260675588,250,25,163394,1.1537812067867426,,,
adaptive,941,0.5721298186685503,0.004920203068039197,0.9,0.8346178240138105,4.566736176524925,26.322568171492776,250,25,163669,6.317378899373044,,,
adaptive,942,0.5723395268319256,0.004997094562705362,0.9,0.9268011311848942,2.316649771955623,24.072481766923474,250,25,163944,1.088124143913789,,,
adaptive,943,0.5723796426542297,0.004508649674162535,0.9,0.919555652288432,4.03242682547249,25.78825882044034,250,25,164219,2.7538687583682964,,,
adaptive,944,0.5725308888956221,0.005072460832219572,0.9,0.8613279416059655,3.488898877107968,25.244730872075817,250,25,164494,2.980887411440015,,,
adaptive,945,0.57261413373691,0.005276943878621876,0.9,0.9221933758634359,2.8534025859362315,24.60923458090408,250,25,164769,3.4779090372352925,,,
adaptive,946,0.5727917399667507,0.005139960416167599,0.9,0.9064868819564633,2.0705048598596134,23.826336854827463,250,25,165044,1.2668573578864921,,,
adaptive,947,0.5728613454738254,0.005223312850729189,0.9,0.8767040414147187,2.601024301175024,24.356856296142873,250,25,165319,1.2738440679953393,,,
adaptive,948,0.5729405074427881,0.005313202118137905,0.9,0.9018247896618442,3.1540425022971723,24.909874497265022,250,25,165594,3.708496200446078,,,
adaptive,949,0.5729124212429025,0.005314786906317481,0.9,0.873260293174364,3.4617068325158966,25.217538827483747,250,25,165869,3.6150566014442793,,,
adaptive,950,0.5731621386254094,0.005657389850949879,0.9,0.9152779878244327,6.183377599880076,27.939209594847924,250,25,166144,10.666166181667654,,,
adaptive,951,0.573236694053501,0.005823467756372103,0.9,0.8860703592776993,3.6966782245353484,25.452510219503196,250,25,166419,3.4405440340725195,,,
adaptive,952,0.5731963544461006,0.006038919591090153,0.9,0.9128232081307076,2.964130387159052,24.7199623821269,250,25,166694,1.2769331934339792,,,
adaptive,953,0.5733115798904465,0.005952930837715864,0.9,0.8948093353332935,2.351249758521198,24.107081753489048,250,25,166969,1.0933476088997414,,,
adaptive,954,0.5734845889831337,0.005925618879982442,0.9,0.863673087536785,4.368345024621064,26.124177019588913,250,25,167244,3.5212860800182018,,,
adaptive,955,0.5734241364898223,0.006035540503907644,0.9,0.8844922423011599,2.822176732911448,24.578008727879297,250,25,167519,1.2937467085537266,,,
adaptive,956,0.5732140738360734,0.006062742413725286,0.9,0.8605599694480078,4.216329750301038,25.972161745268888,250,25,167794,3.7684016037993273,,,
adaptive,957,0.5733147584484217,0.006068026608728516,0.9,0.8994070940002622,6.09970176916227,27.85553376413012,250,25,168069,6.381868708998394,,,
adaptive,958,0.5730851434740982,0.006018601194591966,0.9,0.928208312076889,3.296047115675159,25.051879110643007,250,25,168344,1.5903940719108245,,,
adaptive,959,0.5733178060190477,0.006643620217346657,0.9,0.8999500765179561,4.4799483021257895,26.23578029709364,250,25,168619,3.7752089537244182,,,
adaptive,960,0.5732882893042016,0.006402545376595792,0.9,0.8702624105605942,3.206603409743849,24.962435404711698,250,25,168894,3.3642793856104745,,,
adaptive,961,0.5732640431974545,0.006907234815420549,0.9,0.9198146742949292,2.792617341807312,24.54844933677516,250,25,169169,1.247537858269848,,,
adaptive,962,0.5733340034148405,0.0068237120957359565,0.9,0.8624881906335442,1.6989497886873566,23.454781783655207,250,25,169444,1.0857555794605165,,,
adaptive,963,0.5734335617925033,0.0070901590363778855,0.9,0.9774856314002224,3.5882346902556206,25.34406668522347,250,25,169719,3.1460295117180794,,,
adaptive,964,0.5733892907903181,0.007108306171337397,0.9,0.9078048754395128,3.0648530746861185,24.82068506965397,250,25,169994,1.2737192899933554,,,
adaptive,965,0.5734703981592795,0.007605884894689718,0.9,0.8994739807058683,2.7165278224721168,24.472359817439965,250,25,170269,1.567624271415848,,,
adaptive,966,0.573643965838916,0.007640116526745566,0.9,0.8676935730660694,2.831485125826514,24.587317120794363,250,25,170544,1.0579592056571705,,,
adaptive,967,0.5739364067457451,0.008205458009779565,0.9,0.9205991092186083,1.4410198028668726,23.19685179783472,250,25,170819,0.5322130398042955,,,
adaptive,968,0.5738896758463067,0.008093434593286042,0.9,0.8704047929330414,2.3554052172291127,24.11123721219696,250,25,171094,1.1695464376292364,,,
adaptive,969,0.5737452677231062,0.007970950910978436,0.9,0.8801869349831052,3.9687863569599284,25.724618351927777,250,25,171369,3.2870267635143158,,,
adaptive,970,0.5735455646842026,0.008279416607382406,0.9,0.8876539415147475,4.645513145702502,26.40134514067035,250,25,171644,6.008975656598271,,,
adaptive,971,0.5736442610258586,0.008275488508357909,0.9,0.9154942650289624,3.917360207092701,25.67319220206055,250,25,171919,3.408130304571133,,,
adaptive,972,0.5734276907066056,0.00797411140363391,0.9,0.8836072797299116,3.530580591740561,25.28641258670841,250,25,172194,3.8737090640643466,,,
adaptive,973,0.5733110319045823,0.0076364285331597115,0.9,0.961341405760839,5.72889506984785,27.4847270648157,250,25,172469,7.002320666207212,,,
adaptive,974,0.5732445385714666,0.007783980285660297,0.9,0.9404792635667433,3.4131755515253697,25.16900754649322,250,25,172744,3.4171544407642918,,,
adaptive,975,0.5732185691998002,0.0077249678912088005,0.9,0.8551638349025433,5.799475413240005,27.555307408207852,250,25,173019,6.588089033300988,,,
adaptive,976,0.5733977711679111,0.007734019726809205,0.9,0.908622528404594,2.65453892021089,24.41037091517874,250,25,173294,1.3649134385575148,,,
adaptive,977,0.5733943919813036,0.007536735895918634,0.9,0.8596812087573873,1.7995986137672229,23.555430608735072,250,25,173569,1.3094054248772526,,,
adaptive,978,0.5737781549182455,0.007397540579170192,0.9,0.872662875232813,3.535363272134557,25.291195267102406,250,25,173844,3.2527176511137488,,,
adaptive,979,0.5737388365544978,0.007579185059765958,0.9,0.9297824161079906,3.484917429667179,25.240749424635027,250,25,174119,3.9698079569072187,,,
adaptive,980,0.5736382729704954,0.00773141524980403,0.9,0.9245359625520613,3.6794172768248106,25.43524927179266,250,25,174394,3.5614980006531676,,,
adaptive,981,0.573616588524376,0.007723421124491314,0.9,0.9225207354473219,2.8295770026539864,24.585408997621837,250,25,174669,3.4094193214095334,,,
adaptive,982,0.5738195483232547,0.0076670617797979235,0.9,0.8672218037471974,3.408810480467406,25.164642475435254,250,25,174944,3.2108631714902596,,,
adaptive,983,0.5738829519865504,0.007438914755729775,0.9,0.8489158266541028,5.896779904265159,27.65261189923301,250,25,175219,7.143146283818582,,,
adaptive,984,0.573928770764155,0.007471799735248474,0.9,0.9040303059553755,2.723652674728814,24.479484669696664,250,25,175494,1.1994674019572846,,,
adaptive,985,0.5739796127090966,0.007541976312861798,0.9,0.8827285476828242,2.5707000391362347,24.326532034104083,250,25,175769,1.2678067428328714,,,
adaptive,986,0.5739808881375313,0.007522907954313762,0.9,0.9371896542735233,1.846805668776888,23.602637663744737,250,25,176044,1.296004690499955,,,
adaptive,987,0.5741517217629761,0.007791215091856096,0.9,0.8719611906371734,5.128240879985478,26.884072874953326,250,25,176319,6.511005244182229,,,
adaptive,988,0.5740932063674763,0.008026972010884759,0.9,0.9270845700501967,2.600166498314027,24.355998493281877,250,25,176594,1.5214896209891708,,,
adaptive,989,0.5743451387222801,0.008173264661924473,0.9,0.8518938803411765,4.835782181326196,26.591614176294044,250,25,176869,6.631177732304685,,,
adaptive,990,0.5743211443245255,0.008347502758677128,0.9,0.9058432436698057,3.3370223164586443,25.092854311426493,250,25,177144,3.44003173521021,,,
adaptive,991,0.5744779381655207,0.008521477675844435,0.9,0.8694034926030481,2.9330473866809212,24.68887938164877,250,25,177419,1.1675937120324607,,,
adaptive,992,0.5745971211230085,0.00811471681998488,0.9,0.8456283527545819,2.408638673495006,24.164470668462855,250,25,177694,1.2529086257250297,,,
adaptive,993,0.5743463838477743,0.007932543264574377,0.9,0.9737451654767194,4.407859448230052,26.1636914431979,250,25,177969,3.3794762903799764,,,
adaptive,994,0.5743532368146835,0.00752496719817608,0.9,0.8507268121088921,4.514603169904539,26.27043516487239,8,25,178002,3.4088774041917,,,
adaptive,995,0.5739727150192102,0.007770876669978222,0.9,1.2551987637603201,3.8563208473824346,25.612152842350284,8,25,178035,3.6520017404423695,,,
adaptive,996,0.5739652139962619,0.008003264066037685,0.9,1.09224724362663,4.2204247882628705,25.97625678323072,8,25,178068,4.390934366234929,,,
adaptive,997,0.5733846484089166,0.008228023278719854,0.9,1.1930722428729503,2.220844865450473,23.976676860418323,8,25,178101,2.065100999495962,,,
adaptive,998,0.5729103488368698,0.008326265897114604,0.9,1.1312385431787093,2.765361625432932,24.52119362040078,8,25,178134,1.987088030585362,,,
adaptive,999,0.5727061587633949,0.008890365165624137,0.9,1.0574916581224423,2.484164458151881,24.23999645311973,8,25,178167,1.5132804814490994,,,
adaptive,1000,0.5726505110888445,0.009137356519425377,0.9,0.9115773218793357,2.8530283031401993,24.60886029810805,8,25,178200,1.5840009248514977,,,
