schedule,t,reward,gap,beta_true,beta_hat,cert,cert_hp,n_cal,n_mon,cum_aud,xi_sq,exp3_arm,exp3_p,exp3_loss
audit_sweep_ncal32,1,0.5455890815907154,0.03909167765609922,0.0,0.052646664941003375,3.6046206749247176,25.360452669892567,32,25,57,3.952435652568909,,,
audit_sweep_ncal32,2,0.5454627707597215,0.0392458539540993,0.0,0.08896331649442468,3.6169597718500865,25.372791766817937,32,25,114,3.546617038983625,,,
audit_sweep_ncal32,3,0.5457718508554855,0.03868300172485506,0.0,-0.00372635546801941,2.541750141303661,24.29758213627151,32,25,171,1.2077485209327108,,,
audit_sweep_ncal32,4,0.5464389264058022,0.03747687403887667,0.0,-0.12296776302856947,2.0836726376513113,23.83950463261916,32,25,228,1.410762640893816,,,
audit_sweep_ncal32,5,0.5460101855965994,0.03825587815372178,0.0,0.17898865471394199,3.3650001874970896,25.120832182464937,32,25,285,3.8124279284142264,,,
audit_sweep_ncal32,6,0.5459379741486021,0.038162774294220436,0.0,0.06762492868773978,2.3466453485585146,24.102477343526363,32,25,342,1.4032849423273592,,,
audit_sweep_ncal32,7,0.5456725023364666,0.03867333828033093,0.0,0.051095032945273094,1.8676315476649186,23.623463542632766,32,25,399,1.420150152494498,,,
audit_sweep_ncal32,8,0.5462402578233649,0.03801625544692111,0.0,-0.08181767937179006,3.874267360208722,25.630099355176572,32,25,456,2.904469529189777,,,
audit_sweep_ncal32,9,0.54653941865054,0.037914114613237015,0.0,0.0009082004496678395,3.688494303414365,25.444326298382215,32,25,513,3.563284962027685,,,
audit_sweep_ncal32,10,0.5467622486656953,0.037982423748736616,0.0,0.0043123002455814595,2.64177718943282,24.397609184400668,32,25,570,1.3132445406824738,,,
audit_sweep_ncal32,11,0.5464206575001039,0.0386729283773084,0.0,0.15206557728444375,3.714073040001023,25.46990503496887,32,25,627,2.839208999175921,,,
audit_sweep_ncal32,12,0.5464880689317722,0.038548241713577736,0.0,0.0512708434260425,5.334313320367662,27.090145315335512,32,25,684,7.864432106582411,,,
audit_sweep_ncal32,13,0.5466729703982192,0.03817750289076949,0.0,-0.010398755983194017,2.3465601531729474,24.102392148140797,32,25,741,1.4704166655219002,,,
audit_sweep_ncal32,14,0.5469828458087228,0.03757151043215512,0.0,-0.08388276146364992,2.2796165254704843,24.035448520438333,32,25,798,1.3029761821154526,,,
audit_sweep_ncal32,15,0.5467157910435587,0.03809143710968055,0.0,0.11321512464449932,3.7694101481299738,25.525242143097824,32,25,855,3.3471522342332976,,,
audit_sweep_ncal32,16,0.5469922120793964,0.03752878860121256,0.0,-0.08777327694123765,3.9755508558172568,25.731382850785106,32,25,912,3.113623619965142,,,
audit_sweep_ncal32,17,0.5470438204463727,0.037491996446057496,0.0,0.11942125593400947,3.457355096547767,25.213187091515614,32,25,969,3.2213647509364782,,,
audit_sweep_ncal32,18,0.5474109341402026,0.036679624688819135,0.0,-0.039464338388838054,2.087757833715014,23.843589828682862,32,25,1026,1.2378107095023854,,,
audit_sweep_ncal32,19,0.5472795220052693,0.036798161647742744,0.0,0.13484951196352968,2.466809725686129,24.22264172065398,32,25,1083,1.527928940975238,,,
audit_sweep_ncal32,20,0.5476607880631521,0.036495283272851675,0.0,-0.127590307605275,2.243112398533163,23.998944393501013,32,25,1140,1.0472712392338845,,,
audit_sweep_ncal32,21,0.5477936562416476,0.036364301494631324,0.0,0.06498256403090104,3.5362713884882133,25.292103383456062,32,25,1197,3.445837463047099,,,
audit_sweep_ncal32,22,0.5484402303164319,0.035340403564345424,0.0,-0.19014521515838093,2.0912614164771197,23.84709341144497,32,25,1254,1.385296742107741,,,
audit_sweep_ncal32,23,0.5481903449895267,0.035482906757013266,0.0,0.14613194477533925,2.2597093064290843,24.015541301396933,32,25,1311,1.822094178796147,,,
audit_sweep_ncal32,24,0.5480979434293097,0.03540068972127286,0.0,0.08092500605148639,2.1377465476453943,23.893578542613245,32,25,1368,1.0586772589370184,,,
audit_sweep_ncal32,25,0.5486373946040254,0.03415454472134383,0.0,-0.07403517327073672,2.5608206062894054,24.316652601257253,32,25,1425,0.931971501295295,,,
audit_sweep_ncal32,26,0.5484485725198899,0.03436014028117251,0.0,0.11580790466532481,2.229810923445678,23.98564291841353,32,25,1482,0.7854648087275966,,,
audit_sweep_ncal32,27,0.5486471698952748,0.0340316460057859,0.0,-0.0274258825773529,2.0706812131502,23.82651320811805,32,25,1539,1.4098951423953099,,,
audit_sweep_ncal32,28,0.5488036188657762,0.03381363475327215,0.0,-0.024794319974191258,2.2190228437640824,23.974854838731932,32,25,1596,1.4604678489172536,,,
audit_sweep_ncal32,29,0.5488575063801912,0.033995051261069054,0.0,0.0015845767927805357,2.371660422297952,24.127492417265803,32,25,1653,1.2429613805952673,,,
audit_sweep_ncal32,30,0.5485823688970141,0.03458651926216871,0.0,0.12335763958916492,2.0754340790679238,23.831266074035774,32,25,1710,1.6622553914264997,,,
audit_sweep_ncal32,31,0.5486306605316652,0.03460161730646161,0.0,0.01630498251489839,1.7318016494204869,23.487633644388335,32,25,1767,1.2598991377255029,,,
audit_sweep_ncal32,32,0.5484067536212046,0.03518868656749974,0.0,0.08537742220054441,3.713313340657343,25.469145335625193,32,25,1824,3.6267920241407374,,,
audit_sweep_ncal32,33,0.5482226113180999,0.0358545523032775,0.0,0.027649942527646146,3.6626082055891858,25.418440200557036,32,25,1881,3.3243773159694303,,,
audit_sweep_ncal32,34,0.5486930288554837,0.03506299886865494,0.0,-0.10848575563057007,3.540432952641636,25.296264947609487,32,25,1938,3.6256762610264017,,,
audit_sweep_ncal32,35,0.5483628442730605,0.03568980420235335,0.0,0.18942407564551816,2.1667344517275344,23.922566446695384,32,25,1995,1.2821410058970757,,,
audit_sweep_ncal32,36,0.5487825457369236,0.03518177919642085,0.0,-0.11010531772764133,2.059762350690242,23.81559434565809,32,25,2052,1.266502201252271,,,
audit_sweep_ncal32,37,0.5486921298704354,0.03527040180242513,0.0,0.11400477808734084,1.8423152714060458,23.598147266373896,32,25,2109,1.8043302598117146,,,
audit_sweep_ncal32,38,0.5487082076440097,0.03519401013283341,0.0,0.03607558666195234,2.0760257402095856,23.831857735177437,32,25,2166,1.2584290734115295,,,
audit_sweep_ncal32,39,0.5488855271777825,0.034803721932000875,0.0,0.01673509706496968,3.5338188926423433,25.289650887610193,32,25,2223,3.478080134660055,,,
audit_sweep_ncal32,40,0.5489169543963678,0.0349097969061265,0.0,-0.010285534563962171,3.9069068306044814,25.66273882557233,32,25,2280,3.1257834304581618,,,
audit_sweep_ncal32,41,0.54907744902178,0.03459019001615171,0.0,-0.007435068542492419,3.603293350161976,25.359125345129826,32,25,2337,3.0363109810353164,,,
audit_sweep_ncal32,42,0.549442460168683,0.03401946491208829,0.0,-0.03801682537130467,2.388784159078429,24.14461615404628,32,25,2394,1.329094630776888,,,
audit_sweep_ncal32,43,0.5495478614764842,0.03382730605210882,0.0,0.05530331603311051,2.255188242126075,24.011020237093923,32,25,2451,1.7070505877536946,,,
audit_sweep_ncal32,44,0.549362970349106,0.03411784969781917,0.0,0.10914272593007203,3.8345679541218933,25.590399949089743,32,25,2508,3.760439614168764,,,
audit_sweep_ncal32,45,0.5494534994019283,0.033930948824725915,0.0,-0.03226746496078389,3.6592188612419965,25.415050856209845,32,25,2565,3.527469038208303,,,
audit_sweep_ncal32,46,0.5497650923373627,0.03351434762177441,0.0,-0.10965145822386807,4.22105425421774,25.97688624918559,32,25,2622,3.3693651254977612,,,
audit_sweep_ncal32,47,0.5499766971823846,0.03314511897302497,0.0,-0.02932441563709227,4.941993251615851,26.6978252465837,32,25,2679,7.685235910457914,,,
audit_sweep_ncal32,48,0.5503523712010902,0.032487701349335874,0.0,-0.05827451458597375,2.228480594989697,23.984312589957547,32,25,2736,1.2787716332007524,,,
audit_sweep_ncal32,49,0.5504365043983592,0.032476408934133394,0.0,0.06495615108574151,4.182996647724312,25.93882864269216,32,25,2793,3.5194288718995432,,,
audit_sweep_ncal32,50,0.5507816084109951,0.03159494792431561,0.0,-0.08325493920122594,4.942994821439839,26.69882681640769,32,25,2850,6.6124960736774545,,,
audit_sweep_ncal32,51,0.550805033463538,0.031245771564392788,0.0,0.04454783639986914,3.65868652737608,25.41451852234393,32,25,2907,3.280150441408438,,,
audit_sweep_ncal32,52,0.5512555781520341,0.030716325815728585,0.0,-0.14555244634514533,2.237121534061497,23.992953529029347,32,25,2964,1.5835661051417425,,,
audit_sweep_ncal32,53,0.5509991412506131,0.03117512667652822,0.0,0.14612048328881888,2.009826768412498,23.765658763380348,32,25,3021,1.471310495002383,,,
audit_sweep_ncal32,54,0.5512004205581994,0.03066525722108293,0.0,-0.023723626117642914,3.758402487376409,25.514234482344257,32,25,3078,3.6044409264988007,,,
audit_sweep_ncal32,55,0.5516498310850738,0.029851546017972796,0.0,-0.08601294643890112,3.877256465970427,25.633088460938275,32,25,3135,4.557024817946033,,,
audit_sweep_ncal32,56,0.5519406596254182,0.029313640926919682,0.0,0.003320629966192246,3.737908387307664,25.49374038227551,32,25,3192,3.073106218596907,,,
audit_sweep_ncal32,57,0.5516110184622615,0.030018683043949723,0.0,0.10821716836948052,3.731530713654479,25.487362708622328,32,25,3249,4.089606579225446,,,
audit_sweep_ncal32,58,0.5520371972534138,0.029431854554867742,0.0,-0.1837394262988715,2.077017635438686,23.832849630406535,32,25,3306,1.361872449964123,,,
audit_sweep_ncal32,59,0.5521408522546789,0.02938614847124299,0.0,-0.00667840997876735,2.3627627398311737,24.11859473479902,32,25,3363,0.9068683912814788,,,
audit_sweep_ncal32,60,0.5519250973755606,0.029638369649200524,0.0,0.11601383890014336,2.107204686738714,23.863036681706564,32,25,3420,1.3999569930308924,,,
audit_sweep_ncal32,61,0.5522238865990861,0.02895032259998309,0.0,-0.006361610469634125,3.6183779734951993,25.37420996846305,32,25,3477,3.746606543815484,,,
audit_sweep_ncal32,62,0.5521036605028163,0.029261949353267203,0.0,0.039772553469093565,2.100651015190959,23.856483010158808,32,25,3534,1.1226058229892966,,,
audit_sweep_ncal32,63,0.5520344308953807,0.029498573633111924,0.0,0.06542985646321993,2.08071031385829,23.83654230882614,32,25,3591,1.4632436554550072,,,
audit_sweep_ncal32,64,0.5522104186136214,0.029471637249034788,0.0,-0.02149757352283283,5.125090738009869,26.88092273297772,32,25,3648,6.23941086595011,,,
audit_sweep_ncal32,65,0.5524445306383464,0.029164074828717856,0.0,-0.08601922434393199,2.2738609789178637,24.029692973885712,32,25,3705,0.6822313893586678,,,
audit_sweep_ncal32,66,0.5528888840594263,0.028634914846394022,0.0,-0.1473568971486573,3.622906982198209,25.37873897716606,32,25,3762,3.268967487373505,,,
audit_sweep_ncal32,67,0.553030657026975,0.028512717731051906,0.0,0.017997858017862238,2.168692892898584,23.924524887866433,32,25,3819,1.1356771148410074,,,
audit_sweep_ncal32,68,0.553357005976956,0.02817724686884615,0.0,-0.07153788074078858,2.1810758522705087,23.93690784723836,32,25,3876,1.1641827638868023,,,
audit_sweep_ncal32,69,0.5529899027988706,0.02903593147512884,0.0,0.1546990045633473,2.2818934361249594,24.03772543109281,32,25,3933,1.3731325145809352,,,
audit_sweep_ncal32,70,0.5532980191070369,0.028544986924763927,0.0,-0.12382281054348152,2.3174944938806528,24.0733264888485,32,25,3990,1.2639962292520905,,,
audit_sweep_ncal32,71,0.5535701612576444,0.027955426857298016,0.0,-0.07776682745306877,2.1402982932471764,23.896130288215026,32,25,4047,1.239029466268287,,,
audit_sweep_ncal32,72,0.5539517443812616,0.027265471626714666,0.0,-0.16926849682771108,2.408477605585351,24.1643096005532,32,25,4104,1.1158892746305873,,,
audit_sweep_ncal32,73,0.5540070951791407,0.02708947946869522,0.0,-0.015795002896005033,3.773647194287009,25.529479189254857,32,25,4161,3.3366639389433237,,,
audit_sweep_ncal32,74,0.5535445500318549,0.02781328181028786,0.0,0.256486336745284,5.525809457781549,27.281641452749398,32,25,4218,6.503273444623858,,,
audit_sweep_ncal32,75,0.5539693773687963,0.02708268025930982,0.0,-0.16217910898411483,2.4213889368646684,24.17722093183252,32,25,4275,1.0504456678035612,,,
audit_sweep_ncal32,76,0.5540825249374955,0.026683238330119874,0.0,0.02992655192938953,2.10156328294137,23.85739527790922,32,25,4332,1.3033327164597783,,,
audit_sweep_ncal32,77,0.5541553985164362,0.02655979326408786,0.0,-0.026934152253510212,2.3039756352244347,24.059807630192285,32,25,4389,1.482515978415214,,,
audit_sweep_ncal32,78,0.5544823371071523,0.02597768643750642,0.0,-0.10155651452907496,2.330525734911056,24.086357729878905,32,25,4446,0.8144354787001503,,,
audit_sweep_ncal32,79,0.5542355233846445,0.026686347904003593,0.0,0.11576150063064086,1.7431547621573518,23.498986757125202,32,25,4503,1.4611336479194403,,,
audit_sweep_ncal32,80,0.5544224913469903,0.02646748388698228,0.0,-0.07471826754603082,2.495186352677442,24.251018347645292,32,25,4560,0.8070277131887453,,,
audit_sweep_ncal32,81,0.5545550879551219,0.025909460750202284,0.0,0.004621687131651327,3.814679424563055,25.570511419530902,32,25,4617,3.142472090377787,,,
audit_sweep_ncal32,82,0.5545778035396022,0.025745097319848864,0.0,-0.010749356143399969,3.6708110619826755,25.426643056950525,32,25,4674,3.620346672296198,,,
audit_sweep_ncal32,83,0.5547224138770344,0.02555267621786983,0.0,-0.007772623704953211,1.9073983891558,23.66323038412365,32,25,4731,1.2323082864227832,,,
audit_sweep_ncal32,84,0.5546697747154352,0.02593880682052807,0.0,0.07092942833590743,2.156189399115985,23.912021394083833,32,25,4788,1.6288182634494248,,,
audit_sweep_ncal32,85,0.554947971203511,0.025269055885649205,0.0,0.0058230177422799794,2.161685107074765,23.917517102042613,32,25,4845,1.4358219797257499,,,
audit_sweep_ncal32,86,0.5551962975021899,0.025123795406108207,0.0,-0.1353756126457773,2.092298358935481,23.84813035390333,32,25,4902,0.9222532502980268,,,
audit_sweep_ncal32,87,0.5548612074330651,0.025649524872140894,0.0,0.17617150164168432,3.590217434898192,25.346049429866042,32,25,4959,4.408214175451521,,,
audit_sweep_ncal32,88,0.5552498790778788,0.025010728030915974,0.0,-0.10152644895838556,2.2081330220927122,23.963965017060563,32,25,5016,1.1382912754397716,,,
audit_sweep_ncal32,89,0.555204401303699,0.025288072238577097,0.0,-0.033825825434512145,2.6013562770165732,24.357188271984423,32,25,5073,1.1554939432973708,,,
audit_sweep_ncal32,90,0.5553135163093815,0.02486973595388564,0.0,-0.033495379814741134,2.517535969255048,24.273367964222896,32,25,5130,1.1139480476292043,,,
audit_sweep_ncal32,91,0.5554328670826656,0.02466933353995504,0.0,-0.024873211708007104,5.161558792642686,26.917390787610536,32,25,5187,7.201624716823676,,,
audit_sweep_ncal32,92,0.555691077861934,0.024251712108362522,0.0,-0.14457200960637273,2.117770635599343,23.87360263056719,32,25,5244,1.3906012698990937,,,
audit_sweep_ncal32,93,0.5558290954972712,0.024050016798146667,0.0,-0.0053130102697524755,3.444553556889809,25.200385551857657,32,25,5301,3.4897282298971395,,,
audit_sweep_ncal32,94,0.5555474966851408,0.024614114760457717,0.0,0.2306682329377792,2.1673291190797435,23.92316111404759,32,25,5358,1.8642133392414704,,,
audit_sweep_ncal32,95,0.5557470668885274,0.024244786370202553,0.0,-0.05887157802220462,3.3725596886248765,25.128391683592724,32,25,5415,3.690728702286421,,,
audit_sweep_ncal32,96,0.5557880701039729,0.024004119418039593,0.0,0.046674742728115316,3.547411533512832,25.30324352848068,32,25,5472,2.414985741160472,,,
audit_sweep_ncal32,97,0.5559906513414734,0.02379964089172948,0.0,-0.04646271313414768,3.2806767192768858,25.036508714244736,32,25,5529,3.8974362840915417,,,
audit_sweep_ncal32,98,0.5559930696597952,0.023604475520559665,0.0,0.11711175098669627,2.1978060293644024,23.95363802433225,32,25,5586,1.4665742050042159,,,
audit_sweep_ncal32,99,0.556137620733193,0.023156043318680708,0.0,-0.020621181560585178,2.220418710276225,23.976250705244073,32,25,5643,1.0539660433232352,,,
audit_sweep_ncal32,100,0.5562500301123628,0.02307543560656855,0.0,-0.07801483167533921,2.3374404196477627,24.093272414615612,32,25,5700,1.4873714501428499,,,
audit_sweep_ncal32,101,0.55628088548492,0.022869665926907423,0.0,-0.015064293040174408,3.987469542349178,25.743301537317027,32,25,5757,3.540161167373346,,,
audit_sweep_ncal32,102,0.5565133179451617,0.022222992149968368,0.0,-0.20476726511972307,4.06456486451376,25.82039685948161,32,25,5814,5.7487601716507,,,
audit_sweep_ncal32,103,0.5563945891231865,0.022455405163331,0.0,0.06688992188561942,1.9668223477445876,23.72265434271244,32,25,5871,1.4099870431919879,,,
audit_sweep_ncal32,104,0.5566534774737882,0.02207290696787445,0.0,-0.040973030352653816,2.410749345096193,24.16658134006404,32,25,5928,1.4653219870805287,,,
audit_sweep_ncal32,105,0.5567845826163317,0.021851290013382374,0.0,-0.06217953046488488,2.2008415948701807,23.95667358983803,32,25,5985,1.3017384125010598,,,
audit_sweep_ncal32,106,0.5569387759508178,0.021159599118876993,0.0,0.02443450404483333,2.092055894036936,23.847887889004785,32,25,6042,1.306997391559483,,,
audit_sweep_ncal32,107,0.5571389724083532,0.02076844057359606,0.0,-0.05979260010334973,2.182112516922772,23.93794451189062,32,25,6099,1.1363006465268388,,,
audit_sweep_ncal32,108,0.5569370095077122,0.02113686125401537,0.0,0.17724351865901417,2.314206309594409,24.07003830456226,32,25,6156,1.2735347930918597,,,
audit_sweep_ncal32,109,0.557052415237257,0.02101050173463659,0.0,-0.014779382908280143,3.609058450718957,25.364890445686807,32,25,6213,3.5652793342620983,,,
audit_sweep_ncal32,110,0.5572094326694921,0.02081269073194103,0.0,-0.17053492271452395,5.049540297972046,26.805372292939893,32,25,6270,7.241229583717184,,,
audit_sweep_ncal32,111,0.5573494168657684,0.020476463740341844,0.0,0.029088815892345594,1.900018078619279,23.65585007358713,32,25,6327,0.9315181163021199,,,
audit_sweep_ncal32,112,0.5571522064430732,0.020740683293741125,0.0,0.2303616929577642,3.6049393482947925,25.36077134326264,32,25,6384,4.12828054610181,,,
audit_sweep_ncal32,113,0.5570036146449685,0.02085259162643638,0.0,0.19906495546945085,2.799972449594077,24.555804444561925,32,25,6441,1.623235671564098,,,
audit_sweep_ncal32,114,0.5573477493742115,0.02018976712222953,0.0,-0.14496869050898611,5.213376790867678,26.969208785835526,32,25,6498,7.98053987705162,,,
audit_sweep_ncal32,115,0.5574634859355496,0.020079839135896393,0.0,-0.07961546063019677,0.914610161457878,22.67044215642573,32,25,6555,0.40724490869928237,,,
audit_sweep_ncal32,116,0.5576677273502,0.01975754715840128,0.0,-0.17483823555775105,1.7421205027211646,23.497952497689013,32,25,6612,1.523335489145875,,,
audit_sweep_ncal32,117,0.5576880515033042,0.01985594493520848,0.0,-0.047612810440924136,3.98286233186562,25.738694326833468,32,25,6669,3.285293502138703,,,
audit_sweep_ncal32,118,0.5577995892941563,0.01994555863700831,0.0,-0.03465648135887836,3.4820934767610443,25.237925471728893,32,25,6726,3.068555283986772,,,
audit_sweep_ncal32,119,0.5580756407682408,0.01946922486156455,0.0,-0.14861717796142265,1.9505610940283478,23.706393088996197,32,25,6783,1.024840405054188,,,
audit_sweep_ncal32,120,0.5581065697708946,0.019478469152657274,0.0,0.11413638959824725,5.233884567424812,26.989716562392662,32,25,6840,6.754889372518044,,,
audit_sweep_ncal32,121,0.5580804988656766,0.0196129568104203,0.0,0.07367045964490337,1.9583515063682075,23.714183501336056,32,25,6897,1.0764637303003064,,,
audit_sweep_ncal32,122,0.5581851193104389,0.019612921378266313,0.0,-0.09042831340363264,2.3283901181274915,24.08422211309534,32,25,6954,1.6768167824902656,,,
audit_sweep_ncal32,123,0.5581544794546085,0.01963343857954969,0.0,-0.1254720906102617,1.8164951192272132,23.572327114195062,32,25,7011,1.0548432788713222,,,
audit_sweep_ncal32,124,0.5581280636287491,0.019871132463678554,0.0,0.04921294367292001,2.249043489068586,24.004875484036436,32,25,7068,1.213168570980537,,,
audit_sweep_ncal32,125,0.5582349846657196,0.019664875801245096,0.0,-0.04288245458055723,5.05329940398364,26.80913139895149,32,25,7125,7.054648052239301,,,
audit_sweep_ncal32,126,0.5584704871020968,0.01928977738333082,0.0,-0.19309590432705848,2.767721324678919,24.52355331964677,32,25,7182,2.64926249418375,,,
audit_sweep_ncal32,127,0.5586541398740792,0.018852313967841927,0.0,0.022177645740641395,2.443508137161446,24.199340132129294,32,25,7239,1.5405591251382826,,,
audit_sweep_ncal32,128,0.5588433788725317,0.018519379126782698,0.0,-0.14801596190826533,3.615619759626645,25.371451754594496,32,25,7296,3.7026188387557966,,,
audit_sweep_ncal32,129,0.5589354675245201,0.018412931744251293,0.0,0.056647023660794764,3.146532944379518,24.90236493934737,32,25,7353,3.082541024410171,,,
audit_sweep_ncal32,130,0.5589604514003643,0.01856469387680193,0.0,-0.026097201341091083,3.9321252572221805,25.68795725219003,32,25,7410,3.2591439972280085,,,
audit_sweep_ncal32,131,0.5589825159191919,0.018698629566974323,0.0,0.14628624704367502,4.936501073472932,26.69233306844078,32,25,7467,7.0135454044146925,,,
audit_sweep_ncal32,132,0.5591396084158204,0.018585031499070426,0.0,-0.04542086053879711,2.3359111239608854,24.091743118928733,32,25,7524,1.0896288990235339,,,
audit_sweep_ncal32,133,0.5591254986399746,0.018796666796244588,0.0,0.10779001386487143,4.088798706798278,25.84463070176613,32,25,7581,2.936594468001941,,,
audit_sweep_ncal32,134,0.5591399744635573,0.018714756351102757,0.0,0.05624628435148268,4.413440862532163,26.16927285750001,32,25,7638,7.119942397223998,,,
audit_sweep_ncal32,135,0.5592663480253034,0.018606072087320236,0.0,-0.15077548625241055,5.265493978524549,27.0213259734924,32,25,7695,7.079114190435932,,,
audit_sweep_ncal32,136,0.559355348396568,0.018543717576707253,0.0,-0.11359313656814785,3.6774298575817057,25.433261852549556,32,25,7752,2.559965624372401,,,
audit_sweep_ncal32,137,0.5596514524886973,0.01820753993707025,0.0,-0.32894308038863823,2.2924857518927,24.048317746860548,32,25,7809,1.2939607477434143,,,
audit_sweep_ncal32,138,0.5597739006274457,0.017835024646520092,0.0,0.052414610709654835,4.045818482661857,25.801650477629707,32,25,7866,3.369442273129037,,,
audit_sweep_ncal32,139,0.5597834431970049,0.017856325840333476,0.0,-0.009775568823937483,2.3348036667071246,24.090635661674973,32,25,7923,1.1004831593658408,,,
audit_sweep_ncal32,140,0.5597855274024248,0.01787397775665789,0.0,0.12535935930230985,2.4648935859896177,24.220725580957467,32,25,7980,1.4901061492700725,,,
audit_sweep_ncal32,141,0.5599008134781741,0.017838645901296468,0.0,0.060664365092549674,2.9845713398165845,24.740403334784432,32,25,8037,3.4770192704630207,,,
audit_sweep_ncal32,142,0.5601141095678942,0.017407630343119762,0.0,0.008675166236938857,3.7368949872453063,25.492726982213156,32,25,8094,3.27239136954838,,,
audit_sweep_ncal32,143,0.5601194231251236,0.017511995301819905,0.0,-0.03944251482062572,3.6526582339721383,25.40849022893999,32,25,8151,3.5397773282384315,,,
audit_sweep_ncal32,144,0.560339322441766,0.017055618501619962,0.0,-0.045954130975881725,4.185801847103703,25.941633842071553,32,25,8208,2.864222700330758,,,
audit_sweep_ncal32,145,0.5603369218107176,0.017231608561449674,0.0,0.16905532755316047,3.7218247703443676,25.47765676531222,32,25,8265,3.6338785744895366,,,
audit_sweep_ncal32,146,0.5604326067772212,0.01703317475180921,0.0,0.003124378068018327,1.982174983849617,23.738006978817467,32,25,8322,1.367767208870708,,,
audit_sweep_ncal32,147,0.560630187522929,0.01675280396319556,0.0,-0.09449396340316295,2.631180886669135,24.387012881636984,32,25,8379,1.444281995666462,,,
audit_sweep_ncal32,148,0.5606212795877968,0.016724373892325728,0.0,-0.16995203161589365,2.767104188462599,24.52293618343045,32,25,8436,2.1528373595154733,,,
audit_sweep_ncal32,149,0.5606075569221893,0.016878723888587688,0.0,0.03868538039587934,5.19510613948271,26.95093813445056,32,25,8493,7.146190166204413,,,
audit_sweep_ncal32,150,0.5606666997397382,0.016854964582996845,0.0,-0.04335002391719298,2.232112268397873,23.987944263365723,32,25,8550,0.9868709388787184,,,
audit_sweep_ncal32,151,0.5606188178318458,0.016771096159415855,0.0,0.1516965416370416,2.1111619894664506,23.8669939844343,32,25,8607,1.1069118414522727,,,
audit_sweep_ncal32,152,0.5605351229270191,0.01705781277225238,0.0,0.12664593624942003,4.048033679432227,25.803865674400075,32,25,8664,3.8649139992192505,,,
audit_sweep_ncal32,153,0.560608364371419,0.017127975869859258,0.0,-0.020799421290034342,3.4300148752272657,25.185846870195114,32,25,8721,3.3751656640986334,,,
audit_sweep_ncal32,154,0.5607650626806044,0.016979410186629185,0.0,-0.10444854378518884,3.6403935225842674,25.396225517552118,32,25,8778,3.7985506831472877,,,
audit_sweep_ncal32,155,0.5608906828689949,0.01669628042558169,0.0,-0.05813680194491644,4.432027944972921,26.187859939940772,32,25,8835,7.080136164783066,,,
audit_sweep_ncal32,156,0.5607748948239237,0.017037372400801498,0.0,0.100235627074228,3.12834120771277,24.884173202680618,32,25,8892,3.3004577960499777,,,
audit_sweep_ncal32,157,0.5609395353688207,0.016528128679938914,0.0,0.04473342241569095,2.002661585371092,23.758493580338943,32,25,8949,1.270971358847175,,,
audit_sweep_ncal32,158,0.5609695601450352,0.01644011678670443,0.0,-0.04832545971033544,1.941397546192689,23.69722954116054,32,25,9006,0.9947790579957653,,,
audit_sweep_ncal32,159,0.5609858818284572,0.016379735604464263,0.0,-0.010384217354145553,1.9437399492527594,23.699571944220608,32,25,9063,1.4588134581995125,,,
audit_sweep_ncal32,160,0.5609644586906494,0.016230467404634075,0.0,-0.05565559659511428,2.4269832645668226,24.18281525953467,32,25,9120,1.260844483321762,,,
audit_sweep_ncal32,161,0.5611457010372991,0.01584547123928559,0.0,-0.09448844216142598,2.28908868673497,24.04492068170282,32,25,9177,0.8099997410656904,,,
audit_sweep_ncal32,162,0.561207865749898,0.015682166021246613,0.0,-0.03360449684169215,2.125851745270353,23.881683740238202,32,25,9234,1.5048234959421654,,,
audit_sweep_ncal32,163,0.5612826515495342,0.015853851277845332,0.0,0.07830671793971931,2.3554772102814754,24.111309205249324,32,25,9291,1.2408142430380151,,,
audit_sweep_ncal32,164,0.5614480378195241,0.01546473803059778,0.0,-0.15631936090465984,2.3672071426856824,24.12303913765353,32,25,9348,0.8869771620586918,,,
audit_sweep_ncal32,165,0.5614633789831207,0.01545368542504344,0.0,0.16073437402640678,5.1859467175985055,26.941778712566354,32,25,9405,6.826581255083206,,,
audit_sweep_ncal32,166,0.5613576233250835,0.015478047585776755,0.0,-0.01407461816181458,4.486496521628959,26.242328516596807,32,25,9462,6.775543753126433,,,
audit_sweep_ncal32,167,0.5612581121407425,0.015481908621478135,0.0,0.11526443278606349,3.6206882018864834,25.376520196854333,32,25,9519,3.5130962649179853,,,
audit_sweep_ncal32,168,0.5612816900806656,0.015431193605573545,0.0,-0.05423139293493582,2.046339380617821,23.80217137558567,32,25,9576,1.2204696772399497,,,
audit_sweep_ncal32,169,0.5614366532095335,0.014920266293703466,0.0,-0.03358171078870011,4.353978713885057,26.109810708852905,32,25,9633,4.135366999212927,,,
audit_sweep_ncal32,170,0.5615615470039086,0.014750691084605916,0.0,-0.1691200420216919,2.3906488244276765,24.146480819395524,32,25,9690,1.7613030028278907,,,
audit_sweep_ncal32,171,0.5616133312369427,0.014563653514490738,0.0,-0.12753270725610452,2.2272772233596507,23.9831092183275,32,25,9747,1.9772376718066207,,,
audit_sweep_ncal32,172,0.561581894392051,0.01479235585057359,0.0,0.23678282712059381,3.624910451611184,25.380742446579035,32,25,9804,4.456901475828426,,,
audit_sweep_ncal32,173,0.5616050985008806,0.014754185912423168,0.0,0.012903466674148493,3.4579000287324577,25.213732023700306,32,25,9861,3.4775817712299504,,,
audit_sweep_ncal32,174,0.5616924987010012,0.014564153790216694,0.0,-0.035982478893829425,3.8006070366780382,25.556439031645887,32,25,9918,3.147149928202194,,,
audit_sweep_ncal32,175,0.5618051169405643,0.014410548551243907,0.0,-0.038199019324537044,1.9504198547692229,23.706251849737072,32,25,9975,0.9725134530390749,,,
audit_sweep_ncal32,176,0.561697242778073,0.014425682879828594,0.0,0.08130862805966768,3.854540428055704,25.610372423023552,32,25,10032,2.51881050633633,,,
audit_sweep_ncal32,177,0.5616924203974257,0.014518733538167461,0.0,-0.029202304450729265,3.9591211095455403,25.71495310451339,32,25,10089,3.068867486996298,,,
audit_sweep_ncal32,178,0.5617651958937465,0.014442957199470197,0.0,0.09220570088110829,4.024307604861521,25.78013959982937,32,25,10146,3.8716195275217875,,,
audit_sweep_ncal32,179,0.5619539830209346,0.013869661794995713,0.0,0.026816221112667838,2.683196350318126,24.439028345285976,32,25,10203,1.2607692419486252,,,
audit_sweep_ncal32,180,0.5619723066302565,0.014071701963238481,0.0,-0.12112632334372357,5.1730888703160955,26.928920865283946,32,25,10260,6.667051053169878,,,
audit_sweep_ncal32,181,0.5620578375521732,0.013965328083675788,0.0,-0.08822541989454502,0.8878637315355915,22.64369572650344,32,25,10317,0.5458261091306182,,,
audit_sweep_ncal32,182,0.5621027515191849,0.013758722155386316,0.0,-0.03558500492842461,2.317996600023519,24.07382859499137,32,25,10374,1.7329346169505615,,,
audit_sweep_ncal32,183,0.5622292350235288,0.013467971794295153,0.0,0.0658965558039554,2.1361840258135407,23.89201602078139,32,25,10431,1.1899103798218296,,,
audit_sweep_ncal32,184,0.5623559688352069,0.013226000534599214,0.0,0.04021441053986038,0.9223499934445438,22.678181988412394,32,25,10488,0.4288192250557207,,,
audit_sweep_ncal32,185,0.5623189412264614,0.013561618160360056,0.0,0.051480797183406285,2.2871112730209795,24.04294326798883,32,25,10545,1.2245471895475406,,,
audit_sweep_ncal32,186,0.5624278392201483,0.013364972892988436,0.0,-0.035710347158013474,2.588541970082924,24.344373965050774,32,25,10602,1.4084317140749123,,,
audit_sweep_ncal32,187,0.5626487273721753,0.012922879818080935,0.0,0.042286687935528616,2.072231647903332,23.828063642871182,32,25,10659,1.3323385611786105,,,
audit_sweep_ncal32,188,0.562481451407608,0.013297197629790536,0.0,0.20077558883010313,3.7303214440356505,25.4861534390035,32,25,10716,4.338482366427319,,,
audit_sweep_ncal32,189,0.562572320557912,0.01346728047736434,0.0,-0.10289357602674644,4.80893700113595,26.5647689961038,32,25,10773,6.503007673427514,,,
audit_sweep_ncal32,190,0.5626745906195194,0.012911521646575386,0.0,0.09261034604246562,3.635339386177814,25.391171381145664,32,25,10830,3.6300297761184668,,,
audit_sweep_ncal32,191,0.5625763361851083,0.013306729781024429,0.0,0.0463145501908748,1.9444751610577558,23.700307156025605,32,25,10887,1.124180923778885,,,
audit_sweep_ncal32,192,0.5624135322664391,0.013464907468180076,0.0,0.05585694021533343,3.8665692521821917,25.62240124715004,32,25,10944,3.7569731536523707,,,
audit_sweep_ncal32,193,0.562490510349619,0.013248040308984299,0.0,-0.044524436057877176,3.2376503110692068,24.993482306037055,32,25,11001,3.591533777696904,,,
audit_sweep_ncal32,194,0.5625340048671315,0.013167703502006134,0.0,-0.04769579878645874,3.9784424857267893,25.734274480694637,32,25,11058,4.738869414968392,,,
audit_sweep_ncal32,195,0.5626299498069236,0.012835950449185063,0.0,0.005570915611844296,3.3290104944195478,25.0848424893874,32,25,11115,3.480814740207121,,,
audit_sweep_ncal32,196,0.5626443832222583,0.01283220036019761,0.0,0.028817938834736056,1.921234176916012,23.67706617188386,32,25,11172,1.3221932508261374,,,
audit_sweep_ncal32,197,0.5627119105511604,0.012586482123561837,0.0,-0.08922805968792717,2.525900536181792,24.28173253114964,32,25,11229,1.975668988339287,,,
audit_sweep_ncal32,198,0.5627273461594638,0.012457392759065544,0.0,0.050367928169814995,3.390152655933949,25.1459846509018,32,25,11286,3.7952546332305994,,,
audit_sweep_ncal32,199,0.562826745101846,0.012222058196960872,0.0,0.16222014401734186,4.369476952025467,26.125308946993314,32,25,11343,4.110984079990316,,,
audit_sweep_ncal32,200,0.5626780499362488,0.012656966810479897,0.0,0.09267369373305658,3.611993551106196,25.367825546074044,32,25,11400,3.574344812385492,,,
audit_sweep_ncal32,201,0.5625540151695222,0.012771717162643914,0.0,0.03341883984486612,2.8036111938861494,24.559443188853997,32,25,11457,3.4858641334873965,,,
audit_sweep_ncal32,202,0.5628317143223031,0.012126798315037268,0.0,-0.12126997421942473,4.266918939965549,26.0227509349334,32,25,11514,3.6330735704607546,,,
audit_sweep_ncal32,203,0.5627747918074597,0.012215251414194883,0.0,0.10429269114197945,3.680092833490561,25.43592482845841,32,25,11571,2.9826079236845566,,,
audit_sweep_ncal32,204,0.5626866046729712,0.012303647004030638,0.0,0.13006942958247608,2.1481362225185148,23.903968217486366,32,25,11628,1.2738404940301995,,,
audit_sweep_ncal32,205,0.5626092942504077,0.012484994625906243,0.0,0.09519945585967714,3.6586937492264564,25.414525744194307,32,25,11685,2.666362036626198,,,
audit_sweep_ncal32,206,0.5628777022505722,0.011881991600649733,0.0,-0.0859681498237739,4.973314241546771,26.72914623651462,32,25,11742,7.44099032275836,,,
audit_sweep_ncal32,207,0.562984277890901,0.01175563823580994,0.0,0.016902174114654903,3.656435586119621,25.41226758108747,32,25,11799,3.5074327832872427,,,
audit_sweep_ncal32,208,0.5628639479638603,0.012099317682919275,0.0,0.08758933534459756,3.4397219773747203,25.19555397234257,32,25,11856,3.604185951075164,,,
audit_sweep_ncal32,209,0.5629553857346221,0.011829753702463197,0.0,0.0871916271665869,5.59012596125036,27.345957956218207,32,25,11913,11.412729479113263,,,
audit_sweep_ncal32,210,0.5629243782716854,0.011997365019496553,0.0,0.1489878551204557,3.483027146581853,25.238859141549703,32,25,11970,3.3015475592168615,,,
audit_sweep_ncal32,211,0.5630897048889799,0.011708071867915115,0.0,-0.016548368053640235,1.997400738019883,23.753232732987733,32,25,12027,1.2849621915184022,,,
audit_sweep_ncal32,212,0.5631495795163761,0.011534613791497117,0.0,0.030526311843436373,0.9110705204848302,22.66690251545268,32,25,12084,0.34278312216082807,,,
audit_sweep_ncal32,213,0.5630975297815509,0.011662596641852208,0.0,0.07625812533605845,3.8411841383798815,25.59701613334773,32,25,12141,3.654832316895356,,,
audit_sweep_ncal32,214,0.5630997999274185,0.01161918562932307,0.0,-0.01875668037209008,3.2667820626923527,25.022614057660203,32,25,12198,3.4312685060529735,,,
audit_sweep_ncal32,215,0.5632879977678821,0.011388051498382956,0.0,-0.17452182771185867,2.3221857447514043,24.078017739719254,32,25,12255,0.8647470512998467,,,
audit_sweep_ncal32,216,0.5634788560559478,0.011046016439328454,0.0,-0.14335236524999415,1.9451379668346012,23.70096996180245,32,25,12312,1.0736566692642129,,,
audit_sweep_ncal32,217,0.5634535077150303,0.011075267882107331,0.0,-0.055231835278829806,3.290835533287686,25.046667528255536,32,25,12369,3.1692260062680053,,,
audit_sweep_ncal32,218,0.5635802345208358,0.01091786243598436,0.0,-0.054764028453435996,2.8455279192012,24.60135991416905,32,25,12426,1.6202376858209602,,,
audit_sweep_ncal32,219,0.563578268938524,0.010888717733902209,0.0,0.031115157318010817,2.0964483428899006,23.85228033785775,32,25,12483,1.1107132187277637,,,
audit_sweep_ncal32,220,0.5635408848885904,0.01095901812837563,0.0,0.06087214654673196,6.966399760279069,28.722231755246916,32,25,12540,12.353224290443626,,,
audit_sweep_ncal32,221,0.5633004228918097,0.011301522051194612,0.0,0.18487924215678805,2.2437537554678513,23.9995857504357,32,25,12597,1.554524267936345,,,
audit_sweep_ncal32,222,0.563306810960925,0.011379047625421523,0.0,-0.1320885558615782,3.5280397877995533,25.283871782767402,32,25,12654,3.0436049634269158,,,
audit_sweep_ncal32,223,0.5632578949571353,0.011521751043812256,0.0,0.08362193691663233,2.709345629812462,24.46517762478031,32,25,12711,0.7589829823886979,,,
audit_sweep_ncal32,224,0.56362010774488,0.010763542513695379,0.0,-0.08498000927042845,1.8585081694314574,23.614340164399305,32,25,12768,1.2975949012738148,,,
audit_sweep_ncal32,225,0.5638152722135855,0.010563206546061132,0.0,-0.06723483232119949,3.6619272626500514,25.417759257617902,32,25,12825,3.3734973188774995,,,
audit_sweep_ncal32,226,0.5639668092951695,0.010196829445443534,0.0,0.002706237097107636,2.5749768568616602,24.33080885182951,32,25,12882,1.2967367207186524,,,
audit_sweep_ncal32,227,0.5638336847403009,0.010307536664503458,0.0,0.18172541383458227,5.5880166016895245,27.343848596657374,32,25,12939,8.58346130865694,,,
audit_sweep_ncal32,228,0.5639216950561493,0.010053139674314204,0.0,-0.04216129640888159,3.772719425914418,25.528551420882266,32,25,12996,3.5641589692665856,,,
audit_sweep_ncal32,229,0.563823409642722,0.010107586460498696,0.0,0.04884843365091807,1.8140528603860075,23.569884855353855,32,25,13053,1.5564454573600897,,,
audit_sweep_ncal32,230,0.5636821612803322,0.010401072688184132,0.0,0.060140481578274424,2.198359297343478,23.95419129231133,32,25,13110,0.9829889745657362,,,
audit_sweep_ncal32,231,0.5637326364628055,0.01032601663940258,0.0,-0.06560121043613998,6.998200816453354,28.754032811421204,32,25,13167,12.569524222723594,,,
audit_sweep_ncal32,232,0.5637663209246829,0.010260529931832685,0.0,-0.02103212946761117,1.8731229358663732,23.628954930834222,32,25,13224,1.3402137645251282,,,
audit_sweep_ncal32,233,0.5639607859128665,0.010000627723245503,0.0,-0.1790338062041034,1.950020878634616,23.705852873602467,32,25,13281,0.8402112466322741,,,
audit_sweep_ncal32,234,0.5641878879860894,0.009526447691643014,0.0,-0.0468726638317348,2.5364527651943947,24.292284760162243,32,25,13338,1.5538118944545296,,,
audit_sweep_ncal32,235,0.5640890882657401,0.009784143516758603,0.0,-0.0135445865430335,3.797891425576082,25.553723420543932,32,25,13395,3.549977406698629,,,
audit_sweep_ncal32,236,0.5643067737488793,0.00940650562095735,0.0,-0.04895491133592272,4.426448071786603,26.18228006675445,32,25,13452,3.651870646836619,,,
audit_sweep_ncal32,237,0.5643023755728283,0.009505065878991026,0.0,0.07062431948022163,3.7348698589221976,25.490701853890048,32,25,13509,2.8278177048026794,,,
audit_sweep_ncal32,238,0.5643548970114688,0.009362581039722762,0.0,0.19641066848483485,3.100777550661595,24.856609545629443,32,25,13566,3.4608107037289293,,,
audit_sweep_ncal32,239,0.564402806774599,0.0092709310936393,0.0,-0.11100816499181278,6.585715318624234,28.341547313592084,32,25,13623,13.260082056001023,,,
audit_sweep_ncal32,240,0.5645874162421137,0.008902921459464697,0.0,-0.02069850138868665,1.1589291909137063,22.914761185881556,32,25,13680,0.5317744490086209,,,
audit_sweep_ncal32,241,0.5646690216919149,0.008607927992472453,0.0,0.041223542895983616,3.6234732137870083,25.379305208754857,32,25,13737,3.0542558781109808,,,
audit_sweep_ncal32,242,0.5642418861947978,0.009460032696522402,0.0,0.24406265717290965,4.02394006779275,25.7797720627606,32,25,13794,2.9400525824946206,,,
audit_sweep_ncal32,243,0.5643565086241401,0.009168354216183783,0.0,0.06721541570317126,2.2547700666727297,24.01060206164058,32,25,13851,1.2710761361273877,,,
audit_sweep_ncal32,244,0.564552050907375,0.008810777734384101,0.0,-0.023072555531581166,5.347435529768292,27.10326752473614,32,25,13908,6.413990575683445,,,
audit_sweep_ncal32,245,0.5644907064572289,0.008927755369079526,0.0,0.0695564815364774,2.815257511246467,24.571089506214317,32,25,13965,1.2120749252969094,,,
audit_sweep_ncal32,246,0.5643808345842972,0.009072927544251042,0.0,0.042121570965274656,3.266944142428488,25.022776137396338,32,25,14022,3.5797926391693786,,,
audit_sweep_ncal32,247,0.5641685790887381,0.009532975970134805,0.0,0.09038142808074522,3.3773689063449694,25.13320090131282,32,25,14079,3.457463152480395,,,
audit_sweep_ncal32,248,0.5640756988494658,0.009643201965922943,0.0,0.0834988722044684,2.288453426100215,24.044285421068064,32,25,14136,1.4435514536851035,,,
audit_sweep_ncal32,249,0.5642434678797799,0.009544409418612232,0.0,-0.0017780535388148852,2.1222740852686557,23.878106080236506,32,25,14193,1.5044425754633324,,,
audit_sweep_ncal32,250,0.5644308611522126,0.009267003602336676,0.0,-0.06811122252089019,3.7144076851119436,25.470239680079793,32,25,14250,4.642441717656254,,,
audit_sweep_ncal32,251,0.564621007642394,0.009062767923671666,0.0,-0.15425394130796086,4.05212763107173,25.80795962603958,32,25,14307,3.212893388980896,,,
audit_sweep_ncal32,252,0.5647700689837457,0.008712325467076787,0.0,0.00038808954960574827,2.096332140110486,23.852164135078336,32,25,14364,1.3086593955272547,,,
audit_sweep_ncal32,253,0.5645649733336873,0.009099600085463733,0.0,0.09680455969232761,2.1305899022781767,23.886421897246027,32,25,14421,1.4325585091506905,,,
audit_sweep_ncal32,254,0.5644244112368577,0.009323594761232568,0.0,0.2047630120359868,2.235550492141737,23.991382487109586,32,25,14478,1.3914539690513326,,,
audit_sweep_ncal32,255,0.5645054310195441,0.009293506977980703,0.0,-0.02677580103518116,3.4438239097690393,25.19965590473689,32,25,14535,3.5305793301328845,,,
audit_sweep_ncal32,256,0.5644607784320921,0.009265808883087034,0.0,0.003051128425433731,2.0407287886593934,23.796560783627243,32,25,14592,1.2355845413711015,,,
audit_sweep_ncal32,257,0.5642906336762655,0.009535908639118795,0.0,0.10746466900089548,5.026813602747997,26.782645597715845,32,25,14649,6.724002418711798,,,
audit_sweep_ncal32,258,0.5641594077313306,0.009861588198424198,0.0,-0.038559106532455305,2.401352300258362,24.157184295226212,32,25,14706,0.9917090141043465,,,
audit_sweep_ncal32,259,0.5641757946360136,0.00976651936414541,0.0,-0.03387855962856577,3.591693199920559,25.34752519488841,32,25,14763,4.006162424546728,,,
audit_sweep_ncal32,260,0.5643297111690008,0.009549317351602804,0.0,-0.0835483933014179,1.7766809587988055,23.532512953766656,32,25,14820,1.1829448737861348,,,
audit_sweep_ncal32,261,0.5642360105593764,0.009757442172392938,0.0,-0.07337716725971309,1.096618196436646,22.852450191404493,32,25,14877,0.5443670353616958,,,
audit_sweep_ncal32,262,0.5643003349594253,0.009784741546277287,0.0,-0.061752035952709346,2.6347601180283546,24.390592112996202,32,25,14934,1.6686106291483214,,,
audit_sweep_ncal32,263,0.5643548739774993,0.00967535078453674,0.0,0.010457196669315716,3.7790597852968957,25.534891780264743,32,25,14991,3.636693107202993,,,
audit_sweep_ncal32,264,0.5645312043686436,0.009231575497172573,0.0,-0.0246354757106132,1.8637728550102446,23.619604849978092,32,25,15048,1.3542879879339866,,,
audit_sweep_ncal32,265,0.564580983350027,0.009115869164436519,0.0,0.025057190268644985,5.694147425367095,27.449979420334945,32,25,15105,6.974016095013918,,,
audit_sweep_ncal32,266,0.5645612291177879,0.009209612066664041,0.0,0.03878763790868629,2.7381143927262253,24.493946387694074,32,25,15162,1.0956002954856852,,,
audit_sweep_ncal32,267,0.5646071459237485,0.009147072275389911,0.0,0.09401838611632203,2.1791370235739254,23.934969018541775,32,25,15219,1.25119225587552,,,
audit_sweep_ncal32,268,0.564873868860691,0.008497720575111667,0.0,-0.02788803486296429,3.2344921901847337,24.990324185152584,32,25,15276,3.396614073943502,,,
audit_sweep_ncal32,269,0.564806450234003,0.00870164446884647,0.0,-0.037045477760654276,3.7228262110890697,25.47865820605692,32,25,15333,4.082140718260694,,,
audit_sweep_ncal32,270,0.5646117869136011,0.009028766517792164,0.0,0.03640501057026552,3.074628520825479,24.830460515793327,32,25,15390,3.3834735476626627,,,
audit_sweep_ncal32,271,0.5644446220839746,0.009277022320634654,0.0,0.07483464192304355,3.761141178175862,25.51697317314371,32,25,15447,4.2598477789727305,,,
audit_sweep_ncal32,272,0.5645645557399128,0.009388447268349198,0.0,-0.3192200093027226,2.3756570859316826,24.13148908089953,32,25,15504,1.1214438400754796,,,
audit_sweep_ncal32,273,0.564892215239276,0.008922969411076176,0.0,-0.06422918753019649,3.9318314898026605,25.68766348477051,32,25,15561,4.071833091063357,,,
audit_sweep_ncal32,274,0.5650348305117663,0.008685674661654041,0.0,0.03146610579863117,2.2407605689380774,23.996592563905928,32,25,15618,1.2735032615975281,,,
audit_sweep_ncal32,275,0.5650652662930145,0.008643424083546236,0.0,0.03863957609562067,2.2873402815205597,24.04317227648841,32,25,15675,1.379464468542486,,,
audit_sweep_ncal32,276,0.5649844649830704,0.00888680085206539,0.0,-0.03979716635363479,3.4351521532025715,25.190984148170422,32,25,15732,3.0859722821652498,,,
audit_sweep_ncal32,277,0.5651445690392449,0.008632144759269655,0.0,-0.08889097601700352,3.893223811930628,25.649055806898478,32,25,15789,4.0748086301342505,,,
audit_sweep_ncal32,278,0.5652227813466806,0.008669424975449869,0.0,-0.1751307189613096,3.9516719539996283,25.707503948967478,32,25,15846,3.7081444790797917,,,
audit_sweep_ncal32,279,0.5651864689936106,0.008872982474023128,0.0,-0.004123421270917431,2.1205653036860537,23.876397298653902,32,25,15903,1.4603070674010763,,,
audit_sweep_ncal32,280,0.5651340487601891,0.008884880869763911,0.0,0.11154048735156584,3.1541985478057284,24.910030542773576,32,25,15960,3.0613438346543287,,,
audit_sweep_ncal32,281,0.5651690595159722,0.008844322829564821,0.0,-0.01073755361153872,2.4567013369129564,24.212533331880806,32,25,16017,1.381327122128457,,,
audit_sweep_ncal32,282,0.5655016998383712,0.008236276117940422,0.0,-0.11090929212317455,2.193962231836059,23.94979422680391,32,25,16074,1.553267041179042,,,
audit_sweep_ncal32,283,0.5652746081564183,0.008560205468474136,0.0,0.20204901866936897,5.183764331494126,26.939596326461974,32,25,16131,6.692543509120439,,,
audit_sweep_ncal32,284,0.5652538928866869,0.008542932627090827,0.0,-0.03777021470546001,2.769666560587156,24.525498555555004,32,25,16188,1.2470231467227424,,,
audit_sweep_ncal32,285,0.5652000915291919,0.008647515397799399,0.0,0.10495075084099227,4.287054448971047,26.042886443938897,32,25,16245,3.0688248008706562,,,
audit_sweep_ncal32,286,0.5650858877375065,0.008834254498729988,0.0,-0.14503076526650294,4.382917076048603,26.138749071016452,32,25,16302,7.046407250056909,,,
audit_sweep_ncal32,287,0.5649492217828551,0.009109117910194309,0.0,0.028619781424941138,2.443215214589068,24.199047209556916,32,25,16359,1.359492041950293,,,
audit_sweep_ncal32,288,0.5648961230540532,0.00922668146582628,0.0,0.04954604294984242,3.761185843199094,25.517017838166943,32,25,16416,3.5780066858742527,,,
audit_sweep_ncal32,289,0.5649178764249276,0.00914728247968788,0.0,0.0928206840491191,1.8451107632844699,23.60094275825232,32,25,16473,1.2634888559778055,,,
audit_sweep_ncal32,290,0.5649934471309008,0.009004579949396962,0.0,-0.008257690538247016,1.7637873763906835,23.519619371358534,32,25,16530,1.426669577453968,,,
audit_sweep_ncal32,291,0.5650734494789821,0.008840015965839387,0.0,0.03663431610938507,2.6088952941080508,24.3647272890759,32,25,16587,1.3725421473523267,,,
audit_sweep_ncal32,292,0.5651442359317463,0.008883765766083074,0.0,-0.02899017556083127,2.163531785771356,23.919363780739204,32,25,16644,1.124895124785464,,,
audit_sweep_ncal32,293,0.5653377832504088,0.008679845296539868,0.0,-0.19829721534565561,2.1440141570224514,23.8998461519903,32,25,16701,1.7137467766125534,,,
audit_sweep_ncal32,294,0.565456981558798,0.00855562785548214,0.0,-0.03772457301987876,3.2084693358507392,24.96430133081859,32,25,16758,3.1309634891770823,,,
audit_sweep_ncal32,295,0.5654669679686664,0.008643696637100962,0.0,-0.15781914302705807,2.1426051189952005,23.89843711396305,32,25,16815,1.0259961913404108,,,
audit_sweep_ncal32,296,0.5655453852494639,0.008461640669420234,0.0,0.028885591799088513,3.667102775814223,25.42293477078207,32,25,16872,3.543354950008999,,,
audit_sweep_ncal32,297,0.5653786391722135,0.008787997373512879,0.0,0.06678501695078264,2.1209556320814484,23.876787627049296,32,25,16929,1.275947756125559,,,
audit_sweep_ncal32,298,0.5654048887589705,0.008477631016136966,0.0,0.09720586315702184,3.924302372762119,25.68013436772997,32,25,16986,3.8721356438969416,,,
audit_sweep_ncal32,299,0.5651308798993868,0.008922881763730572,0.0,0.14583455469876663,4.1145429657987105,25.87037496076656,32,25,17043,4.165126612756301,,,
audit_sweep_ncal32,300,0.5650560180951518,0.009024332701696891,0.0,0.041795617372751656,2.2479945703471453,24.003826565314995,32,25,17100,1.2803932949513694,,,
audit_sweep_ncal32,301,0.5653504415844784,0.008586370057719783,0.0,-0.17628537558642557,2.3780814994132693,24.13391349438112,32,25,17157,0.8774168400291318,,,
audit_sweep_ncal32,302,0.5652890017369517,0.00884351969839725,0.0,0.03580570908981896,2.190532394107602,23.946364389075452,32,25,17214,1.0870093594431234,,,
audit_sweep_ncal32,303,0.5653276054041165,0.008771968831848387,0.0,-0.02955177157724494,4.186506679095944,25.942338674063794,32,25,17271,3.1571307759461873,,,
audit_sweep_ncal32,304,0.5654182539977766,0.008566989171715278,0.0,-0.08616215990515777,1.9343633626193504,23.6901953575872,32,25,17328,1.23384470211798,,,
audit_sweep_ncal32,305,0.565467030046336,0.008391848063403873,0.0,-0.018910711628398368,2.1937317633559634,23.949563758323812,32,25,17385,1.2173034768405313,,,
audit_sweep_ncal32,306,0.5656893975752455,0.007938021116527305,0.0,0.010815927011718594,2.075585764137737,23.831417759105587,32,25,17442,1.201708310149422,,,
audit_sweep_ncal32,307,0.5657701596807762,0.007686870562311987,0.0,0.005149993840347796,3.8500654288883758,25.605897423856224,32,25,17499,4.074863836170295,,,
audit_sweep_ncal32,308,0.5660099862587783,0.007115148827299356,0.0,-0.055009883002211456,2.117886860279008,23.873718855246857,32,25,17556,1.1362085960920532,,,
audit_sweep_ncal32,309,0.5657618737561249,0.0073480805959317275,0.0,0.05418972728720455,1.9738970700279304,23.72972906499578,32,25,17613,1.2920414415847592,,,
audit_sweep_ncal32,310,0.5657882215905551,0.007387328494045553,0.0,-0.08067687549032294,1.8147192769398488,23.570551271907696,32,25,17670,1.1611817930199806,,,
audit_sweep_ncal32,311,0.5662608692464637,0.006764096995352076,0.0,-0.21090444610757325,2.2856474461033804,24.04147944107123,32,25,17727,1.1214959858609699,,,
audit_sweep_ncal32,312,0.5663984968697192,0.006578518327181149,0.0,-0.0780102923573395,2.834598551135791,24.59043054610364,32,25,17784,0.7451252200974225,,,
audit_sweep_ncal32,313,0.566375956316907,0.006525009883567856,0.0,0.21024344627744032,3.978896353670116,25.734728348637965,32,25,17841,3.532250407077707,,,
audit_sweep_ncal32,314,0.5666755760985457,0.005953524364252671,0.0,-0.07266622358843837,3.65728254176299,25.413114536730838,32,25,17898,3.908548994060142,,,
audit_sweep_ncal32,315,0.5664090217247822,0.0061876397501809954,0.0,0.3250078624842877,3.369720455441306,25.125552450409156,32,25,17955,2.898334030444577,,,
audit_sweep_ncal32,316,0.5665619103292138,0.00612777363258632,0.0,-0.12401798253175246,2.170037240782526,23.925869235750376,32,25,18012,1.0694063403861631,,,
audit_sweep_ncal32,317,0.5667993228849875,0.005781243335459152,0.0,-0.11097963524624696,4.067559234573772,25.82339122954162,32,25,18069,3.1018318544056602,,,
audit_sweep_ncal32,318,0.5665359387876966,0.006152330002514028,0.0,0.16449211263447475,2.363904854043918,24.119736849011765,32,25,18126,1.4329657608009698,,,
audit_sweep_ncal32,319,0.5665403885740021,0.00607316651339751,0.0,0.121258261447935,1.8077797726667286,23.563611767634576,32,25,18183,1.5672815225330339,,,
audit_sweep_ncal32,320,0.5664609321398497,0.006319123725723408,0.0,-0.05580353004554293,2.236178957522507,23.992010952490357,32,25,18240,1.6166806946866652,,,
audit_sweep_ncal32,321,0.5666294020503848,0.006023504658646428,0.0,-0.07408959416658356,2.0936652747994753,23.849497269767326,32,25,18297,1.2581762112786048,,,
audit_sweep_ncal32,322,0.5666815855653161,0.005987685964874312,0.0,-0.135690670706653,1.8101637919118276,23.565995786879675,32,25,18354,1.4531411958802336,,,
audit_sweep_ncal32,323,0.5667283410851508,0.005904416710835192,0.0,-0.011864377553924367,3.591106651326734,25.346938646294582,32,25,18411,3.0875183905851324,,,
audit_sweep_ncal32,324,0.5669362820652508,0.005664083490782845,0.0,-0.0724117029576409,3.8375399146673264,25.593371909635174,32,25,18468,4.592697578897289,,,
audit_sweep_ncal32,325,0.5671838826551167,0.005341020063257873,0.0,-0.07847378670388973,1.8716346002585955,23.627466595226444,32,25,18525,1.4090616720868125,,,
audit_sweep_ncal32,326,0.5673715478751065,0.005177248438348436,0.0,-0.07441277441098958,4.002270163458641,25.75810215842649,32,25,18582,3.2808497506750487,,,
audit_sweep_ncal32,327,0.5673195153912559,0.005057512900337291,0.0,0.13441566846799632,2.0735883732178797,23.82942036818573,32,25,18639,0.8533540147703503,,,
audit_sweep_ncal32,328,0.5671171322999132,0.005312608108397288,0.0,0.09802471350524465,3.8487644886673262,25.604596483635177,32,25,18696,3.0815688075326375,,,
audit_sweep_ncal32,329,0.5671498717688055,0.005206332157542515,0.0,0.03171681378868604,1.9186190434724415,23.674451038440292,32,25,18753,1.0528783785950553,,,
audit_sweep_ncal32,330,0.5671841434687636,0.005156114557097191,0.0,0.04051198608619432,2.9356948890233032,24.691526883991152,32,25,18810,3.3373360704425035,,,
audit_sweep_ncal32,331,0.5672088197732339,0.00515107186143382,0.0,-0.05147068707465764,1.9371387097746608,23.69297070474251,32,25,18867,1.0899292272614736,,,
audit_sweep_ncal32,332,0.5671733100456552,0.005213025390454096,0.0,0.0011395951421773048,1.8738192736982378,23.629651268666088,32,25,18924,1.163389116117142,,,
audit_sweep_ncal32,333,0.5671545191584408,0.005307021616914764,0.0,-0.002051970243871566,3.575463901444705,25.331295896412556,32,25,18981,3.761762141190083,,,
audit_sweep_ncal32,334,0.5673724073580068,0.004962843040527631,0.0,-0.10965124087785946,2.159287241198607,23.915119236166454,32,25,19038,1.0546463129996073,,,
audit_sweep_ncal32,335,0.5673217466923628,0.005011147816132322,0.0,0.03069420073558794,1.9887214031094018,23.74455339807725,32,25,19095,1.117845059507733,,,
audit_sweep_ncal32,336,0.5675292523316272,0.004788262468904847,0.0,-0.2071332597340819,3.7526934450156864,25.508525439983536,32,25,19152,3.7048292002323113,,,
audit_sweep_ncal32,337,0.5674209039620415,0.0049514866717004224,0.0,0.19712082706435113,3.4334474285008025,25.18927942346865,32,25,19209,4.844801912097039,,,
audit_sweep_ncal32,338,0.5674245118446241,0.004905680171161331,0.0,0.06802759161906809,3.9156647075655666,25.671496702533418,32,25,19266,4.092794598104988,,,
audit_sweep_ncal32,339,0.5674343682512465,0.005003943128451982,0.0,-0.011866669283075813,3.51517199679282,25.27100399176067,32,25,19323,3.422823509146287,,,
audit_sweep_ncal32,340,0.5674621333616047,0.004940875334430772,0.0,0.08823115124841885,1.889981530147719,23.645813525115567,32,25,19380,1.2491927768543885,,,
audit_sweep_ncal32,341,0.5674759072385458,0.004975651518126067,0.0,0.06576118468543696,4.567559291319008,26.323391286286856,32,25,19437,7.781265012940773,,,
audit_sweep_ncal32,342,0.5673708364216574,0.005094607303197329,0.0,0.012489520840698745,3.7094112889837882,25.465243283951636,32,25,19494,3.2472837077131254,,,
audit_sweep_ncal32,343,0.5674954219013638,0.0050098328641120515,0.0,-0.07835487156440842,0.9875534716191472,22.743385466586997,32,25,19551,0.39843871601329167,,,
audit_sweep_ncal32,344,0.5672107366488264,0.00532341261133118,0.0,0.2591573916764033,2.421171230907262,24.17700322587511,32,25,19608,2.192422315968496,,,
audit_sweep_ncal32,345,0.567495084958503,0.005012664776703257,0.0,-0.057153576256108264,4.2080808205222,25.963912815490048,32,25,19665,4.614988700735304,,,
audit_sweep_ncal32,346,0.5677508136192627,0.004704737027887207,0.0,-0.15969439808412525,2.538738178403546,24.294570173371394,32,25,19722,1.2653889977119575,,,
audit_sweep_ncal32,347,0.5678506974770515,0.004591572216825601,0.0,-0.014428406637682918,3.8515059317489286,25.607337926716777,32,25,19779,3.3911075253338865,,,
audit_sweep_ncal32,348,0.5678881525167214,0.004522971832103706,0.0,-0.0030644794977454266,2.0635839859216247,23.819415980889474,32,25,19836,1.0652371803097855,,,
audit_sweep_ncal32,349,0.5677587666782324,0.004759370887165937,0.0,0.1142523952973759,2.86356060824715,24.619392603214997,32,25,19893,1.2100452789495093,,,
audit_sweep_ncal32,350,0.5678002329723325,0.004618704976332544,0.0,0.04784937829315265,3.8236469465258613,25.57947894149371,32,25,19950,4.047708820963505,,,
audit_sweep_ncal32,351,0.5675148305098865,0.005129251147609204,0.0,0.04136075662975445,2.4485371635673587,24.204369158535208,32,25,20007,1.4582508149106863,,,
audit_sweep_ncal32,352,0.5673945761444767,0.005285298826319007,0.0,0.11506735505661315,2.966171771503942,24.72200376647179,32,25,20064,2.931900745830879,,,
audit_sweep_ncal32,353,0.5674157417567717,0.005380725880563264,0.0,-0.050869822576588196,1.787997242936691,23.54382923790454,32,25,20121,1.2378052903173462,,,
audit_sweep_ncal32,354,0.5675914498637041,0.005074961351723362,0.0,-0.17119235906438984,3.9817507793246927,25.73758277429254,32,25,20178,2.4504204939774303,,,
audit_sweep_ncal32,355,0.5676590782416993,0.004879756834929472,0.0,0.07550425321401256,2.754987649535767,24.510819644503616,32,25,20235,3.1634164124281976,,,
audit_sweep_ncal32,356,0.5677602834275356,0.004771082267274074,0.0,0.008181930934337417,3.8635074033074353,25.619339398275283,32,25,20292,3.5322733476676627,,,
audit_sweep_ncal32,357,0.567872727892745,0.00468069299305196,0.0,-0.10067748849789102,2.781128141728907,24.536960136696756,32,25,20349,2.103121227093902,,,
audit_sweep_ncal32,358,0.5681005363105386,0.004338602419041715,0.0,-0.12124168732800684,5.277568973558127,27.033400968525974,32,25,20406,7.646460842923102,,,
audit_sweep_ncal32,359,0.5680031961958023,0.0044981534485787344,0.0,-0.09301195460287932,2.590732528102545,24.346564523070395,32,25,20463,0.8473408200308862,,,
audit_sweep_ncal32,360,0.5683646259396182,0.00404606038898514,0.0,-0.18517077433505286,2.357780351070572,24.113612346038423,32,25,20520,1.7953522687244419,,,
audit_sweep_ncal32,361,0.5685926207295762,0.003671836537225026,0.0,-0.0608628529634604,3.6825067083091705,25.43833870327702,32,25,20577,3.6907691930685433,,,
audit_sweep_ncal32,362,0.5687357005954309,0.0034974878213828164,0.0,0.01372752029661269,1.864303216870505,23.620135211838353,32,25,20634,1.0801245002838131,,,
audit_sweep_ncal32,363,0.5688633114263375,0.0033005688447310666,0.0,-0.02806465589377462,3.914906069420833,25.670738064388683,32,25,20691,3.556122400165063,,,
audit_sweep_ncal32,364,0.5688598063569379,0.003253742425818218,0.0,0.014515843278927791,1.7561844643588516,23.512016459326702,32,25,20748,1.3222609357159332,,,
audit_sweep_ncal32,365,0.5688789978375518,0.0032553345135133416,0.0,0.0077893889109573,2.469975596296482,24.22580759126433,32,25,20805,1.0705688769834145,,,
audit_sweep_ncal32,366,0.5687133965812426,0.0033720846733091836,0.0,0.05486187166363662,3.071304006635352,24.8271360016032,32,25,20862,3.7022559172597487,,,
audit_sweep_ncal32,367,0.5687162618713641,0.0033040905208351345,0.0,0.03230148401817368,4.263224172537048,26.019056167504896,32,25,20919,3.1700104953994286,,,
audit_sweep_ncal32,368,0.5686694368609455,0.0034059946529569896,0.0,0.04512403072768223,2.0444891277909627,23.800321122758813,32,25,20976,1.2951712385921905,,,
audit_sweep_ncal32,369,0.5684892812443632,0.0035629107398892357,0.0,0.20220124700824407,3.045069657304475,24.800901652272323,32,25,21033,3.9880386776988397,,,
audit_sweep_ncal32,370,0.5683876008037408,0.0036869612476705393,0.0,0.06079440620453825,3.580263693027102,25.336095687994952,32,25,21090,3.322141254221766,,,
audit_sweep_ncal32,371,0.5685175870740699,0.003494131038520587,0.0,-0.110784713284103,2.0974602120432375,23.853292207011087,32,25,21147,1.426578196076485,,,
audit_sweep_ncal32,372,0.5688717720733083,0.003124110304445593,0.0,-0.21351493403379262,4.708263689840867,26.464095684808715,32,25,21204,7.693986956583444,,,
audit_sweep_ncal32,373,0.5688593856004894,0.0031577628069029418,0.0,-0.09229656025548237,3.506706196481263,25.262538191449114,32,25,21261,4.383862499317404,,,
audit_sweep_ncal32,374,0.5689148937586409,0.003095142609157331,0.0,-0.07746335494403102,2.362804917077332,24.118636912045183,32,25,21318,1.1966285973108315,,,
audit_sweep_ncal32,375,0.5689094083959212,0.0030692662351448075,0.0,-0.023928567130056134,2.6722289183495502,24.4280609133174,32,25,21375,0.9939165930015712,,,
audit_sweep_ncal32,376,0.5688860139053091,0.003080950295881957,0.0,-0.10531607087137382,2.1804631733013844,23.936295168269233,32,25,21432,1.2464456162479989,,,
audit_sweep_ncal32,377,0.5688508358306464,0.003078474638312345,0.0,0.1617100393900893,2.535610839957368,24.291442834925217,32,25,21489,1.039686754703869,,,
audit_sweep_ncal32,378,0.568966355458653,0.002959000098396558,0.0,-0.031248311642669776,2.7550328968966156,24.510864891864465,32,25,21546,1.143353793210121,,,
audit_sweep_ncal32,379,0.5690456718042473,0.002843985651391767,0.0,0.06988295641284727,2.6499404576127916,24.405772452580642,32,25,21603,1.3532507362417459,,,
audit_sweep_ncal32,380,0.5690383561039574,0.0028454109736703037,0.0,0.07434909054708282,2.058502638116987,23.814334633084837,32,25,21660,1.102275418588914,,,
audit_sweep_ncal32,381,0.5685805910437609,0.003438430983969787,0.0,0.1947197564473587,1.5097132854539896,23.26554528042184,32,25,21717,0.8892883394820292,,,
audit_sweep_ncal32,382,0.5684646690946827,0.0036145913639085148,0.0,0.003233717905343107,2.5889181895986337,24.344750184566482,32,25,21774,0.9114491047549658,,,
audit_sweep_ncal32,383,0.5688464496463782,0.003135848663817442,0.0,-0.23789593578428964,4.0322133822690525,25.7880453772369,32,25,21831,2.3766252911842147,,,
audit_sweep_ncal32,384,0.5690893060951012,0.0029179586465735152,0.0,-0.041726726353606816,3.3683531369358377,25.124185131903687,32,25,21888,3.6224625286062446,,,
audit_sweep_ncal32,385,0.5694455908341538,0.0025054652054394833,0.0,-0.037478999048622695,4.462953471332126,26.218785466299977,32,25,21945,3.2226226904263378,,,
audit_sweep_ncal32,386,0.5695784390603443,0.0022980008048695266,0.0,-0.02876805724374552,4.153536019902336,25.909368014870186,32,25,22002,3.2406837932461845,,,
audit_sweep_ncal32,387,0.5696136848187572,0.0023321536495419792,0.0,0.01119328441337616,3.2667073482108293,25.02253934317868,32,25,22059,3.3946220615412144,,,
audit_sweep_ncal32,388,0.5696303739809556,0.002301155226173357,0.0,-0.10332247087074464,2.660241207921148,24.416073202888995,32,25,22116,1.3282106920224621,,,
audit_sweep_ncal32,389,0.5699221067738746,0.0023805420838480806,0.0,-0.09857656060611172,2.938380419809401,24.69421241477725,32,25,22173,3.270274059929242,,,
audit_sweep_ncal32,390,0.5702056889552161,0.0021557118903260397,0.0,-0.029150268543739834,1.8932795866685992,23.649111581636447,32,25,22230,1.0076157452061085,,,
audit_sweep_ncal32,391,0.5703367098888138,0.0018314969091294264,0.0,-0.05279235742792062,2.648925288990559,24.404757283958407,32,25,22287,2.903186289275128,,,
audit_sweep_ncal32,392,0.570238031352428,0.0017827671394752276,0.0,0.00704504999731783,3.823194088713135,25.579026083680983,32,25,22344,3.9976830899045015,,,
audit_sweep_ncal32,393,0.5700398561524739,0.0019490431371187444,0.0,0.1842634178006531,3.2908415391168364,25.046673534084686,32,25,22401,4.371695734435272,,,
audit_sweep_ncal32,394,0.5696281469206138,0.0024388458290142134,0.0,0.08691365549072877,2.818754556308668,24.574586551276518,32,25,22458,1.1711104719603231,,,
audit_sweep_ncal32,395,0.5693796738269168,0.002784237071100093,0.0,0.01348147799161067,4.310394620036006,26.066226615003856,32,25,22515,3.1609596901887085,,,
audit_sweep_ncal32,396,0.5695767109854909,0.0025113920799909595,0.0,-0.04351481047928669,2.29929813269339,24.05513012766124,32,25,22572,1.5956368124003404,,,
audit_sweep_ncal32,397,0.5697330674930854,0.0022617920840394268,0.0,0.06912961032967196,1.8642931667424456,23.620125161710295,32,25,22629,1.1837004370527862,,,
audit_sweep_ncal32,398,0.5698695364322302,0.0020962570886708942,0.0,0.0015127534663840498,4.0839083331656125,25.839740328133463,32,25,22686,3.752850731744373,,,
audit_sweep_ncal32,399,0.570110927626034,0.0019326277514727375,0.0,-0.04601197914309694,2.6131554678523914,24.36898746282024,32,25,22743,1.5489198392748462,,,
audit_sweep_ncal32,400,0.569980068279912,0.0019062219232122146,0.0,0.08671217371402759,2.6691052556270267,24.424937250594876,32,25,22800,1.6018308746537187,,,
audit_sweep_ncal32,401,0.5702675048710385,0.0020345479334132888,0.0,-0.028937504903266253,3.9596838759135258,25.715515870881376,32,25,22857,3.417512112486687,,,
audit_sweep_ncal32,402,0.5702025920129142,0.0020774355200613437,0.0,0.04861055237964686,1.6657553244369327,23.421587319404782,32,25,22914,1.1673407860444038,,,
audit_sweep_ncal32,403,0.5703492020958836,0.0021847896236592,0.0,0.01293376589055192,2.6935431928024447,24.449375187770293,32,25,22971,1.0790466462262758,,,
audit_sweep_ncal32,404,0.5702440681063474,0.0023703462044870616,0.0,0.06371123175583733,1.8021044162358058,23.557936411203656,32,25,23028,0.9289082018058982,,,
audit_sweep_ncal32,405,0.5704014475918766,0.002348670481829074,0.0,-0.042078586220039786,3.792221711427103,25.548053706394953,32,25,23085,3.8487283362583637,,,
audit_sweep_ncal32,406,0.5702380856024549,0.002559490246012097,0.0,0.0869016719403405,1.3282058178424672,23.084037812810315,32,25,23142,0.5258381468306913,,,
audit_sweep_ncal32,407,0.5699631821138299,0.0024396173851354286,0.0,0.18110106363009396,1.9209758039680143,23.67680779893586,32,25,23199,1.5930045244863955,,,
audit_sweep_ncal32,408,0.5700620285699304,0.002184963046795496,0.0,-0.08067576673426247,2.1513141900257846,23.907146184993636,32,25,23256,1.0233176418055039,,,
audit_sweep_ncal32,409,0.5699401027617144,0.002112443024221977,0.0,0.005952134864018323,1.8089347611148423,23.56476675608269,32,25,23313,1.273976938946215,,,
audit_sweep_ncal32,410,0.5698470693811954,0.002067140147248292,0.0,0.05929216908286958,3.884616755045463,25.640448750013313,32,25,23370,3.7106410882729035,,,
audit_sweep_ncal32,411,0.569829016999796,0.002399387920665186,0.0,-0.019919836140406794,2.031782737630713,23.787614732598563,32,25,23427,0.8918799081621065,,,
audit_sweep_ncal32,412,0.5697757899355189,0.002648814627789209,0.0,-0.04124062995184152,2.6815986771637617,24.43743067213161,32,25,23484,3.342871566500058,,,
audit_sweep_ncal32,413,0.5700943420590431,0.002436415087001542,0.0,-0.23220060925124866,4.019845200735816,25.775677195703665,32,25,23541,4.051741728696431,,,
audit_sweep_ncal32,414,0.5699396071618021,0.0026661381897210568,0.0,-0.03297314988978511,2.7112094828952413,24.46704147786309,32,25,23598,1.5423441972756227,,,
audit_sweep_ncal32,415,0.5698045090465468,0.0021346507631819778,0.0,0.10318996996102314,2.288125843213223,24.043957838181072,32,25,23655,1.3438448082288068,,,
audit_sweep_ncal32,416,0.5695375754192017,0.002557047143011859,0.0,0.1444399551873761,5.5697648596801095,27.32559685464796,32,25,23712,7.495733874447961,,,
audit_sweep_ncal32,417,0.5693977994851903,0.002658287408123794,0.0,0.022527354087988866,4.111070048986349,25.866902043954198,32,25,23769,3.464956223439704,,,
audit_sweep_ncal32,418,0.5693202856243442,0.002762612026626532,0.0,-0.034125664545751076,3.270958146327898,25.02679014129575,32,25,23826,3.530545043729023,,,
audit_sweep_ncal32,419,0.5693536200260338,0.0028077722289200358,0.0,0.003959293788283034,4.1577903563733685,25.913622351341218,32,25,23883,3.438125544888189,,,
audit_sweep_ncal32,420,0.5692709165940694,0.0029322161883149622,0.0,-0.08506671810407009,2.7264533525178183,24.482285347485668,32,25,23940,1.2592898235110486,,,
audit_sweep_ncal32,421,0.5691243632044545,0.0032537467526997377,0.0,-0.145397832731682,1.9625155058172197,23.718347500785068,32,25,23997,1.229762482056668,,,
audit_sweep_ncal32,422,0.5694659692539548,0.002803711447411872,0.0,-0.1198630893433254,7.397272292117416,29.153104287085263,32,25,24054,12.809067875807571,,,
audit_sweep_ncal32,423,0.5695296147930802,0.002666827785309911,0.0,0.16894358390159273,2.2947022330066544,24.050534227974502,32,25,24111,0.9091894021585726,,,
audit_sweep_ncal32,424,0.5696303991149791,0.0025045945147769144,0.0,0.03210239666163873,2.072310702207925,23.828142697175775,32,25,24168,1.1680541170593093,,,
audit_sweep_ncal32,425,0.5697349400260141,0.0023164328380970156,0.0,0.056787803943137684,3.2658887089750777,25.021720703942925,32,25,24225,3.3373787178048304,,,
audit_sweep_ncal32,426,0.5698485012192378,0.00218991871483476,0.0,-0.057812215517992364,4.316855240098606,26.072687235066454,32,25,24282,3.5458952151083745,,,
audit_sweep_ncal32,427,0.569782373962377,0.0022948760451129147,0.0,-0.05523632957054826,2.1677495021956683,23.923581497163518,32,25,24339,1.4011945637359748,,,
audit_sweep_ncal32,428,0.569859116431288,0.0021799133502979906,0.0,0.0014757739443615092,2.0522460886188414,23.80807808358669,32,25,24396,1.0192262115070603,,,
audit_sweep_ncal32,429,0.570071081614704,0.0019204482216456098,0.0,-0.12217832862298698,3.0593317997392835,24.815163794707132,32,25,24453,3.7106392623890874,,,
audit_sweep_ncal32,430,0.5701309905625196,0.002097813952899874,0.0,0.07528632179959266,7.644359461766994,29.400191456734845,32,25,24510,10.830004822642145,,,
audit_sweep_ncal32,431,0.570122129932178,0.0028509961790268434,0.0,0.16454642250465606,1.804619633497756,23.560451628465604,32,25,24567,1.4230980563061293,,,
audit_sweep_ncal32,432,0.5701788356353232,0.00255667774272339,0.0,-0.007703534386941294,3.7261647638371254,25.481996758804975,32,25,24624,3.3123062144293405,,,
audit_sweep_ncal32,433,0.5701134121201876,0.002868020173900976,0.0,0.023219501522627944,4.425175611561346,26.181007606529196,32,25,24681,3.670140250160802,,,
audit_sweep_ncal32,434,0.570352497559957,0.00285464453642037,0.0,0.041688204061203965,2.501449761058817,24.257281756026664,32,25,24738,1.1665360844999682,,,
audit_sweep_ncal32,435,0.5707485316235026,0.003006173213122909,0.0,-0.11021365267128341,3.6430744114014852,25.398906406369335,32,25,24795,3.0564438131667173,,,
audit_sweep_ncal32,436,0.5707203115058138,0.002760943246645553,0.0,-0.015759997688797746,3.5747327535365607,25.33056474850441,32,25,24852,3.1180042984841805,,,
audit_sweep_ncal32,437,0.5706858117331121,0.002924788582762794,0.0,0.022093739669095808,2.883897595916072,24.63972959088392,32,25,24909,1.3013348791737127,,,
audit_sweep_ncal32,438,0.5702988314216527,0.002759368681646057,0.0,0.032162374525767395,2.278570814861234,24.034402809829082,32,25,24966,1.005427855301879,,,
audit_sweep_ncal32,439,0.5702341581335758,0.002678164832865315,0.0,0.07905269437425662,2.1976423709211015,23.95347436588895,32,25,25023,1.2466041915580637,,,
audit_sweep_ncal32,440,0.5702022138751514,0.0024337345310098124,0.0,-0.07893051071970333,3.9851624248361603,25.74099441980401,32,25,25080,3.1301764420579716,,,
audit_sweep_ncal32,441,0.5699915549206407,0.002193771581629478,0.0,-0.1022335921974312,2.3664150007179323,24.12224699568578,32,25,25137,1.7492568167957085,,,
audit_sweep_ncal32,442,0.5702400484407345,0.0023300431806883015,0.0,-0.17878933655685866,1.8652152897831997,23.62104728475105,32,25,25194,1.9984143823159346,,,
audit_sweep_ncal32,443,0.5703055406088007,0.0026930053523632758,0.0,-0.1036116936801866,2.7584591841103756,24.514291179078224,32,25,25251,1.708665603966201,,,
audit_sweep_ncal32,444,0.5703407073660353,0.002501017274883277,0.0,0.030160656364480433,2.83606310145592,24.59189509642377,32,25,25308,3.8854543834547024,,,
audit_sweep_ncal32,445,0.5702696979946225,0.002060675323530159,0.0,0.19469181784371292,3.1973655621487964,24.953197557116646,32,25,25365,4.035246949501812,,,
audit_sweep_ncal32,446,0.570214265574414,0.0027716329981513077,0.0,0.14128603422854438,3.5905079955782133,25.346339990546063,32,25,25422,2.3432246563987604,,,
audit_sweep_ncal32,447,0.5703532256897135,0.0023511952414656534,0.0,-0.08657159245977435,2.0936392875174676,23.849471282485318,32,25,25479,1.0259599153019818,,,
audit_sweep_ncal32,448,0.5703467207438474,0.0023431764292262125,0.0,-0.06897380087113548,2.5603628896889767,24.316194884656827,32,25,25536,1.3299429039009625,,,
audit_sweep_ncal32,449,0.570210680843588,0.0026900839292194334,0.0,0.1331267436843167,1.707437299132403,23.46326929410025,32,25,25593,1.8368948737336932,,,
audit_sweep_ncal32,450,0.5704767542227851,0.002581909336024979,0.0,-0.11630383223397617,3.0982832744124957,24.854115269380344,32,25,25650,3.772071344522039,,,
audit_sweep_ncal32,451,0.5704710915059699,0.002201004477336732,0.0,-0.047891541571904075,2.6464038092620794,24.402235804229928,32,25,25707,1.2088456878420344,,,
audit_sweep_ncal32,452,0.5702998185967906,0.0021270692575150463,0.0,-0.013977469301377395,4.2905792149599495,26.046411209927797,32,25,25764,3.4119987573263564,,,
audit_sweep_ncal32,453,0.5702247815219568,0.0022173321365124288,0.0,0.008747317072663208,1.375378565286802,23.13121056025465,32,25,25821,0.4082925403280629,,,
audit_sweep_ncal32,454,0.5703693889253239,0.0020554317898754393,0.0,-0.08669467860734267,1.9850359967306204,23.74086799169847,32,25,25878,1.2304549553312882,,,
audit_sweep_ncal32,455,0.5703367420831188,0.002106770943298697,0.0,0.04733869753607522,3.0576507439452465,24.813482738913095,32,25,25935,3.5229255002329545,,,
audit_sweep_ncal32,456,0.5703723786780778,0.00210764846366418,0.0,0.06247752828884928,2.435841487836269,24.19167348280412,32,25,25992,1.3999797730302568,,,
audit_sweep_ncal32,457,0.570515502572641,0.002314345703670506,0.0,0.026731458131458052,1.3621601296278867,23.117992124595737,32,25,26049,0.41040815568059147,,,
audit_sweep_ncal32,458,0.5705841928287589,0.0027709287701840335,0.0,-0.0708659529362106,1.7744274726998075,23.530259467667655,32,25,26106,1.1038118644015573,,,
audit_sweep_ncal32,459,0.5705768933444304,0.0027284622266060543,0.0,0.009275390636975939,5.333924730844846,27.089756725812695,32,25,26163,6.192594993046709,,,
audit_sweep_ncal32,460,0.5704073314887058,0.0024185645940025813,0.0,-0.003126215529881268,2.533212191345875,24.289044186313724,32,25,26220,1.4324240858665107,,,
audit_sweep_ncal32,461,0.5703211135349371,0.0028055648790438203,0.0,0.1651749170976458,3.6084788943429458,25.364310889310794,32,25,26277,3.587042895419401,,,
audit_sweep_ncal32,462,0.5702757309500212,0.0031314957890736794,0.0,-0.021880127271768406,3.7803031102343674,25.536135105202217,32,25,26334,3.411777682610645,,,
audit_sweep_ncal32,463,0.5702902470463629,0.0028494825309569594,0.0,-0.04519430465155014,2.3568865888094774,24.112718583777326,32,25,26391,1.6203527177729593,,,
audit_sweep_ncal32,464,0.5701868072300481,0.0026121815371644708,0.0,-0.010656516040961177,5.135281965353176,26.891113960321025,32,25,26448,7.210053841847428,,,
audit_sweep_ncal32,465,0.5701341672056832,0.002482315213836239,0.0,-0.0960339260380735,2.378048216327362,24.13388021129521,32,25,26505,0.9845808544376549,,,
audit_sweep_ncal32,466,0.570165596367687,0.0024303172930064676,0.0,-0.06173142431793589,2.3709899285176843,24.126821923485533,32,25,26562,1.313902268935833,,,
audit_sweep_ncal32,467,0.5701512239802063,0.002439941411752078,0.0,0.08610903872484282,3.1813751842893927,24.937207179257243,32,25,26619,3.279118111392879,,,
audit_sweep_ncal32,468,0.5702553315966495,0.0023558823230311887,0.0,-0.046687653412821335,2.645768608475778,24.401600603443626,32,25,26676,1.3892649366146288,,,
audit_sweep_ncal32,469,0.5700958188828075,0.0024132139039488854,0.0,0.19371440961910158,1.678721344263706,23.434553339231556,32,25,26733,1.0557908436881072,,,
audit_sweep_ncal32,470,0.5702198403475451,0.002266918879270552,0.0,-0.03876148893718776,2.4554233669202152,24.211255361888064,32,25,26790,1.1763728704452425,,,
audit_sweep_ncal32,471,0.5701807691248464,0.0023648817529586807,0.0,0.0022650700632253647,2.1905512380628873,23.946383233030737,32,25,26847,1.079793126933316,,,
audit_sweep_ncal32,472,0.5702072855578848,0.002336389120276894,0.0,0.0738995737140657,1.7218548816204942,23.477686876588344,32,25,26904,1.4626686699162421,,,
audit_sweep_ncal32,473,0.570359707787813,0.002193346990269074,0.0,-0.09282380739755393,2.654897107156935,24.410729102124783,32,25,26961,1.4730415397520862,,,
audit_sweep_ncal32,474,0.570201258893782,0.0023968769155139347,0.0,0.006223669707173462,4.25237342490646,26.008205419874308,32,25,27018,3.426189243962576,,,
audit_sweep_ncal32,475,0.5700332637368744,0.002608139614162508,0.0,0.097180683251172,2.8119065634470233,24.567738558414874,32,25,27075,3.8064303834126316,,,
audit_sweep_ncal32,476,0.5698399033099973,0.002790250757112145,0.0,0.08250958619822457,2.489383462710779,24.24521545767863,32,25,27132,1.5697806599724788,,,
audit_sweep_ncal32,477,0.5697022398581101,0.002947890743692283,0.0,0.10137797961924463,2.039552889671989,23.795384884639837,32,25,27189,1.0470025051406855,,,
audit_sweep_ncal32,478,0.5695593941358464,0.0031504780992377412,0.0,0.07166395553907262,1.9246329811670653,23.680464976134914,32,25,27246,1.2049589939251881,,,
audit_sweep_ncal32,479,0.5696576248791965,0.0030564500929163296,0.0,0.0334885946902263,4.110366335935197,25.866198330903046,32,25,27303,3.776563186691809,,,
audit_sweep_ncal32,480,0.5697066869716835,0.0030712644853506665,0.0,-0.06661879935092747,2.5823267799932004,24.338158774961048,32,25,27360,1.3964476266443533,,,
audit_sweep_ncal32,481,0.569626291206278,0.0032139386415256377,0.0,-0.03721534939382226,2.4926650764721536,24.248497071440003,32,25,27417,1.1497345882293988,,,
audit_sweep_ncal32,482,0.5698701799553371,0.003049046689528323,0.0,-0.15241615470057482,2.1904268876154,23.946258882583248,32,25,27474,1.327223735757645,,,
audit_sweep_ncal32,483,0.5699840290665237,0.002899380050746303,0.0,-0.04101766252420852,1.984646195292871,23.74047819026072,32,25,27531,1.366466099728966,,,
audit_sweep_ncal32,484,0.5699345785919416,0.0028505701165403297,0.0,0.20537453521859295,2.5588265160753756,24.314658511043223,32,25,27588,1.5668309883264466,,,
audit_sweep_ncal32,485,0.5698240090535515,0.003074891361609211,0.0,-0.08161885932132172,2.0005187634015162,23.756350758369365,32,25,27645,1.3776129726617758,,,
audit_sweep_ncal32,486,0.5702111222342628,0.0026932256699384594,0.0,-0.001207113366805894,2.3281998339250918,24.08403182889294,32,25,27702,1.146759237085283,,,
audit_sweep_ncal32,487,0.5701674616511303,0.002821333285193517,0.0,-0.08877563557817997,2.106384433541806,23.862216428509655,32,25,27759,1.0917506518965507,,,
audit_sweep_ncal32,488,0.5702331094233652,0.0027659269032569433,0.0,-0.038541878983896896,2.618077020507084,24.373909015474933,32,25,27816,1.505262928209837,,,
audit_sweep_ncal32,489,0.5705078613917389,0.0025662370835958237,0.0,-0.21449446889308943,2.1783724282466874,23.93420442321454,32,25,27873,1.2006308405517219,,,
audit_sweep_ncal32,490,0.570593462685039,0.0024601407827934407,0.0,-0.09214628121495351,4.028382950108543,25.784214945076393,32,25,27930,3.218521458464087,,,
audit_sweep_ncal32,491,0.5705759820943354,0.002572139605993895,0.0,-0.0356688788838295,4.0093156357154385,25.765147630683288,32,25,27987,3.8012569422697173,,,
audit_sweep_ncal32,492,0.570510026501611,0.002606815623458547,0.0,0.15731402313342538,4.145592184642822,25.90142417961067,32,25,28044,4.084351073213819,,,
audit_sweep_ncal32,493,0.5705699674294492,0.002597985738967634,0.0,-0.06983922732839071,2.1195218352282357,23.875353830196083,32,25,28101,1.2518126239035012,,,
audit_sweep_ncal32,494,0.5706141075952003,0.0024839364918783913,0.0,0.02988943792427093,2.6416909081066366,24.397522903074485,32,25,28158,1.4062578426345063,,,
audit_sweep_ncal32,495,0.5706631019157355,0.002413981327348713,0.0,0.01662262018146006,2.2391871563198746,23.995019151287725,32,25,28215,1.2946886340922625,,,
audit_sweep_ncal32,496,0.5705264142115714,0.0025695670439486173,0.0,0.0027959328092310885,2.563948144938415,24.319780139906264,32,25,28272,1.389047477197126,,,
audit_sweep_ncal32,497,0.570473580782611,0.0026852512684616414,0.0,0.04280918744176459,2.0935107184331083,23.849342713400958,32,25,28329,1.1305466786516651,,,
audit_sweep_ncal32,498,0.5705297257903095,0.0026218877308308297,0.0,-0.06053923233715209,3.197166504725864,24.952998499693713,32,25,28386,3.5229791883680988,,,
audit_sweep_ncal32,499,0.5707378441627422,0.0022849351073760404,0.0,-0.01001149911651494,3.07472819155103,24.83056018651888,32,25,28443,3.688465023943437,,,
audit_sweep_ncal32,500,0.570687054098032,0.0023803937777203688,0.0,0.07314391571774669,3.626757266337558,25.382589261305405,32,25,28500,3.6842139255605018,,,
audit_sweep_ncal32,501,0.5707358728884121,0.002408197877609042,0.0,-0.09143011452771149,2.7804516844269522,24.536283679394803,32,25,28557,2.7930762301835212,,,
audit_sweep_ncal32,502,0.5706689325054626,0.00239458741378773,0.0,0.18479641596909005,1.862165404679858,23.617997399647706,32,25,28614,1.1829910002295085,,,
audit_sweep_ncal32,503,0.5705916471492817,0.002363598909262632,0.0,0.1361760785542883,2.1617373050624256,23.917569300030273,32,25,28671,1.1459267565140272,,,
audit_sweep_ncal32,504,0.5705887460339777,0.0024137910928416773,0.0,0.03998518819701881,1.8506010663397925,23.60643306130764,32,25,28728,1.2390971762734397,,,
audit_sweep_ncal32,505,0.5706567387635382,0.0022781471594557345,0.0,-0.06613082390479741,4.512332960177461,26.26816495514531,32,25,28785,7.119990270971594,,,
audit_sweep_ncal32,506,0.5708854077986539,0.0020129603000489382,0.0,-0.06010021792186907,2.047311189638127,23.803143184605975,32,25,28842,1.3742738166349682,,,
audit_sweep_ncal32,507,0.5708036713061566,0.001978295255498974,0.0,0.06918599612031211,4.483123322038894,26.23895531700674,32,25,28899,3.585480197829798,,,
audit_sweep_ncal32,508,0.5706523743018622,0.0021714641714276617,0.0,0.1429065578425102,2.524365874258041,24.28019786922589,32,25,28956,1.721547488039377,,,
audit_sweep_ncal32,509,0.5707987683283713,0.0021947658484344768,0.0,0.0435851091633961,4.337744560785339,26.093576555753188,32,25,29013,6.368353402244075,,,
audit_sweep_ncal32,510,0.5707255761715372,0.0022765635654909966,0.0,-0.14332838743775958,2.9905607066004487,24.746392701568297,32,25,29070,2.275988141589562,,,
audit_sweep_ncal32,511,0.5707888351083465,0.002454315773719684,0.0,-0.13412770704838925,2.6209690437356596,24.37680103870351,32,25,29127,1.2577647957717322,,,
audit_sweep_ncal32,512,0.5708613209662678,0.002453202541228494,0.0,0.012250994584448222,1.7785166783040234,23.53434867327187,32,25,29184,1.1467712445785405,,,
audit_sweep_ncal32,513,0.5709043576586517,0.0022709029171130712,0.0,0.007308534478974165,3.5395436110914704,25.29537560605932,32,25,29241,3.9084039925900487,,,
audit_sweep_ncal32,514,0.5709456453878261,0.0022459930790770244,0.0,-0.027166873499724575,5.445196779319153,27.201028774287003,32,25,29298,7.0250584213307,,,
audit_sweep_ncal32,515,0.5710140925374633,0.002257338089244887,0.0,0.006558024494295862,2.574815549418954,24.330647544386803,32,25,29355,1.407927963084441,,,
audit_sweep_ncal32,516,0.5708483468969138,0.002123292560530343,0.0,0.008809684518735287,2.44163325861419,24.19746525358204,32,25,29412,1.2501016189259284,,,
audit_sweep_ncal32,517,0.5708827953286543,0.002203699822207361,0.0,0.022306326622542685,2.2662120029176136,24.02204399788546,32,25,29469,1.403644258531042,,,
audit_sweep_ncal32,518,0.5708028313393633,0.0021960578804957054,0.0,0.08999442348968649,4.26599090369945,26.0218228986673,32,25,29526,4.8310340591125795,,,
audit_sweep_ncal32,519,0.5706423266064558,0.002343902227133987,0.0,-0.12259168536367723,2.2113348320469512,23.9671668270148,32,25,29583,1.8311546700378656,,,
audit_sweep_ncal32,520,0.5702901531095426,0.002691407296623205,0.0,0.1956397208619147,3.8910965454249413,25.64692854039279,32,25,29640,3.3548191414994153,,,
audit_sweep_ncal32,521,0.5703535582841733,0.0026333594591486653,0.0,-0.06104240578832807,1.0397453186668126,22.795577313634663,32,25,29697,0.4086397001281102,,,
audit_sweep_ncal32,522,0.5704617016036796,0.00254619374005971,0.0,-0.0633889398595689,4.344585357106171,26.100417352074018,32,25,29754,3.568736159812564,,,
audit_sweep_ncal32,523,0.570266046863427,0.0025950689787727077,0.0,0.09184579327693713,1.9935232613592762,23.749355256327124,32,25,29811,1.2252298969274158,,,
audit_sweep_ncal32,524,0.5702932708497335,0.0025767538629044573,0.0,0.09211710063557332,4.465609775695775,26.221441770663624,32,25,29868,3.2587794492147935,,,
audit_sweep_ncal32,525,0.5704504417272525,0.00244163902218697,0.0,-0.059032324082981674,2.4613545905571774,24.217186585525027,32,25,29925,1.5403753613921913,,,
audit_sweep_ncal32,526,0.5704172750408641,0.0026841524005274398,0.0,-0.01344106457226217,3.558988759276724,25.314820754244572,32,25,29982,3.2564414132117867,,,
audit_sweep_ncal32,527,0.5707712507557966,0.0030082256047020417,0.0,-0.016745375908115104,3.6509461700229764,25.406778164990826,32,25,30039,3.612083893298949,,,
audit_sweep_ncal32,528,0.5705513002919537,0.0031272707795713117,0.0,-0.04058783038461107,2.6726857192720157,24.428517714239867,32,25,30096,1.1492927876963976,,,
audit_sweep_ncal32,529,0.5710008441981903,0.003386300482851934,0.0,-0.07482235540539202,2.330719428824666,24.086551423792514,32,25,30153,1.194164462610223,,,
audit_sweep_ncal32,530,0.5709685971399246,0.0031360141638939742,0.0,0.02747197132298627,1.9630707573960442,23.718902752363892,32,25,30210,1.3457192059099996,,,
audit_sweep_ncal32,531,0.5709280327047559,0.003184316564944889,0.0,0.01774428281258719,3.101758443442846,24.857590438410696,32,25,30267,1.2596526909433174,,,
audit_sweep_ncal32,532,0.5710624293622452,0.003389643138853371,0.0,0.0674228034990113,3.55634897243535,25.3121809674032,32,25,30324,2.782438670225805,,,
audit_sweep_ncal32,533,0.5709921124673537,0.0026029408123251496,0.0,-0.11035793017716049,1.9659453633067183,23.72177735827457,32,25,30381,1.1084775658606647,,,
audit_sweep_ncal32,534,0.5709173367430643,0.002569153717008832,0.0,0.03102352981877828,2.6338190507752968,24.389651045743147,32,25,30438,1.267305384002554,,,
audit_sweep_ncal32,535,0.5710529805671409,0.002545174554246299,0.0,0.019522630977062232,4.1873835941969,25.94321558916475,32,25,30495,3.8343981565571514,,,
audit_sweep_ncal32,536,0.5712598767611304,0.0025283794927678516,0.0,-0.14015540119834488,2.9183425157319007,24.67417451069975,32,25,30552,1.4470782556225137,,,
audit_sweep_ncal32,537,0.5714466427938595,0.0027801078198176343,0.0,-0.06845661100359958,2.1450818939835345,23.900913888951383,32,25,30609,1.0318448294620892,,,
audit_sweep_ncal32,538,0.5715834616000766,0.002939621558343486,0.0,-0.04961801085186859,3.527600936889754,25.283432931857604,32,25,30666,3.5200788838312596,,,
audit_sweep_ncal32,539,0.5712579598820631,0.0029936334337589132,0.0,0.06982896797062683,2.376154782139629,24.13198677710748,32,25,30723,1.3871161144318633,,,
audit_sweep_ncal32,540,0.5714930388301941,0.0037009706734366654,0.0,-0.0360259325281753,2.5939996050155036,24.349831599983354,32,25,30780,1.1099372660021811,,,
audit_sweep_ncal32,541,0.5713742476916607,0.003452578948891616,0.0,-0.05608432948057375,4.070509775778127,25.826341770745977,32,25,30837,2.994604827122255,,,
audit_sweep_ncal32,542,0.5714185093230333,0.003699433319345191,0.0,-0.039957370603201516,6.053591326376324,27.809423321344173,32,25,30894,6.761605073376577,,,
audit_sweep_ncal32,543,0.5715520899630785,0.004112350053400826,0.0,-0.07781179337110695,3.316971225282845,25.072803220250695,32,25,30951,3.682112518595188,,,
audit_sweep_ncal32,544,0.5717317217565338,0.003744828836877212,0.0,-0.0014150908865913083,2.1780499036958734,23.93388189866372,32,25,31008,1.1419442630672136,,,
audit_sweep_ncal32,545,0.5719313329774892,0.004016322937875572,0.0,-0.038477156582797226,1.9851109023383202,23.74094289730617,32,25,31065,1.160035265579163,,,
audit_sweep_ncal32,546,0.5719746341349523,0.004208611063591938,0.0,-0.10517923668229705,5.409862074326724,27.165694069294574,32,25,31122,6.506569730510797,,,
audit_sweep_ncal32,547,0.5717778055114794,0.004116126982800727,0.0,0.010484825289952305,1.9883502303907878,23.744182225358635,32,25,31179,1.1686791549895392,,,
audit_sweep_ncal32,548,0.5717765117079181,0.004277041707142715,0.0,-0.07031101825027966,4.418434429773017,26.174266424740864,32,25,31236,3.4359592859384342,,,
audit_sweep_ncal32,549,0.5718160637134981,0.004198904848998208,0.0,-0.11319699961390996,1.8001370525374967,23.555969047505346,32,25,31293,1.3500036564592632,,,
audit_sweep_ncal32,550,0.5719431866392949,0.004487714594643699,0.0,0.09089028214639804,3.0357341115169585,24.791566106484808,32,25,31350,3.0694900399823917,,,
audit_sweep_ncal32,551,0.5721240169588828,0.005033388912720427,0.0,-0.10759192191396598,3.9100856891960714,25.665917684163922,32,25,31407,3.433476413672433,,,
audit_sweep_ncal32,552,0.5720011212033705,0.004991628999213904,0.0,-0.0759583407622541,3.363828320518823,25.119660315486673,32,25,31464,3.15191278563271,,,
audit_sweep_ncal32,553,0.5720459549073291,0.005297992684460184,0.0,-0.0956957873422507,3.5955120674133387,25.351344062381187,32,25,31521,3.488519106381125,,,
audit_sweep_ncal32,554,0.5718943453743819,0.004881521121767651,0.0,0.057250958173838754,2.4936809022167172,24.249512897184566,32,25,31578,1.0663732452486752,,,
audit_sweep_ncal32,555,0.5722430215351612,0.005299414211648035,0.0,-0.07091575769045469,2.2795080054131027,24.035340000380952,32,25,31635,1.3909897905345432,,,
audit_sweep_ncal32,556,0.5721807135709722,0.0050390125432180355,0.0,-0.06255862959954796,2.8619101025756812,24.61774209754353,32,25,31692,1.17264924346306,,,
audit_sweep_ncal32,557,0.5723517681121313,0.004944705874135424,0.0,0.020848621811364817,4.5870448413085665,26.342876836276417,32,25,31749,3.3379955829930683,,,
audit_sweep_ncal32,558,0.5725463364519722,0.0056328222881394385,0.0,-0.08524527073311766,3.2645206332068777,25.020352628174727,32,25,31806,4.056305110538008,,,
audit_sweep_ncal32,559,0.572403925708043,0.005338614681405285,0.0,0.004526099145583446,3.9289973374876666,25.684829332455514,32,25,31863,3.039827844466349,,,
audit_sweep_ncal32,560,0.5724288631027022,0.005646337779107502,0.0,-0.03477155616682662,3.4449172791518956,25.200749274119744,32,25,31920,4.042280024320555,,,
audit_sweep_ncal32,561,0.5724667638793689,0.006139363793547847,0.0,-0.0899796463013386,1.8931319437915597,23.648963938759408,32,25,31977,1.4469734706992918,,,
audit_sweep_ncal32,562,0.5723714357794228,0.005220262216759752,0.0,0.17168015286443705,2.1116542164038368,23.867486211371684,32,25,32034,1.2874769121011618,,,
audit_sweep_ncal32,563,0.5726558028677012,0.005618010258417794,0.0,-0.05377129492133661,2.055350914179954,23.811182909147803,32,25,32091,1.2612581713097624,,,
audit_sweep_ncal32,564,0.5725864355148991,0.0050884627512678415,0.0,0.07187656701503913,2.430524190572403,24.18635618554025,32,25,32148,1.4205147770068174,,,
audit_sweep_ncal32,565,0.5725482138150201,0.005588941621411991,0.0,-0.09503204198820137,2.8544144955034425,24.61024649047129,32,25,32205,1.1590648314006937,,,
audit_sweep_ncal32,566,0.5723166338024228,0.0052068636212380115,0.0,0.1739561094730482,4.098303719206486,25.854135714174333,32,25,32262,3.6337083307149403,,,
audit_sweep_ncal32,567,0.5723591032683275,0.004795988453447864,0.0,0.014746809517360996,2.1424474490942713,23.89827944406212,32,25,32319,1.1192996367803374,,,
audit_sweep_ncal32,568,0.5725412216316655,0.005130723460458397,0.0,-0.10524643925413904,2.257454935082283,24.013286930050132,32,25,32376,0.8203613307688025,,,
audit_sweep_ncal32,569,0.5724759629073527,0.00513194176591103,0.0,-0.051487491147030155,2.762079202283018,24.517911197250868,32,25,32433,1.370483054680218,,,
audit_sweep_ncal32,570,0.5723884215330388,0.005132963403905788,0.0,0.0488026012119458,2.928421599810653,24.684253594778504,32,25,32490,3.5263923628441356,,,
audit_sweep_ncal32,571,0.5722326905155818,0.0049669607656342984,0.0,0.20123076152900102,3.345648745667281,25.10148074063513,32,25,32547,3.8835494552581786,,,
audit_sweep_ncal32,572,0.5723424482029799,0.0053345013969776645,0.0,-0.005972762868779372,2.012090555955589,23.767922550923437,32,25,32604,1.4903697121294064,,,
audit_sweep_ncal32,573,0.5723386503376955,0.005681354257193294,0.0,-0.0014678536703298275,2.568957282336956,24.324789277304806,32,25,32661,3.014007278806335,,,
audit_sweep_ncal32,574,0.5723427837381678,0.00558651860298176,0.0,0.008143458725809653,2.2597373078377725,24.015569302805623,32,25,32718,1.0656157781650288,,,
audit_sweep_ncal32,575,0.5725149286557024,0.006187102310016512,0.0,-0.07029292116959189,2.5028602045124346,24.258692199480283,32,25,32775,1.2971696937474368,,,
audit_sweep_ncal32,576,0.5722798038826771,0.006076956918717347,0.0,0.0850631383503577,3.0986268256035587,24.85445882057141,32,25,32832,0.8120763615806317,,,
audit_sweep_ncal32,577,0.5723759365117363,0.006093304974473579,0.0,-0.05113551385068705,2.4282158798589535,24.184047874826803,32,25,32889,1.3032868380719322,,,
audit_sweep_ncal32,578,0.5724525888157532,0.00599155022919684,0.0,-0.062345510247749945,3.744929403791449,25.5007613987593,32,25,32946,3.7363023689727117,,,
audit_sweep_ncal32,579,0.5722737318609574,0.005797589014676863,0.0,0.08010172267197545,2.3223742750083374,24.078206269976185,32,25,33003,1.6060036912956428,,,
audit_sweep_ncal32,580,0.5725123079197352,0.006369020886047849,0.0,-0.2838265427702976,2.677060187716145,24.432892182683993,32,25,33060,2.3306393614560674,,,
audit_sweep_ncal32,581,0.572482362459006,0.006693928854275333,0.0,0.08149209992932885,5.811066881085547,27.566898876053397,32,25,33117,7.2910918368538455,,,
audit_sweep_ncal32,582,0.5724208708078729,0.006467074424928776,0.0,0.13390982448584024,2.1833099116873895,23.939141906655237,32,25,33174,1.186628326643193,,,
audit_sweep_ncal32,583,0.5725531632672235,0.006956112868265807,0.0,-0.06291170502846247,2.773845546224221,24.529677541192072,32,25,33231,3.17106543553473,,,
audit_sweep_ncal32,584,0.5724585470624778,0.007163277798821088,0.0,0.161053972322022,4.205944231169382,25.961776226137232,32,25,33288,4.440704982463236,,,
audit_sweep_ncal32,585,0.5721659783098564,0.006953764438764165,0.0,0.13977669613755472,4.508827676019865,26.264659670987715,32,25,33345,3.5252989638624848,,,
audit_sweep_ncal32,586,0.5721844728996046,0.0067550827980212835,0.0,0.09178904258686663,3.768942647784488,25.524774642752337,32,25,33402,3.2322644732032564,,,
audit_sweep_ncal32,587,0.5725495581510263,0.006765913653934752,0.0,-0.09478741608127256,5.575584701151594,27.331416696119444,32,25,33459,6.616970919732787,,,
audit_sweep_ncal32,588,0.5726331510924699,0.006986694497047696,0.0,-0.043378659927235864,1.7101159917280055,23.465947986695856,32,25,33516,1.1459710434622488,,,
audit_sweep_ncal32,589,0.572754551587526,0.0070490754878931305,0.0,-0.034471888780108026,2.843736483173619,24.599568478141467,32,25,33573,3.5601550191635583,,,
audit_sweep_ncal32,590,0.5726140206510106,0.006928074531055928,0.0,-0.04579213023121009,2.533466353296952,24.2892983482648,32,25,33630,0.9930678809979779,,,
audit_sweep_ncal32,591,0.5728509637399116,0.007620876503734442,0.0,-0.2524727426966296,4.277280182057689,26.033112177025536,32,25,33687,7.256102537060065,,,
audit_sweep_ncal32,592,0.572768251885817,0.007578550074535451,0.0,0.06908597431007117,2.7701650211929945,24.525997016160844,32,25,33744,1.1377082952506867,,,
audit_sweep_ncal32,593,0.572627886650454,0.007958802045313962,0.0,-0.07017770702052684,4.715637768689277,26.471469763657126,32,25,33801,2.9755989127151485,,,
audit_sweep_ncal32,594,0.5724608224168953,0.007669800963101769,0.0,-0.07277586241685904,3.008274291133096,24.764106286100944,32,25,33858,1.5992480212385842,,,
audit_sweep_ncal32,595,0.5726195293489114,0.007480106991520574,0.0,-0.07683495204198676,2.2539525359737302,24.00978453094158,32,25,33915,1.314443383240779,,,
audit_sweep_ncal32,596,0.5728032604885888,0.007870875819433687,0.0,-0.1146489171423062,2.6857786697511568,24.441610664719008,32,25,33972,3.3927652853236934,,,
audit_sweep_ncal32,597,0.572950793848232,0.007914128890038286,0.0,-0.03049656656784954,3.3647795698176117,25.12061156478546,32,25,34029,3.5625436338883665,,,
audit_sweep_ncal32,598,0.5730942171033545,0.007699579282918423,0.0,-0.023438637518162653,3.449416327740482,25.205248322708332,32,25,34086,3.640200840712994,,,
audit_sweep_ncal32,599,0.5731636869642492,0.008387038946235492,0.0,-0.09463625478674545,2.6512347706552055,24.407066765623053,32,25,34143,1.1540876964307307,,,
audit_sweep_ncal32,600,0.5732967606473272,0.008740170786517343,0.0,-0.09597016380389124,1.8292114783334377,23.585043473301287,32,25,34200,1.0827685748630362,,,
audit_sweep_ncal32,601,0.5731454523744783,0.008858725167222303,0.9,1.0983077618170733,4.622606349676002,26.37843834464385,32,25,34257,3.7678282787781776,,,
audit_sweep_ncal32,602,0.5730513239517835,0.00858483099499463,0.9,0.9813725040852864,2.1962504277923305,23.952082422760178,32,25,34314,1.2691241013968333,,,
audit_sweep_ncal32,603,0.5730456032673507,0.00823853035070099,0.9,0.9456974219872442,2.8811172502486224,24.63694924521647,32,25,34371,1.2633912396499871,,,
audit_sweep_ncal32,604,0.5731079159277641,0.008358017816216146,0.9,1.0069623119631343,4.369826468009076,26.125658462976926,32,25,34428,2.703379422235757,,,
audit_sweep_ncal32,605,0.5734106221018153,0.008238155262096036,0.9,0.8834522997450956,3.1334486668574493,24.8892806618253,32,25,34485,3.714447224169083,,,
audit_sweep_ncal32,606,0.5731967462688589,0.008294291757438677,0.9,0.8256086887703246,3.062994906349837,24.818826901317685,32,25,34542,1.149198131554567,,,
audit_sweep_ncal32,607,0.5732232660158539,0.0077058274739485455,0.9,1.0312505426405674,4.111439532696804,25.867271527664652,32,25,34599,3.3717855238976515,,,
audit_sweep_ncal32,608,0.5729416877147561,0.007163303814956001,0.9,0.9966864414523251,1.9158722422682877,23.67170423723614,32,25,34656,1.3443156930899611,,,
audit_sweep_ncal32,609,0.5729665369363856,0.007165320570926115,0.9,0.9203284983773462,2.504562131335909,24.26039412630376,32,25,34713,1.2434924368513778,,,
audit_sweep_ncal32,610,0.5730638038494212,0.006979616205961325,0.9,0.7967776226126119,2.357457268385313,24.113289263353163,32,25,34770,1.5947087917625284,,,
audit_sweep_ncal32,611,0.5730262752360648,0.006594098434730689,0.9,0.9920430102940107,2.9917822970926276,24.747614292060476,32,25,34827,1.2647261601145818,,,
audit_sweep_ncal32,612,0.5730527206070128,0.0068158680351142475,0.9,0.870163814597174,4.583453682665292,26.339285677633143,32,25,34884,3.376196909770348,,,
audit_sweep_ncal32,613,0.573152583809793,0.006328742230648388,0.9,0.8692617064297112,2.4834116199314438,24.239243614899294,32,25,34941,1.2847981916301674,,,
audit_sweep_ncal32,614,0.57337380005835,0.007162917567325233,0.9,0.7773308716030859,5.769603156745006,27.525435151712855,32,25,34998,6.982814809543835,,,
audit_sweep_ncal32,615,0.5731950532770211,0.007222127367101372,0.9,0.9423326806025868,2.264122014332391,24.01995400930024,32,25,35055,1.0641446307469018,,,
audit_sweep_ncal32,616,0.5731502761475195,0.00735981024368737,0.9,0.8714355760847047,2.926038063083115,24.681870058050965,32,25,35112,1.3619966496851283,,,
audit_sweep_ncal32,617,0.5731696658867119,0.007726951028831586,0.9,0.8493163901643388,3.061151496220933,24.816983491188783,32,25,35169,3.31091713675966,,,
audit_sweep_ncal32,618,0.5730700086582681,0.00715002689440325,0.9,1.0576039766655925,2.2366197729825634,23.992451767950413,32,25,35226,0.9491015470884442,,,
audit_sweep_ncal32,619,0.5731406317641322,0.007260721473489329,0.9,0.8560595714128252,2.6713407170652994,24.427172712033148,32,25,35283,1.193226293793337,,,
audit_sweep_ncal32,620,0.5731007916445071,0.007560538052198362,0.9,0.918864816035742,3.5119646526337074,25.267796647601557,32,25,35340,3.4827448102337724,,,
audit_sweep_ncal32,621,0.5731158012398099,0.007797140122519308,0.9,0.7814083210208246,3.058257184394125,24.814089179361975,32,25,35397,1.7429015212762853,,,
audit_sweep_ncal32,622,0.5730867919224424,0.007598933506016037,0.9,0.8828292667355158,1.8442394070046728,23.60007140197252,32,25,35454,1.4084957271986853,,,
audit_sweep_ncal32,623,0.5732545023547077,0.007399165329602497,0.9,0.8948933123569109,2.794451167234364,24.550283162202213,32,25,35511,1.7410435226249805,,,
audit_sweep_ncal32,624,0.5730701153380524,0.007162867218384994,0.9,0.9641758772861037,3.705663039038455,25.461495034006305,32,25,35568,3.5282036752723314,,,
audit_sweep_ncal32,625,0.5731633517265494,0.007409585206481828,0.9,0.9315425441635315,3.1299051570092167,24.885737151977064,32,25,35625,3.2017698076692067,,,
audit_sweep_ncal32,626,0.5732682507651382,0.007433526432222948,0.9,0.847176702196367,3.8399052073422855,25.595737202310133,32,25,35682,2.81679085896963,,,
audit_sweep_ncal32,627,0.5731731520055713,0.007218379872040326,0.9,0.7880092563361424,2.701304133352974,24.457136128320823,32,25,35739,1.0899694929995831,,,
audit_sweep_ncal32,628,0.5733086296526955,0.007351598988017183,0.9,0.8282363699598009,3.7012958765630994,25.45712787153095,32,25,35796,3.3136003435720993,,,
audit_sweep_ncal32,629,0.5732960832227745,0.007260055242863661,0.9,0.8447280038001411,3.4967616142269766,25.252593609194825,32,25,35853,3.720558126021923,,,
audit_sweep_ncal32,630,0.5733462073285657,0.006926050811702833,0.9,0.9776370580238185,2.8544322925350376,24.610264287502886,32,25,35910,1.3509827193905821,,,
audit_sweep_ncal32,631,0.57331505371255,0.006690929906427501,0.9,0.8396665053541622,3.0028765374803674,24.758708532448217,32,25,35967,1.0957263285968082,,,
audit_sweep_ncal32,632,0.5731846235328577,0.006423067669737659,0.9,0.9576321674758869,5.951050830031883,27.70688282499973,32,25,36024,6.651676903289976,,,
audit_sweep_ncal32,633,0.5733059332530874,0.006601656833174374,0.9,0.9190407607036364,2.644393284774252,24.400225279742102,32,25,36081,1.3998115595674983,,,
audit_sweep_ncal32,634,0.5733720715153948,0.0064276278090399375,0.9,0.768571967687929,3.5360915060013967,25.291923500969247,32,25,36138,2.7336365608361497,,,
audit_sweep_ncal32,635,0.5735195748922112,0.006558437074018264,0.9,0.7720741200620512,4.431878686907245,26.187710681875096,32,25,36195,3.5587845484084673,,,
audit_sweep_ncal32,636,0.5735595248758097,0.006534078757832518,0.9,0.7640453026529914,2.218795412077801,23.97462740704565,32,25,36252,1.0176001275446938,,,
audit_sweep_ncal32,637,0.5736866269395265,0.006693349373138591,0.9,0.7547959580934185,2.674284622031105,24.430116616998955,32,25,36309,1.359392518465961,,,
audit_sweep_ncal32,638,0.5737963538987404,0.007273250266379483,0.9,0.808315913690397,2.9874726428925333,24.743304637860383,32,25,36366,1.1039662478152752,,,
audit_sweep_ncal32,639,0.5736237770026298,0.0074310053386776875,0.9,0.8275927900782514,1.7911365478094579,23.546968542777307,32,25,36423,1.4461331921214815,,,
audit_sweep_ncal32,640,0.5736169676863595,0.007515086634641621,0.9,0.8183711454398667,4.476427519680784,26.232259514648632,32,25,36480,3.9565919642133327,,,
audit_sweep_ncal32,641,0.5737177578643343,0.008067175465063303,0.9,0.8548073066115223,3.2385154218698813,24.99434741683773,32,25,36537,3.3445686433248807,,,
audit_sweep_ncal32,642,0.5738632853966318,0.008764337824874846,0.9,0.7936439051460963,3.684292523742285,25.440124518710135,32,25,36594,2.7900416770714696,,,
audit_sweep_ncal32,643,0.5738187501430014,0.008356251255687175,0.9,0.9585166872463884,3.342885609622861,25.09871760459071,32,25,36651,3.6118053428847983,,,
audit_sweep_ncal32,644,0.5740728258974942,0.008604455844273606,0.9,0.9451151268055856,4.181306513219663,25.937138508187513,32,25,36708,4.109993774021383,,,
audit_sweep_ncal32,645,0.5739741968953526,0.00868092787148056,0.9,0.8359244486409989,2.4003515723408437,24.156183567308695,32,25,36765,1.0933991267902168,,,
audit_sweep_ncal32,646,0.5739501428656513,0.00863635519175665,0.9,0.9032919726765347,3.466129285076423,25.221961280044273,32,25,36822,3.1850440880960695,,,
audit_sweep_ncal32,647,0.5738913244845325,0.008310792535840994,0.9,0.9937190973397476,4.1887640100251256,25.944596004992974,32,25,36879,3.4605079017449807,,,
audit_sweep_ncal32,648,0.5739919965356459,0.008836425105931633,0.9,0.9185617588622889,3.4574228740849366,25.213254869052786,32,25,36936,3.4448810432252728,,,
audit_sweep_ncal32,649,0.5739364937532181,0.008206335761857253,0.9,0.9065240032703765,2.8709903717265406,24.62682236669439,32,25,36993,1.1628275008992435,,,
audit_sweep_ncal32,650,0.5739470230174912,0.008843699671826077,0.9,0.7658432363372295,2.6068109739269256,24.362642968894775,32,25,37050,1.1037557008500893,,,
audit_sweep_ncal32,651,0.5738633742309055,0.008132474759842911,0.9,1.1065154579736063,3.592669320006279,25.34850131497413,32,25,37107,3.0869349649196893,,,
audit_sweep_ncal32,652,0.5737856190605857,0.008004764768752448,0.9,1.0179710999818812,2.383775374411369,24.139607369379217,32,25,37164,1.441368592582997,,,
audit_sweep_ncal32,653,0.5734433163367191,0.007964796367625038,0.9,0.8699796330159969,2.350159961866128,24.10599195683398,32,25,37221,1.5257867365583666,,,
audit_sweep_ncal32,654,0.5735927817273673,0.008130969089004902,0.9,0.8765950405456702,3.478870415651513,25.234702410619363,32,25,37278,3.559086692596707,,,
audit_sweep_ncal32,655,0.5737756947911081,0.008795859836252418,0.9,0.7817788499571248,2.2190286101906525,23.9748606051585,32,25,37335,1.263367722655676,,,
audit_sweep_ncal32,656,0.5737757106795915,0.00830816225521791,0.9,0.9597969675052888,6.440834810164386,28.196666805132235,32,25,37392,12.667339110115687,,,
audit_sweep_ncal32,657,0.5738798734291096,0.007746925703510876,0.9,1.0840951518468973,2.646927585242325,24.402759580210173,32,25,37449,1.8215586317354733,,,
audit_sweep_ncal32,658,0.5737225582312562,0.006768180475740571,0.9,1.0342020156060014,2.8503756443093415,24.60620763927719,32,25,37506,1.7315373328554502,,,
audit_sweep_ncal32,659,0.5741118053232233,0.008059100255347729,0.9,0.6348820020028596,3.37697222730867,25.13280422227652,32,25,37563,2.7531374577592014,,,
audit_sweep_ncal32,660,0.5739347320762612,0.007790077962815833,0.9,0.9016304440922984,0.9923562956697297,22.74818829063758,32,25,37620,0.44959378967204855,,,
audit_sweep_ncal32,661,0.5737983208833358,0.007911869016107298,0.9,0.8357908845601562,3.6371095731737677,25.392941568141616,32,25,37677,3.0620218842202243,,,
audit_sweep_ncal32,662,0.5737023823548723,0.007226623769382323,0.9,1.0645501844356295,2.9425426470839393,24.69837464205179,32,25,37734,1.405690709761271,,,
audit_sweep_ncal32,663,0.5735720260576868,0.006893445184951386,0.9,0.8414876150387579,2.1433905028138547,23.899222497781704,32,25,37791,1.2900813846978516,,,
audit_sweep_ncal32,664,0.5735581549728909,0.007213525725570213,0.9,0.8161046902109913,2.857961418148669,24.613793413116518,32,25,37848,1.3836060155164416,,,
audit_sweep_ncal32,665,0.5737818261987268,0.008148002657352271,0.9,0.7365325259315977,2.0425704377834695,23.798402432751317,32,25,37905,1.109727111265778,,,
audit_sweep_ncal32,666,0.5736688165728595,0.008332098756849704,0.9,0.8194783356315759,3.9830519442439947,25.738883939211846,32,25,37962,4.506372645322978,,,
audit_sweep_ncal32,667,0.5738019169614292,0.007843181935330068,0.9,1.0706028749712622,2.5987671413951166,24.354599136362964,32,25,38019,4.80278855995923,,,
audit_sweep_ncal32,668,0.5738174055136384,0.00832593729811626,0.9,0.8965646717368765,4.322882199049004,26.078714194016854,32,25,38076,4.0318606640104235,,,
audit_sweep_ncal32,669,0.5737211135980312,0.008309023745163402,0.9,0.9651536740705525,2.482775200967269,24.238607195935117,32,25,38133,1.4640296433770355,,,
audit_sweep_ncal32,670,0.5734886145813317,0.008002651037880226,0.9,0.8801675214321194,2.124402132714694,23.88023412768254,32,25,38190,1.2764413542445143,,,
audit_sweep_ncal32,671,0.5734454316449193,0.007583694020995457,0.9,0.8991775992914889,4.2808313839724965,26.036663378940347,32,25,38247,3.6818256904698727,,,
audit_sweep_ncal32,672,0.5733700437211214,0.007349103617326325,0.9,0.9146761904578824,1.95879062525509,23.71462262022294,32,25,38304,1.2770079218315495,,,
audit_sweep_ncal32,673,0.573410265382555,0.007802465412046544,0.9,0.7876520651373765,2.3431100219782888,24.09894201694614,32,25,38361,1.2309683338866775,,,
audit_sweep_ncal32,674,0.5735130407511829,0.007726298442106261,0.9,0.9559117205265856,2.5090180500355395,24.26485004500339,32,25,38418,1.5017836036242191,,,
audit_sweep_ncal32,675,0.5736801710780549,0.008365768587904943,0.9,0.8821854210226829,1.9398499531070919,23.69568194807494,32,25,38475,1.193146842088563,,,
audit_sweep_ncal32,676,0.5737047985057173,0.00827370145967199,0.9,0.8493362421996462,1.8939812135968879,23.649813208564737,32,25,38532,1.5368835095017062,,,
audit_sweep_ncal32,677,0.5737269813626473,0.00798859330599433,0.9,0.9716434111864771,4.455180047703991,26.21101204267184,32,25,38589,3.679997572497676,,,
audit_sweep_ncal32,678,0.5737250420126748,0.008152479982429295,0.9,0.9546589669668171,2.217722738848023,23.973554733815874,32,25,38646,1.2038797493962121,,,
audit_sweep_ncal32,679,0.5735595345270501,0.008085167471775123,0.9,0.9525832093398254,4.53139290227028,26.28722489723813,32,25,38703,3.4905682342612336,,,
audit_sweep_ncal32,680,0.5736595111820771,0.008068700560758812,0.9,0.9082739563865162,3.745285170629863,25.501117165597712,32,25,38760,3.2362997803634665,,,
audit_sweep_ncal32,681,0.5736972143595128,0.007997186378568832,0.9,0.9437572347468075,4.29385318973283,26.049685184700678,32,25,38817,3.4522002926588353,,,
audit_sweep_ncal32,682,0.5734613718946776,0.007571725942874474,0.9,1.0099546744945964,4.085414771298963,25.841246766266813,32,25,38874,6.899806418538596,,,
audit_sweep_ncal32,683,0.5737281231590525,0.007404656788833952,0.9,1.055939421558806,3.2281285554417694,24.98396055040962,32,25,38931,3.5253554309404023,,,
audit_sweep_ncal32,684,0.5738049982376144,0.0075820792897794975,0.9,0.8636418954430992,2.960681492944482,24.71651348791233,32,25,38988,1.2378036823897178,,,
audit_sweep_ncal32,685,0.5740835852368653,0.0077988300561429025,0.9,0.8641495346681548,1.8246135024237062,23.580445497391555,32,25,39045,1.350458555606323,,,
audit_sweep_ncal32,686,0.5741884486847392,0.00800656033073921,0.9,0.9501138220850796,2.345552442559282,24.10138443752713,32,25,39102,1.3908992873604422,,,
audit_sweep_ncal32,687,0.5741505926293875,0.007541669050293853,0.9,0.9989074312420062,2.3251560346353357,24.080988029603184,32,25,39159,1.1232644848518039,,,
audit_sweep_ncal32,688,0.5740487440086917,0.0073808690213825745,0.9,0.7795307838892988,2.5258698840896536,24.281701879057504,32,25,39216,1.1556962157655997,,,
audit_sweep_ncal32,689,0.5740726271658316,0.007283080748951676,0.9,1.0170421451601785,2.464330954565947,24.220162949533798,32,25,39273,1.1793886459883882,,,
audit_sweep_ncal32,690,0.5743369290641089,0.0076993596403004405,0.9,0.8546959936361798,2.2030782416590093,23.95891023662686,32,25,39330,0.9071246389121481,,,
audit_sweep_ncal32,691,0.574481656389449,0.007750306957495345,0.9,0.8506872998844576,2.7329832358968624,24.488815230864713,32,25,39387,1.3766091237045968,,,
audit_sweep_ncal32,692,0.5743061468317341,0.00763789275205784,0.9,0.8598328880966202,2.957291466845228,24.713123461813076,32,25,39444,1.385688154997773,,,
audit_sweep_ncal32,693,0.5741819396778499,0.007307189668832592,0.9,0.7978009977025011,2.6925821338545646,24.448414128822414,32,25,39501,1.8151393090853443,,,
audit_sweep_ncal32,694,0.5740296167035611,0.007268079616118306,0.9,0.7962401968444445,5.297541774836032,27.05337376980388,32,25,39558,6.123734740156314,,,
audit_sweep_ncal32,695,0.5739047608704281,0.007344115940726592,0.9,1.0003342360188034,2.5135968106115225,24.269428805579373,32,25,39615,1.456788975716123,,,
audit_sweep_ncal32,696,0.5740895635811408,0.007177480961610305,0.9,0.8148546207307756,2.665609829403182,24.42144182437103,32,25,39672,1.0498314260977935,,,
audit_sweep_ncal32,697,0.5740763009421048,0.007605646909671915,0.9,0.8966058603649438,2.2426523285597955,23.998484323527645,32,25,39729,1.166529167595682,,,
audit_sweep_ncal32,698,0.5739703886070591,0.0073509267555254,0.9,0.837713139296288,2.5520291648621365,24.307861159829987,32,25,39786,3.692866337660849,,,
audit_sweep_ncal32,699,0.5739989675064859,0.007591443441998802,0.9,0.9159043371706593,3.411408100666586,25.167240095634433,32,25,39843,3.505058813159723,,,
audit_sweep_ncal32,700,0.5739302851860887,0.007296663353416166,0.9,0.9765728153705644,1.7706268636322322,23.52645885860008,32,25,39900,1.2221144938355626,,,
audit_sweep_ncal32,701,0.5740111038762941,0.007393872558572934,0.9,0.9268288170010036,2.285392992777449,24.0412249877453,32,25,39957,1.1474111328744976,,,
audit_sweep_ncal32,702,0.5741619768826572,0.007913336417037842,0.9,0.8666261528377225,2.7341629625901582,24.489994957558007,32,25,40014,2.6994470724939577,,,
audit_sweep_ncal32,703,0.5740232255384102,0.007671433846882847,0.9,0.8812773127709729,2.844771314269567,24.600603309237417,32,25,40071,0.988648465202531,,,
audit_sweep_ncal32,704,0.5738832102393671,0.00774316984353407,0.9,0.8630071518885795,3.2233005598849207,24.979132554852768,32,25,40128,1.517708276203033,,,
audit_sweep_ncal32,705,0.5740271807956945,0.008151954420177021,0.9,0.8854528294538414,3.5048190636646215,25.26065105863247,32,25,40185,3.9820014082083524,,,
audit_sweep_ncal32,706,0.5741736299504017,0.007792000444031166,0.9,1.0512460124928116,1.8801141481797286,23.635946143147578,32,25,40242,1.2716645065855223,,,
audit_sweep_ncal32,707,0.5744336344980373,0.00811531744794547,0.9,0.8204319149365806,2.242087345269001,23.99791934023685,32,25,40299,1.3474534661716722,,,
audit_sweep_ncal32,708,0.574714983273049,0.008480616185631784,0.9,0.8873626817857037,3.873354043881401,25.62918603884925,32,25,40356,3.193927539247764,,,
audit_sweep_ncal32,709,0.5747222695436415,0.008143335908151528,0.9,1.060956704841079,1.351402609217812,23.10723460418566,32,25,40413,0.9258105289498849,,,
audit_sweep_ncal32,710,0.5746795693569221,0.007617971027179649,0.9,1.0048203786153125,4.321766900760187,26.077598895728038,32,25,40470,3.2090409481126243,,,
audit_sweep_ncal32,711,0.5745892039137543,0.007630159319626184,0.9,0.9881062919955639,2.0763028489329574,23.832134843900807,32,25,40527,1.2708686276674703,,,
audit_sweep_ncal32,712,0.5746425621086716,0.007828759065823254,0.9,1.0072370297414843,4.318113334608921,26.07394532957677,32,25,40584,3.5487612738569374,,,
audit_sweep_ncal32,713,0.5746120314698259,0.00798191017246519,0.9,0.8458174893544325,4.093670031561343,25.849502026529194,32,25,40641,3.5944111499598876,,,
audit_sweep_ncal32,714,0.5746887722601772,0.007812816194018302,0.9,0.908988629072173,6.155071651075892,27.910903646043742,32,25,40698,7.091968621978954,,,
audit_sweep_ncal32,715,0.5746112489364537,0.00740306968813742,0.9,0.9374748569877113,1.9783525471606618,23.73418454212851,32,25,40755,1.3149991863323338,,,
audit_sweep_ncal32,716,0.5745276824864777,0.007166842771867521,0.9,1.077414905306935,1.7898523012462006,23.54568429621405,32,25,40812,1.8532642978365401,,,
audit_sweep_ncal32,717,0.5744345976971962,0.006436469769185771,0.9,1.2138719015514585,4.4263207362400205,26.18215273120787,32,25,40869,4.114710953133159,,,
audit_sweep_ncal32,718,0.5745268920464465,0.006965512463573131,0.9,0.7168684310647963,4.098685932033686,25.854517927001535,32,25,40926,2.955720339747641,,,
audit_sweep_ncal32,719,0.5742616266318226,0.006781327931820402,0.9,0.8653991861419261,5.970124400493412,27.72595639546126,32,25,40983,7.494432120410991,,,
audit_sweep_ncal32,720,0.5740296887393292,0.0062433112968692805,0.9,1.027420374501338,7.78590724549817,29.54173924046602,32,25,41040,12.117040599453247,,,
audit_sweep_ncal32,721,0.5738938986117018,0.005894001744874977,0.9,0.9470839797486182,2.353124718169001,24.10895671313685,32,25,41097,1.3665940300474042,,,
audit_sweep_ncal32,722,0.5738860871791275,0.005629182685490952,0.9,1.0388798003635906,2.920101212826994,24.67593320779484,32,25,41154,1.4942719658579102,,,
audit_sweep_ncal32,723,0.5739689540734482,0.005323613253610415,0.9,0.9257205016526141,1.7793092601021816,23.53514125507003,32,25,41211,1.096494432722235,,,
audit_sweep_ncal32,724,0.5738995522796383,0.00518311432296481,0.9,0.9658178002619442,4.505813936320795,26.261645931288644,32,25,41268,3.752523450344501,,,
audit_sweep_ncal32,725,0.5740241308780515,0.005219233862999051,0.9,0.9011082988194181,1.883391849967899,23.63922384493575,32,25,41325,1.3481946548149037,,,
audit_sweep_ncal32,726,0.5740696098624316,0.005295873555340225,0.9,0.9366692882445836,5.859934304434271,27.615766299402118,32,25,41382,6.843981058507681,,,
audit_sweep_ncal32,727,0.5737155893346808,0.0047333362172219395,0.9,1.0708501828447534,2.4617506116208108,24.21758260658866,32,25,41439,1.6108184323528707,,,
audit_sweep_ncal32,728,0.5736941993513798,0.00453763486244696,0.9,0.980292781852363,5.093650704749426,26.849482699717274,32,25,41496,7.986593731728688,,,
audit_sweep_ncal32,729,0.5736993611046131,0.004525865611346491,0.9,0.8208976221190126,2.717566723495573,24.47339871846342,32,25,41553,3.69630299108825,,,
audit_sweep_ncal32,730,0.573442353406513,0.00428811225416148,0.9,0.843606492786804,1.9280597453772768,23.683891740345125,32,25,41610,1.2083412050849793,,,
audit_sweep_ncal32,731,0.5735319561916803,0.004520754071462352,0.9,1.0476894304851772,4.024018561042287,25.779850556010135,32,25,41667,3.6570739013948477,,,
audit_sweep_ncal32,732,0.5736175648591111,0.004386523767055395,0.9,0.8833381601722133,5.366737907064744,27.122569902032595,32,25,41724,7.501762842277507,,,
audit_sweep_ncal32,733,0.5733536784516109,0.0037997744425045665,0.9,0.9221221843256526,2.3221813184981714,24.07801331346602,32,25,41781,1.3342328424766947,,,
audit_sweep_ncal32,734,0.5734278367139196,0.004259724883649119,0.9,0.8925499122424808,4.053082520726917,25.808914515694767,32,25,41838,3.4377751176320714,,,
audit_sweep_ncal32,735,0.5733809565993814,0.00475575486912827,0.9,0.8661550155968221,3.053143981626551,24.8089759765944,32,25,41895,2.7906948539446934,,,
audit_sweep_ncal32,736,0.5733209864834573,0.00485569759024751,0.9,0.8874847454760928,2.719168199018399,24.475000193986247,32,25,41952,0.9490860909620517,,,
audit_sweep_ncal32,737,0.5731203499832735,0.0050715663604546934,0.9,0.9159670165211098,2.7362814309625687,24.49211342593042,32,25,42009,1.2117032986919416,,,
audit_sweep_ncal32,738,0.5730956790826295,0.004536365436486944,0.9,1.0133892351319518,2.6329689473741187,24.388800942341966,32,25,42066,1.2039730970824833,,,
audit_sweep_ncal32,739,0.5731396190355381,0.004619341410087352,0.9,0.9147217012516238,2.4632052944915332,24.219037289459383,32,25,42123,1.3277953056545364,,,
audit_sweep_ncal32,740,0.5731996559742761,0.005060997958853064,0.9,0.8210623555727196,5.121774616849653,26.8776066118175,32,25,42180,7.688090591139124,,,
audit_sweep_ncal32,741,0.5731372802264962,0.004819276057490107,0.9,1.0560488404040789,3.2358728521753095,24.991704847143158,32,25,42237,3.1121683981025514,,,
audit_sweep_ncal32,742,0.5729665865899556,0.004965463930423186,0.9,0.9817349584441378,2.9678069940681224,24.723638989035972,32,25,42294,1.1027093021003653,,,
audit_sweep_ncal32,743,0.5729440541714473,0.004850539731815484,0.9,0.9501031900090973,1.9081242386875952,23.663956233655444,32,25,42351,1.387494060956735,,,
audit_sweep_ncal32,744,0.5729680264776259,0.004614129528654365,0.9,0.89825708898834,3.425278372319622,25.18111036728747,32,25,42408,3.1126482065690846,,,
audit_sweep_ncal32,745,0.5730875049340297,0.005126233128266433,0.9,0.8828351053846553,3.13593501055743,24.891767005525278,32,25,42465,3.3277943480373873,,,
audit_sweep_ncal32,746,0.5730710303759196,0.005350016929004053,0.9,0.6770063011438142,4.502439226753316,26.258271221721166,32,25,42522,7.7601030850203525,,,
audit_sweep_ncal32,747,0.5732415994798207,0.005673396906767603,0.9,0.7282198366597986,2.111785135871722,23.86761713083957,32,25,42579,2.1694355220212658,,,
audit_sweep_ncal32,748,0.5731851634741836,0.005904327536556897,0.9,0.9102106474980809,2.600372911261239,24.356204906229088,32,25,42636,1.5872959223925074,,,
audit_sweep_ncal32,749,0.5730019180127958,0.0054585034143938005,0.9,1.0101569563919421,2.107288198010211,23.86312019297806,32,25,42693,1.0961824520263286,,,
audit_sweep_ncal32,750,0.5730272896044659,0.00563446076344265,0.9,0.8327094776561433,5.927126402223754,27.682958397191605,32,25,42750,8.105833855345862,,,
audit_sweep_ncal32,751,0.5732193049416014,0.0058484767558619755,0.9,0.7867583600875069,2.102491110489582,23.85832310545743,32,25,42807,1.2182979449340152,,,
audit_sweep_ncal32,752,0.573309255019768,0.005933489390806623,0.9,0.9481457922032913,4.2418526046057154,25.997684599573564,32,25,42864,3.373930945339786,,,
audit_sweep_ncal32,753,0.5734094886099643,0.005928243909384845,0.9,0.8127486788498145,6.046093595831177,27.801925590799026,32,25,42921,7.571998943249172,,,
audit_sweep_ncal32,754,0.5732557522508929,0.005511595651444989,0.9,0.9911331634859839,1.2397470060043247,22.995579000972175,32,25,42978,0.5584971988894613,,,
audit_sweep_ncal32,755,0.5733221335958398,0.005520863784964858,0.9,0.8647451774905681,1.9856439551612977,23.741475950129146,32,25,43035,1.3376739661462378,,,
audit_sweep_ncal32,756,0.5732078691526559,0.005627049467287426,0.9,0.815735561517018,2.6316321298997956,24.387464124867645,32,25,43092,1.3246399283430381,,,
audit_sweep_ncal32,757,0.5731582651072448,0.0057252020389737535,0.9,0.954618845308715,2.1301067077543387,23.88593870272219,32,25,43149,1.2548778161625003,,,
audit_sweep_ncal32,758,0.5732289531078141,0.006315900714982892,0.9,0.9516195178462634,2.8055823342598494,24.5614143292277,32,25,43206,3.1300012460520796,,,
audit_sweep_ncal32,759,0.5730939739268457,0.006651636331760025,0.9,0.827307074825299,2.758161720730978,24.513993715698827,32,25,43263,1.8141788969882766,,,
audit_sweep_ncal32,760,0.5728576284116698,0.006057952532638411,0.9,1.1307436449273516,2.58880220673166,24.34463420169951,32,25,43320,1.409224705475686,,,
audit_sweep_ncal32,761,0.5731907567644418,0.006339443564558622,0.9,0.8486561122858439,2.6761154283966024,24.431947423364452,32,25,43377,1.2342529729730751,,,
audit_sweep_ncal32,762,0.5732958165428474,0.006306622295594644,0.9,1.0391651535966144,3.296353731333703,25.052185726301552,32,25,43434,3.1583602274983344,,,
audit_sweep_ncal32,763,0.5732039837626933,0.006180361978715743,0.9,0.9987067674785391,4.249085017764427,26.004917012732278,32,25,43491,4.433536393189429,,,
audit_sweep_ncal32,764,0.5732871175645168,0.006031374228863906,0.9,0.8572888577119554,2.770504465293611,24.52633646026146,32,25,43548,1.2740733749843516,,,
audit_sweep_ncal32,765,0.57337727912682,0.006088060992512134,0.9,0.7405370640943006,1.07379810971766,22.82963010468551,32,25,43605,0.7588714958348676,,,
audit_sweep_ncal32,766,0.5736513492378398,0.006520999538653149,0.9,0.9368223514144635,2.5854622772724074,24.341294272240255,32,25,43662,3.769179940151317,,,
audit_sweep_ncal32,767,0.5735289238060858,0.006215626297897736,0.9,1.0824236224794692,4.3054366237638275,26.061268618731678,32,25,43719,6.783851008490893,,,
audit_sweep_ncal32,768,0.5736114367969997,0.006119332678870659,0.9,1.0666317527344606,1.8320605903444414,23.58789258531229,32,25,43776,1.1012079522682068,,,
audit_sweep_ncal32,769,0.5734828590953994,0.006356859134295401,0.9,0.86406654677626,6.1262005089785285,27.882032503946377,32,25,43833,7.386121686427947,,,
audit_sweep_ncal32,770,0.5733011663424329,0.005628772618923028,0.9,0.9884589627238917,1.7505094727720614,23.50634146773991,32,25,43890,1.4520693128092006,,,
audit_sweep_ncal32,771,0.5734246086925968,0.005465305939877374,0.9,0.7962097544095174,3.461054534076433,25.21688652904428,32,25,43947,3.0638991632163446,,,
audit_sweep_ncal32,772,0.5733165889874763,0.0053549253616496095,0.9,1.092098766355564,3.7150114510508745,25.470843446018723,32,25,44004,3.9527607518343126,,,
audit_sweep_ncal32,773,0.573351444729813,0.0053375698915675285,0.9,0.8951359452229445,4.633933722770527,26.389765717738378,32,25,44061,3.188825782435487,,,
audit_sweep_ncal32,774,0.5733365484935501,0.005561697105555874,0.9,0.9442015612534749,2.7544903399016873,24.510322334869535,32,25,44118,1.531997036636697,,,
audit_sweep_ncal32,775,0.5736401772442938,0.005425241019135774,0.9,0.7408702838051276,3.6415828324671726,25.39741482743502,32,25,44175,3.807129443866923,,,
audit_sweep_ncal32,776,0.5735442243648531,0.005649666725090818,0.9,0.928679035291514,1.758882057929864,23.514714052897713,32,25,44232,1.1900823581647608,,,
audit_sweep_ncal32,777,0.5734522066421047,0.005577730908604139,0.9,0.9960328640256971,2.1955877035769964,23.951419698544846,32,25,44289,1.455008623326229,,,
audit_sweep_ncal32,778,0.5736817637765499,0.006026536498636381,0.9,0.7649660836468078,2.1880589285865377,23.943890923554388,32,25,44346,1.7523377938688234,,,
audit_sweep_ncal32,779,0.5737306588185762,0.006179246031249863,0.9,0.8239895788612369,4.6349205914408795,26.39075258640873,32,25,44403,3.786877834424403,,,
audit_sweep_ncal32,780,0.5739482806912661,0.005928747155224068,0.9,0.8788614259988591,5.259450199020185,27.015282193988035,32,25,44460,8.017511738327864,,,
audit_sweep_ncal32,781,0.5742578765290781,0.006443650630556186,0.9,0.7517238098950683,3.976177538243879,25.732009533211727,32,25,44517,4.027736660651547,,,
audit_sweep_ncal32,782,0.5740245501309633,0.006588764985918316,0.9,0.8772667132307777,2.57171737455273,24.32754936952058,32,25,44574,2.9904442049778948,,,
audit_sweep_ncal32,783,0.5739666622417021,0.006674583656012367,0.9,0.866916832746406,2.837587680651126,24.593419675618975,32,25,44631,1.2446785256980546,,,
audit_sweep_ncal32,784,0.5741189903118505,0.006349168677800887,0.9,0.9355614071857931,4.5266670121046255,26.282499007072474,32,25,44688,3.257639706405881,,,
audit_sweep_ncal32,785,0.5742246072749578,0.00646166634811518,0.9,0.9969612098766444,4.721918675852335,26.477750670820186,32,25,44745,3.6131001117381762,,,
audit_sweep_ncal32,786,0.5740476310159128,0.006019879497097813,0.9,0.9426165161284831,2.4845733380192363,24.240405332987084,32,25,44802,1.367851450083857,,,
audit_sweep_ncal32,787,0.5740427845567028,0.005861746039849569,0.9,0.8518836827651182,2.929227528649553,24.6850595236174,32,25,44859,1.2839385471337508,,,
audit_sweep_ncal32,788,0.5741167186297385,0.0061583731500116645,0.9,0.8785871022281525,1.6893632217425731,23.445195216710424,32,25,44916,1.0524815484822003,,,
audit_sweep_ncal32,789,0.5743025568280822,0.006269213198484946,0.9,0.7735643297672862,2.4487712271148108,24.20460322208266,32,25,44973,1.6513362318249383,,,
audit_sweep_ncal32,790,0.5742178662616293,0.005735165509992535,0.9,0.9366680013248778,2.036775681172722,23.79260767614057,32,25,45030,1.3019161999263682,,,
audit_sweep_ncal32,791,0.5740206547297756,0.005381824062481888,0.9,0.9161656823883934,1.9072014312975105,23.66303342626536,32,25,45087,1.2035619024471114,,,
audit_sweep_ncal32,792,0.5735176054144888,0.004573454043641401,0.9,1.1276354001480398,3.1173942213502515,24.873226216318102,32,25,45144,1.3222003685857162,,,
audit_sweep_ncal32,793,0.5734197629130037,0.004694283040393765,0.9,0.9777472107129354,2.5437114270859484,24.299543422053798,32,25,45201,1.1942495959419173,,,
audit_sweep_ncal32,794,0.5735020618194722,0.004629715793495581,0.9,0.9851281666788287,5.019100904696339,26.774932899664186,32,25,45258,7.515815369056544,,,
audit_sweep_ncal32,795,0.5734642793116558,0.004880505907627564,0.9,0.8540729385915979,1.9897319623930934,23.745563957360943,32,25,45315,1.2241733936264052,,,
audit_sweep_ncal32,796,0.5735336656816084,0.004603199776890832,0.9,0.773726463629735,5.705183658759583,27.461015653727433,32,25,45372,7.1482015615058305,,,
audit_sweep_ncal32,797,0.5734833890306629,0.004702220252007172,0.9,0.8054824125753848,2.151371774581902,23.907203769549753,32,25,45429,1.0628055910025511,,,
audit_sweep_ncal32,798,0.5735908870869141,0.005349662981034897,0.9,0.8769278063374576,2.0435770162268576,23.799409011194708,32,25,45486,1.3403314324909785,,,
audit_sweep_ncal32,799,0.5738227355019843,0.005809943312804933,0.9,0.7911256135013306,1.7428176762860967,23.498649671253947,32,25,45543,1.0919839869261576,,,
audit_sweep_ncal32,800,0.5737057207503766,0.005599218516663229,0.9,0.9873906791260254,5.235531594534535,26.991363589502384,32,25,45600,7.053541285301763,,,
audit_sweep_ncal32,801,0.5736665668202074,0.0056313320865009064,0.9,0.9762124554459484,2.9084366894723406,24.664268684440188,32,25,45657,1.1159222931388342,,,
audit_sweep_ncal32,802,0.5737018103274067,0.006101921108044972,0.9,0.854254365685021,3.9298206171417935,25.685652612109642,32,25,45714,3.915529878545383,,,
audit_sweep_ncal32,803,0.5735589734723056,0.006114295075270393,0.9,1.0556514872414275,3.102278054928196,24.858110049896045,32,25,45771,1.439821713434637,,,
audit_sweep_ncal32,804,0.5737095664934307,0.006198059271365741,0.9,0.9482306866482803,3.070310049057868,24.826142044025715,32,25,45828,1.1136009559777282,,,
audit_sweep_ncal32,805,0.5735413266750349,0.005848532135691364,0.9,0.9114996344635707,4.419855402145941,26.17568739711379,32,25,45885,3.6368739837271304,,,
audit_sweep_ncal32,806,0.5737946450125098,0.006075872955199735,0.9,0.8783800913479672,2.5819092681149667,24.337741263082815,32,25,45942,1.1608998448858152,,,
audit_sweep_ncal32,807,0.5738105951617574,0.00598763896085297,0.9,0.8475017681365586,2.5444601403178733,24.300292135285723,32,25,45999,1.2441563749758024,,,
audit_sweep_ncal32,808,0.5738127486728234,0.0057540242541993525,0.9,0.8869807662290987,4.445757743326712,26.20158973829456,32,25,46056,3.4327765495991898,,,
audit_sweep_ncal32,809,0.5737293161022144,0.005600551409777554,0.9,1.0495664714104016,2.706076133536058,24.461908128503907,32,25,46113,2.1196962778788238,,,
audit_sweep_ncal32,810,0.5737573875923506,0.005279159001897349,0.9,0.8433762656745298,2.781843616401896,24.537675611369746,32,25,46170,1.3753281194204259,,,
audit_sweep_ncal32,811,0.5740216471225695,0.005712695367447673,0.9,0.7408189844229595,2.3870573400147324,24.14288933498258,32,25,46227,0.8436618755153992,,,
audit_sweep_ncal32,812,0.57411967024914,0.0058614255456261866,0.9,0.8400188445894042,3.762531596371046,25.518363591338897,32,25,46284,3.115888473288406,,,
audit_sweep_ncal32,813,0.5741656227103092,0.006080704226615108,0.9,0.7935235467618076,3.4836157312837663,25.239447726251615,32,25,46341,3.0494295112844085,,,
audit_sweep_ncal32,814,0.573761574334981,0.005989681571688443,0.9,0.7293128682698263,3.1506956087964277,24.906527603764278,32,25,46398,2.35772085460962,,,
audit_sweep_ncal32,815,0.5736203112562299,0.005713250089157351,0.9,0.8379472666799739,4.063138460248474,25.818970455216324,32,25,46455,2.6956196940877506,,,
audit_sweep_ncal32,816,0.5733038584641397,0.005371955853664789,0.9,1.001396946722949,2.258693010477514,24.014525005445364,32,25,46512,1.3947584858174933,,,
audit_sweep_ncal32,817,0.573324407687739,0.005769054609057078,0.9,0.7681442555294711,3.076634840603615,24.832466835571463,32,25,46569,1.5673318687185047,,,
audit_sweep_ncal32,818,0.5732678833207702,0.005622416898717009,0.9,0.8130780967907789,2.4167663717253194,24.17259836669317,32,25,46626,1.5125602963741673,,,
audit_sweep_ncal32,819,0.5732137220634835,0.005218145508630867,0.9,0.9352495642280225,1.8982127749174562,23.654044769885306,32,25,46683,1.4483932989678698,,,
audit_sweep_ncal32,820,0.5733207369747196,0.005189659863982343,0.9,0.8744816698440266,3.09025752022522,24.846089515193068,32,25,46740,3.403517912250127,,,
audit_sweep_ncal32,821,0.5734043527349587,0.0051193680341912184,0.9,0.8873041743922573,1.7434046592715677,23.499236654239418,32,25,46797,1.182357410834243,,,
audit_sweep_ncal32,822,0.5733505349085032,0.0050533928209747225,0.9,0.9595439644818942,2.2659127489554813,24.021744743923332,32,25,46854,1.2109231308029222,,,
audit_sweep_ncal32,823,0.5733463172452521,0.005068541001909677,0.9,0.9670447005664703,3.826799690469756,25.582631685437605,32,25,46911,3.794738550161908,,,
audit_sweep_ncal32,824,0.5733777170367268,0.005085827088390449,0.9,0.8863789065639427,1.822715175700277,23.578547170668127,32,25,46968,1.2173928262545382,,,
audit_sweep_ncal32,825,0.5735622542219195,0.005176709325038997,0.9,0.8441374113610631,2.457814240627076,24.213646235594926,32,25,47025,1.301125394955378,,,
audit_sweep_ncal32,826,0.5736609525151809,0.005694342106063677,0.9,0.821540116231287,1.876841118469325,23.632673113437175,32,25,47082,1.2016386054869908,,,
audit_sweep_ncal32,827,0.573549324145447,0.005523443345820889,0.9,0.940669563045669,2.144451551638094,23.900283546605944,32,25,47139,1.4575056486223865,,,
audit_sweep_ncal32,828,0.5738159259356818,0.005643185323087718,0.9,0.803082448223041,3.4187331184730407,25.17456511344089,32,25,47196,3.293893164743768,,,
audit_sweep_ncal32,829,0.5738471693717325,0.005142328356505188,0.9,1.0091336005201683,2.960748288797437,24.716580283765285,32,25,47253,4.003435611795304,,,
audit_sweep_ncal32,830,0.5741081677536897,0.005987869742999918,0.9,0.7704133330854067,4.33995208334898,26.09578407831683,32,25,47310,2.9895904472897503,,,
audit_sweep_ncal32,831,0.5739488440837706,0.005757083724491019,0.9,0.9322028693144926,2.90734802532596,24.663180020293808,32,25,47367,1.1888857224046532,,,
audit_sweep_ncal32,832,0.5740694263532914,0.005641933594111248,0.9,0.9605336067227946,2.062491069568514,23.818323064536365,32,25,47424,1.1562347162829358,,,
audit_sweep_ncal32,833,0.5740705270568114,0.006108389260407798,0.9,0.7831981852268607,1.8725339392048082,23.628365934172656,32,25,47481,1.5453340910337774,,,
audit_sweep_ncal32,834,0.5741299578447319,0.006224875266794494,0.9,0.8468622671274244,1.8597348911509155,23.615566886118764,32,25,47538,1.3800460264556098,,,
audit_sweep_ncal32,835,0.5738927994765879,0.006143062043624248,0.9,0.875031086431,5.0824281923761365,26.838260187343984,32,25,47595,7.005123455353431,,,
audit_sweep_ncal32,836,0.5739420856744114,0.005920795392040046,0.9,1.0160194988647337,2.2204820008659776,23.976313995833827,32,25,47652,1.4472512264933552,,,
audit_sweep_ncal32,837,0.57391964382795,0.005701637336127385,0.9,0.8926794643039054,5.488253597337796,27.244085592305645,32,25,47709,7.674440312808988,,,
audit_sweep_ncal32,838,0.5739105360533951,0.005210520522064166,0.9,1.0610082725214747,3.2354752918060607,24.99130728677391,32,25,47766,2.9762837723071414,,,
audit_sweep_ncal32,839,0.5738852143809586,0.0055144289007987846,0.9,0.7090652719623101,2.337667067691919,24.093499062659767,32,25,47823,1.5729173095848343,,,
audit_sweep_ncal32,840,0.5741265853784292,0.006247112528735332,0.9,0.7922803269263349,2.198764370731699,23.954596365699548,32,25,47880,1.178695389826008,,,
audit_sweep_ncal32,841,0.5739120799942102,0.0061232158585823315,0.9,0.9994391949281102,2.030918616400842,23.786750611368692,32,25,47937,1.086993341276136,,,
audit_sweep_ncal32,842,0.5741682961524813,0.006679103815830589,0.9,0.7238777689462712,2.175612936630354,23.931444931598204,32,25,47994,1.6024300387567463,,,
audit_sweep_ncal32,843,0.5741531880461992,0.006510158720090309,0.9,0.9440266844326177,2.295822705889251,24.0516547008571,32,25,48051,1.1861146372413849,,,
audit_sweep_ncal32,844,0.5741410940770232,0.006585902429121271,0.9,0.9195558828110351,2.6258401761093886,24.381672171077238,32,25,48108,3.4977395064279513,,,
audit_sweep_ncal32,845,0.5740691867379374,0.006850137177682236,0.9,0.7936218668294175,5.786289506270095,27.542121501237943,32,25,48165,7.29943090421902,,,
audit_sweep_ncal32,846,0.5741615908033645,0.00675873222978951,0.9,1.0236730187770584,1.8962871043597207,23.65211909932757,32,25,48222,1.4865730339114607,,,
audit_sweep_ncal32,847,0.5741615573814184,0.007015253338541139,0.9,0.8178184462454815,2.3247650652831804,24.08059706025103,32,25,48279,1.3107160152157635,,,
audit_sweep_ncal32,848,0.5741909155712505,0.007157772224150372,0.9,0.9043872051498857,3.5003319713465952,25.256163966314446,32,25,48336,3.3167157247823287,,,
audit_sweep_ncal32,849,0.5742665946763799,0.007712427876964356,0.9,0.9026519954750403,3.8823330361723216,25.638165031140172,32,25,48393,4.027033356404992,,,
audit_sweep_ncal32,850,0.574300853730307,0.0069945466127337985,0.9,1.0040327251282504,4.649597960122772,26.40542995509062,32,25,48450,6.474598170353785,,,
audit_sweep_ncal32,851,0.5743152928350146,0.007274577017714057,0.9,0.7730500678010747,1.8551723091957821,23.611004304163632,32,25,48507,1.2796972816566023,,,
audit_sweep_ncal32,852,0.5742024166040476,0.0074154832154617045,0.9,0.9348833258498087,2.2890220016038776,24.044853996571728,32,25,48564,1.1652570861746985,,,
audit_sweep_ncal32,853,0.5741552927959058,0.00758942962055309,0.9,0.9133686499584397,3.422601636295469,25.178433631263317,32,25,48621,4.187083023012501,,,
audit_sweep_ncal32,854,0.5744882788189909,0.007561553152670597,0.9,0.9233268971811143,5.304014213343176,27.059846208311026,32,25,48678,7.360751045867009,,,
audit_sweep_ncal32,855,0.5743181945998954,0.007000076383459342,0.9,0.9890084212593586,3.760752095202543,25.51658409017039,32,25,48735,3.764262968404307,,,
audit_sweep_ncal32,856,0.5743377956784953,0.006763846749960223,0.9,0.9758557762233251,3.585898384493014,25.341730379460863,32,25,48792,3.610910404440134,,,
audit_sweep_ncal32,857,0.5743552029269571,0.007245221820169623,0.9,0.8188574743461552,2.9192612850972246,24.675093280065074,32,25,48849,1.5763095532197304,,,
audit_sweep_ncal32,858,0.5743033572195493,0.007231837315547884,0.9,0.849042333209164,5.86511806998158,27.62095006494943,32,25,48906,6.301682513292307,,,
audit_sweep_ncal32,859,0.5742046232753458,0.007218419982344071,0.9,0.859066785907038,1.8180273975121048,23.573859392479953,32,25,48963,1.4422834289021937,,,
audit_sweep_ncal32,860,0.5740012590148836,0.006903153069747536,0.9,0.9179295146374479,2.679872470194188,24.435704465162036,32,25,49020,1.29521842924247,,,
audit_sweep_ncal32,861,0.5737905714110283,0.006335166198735864,0.9,0.8959091852014238,2.780963338947292,24.53679533391514,32,25,49077,1.3081331490137413,,,
audit_sweep_ncal32,862,0.5737579123989557,0.006004146039654934,0.9,0.8832508009027992,3.5202507602971607,25.27608275526501,32,25,49134,3.204428014676064,,,
audit_sweep_ncal32,863,0.5738920917258279,0.006810024960531735,0.9,0.9219391078998094,3.008683611130752,24.764515606098602,32,25,49191,3.375728039378151,,,
audit_sweep_ncal32,864,0.5737317027779475,0.006932589397875666,0.9,0.877803594287947,2.0198276422242922,23.775659637192142,32,25,49248,1.2028666709941342,,,
audit_sweep_ncal32,865,0.5738156929915039,0.006777977167175542,0.9,0.9459124051723434,3.4977969160224136,25.253628910990262,32,25,49305,3.188399840461282,,,
audit_sweep_ncal32,866,0.5739735861625168,0.006605402345200795,0.9,1.003688964268953,3.0644928125994926,24.820324807567342,32,25,49362,3.7003515010238037,,,
audit_sweep_ncal32,867,0.5738254558375896,0.0063336466910792755,0.9,0.8717243046449885,1.6415117649989557,23.397343759966805,32,25,49419,0.4109977081216958,,,
audit_sweep_ncal32,868,0.5736143955634814,0.0059108886660000914,0.9,0.989193232313852,1.7642176030946854,23.520049598062535,32,25,49476,1.2563340271937278,,,
audit_sweep_ncal32,869,0.573802503386517,0.0063767281457486336,0.9,0.7227539463076754,2.0108397959397855,23.766671790907633,32,25,49533,2.4151674569389363,,,
audit_sweep_ncal32,870,0.573911320534185,0.006691596065665495,0.9,0.9027441676465892,1.810352866987689,23.566184861955538,32,25,49590,1.118379691215977,,,
audit_sweep_ncal32,871,0.5738882426467156,0.006767996136670118,0.9,0.8915833793691055,1.7791807792020204,23.53501277416987,32,25,49647,1.1321310315947268,,,
audit_sweep_ncal32,872,0.5736645318253378,0.006885974571383735,0.9,0.8553908975506133,2.584999371103832,24.340831366071683,32,25,49704,3.7001304206419565,,,
audit_sweep_ncal32,873,0.5736772699146787,0.007184173008161876,0.9,0.6712875225278877,2.9052837989631715,24.66111579393102,32,25,49761,1.568178530555784,,,
audit_sweep_ncal32,874,0.5736690434783169,0.007290289022390595,0.9,0.9191378183255925,2.7960590956597637,24.551891090627613,32,25,49818,1.0847721382453386,,,
audit_sweep_ncal32,875,0.5736542834880515,0.008088616415994343,0.9,0.6861059335097065,4.1892196772075465,25.945051672175396,32,25,49875,3.7235639322765,,,
audit_sweep_ncal32,876,0.5737935405232968,0.008807294603924487,0.9,0.8201374641359211,2.259541828701624,24.015373823669474,32,25,49932,1.447353202782735,,,
audit_sweep_ncal32,877,0.574019370115667,0.010052090501165956,0.9,0.7798562781888974,1.6697545508167133,23.42558654578456,32,25,49989,1.0542320917793897,,,
audit_sweep_ncal32,878,0.5740531604720494,0.009891056443816049,0.9,0.9168376732356769,4.068128062870507,25.823960057838356,32,25,50046,3.5264625340124294,,,
audit_sweep_ncal32,879,0.5739193225569555,0.009960179747888542,0.9,0.8686603427825806,2.5107374134103164,24.266569408378167,32,25,50103,1.261680290694176,,,
audit_sweep_ncal32,880,0.5740241521866604,0.010175664487166447,0.9,0.8757289303216659,1.2199526362237139,22.975784631191562,32,25,50160,0.5183011506574337,,,
audit_sweep_ncal32,881,0.5741808744213733,0.01085447334187084,0.9,0.8248128153632039,2.6986612101346883,24.454493205102537,32,25,50217,1.524362819231836,,,
audit_sweep_ncal32,882,0.5742481973370901,0.011916090506652766,0.9,0.8163108285545002,2.9888427893879546,24.744674784355805,32,25,50274,1.3254290986973498,,,
audit_sweep_ncal32,883,0.5743213876176329,0.011638977242535486,0.9,0.8900040226522169,1.7890534169851688,23.544885411953018,32,25,50331,0.975562541193314,,,
audit_sweep_ncal32,884,0.5743880346169182,0.011715268924140543,0.9,0.9010728869476519,3.5651406713067066,25.320972666274557,32,25,50388,3.1733582268386313,,,
audit_sweep_ncal32,885,0.574259960402222,0.010832313959754813,0.9,0.9670188312888263,2.3343662904746023,24.09019828544245,32,25,50445,1.2944601053503404,,,
audit_sweep_ncal32,886,0.5741554886170144,0.010494146530171222,0.9,0.9384917714423908,2.6832147616059983,24.43904675657385,32,25,50502,3.897077056446365,,,
audit_sweep_ncal32,887,0.5745742994338013,0.010816455614623188,0.9,0.9058159318276304,2.8368123367487126,24.592644331716563,32,25,50559,1.427364626125059,,,
audit_sweep_ncal32,888,0.5744544811264486,0.009604379410684927,0.9,1.0107986852064286,2.4303008394469345,24.186132834414785,32,25,50616,1.4616932876270592,,,
audit_sweep_ncal32,889,0.5746815101427688,0.010836354717835728,0.9,0.7998284172068372,2.829507517932063,24.585339512899914,32,25,50673,1.689506290837174,,,
audit_sweep_ncal32,890,0.5746878210022941,0.00994262748107455,0.9,0.9587881649248713,3.4269783088834327,25.182810303851284,32,25,50730,3.4620888020207095,,,
audit_sweep_ncal32,891,0.5746795712363365,0.009659261806462371,0.9,0.9267201681303763,2.633563018992076,24.389395013959927,32,25,50787,1.065166947699792,,,
audit_sweep_ncal32,892,0.5747067649316635,0.008185518540882453,0.9,1.044965822706004,3.501307203153509,25.257139198121358,32,25,50844,4.110024648721391,,,
audit_sweep_ncal32,893,0.5745870820886679,0.006817705667243379,0.9,1.0266869078907785,2.363818120433894,24.119650115401743,32,25,50901,0.7884350614271468,,,
audit_sweep_ncal32,894,0.5745977681373728,0.007004525994849353,0.9,0.9069748843410307,4.277408562076427,26.033240557044277,32,25,50958,3.5137888044975494,,,
audit_sweep_ncal32,895,0.5744758426685319,0.007310481448925765,0.9,0.7764263974956606,1.5184543224297584,23.274286317397607,32,25,51015,0.5063427254457319,,,
audit_sweep_ncal32,896,0.5743214764783053,0.006742785443823784,0.9,0.9634386971043263,4.547465529578643,26.303297524546494,32,25,51072,4.18811338841904,,,
audit_sweep_ncal32,897,0.5744473046205756,0.007183174041734852,0.9,0.8287021135019089,2.370911490771247,24.126743485739098,32,25,51129,1.0010325041477592,,,
audit_sweep_ncal32,898,0.5744891655927566,0.006762984249324089,0.9,1.0633656560068696,2.4438137226072802,24.19964571757513,32,25,51186,1.1087875011305737,,,
audit_sweep_ncal32,899,0.5743871068500583,0.007111074215834234,0.9,0.7521419776287164,4.734691423723408,26.490523418691257,32,25,51243,5.009946165086366,,,
audit_sweep_ncal32,900,0.5744799355083491,0.007606755423942069,0.9,0.8231090754000306,2.719503379826106,24.475335374793957,32,25,51300,1.0007441165851532,,,
audit_sweep_ncal32,901,0.5744581570497155,0.008531378477390494,0.9,0.834129484499584,2.2682553697703427,24.024087364738193,32,25,51357,2.070660400458497,,,
audit_sweep_ncal32,902,0.5745049142078136,0.009376844210463697,0.9,0.7905416663542331,2.1297026762632,23.88553467123105,32,25,51414,0.9356065772089903,,,
audit_sweep_ncal32,903,0.5746058722935726,0.008856509742418028,0.9,1.0028484700280909,2.4211110683947763,24.176943063362625,32,25,51471,1.1062317073442804,,,
audit_sweep_ncal32,904,0.5746292752382111,0.010241563422506261,0.9,0.7105918347636991,3.6194882124207393,25.37532020738859,32,25,51528,3.4555277550989247,,,
audit_sweep_ncal32,905,0.5744706893522508,0.008689702161039148,0.9,1.0310063561978429,4.444607239974195,26.200439234942046,32,25,51585,2.092155307490059,,,
audit_sweep_ncal32,906,0.5743554962957225,0.008811713917236563,0.9,0.835884235252247,3.8185903181484977,25.574422313116347,32,25,51642,3.350867076437612,,,
audit_sweep_ncal32,907,0.5741992585307933,0.0077978725418657024,0.9,0.9624358482888837,5.732254681366011,27.48808667633386,32,25,51699,7.112666671429511,,,
audit_sweep_ncal32,908,0.5742751302024713,0.008414421486405366,0.9,0.8475583058194761,2.831599694894425,24.587431689862274,32,25,51756,1.224525728135569,,,
audit_sweep_ncal32,909,0.5742145767843877,0.008835613947527854,0.9,0.8866323907982211,3.7107739985412405,25.46660599350909,32,25,51813,7.922669703365001,,,
audit_sweep_ncal32,910,0.5744132927759883,0.010072196268631872,0.9,0.7757032566249593,2.2743053110317915,24.03013730599964,32,25,51870,0.9276181215018179,,,
audit_sweep_ncal32,911,0.5742529148736184,0.00905973891208478,0.9,0.9855615016445209,3.021125385245121,24.77695738021297,32,25,51927,3.9571559015268924,,,
audit_sweep_ncal32,912,0.5743121372059724,0.008857403363230598,0.9,0.9255086243925748,2.897691703377587,24.653523698345435,32,25,51984,1.1855985895319443,,,
audit_sweep_ncal32,913,0.5743955803768624,0.00952528932180663,0.9,0.8156668136038653,5.18716062959789,26.94299262456574,32,25,52041,8.005839723052548,,,
audit_sweep_ncal32,914,0.5744795063274548,0.009703615643237407,0.9,0.886275227694221,3.066091643178697,24.821923638146547,32,25,52098,3.5340731781272234,,,
audit_sweep_ncal32,915,0.5745443463218186,0.009148173133492699,0.9,0.9777300892754791,4.506320810807694,26.262152805775543,32,25,52155,3.972089226370297,,,
audit_sweep_ncal32,916,0.574525924427673,0.008992661683867698,0.9,0.8994316885979847,3.060082091811365,24.815914086779216,32,25,52212,1.0374845241982653,,,
audit_sweep_ncal32,917,0.5745047127678797,0.010156995974397787,0.9,0.751644627685263,2.3667385052185526,24.122570500186402,32,25,52269,1.2611557047797186,,,
audit_sweep_ncal32,918,0.5745328371303958,0.010398199942691866,0.9,0.8646952962990585,1.2990896678947588,23.054921662862608,32,25,52326,0.6013813727936709,,,
audit_sweep_ncal32,919,0.5746573164616972,0.010798598256675174,0.9,0.864597535857531,3.085604682125161,24.84143667709301,32,25,52383,3.6981312349045874,,,
audit_sweep_ncal32,920,0.574683880339572,0.01126609126955358,0.9,0.8754845620403311,4.9897177153081245,26.745549710275974,32,25,52440,7.1145183051198995,,,
audit_sweep_ncal32,921,0.5747090668634349,0.011835412010981483,0.9,0.8612309897761038,4.899855613363207,26.655687608331057,32,25,52497,7.683675782547036,,,
audit_sweep_ncal32,922,0.5747811189679619,0.010265547757194904,0.9,1.1115945652379493,2.521878180914606,24.277710175882454,32,25,52554,1.5990652856423686,,,
audit_sweep_ncal32,923,0.5748476093618504,0.009222840470706206,0.9,1.0042286374340992,2.61206676785972,24.36789876282757,32,25,52611,1.329708782366423,,,
audit_sweep_ncal32,924,0.5747644794704984,0.009017102052318537,0.9,0.8546486735897117,3.655225009797269,25.41105700476512,32,25,52668,3.4094117558777146,,,
audit_sweep_ncal32,925,0.5746152651725689,0.010407397279200814,0.9,0.7289835488363178,2.118844866382753,23.8746768613506,32,25,52725,2.2766443367272933,,,
audit_sweep_ncal32,926,0.5747709589303489,0.011888415794788165,0.9,0.7272587674999347,2.701422060891228,24.457254055859078,32,25,52782,0.7585343362802902,,,
audit_sweep_ncal32,927,0.5747138477975429,0.013103715758448153,0.9,0.7686007057429746,2.926826012070147,24.682658007037997,32,25,52839,1.4310151498742611,,,
audit_sweep_ncal32,928,0.5747775448386427,0.01339420445613071,0.9,0.8454977729765245,3.6869767743472153,25.442808769315064,32,25,52896,3.947158692583026,,,
audit_sweep_ncal32,929,0.5748600367082611,0.01303763918702494,0.9,0.9629687613825082,5.801052569837599,27.556884564805447,32,25,52953,7.540976745319596,,,
audit_sweep_ncal32,930,0.5747680784408936,0.012833194873106413,0.9,0.9244489665382079,2.8322584577433108,24.58809045271116,32,25,53010,3.5281138058624597,,,
audit_sweep_ncal32,931,0.5746792698130956,0.011860660996692252,0.9,0.978841310435574,2.3893673119583694,24.14519930692622,32,25,53067,1.2522525183663422,,,
audit_sweep_ncal32,932,0.5746229364570382,0.011516539503610312,0.9,0.9245553283145089,4.0915450457821665,25.847377040750015,32,25,53124,3.872651435081436,,,
audit_sweep_ncal32,933,0.5744684193148979,0.0115348159310944,0.9,0.8180670862365774,2.88730742034845,24.6431394153163,32,25,53181,1.288923986412486,,,
audit_sweep_ncal32,934,0.5745875459656926,0.012755124076960778,0.9,0.7546731000764161,2.6411509221058345,24.396982917073682,32,25,53238,3.6584705111961164,,,
audit_sweep_ncal32,935,0.5745715589658634,0.011332373903021997,0.9,1.0011977374874632,2.8773888570491586,24.633220852017008,32,25,53295,1.4164195241468986,,,
audit_sweep_ncal32,936,0.5745889152722211,0.011683969140151462,0.9,0.9023717952403616,3.6604435805126903,25.41627557548054,32,25,53352,3.306389968758806,,,
audit_sweep_ncal32,937,0.5746736551344377,0.011253790139960307,0.9,0.9701423661161283,3.511234733340121,25.26706672830797,32,25,53409,3.687084804222271,,,
audit_sweep_ncal32,938,0.5745848207025455,0.010166527890017374,0.9,0.9990799900551187,1.8751516116057991,23.630983606573647,32,25,53466,1.4296968126366836,,,
audit_sweep_ncal32,939,0.5745447299425546,0.010410928455955148,0.9,0.9084696692407312,3.4554850048033696,25.21131699977122,32,25,53523,3.5375272221923737,,,
audit_sweep_ncal32,940,0.5743225066372288,0.011214948064177777,0.9,0.828851302765497,2.076132124818585,23.831964119786434,32,25,53580,1.5201816727881337,,,
audit_sweep_ncal32,941,0.5745604517047305,0.011770220867725945,0.9,0.823100217017942,3.317551894614031,25.07338388958188,32,25,53637,3.344205962231602,,,
audit_sweep_ncal32,942,0.5744737783367326,0.010009790505475236,0.9,1.044440296138172,2.2627789174837107,24.01861091245156,32,25,53694,1.4153316992719012,,,
audit_sweep_ncal32,943,0.5745332524366792,0.009090734901486486,0.9,0.9804115915593192,2.6403084381415485,24.396140433109398,32,25,53751,1.3067490458686133,,,
audit_sweep_ncal32,944,0.5744286773893658,0.008479706014942745,0.9,0.9373033434018389,2.171992321651535,23.927824316619386,32,25,53808,1.0871391922131763,,,
audit_sweep_ncal32,945,0.5745375005141945,0.008736845272268257,0.9,0.8395319628810538,2.801669229885533,24.557501224853382,32,25,53865,1.1047862540719926,,,
audit_sweep_ncal32,946,0.5743831716953237,0.008671093313256661,0.9,0.9029852738644483,2.528023311136862,24.283855306104712,32,25,53922,1.184777062648771,,,
audit_sweep_ncal32,947,0.5742128979330988,0.00804765892738013,0.9,1.1072191183875728,2.8872755535790926,24.643107548546944,32,25,53979,5.4223798743431555,,,
audit_sweep_ncal32,948,0.5741089890847341,0.007770316846685943,0.9,0.9553003421840751,4.865193310913513,26.62102530588136,32,25,54036,7.087378505630093,,,
audit_sweep_ncal32,949,0.5740236863991889,0.007464430026158375,0.9,0.8952709290859174,1.986922494676345,23.742754489644195,32,25,54093,1.2281699740080916,,,
audit_sweep_ncal32,950,0.5741710433182762,0.007596160999852386,0.9,0.9171522216805728,2.3227657775820596,24.07859777254991,32,25,54150,0.8315685248596932,,,
audit_sweep_ncal32,951,0.5741915753754141,0.007366999496516646,0.9,0.8847619887058894,4.148667357437481,25.90449935240533,32,25,54207,3.0714217213671695,,,
audit_sweep_ncal32,952,0.5741813980847607,0.007460142503345257,0.9,0.9223357596055322,4.0034479179548645,25.759279912922715,32,25,54264,3.6101282143530695,,,
audit_sweep_ncal32,953,0.5741471616766748,0.00704485006704314,0.9,0.9338792160493609,4.132131401019312,25.88796339598716,32,25,54321,3.4658462395362637,,,
audit_sweep_ncal32,954,0.5741967092813975,0.007013152836566117,0.9,0.9279260110390215,2.3077160393864298,24.06354803435428,32,25,54378,0.9786653658581463,,,
audit_sweep_ncal32,955,0.5742443200640038,0.007062883558945132,0.9,0.8865089268236714,1.950244335858844,23.706076330826694,32,25,54435,1.3327834727463084,,,
audit_sweep_ncal32,956,0.5744027698488513,0.007324294945986742,0.9,0.7809558515458339,2.6724500986883184,24.42828209365617,32,25,54492,4.233908353307149,,,
audit_sweep_ncal32,957,0.5741596213587004,0.006717729648995641,0.9,0.9517424975621024,2.7634767577228954,24.519308752690744,32,25,54549,1.3564309039925513,,,
audit_sweep_ncal32,958,0.5740679094998653,0.007012377545274506,0.9,1.1154921014043735,2.428181632430918,24.184013627398766,32,25,54606,1.6055034357050448,,,
audit_sweep_ncal32,959,0.5739338564324757,0.006978582252162524,0.9,0.9232510695224498,4.90693364888215,26.66276564385,32,25,54663,7.207572855433811,,,
audit_sweep_ncal32,960,0.5739059935393156,0.006968036301369884,0.9,0.9108895794345356,2.6737440411729043,24.42957603614075,32,25,54720,1.3319574146375373,,,
audit_sweep_ncal32,961,0.5739001928796389,0.007012140427697489,0.9,0.9469202348811959,6.084948325291217,27.840780320259064,32,25,54777,7.267188193902763,,,
audit_sweep_ncal32,962,0.5739521754264718,0.006847228025322893,0.9,0.8513474792558922,1.1397186992775945,22.895550694245443,32,25,54834,0.4458134529083243,,,
audit_sweep_ncal32,963,0.5740137746479304,0.006467977491749433,0.9,0.9201464301593544,2.606001588403429,24.36183358337128,32,25,54891,1.284391998598383,,,
audit_sweep_ncal32,964,0.5741571452939852,0.006546507610531438,0.9,0.7592023366757976,2.93133772516172,24.687169720129567,32,25,54948,1.59176745042751,,,
audit_sweep_ncal32,965,0.5739544582529391,0.0062049621990265535,0.9,0.8758738582957066,2.656934250773672,24.412766245741523,32,25,55005,1.4624911651132309,,,
audit_sweep_ncal32,966,0.5738913318561255,0.006201899930501464,0.9,0.9048059920163679,6.8070343809798635,28.562866375947713,32,25,55062,12.303699964829242,,,
audit_sweep_ncal32,967,0.5741005379318009,0.0063437081197691425,0.9,0.8874952737670917,4.062140233542432,25.817972228510282,32,25,55119,3.3962043285843735,,,
audit_sweep_ncal32,968,0.5739407505854432,0.006061072908344789,0.9,1.0274505010436827,2.9071192871158598,24.66295128208371,32,25,55176,4.037484621479339,,,
audit_sweep_ncal32,969,0.5741095363117943,0.006668841231405764,0.9,0.8149195522178647,2.7188984295757765,24.474730424543626,32,25,55233,1.2057739022597487,,,
audit_sweep_ncal32,970,0.5738837835131227,0.006174402551384017,0.9,0.9377248235735133,1.6676015084615785,23.42343350342943,32,25,55290,1.3841013319598907,,,
audit_sweep_ncal32,971,0.5737755576229632,0.005909848617716262,0.9,0.9257389774883606,3.629863558342374,25.385695553310224,32,25,55347,3.802385279075919,,,
audit_sweep_ncal32,972,0.573839700308604,0.005931296961472876,0.9,1.134192805760419,1.462080230415046,23.217912225382896,32,25,55404,1.1422409605848791,,,
audit_sweep_ncal32,973,0.5738070256885395,0.006447040612443611,0.9,0.9930130463676496,2.7427768072404475,24.498608802208295,32,25,55461,1.3294242758001862,,,
audit_sweep_ncal32,974,0.5737602120494413,0.00579963449279397,0.9,0.8691801465349515,4.209611911863228,25.965443906831077,32,25,55518,3.5083334359377862,,,
audit_sweep_ncal32,975,0.5737795473401287,0.006046020145245468,0.9,0.8670999488545095,1.7547294176237545,23.510561412591603,32,25,55575,1.2793293689922784,,,
audit_sweep_ncal32,976,0.5737445003908255,0.006094572521545216,0.9,0.9463659347112787,2.392048727991652,24.1478807229595,32,25,55632,1.137175087133538,,,
audit_sweep_ncal32,977,0.5738222353564056,0.0057071099737769915,0.9,0.8813656104387985,2.2679080636325173,24.023740058600367,32,25,55689,1.2513696132740666,,,
audit_sweep_ncal32,978,0.5737501100072508,0.005628674574023829,0.9,1.0027732744561182,4.793760079749021,26.54959207471687,32,25,55746,7.196706024751334,,,
audit_sweep_ncal32,979,0.573789430921254,0.005655326472387201,0.9,0.8750789177672087,3.131200771612697,24.887032766580546,32,25,55803,1.2146196863742722,,,
audit_sweep_ncal32,980,0.5742779245809995,0.005831177816493782,0.9,0.716176821491165,4.902237818501429,26.65806981346928,32,25,55860,9.498195340476046,,,
audit_sweep_ncal32,981,0.5744593257949508,0.006181638195189021,0.9,0.7414731876198778,2.906300625193434,24.662132620161284,32,25,55917,1.0981031355001827,,,
audit_sweep_ncal32,982,0.5742674379011777,0.006197108665475626,0.9,0.9815487076047943,3.543535255336522,25.29936725030437,32,25,55974,3.886834599565522,,,
audit_sweep_ncal32,983,0.5743683385240981,0.006401919454965932,0.9,0.9693109884740871,2.4127949597629854,24.168626954730833,32,25,56031,1.0334010841499686,,,
audit_sweep_ncal32,984,0.5747205625445038,0.0068041489953274414,0.9,0.8179222128750789,3.2496051025213903,25.00543709748924,32,25,56088,1.8963167195312272,,,
audit_sweep_ncal32,985,0.574964341649866,0.006382177923016985,0.9,0.7737389233137919,4.606027488785657,26.361859483753506,32,25,56145,4.047594757557505,,,
audit_sweep_ncal32,986,0.574961260301374,0.0066364070359448135,0.9,0.8913921964642486,3.835149752549772,25.59098174751762,32,25,56202,3.503793482301799,,,
audit_sweep_ncal32,987,0.5751317781460563,0.007109064316365377,0.9,0.9102465067133975,1.7521154186154277,23.507947413583278,32,25,56259,1.2574237204990453,,,
audit_sweep_ncal32,988,0.5752458181384003,0.006932154318335937,0.9,0.8453751894753398,1.7824978320785592,23.538329827046407,32,25,56316,1.6971209555082987,,,
audit_sweep_ncal32,989,0.5753372726930032,0.007143388745464718,0.9,0.7797178338131406,2.648466623778803,24.40429861874665,32,25,56373,1.501011560312117,,,
audit_sweep_ncal32,990,0.5750832066722236,0.007290200421291804,0.9,0.8192716690493399,1.7908347229235684,23.54666671789142,32,25,56430,1.5898711813085349,,,
audit_sweep_ncal32,991,0.5749775553575223,0.006752191044039346,0.9,1.1352929434934989,4.8188833257464845,26.574715320714333,32,25,56487,2.283799155307166,,,
audit_sweep_ncal32,992,0.5751763556589521,0.007013826664297063,0.9,0.9148755561575155,2.6733922177732152,24.429224212741065,32,25,56544,1.3928802365719604,,,
audit_sweep_ncal32,993,0.5748340466755215,0.006832420011073537,0.9,0.9826845929842034,4.638718185194319,26.39455018016217,32,25,56601,3.299964200473136,,,
audit_sweep_ncal32,994,0.5749822352768379,0.007117346745912356,0.9,0.7994769782599809,2.4139370988599667,24.169769093827817,32,25,56658,1.4176593007489573,,,
audit_sweep_ncal32,995,0.5749887227011621,0.007326102379651478,0.9,0.7573375287751198,2.7781653121903975,24.533997307158245,32,25,56715,1.2163931534639378,,,
audit_sweep_ncal32,996,0.574937308473058,0.00726623603576082,0.9,0.8973834555518658,4.641994634440689,26.397826629408538,32,25,56772,3.190236786605354,,,
audit_sweep_ncal32,997,0.5748076762947737,0.006781824911705647,0.9,0.9892469556033825,4.168320615047597,25.924152610015447,32,25,56829,3.880900673867987,,,
audit_sweep_ncal32,998,0.5746757014075398,0.006534848511797753,0.9,0.9306761129423083,3.0676977792838205,24.823529774251668,32,25,56886,1.0543774529487442,,,
audit_sweep_ncal32,999,0.5748745321504591,0.0076764343628799026,0.9,0.7389752968873902,4.736807647097071,26.49263964206492,32,25,56943,5.988502011841754,,,
audit_sweep_ncal32,1000,0.5745650669690252,0.007336249666296091,0.9,0.874572786860673,2.8127045372408497,24.5685365322087,32,25,57000,1.3050946094535465,,,
