schedule,t,reward,gap,beta_true,beta_hat,cert,cert_hp,n_cal,n_mon,cum_aud,xi_sq,exp3_arm,exp3_p,exp3_loss
exp3,1,0.5459667426206771,0.038513027253866294,0.0,0.0,2.081665973321869,23.837497968289718,0,25,25,1.5017036087325046,0.0,0.3333333333333333,0.012013628869860037
exp3,2,0.5459024114125534,0.038471460729519014,0.0,0.060953740626691504,3.511685146295226,25.267517141263074,8,25,58,3.1630013827388326,1.0,0.33338922920914976,0.03170401106191066
exp3,3,0.5459109383857921,0.03861552167088933,0.0,0.025259065973580554,2.1491838374371,23.90501583240495,250,25,333,1.3054125445150906,2.0,0.33353674443107995,0.21044330035612072
exp3,4,0.5462561482482914,0.037998324597453004,0.0,-0.040589778120272584,2.1744021668686075,23.930234161836456,250,25,608,0.9859147163114799,2.0,0.33158189254602916,0.20788731773049185
exp3,5,0.5465891375194459,0.037227873677601386,0.0,-0.0173252247168066,5.214068852874525,26.969900847842375,250,25,883,7.5646320748952185,2.0,0.3296453999097574,0.26051705659916174
exp3,6,0.5464886375058307,0.03784921263884766,0.0,0.03523919776066457,2.23342545611976,23.98925745108761,8,25,916,1.4922565651247846,1.0,0.3362547831198867,0.018338052520998276
exp3,7,0.5467455000064678,0.037391818624308404,0.0,-0.029123254451516475,2.006793153086811,23.76262514805466,250,25,1191,1.3253535322466208,2.0,0.3272967179201975,0.21060282825797297
exp3,8,0.5468408698278593,0.03749969222380234,0.0,-0.029123254451516475,2.1707504438746166,23.926582438842466,0,25,1216,1.2483414597848497,0.0,0.3376060309284332,0.009986731678278796
exp3,9,0.546142002707525,0.038814105478880756,0.0,0.22002885513350529,2.503214210489587,24.259046205457437,8,25,1249,1.4098284416604816,1.0,0.33711787409992033,0.017678627533283853
exp3,10,0.5450791345366871,0.04081059620749272,0.0,0.3177775432804885,2.2166104561349376,23.972442451102786,8,25,1282,1.4206727103882784,1.0,0.3369542658086152,0.017765381683106228
exp3,11,0.5440112735800862,0.04304385056356663,0.0,0.3177775432804885,1.7691356331448476,23.524967628112698,0,25,1307,1.9957115560740748,0.0,0.33768084088863626,0.015965692448592597
exp3,12,0.5440658879845064,0.04304335647911384,0.0,0.014198789967987334,3.858444634889845,25.614276629857695,250,25,1582,3.056568990010152,2.0,0.3256018490251142,0.2244525519200812
exp3,13,0.5447350206618621,0.0420182701721592,0.0,-0.11050284647298858,3.7161678286733384,25.471999823641188,8,25,1615,3.3874264143057435,1.0,0.3379179138024945,0.03349941131444595
exp3,14,0.5457299997719806,0.040287455344279355,0.0,-0.16639825372937547,2.170073801061871,23.92590579602972,8,25,1648,1.5184665166145548,1.0,0.33760828301596535,0.01854773213291644
exp3,15,0.5464874189608546,0.03918667835526368,0.0,-0.16639825372937547,3.500994376825654,25.256826371793505,0,25,1673,3.8148360002508563,0.0,0.33883467080645235,0.030518688002006848
exp3,16,0.5463729927547133,0.03979058481184106,0.0,-0.031078890332019757,3.541753459623394,25.297585454591243,250,25,1948,3.2871940337157124,2.0,0.3238663760790429,0.2262975522697257
exp3,17,0.5462063371703311,0.04023491615285435,0.0,0.12071579030326177,2.207666971229084,23.963498966196934,8,25,1981,1.3414191752817421,1.0,0.338644331994448,0.017131353402253937
exp3,18,0.546675759925197,0.039505535838727734,0.0,-0.12455572873770566,2.092384953402543,23.848216948370393,250,25,2256,1.6838396406338114,2.0,0.32181270106649634,0.21347071712507049
exp3,19,0.5470170542049555,0.03868964718509005,0.0,-0.013206885003941576,2.174010496689679,23.929842491657528,250,25,2531,1.1002342017066082,2.0,0.3197970117330329,0.20880187361365285
exp3,20,0.5467400982823544,0.039193147836231734,0.0,0.18191472925231378,5.122286030482813,26.87811802545066,8,25,2564,6.46258221576754,1.0,0.34047881908535627,0.05810065772614033
exp3,21,0.5477400720944638,0.037411513145282016,0.0,-0.32855658572255425,2.042149016174291,23.79798101114214,8,25,2597,3.2668010854454677,1.0,0.3399438804514795,0.03253440868356374
exp3,22,0.5482746014280783,0.036604030538330945,0.0,-0.13021105969356253,2.127440315729882,23.88327231069773,8,25,2630,0.9846561900387576,1.0,0.3396440477055549,0.01427724952031006
exp3,23,0.5491206361713001,0.03519017615131115,0.0,-0.2242556810700391,3.731220746396182,25.48705274136403,8,25,2663,1.8916776219869362,1.0,0.33951239670146316,0.02153342097589549
exp3,24,0.5496008420050811,0.034583338273787234,0.0,-0.14414181470753015,2.3877366507589195,24.14356864572677,8,25,2696,1.9131536071494615,1.0,0.3393138082928471,0.02170522885719569
exp3,25,0.5499354376439067,0.03414672242246031,0.0,-0.14414181470753015,1.9414117669267132,23.697243761894562,0,25,2721,2.0298951892065498,0.0,0.34240980221617456,0.016239161513652397
exp3,26,0.5503007827801566,0.033642330043693325,0.0,-0.14414181470753015,3.600894938626442,25.35672693359429,0,25,2746,2.9989579409878955,0.0,0.3422606640241471,0.023991663527903166
exp3,27,0.5506761577869975,0.03301951331023245,0.0,-0.14414181470753015,1.8807922571863056,23.636624252154157,0,25,2771,1.5806864575657031,0.0,0.34204029142809655,0.012645491660525626
exp3,28,0.550641807470517,0.032902673599308985,0.0,0.160804273558718,3.447743768991107,25.203575763958955,8,25,2804,3.4822646731311653,1.0,0.3393644089229961,0.03425811738504932
exp3,29,0.5506832241166705,0.03272777531805404,0.0,0.07976844807266903,2.108808369763987,23.864640364731837,8,25,2837,1.0732270408872135,1.0,0.3390484290705123,0.014985816327097709
exp3,30,0.5506808368272208,0.033102637427045,0.0,-0.012608621914038335,3.644082931051835,25.399914926019683,250,25,3112,4.023926172114902,2.0,0.3189302911385345,0.2321914093769192
exp3,31,0.5507565295991357,0.03267935842263636,0.0,0.11226460065725472,2.2114849300372343,23.967316925005083,8,25,3145,1.1794327770643975,1.0,0.3400050432250146,0.015835462216515182
exp3,32,0.5507758583082903,0.032619257461243945,0.0,0.0702178698513108,3.5660319150772435,25.321863910045092,8,25,3178,3.1051969111343447,1.0,0.33985910195745156,0.031241575289074758
exp3,33,0.5508901381861073,0.03240995792719725,0.0,0.0702178698513108,2.5351326775878276,24.290964672555678,0,25,3203,1.3946774812388274,0.0,0.34349154661840864,0.01115741984991062
exp3,34,0.550720700082774,0.03244495963797833,0.0,0.2007039492692923,4.935130564653926,26.690962559621774,8,25,3236,6.213467585111191,1.0,0.3396241463703502,0.05610774068088953
exp3,35,0.551206480825842,0.03156425531838203,0.0,-0.17947181024136116,2.2332773689017373,23.989109363869588,8,25,3269,1.1855238129204388,1.0,0.3391069091471311,0.01588419050336351
exp3,36,0.5513873529180322,0.030976933865008993,0.0,0.01926934168207586,3.902065608660812,25.657897603628662,250,25,3544,3.33096730520272,2.0,0.3173046419304477,0.22664773844162175
exp3,37,0.5515934145918371,0.030672145951895602,0.0,0.01926934168207586,2.5737578409497086,24.32958983591756,0,25,3569,1.173412695720976,0.0,0.34481946074358666,0.009387301565767808
exp3,38,0.5517213096420741,0.030206505281625606,0.0,0.01926934168207586,5.083692852193797,26.83952484716165,0,25,3594,7.285254946550313,0.0,0.34473354886969554,0.0582820395724025
exp3,39,0.5518339803583351,0.02976635953998885,0.0,-0.009972505863999117,2.2529367938989324,24.00876878886678,8,25,3627,1.1810452110769534,1.0,0.3403509314543427,0.015848361688615625
exp3,40,0.5519190999551083,0.02977633069549579,0.0,0.009067124221898905,1.766808096069528,23.522640091037378,250,25,3902,1.4574947516910202,2.0,0.3155184732177292,0.21165995801352816
exp3,41,0.5518299536121006,0.030177146885251305,0.0,0.009067124221898905,3.9955765264913907,25.75140852145924,0,25,3927,3.5355691384106973,0.0,0.34529079112668,0.028284553107285577
exp3,42,0.5518496213963021,0.03053011905738101,0.0,0.009067124221898905,2.1231069905795783,23.87893898554743,0,25,3952,1.1149182064111314,0.0,0.34503214414302913,0.00891934565128905
exp3,43,0.5520515710710979,0.03030680890564419,0.0,0.009067124221898905,2.113912669364201,23.86974466433205,0,25,3977,1.2701874591638036,0.0,0.3449505402168778,0.01016149967331043
exp3,44,0.5518635347121743,0.03073971347050064,0.0,0.2011639202876109,1.9740163366790267,23.729848331646878,8,25,4010,1.4168279604609217,1.0,0.34143283672957425,0.017734623683687372
exp3,45,0.5519292092753467,0.030372765858907913,0.0,0.025068409603697422,5.2036797801761,26.959511775143948,250,25,4285,8.035431378587878,2.0,0.3137871173756459,0.264283451028703
exp3,46,0.5519460501054173,0.030415573481578195,0.0,-0.035147300404974956,5.399745982664662,27.15557797763251,8,25,4318,7.186281555215572,1.0,0.3425235985520976,0.06389025244172457
exp3,47,0.5520390051601826,0.030253596184211307,0.0,0.01586311434558537,4.97532673294665,26.731158727914497,250,25,4593,7.849529036814733,2.0,0.3115422150205766,0.2627962322945179
exp3,48,0.5522827307446885,0.029392019559754234,0.0,-0.04339472946689757,3.610522481894583,25.366354476862433,250,25,4868,3.663391633561404,2.0,0.30902697515569477,0.2293071330684912
exp3,49,0.55242829890008,0.02922021453079804,0.0,-0.08677866779954145,2.3423267634717075,24.098158758439556,8,25,4901,1.2562224458948301,1.0,0.3442797261180107,0.01644977956715864
exp3,50,0.5525540119095019,0.028982345989084446,0.0,-0.08677866779954145,3.7968324463758867,25.552664441343737,0,25,4926,3.725954075227037,0.0,0.348976452877136,0.029807632601816292
exp3,51,0.5526118184823954,0.02867067022882186,0.0,-0.08677866779954145,3.3873736708742923,25.143205665842142,0,25,4951,3.7644554342447987,0.0,0.3487053587250684,0.030115643473958387
exp3,52,0.5525145079794086,0.02902984283252963,0.0,0.011256177505677745,3.102699773395529,24.858531768363378,250,25,5226,3.6208844383662524,2.0,0.30715070986162696,0.22896707550693002
exp3,53,0.5528049949867058,0.02852887682900196,0.0,-0.10213920046180225,3.4972398387357675,25.253071833703615,8,25,5259,3.703787654651198,1.0,0.34551376840648357,0.036030301237209586
exp3,54,0.5526465782418712,0.028777188949899557,0.0,0.13055062718742455,3.818643925235543,25.57447592020339,8,25,5292,3.681377882922244,1.0,0.3451844152819182,0.03585102306337795
exp3,55,0.5526196956965472,0.028870322640119017,0.0,0.04036252515135889,3.573186882500368,25.32901887746822,250,25,5567,3.837640152742546,2.0,0.30525088790019994,0.23070112122194036
exp3,56,0.5529504656514345,0.0285538019908419,0.0,-0.2708298291527905,3.4427611350192775,25.198593129987128,8,25,5600,5.507491725512136,1.0,0.34596174142642894,0.05045993380409708
exp3,57,0.5530553594159489,0.02835484855884518,0.0,0.014275972574308753,3.4003882303020707,25.15622022526992,8,25,5633,2.82307371940751,1.0,0.34550083377321233,0.028984589755260082
exp3,58,0.5535002917129703,0.02762558090292866,0.0,-0.26075902296387654,7.183167770554015,28.938999765521864,8,25,5666,11.665603005642419,1.0,0.34523586833107467,0.09972482404513935
exp3,59,0.5538357043365455,0.027104762712867325,0.0,-0.26075902296387654,2.0070773995807,23.76290939454855,0,25,5691,1.2291649043377555,0.0,0.351896230070274,0.009833319234702044
exp3,60,0.5541458324174918,0.026668916606362725,0.0,-0.26075902296387654,5.219676550498949,26.9755085454668,0,25,5716,7.432507387204172,0.0,0.35180717443128745,0.059460059097633376
exp3,61,0.5544493979580355,0.02630397460124545,0.0,-0.26075902296387654,2.3640407369944216,24.11987273196227,0,25,5741,2.75546013880466,0.0,0.3512687653689476,0.02204368111043728
exp3,62,0.5545631520833637,0.02604177479330627,0.0,0.12699474766739904,1.8618910331060916,23.61772302807394,8,25,5774,1.5440165943591597,1.0,0.3447650262478826,0.01875213275487328
exp3,63,0.5545059500356404,0.02616061756368615,0.0,0.12699474766739904,6.769180587599691,28.52501258256754,0,25,5799,12.389733566492058,0.0,0.3511611940972095,0.09911786853193646
exp3,64,0.5546356606929647,0.025810172186384706,0.0,0.07943834738058321,3.5208788386519485,25.2767108336198,8,25,5832,3.6613890773430784,1.0,0.3450717228026202,0.03569111261874462
exp3,65,0.5547977878734223,0.025641435721171613,0.0,0.07943834738058321,1.934135269313575,23.689967264281425,0,25,5857,1.2236280378542328,0.0,0.35043816925154614,0.009789024302833862
exp3,66,0.5548438490996114,0.025370819581017057,0.0,0.026864813940019338,2.313738893767736,24.069570888735583,250,25,6132,1.5000145482591978,2.0,0.3048581375249909,0.21200011638607358
exp3,67,0.5549756995232841,0.025383589810695995,0.0,-0.04941161316324954,2.690964887115015,24.446796882082864,250,25,6407,1.178538972232388,2.0,0.3028100073168873,0.20942831177785912
exp3,68,0.5550326040183131,0.025429761320433508,0.0,-0.0315978108456971,3.5049878281745297,25.260819823142377,250,25,6682,3.508028985018976,2.0,0.3007812126151387,0.2280642318801518
exp3,69,0.5551166576006777,0.025581991067086918,0.0,-0.03778697493278845,1.8866986340245586,23.642530628992407,8,25,6715,1.1151484435054355,1.0,0.3479121516012906,0.015321187548043486
exp3,70,0.5550493675866371,0.025305649124417573,0.0,0.26875002575619367,2.4281699448387934,24.18400193980664,8,25,6748,2.067023185294179,1.0,0.34777257618453233,0.022936185482353433
exp3,71,0.5554729074113253,0.024577727851045283,0.0,-0.28919565205921116,1.870771275334443,23.626603270302294,8,25,6781,1.3533848673145632,1.0,0.3475635954498637,0.017227078938516504
exp3,72,0.5555423219759879,0.02456866069563557,0.0,0.06127768503230257,4.7222766893317845,26.478108684299634,8,25,6814,7.185426760800171,1.0,0.3474065784767226,0.06388341408640137
exp3,73,0.5557043857815637,0.024487709369682142,0.0,-0.23923362000818807,3.3748654503943936,25.130697445362244,8,25,6847,3.4969717977821553,1.0,0.34682434897413333,0.03437577438225724
exp3,74,0.5558469148208044,0.024278803389417347,0.0,-0.033817967242053916,2.002403125065721,23.75823512003357,250,25,7122,1.4318039722013693,2.0,0.2992053095641518,0.21145443177761095
exp3,75,0.5558308702170498,0.024461438359647536,0.0,-0.033817967242053916,2.6159863673340062,24.371818362301855,0,25,7147,1.083574687790635,0.0,0.3553249031275158,0.00866859750232508
exp3,76,0.5559094147515139,0.024495540712073938,0.0,-0.033817967242053916,2.184514939696235,23.940346934664085,0,25,7172,1.2732389435058256,0.0,0.35524679743275855,0.010185911548046604
exp3,77,0.5560783052822048,0.02456783277225194,0.0,-0.022333451796540595,1.7146719671214328,23.470503962089282,250,25,7447,1.3409421446215368,2.0,0.29722525362004243,0.2107275371569723
exp3,78,0.5562595313051,0.024183765245049393,0.0,-0.022333451796540595,3.704142562422849,25.459974557390698,0,25,7472,3.747717582591589,0.0,0.356194642272967,0.029981740660732715
exp3,79,0.5561864506196392,0.02470420153435582,0.0,0.010472873076193767,5.053017539245482,26.80884953421333,250,25,7747,6.7917214990000705,2.0,0.29529213684700234,0.2543337719920006
exp3,80,0.5560632891879402,0.024945864160715203,0.0,0.20966867284578816,2.5103413246095125,24.266173319577362,8,25,7780,1.2449185440986696,1.0,0.3500132513064169,0.016359348352789356
exp3,81,0.5562420123031159,0.024599770735350024,0.0,-0.20324429603608188,5.561544801499679,27.317376796467528,8,25,7813,6.030285880037296,1.0,0.349864682609001,0.054642287040298367
exp3,82,0.5564981266257844,0.0240714218121163,0.0,-0.10274622484138095,2.18962018003263,23.94545217500048,8,25,7846,1.70768297396564,1.0,0.3493684535003267,0.02006146379172512
exp3,83,0.5567509258990478,0.023934196039604005,0.0,-0.10274622484138095,2.020263160248583,23.77609515521643,0,25,7871,1.1563241029619693,0.0,0.3576379242745056,0.009250592823695754
exp3,84,0.5569045340485461,0.023426841031970458,0.0,0.0773653812038518,2.469521859341329,24.225353854309176,8,25,7904,1.072951713212092,1.0,0.34923141666572033,0.014983613705696735
exp3,85,0.5570335601243254,0.023551298183062896,0.0,-0.08471320021507238,3.5509359702418752,25.306767965209723,8,25,7937,3.9240175415774536,1.0,0.3490951826410511,0.03779214033261963
exp3,86,0.5572231041333587,0.02295393569820947,0.0,0.03966870638097174,3.899166285615858,25.65499828058371,250,25,8212,3.136687131479656,2.0,0.2934288157251482,0.22509349705183723
exp3,87,0.5571710963205276,0.023226948677720682,0.0,-0.06017617456381422,3.5303350609075905,25.28616705587544,250,25,8487,3.8338642485320533,2.0,0.2912219535488473,0.23067091398825643
exp3,88,0.55726437307987,0.02320005790982571,0.0,-0.060222409345877775,2.35695202296151,24.11278401792936,250,25,8762,0.9844903737477929,2.0,0.28895417520243516,0.20787592298998234
exp3,89,0.5574883498600078,0.02279604215672082,0.0,-0.04799531985073216,3.64949440141352,25.40532639638137,250,25,9037,3.204369456650103,2.0,0.28690411889708606,0.22563495565320082
exp3,90,0.557496462882739,0.02290961242781575,0.0,-0.01782890884390691,2.045720505225669,23.80155250019352,250,25,9312,1.5836927701895895,2.0,0.28467360554770277,0.2126695421615167
exp3,91,0.5574111037057161,0.023077313759233054,0.0,-0.01782890884390691,1.9466448878634504,23.7024768828313,0,25,9337,1.5115811927080582,0.0,0.3633242194388184,0.012092649541664465
exp3,92,0.5575593505501849,0.02273736626276235,0.0,0.024934212952089547,3.390007650403501,25.14583964537135,8,25,9370,3.7746516434086237,1.0,0.35417085765756795,0.03659721314726899
exp3,93,0.5575914035844763,0.022703671646438606,0.0,0.024934212952089547,3.94778815763574,25.70362015260359,0,25,9395,3.2455607928119283,0.0,0.3634032964610466,0.025964486342495423
exp3,94,0.557600417558652,0.022752125224138497,0.0,0.011656883350654158,3.7679203917981625,25.523752386766013,250,25,9670,3.9116280662890768,2.0,0.28285812582748,0.23129302453031259
exp3,95,0.5575282732200754,0.02292983000169535,0.0,0.011656883350654158,3.6432721662648277,25.399104161232678,0,25,9695,3.4459610135450207,0.0,0.36433652538592776,0.027567688108360168
exp3,96,0.5575325915379113,0.02262377096632695,0.0,0.09664911615740154,2.0049638777459684,23.760795872713818,8,25,9728,1.430299184405335,1.0,0.3552407657031007,0.01784239347524268
exp3,97,0.5573736663919989,0.02308369376751329,0.0,0.09664911615740154,1.9487563869818028,23.70458838194965,0,25,9753,1.2516409552317445,0.0,0.3641828185680844,0.010013127641853956
exp3,98,0.5573714805343644,0.023016861238830955,0.0,-0.0440783753214482,3.2067147979917787,24.96254679295963,250,25,10028,3.3447425221615985,2.0,0.280776243287077,0.22675794017729278
exp3,99,0.5572463946404408,0.022821545119802722,0.0,0.3521722109115462,2.632755406455449,24.388587401423298,8,25,10061,1.1650476333193043,1.0,0.35624464725705707,0.015720381066554434
exp3,100,0.5575400993142342,0.023012316202017713,0.0,-0.35956941448995494,2.4280614750551814,24.18389347002303,8,25,10094,1.5594983820903523,1.0,0.35610320545565516,0.01887598705672282
exp3,101,0.5574673511799201,0.023063984630661172,0.0,0.003879220888068735,3.581453820499367,25.337285815467215,250,25,10369,3.7342303590583743,2.0,0.2786512010394622,0.229873842872467
exp3,102,0.5576177442056163,0.022709792574084342,0.0,-0.09585214775009376,3.892848750623074,25.648680745590923,250,25,10644,3.361011009156828,2.0,0.276355531245811,0.2268880880732546
exp3,103,0.5575666119074795,0.022787705291647198,0.0,0.0022781257729809303,3.86411913147912,25.61995112644697,250,25,10919,3.1484398331975973,2.0,0.2740832437224216,0.2251875186655808
exp3,104,0.5576252043748875,0.022865359357623904,0.0,0.0022781257729809303,2.287800300939305,24.043632295907155,0,25,10944,1.2499917992218057,0.0,0.368876979629215,0.009999934393774446
exp3,105,0.557919925337462,0.022147705020671538,0.0,-0.1378805823588972,2.291662267550336,24.047494262518185,8,25,10977,0.698054018350283,1.0,0.3593518386129604,0.011984432146802265
exp3,106,0.557992144826479,0.022040360459992803,0.0,0.004107890852588941,2.5719929445400327,24.32782493950788,250,25,11252,1.2660658026678515,2.0,0.27190459364301284,0.21012852642134283
exp3,107,0.5578734790300754,0.022276288931414645,0.0,0.0059589470599238975,1.9281116700753875,23.683943665043238,250,25,11527,1.2984215448392362,2.0,0.26978837087821705,0.21038737235871388
exp3,108,0.5577077366291946,0.02252926719137549,0.0,0.0059589470599238975,2.309898613390242,24.06573060835809,0,25,11552,0.8643925754723881,0.0,0.3710002444563904,0.006915140603779105
exp3,109,0.5576217821469365,0.022708782488132684,0.0,0.0059589470599238975,6.356702403114953,28.1125343980828,0,25,11577,12.662748827190601,0.0,0.3709394136742434,0.1013019906175248
exp3,110,0.5576106483589528,0.022689144920631454,0.0,-0.025968676437374202,2.2181773065374712,23.97400930150532,250,25,11852,1.2360406301311648,2.0,0.26806567836215844,0.20988832504104932
exp3,111,0.5577027322846783,0.02257849807756629,0.0,-0.1257955158191054,3.323395216275769,25.07922721124362,8,25,11885,3.685897454198566,1.0,0.36293512361921676,0.03588717963358853
exp3,112,0.5577513700715321,0.022610954038869258,0.0,0.04224550851257655,8.705868468538496,30.461700463506347,250,25,12160,16.71784999801923,2.0,0.26607430776371555,0.33374279998415385
exp3,113,0.5577677739431369,0.022800733779668403,0.0,0.04224550851257655,2.4862916614610597,24.24212365642891,0,25,12185,0.9986044776581847,0.0,0.37302054269626966,0.007988835821265477
exp3,114,0.5577597962601546,0.022537634383013816,0.0,0.1989664766597478,2.5324774425773025,24.288309437545152,8,25,12218,1.9506274222772937,1.0,0.3643252025446722,0.02200501937821835
exp3,115,0.5576710821580889,0.02256591444201994,0.0,0.1989664766597478,3.4404434413285925,25.196275436296443,0,25,12243,3.8506694665910377,0.0,0.37306604186861614,0.0308053557327283
exp3,116,0.5576583825484092,0.0224016959891018,0.0,0.1989664766597478,3.6016829243117305,25.35751491927958,0,25,12268,1.9065119003400925,0.0,0.3727959582431925,0.01525209520272074
exp3,117,0.5576469935708113,0.02204332737496817,0.0,0.1989664766597478,3.587020615041829,25.34285261000968,0,25,12293,3.086827597209042,0.0,0.37266217000996693,0.024694620777672337
exp3,118,0.5577822429529679,0.02184800284203503,0.0,0.08735867676139782,3.2713610103808435,25.027193005348693,8,25,12326,3.1659174136720103,1.0,0.3644924944747008,0.03172733930937609
exp3,119,0.5577934511022283,0.021583211646368006,0.0,0.09910759237152744,1.9529215109406592,23.708753505908508,8,25,12359,1.613445667938041,1.0,0.36421061338477534,0.019307565343504328
exp3,120,0.5580227132500121,0.021048075042305103,0.0,0.009597706869791375,5.480685148189429,27.23651714315728,250,25,12634,7.61945650685664,2.0,0.26324783103212274,0.2609556520548531
exp3,121,0.5581225556738858,0.02087404067730958,0.0,0.009597706869791375,3.909435849149441,25.66526784411729,0,25,12659,3.458664683090332,0.0,0.37405613417882244,0.027669317464722655
exp3,122,0.558195940021033,0.020675811795812793,0.0,0.009597706869791375,2.0209154372578904,23.77674743222574,0,25,12684,1.3563314498896382,0.0,0.3738139171674062,0.010850651599117106
exp3,123,0.558221116645709,0.02068065866510027,0.0,0.009597706869791375,1.8514533795893195,23.60728537455717,0,25,12709,1.2875208604138388,0.0,0.3737188868521431,0.01030016688331071
exp3,124,0.5584159406537182,0.02011481469694265,0.0,0.009597706869791375,3.7707617312714157,25.526593726239266,0,25,12734,3.5836742851307357,0.0,0.37362866403379463,0.028669394281045885
exp3,125,0.5586128939916888,0.019775805508973177,0.0,-0.0815033281429597,2.2758732956013663,24.031705290569214,8,25,12767,1.9705803294225441,1.0,0.36574828327859527,0.02216464263538035
exp3,126,0.5586591998668338,0.01951764132469358,0.0,-0.03011087615157277,1.7964403761418266,23.552272371109677,250,25,13042,1.1207208010838239,2.0,0.26095419378791546,0.2089657664086706
exp3,127,0.5588003693983822,0.01932129573775654,0.0,-0.04047122783250321,1.9421704990088047,23.698002493976652,250,25,13317,1.2306812358481565,2.0,0.25882228343344027,0.20984544988678527
exp3,128,0.5589799828792362,0.01877161331122934,0.0,-0.013204722208681555,3.8402191825396157,25.596051177507466,250,25,13592,3.500682687718247,2.0,0.25667614947984574,0.228005461501746
exp3,129,0.5586289985619854,0.019407204968312608,0.0,0.3210207230052846,3.3059035102389376,25.061735505206787,8,25,13625,4.434173720089251,1.0,0.3688222470350425,0.04187338976071401
exp3,130,0.558667660654169,0.019456856890173846,0.0,-0.028319085306034497,2.3902328515677422,24.14606484653559,250,25,13900,1.1758700445492238,2.0,0.25448631456413684,0.2094069603563938
exp3,131,0.5587983583345353,0.019183775932862912,0.0,0.024790041822534557,1.7416366318661796,23.497468626834028,8,25,13933,1.2229762127382608,1.0,0.36951592689262547,0.01618380970190609
exp3,132,0.5587931140476964,0.01895195423166407,0.0,0.07748763601246506,1.9245932139493738,23.680425208917224,8,25,13966,1.106515790213791,1.0,0.36937323991042165,0.01525212632171033
exp3,133,0.5587620873751771,0.01888968425329285,0.0,0.07748763601246506,2.3959355842398677,24.151767579207718,0,25,13991,1.2221527041703046,0.0,0.3783176411301513,0.009777221633362438
exp3,134,0.5588932974841326,0.018502555599856252,0.0,0.07748763601246506,3.2932948948591663,25.049126889827015,0,25,14016,3.8897304167377635,0.0,0.3782326161793153,0.031117843333902107
exp3,135,0.5590679905968315,0.017993227130709943,0.0,-0.015762711689434945,3.561111810041885,25.316943805009736,250,25,14291,3.763349022233693,2.0,0.2525863897856428,0.23010679217786953
exp3,136,0.5591333039888935,0.017762637272864645,0.0,-0.015762711689434945,4.812702346419431,26.56853434138728,0,25,14316,7.407862229467114,0.0,0.379160737454627,0.05926289783573692
exp3,137,0.559196209572872,0.01749605632513007,0.0,-0.015762711689434945,2.199330668446142,23.95516266341399,0,25,14341,1.1771812441711136,0.0,0.378646177596313,0.00941744995336891
exp3,138,0.5593953748734609,0.016968481555992065,0.0,-0.015762711689434945,2.4751493454551987,24.23098134042305,0,25,14366,1.2523491655205197,0.0,0.3785643237143015,0.010018793324164157
exp3,139,0.5594744276699578,0.016787354589560155,0.0,-0.007692102862520544,3.5542853315963154,25.310117326564164,250,25,14641,3.5130770667054536,2.0,0.25048919045789425,0.22810461653364364
exp3,140,0.5594626868701531,0.016657569001876538,0.0,-0.007692102862520544,1.1609005044365754,22.916732499404425,0,25,14666,0.6282071821775399,0.0,0.3796665814336187,0.005025657457420319
exp3,141,0.5595078132365631,0.016330684566050246,0.0,-0.007692102862520544,5.045484849447937,26.801316844415787,0,25,14691,7.211913142859037,0.0,0.3796229694823386,0.057695305142872286
exp3,142,0.5595372716827173,0.01615986217996901,0.0,-0.007692102862520544,2.087487102089108,23.843319097056956,0,25,14716,1.3038888651319525,0.0,0.3791223831794643,0.01043111092105562
exp3,143,0.5596709267190467,0.015851498454836688,0.0,-0.004993362472915243,3.291623595831066,25.047455590798915,250,25,14991,3.3149971371948594,2.0,0.24838560532277978,0.22651997709755886
exp3,144,0.5598727614351661,0.015231340626086998,0.0,-0.023547793422588868,3.574753273170522,25.33058526813837,250,25,15266,3.5558569785352176,2.0,0.24604207336854064,0.22844685582828173
exp3,145,0.5599293921370226,0.015346743552928754,0.0,-0.023547793422588868,2.6435299358237656,24.399361930791613,0,25,15291,1.338163165767088,0.0,0.3814093400445698,0.010705305326136704
exp3,146,0.559887178109949,0.015345019043005892,0.0,0.030294819288474946,2.2410078818866817,23.99683987685453,250,25,15566,1.4327533860597963,2.0,0.24370858015516317,0.2114620270884784
exp3,147,0.5596917266476618,0.01565577783171246,0.0,0.14037131380679507,2.1978573921232387,23.95368938709109,8,25,15599,1.5327916509737254,1.0,0.37606487710868597,0.018662333207789806
exp3,148,0.5598005564690971,0.015510005679556516,0.0,-0.034951264697035016,2.1101755820890395,23.866007577056887,8,25,15632,1.517394747572374,1.0,0.37590201434443093,0.01853915798057899
exp3,149,0.5597152694885285,0.015700204630998527,0.0,0.004197262001845379,4.24679626644237,26.00262826141022,250,25,15907,3.245283448719981,2.0,0.24163296030173362,0.22596226758975985
exp3,150,0.5597664257111024,0.015428326984871732,0.0,0.004197262001845379,3.450288244893969,25.206120239861818,0,25,15932,3.291482763300743,0.0,0.38381550852953455,0.026331862106405944
exp3,151,0.559775564176247,0.015235444207343463,0.0,0.08749661779699397,2.3141354072749047,24.069967402242753,8,25,15965,0.9455060791448398,1.0,0.3770466944908639,0.013964048633158718
exp3,152,0.5597081384318398,0.015290540439080402,0.0,0.1724550086003243,2.1204503597463367,23.876282354714185,8,25,15998,1.210753657482199,1.0,0.3769250183776734,0.016086029259857592
exp3,153,0.56021308904616,0.014374973151044634,0.0,-0.3562547219337685,1.895588731109068,23.651420726076918,8,25,16031,0.9269851877713573,1.0,0.37678482683708625,0.013815881502170857
exp3,154,0.5606026052279817,0.013746621378846302,0.0,-0.19305452099684173,4.021959933104314,25.777791928072162,8,25,16064,2.4814248002936923,1.0,0.37666439199898166,0.026251398402349534
exp3,155,0.5605920186133786,0.013797236722132067,0.0,0.06267327283119882,1.8407590093663229,23.596591004334172,250,25,16339,1.1973799940041665,2.0,0.23959613271624514,0.20957903995203334
exp3,156,0.5606979352906621,0.013629210530106461,0.0,0.06267327283119882,2.18130532046001,23.937137315427858,0,25,16364,1.2947212413961355,0.0,0.38507445468984547,0.010357769931169086
exp3,157,0.5606234737830237,0.013728227641338964,0.0,0.06267327283119882,4.009193547645559,25.765025542613408,0,25,16389,3.790999468803697,0.0,0.3849853455778658,0.030327995750429576
exp3,158,0.5610729736780852,0.013178048374209883,0.0,-0.38271651105702276,5.482054431027245,27.237886425995093,8,25,16422,4.614459182444258,1.0,0.37773596626149736,0.04331567345955407
exp3,159,0.5610127947236004,0.013282704338034801,0.0,0.012103773852246154,3.3332387043403293,25.089070699308177,250,25,16697,3.247289497218306,2.0,0.23768132627605504,0.22597831597774648
exp3,160,0.5610571723461597,0.013392612196652443,0.0,0.012103773852246154,4.062084572952153,25.81791656792,0,25,16722,3.687109219151841,0.0,0.3861545322235317,0.02949687375321473
exp3,161,0.5609645726603922,0.01375753110721012,0.0,0.012103773852246154,2.034858489601056,23.790690484568906,0,25,16747,1.356639775081487,0.0,0.3859012274761139,0.010853118200651896
exp3,162,0.5610906788629021,0.013625372784652368,0.0,0.012103773852246154,2.099746226350414,23.855578221318265,0,25,16772,1.2605539812927882,0.0,0.38580798090350044,0.010084431850342305
exp3,163,0.5612133476499653,0.013394826080056599,0.0,0.012103773852246154,2.1170809068355663,23.872912901803417,0,25,16797,1.1365948508086778,0.0,0.3857213253750922,0.009092758806469422
exp3,164,0.5612374653795045,0.013201399842310946,0.0,0.012103773852246154,3.669812928076303,25.425644923044153,0,25,16822,3.2957310883285142,0.0,0.3856431800852365,0.026365848706628114
exp3,165,0.5614674879274885,0.012828627261298853,0.0,-0.004558220429691536,2.0732449144423946,23.829076909410244,8,25,16855,1.2743924041584433,1.0,0.37898869155271436,0.016595139233267546
exp3,166,0.5615444420178621,0.012829146317583251,0.0,0.04776668730106905,2.1074710971005626,23.863303092068413,250,25,17130,1.2324873589514351,2.0,0.2356485659516804,0.20985989887161147
exp3,167,0.561531369072123,0.012939517574281467,0.0,0.04776668730106905,3.406834488044039,25.16266648301189,0,25,17155,3.5378810602964927,0.0,0.3866177716632919,0.02830304848237194
exp3,168,0.5615714904327332,0.012891113489603812,0.0,0.04776668730106905,1.8151391299064916,23.57097112487434,0,25,17180,1.1129538181877892,0.0,0.3863748986674898,0.008903630545502313
exp3,169,0.5617546198133652,0.012675393170733518,0.0,0.01810813258040925,5.166836594840191,26.92266858980804,250,25,17455,6.791596816142671,2.0,0.2335663976287128,0.2543327745291414
exp3,170,0.561199646767101,0.01377631240989241,0.0,0.27114717435086594,1.8124359825246792,23.56826797749253,8,25,17488,2.3071406776352315,1.0,0.3814600659300895,0.02485712542108185
exp3,171,0.5612661921356862,0.01366248558939509,0.0,-0.009953371049636856,3.08900903528511,24.844841030252958,250,25,17763,4.077468052004859,2.0,0.23097314731493007,0.23261974441603886
exp3,172,0.5614537516613464,0.01323216141691863,0.0,-0.17314156448754317,4.071956099958178,25.827788094926028,8,25,17796,3.4193072711268067,1.0,0.38245991918315386,0.03375445816901445
exp3,173,0.5615877464698817,0.012918870109742797,0.0,0.028966819241466556,2.6737924775457755,24.429624472513623,250,25,18071,1.2039248490028829,2.0,0.22862765216243694,0.20963139879202308
exp3,174,0.5615919943980002,0.013193685614610429,0.0,-0.06532863855573473,2.425523636217326,24.181355631185177,250,25,18346,1.2251686316338677,2.0,0.22641220546135368,0.20980134905307093
exp3,175,0.5616907453381116,0.013085179411354897,0.0,-0.06389407577101816,4.548439193168337,26.304271188136184,8,25,18379,6.260127763258312,1.0,0.38436613779302947,0.056481022106066495
exp3,176,0.561656639651771,0.013180920042010769,0.0,-0.14539106563521043,1.9392480555131415,23.69508005048099,8,25,18412,1.3550799148850823,1.0,0.3838797695284241,0.01724063931908066
exp3,177,0.5619305981064164,0.01280432803831788,0.0,-0.2678302648298801,3.3301635702023655,25.085995565170215,8,25,18445,2.8628767353199023,1.0,0.38373116650361794,0.029303013882559216
exp3,178,0.5620674099135762,0.01248306545256006,0.0,-0.2678302648298801,4.216378973987585,25.972210968955434,0,25,18470,6.102890297752962,0.0,0.392014244612023,0.0488231223820237
exp3,179,0.5622165302679784,0.012274935390755526,0.0,-0.05404404286882394,3.799246072028362,25.55507806699621,8,25,18503,3.2226185155510336,1.0,0.38374321951937473,0.03218094812440827
exp3,180,0.5622372171382687,0.012335622345057917,0.0,-0.05404404286882394,2.584256857862243,24.340088852830092,0,25,18528,1.5690825708193468,0.0,0.39177711744741883,0.012552660566554774
exp3,181,0.5624479730987689,0.011922460611438424,0.0,0.11205742052156484,2.3974663701252115,24.15329836509306,8,25,18561,1.5326211080820804,1.0,0.3835338525589251,0.018660968864656645
exp3,182,0.5624753355606485,0.011803534770401525,0.0,0.02065645387970864,2.1113590730789733,23.86719106804682,8,25,18594,1.2805521603239418,1.0,0.3833729192068395,0.016644417282591535
exp3,183,0.5623871863278183,0.011982063062436876,0.0,0.020190184270659595,3.4288174463606795,25.184649441328528,8,25,18627,3.1557944508796596,1.0,0.38322933852996055,0.031646355607037276
exp3,184,0.5624465734697474,0.011941411396760637,0.0,-0.009825170276329126,2.2315783809994856,23.987410375967336,250,25,18902,1.1206060542459473,2.0,0.22500257677753166,0.2089648484339676
exp3,185,0.5626269945426315,0.01148054543485344,0.0,-0.009825170276329126,3.6581083417968454,25.413940336764696,0,25,18927,3.412058349303737,0.0,0.3931628877441397,0.027296466794429895
exp3,186,0.5629747538210275,0.01078043265367723,0.0,-0.11793633552187777,3.9929990339564854,25.748831028924336,8,25,18960,3.32800152045056,1.0,0.3841993010474813,0.03302401216360448
exp3,187,0.5630469619901831,0.010649417859567079,0.0,-0.11793633552187777,2.343323262074055,24.099155257041904,0,25,18985,2.5589789896151625,0.0,0.3931145993298882,0.0204718319169213
exp3,188,0.5631629481556063,0.010490011231776286,0.0,-0.11793633552187777,3.030084051537586,24.785916046505434,0,25,19010,3.020300459805908,0.0,0.3929407614238293,0.024162403678447266
exp3,189,0.5632145701096515,0.01037042003393418,0.0,-0.11793633552187777,1.9102258406691406,23.66605783563699,0,25,19035,1.369950505020619,0.0,0.39273552952034013,0.010959604040164952
exp3,190,0.5635284976367099,0.009919958909291093,0.0,-0.11793633552187777,3.943670444203224,25.699502439171074,0,25,19060,3.86079730097062,0.0,0.3926424043117222,0.03088637840776496
exp3,191,0.5635482287338927,0.00987536816124901,0.0,-0.11793633552187777,1.7798795053202936,23.535711500288144,0,25,19085,0.8714750452903899,0.0,0.39237993916915254,0.006971800362323119
exp3,192,0.5637874626155186,0.009967179406466742,0.0,-0.1961128121673588,2.0857044023067486,23.8415363972746,8,25,19118,2.2013980966757685,1.0,0.38442238397728873,0.024011184773406146
exp3,193,0.563857801073549,0.010083903157734775,0.0,-0.1961128121673588,2.4334620184014,24.18929401336925,0,25,19143,0.9605063856385173,0.0,0.3924538594894578,0.007684051085108138
exp3,194,0.5640772465381468,0.010686836886142359,0.0,-0.1961128121673588,3.975959754416246,25.731791749384094,0,25,19168,5.098068294182209,0.0,0.39238853625912107,0.04078454635345767
exp3,195,0.564316997351803,0.010914951479532808,0.0,-0.13815722249125437,1.8021449881878167,23.557976983155665,8,25,19201,1.9785124902429072,1.0,0.3844789336745842,0.02222809992194326
exp3,196,0.5645371969280403,0.010376346011000903,0.0,0.13986762323769608,2.758836959943568,24.514668954911418,8,25,19234,1.2863629451716807,1.0,0.38428752980641157,0.016690903561373448
exp3,197,0.564485163193697,0.010361091701528546,0.0,0.031362094637592326,3.3253402666377094,25.08117226160556,250,25,19509,3.7136977940903693,2.0,0.22359864512020441,0.22970958235272296
exp3,198,0.5648059442497856,0.010105315923830904,0.0,0.05079566034818613,3.949744275350651,25.7055762703185,250,25,19784,3.4420701903944706,2.0,0.2211595886657447,0.22753656152315577
exp3,199,0.5649065804230425,0.009767935993714838,0.0,0.05079566034818613,1.9121583286141806,23.66799032358203,0,25,19809,1.2455434144775597,0.0,0.39471446432736434,0.009964347315820478
exp3,200,0.56462880047299,0.009405149232450283,0.0,0.10701246360585767,2.350417367062061,24.10624936202991,8,25,19842,1.466217237543552,1.0,0.38660233152997925,0.018129737900348417
exp3,201,0.564485523639092,0.008872646145738239,0.0,0.10701246360585767,2.0636741903444666,23.819506185312317,0,25,19867,1.2304438200576928,0.0,0.39473127932268914,0.009843550560461541
exp3,202,0.5643163568040823,0.008779491495336189,0.0,0.10701246360585767,2.046221025944826,23.802053020912673,0,25,19892,1.1777262132774198,0.0,0.3946479094270035,0.009421809706219359
exp3,203,0.5642266123748978,0.008524036281189806,0.0,0.10701246360585767,4.199034556609269,25.95486655157712,0,25,19917,2.834875938310543,0.0,0.39456810043752044,0.02267900750648434
exp3,204,0.5644957747755104,0.008277167790815554,0.0,0.10701246360585767,3.509524476168172,25.26535647113602,0,25,19942,3.9702215847332463,0.0,0.39437597874205066,0.031761772677865965
exp3,205,0.564672591527995,0.00793772507494217,0.0,0.10701246360585767,4.069293717156688,25.82512571212454,0,25,19967,3.6388342481872806,0.0,0.3941068385148999,0.02911067398549825
exp3,206,0.5646658798816622,0.008021374269827852,0.0,0.10701246360585767,2.3883823874437824,24.144214382411633,0,25,19992,1.316447704723828,0.0,0.39386005184585793,0.010531581637790626
exp3,207,0.5647696075769557,0.008775989171623366,0.0,-0.20112744026245125,1.850002935489184,23.605834930457032,8,25,20025,1.5690925952776416,1.0,0.3870667729655383,0.018952740762221133
exp3,208,0.5649144481663023,0.008645961598127805,0.0,-0.20112744026245125,5.3404642673393194,27.09629626230717,0,25,20050,6.313363938342951,0.0,0.39387629776502864,0.0505069115067436
exp3,209,0.565061209257099,0.008865075428884706,0.0,-0.20112744026245125,2.5623755172963287,24.318207512264177,0,25,20075,3.15292595285207,0.0,0.3934479976082447,0.02522340762281656
exp3,210,0.5649979816985,0.008910517110464977,0.0,-0.047882886179980454,3.440645477634303,25.19647747260215,250,25,20350,3.717410638652067,2.0,0.21944728509550873,0.22973928510921654
exp3,211,0.5650859210269261,0.008933778793943747,0.0,-0.047882886179980454,2.0107261269409884,23.766558121908837,0,25,20375,0.8503659346473011,0.0,0.39446823502496503,0.00680292747717841
exp3,212,0.5653350371952606,0.009329605874817681,0.0,-0.047882886179980454,2.6470358199040884,24.40286781487194,0,25,20400,1.5762329491083142,0.0,0.3944105921768951,0.012609863592866513
exp3,213,0.5655618382893352,0.009441328837867302,0.0,-0.047882886179980454,5.510045068781795,27.265877063749645,0,25,20425,7.306605458813207,0.0,0.3943037380341417,0.05845284367050566
exp3,214,0.565607402648474,0.009522784120841066,0.0,0.05776714273225665,3.8089976597290525,25.5648296546969,8,25,20458,3.425517961400352,1.0,0.38896190409506526,0.03380414369120281
exp3,215,0.5657174968847923,0.009488297171803661,0.0,-0.14598139035145957,2.7415586048671643,24.497390599835015,8,25,20491,1.2405766462319725,1.0,0.3886729265030741,0.016324613169855777
exp3,216,0.5656074156077666,0.010367458148423436,0.0,-0.14598139035145957,2.3929425741467476,24.148774569114597,0,25,20516,1.519337892336368,0.0,0.39408775696528847,0.012154703138690945
exp3,217,0.5655634999925064,0.010506972680934368,0.0,0.012200122509160267,2.3943262927759204,24.15015828774377,250,25,20791,1.1965007808845423,2.0,0.21741517836493807,0.20957200624707634
exp3,218,0.565605401387391,0.00983563973657775,0.0,0.093900802276837,1.7796917151496583,23.53552371011751,8,25,20824,1.2894592685410573,1.0,0.3897119012863646,0.016715674148328457
exp3,219,0.5657097858217058,0.009376032451909544,0.0,0.093900802276837,2.539151158710157,24.294983153678007,0,25,20849,1.0549983453143443,0.0,0.3952059613417005,0.008439986762514754
exp3,220,0.565654751059854,0.009029728631179124,0.0,0.04432982821970558,3.8253751901794364,25.581207185147285,8,25,20882,3.667727180426438,1.0,0.38961570038743903,0.035741817443411504
exp3,221,0.5655604493189574,0.009000576111075076,0.0,-0.01969547913653877,3.1788205358072443,24.934652530775093,250,25,21157,3.2998788705805295,2.0,0.2153551395398942,0.22639903096464425
exp3,222,0.5653898948704349,0.009546443915120717,0.0,-0.20885780952835917,2.9249484723973462,24.680780467365196,8,25,21190,2.9049657275436136,1.0,0.3905125063071511,0.029639725820348906
exp3,223,0.5653783244015859,0.009323212418050342,0.0,0.04409537352409117,4.219618779262981,25.97545077423083,250,25,21465,3.5651949084426526,2.0,0.21301815515919323,0.22852155926754122
exp3,224,0.5653516944410558,0.00957761314563943,0.0,0.04409537352409117,4.559827730642203,26.315659725610054,0,25,21490,6.624014394709191,0.0,0.3979582276732297,0.05299211515767353
exp3,225,0.5654533587300498,0.009470344768136352,0.0,-0.0033320167075710835,2.0452364856373073,23.801068480605156,250,25,21765,0.9626777341378143,2.0,0.2107194772284047,0.2077014218731025
exp3,226,0.5655929839185877,0.009112464049818247,0.0,0.08700736764182869,2.125428724059451,23.8812607190273,8,25,21798,1.0372788864817275,1.0,0.3928771087559425,0.014698231091853819
exp3,227,0.5654057449623678,0.009345684087412764,0.0,-0.029024694950831317,0.9713484417955123,22.727180436763362,250,25,22073,0.30360271099650066,2.0,0.20852760501352394,0.20242882168797202
exp3,228,0.565416333192183,0.009743208176159035,0.0,-0.029024694950831317,0.9217398561275946,22.677571851095443,0,25,22098,0.40074050911127335,0.0,0.39981953707947715,0.0032059240728901867
exp3,229,0.5651475382769084,0.009259238537257852,0.0,-0.029024694950831317,3.573898571783063,25.32973056675091,0,25,22123,3.2405475467430254,0.0,0.3997926105018018,0.0259243803739442
exp3,230,0.5652677540204812,0.009229731577179878,0.0,-0.029024694950831317,3.5879726687155724,25.34380466368342,0,25,22148,3.3699846922874306,0.0,0.39957487931257213,0.026959877538299443
exp3,231,0.5654476083849966,0.00899578880035623,0.0,-0.029024694950831317,3.94976644356235,25.7055984385302,0,25,22173,3.0878903042914363,0.0,0.3993483705244881,0.02470312243433149
exp3,232,0.5656670990427419,0.009011924742524324,0.0,0.008868176727111111,5.493395184188553,27.249227179156403,250,25,22448,7.593857094396127,2.0,0.2065738605784913,0.260750856755169
exp3,233,0.5657688866809165,0.010656269852219236,0.0,-0.26076052047362763,2.5440481106213126,24.29988010558916,8,25,22481,1.4462383769784404,1.0,0.3956823576021508,0.017969907015827524
exp3,234,0.5657706432416946,0.009129432352277256,0.0,0.20904646087782244,1.1621138908253321,22.91794588579318,8,25,22514,0.9347781794661479,1.0,0.39553040337978423,0.013878225435729186
exp3,235,0.5658572666823741,0.009089657283642971,0.0,0.11249703877403948,1.97124225113987,23.72707424610772,8,25,22547,1.3758600617829881,1.0,0.39541301750688607,0.017406880494263904
exp3,236,0.5656768117543256,0.0083431276777709,0.0,0.11249703877403948,4.3251396222058816,26.08097161717373,0,25,22572,3.4065616628264532,0.0,0.4008351427453271,0.027252493302611626
exp3,237,0.565860349272707,0.012290034131162142,0.0,-0.5505309299585585,3.735766475124651,25.4915984700925,8,25,22605,3.491617355794129,1.0,0.3954183613140048,0.03433293884635304
exp3,238,0.5661481908396813,0.017699463112501368,0.0,-0.5505309299585585,4.083778021851217,25.839610016819066,0,25,22630,3.352558485289658,0.0,0.4008014930340276,0.02682046788231726
exp3,239,0.5662914768994022,0.01831605968905692,0.0,-0.0725846329201399,4.117508491130889,25.873340486098737,8,25,22663,3.495209809838957,1.0,0.395278061407302,0.03436167847871165
exp3,240,0.5662315183918366,0.019543091345102903,0.0,-0.0725846329201399,3.6784904409719386,25.434322435939787,0,25,22688,3.32952798713732,0.0,0.4007715978056319,0.02663622389709856
exp3,241,0.5664137402475372,0.022313334838125587,0.0,-0.28804373491195595,1.9357437878622927,23.691575782830142,8,25,22721,0.8802453357942981,1.0,0.39513636482962294,0.013441962686354387
exp3,242,0.5664330532898233,0.0201085692704146,0.0,0.19000611754332908,5.217734168739132,26.97356616370698,8,25,22754,6.872830273361563,1.0,0.39502259530152534,0.06138264218689251
exp3,243,0.5664650986674834,0.01966473159516524,0.0,0.04248400113437106,4.1189326285585555,25.874764623526403,250,25,23029,2.988151279479492,2.0,0.2045240944498844,0.22390521023583593
exp3,244,0.5661332285210932,0.02130293363564939,0.0,-0.153123148249808,2.43519795822791,24.19102995319576,8,25,23062,1.2810788923952954,1.0,0.3957032406863347,0.016648631139162363
exp3,245,0.5660928616242575,0.022650531710908584,0.0,-0.153123148249808,3.1649983472310024,24.92083034219885,0,25,23087,3.5790749731928635,0.0,0.40228833419122983,0.028632599785542907
exp3,246,0.5661115369552556,0.023184226618687354,0.0,-0.04985362672303679,1.934190447631004,23.690022442598853,250,25,23362,0.9220915373347311,2.0,0.20222820606718842,0.20737673229867784
exp3,247,0.5659905514124318,0.024733122259017915,0.0,-0.16321613287627976,1.0012417572657575,22.757073752233605,8,25,23395,0.5747827369160018,1.0,0.39683741758768576,0.010998261895328015
exp3,248,0.5660764612035398,0.02481199637406384,0.0,-0.03325323986726056,3.8589259251904675,25.61475792015832,250,25,23670,3.5926397622323556,2.0,0.20001073511376652,0.22874111809785883
exp3,249,0.5662356122425537,0.024746317520855987,0.0,-0.03325323986726056,1.7837284439797783,23.53956043894763,0,25,23695,1.6258483031763846,0.0,0.4044964408087312,0.013006786425411077
exp3,250,0.5660043081152185,0.02480785313487832,0.0,-0.03325323986726056,1.9234883227733508,23.6793203177412,0,25,23720,0.9427532576067301,0.0,0.4043880475245228,0.0075420260608538405
exp3,251,0.5660305053455371,0.02514968875768553,0.0,-0.041049878314964136,4.061513463978781,25.81734545894663,250,25,23995,3.119859638679256,2.0,0.19758345949109107,0.22495887710943405
exp3,252,0.5661096944389229,0.026934349930030743,0.0,-0.17059319554159824,2.1225051640863604,23.878337159054208,8,25,24028,1.4448851131679192,1.0,0.39930490372416005,0.017959080905343355
exp3,253,0.5660412392292005,0.02848539409564088,0.0,-0.17059319554159824,2.995125756825565,24.750957751793415,0,25,24053,2.8498614035250838,0.0,0.4056617260846463,0.022798891228200672
exp3,254,0.5663450785696275,0.025473874617197745,0.0,0.306840821328519,2.291829241011555,24.047661235979405,8,25,24086,1.5662897692262048,1.0,0.3992829734618629,0.01893031815380964
exp3,255,0.5663600756422574,0.022613886883395606,0.0,0.306840821328519,2.5111485986352657,24.266980593603115,0,25,24111,1.5482972471354535,0.0,0.4055809367782276,0.012386377977083628
exp3,256,0.5665183481960628,0.022405898250833278,0.0,0.013777482174752234,2.546687922363922,24.30251991733177,250,25,24386,1.1917784565561726,2.0,0.1953281576927801,0.2095342276524494
exp3,257,0.5666988311038589,0.022564947140956026,0.0,0.0028449052086432502,2.3507715550852373,24.106603550053087,250,25,24661,1.2341342646247704,2.0,0.19304397102990292,0.20987307411699815
exp3,258,0.5667814998097164,0.02297961726860942,0.0,-0.054445540195896966,3.357556130692733,25.11338812566058,8,25,24694,4.164339092568037,1.0,0.40146358728868464,0.03971471274054429
exp3,259,0.5667314949208874,0.02120223640727692,0.0,0.2062985017606682,2.001882301368873,23.757714296336722,8,25,24727,1.6668954331741805,1.0,0.4011309740837929,0.019735163465393443
exp3,260,0.5667956701826413,0.01903959257983412,0.0,0.2062985017606682,1.9230040663665247,23.678836061334373,0,25,24752,1.4159018651383923,0.0,0.40812854933144266,0.011327214921107139
exp3,261,0.5669588872608298,0.017210202043169143,0.0,0.1401002012533106,3.288651832053771,25.04448382702162,8,25,24785,3.9703189569498765,1.0,0.4010300126836596,0.038162551655599015
exp3,262,0.5670782002971365,0.021132368770174992,0.0,-0.36336458017377343,4.4289432736731715,26.18477526864102,8,25,24818,3.607996020644933,1.0,0.4007101670966585,0.03526396816515946
exp3,263,0.5671394620790967,0.021995210327927506,0.0,-0.09059502394780129,3.9447537835623283,25.700585778530176,8,25,24851,4.157104873909777,1.0,0.4004144551013235,0.03965683899127821
exp3,264,0.5673185612809656,0.022346936854620303,0.0,-0.04000982791161703,3.9959195905594567,25.751751585527305,8,25,24884,3.6649197659862014,1.0,0.4000817480528362,0.03571935812788961
exp3,265,0.5673097632077768,0.022803280443003282,0.0,-0.04000982791161703,2.22772759394426,23.983559588912108,0,25,24909,1.474502969196503,0.0,0.40889656188861706,0.011796023753572023
exp3,266,0.5677422040355699,0.023354520677740576,0.0,-0.04000982791161703,2.689562643322745,24.445394638290594,0,25,24934,1.2249244269746162,0.0,0.40879898248834234,0.00979939541579693
exp3,267,0.5678844045035937,0.02306248710367831,0.0,0.036316591985619845,2.3439178286085225,24.09974982357637,250,25,25209,1.095006646666449,2.0,0.19137772079411614,0.20876005317333157
exp3,268,0.5681077030496827,0.01943840712833933,0.0,0.3569011132838374,2.1695232157232223,23.925355210691073,8,25,25242,2.1685325250382306,1.0,0.40103305890903584,0.023748260200305845
exp3,269,0.5680366318744899,0.01913335712111408,0.0,0.0349432651489913,1.7215406407937062,23.477372635761554,8,25,25275,1.2557456832390717,1.0,0.40083401245355094,0.016445965465912572
exp3,270,0.5678143399968821,0.018826383359306753,0.0,0.0349432651489913,3.7434498322231997,25.499281827191048,0,25,25300,3.40820412620607,0.0,0.4101061571765174,0.02726563300964856
exp3,271,0.5680182990331059,0.020555566636751954,0.0,-0.14345498353114008,5.073247066936528,26.829079061904377,8,25,25333,7.105722517238824,1.0,0.4008511093289744,0.0632457801379106
exp3,272,0.5682223436434528,0.022216354374911207,0.0,-0.14345498353114008,2.8190021763240036,24.574834171291855,0,25,25358,2.2543014007923796,0.0,0.4102487821013629,0.018034411206339036
exp3,273,0.5684279285198562,0.02402128218341104,0.0,-0.18168783221835003,4.677711289352655,26.433543284320503,8,25,25391,5.76626838525412,1.0,0.4004233460727234,0.05253014708203296
exp3,274,0.5684881070698299,0.024062396460672986,0.0,-0.013224570347121873,2.04765701090399,23.80348900587184,250,25,25666,1.8077947267188692,2.0,0.18961182622873546,0.21446235781375095
exp3,275,0.568546292638615,0.021894650141716543,0.0,0.21385823362130096,2.4336542253118814,24.18948622027973,8,25,25699,1.7878130138626358,1.0,0.40114127191448296,0.020702504110901087
exp3,276,0.5684011758593647,0.021874765525219608,0.0,0.0037187483519143167,2.2198392448067166,23.975671239774567,250,25,25974,1.1980791116848482,2.0,0.18731585794186775,0.20958463289347878
exp3,277,0.5685838343426456,0.02195492863087367,0.0,0.0037187483519143167,2.251083605230439,24.006915600198287,0,25,25999,1.2649906785207436,0.0,0.4128819179020221,0.010119925428165949
exp3,278,0.5686485160880442,0.021795210887719074,0.0,-0.009272108916536605,1.8776326172574718,23.63346461222532,250,25,26274,0.9927453566389123,2.0,0.18504168668543522,0.2079419628531113
exp3,279,0.5690569940134144,0.02250197345932692,0.0,-0.03358429669402694,3.599761732682865,25.355593727650714,8,25,26307,3.571645801519969,1.0,0.4032868979376305,0.03497316641215975
exp3,280,0.5691376055890074,0.021796575240447758,0.0,0.07282146062682335,3.5837334841783424,25.33956547914619,250,25,26582,2.851927320884413,2.0,0.18284256237110721,0.2228154185670753
exp3,281,0.5689872234512308,0.020663368043519537,0.0,0.07282146062682335,2.5270725746887006,24.28290456965655,0,25,26607,1.7861170735084082,0.0,0.4154060698523573,0.014288936588067267
exp3,282,0.5691306862112693,0.020595403088433106,0.0,0.02094793075848482,2.491098068227404,24.246930063195254,8,25,26640,1.1640382262818807,1.0,0.4042856362323062,0.015712305810255046
exp3,283,0.569062094664917,0.02047945482915281,0.0,0.02094793075848482,3.6123950145013106,25.36822700946916,0,25,26665,3.146944275372184,0.0,0.41538181453753753,0.025175554202977474
exp3,284,0.5691316719944781,0.020139403007032763,0.0,0.02094793075848482,3.9189119149784224,25.674743909946272,0,25,26690,3.622709679392511,0.0,0.4151758483709427,0.02898167743514009
exp3,285,0.5689375004374209,0.019648010429817675,0.0,0.02094793075848482,2.3304475560484583,24.086279551016307,0,25,26715,1.2395528507386173,0.0,0.4149386625536193,0.009916422805908938
exp3,286,0.5689546046062964,0.01975975287323184,0.0,-0.0011775710857534394,1.1402823220860465,22.896114317053897,250,25,26990,0.42975029871854054,2.0,0.1806201189769597,0.20343800238974832
exp3,287,0.5689043900169736,0.022514025518745817,0.0,-0.22577899729512835,2.452556906048567,24.208388901016416,8,25,27023,1.3713184258022224,1.0,0.4056296457929969,0.01737054740641778
exp3,288,0.5690031531137676,0.020152907684033772,0.0,0.2354507471890856,3.41439974019758,25.17023173516543,8,25,27056,4.727768583523493,1.0,0.4054851632225615,0.044222148668187945
exp3,289,0.5690756372832315,0.017467435607483872,0.0,0.2354507471890856,4.024775320454322,25.78060731542217,0,25,27081,3.2413679938904347,0.0,0.4163579408998472,0.025930943951123477
exp3,290,0.5691016692710372,0.014778873667906645,0.0,0.2354507471890856,1.9179964931805695,23.67382848814842,0,25,27106,1.4418727507597215,0.0,0.4161461497154217,0.011534982006077773
exp3,291,0.5690053464180748,0.012454129639237532,0.0,0.2354507471890856,3.1244428240546664,24.880274819022517,0,25,27131,1.6738490912182287,0.0,0.4160518996229063,0.013390792729745828
exp3,292,0.5690153561524232,0.010364550893241065,0.0,0.2354507471890856,4.032595846537613,25.788427841505463,0,25,27156,3.2045944555219403,0.0,0.41594246894826226,0.025636755644175523
exp3,293,0.568920718437556,0.010963553427780881,0.0,-0.05433134372413592,2.915627478922913,24.671459473890764,250,25,27431,3.106691982114064,2.0,0.17870956714863256,0.2248535358569125
exp3,294,0.568917258694927,0.01140289487105195,0.0,-0.05433134372413592,1.941479771898239,23.69731176686609,0,25,27456,1.5581349643943923,0.0,0.41698988432933165,0.012465079715155137
exp3,295,0.5689304527387707,0.011349223168526712,0.0,0.010697185969491244,2.3414057975296103,24.09723779249746,250,25,27731,1.12162589016451,2.0,0.17625722701467844,0.2089730071213161
exp3,296,0.5687058672872503,0.010990849440751682,0.0,0.010697185969491244,2.7216250145660297,24.47745700953388,0,25,27756,1.0940362038497637,0.0,0.41805863290137907,0.00875228963079811
exp3,297,0.5689753635321213,0.011089252740852928,0.0,0.010697185969491244,2.456784536816521,24.21261653178437,0,25,27781,1.1317241339309796,0.0,0.4179873537658961,0.009053793071447836
exp3,298,0.5690283839969789,0.01038876193791427,0.0,0.010697185969491244,2.2561916031618257,24.012023598129673,0,25,27806,1.1796317703576429,0.0,0.4179136101788322,0.009437054162861143
exp3,299,0.5691838851634172,0.009999017567858814,0.0,0.010697185969491244,3.8719544656048335,25.627786460572683,0,25,27831,4.306066359713219,0.0,0.4178367352315818,0.03444853087770575
exp3,300,0.5691752978129203,0.0074666051393798005,0.0,0.31280572568095183,3.653328536857576,25.409160531825425,8,25,27864,4.550889058804356,1.0,0.4083535121106514,0.042807112470434845
exp3,301,0.5691424215189124,0.008133010993755185,0.0,-0.10238849301217429,1.0872798842354368,22.843111879203285,8,25,27897,0.6309759808499447,1.0,0.4079991119564504,0.011447807846799557
exp3,302,0.5695010107488079,0.00883021416673846,0.0,-0.10238849301217429,1.8777740710914619,23.63360606605931,0,25,27922,1.5667215047330356,0.0,0.41787794950558466,0.012533772037864285
exp3,303,0.56968910568329,0.009314042336985628,0.0,-0.04759829527138118,2.5654097054823795,24.32124170045023,250,25,28197,0.9484252923319658,2.0,0.17424725723478066,0.20758740233865575
exp3,304,0.5695621080096117,0.009695853662351483,0.0,-0.025200840308123387,3.8914022015138845,25.647234196481733,250,25,28472,3.3596464697873865,2.0,0.17194761268240433,0.22687717175829908
exp3,305,0.5695391037161162,0.01020772415910276,0.0,-0.025200840308123387,2.699535666530511,24.45536766149836,0,25,28497,0.9569463358869298,0.0,0.4202131949097857,0.007655570687095438
exp3,306,0.5695090049740992,0.010082648242137116,0.0,-0.025200840308123387,4.254418864651191,26.010250859619042,0,25,28522,4.189283594987319,0.0,0.4201510787893234,0.03351426875989855
exp3,307,0.5696672849369881,0.010332808159182472,0.0,-0.025200840308123387,2.934146051394594,24.689978046362445,0,25,28547,3.0676232215182826,0.0,0.419879138520187,0.02454098577214626
exp3,308,0.569458823372283,0.006195521026359341,0.0,0.4709233768009818,2.0415852982367704,23.79741729320462,8,25,28580,2.770046812162493,1.0,0.4107383310533316,0.028560374497299944
exp3,309,0.5692508857642733,0.006291136868503466,0.0,0.005904487541966032,1.878951478508624,23.634783473476475,8,25,28613,1.1546454118878673,1.0,0.4105028202256026,0.01563716329510294
exp3,310,0.5692330628927013,0.006486127331007285,0.0,-0.04040479311567192,4.01280094064785,25.7686329356157,8,25,28646,2.9210612219052194,1.0,0.41037381853317106,0.02976848977524176
exp3,311,0.5691608527263936,0.006997875161983802,0.0,-0.07526635400586766,2.1148758000339147,23.870707795001763,8,25,28679,1.2005184431737244,1.0,0.4101281948046291,0.016004147545389796
exp3,312,0.5687919879343006,0.005313310466136922,0.0,0.224877830337824,1.8174700539302546,23.573302048898103,8,25,28712,1.902562983885824,1.0,0.4099960819641903,0.02162050387108659
exp3,313,0.5688488487803024,0.004929244966897395,0.0,0.224877830337824,2.1327568948097984,23.888588889777647,0,25,28737,0.956382559108737,0.0,0.4203458753947748,0.0076510604728698955
exp3,314,0.568832362994461,0.004709488745254009,0.0,0.02366709083877157,4.411715198109117,26.167547193076967,8,25,28770,3.412942826287898,1.0,0.4098621316154672,0.033703542610303186
exp3,315,0.568800459339286,0.004503140059044619,0.0,0.02366709083877157,4.330514342828965,26.086346337796815,0,25,28795,3.6660095384988085,0.0,0.4204851047234208,0.029328076307990468
exp3,316,0.5688583116203826,0.004948715614483068,0.0,0.02366709083877157,2.2201305146208083,23.97596250958866,0,25,28820,1.1209981642076339,0.0,0.420247266729622,0.00896798531366107
exp3,317,0.5690000762738356,0.00486573146478908,0.0,-0.011584505699103435,4.881131204524403,26.63696319949225,250,25,29095,6.858071960526937,2.0,0.17001876288998297,0.2548645756842155
exp3,318,0.5689210440242694,0.004756648239519157,0.0,-0.011584505699103435,3.633949200639954,25.389781195607803,0,25,29120,3.2982678821715457,0.0,0.4216065061207906,0.026386143057372365
exp3,319,0.5689186129318219,0.005169566256866598,0.0,-0.011584505699103435,2.4317604368887427,24.187592431856594,0,25,29145,1.36624403251684,0.0,0.42139293961796837,0.010929952260134719
exp3,320,0.568686828986445,0.0050089106386783655,0.0,-0.011584505699103435,2.795185165088493,24.551017160056343,0,25,29170,1.3362311702242984,0.0,0.4213044374910649,0.010689849361794387
exp3,321,0.5689754422328942,0.005037785296319819,0.0,-0.011584505699103435,2.200225283911779,23.956057278879626,0,25,29195,1.204626480317949,0.0,0.4212178661870328,0.009637011842543591
exp3,322,0.5688460308885651,0.004950166828919023,0.0,-0.011584505699103435,2.3262368824281237,24.082068877395972,0,25,29220,1.143763688642449,0.0,0.42113980931436623,0.009150109509139592
exp3,323,0.5687501084417775,0.004996894871246993,0.0,-0.011584505699103435,4.3422400327966,26.09807202776445,0,25,29245,3.5033205159005023,0.0,0.42106568607862827,0.02802656412720402
exp3,324,0.56863391706714,0.005151494940551671,0.0,-0.011584505699103435,4.135835752166568,25.891667747134417,0,25,29270,3.5782073328637125,0.0,0.42083863037383706,0.028625658662909698
exp3,325,0.5686386960028214,0.00516589083511465,0.0,-0.011359990109226979,1.9767652719145268,23.732597266882376,250,25,29545,1.1298030205145375,2.0,0.1674691826756991,0.20903842416411628
exp3,326,0.568312933678671,0.004976799054082104,0.0,-0.02883110850862737,2.7060831249811392,24.461915119948987,8,25,29578,1.3141386391850147,1.0,0.4130745364899194,0.016913109113480117
exp3,327,0.5685359753022363,0.005422129707020273,0.0,-0.02883110850862737,5.701876766493267,27.457708761461117,0,25,29603,7.568495967006279,0.0,0.4218835387430645,0.060547967736050236
exp3,328,0.5683754534123889,0.005550274797294752,0.0,-0.2008950195162929,2.462670976977812,24.21850297194566,8,25,29636,0.8042099334239459,1.0,0.4132910458577186,0.012833679467391567
exp3,329,0.5683910446308594,0.005744049248963878,0.0,-0.07747771345489526,2.86378492728954,24.61961692225739,250,25,29911,3.00916342519003,2.0,0.16534369201719795,0.22407330740152026
exp3,330,0.5684301153268067,0.005981035757667064,0.0,-0.07747771345489526,2.209078664291639,23.964910659259488,0,25,29936,1.6771816485070619,0.0,0.4227310738763972,0.013417453188056493
exp3,331,0.5684231421760897,0.0065836976601935104,0.0,-0.07747771345489526,6.686621841408911,28.44245383637676,0,25,29961,11.236082474035257,0.0,0.42262268284510984,0.08988865979228206
exp3,332,0.5682064730007622,0.008098051122924832,0.0,-0.12265083195707606,1.9842177141903732,23.74004970915822,8,25,29994,2.2949761986589867,1.0,0.41502924559296994,0.024759809589271896
exp3,333,0.5682214041962699,0.009546176288948383,0.0,-0.1311460655050234,2.689087113562728,24.444919108530577,8,25,30027,1.2978803583506944,1.0,0.4148265582405705,0.016783042866805552
exp3,334,0.5684000762413132,0.009870304256083151,0.0,-0.03457745867082186,3.21210723054154,24.96793922550939,250,25,30302,3.162821192965539,2.0,0.16316508557700943,0.2253025695437243
exp3,335,0.5684563653628383,0.010545863541953082,0.0,-0.03457745867082186,2.2850902048022466,24.040922199770094,0,25,30327,1.3624861524900855,0.0,0.42341338846532844,0.010899889219920685
exp3,336,0.5683814238103675,0.008252384588090966,0.0,0.22495955425015657,3.187137958292834,24.942969953260683,8,25,30360,4.4314825301423335,1.0,0.4159980023469105,0.04185186024113867
exp3,337,0.5682690165983362,0.006253476411295478,0.0,0.22495955425015657,2.991692651317502,24.747524646285353,0,25,30385,1.812770669726508,0.0,0.4235774074435445,0.014502165357812064
exp3,338,0.5681539316103179,0.005962968822354142,0.0,0.257911843722121,2.5320431648702746,24.287875159838123,8,25,30418,2.1170634788373746,1.0,0.4157417157525826,0.023336507830698995
exp3,339,0.568138853613733,0.005398246750907498,0.0,0.257911843722121,3.5518590925949582,25.30769108756281,0,25,30443,3.893232459365141,0.0,0.4236009740412941,0.031145859674921127
exp3,340,0.5679792841684423,0.005124785865876835,0.0,0.257911843722121,3.7687465132532627,25.52457850822111,0,25,30468,3.6141054990552317,0.0,0.42334975842851874,0.028912843992441855
exp3,341,0.5678328826886283,0.0051650045354439955,0.0,0.257911843722121,4.636289955130423,26.39212195009827,0,25,30493,1.3501442153896999,0.0,0.4231164504761744,0.010801153723117598
exp3,342,0.567576679965084,0.005203170891697306,0.0,-0.008876309934631238,4.202524324769091,25.95835631973694,250,25,30768,7.764229622781378,2.0,0.16100091686675344,0.262113836982251
exp3,343,0.5675946129621471,0.00540252389212581,0.0,0.10211495609149411,3.5074639300268298,25.26329592499468,8,25,30801,2.9311849885345045,1.0,0.4174183789353361,0.029849479908276032
exp3,344,0.5675524127266505,0.005366046657129808,0.0,0.10211495609149411,2.5058473550580107,24.261679350025858,0,25,30826,1.288928574437504,0.0,0.42468353360033867,0.010311428595500032
exp3,345,0.5676925366112421,0.00507771781123334,0.0,-0.0031493799302079436,5.4579077035016175,27.213739698469467,8,25,30859,7.6092689502081114,1.0,0.4172362259844236,0.0672741516016649
exp3,346,0.5673604138680209,0.0048250963244970135,0.0,-0.010369287297139517,2.4400052555679896,24.19583725053584,250,25,31134,1.0249319698966588,2.0,0.15830552662248523,0.20819945575917326
exp3,347,0.5674306869199532,0.005142868218947383,0.0,0.08543507880098745,4.724963671117499,26.48079566608535,8,25,31167,6.64195952270223,1.0,0.4178401186230662,0.059535676181617835
exp3,348,0.5672757770347631,0.004512680221197329,0.0,-0.015823352033468817,2.722893229948583,24.47872522491643,250,25,31442,1.096098016250049,2.0,0.15610075006539217,0.20876878413000038
exp3,349,0.567447750490119,0.004779043318262288,0.0,0.015154249953794456,2.4909391981107984,24.246771193078647,8,25,31475,1.2354691229315053,1.0,0.4185108317499775,0.016283752983452044
exp3,350,0.5674836849579917,0.00461361413973338,0.0,0.015154249953794456,3.325887543741862,25.081719538709713,0,25,31500,3.4597742638406572,0.0,0.4278252858220223,0.02767819411072526
exp3,351,0.5675030153147923,0.004465506822026177,0.0,0.054418168979329135,4.549851947763782,26.305683942731633,250,25,31775,7.205160610325498,2.0,0.15385320259617857,0.257641284882604
exp3,352,0.5673670442820118,0.004679014990625396,0.0,0.054418168979329135,3.851068002108287,25.606899997076138,0,25,31800,4.200427197242859,0.0,0.4290613872267782,0.03360341757794287
exp3,353,0.5670363418025757,0.00492314565990104,0.0,0.1471974329767157,2.278886267542801,24.03471826251065,8,25,31833,1.666643056966174,1.0,0.4201697191113834,0.019733144455729393
exp3,354,0.567174897465465,0.005058813713291754,0.0,0.1471974329767157,1.8876231558956547,23.643455150863502,0,25,31858,1.3636557280215047,0.0,0.42891337545988595,0.010909245824172038
exp3,355,0.5670765171604408,0.004949217665748962,0.0,0.007446471496010053,2.5034145714587615,24.25924656642661,8,25,31891,1.1106030539145821,1.0,0.42007482396152407,0.015284824431316657
exp3,356,0.5664663631405956,0.006335125950917231,0.0,0.5216877998825572,3.4433562858368414,25.19918828080469,8,25,31924,4.431637109187224,1.0,0.41995077806095865,0.041853096873497794
exp3,357,0.566139341247983,0.006344035522900637,0.0,0.13604921658897265,3.477577643902329,25.233409638870178,8,25,31957,3.4526227472391455,1.0,0.419611065085833,0.03402098197791316
exp3,358,0.565951899654482,0.00710525151671082,0.0,0.1137715960828868,3.768623839878855,25.524455834846705,8,25,31990,3.534485849279692,1.0,0.4193347559313213,0.03467588679423754
exp3,359,0.5662610685979012,0.006715929179977431,0.0,-0.037944456918007505,4.54864026406607,26.30447225903392,8,25,32023,3.412487784299147,1.0,0.41905299393928647,0.03369990227439318
exp3,360,0.5663570458869094,0.006667003406208072,0.0,-0.037944456918007505,4.782637594745488,26.538469589713337,0,25,32048,7.220847708940742,0.0,0.42980082190737234,0.057766781671525935
exp3,361,0.5665786319471333,0.006546223346806435,0.0,-0.1131728182173911,2.014238471002212,23.77007046597006,8,25,32081,1.125550110759328,1.0,0.41912334148053115,0.015404400886074624
exp3,362,0.5668347902891494,0.006312443094724451,0.0,-0.1131728182173911,3.6237573081983196,25.37958930316617,0,25,32106,4.912624578065861,0.0,0.42943409289864903,0.03930099662452689
exp3,363,0.5669097130137687,0.0060535166071699065,0.0,-0.1131728182173911,4.656648628387257,26.412480623355105,0,25,32131,6.478181370875973,0.0,0.42912033023715546,0.05182545096700778
exp3,364,0.567103630284814,0.005623506554057078,0.0,-0.06321316007384582,4.049824126708332,25.80565612167618,8,25,32164,3.668642748566681,1.0,0.41954173183370597,0.03574914198853345
exp3,365,0.5673279474188718,0.005116603363386929,0.0,-0.06321316007384582,2.7912385417915115,24.54707053675936,0,25,32189,0.9790581025617201,0.0,0.4289244928074213,0.00783246482049376
exp3,366,0.5674786117750343,0.005076213514664918,0.0,-0.02065808000028774,5.723320502096823,27.47915249706467,8,25,32222,7.534649821305983,1.0,0.41929809462448514,0.06667719857044788
exp3,367,0.5674527238112227,0.005059142153962637,0.0,-0.029665548711821924,1.231233133063169,22.98706512803102,8,25,32255,0.5992876934329817,1.0,0.4187563153687877,0.011194301547463852
exp3,368,0.5670471092580198,0.005213876607735424,0.0,0.24726674040506846,0.9506140424412852,22.706446037409133,8,25,32288,1.1206150606664365,1.0,0.4186652585113256,0.015364920485331491
exp3,369,0.5671249951899352,0.004805724283298174,0.0,0.07478406389028668,4.258491030661161,26.01432302562901,8,25,32321,3.8482138327422337,1.0,0.4185402587233961,0.03718571066193787
exp3,370,0.5672308288075157,0.004503932814587164,0.0,-0.48506602140833777,4.18931326748753,25.94514526245538,8,25,32354,4.643416030811766,1.0,0.418237690755864,0.04354732824649413
exp3,371,0.5677374171713788,0.0039227400067447515,0.0,-0.48506602140833777,3.989910394392741,25.74574238936059,0,25,32379,4.67128318066321,0.0,0.42992471428200546,0.03737026544530568
exp3,372,0.568178365165601,0.0035537929747953,0.0,-0.48506602140833777,4.730638699664078,26.486470694631926,0,25,32404,5.472084611131661,0.0,0.4296266226574155,0.04377667688905328
exp3,373,0.5682445096416833,0.0035536537338889396,0.0,-0.042353900811194264,2.2505105987748806,24.00634259374273,8,25,32437,1.0699223463904606,1.0,0.4183659381444471,0.014959378771123685
exp3,374,0.5684511291855958,0.003339290295253039,0.0,-0.042353900811194264,3.1796803070101913,24.93551230197804,0,25,32462,3.9271869434635867,0.0,0.4293686502235475,0.031417495547708695
exp3,375,0.5682397634040551,0.0035765952591269023,0.0,0.12192573176818006,1.9359902228753607,23.69182221784321,8,25,32495,1.299372599383254,1.0,0.41843119193616024,0.01679498079506603
exp3,376,0.5681536077911005,0.0036625094348410325,0.0,0.016041043917226605,6.089370200369726,27.845202195337574,8,25,32528,7.701363475940447,1.0,0.41829450342538294,0.06801090780752357
exp3,377,0.5684407805457594,0.0032957919933411794,0.0,-0.16203888666719368,3.166942894608813,24.92277488957666,8,25,32561,3.5123562805867525,1.0,0.4177409331467582,0.03449885024469402
exp3,378,0.5684773838546257,0.003491255374484137,0.0,-0.14878540317468236,2.032260162714367,23.788092157682215,8,25,32594,1.181074732159634,1.0,0.41745983872474784,0.01584859785727707
exp3,379,0.5682280554398504,0.003527791053592133,0.0,0.24795642995855757,3.90729176820631,25.66312376317416,8,25,32627,4.3718698680650165,1.0,0.4173306362942963,0.04137495894452013
exp3,380,0.568303557781355,0.0034589502930745253,0.0,0.02461636792865248,2.0160474491154714,23.77187944408332,8,25,32660,1.1880948393176494,1.0,0.4169932843117637,0.015904758714541195
exp3,381,0.5682539044359516,0.003506541672414265,0.0,0.0016184553219105475,3.9352964053771062,25.691128400344954,250,25,32935,3.3095485817845653,2.0,0.15284225065563636,0.22647638865427652
exp3,382,0.5682744922894867,0.00347337122850111,0.0,0.0016184553219105475,2.4467183113252866,24.202550306293137,0,25,32960,1.246582228363677,0.0,0.4315843207725952,0.009972657826909415
exp3,383,0.5685704512862603,0.0030790097324773225,0.0,0.0016184553219105475,2.6828306713073604,24.43866266627521,0,25,32985,1.3523797290386748,0.0,0.4315050002700157,0.010819037832309399
exp3,384,0.5683128936441442,0.003390444741016352,0.0,0.04468624173844955,3.958983736665133,25.71481573163298,8,25,33018,3.7558101760187776,1.0,0.41823569241263253,0.036446481408150225
exp3,385,0.5680795931826029,0.0036964325001646037,0.0,0.04468624173844955,2.6361001556800634,24.39193215064791,0,25,33043,2.838572085435782,0.0,0.43164275391979384,0.022708576683486255
exp3,386,0.5679665065054851,0.003870652854713552,0.0,-0.03423958187182642,2.5390893203307434,24.29492131529859,8,25,33076,1.2580310605566147,1.0,0.41807408505298244,0.016464248484452916
exp3,387,0.5682023440199793,0.0035971371769748517,0.0,-0.03423958187182642,3.266687370702067,25.022519365669915,0,25,33101,3.0679233827461387,0.0,0.431563279780241,0.02454338706196911
exp3,388,0.5679537534555616,0.003870553043333169,0.0,0.010379385131358915,2.7510902150850565,24.506922210052906,250,25,33376,3.075158675865265,2.0,0.1505459120418944,0.2246012694069221
exp3,389,0.5680125256616487,0.003741218221820719,0.0,-0.011296973467117855,3.793485469052921,25.54931746402077,8,25,33409,3.7562853187543044,1.0,0.41932572854386624,0.036450282550034435
exp3,390,0.5678429561414797,0.003925598809547792,0.0,0.3032336459818637,1.941357488987711,23.69718948395556,8,25,33442,2.226709319528787,1.0,0.4190295453350517,0.024213674556230295
exp3,391,0.5677250787481019,0.004018976845019062,0.0,0.1225586084445733,2.240162969454209,23.99599496442206,8,25,33475,1.008057700512277,1.0,0.418832685805289,0.014464461604098217
exp3,392,0.5674277678031685,0.004439604763462834,0.0,0.010944266585944124,3.96237045605537,25.71820245102322,250,25,33750,3.7344704652247964,2.0,0.14817344269480068,0.22987576372179838
exp3,393,0.5673693626827528,0.004508389168964233,0.0,0.052308886715599745,4.060874609759298,25.81670660472715,8,25,33783,3.789844782890432,1.0,0.4199831917355684,0.03671875826312346
exp3,394,0.5674094268691814,0.004561010644663299,0.0,-0.06961285302582844,3.3130660607714524,25.0688980557393,8,25,33816,3.6077545781181084,1.0,0.41968516576568093,0.03526203662494486
exp3,395,0.5674171202920978,0.00457301892029971,0.0,0.030401655436006758,2.9104590051808032,24.666291000148654,8,25,33849,3.1197955792390992,1.0,0.419398814697572,0.0313583646339128
exp3,396,0.567335933390674,0.004772448325852663,0.0,0.030401655436006758,3.465638775526158,25.221470770494008,0,25,33874,3.652007137418789,0.0,0.43506442772023085,0.029216057099350313
exp3,397,0.5669143461155255,0.00532270612815644,0.0,0.16610504794881062,1.9681399164595068,23.723971911427356,8,25,33907,1.554773068506327,1.0,0.4193184183838978,0.01883818454805062
exp3,398,0.5669645206295599,0.0053058090324558105,0.0,-0.023749866055582287,3.5922606915376374,25.34809268650549,8,25,33940,3.3631254477619463,1.0,0.41916533623912544,0.03330500358209557
exp3,399,0.5672881125218217,0.004749871456464216,0.0,-0.1517262636403443,1.0826968298623465,22.838528824830195,8,25,33973,0.6418544031850624,1.0,0.41889463335876137,0.011534835225480499
exp3,400,0.5675403302154454,0.0045493558700562264,0.0,-0.26157644012599085,1.8356727451699915,23.59150474013784,8,25,34006,1.2821395228895298,1.0,0.41880082899683907,0.016657116183116237
exp3,401,0.5673287311359531,0.004882817793894101,0.0,0.07717033675867205,7.275640468405436,29.031472463373284,8,25,34039,11.593155085464128,1.0,0.41866534882781575,0.09914524068371303
exp3,402,0.5673290447853412,0.00490844539680646,0.0,-0.09006799110019698,0.9407985658639818,22.69663056083183,8,25,34072,0.5431769969448125,1.0,0.4178589458516151,0.0107454159755585
exp3,403,0.5671945928726067,0.005151389248892024,0.0,-0.09006799110019698,4.384967226891695,26.140799221859545,0,25,34097,4.60636643952174,0.0,0.43601232793235506,0.036850931516173926
exp3,404,0.5668897598453565,0.00546196856369896,0.0,0.43529147991487704,6.368758605729607,28.124590600697456,8,25,34130,12.623886420886894,1.0,0.41799062561743877,0.10739109136709515
exp3,405,0.5671086026075913,0.005142104774075951,0.0,-0.1860906181192706,5.266801611322456,27.022633606290306,8,25,34163,7.225363189326584,1.0,0.4171161605285824,0.06420290551461268
exp3,406,0.5671258468035196,0.005159969345020721,0.0,-0.1860906181192706,2.0197835123888095,23.775615507356658,0,25,34188,0.8039223914326483,0.0,0.43678659462404335,0.006431379131461186
exp3,407,0.5672118731842144,0.005072242597566334,0.0,-0.053113396218674606,2.617655331094643,24.37348732606249,250,25,34463,1.2240455128085148,2.0,0.14663341473227545,0.2097923641024681
exp3,408,0.5672154542996249,0.005102950212749424,0.0,-0.053113396218674606,5.606912798449866,27.362744793417715,0,25,34488,6.972380816678866,0.0,0.43794421631910846,0.05577904653343093
exp3,409,0.5668895278805857,0.005461458781459982,0.0,0.3477700025800537,1.6923825546034879,23.448214549571336,8,25,34521,2.1441517791146225,1.0,0.4181132970400227,0.02355321423291698
exp3,410,0.5669124145446213,0.005449590366392698,0.0,0.03176960131267933,2.3702776809778174,24.126109675945667,8,25,34554,1.189810499549918,1.0,0.4179215041473971,0.015918483996399342
exp3,411,0.567215060121886,0.0049928033206395606,0.0,0.03176960131267933,4.16078940670726,25.91662140167511,0,25,34579,3.6566385046554353,0.0,0.43775158464385716,0.02925310803724348
exp3,412,0.5671396507957072,0.005109921996549471,0.0,-0.02498940755965484,3.6287825131354565,25.384614508103304,250,25,34854,3.647151904529885,2.0,0.14451263982853996,0.22917721523623907
exp3,413,0.5672966484064054,0.00476919601848369,0.0,-0.02498940755965484,1.844980812472225,23.600812807440075,0,25,34879,1.0967308461273952,0.0,0.4388405774915002,0.008773846769019161
exp3,414,0.5674484951938397,0.004481111447632413,0.0,-0.0023571923040108405,3.857621062870343,25.613453057838193,8,25,34912,3.8454066825223197,1.0,0.41927640612963796,0.037163253460178555
exp3,415,0.5675954968364368,0.004634766228750586,0.0,0.01304847721926854,2.6871904224382948,24.443022417406144,8,25,34945,1.3166707214041287,1.0,0.4189744044238341,0.016933365771233028
exp3,416,0.5670917913588364,0.004830891791627323,0.0,0.30820255543562136,4.330489793443473,26.086321788411322,8,25,34978,1.1837500929934806,1.0,0.4188367187198132,0.015870000743947843
exp3,417,0.566840869343091,0.005133718423070643,0.0,0.30820255543562136,2.693273614524368,24.449105609492218,0,25,35003,1.8430027069114987,0.0,0.4392091166891205,0.014744021655291989
exp3,418,0.5663125273697953,0.005822728012628953,0.0,0.30820255543562136,3.4820094156029278,25.237841410570777,0,25,35028,5.789815825453894,0.0,0.43909343440054477,0.04631852660363115
exp3,419,0.5661986097452542,0.006097269392119298,0.0,-0.02559665397363157,2.593885796723637,24.349717791691486,250,25,35303,1.7477535961728605,2.0,0.14219814376349735,0.2139820287693829
exp3,420,0.5661957913898342,0.00610658057595459,0.0,-0.02559665397363157,4.0096066345608,25.76543862952865,0,25,35328,4.082634954255966,0.0,0.4399633395290573,0.03266107963404773
exp3,421,0.5660862122963582,0.0063141393164785065,0.0,-0.025921298353102664,2.4927689106194233,24.248600905587274,250,25,35603,1.4057839847310927,2.0,0.1398489067230477,0.21124627187784872
exp3,422,0.5662825243014019,0.005967820006197666,0.0,-0.025921298353102664,2.405371868417832,24.16120386338568,0,25,35628,1.2413074440000422,0.0,0.44092540188398,0.009930459552000339
exp3,423,0.5664946274424278,0.00560362144828086,0.0,-0.025921298353102664,2.005899193342517,23.761731188310367,0,25,35653,1.4485993177160839,0.0,0.4408477274427663,0.011588794541728672
exp3,424,0.5667173028685557,0.005268956392530888,0.0,-0.025921298353102664,1.7447683281319841,23.50060032309983,0,25,35678,1.2753950188894654,0.0,0.4407570693069433,0.010203160151115723
exp3,425,0.5667325051474891,0.0052216794934962785,0.0,-0.025921298353102664,1.8193266463220188,23.575158641289867,0,25,35703,1.4438459645088157,0.0,0.4406772375809627,0.011550767716070526
exp3,426,0.566924192407384,0.005039007425061248,0.0,-0.33658970455202386,4.220553556083072,25.97638555105092,8,25,35736,3.88373091187274,1.0,0.4218664794024395,0.037469847294981914
exp3,427,0.5675897349821021,0.005132246519692685,0.0,-0.33658970455202386,2.138552584408082,23.89438457937593,0,25,35761,1.3598609836990148,0.0,0.44082208657028277,0.010878887869592119
exp3,428,0.5677506217517776,0.005755402427032652,0.0,-0.33658970455202386,2.2292244293824814,23.98505642435033,0,25,35786,4.1585414343371205,0.0,0.4407369779170815,0.03326833147469697
exp3,429,0.5678417651640426,0.005764197784262626,0.0,-0.33658970455202386,2.2035689591182734,23.95940095408612,0,25,35811,1.2637883417329834,0.0,0.44047668068793655,0.010110306733863867
exp3,430,0.5681544825474629,0.007168424242169014,0.0,-0.33658970455202386,3.423018797584957,25.178850792552808,0,25,35836,2.254344757919435,0.0,0.4403975353426331,0.01803475806335548
exp3,431,0.5682312268047284,0.007726733107898842,0.0,-0.037700756346214816,2.1920041874192755,23.947836182387125,8,25,35869,1.7169304630065039,1.0,0.4219977786626588,0.02013544370405203
exp3,432,0.5684940966189712,0.00825188044604741,0.0,-0.050207279284653315,2.6215145302300833,24.377346525197932,250,25,36144,1.3075179729918571,2.0,0.13778242933382506,0.21046014378393485
exp3,433,0.5688827910075251,0.008973720868682311,0.0,-0.050207279284653315,2.997156292373908,24.752988287341758,0,25,36169,2.929124031457921,0.0,0.4415957252401878,0.023432992251663367
exp3,434,0.5690670546803439,0.00937276477656901,0.0,-0.050207279284653315,3.938276451276511,25.69410844624436,0,25,36194,3.569593037897649,0.0,0.4414126628650242,0.02855674430318119
exp3,435,0.5691774838162781,0.010955082345880163,0.0,-0.15786887922794285,2.061466593205135,23.817298588172985,8,25,36227,1.214205856986664,1.0,0.42330862597206226,0.016113646855893313
exp3,436,0.5688775544770434,0.007580142261902845,0.0,0.32190792759909337,3.968680712790453,25.7245127077583,8,25,36260,3.662042670318902,1.0,0.42317858577864154,0.03569634136255122
exp3,437,0.5689299354175432,0.00645267543343242,0.0,0.21547890242159207,2.0083789816879314,23.764210976655782,8,25,36293,1.1124056603315573,1.0,0.42289045846278045,0.015299245282652457
exp3,438,0.5689299711358226,0.00614211816357102,0.0,-0.03628833261279966,1.2212709203365324,22.977102915304382,8,25,36326,0.49697765275709976,1.0,0.42276690048734833,0.010375821222056799
exp3,439,0.5689750929836546,0.0057449556685787995,0.0,0.036364050732153465,3.476055970113306,25.231887965081157,250,25,36601,2.9582690893227586,2.0,0.13564001126657554,0.22366615271458207
exp3,440,0.5684532343499481,0.004971968641563129,0.0,0.3657363306644455,1.8627635503310311,23.61859554529888,8,25,36634,1.9675785609539285,1.0,0.4239154881183299,0.022140628487631427
exp3,441,0.5683949233853423,0.005006387859415207,0.0,0.08001090726476187,1.7540525701550418,23.509884565122892,250,25,36909,1.6417465343773316,2.0,0.13315652623189908,0.21313397227501865
exp3,442,0.5684928633095586,0.004705339004422604,0.0,-0.18297878375876972,2.267161032593009,24.022993027560858,8,25,36942,1.202221715620249,1.0,0.42491199466073915,0.016017773724961992
exp3,443,0.5684159855671546,0.004569837187342496,0.0,-0.03652325243901725,2.8605618006298292,24.616393795597677,8,25,36975,1.1684912974925397,1.0,0.42478308920501934,0.015747930379940316
exp3,444,0.5686299214426486,0.004740042068280603,0.0,-0.03652325243901725,2.695854477061008,24.451686472028857,0,25,37000,1.4697778594245645,0.0,0.4445383620495525,0.011758222875396516
exp3,445,0.5686185909206446,0.004359029092377953,0.0,0.07860611087067107,2.173517824129081,23.92934981909693,8,25,37033,1.5476812646863785,1.0,0.42472752021320026,0.01878145011749103
exp3,446,0.5688383729166806,0.003984138352945088,0.0,0.07860611087067107,3.714129923101128,25.46996191806898,0,25,37058,3.574602681943111,0.0,0.44456600700001087,0.028596821455544884
exp3,447,0.5688625423912068,0.004114129976015124,0.0,0.1910938545820581,2.715161764617111,24.47099375958496,8,25,37091,2.332802326496739,1.0,0.42474943526425313,0.025062418611973912
exp3,448,0.5689027682439183,0.003827560546830644,0.0,-0.17128630427650504,2.1034756734102102,23.859307668378058,8,25,37124,1.8537999497399122,1.0,0.424547688832731,0.021230399597919298
exp3,449,0.5690272713499033,0.0038839374938475224,0.0,-0.17128630427650504,2.586136974398351,24.3419689693662,0,25,37149,1.177270537448331,0.0,0.4446371303544174,0.009418164299586649
exp3,450,0.5691119274693045,0.00436832690737976,0.0,-0.22356439832129738,2.128909866764522,23.884741861732373,8,25,37182,1.131486837042035,1.0,0.42443371412146064,0.01545189469633628
exp3,451,0.5691363298491535,0.00408789260822684,0.0,0.050013044407902205,2.3714885374405,24.127320532408348,250,25,37457,1.3674783122634904,2.0,0.13102884311423796,0.21093982649810794
exp3,452,0.5692266843946774,0.004479021520114146,0.0,-0.017426790035656604,1.7422383286673584,23.498070323635208,250,25,37732,1.2986305119357098,2.0,0.12864696288322958,0.2103890440954857
exp3,453,0.5693483659849359,0.004849300313901739,0.0,-0.017426790035656604,2.976446492750996,24.732278487718844,0,25,37757,3.287818499020933,0.0,0.4470986952757856,0.026302547992167462
exp3,454,0.5697108315936862,0.00837397447231103,0.0,-0.3885701915166342,3.321268811993696,25.077100806961546,8,25,37790,4.265412195416003,1.0,0.4267907853839078,0.04052329756332802
exp3,455,0.5700983878937262,0.012109934757199348,0.0,-0.3885701915166342,2.421902197085066,24.177734192052917,0,25,37815,1.6764749720236138,0.0,0.4471535481113418,0.01341179977618891
exp3,456,0.5699750327370298,0.009941227910011063,0.0,0.24298429266717284,2.0449190396119663,23.800751034579815,8,25,37848,1.7667742898842762,1.0,0.4265473378833541,0.02053419431907421
exp3,457,0.5699170566788165,0.00739576052175106,0.0,0.24298429266717284,2.5178300383261085,24.27366203329396,0,25,37873,1.820101798597357,0.0,0.447180755337233,0.014560814388778856
exp3,458,0.5697710944688842,0.005714005263848576,0.0,0.24793475289352493,2.373258474320976,24.129090469288826,8,25,37906,1.532752971054239,1.0,0.4264711112082819,0.01866202376843391
exp3,459,0.5699487933163662,0.006428913384661894,0.0,-0.05018113902205709,1.9530410969873093,23.70887309195516,8,25,37939,1.493242897731282,1.0,0.4263213360005321,0.018345943181850254
exp3,460,0.5699350353871341,0.0045848445575699115,0.0,0.2096627784366121,1.8285216062196359,23.584353601187484,8,25,37972,1.295389712085795,1.0,0.42617405877752845,0.01676311769668636
exp3,461,0.5698501730406573,0.003327563783022791,0.0,0.2096627784366121,2.1671510667588207,23.92298306172667,0,25,37997,1.2006581333165651,0.0,0.4474111051998433,0.00960526506653252
exp3,462,0.5697765954063911,0.0021986221325958066,0.0,0.2096627784366121,3.633022337286029,25.388854332253878,0,25,38022,9.252507560235992,0.0,0.44733685692191355,0.07402006048188794
exp3,463,0.5694817506141473,0.0021357660131484657,0.0,0.2096627784366121,3.52493301284816,25.280765007816008,0,25,38047,3.9241746084650946,0.0,0.44676466448700614,0.03139339686772076
exp3,464,0.5693197950971554,0.002593790521428385,0.0,0.2096627784366121,2.3671007291678414,24.12293272413569,0,25,38072,1.1072473860122445,0.0,0.44652171542771146,0.008857979088097956
exp3,465,0.5692789988553912,0.0024767606661395547,0.0,0.08759610915254568,2.1555906911262843,23.911422686094134,8,25,38105,1.4417153549722195,1.0,0.4267925206978507,0.017933722839777753
exp3,466,0.5690198931427479,0.0027512899200349272,0.0,0.08759610915254568,5.080703995018448,26.836535989986295,0,25,38130,6.3713457931611766,0.0,0.44656732444915637,0.05097076634528941
exp3,467,0.5684247995573979,0.003828053039062529,0.0,0.35615930809992896,1.0770783279727334,22.83291032294058,8,25,38163,1.8550150507749081,1.0,0.42695881674072805,0.021240120406199263
exp3,468,0.5679164462962559,0.0050156412531968675,0.0,0.35615930809992896,2.613933604768898,24.36976559973675,0,25,38188,2.368059358061822,0.0,0.44630789762728185,0.018944474864494576
exp3,469,0.5676301785192154,0.0055898626504713445,0.0,0.12418632351325293,2.532421054137698,24.28825304910555,8,25,38221,1.3712169150354152,1.0,0.42690381280356365,0.01736973532028332
exp3,470,0.5676511658288594,0.006634914843141049,0.0,0.12418632351325293,2.225820652105006,23.981652647072856,0,25,38246,1.2981539637660353,0.0,0.4462716913093577,0.010385231710128283
exp3,471,0.5681053714184937,0.005480627267746674,0.0,-0.31235675845879496,3.0915029752599605,24.84733497022781,8,25,38279,3.7397465930871814,1.0,0.4268277265425401,0.03631797274469745
exp3,472,0.5685721981573618,0.0047686025411582955,0.0,-0.31235675845879496,2.448132737905377,24.203964732873224,0,25,38304,1.2257366849255873,0.0,0.44642235058598595,0.009805893479404698
exp3,473,0.5689887464388698,0.004365665069525515,0.0,-0.375306192039468,2.093662041638798,23.849494036606647,8,25,38337,1.4971418007025135,1.0,0.4265960985102707,0.018377134405620107
exp3,474,0.5691593990143176,0.00383656355817652,0.0,-0.2022532231814904,4.138738806478203,25.89457080144605,8,25,38370,3.647217303976732,1.0,0.42644864195072846,0.03557773843181386
exp3,475,0.5692299410554673,0.0037979537939411,0.0,-0.2022532231814904,3.6279268688631894,25.383758863831037,0,25,38395,3.8068441684610574,0.0,0.44668992893788845,0.030454753347688455
exp3,476,0.5694893174122592,0.00354488777394224,0.0,-0.16305560843878036,2.533351407830172,24.28918340279802,8,25,38428,1.156807045620672,1.0,0.4263482065608881,0.015654456364965375
exp3,477,0.5697190175912124,0.0035438989193861126,0.0,0.03863972045983102,1.9589941854805553,23.714826180448405,250,25,38703,1.1889718255469557,2.0,0.1272235710702693,0.20951177460437567
exp3,478,0.5697227220850573,0.003716112874472044,0.0,0.03938844596335301,2.573584636872571,24.32941663184042,8,25,38736,1.2704233580468098,1.0,0.4273774463316052,0.01656338686437448
exp3,479,0.5697593521941383,0.0040894007797419585,0.0,0.03938844596335301,2.019066830422251,23.7748988253901,0,25,38761,1.3025184730385648,0.0,0.44787163041375777,0.010420147784308519
exp3,480,0.5699583918852991,0.0045231531459259955,0.0,-0.06965367956509604,5.663845426219443,27.41967742118729,8,25,38794,7.123452908295364,1.0,0.42730823096203546,0.06338762326636291
exp3,481,0.5701175641354789,0.004457259340787445,0.0,-0.016690244183218548,3.8421516673192313,25.59798366228708,8,25,38827,3.2359068902933004,1.0,0.42680030296325,0.032287255122346405
exp3,482,0.5700478184958035,0.00444703790936285,0.0,-0.016690244183218548,2.4257509994699893,24.18158299443784,0,25,38852,1.291649056659379,0.0,0.4484024068422363,0.010333192453275032
exp3,483,0.5696308984682992,0.004927535283276274,0.0,0.31631509568549177,2.173044177289715,23.928876172257564,8,25,38885,1.5339058421909757,1.0,0.42660420555324663,0.018671246737527805
exp3,484,0.5697645977968558,0.005111929741924648,0.0,-0.04583174116009855,2.252646657385732,24.00847865235358,8,25,38918,1.3851440943371012,1.0,0.4264543912958252,0.017481152754696812
exp3,485,0.5698470862017568,0.00449633758225465,0.0,-0.04583174116009855,2.7044939779431854,24.460325972911036,0,25,38943,3.5041370937603973,0.0,0.448553898978745,0.02803309675008318
exp3,486,0.5700788260344749,0.004486276879319351,0.0,-0.04583174116009855,1.8619648046458512,23.6177967996137,0,25,38968,1.1340523783295715,0.0,0.4483376648400798,0.009072419026636571
exp3,487,0.5698300891310986,0.004990842415247609,0.0,0.18379795328989934,3.311329041413647,25.067161036381496,8,25,39001,3.6509238695215553,1.0,0.4265397499388661,0.03560739095617244
exp3,488,0.5698601111240242,0.005111444029026413,0.0,0.18379795328989934,2.6922608981869574,24.448092893154808,0,25,39026,1.9034517799519997,0.0,0.44849532224454436,0.015227614239615998
exp3,489,0.5697798043614629,0.005435795599263549,0.0,0.127689764170013,2.012966927969502,23.76879892293735,8,25,39059,1.5457296090957546,1.0,0.4263466092653817,0.018765836872766038
exp3,490,0.5695381541253648,0.005745398859290818,0.0,0.127689764170013,3.6762746911142563,25.432106686082104,0,25,39084,3.4536048751114454,0.0,0.4484978675784816,0.027628839000891563
exp3,491,0.5695532157404791,0.005970369930736186,0.0,0.127689764170013,1.9975237141138131,23.753355709081664,0,25,39109,1.3901647372943289,0.0,0.4482847296074808,0.01112131789835463
exp3,492,0.5693460564358316,0.0063180627509347165,0.0,0.127689764170013,2.018824113593811,23.77465610856166,0,25,39134,1.1672055835325759,0.0,0.4481989003294115,0.009337644668260607
exp3,493,0.5688626156543636,0.0061262441138528745,0.0,0.127689764170013,2.1307153518130018,23.88654734678085,0,25,39159,0.9849537048618043,0.0,0.4481268250656666,0.007879629638894435
exp3,494,0.5687403837854285,0.0061559876145307335,0.0,0.127689764170013,1.8188277864426918,23.574659781410542,0,25,39184,1.2027980467494042,0.0,0.4480659957131559,0.009622384373995234
exp3,495,0.5685452462760382,0.0062274622696825155,0.0,0.127689764170013,3.453266057053033,25.20909805202088,0,25,39209,3.514482760333605,0.0,0.4479917044941004,0.028115862082668842
exp3,496,0.5684807816979962,0.006703827305104992,0.0,0.127689764170013,2.3341861612693457,24.090018156237196,0,25,39234,1.344059527515805,0.0,0.44777460780293943,0.010752476220126438
exp3,497,0.5686110585413517,0.006510704699863701,0.0,-0.0797579374435045,2.6433755111194417,24.39920750608729,8,25,39267,1.4578076418490844,1.0,0.4268313811343748,0.018062461134792672
exp3,498,0.5684147396530832,0.007160900646350665,0.0,0.15336678577127377,2.1895757847997994,23.94540777976765,8,25,39300,1.6518299659789264,1.0,0.42668650918310846,0.019614639727831413
exp3,499,0.5683991157995186,0.007838834665343297,0.0,0.15336678577127377,2.225625359313515,23.981457354281364,0,25,39325,1.4194441813553265,0.0,0.4479321754574445,0.011355553450842612
exp3,500,0.5682252773576529,0.008434490691945018,0.0,0.08206269590919688,4.2539372919760625,26.00976928694391,8,25,39358,3.168212521611939,1.0,0.4265982357519625,0.03174570017289551
exp3,501,0.5680883953841164,0.009010241033014177,0.0,0.10947883954050827,2.125469683214064,23.881301678181913,8,25,39391,1.4751604535161102,1.0,0.4263435199873102,0.018201283628128884
exp3,502,0.56766457419612,0.009114654863707217,0.0,0.07431347314450472,3.926183614464081,25.68201560943193,8,25,39424,3.643481538857548,1.0,0.42619740969051667,0.035547852310860384
exp3,503,0.5676117372914218,0.009071365944241738,0.0,0.03579528517404199,2.8469370638596017,24.60276905882745,250,25,39699,1.3948525330813561,2.0,0.1256972023434894,0.21115882026465088
exp3,504,0.5675762189707995,0.009497671528929441,0.0,0.07232833515453849,2.169233461068228,23.925065456036076,8,25,39732,1.3151209976599916,1.0,0.42707300466513876,0.016920967981279934
exp3,505,0.567721501859581,0.009822905525417758,0.0,-0.0021203236897867485,4.173195948712251,25.9290279436801,250,25,40007,3.3291256798435946,2.0,0.12333884369173281,0.22663300543874873
exp3,506,0.5680733708193284,0.009289385002034689,0.0,-0.15622966819805284,2.0334772699632953,23.789309264931145,8,25,40040,1.6675057814793772,1.0,0.42818222785095333,0.019740046251835015
exp3,507,0.568358406639128,0.008362654229845057,0.0,-0.15622966819805284,2.7313745380084677,24.487206532976316,0,25,40065,0.8504136170492665,0.0,0.45116453040747967,0.0068033089363941325
exp3,508,0.5684143940545031,0.009202382734041281,0.0,0.12744976784958115,2.1764598271447833,23.93229182211263,8,25,40098,1.818224079806121,1.0,0.4280658286375205,0.02094579263844897
exp3,509,0.5684086898117329,0.009745994174095052,0.0,0.12744976784958115,5.81207896163161,27.56791095659946,0,25,40123,7.221507149868302,0.0,0.45124712755326635,0.05777205719894642
exp3,510,0.5692209166077761,0.007511391277438162,0.0,-0.5308064832085143,3.071667538610451,24.8274995335783,8,25,40156,5.851786569924554,1.0,0.4282509145932779,0.053214292559396435
exp3,511,0.5698584790532286,0.00540436851661108,0.0,-0.5308064832085143,1.9791808483856723,23.735012843353523,0,25,40181,2.399501153914246,0.0,0.4511459957721125,0.019196009231313968
exp3,512,0.5702766130755867,0.004561951382960339,0.0,-0.3257339968851985,1.9726718161827244,23.728503811150574,8,25,40214,1.3543144096032136,1.0,0.4279423846101049,0.017234515276825707
exp3,513,0.5703883534281295,0.004772374596922924,0.0,0.10264841426802983,4.17081310972168,25.926645104689527,8,25,40247,3.4794243470849358,1.0,0.42780442255096884,0.03423539477667949
exp3,514,0.5706143471584133,0.004748910151755936,0.0,-0.1356276622491932,4.108190602106906,25.864022597074754,8,25,40280,4.474570563714215,1.0,0.4275303130007026,0.04219656450971372
exp3,515,0.5708420109143337,0.004549979788798342,0.0,-0.1356276622491932,2.2200947237482187,23.975926718716067,0,25,40305,1.7644976271030761,0.0,0.45160161255467673,0.014115981016824607
exp3,516,0.5708607809203343,0.0042553302389498615,0.0,-0.07791027598451389,2.658677994567465,24.414509989535315,8,25,40338,1.164472068226098,1.0,0.4272783484061873,0.015715776545808784
exp3,517,0.5707836141500124,0.005064471183707009,0.0,0.1819828175739009,1.102932814739161,22.85876480970701,8,25,40371,0.9441146540067284,1.0,0.42715239646870384,0.01395291723205383
exp3,518,0.5705349066507202,0.00574499891658653,0.0,0.1819828175739009,4.049861171441209,25.805693166409057,0,25,40396,3.679358541438486,0.0,0.45168448556642765,0.02943486833150789
exp3,519,0.5705549675024364,0.005869148751750486,0.0,-0.08610654975041301,1.719648707829637,23.475480702797487,8,25,40429,1.2342270472068329,1.0,0.427219897971371,0.01627381637765466
exp3,520,0.5704068942533425,0.00625429580881709,0.0,0.019889834940817617,3.9154971656740845,25.671329160641932,250,25,40704,3.2489151354904298,2.0,0.12134696415459582,0.22599132108392342
exp3,521,0.5704673653967371,0.0060843011718977325,0.0,-0.040001786729043566,2.280665401792621,24.03649739676047,8,25,40737,1.2575716107320432,1.0,0.428328296133596,0.016460572885856346
exp3,522,0.5705152603556366,0.005800380989367415,0.0,-0.07438422214593349,3.9417750918711283,25.69760708683898,8,25,40770,2.982783423552161,1.0,0.42819661868367376,0.030262267388417287
exp3,523,0.570368344513454,0.0063049921194043845,0.0,0.17436330054544896,4.002220048627553,25.758052043595402,8,25,40803,3.079942241710516,1.0,0.42795448524592666,0.031039537933684126
exp3,524,0.5702669327816299,0.006674459486015083,0.0,0.17436330054544896,2.523270107021968,24.279102101989817,0,25,40828,1.488980336076734,0.0,0.4533786591955073,0.011911842688613871
exp3,525,0.5703876592868367,0.006350504719855099,0.0,-0.05832895632280604,2.3334666530198462,24.089298647987697,8,25,40861,1.4333235194695964,1.0,0.42777873579563935,0.01786658815575677
exp3,526,0.5704764831342592,0.004889151331824326,0.0,-0.37526546667887595,1.0777413398639053,22.833573334831755,8,25,40894,1.766604422606179,1.0,0.4276356730462753,0.02053283538084943
exp3,527,0.5708191088594193,0.0038509234534406245,0.0,-0.37526546667887595,2.970748420321916,24.726580415289764,0,25,40919,7.799674761467323,0.0,0.45353602086128836,0.06239739809173859
exp3,528,0.5703732860010001,0.004428254594959324,0.0,0.19297894584995517,2.114644808360954,23.870476803328803,8,25,40952,1.4509366427999466,1.0,0.4278518489836942,0.01800749314239957
exp3,529,0.5700983929072153,0.004973136188303973,0.0,0.19297894584995517,2.015785905763764,23.771617900731613,0,25,40977,1.3965918913337385,0.0,0.45317557786852447,0.011172735130669909
exp3,530,0.5703110717111463,0.0053027390659079465,0.0,0.043765872242686646,1.75370334425998,23.509535339227828,8,25,41010,1.4696365145891677,1.0,0.42777587284789387,0.01815709211671334
exp3,531,0.5701193866705849,0.005783899399915193,0.0,0.22161827495464823,2.2853597695567505,24.041191764524598,8,25,41043,1.335715328714483,1.0,0.427630483318548,0.017085722629715864
exp3,532,0.5698941706033829,0.006147030321884461,0.0,0.22161827495464823,5.475267842503562,27.23109983747141,0,25,41068,7.110620251673108,0.0,0.45331803151975486,0.05688496201338487
exp3,533,0.569846030658794,0.005964108684816449,0.0,0.017269384195733366,2.729862814892589,24.485694809860437,250,25,41343,3.2963332646032737,2.0,0.11927623363637284,0.22637066611682619
exp3,534,0.5696427410047866,0.005846420271022779,0.0,-0.03364102910584,2.392568323588037,24.148400318555886,8,25,41376,1.6259895214714621,1.0,0.42908055497625336,0.0194079161717717
exp3,535,0.5696743028953842,0.005852292638709455,0.0,-0.026247263377996672,2.4491795886875143,24.205011583655363,250,25,41651,1.2393343600828943,2.0,0.1167505248721698,0.20991467488066315
exp3,536,0.5697675625717434,0.005737459117089894,0.0,-0.026247263377996672,3.8298084465534363,25.585640441521285,0,25,41676,3.3654827695519605,0.0,0.4555443390751922,0.026923862156415686
exp3,537,0.5699660083071029,0.005196918069642509,0.0,-0.018538390226431292,3.47720778108808,25.23303977605593,8,25,41709,3.11629006286242,1.0,0.4302406946237132,0.031330320502899356
exp3,538,0.5702328949692925,0.005645755804956187,0.0,0.02413309629373136,1.7145968096135802,23.47042880458143,8,25,41742,1.3602769194296886,1.0,0.4299909179424356,0.01728221535543751
exp3,539,0.5704381166657104,0.005987271945845585,0.0,0.02413309629373136,3.1487591835487727,24.904591178516622,0,25,41767,3.7309382711050274,0.0,0.45565537618629515,0.029847506168840222
exp3,540,0.5704060450409221,0.006405242108643017,0.0,0.08532331689701886,2.751574997062576,24.507406992030425,8,25,41800,1.0431495689560333,1.0,0.4300362315824693,0.014745196551648266
exp3,541,0.5706389558341184,0.006804145168246678,0.0,0.08532331689701886,4.333415210157931,26.08924720512578,0,25,41825,3.119784658556041,0.0,0.4555240244798616,0.024958277268448327
exp3,542,0.5704647560130567,0.00709775216441888,0.0,0.17637632405560585,2.131690142200769,23.887522137168617,8,25,41858,1.5752095895315685,1.0,0.43007181050657145,0.01900167671625255
exp3,543,0.5706612737642752,0.007606212035099813,0.0,-0.026152157531845046,2.8121350952934536,24.567967090261302,250,25,42133,1.4426674789928817,2.0,0.11462223525597204,0.21154133983194306
exp3,544,0.5708581159213771,0.007916338351994345,0.0,0.05627477099133628,3.7810691236447442,25.536901118612594,8,25,42166,3.7991954665146013,1.0,0.4310783803472756,0.03679356373211681
exp3,545,0.5709445790722447,0.007577949889272628,0.0,-0.15433056067063686,4.5572938221943335,26.31312581716218,8,25,42199,5.085810667269745,1.0,0.4307854864734427,0.04708648533815796
exp3,546,0.5708821967790971,0.006815768965842239,0.0,-0.15433056067063686,2.0694375899607107,23.82526958492856,0,25,42224,1.2485873396251548,0.0,0.45723389392782127,0.009988698717001237
exp3,547,0.5703288753005904,0.00841449936564509,0.0,0.4234209270883318,1.1290107171674506,22.8848427121353,8,25,42257,2.391658656573659,1.0,0.43047185672117033,0.025533269252589273
exp3,548,0.5696578078352286,0.01010814437012697,0.0,0.4234209270883318,2.0437541922773232,23.799586187245172,0,25,42282,2.912662305774836,0.0,0.45732473648933253,0.02330129844619869
exp3,549,0.5699353310265066,0.010111139232195865,0.0,-0.02702113781127541,1.3480741767799769,23.103906171747827,8,25,42315,0.5494495869887313,1.0,0.43041152657909515,0.010795596695909852
exp3,550,0.5699272681488128,0.009475592044796088,0.0,-0.02702113781127541,2.777093980503681,24.53292597547153,0,25,42340,1.0012264406170854,0.0,0.4572183685264347,0.008009811524936683
exp3,551,0.5699782730074662,0.009410589736486119,0.0,-0.06540107723440847,4.304552868016056,26.060384862983906,8,25,42373,3.466230511174969,1.0,0.43037469719200894,0.03412984408939975
exp3,552,0.5703602697714615,0.009184491915487425,0.0,-0.06540107723440847,1.9140888473622133,23.66992084233006,0,25,42398,1.2850528093167348,0.0,0.4573803350193759,0.010280422474533878
exp3,553,0.570276013095159,0.008711139659867473,0.0,-0.06540107723440847,3.310200191435808,25.066032186403657,0,25,42423,3.760757135255505,0.0,0.4573023239225006,0.030086057082044038
exp3,554,0.5705559216392162,0.008559658720532548,0.0,-0.06540107723440847,2.0377091055428607,23.79354110051071,0,25,42448,1.0559125418549842,0.0,0.4570739933683811,0.008447300334839872
exp3,555,0.5705279477804989,0.007696684032150403,0.0,-0.12434728723814033,4.675893021983516,26.431725016951365,8,25,42481,6.539814099620314,1.0,0.4304024905355992,0.05871851279696252
exp3,556,0.5707167683991307,0.006973423227295994,0.0,-0.21901188140566014,5.9241494028392925,27.67998139780714,8,25,42514,5.926959670188299,1.0,0.42993452752040284,0.05381567736150639
exp3,557,0.570629486184048,0.007186357923549047,0.0,-0.0427304279434789,2.2910799447079175,24.046911939675766,8,25,42547,1.1883801199623103,1.0,0.4295052789102771,0.01590704095969848
exp3,558,0.5705765733916064,0.006721095833374879,0.0,-0.0427304279434789,2.5708258530096186,24.32665784797747,0,25,42572,0.9982068020217686,0.0,0.4578483388104413,0.007985654416174149
exp3,559,0.5691281889544527,0.01051142233625535,0.0,1.0372257723526161,1.7097575247140178,23.465589519681867,8,25,42605,9.70966721151256,1.0,0.42942724999281356,0.08407733769210049
exp3,560,0.5672819566091296,0.014721636449962938,0.0,1.0372257723526161,5.9811553821980965,27.736987377165946,0,25,42630,12.534039583949479,0.0,0.4583372445854745,0.10027231667159583
exp3,561,0.5671738292696289,0.01543557014802388,0.0,0.11530269214865226,3.808195704709856,25.564027699677705,8,25,42663,3.1229214603245246,1.0,0.429369836676739,0.031383371682596195
exp3,562,0.5670310316368744,0.015955124807864873,0.0,0.11530269214865226,2.554141728862228,24.309973723830076,0,25,42688,1.156387116550479,0.0,0.45778280947328903,0.009251096932403832
exp3,563,0.5667668873700084,0.016887767641570517,0.0,0.11530269214865226,2.0640426403135126,23.819874635281362,0,25,42713,1.6420308926514051,0.0,0.45771266212656625,0.01313624714121124
exp3,564,0.5667694072696465,0.016956685206490185,0.0,0.010238722992509209,2.5927361098018196,24.34856810476967,250,25,42988,3.2580787035328456,2.0,0.11313053344608726,0.22606462962826276
exp3,565,0.566653039199421,0.01726148019276963,0.0,0.010238722992509209,2.348832150267936,24.104664145235784,0,25,43013,1.4926406713159082,0.0,0.4589294196688698,0.011941125370527265
exp3,566,0.5664855208923386,0.01674452907037849,0.0,0.03225993376193857,3.7793829371559267,25.535214932123775,8,25,43046,3.2983290501581615,1.0,0.43056194969436057,0.032786632401265295
exp3,567,0.5669604305193695,0.015350552418792351,0.0,-0.23634557633509715,4.051779523443621,25.80761151841147,8,25,43079,5.821590341515103,1.0,0.43030071199590547,0.05297272273212082
exp3,568,0.5674423016379104,0.014145552257404437,0.0,-0.23634557633509715,3.796705290446073,25.552537285413923,0,25,43104,3.893912384984634,0.0,0.4594011048396004,0.031151299079877078
exp3,569,0.5681323374902809,0.012825242979404683,0.0,-0.23634557633509715,3.9942783933187336,25.750110388286583,0,25,43129,3.796231089138588,0.0,0.45916562045133663,0.030369848713108705
exp3,570,0.568434611721852,0.011647155183886926,0.0,-0.23634557633509715,2.3520049829121827,24.107836977880034,0,25,43154,1.0164695723164312,0.0,0.4589359413523862,0.00813175657853145
exp3,571,0.5687300326788994,0.010359655606875906,0.0,-0.23634557633509715,2.172752412634777,23.928584407602628,0,25,43179,1.4657971204297304,0.0,0.45887441491532077,0.011726376963437844
exp3,572,0.5691303036684217,0.009741148425453705,0.0,-0.1888847119656373,1.958867844775504,23.714699839743353,8,25,43212,1.2680683166347806,1.0,0.43037820967746665,0.016544546533078245
exp3,573,0.5692775952342485,0.009919943560092293,0.0,-0.08426288356994874,4.474337425878175,26.230169420846025,250,25,43487,3.392872272040864,2.0,0.11085959267094075,0.22714297817632692
exp3,574,0.5690889716074736,0.009406519413186043,0.0,-0.08426288356994874,3.1369543928958747,24.892786387863723,0,25,43512,4.3533841767251555,0.0,0.4602160427708318,0.03482707341380124
exp3,575,0.5694379440376592,0.00895187877698067,0.0,-0.08426288356994874,2.3368475168630796,24.09267951183093,0,25,43537,1.2842786420290613,0.0,0.4599531768867141,0.01027422913623249
exp3,576,0.5692686843360419,0.008683787215532202,0.0,-0.08426288356994874,3.711816059394795,25.467648054362645,0,25,43562,3.9639044764353986,0.0,0.459875589097019,0.03171123581148319
exp3,577,0.5692181395599288,0.008732388648639677,0.0,0.005481193881667796,2.4362280269317256,24.192060021899575,250,25,43837,1.1514725479203731,2.0,0.10840731766078857,0.209211780383363
exp3,578,0.5695945682054036,0.008026180431898289,0.0,-0.20909266483253552,2.2359907404409216,23.99182273540877,8,25,43870,1.3524326052763067,1.0,0.43309717294509736,0.017219460842210453
exp3,579,0.5699919309949049,0.007464757100408392,0.0,-0.20909266483253552,2.6057385758681155,24.361570570835966,0,25,43895,1.0342830871640993,0.0,0.46096566655788956,0.008274264697312794
exp3,580,0.5702077128974468,0.006528476051528509,0.0,-0.24885645929852826,2.9514352250842006,24.70726722005205,8,25,43928,2.301462117202961,1.0,0.43301175824839233,0.024811696937623688
exp3,581,0.5705970299459014,0.005943730410456927,0.0,-0.24885645929852826,1.8307235448896466,23.586555539857496,0,25,43953,0.9231337842234574,0.0,0.4610666568760705,0.007385070273787658
exp3,582,0.5705693566730478,0.006170981499201922,0.0,0.02467989191189437,4.096915139903971,25.85274713487182,250,25,44228,3.1900143184636325,2.0,0.10612841843225004,0.22552011454770904
exp3,583,0.5704778206423101,0.006231164713137227,0.0,0.02467989191189437,2.0681017394300216,23.82393373439787,0,25,44253,1.445785699333671,0.0,0.46232009111167127,0.011566285594669368
exp3,584,0.5701392835069704,0.007462463163446897,0.0,0.35651666729370746,2.666499323668537,24.422331318636385,8,25,44286,2.823087537325929,1.0,0.4341588505732784,0.028984700298607436
exp3,585,0.5700933978722317,0.007574414599915369,0.0,-0.017510293081843722,4.198297473980202,25.95412946894805,250,25,44561,3.3968256999637196,2.0,0.10364607483350244,0.22717460559970976
exp3,586,0.5703600454166765,0.008042319650643726,0.0,-0.017510293081843722,2.707144004761278,24.462975999729128,0,25,44586,1.0592795047962456,0.0,0.46374173639752464,0.008474236038369965
exp3,587,0.5703014086100331,0.007963222525401159,0.0,-0.017510293081843722,2.7133492080229535,24.469181202990804,0,25,44611,1.1158246084223145,0.0,0.4636781989880676,0.008926596867378515
exp3,588,0.570202312171272,0.007568141559434305,0.0,-0.017510293081843722,2.221244595733039,23.97707659070089,0,25,44636,1.1060047012539937,0.0,0.4636112618476937,0.00884803761003195
exp3,589,0.5703135014018627,0.007740897630110988,0.0,-0.02432566466789093,3.2777502692240685,25.033582264191917,8,25,44669,3.7459803304494645,1.0,0.43532600133170113,0.036367842643595716
exp3,590,0.5703249296139167,0.0070372154684171795,0.0,-0.16368957173087326,2.4030989145145103,24.158930909482358,8,25,44702,1.0171770721483167,1.0,0.4350386745101537,0.014537416577186536
exp3,591,0.5699654961752184,0.008119610907863395,0.0,0.328861492651118,4.632331430280534,26.388163425248383,8,25,44735,3.0788087076114254,1.0,0.43492375654342685,0.031030469660891402
exp3,592,0.5693124385094298,0.009093224336051753,0.0,0.328861492651118,3.02552289725564,24.78135489222349,0,25,44760,4.5379697520011275,0.0,0.4640878413647783,0.03630375801600902
exp3,593,0.568726653930549,0.010683148106047535,0.0,0.328861492651118,2.2558101722074793,24.011642167175328,0,25,44785,1.7563912577149676,0.0,0.4638158324461883,0.01405113006171974
exp3,594,0.5683453836040343,0.01209305165162533,0.0,0.328861492651118,3.902348219494137,25.658180214461986,0,25,44810,5.430627678110249,0.0,0.46371049647811446,0.04344502142488199
exp3,595,0.5675549538330688,0.013184280431406625,0.0,0.328861492651118,4.344600167702782,26.100432162670632,0,25,44835,5.0653520443071836,0.0,0.46338474964447113,0.04052281635445747
exp3,596,0.5667205580003885,0.014690035345478858,0.0,0.328861492651118,4.272220994558997,26.028052989526845,0,25,44860,2.757100946202129,0.0,0.4630807242943448,0.022056807569617032
exp3,597,0.5660716923782072,0.015917633665730957,0.0,0.328861492651118,1.8138369553461524,23.569668950314,0,25,44885,2.0976074757501233,0.0,0.4629151429611349,0.016780859806000987
exp3,598,0.5657284782114826,0.01637908005007671,0.0,0.15873625103867192,2.13217543771091,23.88800743267876,8,25,44918,1.7601640640880758,1.0,0.43575508630359167,0.020481312512704606
exp3,599,0.565533188738166,0.016449886013800485,0.0,0.018624496921740653,4.362479514675943,26.118311509643792,250,25,45193,3.2023398596958477,2.0,0.10148203441016826,0.22561871887756677
exp3,600,0.5654862524399407,0.01645958048802887,0.0,0.018624496921740653,2.134306081586198,23.890138076554045,0,25,45218,1.3551446503577738,0.0,0.4642292826902839,0.01084115720286219
exp3,601,0.5672089294940859,0.012137750732032049,0.9,0.018624496921740653,3.5546442380474397,25.31047623301529,0,25,45243,5.783352124070482,0.0,0.46414807433189204,0.04626681699256385
exp3,602,0.5672153100949981,0.01220085861326714,0.9,0.8932652650674836,1.8714697192215421,23.627301714189393,250,25,45518,1.2251916868908324,2.0,0.09902339683560099,0.20980153349512665
exp3,603,0.5671840639895919,0.012720607152896912,0.9,0.9409950720002319,2.105116679481826,23.860948674449673,250,25,45793,1.3353765107020676,2.0,0.09667278454876882,0.21068301208561654
exp3,604,0.5670164681037099,0.01318046082069313,0.9,0.9414429103797086,3.8086632664594244,25.564495261427275,250,25,46068,3.7281271292492324,2.0,0.09431692351572349,0.22982501703399386
exp3,605,0.5671128566014146,0.013022528732197558,0.9,0.9414429103797086,2.424380690052319,24.18021268502017,0,25,46093,1.1472982659077322,0.0,0.467546270196805,0.009178386127261857
exp3,606,0.5670776365503538,0.013056907082673375,0.9,0.9414429103797086,1.99229605411473,23.74812804908258,0,25,46118,1.0462887374324361,0.0,0.467477951509914,0.008370309899459489
exp3,607,0.5669126567964751,0.013565362457417462,0.9,0.9414429103797086,3.834539552343043,25.59037154731089,0,25,46143,3.5871350635146335,0.0,0.46741563947829157,0.02869708050811707
exp3,608,0.5667230456460587,0.013891634901459282,0.9,0.9414429103797086,3.5731180119257275,25.328950006893578,0,25,46168,3.1231707123844314,0.0,0.46720198467485546,0.024985365699075453
exp3,609,0.5672291743125886,0.012789849654610275,0.9,0.6782719970589419,2.8810436000043285,24.636875594972178,8,25,46201,1.5353822972607323,1.0,0.44114704923841264,0.01868305837808586
exp3,610,0.5676128638522531,0.011987704127867649,0.9,0.6782719970589419,1.8450954309559893,23.60092742592384,0,25,46226,1.3012605938579518,0.0,0.4671406607008988,0.010410084750863614
exp3,611,0.567379893349764,0.012182218164120129,0.9,1.0411782674724606,3.7543238667449867,25.510155861712835,8,25,46259,3.765596086867524,1.0,0.4410666258409254,0.03652476869494019
exp3,612,0.5673473290514598,0.012636129342494806,0.9,1.0411782674724606,2.120793032844047,23.876625027811897,0,25,46284,1.2000725698507073,0.0,0.46730705743227474,0.009600580558805659
exp3,613,0.5679201717923189,0.012056505914519011,0.9,0.6299421058306184,2.310002366572434,24.065834361540283,8,25,46317,1.4395031677784824,1.0,0.44084153754103983,0.01791602534222786
exp3,614,0.5682619021782052,0.010563521243926566,0.9,0.6299421058306184,1.8237148770793539,23.579546872047203,0,25,46342,1.1985532085657469,0.0,0.46735526945491673,0.009588425668525975
exp3,615,0.5684449378451865,0.00987718100298729,0.9,0.6843722727053858,2.698569846204888,24.454401841172736,8,25,46375,1.2190615649094174,1.0,0.44076181024793043,0.016152492519275342
exp3,616,0.5685473878963095,0.009179857159049676,0.9,0.79826892959088,4.573075633853881,26.32890762882173,8,25,46408,6.351574274506081,1.0,0.44063543210020395,0.05721259419604865
exp3,617,0.5687614785222183,0.009081585130885528,0.9,0.79826892959088,2.0348951377318603,23.790727132699708,0,25,46433,1.000504818012442,0.0,0.4677741716132381,0.008004038544099538
exp3,618,0.5687466002566457,0.008260832076985136,0.9,0.79826892959088,2.0031084325033572,23.758940427471206,0,25,46458,1.0546143290414658,0.0,0.4677146200854447,0.008436914632331727
exp3,619,0.5688204017539662,0.008681300650858925,0.9,1.0399666856935592,1.7414590253873186,23.497291020355167,8,25,46491,0.874390266408859,1.0,0.44029122653639957,0.01339512213127087
exp3,620,0.5692637618755512,0.00747201151870891,0.9,0.5636457053944588,2.3808021345237127,24.13663412949156,8,25,46524,1.1582501834959413,1.0,0.44018633253038275,0.01566600146796753
exp3,621,0.5697446773315744,0.006454882529023154,0.9,0.5636457053944588,3.7141535275867277,25.469985522554577,0,25,46549,7.293232183269438,0.0,0.46784620401738947,0.058345857466155504
exp3,622,0.5702557022948994,0.0052676208869607555,0.9,0.5636457053944588,1.2979494555818043,23.053781450549653,0,25,46574,1.1424150304441851,0.0,0.46741217788241046,0.00913932024355348
exp3,623,0.5700353062452823,0.005327054969077594,0.9,1.0851239325764337,3.3656384162099573,25.121470411177807,8,25,46607,3.1680604865131854,1.0,0.4404883494800198,0.031744483892105484
exp3,624,0.5701406176845483,0.005943802781093188,0.9,0.9864805614719532,3.279282225927645,25.035114220895494,8,25,46640,3.8063704860849996,1.0,0.4402398627968219,0.03685096388868
exp3,625,0.5699528700115327,0.006023974400948262,0.9,0.9864805614719532,2.792912725370261,24.54874472033811,0,25,46665,3.427354074522038,0.0,0.46780264740709643,0.027418832596176307
exp3,626,0.5697651126564174,0.006055930061999337,0.9,0.8985832492196226,2.4365827717841952,24.192414766752044,8,25,46698,1.1860080357362954,1.0,0.4401237749231386,0.015888064285890364
exp3,627,0.5698736302078156,0.005387972659228413,0.9,0.7585547141963491,4.347558397679872,26.10339039264772,8,25,46731,3.975120566206109,1.0,0.43999932221235993,0.03820096452964887
exp3,628,0.5698955208347186,0.005586166953320371,0.9,0.9179739994423568,2.09803113914212,23.853863134109968,250,25,47006,1.1542068521860767,2.0,0.09233958994436677,0.20923365481748862
exp3,629,0.5696571363250778,0.005274549044412824,0.9,0.9133246417262159,2.3544727798702776,24.110304774838127,250,25,47281,0.9818974651332183,2.0,0.09000952758779945,0.20785517972106576
exp3,630,0.5696759705204822,0.0054518474168989695,0.9,0.8755554797320274,1.952213463543013,23.708045458510863,8,25,47314,1.283849418813453,1.0,0.4419448357878889,0.016670795350507625
exp3,631,0.5697771833916638,0.005285974799551507,0.9,0.8755554797320274,2.141707235813644,23.897539230781494,0,25,47339,1.2171233421584213,0.0,0.47046657063683794,0.009736986737267372
exp3,632,0.5693109981893637,0.006450968188645656,0.9,1.348573837444899,2.221879372182916,23.977711367150764,8,25,47372,1.8956402045956002,1.0,0.44187621957754347,0.021565121636764804
exp3,633,0.5690847945443318,0.006545433822775615,0.9,0.9458056504048248,3.207823312106389,24.963655307074237,8,25,47405,3.3396237853816557,1.0,0.4417078343570409,0.033116990283053246
exp3,634,0.5691052838705826,0.006860145663217132,0.9,0.9458056504048248,2.299450818464092,24.05528281343194,0,25,47430,1.0519517668228204,0.0,0.4707624997413594,0.008415614134582564
exp3,635,0.5689677682357337,0.006586389365710876,0.9,0.9148692335248232,3.341473873566237,25.097305868534086,8,25,47463,3.8299623991487257,1.0,0.4415023184472777,0.03703969919318981
exp3,636,0.5691104893641207,0.006782065272459059,0.9,0.9148692335248232,2.4397059424669956,24.195537937434846,0,25,47488,1.388178960254337,0.0,0.47094962497730763,0.011105431682034697
exp3,637,0.5686684480250533,0.00723169639746446,0.9,1.1317463365903389,2.3490567010020484,24.104888695969898,8,25,47521,1.1994737419999395,1.0,0.44128300623229677,0.015995789935999517
exp3,638,0.568636330185804,0.006807767764872241,0.9,0.8221339627320153,3.877419349446334,25.633251344414184,250,25,47796,2.691013241346501,2.0,0.08786678791754515,0.22152810593077202
exp3,639,0.5684817967863212,0.0072958266891544055,0.9,1.0582882418468407,2.4037160732147025,24.159548068182552,8,25,47829,1.7488739453525004,1.0,0.4423423725575711,0.020390991562820003
exp3,640,0.568237851598554,0.007622563130075699,0.9,1.0582882418468407,2.4436204614615176,24.199452456429366,0,25,47854,1.2573472294090133,0.0,0.47238019741402537,0.010058777835272106
exp3,641,0.5683683442476293,0.007523352264014682,0.9,0.8785098392409276,3.1113531922560993,24.86718518722395,8,25,47887,3.462329141424768,1.0,0.4422469242308179,0.034098633131398146
exp3,642,0.5683744404214283,0.0077109479034148665,0.9,0.9600605983706876,1.9785955264937722,23.734427521461622,8,25,47920,1.254730676523108,1.0,0.4419808593189823,0.016437845412184866
exp3,643,0.567885711548213,0.00855614329027865,0.9,1.0759377512767168,4.006469191020867,25.762301185988715,8,25,47953,4.125001552650139,1.0,0.4418525321886758,0.039400012421201114
exp3,644,0.5676943697206533,0.009197631392386052,0.9,1.0759377512767168,2.64049766719984,24.396329662167688,0,25,47978,1.1466883684221358,0.0,0.4729139574137405,0.009173506947377088
exp3,645,0.5677180376138966,0.008918776630914227,0.9,0.8959682131977466,3.676338303726526,25.432170298694373,250,25,48253,4.134356957278834,2.0,0.08555078699897016,0.23307485565823066
exp3,646,0.567847707255767,0.008052180872822778,0.9,0.7415965222883992,2.1242014008832832,23.880033395851132,8,25,48286,1.1916127520356832,1.0,0.44284186772915296,0.015932902016285465
exp3,647,0.5680700534271093,0.007741409570942492,0.9,0.8812858235043484,2.841490246796483,24.59732224176433,8,25,48319,2.9395203213586063,1.0,0.44271767669225737,0.029916162570868855
exp3,648,0.5678897569816032,0.007801839461457849,0.9,0.8812858235043484,2.1033306867198283,23.85916268168768,0,25,48344,1.1020978658512872,0.0,0.47448719940846323,0.008816782926810297
exp3,649,0.5683831518290878,0.006465376519116495,0.9,0.5791803428874314,4.945708307708655,26.701540302676506,8,25,48377,5.002903861139257,1.0,0.4425402692402733,0.046423230889114056
exp3,650,0.5689376364583638,0.005051183938885706,0.9,0.5791803428874314,1.2513340564522222,23.00716605142007,0,25,48402,1.140823606608715,0.0,0.4747375750121875,0.00912658885286972
exp3,651,0.5692185777467702,0.00416925135841395,0.9,0.5791803428874314,3.7796011213597027,25.535433116327553,0,25,48427,2.3786356400848527,0.0,0.47467057976387456,0.019029085120678822
exp3,652,0.5691078387520885,0.004496246470982679,0.9,0.9936050707133611,4.205373088735205,25.961205083703053,8,25,48460,3.2632062451883406,1.0,0.4423564009136454,0.032505649961506726
exp3,653,0.5691265763008436,0.004930004088593121,0.9,0.9936050707133611,2.0263561648983823,23.78218815986623,0,25,48485,1.210551208729147,0.0,0.474751583857362,0.009684409669833176
exp3,654,0.5691532875907626,0.005326374434435954,0.9,0.9936050707133611,3.6383587273672457,25.394190722335097,0,25,48510,3.812936649928769,0.0,0.4746804957959366,0.030503493199430153
exp3,655,0.5689610123771718,0.005689751066807469,0.9,0.9936050707133611,4.107377985838592,25.86320998080644,0,25,48535,3.8693316996315033,0.0,0.4744565576974526,0.030954653597052028
exp3,656,0.5688689518016605,0.005918173938240345,0.9,0.9936050707133611,3.5225952868601818,25.27842728182803,0,25,48560,3.7999753069104805,0.0,0.4742292083956906,0.030399802455283842
exp3,657,0.5692392720411562,0.005294779525892301,0.9,0.7441194405290197,3.177972918742825,24.933804913710674,8,25,48593,3.8001049376798464,1.0,0.4427455125008883,0.03680083950143877
exp3,658,0.5692711906711844,0.005037051073967125,0.9,0.7441194405290197,3.7088199541454157,25.464651949113264,0,25,48618,4.54467848069879,0.0,0.47425542715575175,0.036357427845590325
exp3,659,0.5695474485774009,0.004439099434001448,0.9,0.7862955194809003,3.1442871622927293,24.90011915726058,8,25,48651,3.475367039922988,1.0,0.44268880536260746,0.034202936319383904
exp3,660,0.5699535388148765,0.004278081255457478,0.9,0.7862955194809003,2.9844817010910205,24.74031369605887,0,25,48676,1.4835178554083381,0.0,0.47422025636384535,0.011868142843266705
exp3,661,0.570190787882255,0.003487071108276063,0.9,0.7862955194809003,3.7395230122530365,25.495355007220887,0,25,48701,2.336078252743379,0.0,0.4741330486031079,0.018688626021947034
exp3,662,0.5702828333622652,0.0033295959589833,0.9,0.8452680123642567,4.353249155150317,26.109081150118165,8,25,48734,3.010117687496813,1.0,0.4426156031525774,0.0304809414999745
exp3,663,0.5703874837149174,0.0034781172608120414,0.9,0.8452680123642567,2.2523002599890387,24.008132254956887,0,25,48759,1.1863283953285528,0.0,0.474202425200437,0.009490627162628423
exp3,664,0.5705399233104417,0.0034531628242275847,0.9,0.8452680123642567,1.9695943081667278,23.725426303134576,0,25,48784,1.324584422568774,0.0,0.47413268503519335,0.010596675380550192
exp3,665,0.5707232843116813,0.003320264739930523,0.9,0.8452680123642567,2.160415497964483,23.91624749293233,0,25,48809,0.9899178675603951,0.0,0.474054806755569,0.007919342940483161
exp3,666,0.5703304230783026,0.0038656114971560296,0.9,1.0622884474735415,2.432600877079546,24.188432872047397,8,25,48842,1.1307279216409507,1.0,0.44255522833178296,0.015445823373127604
exp3,667,0.5702940419837008,0.003808655904564029,0.9,0.8873535454619474,2.016666015627913,23.77249801059576,250,25,49117,1.2433932721463135,2.0,0.08346387542585196,0.20994714617717053
exp3,668,0.5705263981678952,0.004014277009838141,0.9,0.8873535454619474,4.291333361913458,26.047165356881308,0,25,49142,3.6320208548278763,0.0,0.47529766006063534,0.02905616683862301
exp3,669,0.5704557199161071,0.004162049954605229,0.9,0.8873535454619474,4.300626073598727,26.056458068566577,0,25,49167,3.5604901372891997,0.0,0.4750846036227309,0.028483921098313596
exp3,670,0.5704167790576264,0.003984452364075408,0.9,0.8873535454619474,4.936764514559732,26.692596509527583,0,25,49192,6.577573771990635,0.0,0.4748756563567344,0.05262059017592509
exp3,671,0.5706017244966566,0.004272673643732516,0.9,0.8873535454619474,4.048981466773904,25.80481346174175,0,25,49217,3.5899596713185846,0.0,0.4744894997820536,0.02871967737054868
exp3,672,0.5703701117010782,0.004296354815631953,0.9,0.9097750027301321,4.007938408854276,25.763770403822125,8,25,49250,3.4785470959645752,1.0,0.44443083519358545,0.0342283767677166
exp3,673,0.5704156216512505,0.003976850518521591,0.9,0.9097750027301321,2.8895494508788393,24.645381445846688,0,25,49275,3.8064252449604243,0.0,0.4745108928805577,0.030451401959683395
exp3,674,0.5702711471371046,0.004413008715949074,0.9,0.9097750027301321,2.8658660869610104,24.62169808192886,0,25,49300,1.0814871627842642,0.0,0.4742872633482347,0.008651897302274112
exp3,675,0.5706758242652594,0.004385201220026058,0.9,0.848847917688332,3.1623528833612657,24.918184878329114,8,25,49333,2.6167860531289313,1.0,0.4444133990817681,0.02733428842503145
exp3,676,0.5706778544888961,0.004381129153846808,0.9,0.9086613521656114,3.1455833290354738,24.901415324003324,8,25,49366,1.0958311944970598,1.0,0.44420095089840805,0.015166649555976481
exp3,677,0.5708977331507046,0.00398352872076313,0.9,0.732465023823612,1.2007842234336883,22.95661621840154,8,25,49399,0.5349047763077275,1.0,0.44408302428615365,0.010679238210461819
exp3,678,0.5706528377093896,0.0038947947710356035,0.9,0.8920710120650357,2.4533281104944242,24.209160105462274,8,25,49432,1.4656400507573224,1.0,0.44399997058282115,0.01812512040605858
exp3,679,0.5706374677464369,0.0039405262940979124,0.9,0.8920710120650357,3.183144709239299,24.93897670420715,0,25,49457,3.2881817400540583,0.0,0.4747077880774003,0.026305453920432466
exp3,680,0.5708832338990102,0.003913577685503156,0.9,0.8920710120650357,2.1408247418094937,23.89665673677734,0,25,49482,1.079722096230186,0.0,0.474514679223852,0.008637776769841487
exp3,681,0.5712862600881696,0.0041119302361806165,0.9,0.9126663918206723,2.7167316364229843,24.472563631390834,250,25,49757,0.9506621305695824,2.0,0.08146778397472296,0.20760529704455669
exp3,682,0.5710727607729094,0.003905054843619693,0.9,1.0137081574556817,4.204048518291037,25.959880513258888,8,25,49790,3.324701744654581,1.0,0.4451805954569215,0.032997613957236646
exp3,683,0.5710795720542752,0.0042470436518010635,0.9,1.0137081574556817,3.831384988163631,25.58721698313148,0,25,49815,4.001647400995344,0.0,0.47585325917706534,0.03201317920796275
exp3,684,0.5710833364170345,0.004350420294051416,0.9,1.0137081574556817,2.2443335416323076,24.000165536600157,0,25,49840,1.1285756650336702,0.0,0.47561877501747113,0.009028605320269362
exp3,685,0.5709057877391851,0.005031177229853467,0.9,1.1144334621822534,2.1137846087674195,23.869616603735267,8,25,49873,1.6896790974181222,1.0,0.4451858837537575,0.019917432779344976
exp3,686,0.5712202796987343,0.004901355675571151,0.9,0.7917890105142719,3.9597022276722327,25.71553422264008,8,25,49906,3.280718144114264,1.0,0.44503129709418005,0.032645745152914116
exp3,687,0.571186619698511,0.0047137957972805955,0.9,0.6308594444026441,3.2638797968448805,25.01971179181273,8,25,49939,3.6745254747414626,1.0,0.44477785501836503,0.035796203797931705
exp3,688,0.5713633899247675,0.004617203949199178,0.9,0.6308594444026441,2.100668328504393,23.856500323472243,0,25,49964,1.104614884159555,0.0,0.4761542685053234,0.00883691907327644
exp3,689,0.5714945656967707,0.004769828252736086,0.9,0.9798722094540547,5.036132290956531,26.79196428592438,8,25,49997,6.900949621162423,1.0,0.4445560497829751,0.061607596969299384
exp3,690,0.5714243821816092,0.005223432658488236,0.9,0.9798722094540547,2.633720193731831,24.389552188699682,0,25,50022,1.2966208636060474,0.0,0.4765093529407544,0.01037296690884838
exp3,691,0.5710525495874321,0.00514209887345185,0.9,1.053103211106138,2.0706078851514116,23.82643988011926,8,25,50055,1.5358861468448621,1.0,0.4441433049934292,0.0186870891747589
exp3,692,0.5711227057521768,0.005613125775877581,0.9,1.053103211106138,4.044928659889783,25.800760654857633,0,25,50080,2.919333341735723,0.0,0.47656089914213706,0.02335466673388578
exp3,693,0.5711675779566295,0.005684982579450937,0.9,0.9146190542303105,2.066144582791049,23.8219765777589,8,25,50113,1.140335469918742,1.0,0.4441464075046053,0.015522683759349936
exp3,694,0.5710072509341548,0.005590079311555529,0.9,0.9146190542303105,2.0901766101013224,23.846008605069173,0,25,50138,1.3535468348200266,0.0,0.4764959110476919,0.010828374678560213
exp3,695,0.5709015736334445,0.006043752298239169,0.9,1.07117031401093,1.874364601738309,23.63019659670616,8,25,50171,1.1197609287702683,1.0,0.44409451837699415,0.015358087430162148
exp3,696,0.5704807001084986,0.0062353887284756215,0.9,1.0262209080223228,2.6606942525072697,24.41652624747512,8,25,50204,1.3467874247168503,1.0,0.4439750801437707,0.017174299397734804
exp3,697,0.5700295841953086,0.006935904330189757,0.9,1.2005578782552722,3.1545242501776407,24.91035624514549,8,25,50237,3.2196261184510937,1.0,0.44384148877180485,0.03215700894760875
exp3,698,0.569857918811525,0.007594687996649863,0.9,1.2005578782552722,3.2080385035053016,24.96387049847315,0,25,50262,4.58947812543023,0.0,0.47685791922145765,0.036715825003441845
exp3,699,0.5693847052907177,0.008843234697148872,0.9,1.2005578782552722,3.8185113988973085,25.574343393865156,0,25,50287,4.313740984844326,0.0,0.4765895183433147,0.03450992787875461
exp3,700,0.5688306099486757,0.009704486842928683,0.9,1.2005578782552722,4.562331918177673,26.318163913145522,0,25,50312,3.620579222176519,0.0,0.47633711026488706,0.028964633777412152
exp3,701,0.5685126390736761,0.010571182530489387,0.9,1.033146994470262,4.4859373674539,26.24176936242175,8,25,50345,3.370574072181049,1.0,0.44422770652230664,0.03336459257744839
exp3,702,0.5681303965931722,0.010789672864174649,0.9,1.033146994470262,4.3912758682949695,26.147107863262818,0,25,50370,2.7911155045258695,0.0,0.4763525135721252,0.022328924036206958
exp3,703,0.5684933116069563,0.010452613727232718,0.9,0.8252508999496168,2.324299628162837,24.080131623130686,8,25,50403,1.4673250752434777,1.0,0.44411019045909295,0.018138600601947823
exp3,704,0.5686902809581768,0.0101500400764869,0.9,0.8252508999496168,3.265567719698572,25.021399714666423,0,25,50428,4.170702479694386,0.0,0.47631274334379886,0.03336561983755509
exp3,705,0.568589359791902,0.010022582748757336,0.9,0.9006229760266292,2.2041609967077638,23.959992991675612,250,25,50703,1.159578884277707,2.0,0.07975027838095117,0.20927663107422165
exp3,706,0.5683613265687167,0.010332093063847192,0.9,0.9006229760266292,5.116676532047413,26.872508527015263,0,25,50728,6.372127633288642,0.0,0.47725336447219746,0.050977021066309136
exp3,707,0.5685294612686514,0.01028036167896329,0.9,0.9006229760266292,1.7506428163114238,23.506474811279272,0,25,50753,0.9264434285907305,0.0,0.4768810021459182,0.007411547428725844
exp3,708,0.568500219310839,0.01027131937164072,0.9,0.9006229760266292,2.746879438153404,24.502711433121252,0,25,50778,1.0708646459526423,0.0,0.4768268237175149,0.008566917167621138
exp3,709,0.5684686426303988,0.009830314965109221,0.9,0.9006229760266292,3.7609028876082577,25.516734882576106,0,25,50803,3.9333536549471164,0.0,0.4767641929268801,0.03146682923957693
exp3,710,0.5685703278884987,0.010045031021537087,0.9,0.9006229760266292,5.628123849608817,27.383955844576665,0,25,50828,7.667781368533211,0.0,0.4765341205633375,0.06134225094826569
exp3,711,0.5686652302925886,0.00967500765916085,0.9,0.724650325996809,2.940193484133353,24.696025479101202,8,25,50861,1.121586296248339,1.0,0.4463032573503647,0.015372690369986713
exp3,712,0.5688989119307508,0.008793678332025823,0.9,0.724650325996809,4.167685630684923,25.92351762565277,0,25,50886,4.515455027680402,0.0,0.47619018232491267,0.036123640221443216
exp3,713,0.5688695182866735,0.00824780182008833,0.9,0.8352918163940434,2.8273867981345653,24.583218793102414,8,25,50919,3.5475801322105225,1.0,0.44641490989088545,0.03478064105768418
exp3,714,0.5689010792370465,0.00793413427918066,0.9,0.8352918163940434,2.595602156385604,24.351434151353452,0,25,50944,2.9644755108901766,0.0,0.4761627098410563,0.02371580408712141
exp3,715,0.5694982038316303,0.006750337792995609,0.9,0.5976110611370915,4.032486840488972,25.78831883545682,8,25,50977,2.6861550007400745,1.0,0.4462970374627453,0.027889240005920597
exp3,716,0.5699005305435272,0.005882597800051181,0.9,0.5976110611370915,4.1280521739232245,25.883884168891072,0,25,51002,4.222560764612518,0.0,0.47617912798402406,0.03378048611690014
exp3,717,0.570045439651665,0.005300327305845509,0.9,0.7064379220815636,4.219656763026885,25.975488757994732,8,25,51035,3.4759750808500915,1.0,0.44629672643179236,0.034207800646800735
exp3,718,0.5700889239096998,0.005703837744331142,0.9,1.0815502718611167,4.19948401301951,25.95531600798736,8,25,51068,4.283374358140904,1.0,0.4460317714299349,0.04066699486512723
exp3,719,0.5701270990020731,0.00578611666281692,0.9,0.8898282561828883,5.606190508919285,27.362022503887133,250,25,51343,7.066422546338187,2.0,0.07784128413755598,0.2565313803707055
exp3,720,0.5702059534055115,0.005753690195353545,0.9,0.8898282561828883,3.4582871604247463,25.214119155392595,0,25,51368,3.3000259058856485,0.0,0.4778813562885133,0.026400207247085188
exp3,721,0.5697624371686115,0.00667487328981442,0.9,1.3091187232677455,5.842013042583818,27.597845037551668,8,25,51401,7.259579738208104,1.0,0.44722914509120465,0.06447663790566482
exp3,722,0.5691072075092526,0.0081720615666655,0.9,1.3091187232677455,4.16687526416098,25.922707259128828,0,25,51426,3.3400316254127143,0.0,0.4781296860447631,0.026720253003301712
exp3,723,0.5684315409751025,0.009826667253998056,0.9,1.3091187232677455,4.2651248530185635,26.02095684798641,0,25,51451,3.2549313239484565,0.0,0.47793484036933376,0.026039450591587653
exp3,724,0.5675978741552172,0.011374860204366621,0.9,1.3091187232677455,3.5236422006091956,25.279474195577045,0,25,51476,5.01590864296839,0.0,0.47774488646011215,0.04012726914374712
exp3,725,0.5676604554693153,0.011174796151152688,0.9,0.9384658210232234,1.9842085317743354,23.740040526742185,250,25,51751,1.4280650873866083,2.0,0.07522296311714487,0.21142452069909287
exp3,726,0.5671424684720904,0.012599146392745508,0.9,1.2169388974883901,3.656982802974611,25.41281479794246,8,25,51784,3.1428378359139897,1.0,0.44843073111033377,0.03154270268731192
exp3,727,0.5666522049430552,0.013904067524769914,0.9,1.2169388974883901,2.3243832803972153,24.080215275365063,0,25,51809,1.7917706307447059,0.0,0.4788509744473258,0.014334165045957647
exp3,728,0.5668749336042969,0.01278193365543745,0.9,0.7761983404620618,2.0415044996701055,23.797336494637953,8,25,51842,1.323532998874997,1.0,0.44827936690080383,0.016988263990999976
exp3,729,0.5668336337392079,0.01290147792149099,0.9,0.9159314676974428,2.9367613665323367,24.692593361500187,8,25,51875,3.4960807285256865,1.0,0.44814825907181366,0.034368645828205494
exp3,730,0.5669429371789649,0.012634508962592994,0.9,0.9159314676974428,3.774899549739432,25.53073154470728,0,25,51900,3.512105175076581,0.0,0.4790987170634318,0.028096841400612648
exp3,731,0.5670401404170095,0.013086815451609168,0.9,0.9159314676974428,4.872663176314607,26.628495171282456,0,25,51925,6.930183853028377,0.0,0.4788942231300496,0.05544147082422701
exp3,732,0.5668739379860152,0.013163281142345551,0.9,0.9041094244131322,3.979466803207036,25.735298798174885,8,25,51958,3.402672322059109,1.0,0.44841886841837875,0.03362137857647287
exp3,733,0.5668424731319983,0.013385145143698929,0.9,0.9041094244131322,3.3147270756410188,25.07055907060887,0,25,51983,3.5175831976037935,0.0,0.4787209088299804,0.028140665580830348
exp3,734,0.5663716538090513,0.014763540651772655,0.9,1.1357029200285353,2.5886038976434875,24.344435892611337,8,25,52016,1.5738744874342794,1.0,0.4483400562901533,0.018990995899474235
exp3,735,0.5661915949364156,0.01454743542149406,0.9,0.8920945546981514,3.707698283191799,25.46353027815965,250,25,52291,3.0898951126278793,2.0,0.0731604215460936,0.224719160901023
exp3,736,0.5663045234110551,0.014735752545486314,0.9,0.8920945546981514,1.8045961369217687,23.56042813188962,0,25,52316,1.3312681214216273,0.0,0.4798956694022199,0.010650144971373019
exp3,737,0.5657382698416982,0.015750780444546364,0.9,1.0712420622802883,1.6730845311520512,23.4289165261199,8,25,52349,1.0215525000821477,1.0,0.44942964694062065,0.014572420000657182
exp3,738,0.5655852786489228,0.015500210228420297,0.9,0.88864394823257,1.892975623002978,23.648807617970828,8,25,52382,1.247296643945222,1.0,0.44931742094302457,0.016378373151561775
exp3,739,0.5656763349695383,0.015259174668007414,0.9,0.88864394823257,1.7668808433893581,23.522712838357208,0,25,52407,1.2111483414487654,0.0,0.48003098770396374,0.009689186731590122
exp3,740,0.5655901431520959,0.01547278528307161,0.9,0.976537385207766,2.5317417036222793,24.28757369859013,8,25,52440,1.3214345055952454,1.0,0.4492535942262967,0.016971476044761964
exp3,741,0.5654189061857042,0.015910181438817173,0.9,0.976537385207766,3.6131398881881873,25.368971883156036,0,25,52465,3.451411149073457,0.0,0.480077255374152,0.02761128919258766
exp3,742,0.5657082625363954,0.014893542936645687,0.9,0.7423528931874774,2.5351174509407306,24.29094944590858,8,25,52498,1.2425480525778838,1.0,0.4493004526773559,0.01634038442062307
exp3,743,0.565717099253437,0.014326616364880196,0.9,0.875555718392528,1.9899659403887238,23.745797935356574,250,25,52773,1.4936524091983232,2.0,0.0708364354991699,0.21194921927358656
exp3,744,0.5661234728622383,0.013437944809648772,0.9,0.8121059210239627,4.088047719901089,25.84387971486894,8,25,52806,4.292498127099488,1.0,0.4502697346381326,0.04073998501679591
exp3,745,0.5663966536067297,0.012857341429946878,0.9,0.8121059210239627,1.9099915316653038,23.665823526633154,0,25,52831,1.269775937678935,0.0,0.4814425631244682,0.01015820750143148
exp3,746,0.5661479260140253,0.012725597526292098,0.9,0.9836773142060486,3.308050839473733,25.063882834441582,8,25,52864,3.3290662215916758,1.0,0.45002195461463085,0.0330325297727334
exp3,747,0.5664234150145946,0.012210767564122316,0.9,0.8044191955021734,2.9261860266257074,24.682018021593557,8,25,52897,1.7994016517932112,1.0,0.4497678470135775,0.02079521321434569
exp3,748,0.5656105331341102,0.01406488389667182,0.9,1.1658193897244875,1.7438495970566925,23.49968159202454,8,25,52930,1.6566662065476723,1.0,0.4496077989356937,0.01965332965238138
exp3,749,0.5649934010222616,0.01520437523151541,0.9,1.1658193897244875,3.8665060163279645,25.622338011295813,0,25,52955,5.165528631738217,0.0,0.48187578652626123,0.04132422905390574
exp3,750,0.5642074079800167,0.016945190250396425,0.9,1.1658193897244875,5.57059322178013,27.326425216747978,0,25,52980,6.4614703039849815,0.0,0.481576666379993,0.051691762431879854
exp3,751,0.5643007464510426,0.01708740223512195,0.9,0.9273199844551804,1.9260048186314191,23.68183681359927,250,25,53255,1.0074334925357304,2.0,0.06874220005031806,0.20805946794028585
exp3,752,0.564457619745383,0.01639835785602428,0.9,0.7933090932046749,2.155604280316336,23.911436275284185,8,25,53288,0.9086937628554511,1.0,0.4511238938915674,0.013669550102843608
exp3,753,0.5638279278586006,0.017508509232945002,0.9,1.1259440780086805,1.8134301840886533,23.5692621790565,8,25,53321,1.3999238237357285,1.0,0.45101894976276335,0.017599390589885827
exp3,754,0.5636147014800271,0.01781730863503672,0.9,0.9429048440799721,3.225910463963596,24.981742458931446,250,25,53596,2.5768341596285746,2.0,0.06655302172510615,0.2206146732770286
exp3,755,0.5636124703534475,0.01766120380356373,0.9,0.9516239201228488,2.828489341810557,24.584321336778405,8,25,53629,1.4377141136072447,1.0,0.45200653309447003,0.017901712908857958
exp3,756,0.5634633434427841,0.018010490481147223,0.9,0.9480120876754136,2.049302971950804,23.805134966918654,8,25,53662,1.4023687939328529,1.0,0.4518693229287272,0.017618950351462822
exp3,757,0.5630201589452378,0.018541569825399895,0.9,1.031842198547492,4.491005806690514,26.246837801658362,8,25,53695,7.295925677159313,1.0,0.4517342456483737,0.0647674054172745
exp3,758,0.5626439532267469,0.020083410353646802,0.9,1.1500079780224648,5.028186362938551,26.7840183579064,8,25,53728,8.650066468095892,1.0,0.45123760880181935,0.07560053174476714
exp3,759,0.5617905886640507,0.02162728786206447,0.9,1.1500079780224648,1.8165182221272087,23.572350217095057,0,25,53753,1.498331350866275,0.0,0.48498750939702145,0.011986650806930201
exp3,760,0.5622469452853703,0.020412138677906144,0.9,0.7902185820539549,2.5383522943962267,24.294184289364075,8,25,53786,2.0554672537263494,1.0,0.4507347781102881,0.022843738029810795
exp3,761,0.562835427421595,0.01984021324743368,0.9,0.7902185820539549,2.415349439163328,24.171181434131178,0,25,53811,1.6736377252689372,0.0,0.4850599861872005,0.013389101802151498
exp3,762,0.5633320684454849,0.018397867599850626,0.9,0.7597916473437216,2.41120017396345,24.1670321689313,8,25,53844,1.389980810552065,1.0,0.45064571280243576,0.01751984648441652
exp3,763,0.5634839788602181,0.01796073151908506,0.9,0.8372091100500353,4.016901676608778,25.772733671576628,250,25,54119,3.606155616837299,2.0,0.064403492602456,0.22884924493469838
exp3,764,0.5643219489677861,0.015883283870516185,0.9,0.649965886231297,2.947819707718574,24.70365170268642,8,25,54152,2.5619900533279494,1.0,0.45166190067668405,0.026895920426623598
exp3,765,0.564743479578877,0.014464259744529917,0.9,0.649965886231297,2.619115927176324,24.374947922144173,0,25,54177,1.437468133659357,0.0,0.48651494042479526,0.011499745069274857
exp3,766,0.565533562036222,0.012814540886580073,0.9,0.5649445147775923,2.523063795237439,24.27889579020529,8,25,54210,1.1803000540627917,1.0,0.4515300217247833,0.015842400432502336
exp3,767,0.5662734733170252,0.010899182534394036,0.9,0.5649445147775923,3.9057832310343983,25.661615226002247,0,25,54235,3.510397930436318,0.0,0.4865428962066494,0.028083183443490544
exp3,768,0.5663223356644856,0.011268207981402933,0.9,0.8311571524511405,2.205412348702351,23.9612443436702,8,25,54268,1.1552968853747696,1.0,0.45159015223856896,0.015642375082998157
exp3,769,0.5662211522680417,0.011798751100244753,0.9,0.9840118649768211,1.8936625868450103,23.64949458181286,8,25,54301,1.3111172794888162,1.0,0.45147016620424,0.016888938235910526
exp3,770,0.5662438034676834,0.012695628711588247,0.9,0.9840118649768211,4.862262735103551,26.618094730071398,0,25,54326,7.251060829716679,0.0,0.486568243881478,0.058008486637733433
exp3,771,0.5663688829713809,0.0132064013845129,0.9,0.9840118649768211,4.023579078970198,25.779411073938046,0,25,54351,3.2755531749621944,0.0,0.4861522602224749,0.026204425399697556
exp3,772,0.5662259486243829,0.013530550219541082,0.9,0.9840118649768211,1.0235378819286776,22.779369876896528,0,25,54376,0.4183438204209383,0.0,0.48596418854484313,0.0033467505633675066
exp3,773,0.5664948620848836,0.013297586653816307,0.9,0.8754050077852693,5.3466839839763045,27.102515978944155,8,25,54409,7.302837026660915,1.0,0.4519070732869718,0.06482269621328732
exp3,774,0.5663619762425254,0.013527008661113893,0.9,0.8754050077852693,2.77805782557085,24.5338898205387,0,25,54434,3.6395148624967173,0.0,0.4863915228236539,0.029116118899973738
exp3,775,0.5664492265637808,0.012874908352260794,0.9,0.8037498464503303,1.3455402047601137,23.10137219972796,8,25,54467,0.5966765733688283,1.0,0.45159851650494387,0.011173412586950626
exp3,776,0.5670486904724937,0.011821833276638438,0.9,0.6869025609823164,2.183486632491465,23.939318627459315,8,25,54500,1.7032226890427284,1.0,0.45151281078334926,0.020025781512341828
exp3,777,0.5671815859214216,0.011965368371327445,0.9,0.879743336902945,5.449668276753984,27.20550027172183,8,25,54533,7.095303013669333,1.0,0.45135918043924417,0.06316242410935466
exp3,778,0.5673402900726134,0.011671277832853488,0.9,0.879743336902945,4.524627326354596,26.280459321322446,0,25,54558,7.820330402916084,0.0,0.4868402530030224,0.06256264322332868
exp3,779,0.567839642322923,0.00997267784933853,0.9,0.5672729096649566,2.347670404797721,24.10350239976557,8,25,54591,3.651511307922922,1.0,0.4512787286878071,0.03561209046338338
exp3,780,0.5682256770046794,0.00846529496780446,0.9,0.5672729096649566,3.8931695118755867,25.649001506843437,0,25,54616,2.125415141978847,0.0,0.48664006009399857,0.017003321135830776
exp3,781,0.5688050861731002,0.007275597859950911,0.9,0.5672729096649566,2.496407907482139,24.252239902449986,0,25,54641,1.0785157658049809,0.0,0.48651814440310387,0.008628126126439848
exp3,782,0.568426474768434,0.006994797610638925,0.9,1.0213507523171128,2.2192016710899836,23.975033666057833,8,25,54674,1.4752325765300178,1.0,0.45117108026783764,0.01820186061224014
exp3,783,0.5681605514080234,0.00744469116061075,0.9,1.0213507523171128,4.076210063821177,25.83204205878903,0,25,54699,4.000411035517876,0.0,0.48658314497039906,0.03200328828414301
exp3,784,0.5686219579296451,0.006559662835724067,0.9,0.6962247927712614,2.3482026978756108,24.10403469284346,8,25,54732,1.1053228810387359,1.0,0.4512381980308187,0.015242583048309888
exp3,785,0.5688358588679459,0.0056965437249409945,0.9,0.6962247927712614,4.948622042014388,26.704454036982238,0,25,54757,6.965209728057989,0.0,0.4864598822984349,0.05572167782446391
exp3,786,0.5692764241036469,0.004730581089845587,0.9,0.6962247927712614,3.3658250148308566,25.121657009798707,0,25,54782,3.2421228967494007,0.0,0.48606021076283007,0.025936983173995204
exp3,787,0.5690592681555781,0.004805484952771444,0.9,0.9085571021564429,3.0813017410098045,24.837133735977652,250,25,55057,1.139313591940051,2.0,0.06247675835372474,0.2091145087355204
exp3,788,0.5687371191363544,0.005956961927935378,0.9,1.187286790308401,3.1895566615057467,24.945388656473597,8,25,55090,2.4963008038263097,1.0,0.4526953064294783,0.026370406430610477
exp3,789,0.5687681986387695,0.0065054633474783685,0.9,1.0143339103592586,5.5137003360573775,27.269532331025225,8,25,55123,6.846180887628881,1.0,0.4524934470986468,0.061169447101031046
exp3,790,0.5684347853213209,0.007389399876517322,0.9,1.0143339103592586,2.4454736852102457,24.201305680178095,0,25,55148,1.2761492593168744,0.0,0.4876131564720762,0.010209194074534996
exp3,791,0.568779386353302,0.007232378214234836,0.9,0.74051667238813,3.8554367699292675,25.611268764897115,8,25,55181,3.78419879994488,1.0,0.4520911952073888,0.036673590399559045
exp3,792,0.5687507400894528,0.007285369660803953,0.9,0.8934542640337022,3.4018135474842706,25.15764554245212,8,25,55214,3.6123240199607687,1.0,0.45181015673709113,0.03529859215968615
exp3,793,0.5686769326207485,0.007075039714214859,0.9,0.8934542640337022,2.1582304798436684,23.914062474811516,0,25,55239,1.175513300282934,0.0,0.4880431000744843,0.009404106402263473
exp3,794,0.5687243992574814,0.006122357012112167,0.9,0.7188369640577992,1.1393856630278212,22.89521765799567,8,25,55272,0.5982332073227964,1.0,0.45160037137099024,0.01118586565858237
exp3,795,0.5693304417612339,0.005060133227281494,0.9,0.546828507239376,3.47330148247552,25.22913347744337,8,25,55305,4.881802027109924,1.0,0.4515145704242172,0.04545441621687939
exp3,796,0.5697406984788635,0.004136621814624042,0.9,0.546828507239376,3.5644820429059116,25.32031403787376,0,25,55330,3.1177055965093823,0.0,0.4883720087532957,0.02494164477207506
exp3,797,0.5703052407390864,0.0043233288834524375,0.9,0.546828507239376,2.973350946848966,24.729182941816816,0,25,55355,1.9016652935703995,0.0,0.48819379461786266,0.015213322348563197
exp3,798,0.5703655196447605,0.004307358776324821,0.9,0.8836837984844496,4.986007207885374,26.74183920285322,250,25,55630,7.0533821066612195,2.0,0.06048939681956911,0.25642705685328976
exp3,799,0.5704194679330836,0.004342818446454011,0.9,0.8836837984844496,2.1816026023281836,23.937434597296033,0,25,55655,1.4449877422485946,0.0,0.48945266768659407,0.011559901937988757
exp3,800,0.5702122498466512,0.0041841872658002766,0.9,0.8836837984844496,2.4519496929358926,24.20778168790374,0,25,55680,1.0424834321971237,0.0,0.4893702485988693,0.00833986745757699
exp3,801,0.5702999333367498,0.00418249944445459,0.9,0.8836837984844496,2.081998249361982,23.83783024432983,0,25,55705,1.2705160845954997,0.0,0.4893107776259993,0.010164128676763997
exp3,802,0.5700275045416123,0.004647881791344566,0.9,1.260913959489898,1.7479507333127327,23.503782728280584,8,25,55738,1.8912376840196012,1.0,0.4528823895937807,0.02152990147215681
exp3,803,0.5694216068533607,0.0057605833861115174,0.9,1.260913959489898,3.1359823230145105,24.89181431798236,0,25,55763,3.6324804776740187,0.0,0.48938927201775373,0.02905984382139215
exp3,804,0.569613920917162,0.0045801745392601845,0.9,0.6471763003444391,3.121765678370966,24.877597673338816,8,25,55796,3.597124515182022,1.0,0.4529062192844679,0.03517699612145618
exp3,805,0.5693691940710907,0.00581215102836341,0.9,1.1580911190111152,2.746153822162218,24.501985817130066,8,25,55829,4.930921431485478,1.0,0.4526370561333832,0.04584737145188382
exp3,806,0.5693131455593675,0.0058387260682697395,0.9,0.9369976569623608,1.8621097555684456,23.617941750536296,8,25,55862,1.0967147491486011,1.0,0.45228607651130026,0.015173717993188809
exp3,807,0.5695176395190356,0.006046845737409656,0.9,0.9369976569623608,2.0485723595985017,23.80440435456635,0,25,55887,1.3650306692773555,0.0,0.48985685515601074,0.010920245354218844
exp3,808,0.5696244174714081,0.0064101905774923695,0.9,0.9369976569623608,2.5845777895696753,24.340409784537524,0,25,55912,1.513107175507453,0.0,0.4897790600411822,0.012104857404059624
exp3,809,0.5694222316975632,0.006134681169118639,0.9,0.8776438051238986,1.9513085286202179,23.707140523588066,8,25,55945,1.0310188359734942,1.0,0.45231908372177637,0.014648150687787954
exp3,810,0.5694891568780821,0.006376886877696442,0.9,0.8776438051238986,4.426005444497798,26.181837439465646,0,25,55970,3.8122997203990483,0.0,0.4897956303970083,0.030498397763192388
exp3,811,0.5697248832037417,0.006089438687029491,0.9,0.6758407883164718,3.1063887607871346,24.862220755754983,8,25,56003,2.7600810479052003,1.0,0.4524045650677613,0.028480648383241602
exp3,812,0.5700233748425076,0.005453689433360331,0.9,0.6758407883164718,3.096980360365955,24.852812355333803,0,25,56028,4.4519082306287325,0.0,0.4897781956625606,0.03561526584502986
exp3,813,0.5700138825914759,0.005055511833420234,0.9,0.8521371233470558,1.9123977238323406,23.66822971880019,8,25,56061,1.347539123719958,1.0,0.45241728116494123,0.017180312989759666
exp3,814,0.569907313124726,0.004968372096361362,0.9,0.8521371233470558,4.381415804593948,26.1372477995618,0,25,56086,3.365848854780146,0.0,0.4896449847159922,0.026926790838241167
exp3,815,0.5697733900412646,0.005023005679057668,0.9,0.9912731123872637,4.255325143618137,26.011157138585986,8,25,56119,3.419986341243744,1.0,0.45246026876405054,0.033759890729949955
exp3,816,0.5696604787589907,0.0047016103430749245,0.9,0.8808614242492173,2.701704736736954,24.457536731704803,250,25,56394,1.2444053188322792,2.0,0.05810834339200387,0.20995524255065826
exp3,817,0.5696096609466687,0.0055079131307635976,0.9,1.075723790741615,4.0285301172656185,25.784362112233467,8,25,56427,4.226491782221647,1.0,0.45322722305398744,0.040211934257773176
exp3,818,0.569752974994861,0.005029884946957552,0.9,0.5096365326476093,1.9863840247952411,23.74221601976309,8,25,56460,1.4426119514640505,1.0,0.4529197195626664,0.017940895611712405
exp3,819,0.5695611837388358,0.0049815947606197675,0.9,1.0258762215479744,2.0403067956475316,23.79613879061538,8,25,56493,0.8752704044015779,1.0,0.45278244180968547,0.013402163235212622
exp3,820,0.569473862229871,0.005470508211066649,0.9,1.0258762215479744,3.816862424181401,25.57269441914925,0,25,56518,3.3485751146479314,0.0,0.49130686678413343,0.026788600917183453
exp3,821,0.5688914389718727,0.006773790380095068,0.9,1.4874960890412885,2.8054628166989235,24.561294811666773,8,25,56551,4.022833899264881,1.0,0.4528537133706125,0.038582671194119046
exp3,822,0.5677574859868629,0.00876080447094063,0.9,1.4874960890412885,2.6444642138403625,24.40029620880821,0,25,56576,4.58516143876661,0.0,0.491388217232914,0.03668129151013288
exp3,823,0.5670030413330882,0.011264542054617577,0.9,1.4874960890412885,3.5178183321981544,25.273650327166003,0,25,56601,6.661632681908358,0.0,0.4911277093770883,0.05329306145526687
exp3,824,0.5670954171829568,0.01070333265842549,0.9,0.8475014201083227,3.3220708710859865,25.077902866053837,8,25,56634,3.5627288922781,1.0,0.4531423836838463,0.0349018311382248
exp3,825,0.5676273871048098,0.009491425301081713,0.9,0.6782674361116718,2.267009915837115,24.022841910804964,8,25,56667,1.1704954193413049,1.0,0.4528754429743223,0.01576396335473044
exp3,826,0.5682885054662005,0.008033782784458099,0.9,0.5648648508214027,2.1047599065049627,23.860591901472812,8,25,56700,2.0225071309444176,1.0,0.4527548121118224,0.022580057047555342
exp3,827,0.5687111437888632,0.006789020685166847,0.9,0.5648648508214027,2.089817497117044,23.845649492084892,0,25,56725,1.472372250360375,0.0,0.4912644883956378,0.011778978002882998
exp3,828,0.5687875204420187,0.007095529087367769,0.9,0.8722540037631827,2.8961823168889937,24.652014311856842,250,25,57000,3.0896123176290815,2.0,0.05616077726974561,0.22471689854103266
exp3,829,0.5687531972868575,0.007242406569821225,0.9,0.8722540037631827,5.976678963294866,27.732510958262715,0,25,57025,7.358464927366216,0.0,0.49235910106178293,0.05886771941892973
exp3,830,0.5690935865075818,0.007575257379247025,0.9,0.8722540037631827,3.9041868282303347,25.660018823198183,0,25,57050,7.732991472660115,0.0,0.4919418479846004,0.061863931781280926
exp3,831,0.5693295390116091,0.007917514894504318,0.9,0.8722540037631827,3.4868089817507726,25.242640976718622,0,25,57075,3.501967552172026,0.0,0.4915029871636837,0.028015740417376207
exp3,832,0.5697441481430575,0.007990516119986135,0.9,0.8744113940074262,4.381425476512227,26.137257471480076,8,25,57108,3.353993209461457,1.0,0.4547098243384784,0.033231945675691654
exp3,833,0.5698543639827692,0.00796615231315223,0.9,0.8744113940074262,2.780837958256225,24.536669953224074,0,25,57133,1.3343852275493653,0.0,0.49153815558630287,0.010675081820394922
exp3,834,0.5696856683506275,0.007780397292450836,0.9,0.8744113940074262,3.555185193825167,25.311017188793016,0,25,57158,2.9300554632289226,0.0,0.49146236484620015,0.02344044370583138
exp3,835,0.5698446780085912,0.007835605706842719,0.9,0.8744113940074262,3.609273938144109,25.36510593311196,0,25,57183,3.6784370599749123,0.0,0.49129591739491585,0.0294274964797993
exp3,836,0.5699038587463875,0.007634096235710208,0.9,0.8744113940074262,0.9660211809397393,22.72185317590759,0,25,57208,0.4535725972941283,0.0,0.49108688637660985,0.0036285807783530263
exp3,837,0.5700894129368447,0.007573713034270568,0.9,0.8744113940074262,2.9186372050615237,24.67446920002937,0,25,57233,1.2140804046647056,0.0,0.4910611007113342,0.009712643237317645
exp3,838,0.5705319811120904,0.00683116590493249,0.9,0.6519650039344035,3.3658465119279875,25.121678506895837,8,25,57266,2.4896189664782935,1.0,0.45495757356554545,0.026316951731826348
exp3,839,0.5707683833193882,0.005701886393004729,0.9,0.6519650039344035,2.984958468871392,24.74079046383924,0,25,57291,2.887197302837213,0.0,0.4911773385744826,0.023097578422697704
exp3,840,0.5704230819832257,0.006313179418062864,0.9,1.2164600430964494,3.5055537943176716,25.26138578928552,8,25,57324,2.9132731509785796,1.0,0.4549075728100045,0.02970618520782864
exp3,841,0.5705538851407286,0.00660848415892723,0.9,0.8737076615854616,4.562666747000682,26.318498741968533,8,25,57357,3.5221791364153776,1.0,0.45468111360396124,0.03457743309132302
exp3,842,0.5705185534176269,0.006706587583266033,0.9,0.8737076615854616,2.015941898445129,23.771773893412977,0,25,57382,1.1625456860865675,0.0,0.49146588296115545,0.00930036548869254
exp3,843,0.5701473499907587,0.006667331479353278,0.9,0.8737076615854616,1.9022650028444616,23.65809699781231,0,25,57407,1.007934138659196,0.0,0.4913998427434505,0.008063473109273567
exp3,844,0.5703110021217701,0.00643557940780537,0.9,0.8737076615854616,3.714986747374891,25.47081874234274,0,25,57432,3.376500305244307,0.0,0.49134257782058993,0.02701200244195446
exp3,845,0.5705877350999591,0.0062845145191300356,0.9,0.8737076615854616,3.308944440589101,25.06477643555695,0,25,57457,2.7599417271095796,0.0,0.4911507227563145,0.022079533816876638
exp3,846,0.5707200962116066,0.005870459412871232,0.9,0.7285120492108642,3.5048407055075472,25.260672700475396,8,25,57490,2.664877765072332,1.0,0.4548505359678145,0.02771902212057865
exp3,847,0.5709230225642294,0.00547219714488234,0.9,0.7285120492108642,3.1707251243079924,24.92655711927584,0,25,57515,6.278007149277989,0.0,0.4911889710768751,0.05022405719422392
exp3,848,0.5706433077037552,0.00570770282456845,0.9,0.9068171992184778,5.48537223219319,27.241204227161038,8,25,57548,6.308081391711326,1.0,0.45496659127837497,0.056864651133690616
exp3,849,0.5708831126913388,0.005687935728972304,0.9,0.9423397100369661,4.056816677136747,25.812648672104597,8,25,57581,4.0182794180838615,1.0,0.45453315759102575,0.038546235344670894
exp3,850,0.5709608174541171,0.005870800666091802,0.9,0.9423397100369661,2.30551579162368,24.06134778659153,0,25,57606,1.171200944343361,0.0,0.4915037734353835,0.00936960755474689
exp3,851,0.5708001231252278,0.006232159728608244,0.9,1.0806575251202177,2.996850423254292,24.75268241822214,8,25,57639,1.13056022873039,1.0,0.4543001284457867,0.01544448182984312
exp3,852,0.5710261941978554,0.0059654504956609955,0.9,0.8001341241358041,4.214458474066795,25.970290469034644,8,25,57672,3.8307244960472846,1.0,0.45418225500029974,0.03704579596837827
exp3,853,0.5712762892954821,0.006147884211454846,0.9,0.8001341241358041,2.419891509891965,24.175723504859814,0,25,57697,1.059035402796274,0.0,0.49180714222607524,0.008472283222370192
exp3,854,0.5715553707500574,0.0058643458213868405,0.9,0.8001341241358041,2.3809029596014737,24.136734954569324,0,25,57722,1.2030185446980997,0.0,0.491747023617199,0.009624148357584798
exp3,855,0.5716821187737389,0.005775058166863967,0.9,0.8001341241358041,3.110473800955772,24.866305795923623,0,25,57747,2.9372045070289774,0.0,0.49167872315787287,0.02349763605623182
exp3,856,0.5718773824725439,0.006231588158597812,0.9,0.8001341241358041,2.7784356483839106,24.53426764335176,0,25,57772,1.1976259394044748,0.0,0.49151194263081077,0.009581007515235797
exp3,857,0.5719106368472369,0.0062947584644005294,0.9,0.8001341241358041,4.91216814571817,26.66800014068602,0,25,57797,6.17283316312424,0.0,0.4914439159666872,0.049382665304993925
exp3,858,0.5721381467563952,0.006648222924306335,0.9,0.8001341241358041,1.871855454914953,23.627687449882803,0,25,57822,1.1315520405561943,0.0,0.4910932435897833,0.009052416324449555
exp3,859,0.571935271749757,0.005653171684485203,0.9,1.2039938948553721,3.3904048864702396,25.14623688143809,8,25,57855,3.6077877563579213,1.0,0.4546131990660409,0.03526230205086337
exp3,860,0.5716056371367217,0.0058896616542825075,0.9,1.2039938948553721,2.828034491031561,24.58386648599941,0,25,57880,3.103488781626623,0.0,0.4912771597696293,0.024827910253012984
exp3,861,0.5717062283606932,0.005744229796040057,0.9,0.7137946209393936,2.7238845569220125,24.47971655188986,8,25,57913,2.5121909087067755,1.0,0.4545059732750596,0.0264975272696542
exp3,862,0.5720219484979515,0.005634701892937244,0.9,0.7137946209393936,2.4793347298507835,24.235166724818633,0,25,57938,0.6730991620951396,0.0,0.49128736362459424,0.005384793296761117
exp3,863,0.5723442773762067,0.005987613324555219,0.9,0.7137946209393936,2.522353544724275,24.278185539692124,0,25,57963,1.4392546087504772,0.0,0.4912491133590685,0.011514036870003817
exp3,864,0.5727234133018062,0.0073872590004362415,0.9,0.7137946209393936,3.843874910650213,25.599706905618064,0,25,57988,3.728275462515145,0.0,0.49116731840496175,0.029826203700121158
exp3,865,0.5729607500260795,0.008315214641167357,0.9,0.7137946209393936,2.5650601255857635,24.320892120553612,0,25,58013,4.051778776674965,0.0,0.4909554001765205,0.03241423021339972
exp3,866,0.5727668352554326,0.007448247295981925,0.9,1.0616722993272023,4.209482550465347,25.965314545433195,8,25,58046,3.5857132693855953,1.0,0.4548195023480281,0.03508570615508476
exp3,867,0.5728187173849845,0.0071873080126152455,0.9,1.0616722993272023,3.6367761256014934,25.392608120569342,0,25,58071,1.964735550319456,0.0,0.49097184239927416,0.01571788440255565
exp3,868,0.5726678260079368,0.006747118597431712,0.9,1.0616722993272023,4.105193314047593,25.861025309015442,0,25,58096,4.152396038047656,0.0,0.49086012100140164,0.03321916830438125
exp3,869,0.5728569274967447,0.0065627720552461355,0.9,1.0616722993272023,2.7796858157592177,24.535517810727068,0,25,58121,4.096395273993848,0.0,0.4906239488873041,0.03277116219195079
exp3,870,0.5727134931381587,0.006813207571264024,0.9,1.0616722993272023,1.968638924326704,23.724470919294554,0,25,58146,1.1304919525567236,0.0,0.4903908507186998,0.009043935620453789
exp3,871,0.5726056029040394,0.007138720129734821,0.9,1.043561091244353,3.663108172433062,25.418940167400912,8,25,58179,3.5595923257807467,1.0,0.45514370869241827,0.034876738606245974
exp3,872,0.5724488032819998,0.007145510270352151,0.9,0.8845131828098751,2.433041755543637,24.188873750511487,250,25,58454,1.3428285398728608,2.0,0.05455037907442787,0.21074262831898288
exp3,873,0.5724881063834534,0.0068029936610829456,0.9,0.8845131828098751,4.408701895844808,26.164533890812656,0,25,58479,3.1131958620867626,0.0,0.49166472604458084,0.0249055668966941
exp3,874,0.5726192363272379,0.0073462879233351375,0.9,0.8845131828098751,2.7262680628067435,24.48210005777459,0,25,58504,3.6608601389473576,0.0,0.4914879473660057,0.02928688111157886
exp3,875,0.5728814696585504,0.007795301702093083,0.9,0.902413723117037,4.069662833288313,25.82549482825616,8,25,58537,3.9284854750477516,1.0,0.4562433787375578,0.03782788380038201
exp3,876,0.5728024410797833,0.0076267236464299115,0.9,0.902413723117037,1.2107557778666933,22.966587772834544,0,25,58562,0.45990534188385296,0.0,0.491546473356045,0.0036792427350708238
exp3,877,0.572722057759346,0.007429242915863443,0.9,0.9634119272421497,1.9310510672528232,23.686883062220673,8,25,58595,1.0900848722640744,1.0,0.4559797823184443,0.015120678978112595
exp3,878,0.5725808004942405,0.007699067435778084,0.9,0.9634119272421497,2.3492323884544697,24.10506438342232,0,25,58620,1.2780180053805255,0.0,0.49162692376342687,0.010224144043044203
exp3,879,0.5724202850064364,0.007485487899625665,0.9,0.9634119272421497,2.218881265289359,23.974713260257207,0,25,58645,1.2393298994020288,0.0,0.4915543476230581,0.00991463919521623
exp3,880,0.5724833339090116,0.007792249667956774,0.9,0.9634119272421497,2.3265539593627618,24.08238595433061,0,25,58670,1.3855348777814351,0.0,0.49148395816370594,0.011084279022251481
exp3,881,0.5725871974015423,0.007938426780140229,0.9,0.9634119272421497,2.542004257110794,24.297836252078643,0,25,58695,2.8806108336221254,0.0,0.4914052535822432,0.023044886668977006
exp3,882,0.5722503015392744,0.008765117751602713,0.9,1.12805856026276,4.5209259890659315,26.27675798403378,8,25,58728,3.4779476881297944,1.0,0.4562195840496834,0.034223581505038354
exp3,883,0.5723934458444647,0.008587805289025474,0.9,0.8460333009215969,5.123284754340125,26.879116749307975,8,25,58761,8.049147503908845,1.0,0.45595932713628534,0.07079318003127075
exp3,884,0.5722646164608087,0.008417234563919518,0.9,0.8841019763894821,5.615871304447167,27.371703299415017,250,25,59036,7.954079759554885,2.0,0.052597718912649714,0.26363263807643905
exp3,885,0.5719411110703896,0.008725914980580285,0.9,1.1034300389257454,2.684564895422971,24.44039689039082,8,25,59069,1.7081211923068238,1.0,0.4566602706572696,0.020064969538454592
exp3,886,0.5716902639361742,0.009212621876704574,0.9,1.1034300389257454,1.9718302188277037,23.727662213795554,0,25,59094,1.3542195338577385,0.0,0.49346584617522504,0.010833756270861907
exp3,887,0.5714769810617784,0.009318044854747187,0.9,1.0986461398315013,4.105602674024841,25.86143466899269,8,25,59127,3.175180813027936,1.0,0.4565787382026026,0.03180144650422349
exp3,888,0.5716103707895613,0.0102280398957999,0.9,1.0986461398315013,3.054844262044589,24.81067625701244,0,25,59152,1.93242864472191,0.0,0.493614251867974,0.01545942915777528
exp3,889,0.5718840882076355,0.00951685702124394,0.9,0.5972431369838377,3.53635778797077,25.29218978293862,8,25,59185,4.605455697632929,1.0,0.4564382400087323,0.04324364558106343
exp3,890,0.5718562790047121,0.009702629768592153,0.9,1.0853674427216549,2.3074978621439706,24.06332985711182,8,25,59218,1.3765858404717017,1.0,0.45610952710248936,0.017412686723773614
exp3,891,0.5717333654393272,0.010598832189674279,0.9,1.0853674427216549,2.228864530346296,23.984696525314146,0,25,59243,1.5819373277373914,0.0,0.4939343237667649,0.01265549862189913
exp3,892,0.5714255177021835,0.010869035657811055,0.9,1.1093267941233222,1.7644312577694587,23.52026325273731,8,25,59276,1.4239457476018966,1.0,0.45605984131030997,0.01779156598081517
exp3,893,0.5714457652130329,0.010441566089770538,0.9,0.6553327353242813,3.1948354022432865,24.950667397211134,8,25,59309,2.8646237276556334,1.0,0.45592450028509907,0.029316989821245067
exp3,894,0.5718946157685771,0.009615292812087395,0.9,0.6553327353242813,3.4611934721527717,25.21702546712062,0,25,59334,2.6788297955587135,0.0,0.4941786021117537,0.02143063836446971
exp3,895,0.5720900438097507,0.009406674046013475,0.9,0.8377635832392497,2.8005809491661005,24.55641294413395,8,25,59367,1.2079243818867644,1.0,0.45584149239835914,0.016063395055094114
exp3,896,0.5726506244615811,0.008643152054230718,0.9,0.5768148797606816,2.4854922173244622,24.241324212292312,8,25,59400,1.4861578109065687,1.0,0.45571924748432574,0.01828926248725255
exp3,897,0.5729704091309676,0.008183544732631387,0.9,0.5768148797606816,1.8230321214803447,23.578864116448194,0,25,59425,0.9143390795881432,0.0,0.4942706821455713,0.007314712636705145
exp3,898,0.5732099367339499,0.007312510268689731,0.9,0.5768148797606816,2.856892832584111,24.61272482755196,0,25,59450,3.766928191546967,0.0,0.4942190366086243,0.030135425532375738
exp3,899,0.5734643613591035,0.00806379384730982,0.9,0.5768148797606816,2.947187213524298,24.703019208492147,0,25,59475,1.7149843728306107,0.0,0.49400624280713845,0.013719874982644886
exp3,900,0.5736053616714333,0.008957594002452107,0.9,0.5768148797606816,3.682176735950182,25.438008730918032,0,25,59500,3.3014534120840056,0.0,0.4939093214197099,0.026411627296672048
exp3,901,0.5737993301190583,0.010095553167384863,0.9,0.5768148797606816,2.2497324269028245,24.005564421870673,0,25,59525,1.09457744569073,0.0,0.4937227047313964,0.00875661956552584
exp3,902,0.5737770009797271,0.00973997573214247,0.9,1.126693769965162,2.8567770030876734,24.61260899805552,8,25,59558,1.6568313774038237,1.0,0.456144406348869,0.01965465101923059
exp3,903,0.5738375732111802,0.009988779651280977,0.9,0.8586030792102436,3.610422422033233,25.36625441700108,8,25,59591,3.110226532438561,1.0,0.45599491675478254,0.03128181225950849
exp3,904,0.5740018142408103,0.010398460165323309,0.9,0.8586030792102436,2.07955364186518,23.835385636833028,0,25,59616,0.831587743725827,0.0,0.4940214862937653,0.006652701949806617
exp3,905,0.5741661430274866,0.010791702912218759,0.9,0.8586030792102436,2.457252915936834,24.213084910904684,0,25,59641,1.2499096912681138,0.0,0.4939744910463336,0.009999277530144911
exp3,906,0.5738474918889858,0.00999006072117914,0.9,0.9868704453874623,2.9941683728732684,24.750000367841118,8,25,59674,1.515976761574094,1.0,0.45586577846425247,0.018527814092592753
exp3,907,0.5736599495239175,0.009476594759164958,0.9,1.0054782247829281,2.8244340288986867,24.580266023866535,8,25,59707,0.941301489302368,1.0,0.4557247857700551,0.013930411914418944
exp3,908,0.5735363668264246,0.008482058410345328,0.9,1.1150929512769228,2.84299170991908,24.59882370488693,8,25,59740,2.6376215817424153,1.0,0.45561874978577094,0.027500972653939325
exp3,909,0.5731737054668767,0.007275429188250415,0.9,1.1150929512769228,1.979377624298553,23.735209619266403,0,25,59765,1.089329176813157,0.0,0.4943286668865994,0.008714633414505256
exp3,910,0.5730871708719943,0.007083935770990424,0.9,1.1150929512769228,2.857173158648947,24.613005153616797,0,25,59790,1.340905082021343,0.0,0.4942671444697051,0.010727240656170745
exp3,911,0.5728247922985518,0.007345596798255527,0.9,1.1150929512769228,2.773446203896493,24.529278198864343,0,25,59815,1.8064059761496167,0.0,0.49419140421688484,0.014451247809196936
exp3,912,0.5725770825168454,0.007768360801229557,0.9,1.1150929512769228,1.8459608659281237,23.601792860895973,0,25,59840,1.10275403596082,0.0,0.4940893546581932,0.008822032287686559
exp3,913,0.5722173753880219,0.007919177832712676,0.9,1.1150929512769228,2.7474821587379723,24.503314153705823,0,25,59865,1.5841020186352552,0.0,0.49402704368223155,0.012672816149082042
exp3,914,0.5717470963655408,0.00781357909886371,0.9,1.1150929512769228,3.6362571387599285,25.39208913372778,0,25,59890,3.8862330930234816,0.0,0.49393752283194026,0.031089864744187852
exp3,915,0.5715445584753496,0.008633972393286227,0.9,1.1150929512769228,3.850683385623915,25.606515380591766,0,25,59915,3.312787491296716,0.0,0.4937178636802722,0.02650229993037373
exp3,916,0.5708006536304684,0.009706204047530975,0.9,1.3495814003895112,2.0295979611509662,23.785429956118815,8,25,59948,2.1687249250864573,1.0,0.45614777360327036,0.02374979940069166
exp3,917,0.5700576529595268,0.010680803511756376,0.9,1.3495814003895112,3.8140848799073845,25.569916874875233,0,25,59973,3.5138208105954605,0.0,0.49369862975167905,0.028110566484763684
exp3,918,0.5692211529011156,0.012634400361224096,0.9,1.3495814003895112,2.9135594426800573,24.669391437647906,0,25,59998,4.24043606895247,0.0,0.4934999237224073,0.033923488551619765
exp3,919,0.5703662865536994,0.0102173530889893,0.9,0.32984406904945024,3.2926535565737267,25.048485551541575,8,25,60031,2.5557966911162664,1.0,0.45637288661360664,0.026846373528930136
exp3,920,0.5714104084273139,0.008768673510693326,0.9,0.32984406904945024,3.9647355527324675,25.720567547700316,0,25,60056,4.036943299963735,0.0,0.4934499391918213,0.03229554639970988
exp3,921,0.5711790807891353,0.008885593249072898,0.9,0.9376619056182279,4.141247249255932,25.897079244223782,8,25,60089,3.398357996106455,1.0,0.45638006987043056,0.03358686396885164
exp3,922,0.5711617120799114,0.009086638463408292,0.9,0.9376619056182279,4.041464172502727,25.797296167470577,0,25,60114,3.526117844636818,0.0,0.4934591041813923,0.028208942757094548
exp3,923,0.5709785673402966,0.009010280927870262,0.9,1.066667554794323,4.270800200069368,26.026632195037216,8,25,60147,4.061258336105992,1.0,0.4563092605565029,0.03889006668884794
exp3,924,0.5710378603598006,0.010104136168541888,0.9,1.066667554794323,3.6619355112849488,25.417767506252797,0,25,60172,4.497546572784484,0.0,0.49353470426071944,0.03598037258227587
exp3,925,0.5710888954767724,0.010159707708170318,0.9,0.9089208597182679,5.3541825275859605,27.11001452255381,8,25,60205,7.154400215485023,1.0,0.4562488761055411,0.06363520172388018
exp3,926,0.5704910568652681,0.011064070699362882,0.9,1.2465975634337592,8.935337336668988,30.691169331636836,8,25,60238,16.51301832861156,1.0,0.4557649993364749,0.1385041466288925
exp3,927,0.5699942623622135,0.012501912113628721,0.9,1.2465975634337592,1.688370550957483,23.444202545925332,0,25,60263,1.1911281265058018,0.0,0.49471097281009063,0.009529025012046414
exp3,928,0.5690583926110679,0.014169646772635991,0.9,1.2465975634337592,3.488131771013681,25.24396376598153,0,25,60288,4.239459165840854,0.0,0.49464375344459227,0.03391567332672683
exp3,929,0.568839416513657,0.014417418563718365,0.9,0.9545899195966931,1.9292879482159642,23.685119943183814,8,25,60321,1.3009093980208561,1.0,0.4549943086776657,0.01680727518416685
exp3,930,0.5684446559827245,0.015426011528865358,0.9,1.1625615062066776,2.969809103743795,24.725641098711645,8,25,60354,2.457664532832642,1.0,0.4548662003743018,0.026061316262661137
exp3,931,0.5676865477679562,0.01642454149544159,0.9,1.1625615062066776,3.0039806960432913,24.759812691011142,0,25,60379,3.136005992621832,0.0,0.49470846129969864,0.025088047940974655
exp3,932,0.5672803845043711,0.017363627861536668,0.9,1.063552968658008,3.840629084491789,25.596461079459637,8,25,60412,4.038034441267821,1.0,0.4548310957502509,0.038704275530142565
exp3,933,0.5669441733261303,0.017952191049792954,0.9,1.063552968658008,2.4348955896375917,24.19072758460544,0,25,60437,1.3179023222165347,0.0,0.4948059667426409,0.010543218577732277
exp3,934,0.5666109020552199,0.018493536193496585,0.9,1.063552968658008,2.2522454442343176,24.008077439202168,0,25,60462,1.4887143798795408,0.0,0.4947316074817297,0.011909715039036328
exp3,935,0.5663613371905336,0.01937062614963092,0.9,1.063552968658008,4.511626560967678,26.267458555935526,0,25,60487,3.3418098322503575,0.0,0.49464759784528867,0.02673447865800286
exp3,936,0.5673223522849484,0.017620999014286487,0.9,0.6285954382741296,2.191663158769988,23.947495153737837,8,25,60520,1.1226806948002235,1.0,0.45485669988181,0.015381445558401787
exp3,937,0.5682528161074764,0.016165401444600658,0.9,0.6285954382741296,2.7462525606438333,24.50208455561168,0,25,60545,2.278050814133608,0.0,0.49456805239532,0.018224406513068864
exp3,938,0.5688862827641497,0.014294967335760744,0.9,0.6285954382741296,2.02028456298404,23.776116557951887,0,25,60570,1.543153245121823,0.0,0.4944394568082837,0.012345225960974584
exp3,939,0.568799810716018,0.014546139521619317,0.9,0.8919091482917851,1.9742766974135706,23.73010869238142,8,25,60603,1.1822500603779134,1.0,0.45493880824379945,0.015858000483023306
exp3,940,0.5670903150226732,0.017075690922037423,0.9,1.4534136683868282,5.057328864683209,26.813160859651056,8,25,60636,8.250468425197125,1.0,0.45481792283731776,0.072403747401577
exp3,941,0.5670533743547073,0.01697795567792848,0.9,0.8917565635104173,4.369187774987319,26.125019769955166,8,25,60669,3.7213742480518373,1.0,0.45426590516459053,0.036170993984414694
exp3,942,0.5670656434521756,0.016827630652727854,0.9,0.8917565635104173,3.8319359473035326,25.58776794227138,0,25,60694,3.1561362822419334,0.0,0.49523486871493405,0.02524909025793547
exp3,943,0.5664445026618031,0.01774728685921334,0.9,1.1414578899274916,3.6515060764282166,25.407338071396065,8,25,60727,2.7602219468562583,1.0,0.4541542220576033,0.028481775574850064
exp3,944,0.5657791877828676,0.019306005782069757,0.9,1.1414578899274916,1.9968770169202674,23.752709011888115,0,25,60752,1.667658226590305,0.0,0.49525914725978176,0.013341265812722441
exp3,945,0.5655564399138446,0.02004269986849283,0.9,0.9815988033488335,1.9600086520073599,23.71584064697521,8,25,60785,1.3620530574123342,1.0,0.4540236408802676,0.017296424459298673
exp3,946,0.565342450144849,0.020609723259384483,0.9,0.9815988033488335,1.8831668394250112,23.63899883439286,0,25,60810,1.4629279339506258,0.0,0.4952879611414467,0.011703423471605006
exp3,947,0.565201545423784,0.021055992359055753,0.9,0.9815988033488335,4.285290142705159,26.041122137673007,0,25,60835,3.2247095659309606,0.0,0.49520550030424115,0.02579767652744768
exp3,948,0.5647213227774946,0.02161004630687391,0.9,0.9815988033488335,3.882685293553193,25.638517288521044,0,25,60860,3.657820043754901,0.0,0.4950237023607691,0.029262560350039206
exp3,949,0.5631017887618313,0.024994062886111723,0.9,1.389152044280295,3.811995841162743,25.567827836130594,8,25,60893,8.039193901168684,1.0,0.45432627251700153,0.07071355120934948
exp3,950,0.561091372013887,0.02925061811024654,0.9,1.389152044280295,2.0625753903842163,23.818407385352067,0,25,60918,2.4984410611046037,0.0,0.4953191540085979,0.01998752848883683
exp3,951,0.5586692191324428,0.0344775049351308,0.9,1.389152044280295,3.342630490397374,25.098462485365225,0,25,60943,1.2757707305428372,0.0,0.49517833329404776,0.010206165844342698
exp3,952,0.5561774022949367,0.040811362290855024,0.9,1.393470932182203,1.9492760933484579,23.705108088316308,8,25,60976,2.180076434855088,1.0,0.45398315460011257,0.023840611478840704
exp3,953,0.5533300460945709,0.04776247025420488,0.9,1.393470932182203,2.6068708772901985,24.362702872258048,0,25,61001,3.2091070903441006,0.0,0.49527567316482335,0.025672856722752806
exp3,954,0.5528075496767862,0.04919550285614904,0.9,1.0180233452931753,4.5768947869773475,26.332726781945198,8,25,61034,4.094033895643877,1.0,0.4539681702699047,0.03915227116515101
exp3,955,0.5519348624680361,0.05107385580765289,0.9,1.0180233452931753,4.311107076131597,26.066939071099448,0,25,61059,3.1027530116948925,0.0,0.4953727475642509,0.024822024093559138
exp3,956,0.5512515767527267,0.052566618327530845,0.9,1.0180233452931753,2.0046936677185117,23.760525662686362,0,25,61084,1.385194745209081,0.0,0.4951978848182217,0.011081557961672647
exp3,957,0.5503456010596123,0.05502340266200956,0.9,1.054972626178033,4.459964545845065,26.215796540812914,8,25,61117,3.2055959690906017,1.0,0.45390279278131573,0.032044767752724815
exp3,958,0.549592091992584,0.057273690982693304,0.9,1.054972626178033,1.7880862769572377,23.543918271925087,0,25,61142,1.6625360501420758,0.0,0.4953473102102361,0.013300288401136607
exp3,959,0.5487070446300241,0.05997131511230569,0.9,1.054972626178033,1.8431017665950613,23.59893376156291,0,25,61167,1.2427514722545299,0.0,0.4952536094066446,0.009942011778036238
exp3,960,0.5485993681142108,0.060310671495417356,0.9,0.9508147306701428,2.53205693242128,24.28788892738913,8,25,61200,1.2266088620919353,1.0,0.45380926945856187,0.016212870896735482
exp3,961,0.5480204973762193,0.061996802824703656,0.9,0.9508147306701428,1.959166884346539,23.71499887931439,0,25,61225,1.0455797154087507,0.0,0.49529868317936054,0.008364637723270006
exp3,962,0.5481627109519164,0.06188390955000378,0.9,0.947990238477478,2.469497895784179,24.22532989075203,8,25,61258,1.2654365858388048,1.0,0.45373983987649996,0.01652349268671044
exp3,963,0.547884736797933,0.06254761059003944,0.9,0.9666515816878802,1.9241131077109939,23.679945102678843,8,25,61291,1.3964717073420612,1.0,0.453613599934407,0.017571773658736488
exp3,964,0.5490118161056003,0.05910063258995657,0.9,0.7286882250038911,3.1698945055721603,24.92572650054001,8,25,61324,1.1370337667805595,1.0,0.45347931975818345,0.015496270134244478
exp3,965,0.5501262205355005,0.055707562573091174,0.9,0.7286882250038911,4.495423769512053,26.2512557644799,0,25,61349,2.4913311124648065,0.0,0.4955920234171995,0.019930648899718455
exp3,966,0.5513531787583863,0.052305869138291605,0.9,0.7286882250038911,5.838650833427179,27.59448282839503,0,25,61374,6.705501934786382,0.0,0.49545168165834,0.05364401547829105
exp3,967,0.5515831700673783,0.051594360334816125,0.9,0.85700644642368,4.177906919513077,25.933738914480926,8,25,61407,3.1388858714009538,1.0,0.45383931136344985,0.03151108697120763
exp3,968,0.5517249486810777,0.051162573865340066,0.9,0.85700644642368,2.1354870216990887,23.891319016666937,0,25,61432,1.2809311367317937,0.0,0.49529754533115405,0.01024744909385435
exp3,969,0.5499506049404296,0.055797381069676355,0.9,1.1676234905315204,2.8484979966319015,24.60432999159975,8,25,61465,2.038684758431084,1.0,0.4536652729194965,0.022709478067448673
exp3,970,0.5496252290461116,0.05721944738644502,0.9,1.0065020350048852,2.8574029468913817,24.613234941859233,8,25,61498,1.462163117598961,1.0,0.4534917492263104,0.018097304940791686
exp3,971,0.5492555119786291,0.05842522399228245,0.9,1.0065020350048852,4.460246714223617,26.216078709191464,0,25,61523,2.464973794418588,0.0,0.4955151784855958,0.019719790355348703
exp3,972,0.5496032062195354,0.05787886532449826,0.9,0.9143168215978411,2.8188681671209492,24.5747001620888,8,25,61556,1.2185985832455044,1.0,0.45348162575030004,0.016148788665964038
exp3,973,0.549424314504964,0.05830497201355034,0.9,0.9143168215978411,1.2063248415139447,22.962156836481793,0,25,61581,0.5750972750397632,0.0,0.4954910166969782,0.004600778200318105
exp3,974,0.5487336566828578,0.06023599880594599,0.9,1.059441069767837,2.0579164805289514,23.8137484754968,8,25,61614,1.1147722626957373,1.0,0.45338810044542344,0.0153181781015659
exp3,975,0.5487912043771922,0.06026965392861694,0.9,0.9372820558864672,2.283786911581193,24.03961890654904,250,25,61889,1.4850677387841296,2.0,0.05116155941431654,0.21188054191027303
exp3,976,0.5472120483638369,0.06501031148244552,0.9,1.1964722943276618,1.942341479497098,23.698173474464948,8,25,61922,1.8971818590704386,1.0,0.4542572819330408,0.02157745487256351
exp3,977,0.5457749475345468,0.06990592391402628,0.9,1.1964722943276618,2.518611661491279,24.274443656459127,0,25,61947,1.6099895863745222,0.0,0.4968025293812634,0.012879916690996177
exp3,978,0.5447274227081877,0.07309033744892723,0.9,1.1299191130168293,2.772970925049153,24.528802920017004,8,25,61980,2.893149130130576,1.0,0.4541764729969244,0.029545193041044603
exp3,979,0.5449840057453722,0.07215811112520498,0.9,0.8930893659222795,1.682648203582815,23.438480198550664,8,25,62013,1.0735855979813758,1.0,0.4539509340648211,0.014988684783851005
exp3,980,0.5447809127055502,0.07268007560113088,0.9,0.9505033053636727,3.0676118457053656,24.823443840673214,250,25,62288,1.3620926149795125,2.0,0.049134181219748545,0.21089674091983607
exp3,981,0.5447401205494851,0.07349535097407878,0.9,0.9505033053636727,3.6663769029513626,25.422208897919212,0,25,62313,3.102267744987318,0.0,0.49808999492475825,0.024818141959898544
exp3,982,0.5445310008199014,0.07440461081765071,0.9,0.9505033053636727,3.1792271704265054,24.935059165394353,0,25,62338,1.4410172057696935,0.0,0.4979161296186653,0.011528137646157548
exp3,983,0.5453129121442404,0.07153621411594191,0.9,0.786661472533327,1.907996201606695,23.663828196574546,8,25,62371,1.363048562040908,1.0,0.4550392868782704,0.017304388496327268
exp3,984,0.5461292743937564,0.06829862315089796,0.9,0.786661472533327,3.4984445768639447,25.254276571831795,0,25,62396,3.697899079912039,0.0,0.4979589085640424,0.02958319263929631
exp3,985,0.546933926515856,0.06571542465051605,0.9,0.786661472533327,2.1365794627109875,23.892411457678836,0,25,62421,1.2389192984734998,0.0,0.49775160538919466,0.009911354387787999
exp3,986,0.5468471825760094,0.0662156731596919,0.9,0.9122443511085983,4.368928269597148,26.124760264564998,250,25,62696,3.459959170827806,2.0,0.047152735636947836,0.22767967336662248
exp3,987,0.5467475728934698,0.0664698807833578,0.9,0.9503362551477798,4.444050754981669,26.199882749949516,8,25,62729,3.098996771693149,1.0,0.4561884064884121,0.03119197417354519
exp3,988,0.5473652502738183,0.06446288093983532,0.9,0.8350114908896613,4.290616168353439,26.046448163321287,8,25,62762,3.1747205755859467,1.0,0.45595118905033183,0.03179776460468757
exp3,989,0.546885513637176,0.06677476729432708,0.9,1.0581129715872069,3.1718141917737515,24.9276461867416,8,25,62795,1.55393250150869,1.0,0.45570925746325763,0.01883146001206952
exp3,990,0.5473255216746633,0.06574442520021317,0.9,0.889167908868838,5.560755411583424,27.31658740655127,250,25,63070,6.9077346725093784,2.0,0.04504423923988702,0.25526187738007505
exp3,991,0.5474825618713175,0.06543525317887933,0.9,0.889167908868838,4.737073484626723,26.492905479594572,0,25,63095,3.618795554430372,0.0,0.500618553186164,0.028950364435442976
exp3,992,0.5478334913612524,0.06462281258135849,0.9,0.889167908868838,4.112517064857944,25.868349059825793,0,25,63120,3.6387372055283373,0.0,0.5004167928077994,0.029109897644226702
exp3,993,0.5495395906219863,0.05964603757395126,0.9,0.6561378024834186,3.0772019109614352,24.833033905929284,8,25,63153,3.1724989311780303,1.0,0.4570640753659999,0.03177999144942424
exp3,994,0.5491394764547644,0.0607323939683887,0.9,1.0142287672563899,2.3912862237769845,24.147118218744833,8,25,63186,1.2423222939448053,1.0,0.4568227819191037,0.01633857835155844
exp3,995,0.5487992475215978,0.061644703925299194,0.9,0.9987825685959401,2.670821927023281,24.42665392199113,8,25,63219,1.190660721236425,1.0,0.45669867090384736,0.0159252857698914
exp3,996,0.5494079185041337,0.059213578183076265,0.9,0.7207740034579296,1.954950256599987,23.710782251567835,8,25,63252,1.2579961987176351,1.0,0.45657767116230674,0.01646396958974108
exp3,997,0.550461432481075,0.055958613144588165,0.9,0.7207740034579296,4.471003043499969,26.22683503846782,0,25,63277,2.9327733826499847,0.0,0.5007918846734466,0.023462187061199877
exp3,998,0.5515289004801122,0.05315065829349286,0.9,0.7207740034579296,2.5863572665113277,24.342189261479177,0,25,63302,0.9962871642531221,0.0,0.5006284311779613,0.007970297314024977
exp3,999,0.5523832392338465,0.0505416463574353,0.9,0.7207740034579296,4.262413729169685,26.018245724137536,0,25,63327,3.525024717750791,0.0,0.5005728861322384,0.028200197742006328
exp3,1000,0.5523315438801163,0.049910405771874,0.9,0.8762966048031371,4.074119628123902,25.829951623091752,250,25,63602,3.7537485636605306,2.0,0.04278045931426621,0.23002998850928424
