schedule,t,reward,gap,beta_true,beta_hat_hint,beta_hat_look,n_hint,n_look,cum_aud
hint_only,1,0.5461604041381466,0.03773543349952557,0.0,0.03033165739465511,0.0,80,0,80
hint_only,2,0.5464345351056608,0.03662297550063254,0.0,-0.0009405372531063198,0.0,80,0,160
hint_only,3,0.5467557755895457,0.03605656176190963,0.0,0.0644231496331444,0.0,80,0,240
hint_only,4,0.5471107553426225,0.03537264756123626,0.0,0.05609782379110281,0.0,80,0,320
hint_only,5,0.5471537981128045,0.03530842217082719,0.0,-0.010297244644883172,0.0,80,0,400
hint_only,6,0.5472945143757099,0.035159516786043454,0.0,0.06137358119297111,0.0,80,0,480
hint_only,7,0.5476454091751701,0.034758968139473656,0.0,0.04232850465983171,0.0,80,0,560
hint_only,8,0.5479307704974925,0.03454892954860045,0.0,-0.09230479689774591,0.0,80,0,640
hint_only,9,0.5483116087191063,0.033809556751695835,0.0,-0.002822269816605988,0.0,80,0,720
hint_only,10,0.5485831226741283,0.033376332758264016,0.0,-0.027087635839003553,0.0,80,0,800
hint_only,11,0.5487366551775108,0.032800850181189944,0.0,-0.016090507303018576,0.0,80,0,880
hint_only,12,0.5489486554196469,0.032463584290514214,0.0,-0.04473841824215453,0.0,80,0,960
hint_only,13,0.5491742685225441,0.03217365945569972,0.0,0.006142569445157366,0.0,80,0,1040
hint_only,14,0.5492490139492665,0.032309032588285436,0.0,-0.060416309461092,0.0,80,0,1120
hint_only,15,0.5493845547822275,0.03252614892888983,0.0,-0.04099506429747421,0.0,80,0,1200
hint_only,16,0.5494789297372074,0.032540246929017136,0.0,0.03789708199335391,0.0,80,0,1280
hint_only,17,0.5498006579022088,0.0319055297144214,0.0,0.09682272042631712,0.0,80,0,1360
hint_only,18,0.549826732670152,0.0319950627353911,0.0,-0.0005127090780666383,0.0,80,0,1440
hint_only,19,0.5500599178968133,0.03134985203962892,0.0,-0.05695393582465411,0.0,80,0,1520
hint_only,20,0.550361306529414,0.030754015034231807,0.0,0.018502800091335935,0.0,80,0,1600
hint_only,21,0.5505268126558012,0.030671149083331573,0.0,-0.23946902133826978,0.0,80,0,1680
hint_only,22,0.5506088412962465,0.030637526169057017,0.0,0.049842770256260056,0.0,80,0,1760
hint_only,23,0.5508230326282877,0.03003979774427956,0.0,0.04539392590880216,0.0,80,0,1840
hint_only,24,0.5508821801249796,0.029812218818203284,0.0,-0.027295084252649877,0.0,80,0,1920
hint_only,25,0.5510026649273687,0.029484915046288362,0.0,-0.17422490187806905,0.0,80,0,2000
hint_only,26,0.5510885688922158,0.029361734222528524,0.0,-0.07433355593957754,0.0,80,0,2080
hint_only,27,0.5512648839822208,0.02912079330242634,0.0,-0.09327250797094377,0.0,80,0,2160
hint_only,28,0.5513373236057345,0.02923035276458663,0.0,0.005390340875138796,0.0,80,0,2240
hint_only,29,0.5514146171440597,0.029194228318383142,0.0,-0.06700378191476694,0.0,80,0,2320
hint_only,30,0.5514604325882383,0.02926802418641683,0.0,0.055118545173334976,0.0,80,0,2400
hint_only,31,0.5513936388979984,0.029145684878872813,0.0,-0.015071067575640064,0.0,80,0,2480
hint_only,32,0.5514737532668371,0.029348930838857923,0.0,-0.06550339968011337,0.0,80,0,2560
hint_only,33,0.551322090385317,0.029876875707104955,0.0,-0.04323522140044644,0.0,80,0,2640
hint_only,34,0.5514374593493906,0.02961773529582945,0.0,0.02701417585870739,0.0,80,0,2720
hint_only,35,0.5516580748054336,0.029436071594285296,0.0,-0.05644249657225611,0.0,80,0,2800
hint_only,36,0.5515754219672023,0.02968460257431793,0.0,-0.00329551665838864,0.0,80,0,2880
hint_only,37,0.551766725371959,0.028734279399684426,0.0,0.06605227257840679,0.0,80,0,2960
hint_only,38,0.5518094370183695,0.028823283589711646,0.0,-0.009635397285824953,0.0,80,0,3040
hint_only,39,0.5519732047917937,0.02840807773328069,0.0,0.060711784806525136,0.0,80,0,3120
hint_only,40,0.5521598841196207,0.028484704314980402,0.0,-0.03920171027028757,0.0,80,0,3200
hint_only,41,0.5522384307243158,0.028779064468174576,0.0,0.02538260942912119,0.0,80,0,3280
hint_only,42,0.5522637732363483,0.02878156749118077,0.0,0.06473672547392137,0.0,80,0,3360
hint_only,43,0.5524702291067299,0.0282985783818952,0.0,0.1091792992639187,0.0,80,0,3440
hint_only,44,0.5525695716566703,0.028268789259261018,0.0,0.0037578443713968857,0.0,80,0,3520
hint_only,45,0.5526770253170765,0.027757960417971184,0.0,-0.03802863418429341,0.0,80,0,3600
hint_only,46,0.5527189827575842,0.02772958197379627,0.0,0.10636458155753452,0.0,80,0,3680
hint_only,47,0.5527322025130343,0.027719848466787878,0.0,0.03709562252605087,0.0,80,0,3760
hint_only,48,0.5526151107059346,0.02782360795565686,0.0,-0.02087920341765103,0.0,80,0,3840
hint_only,49,0.5527393725878987,0.027733209556628835,0.0,0.05684791820767739,0.0,80,0,3920
hint_only,50,0.5527012216309402,0.028001106086870453,0.0,-0.04805311383097413,0.0,80,0,4000
hint_only,51,0.552775393174814,0.027750729050043277,0.0,0.015180087943932243,0.0,80,0,4080
hint_only,52,0.5528230480807697,0.027592233917941633,0.0,0.09996657929804459,0.0,80,0,4160
hint_only,53,0.5528005110013529,0.027743728697471992,0.0,0.04540664102993419,0.0,80,0,4240
hint_only,54,0.5528480556959487,0.027546475464871434,0.0,-0.010743493703492391,0.0,80,0,4320
hint_only,55,0.5530026451398669,0.027452468613655134,0.0,0.028800075540095896,0.0,80,0,4400
hint_only,56,0.5530481947272475,0.02745094028077566,0.0,0.02042639576387022,0.0,80,0,4480
hint_only,57,0.5531182921661351,0.027281852441378374,0.0,-0.08251905970821728,0.0,80,0,4560
hint_only,58,0.5532816079430877,0.02729398271993999,0.0,0.006748052821850853,0.0,80,0,4640
hint_only,59,0.5534047427426614,0.026919886023869743,0.0,-0.037156832096580265,0.0,80,0,4720
hint_only,60,0.5535191004279125,0.02683668238926007,0.0,-0.07013097874010078,0.0,80,0,4800
hint_only,61,0.5534487968494373,0.027261117292512016,0.0,-0.019984124177937487,0.0,80,0,4880
hint_only,62,0.5534238547540098,0.02741555732755696,0.0,0.10149664160833115,0.0,80,0,4960
hint_only,63,0.5535578635446843,0.027270300697872285,0.0,0.016266790306920208,0.0,80,0,5040
hint_only,64,0.5535429544745597,0.027853481781723866,0.0,0.044958678545179175,0.0,80,0,5120
hint_only,65,0.5536271155487238,0.02779425300992211,0.0,-0.058790553828707535,0.0,80,0,5200
hint_only,66,0.5536925171889706,0.02760016923777109,0.0,0.04693709224174421,0.0,80,0,5280
hint_only,67,0.5537095912962634,0.027536317282544243,0.0,0.061589792490351666,0.0,80,0,5360
hint_only,68,0.5538174835104084,0.027578825068038437,0.0,-0.06834057007808117,0.0,80,0,5440
hint_only,69,0.5539869984803109,0.027276665818499635,0.0,0.022876186073367222,0.0,80,0,5520
hint_only,70,0.5539790036308518,0.027278801787407714,0.0,0.09265092762420866,0.0,80,0,5600
hint_only,71,0.5540108472080592,0.02728163169058795,0.0,0.012165442972919745,0.0,80,0,5680
hint_only,72,0.5540814727638254,0.027338790694984794,0.0,-0.03629268275315404,0.0,80,0,5760
hint_only,73,0.5540114643900532,0.027619064668525817,0.0,0.06336381281169702,0.0,80,0,5840
hint_only,74,0.5540445926968255,0.02771484761551668,0.0,-0.030101062987128724,0.0,80,0,5920
hint_only,75,0.554258124126481,0.02718633934103376,0.0,0.005292519706390033,0.0,80,0,6000
hint_only,76,0.5542755321867965,0.027169434404158088,0.0,-0.07653861469396397,0.0,80,0,6080
hint_only,77,0.5542421707281175,0.027327769254032908,0.0,0.07375630880946336,0.0,80,0,6160
hint_only,78,0.5543040904513291,0.027000766768822793,0.0,0.013763839207115719,0.0,80,0,6240
hint_only,79,0.5542727603478879,0.027037783748763866,0.0,0.10794726147788371,0.0,80,0,6320
hint_only,80,0.5544496190382846,0.026435964992313488,0.0,-0.012500721613367056,0.0,80,0,6400
hint_only,81,0.5546254867747157,0.0261083872310216,0.0,-0.05324856570347845,0.0,80,0,6480
hint_only,82,0.5548588961053108,0.025598028742172207,0.0,0.05448944140326146,0.0,80,0,6560
hint_only,83,0.5548594062871881,0.025690352448536236,0.0,-0.0708310281960788,0.0,80,0,6640
hint_only,84,0.555009206953933,0.025142785925474587,0.0,-0.018015169258520765,0.0,80,0,6720
hint_only,85,0.55522496947079,0.024798260758797208,0.0,0.0012607930289064955,0.0,80,0,6800
hint_only,86,0.5552682633308833,0.02494804138642881,0.0,-0.0011824015460715916,0.0,80,0,6880
hint_only,87,0.5554051553383968,0.02480239124534278,0.0,0.05073935663140285,0.0,80,0,6960
hint_only,88,0.5556267106220494,0.0245873536931136,0.0,0.12171690725912793,0.0,80,0,7040
hint_only,89,0.5556868266981413,0.024729674186463546,0.0,-0.020570760569790805,0.0,80,0,7120
hint_only,90,0.5556339713924489,0.024911838695373167,0.0,0.025322453351920717,0.0,80,0,7200
hint_only,91,0.5554947569669333,0.025407885945485487,0.0,-0.1245390851736968,0.0,80,0,7280
hint_only,92,0.5555505867956256,0.025367462668451912,0.0,-0.11482665028605475,0.0,80,0,7360
hint_only,93,0.5556293986352487,0.025317058187163677,0.0,0.027443590509773425,0.0,80,0,7440
hint_only,94,0.5556713688663237,0.02525433703125879,0.0,-0.07759277539846408,0.0,80,0,7520
hint_only,95,0.5557413104285822,0.025134347579881866,0.0,-0.06512150374678533,0.0,80,0,7600
hint_only,96,0.5559183076604903,0.02479671937849215,0.0,-0.04557172952107359,0.0,80,0,7680
hint_only,97,0.555995727617949,0.024388846260062658,0.0,0.041196027225759234,0.0,80,0,7760
hint_only,98,0.556063394929252,0.023957120707450597,0.0,-0.0015998741265162084,0.0,80,0,7840
hint_only,99,0.5560198369813911,0.024187295871774372,0.0,0.054634296240073155,0.0,80,0,7920
hint_only,100,0.5561495815806208,0.02380653804020605,0.0,-0.056978421746258646,0.0,80,0,8000
hint_only,101,0.5564002871231771,0.0229961706660764,0.0,0.055596510784768134,0.0,80,0,8080
hint_only,102,0.5565320505582808,0.023109326361905547,0.0,0.03571236411811013,0.0,80,0,8160
hint_only,103,0.5564196256572321,0.023497474789894612,0.0,0.026895379014615188,0.0,80,0,8240
hint_only,104,0.5564397440187214,0.023144893757850782,0.0,0.010839696492433593,0.0,80,0,8320
hint_only,105,0.5565533653792112,0.02267602135261626,0.0,0.006889940821134207,0.0,80,0,8400
hint_only,106,0.556680101523543,0.022626724849581725,0.0,0.00840900447754125,0.0,80,0,8480
hint_only,107,0.5568356669037184,0.022676387860592673,0.0,-0.05844474609761596,0.0,80,0,8560
hint_only,108,0.55686126481715,0.022756729847959734,0.0,0.08908938893457818,0.0,80,0,8640
hint_only,109,0.5568932636092389,0.022728101036911807,0.0,-0.10242211281740138,0.0,80,0,8720
hint_only,110,0.556814879903639,0.022798149153682612,0.0,-0.09418594144746659,0.0,80,0,8800
hint_only,111,0.5569290651500406,0.02219545291528724,0.0,0.0012633845423379593,0.0,80,0,8880
hint_only,112,0.5571189461735001,0.02155846989264054,0.0,0.18881154774655587,0.0,80,0,8960
hint_only,113,0.5571636123552828,0.021392003644545743,0.0,0.030346728252542626,0.0,80,0,9040
hint_only,114,0.5571679518718917,0.021445091249364223,0.0,0.05106082783587545,0.0,80,0,9120
hint_only,115,0.5571650337364568,0.0216815656086784,0.0,-0.029656095849154022,0.0,80,0,9200
hint_only,116,0.5570451078881453,0.021628994487093545,0.0,-0.0027122654121017383,0.0,80,0,9280
hint_only,117,0.5572265629801681,0.021127337226067522,0.0,0.053184197090090674,0.0,80,0,9360
hint_only,118,0.5573249066490369,0.020657264843502388,0.0,0.024219936672864418,0.0,80,0,9440
hint_only,119,0.5574029910119823,0.02060146767181037,0.0,-0.043097492619233596,0.0,80,0,9520
hint_only,120,0.5574847174573612,0.020533996596690862,0.0,-0.04573867792851614,0.0,80,0,9600
hint_only,121,0.5575009629163653,0.020749262514273892,0.0,-0.0358338234987971,0.0,80,0,9680
hint_only,122,0.5575691338094743,0.020530863088220386,0.0,-0.15011745974104365,0.0,80,0,9760
hint_only,123,0.5574989039757409,0.020923232127184166,0.0,0.011042674651261051,0.0,80,0,9840
hint_only,124,0.5575233988771787,0.020986784843638806,0.0,0.0005259236593868381,0.0,80,0,9920
hint_only,125,0.557671564236692,0.020663972892252414,0.0,0.0828772259021878,0.0,80,0,10000
hint_only,126,0.5578525436884234,0.02039813938521795,0.0,0.020425232543477546,0.0,80,0,10080
hint_only,127,0.5580933620384574,0.019731487936989422,0.0,-0.002839072703848478,0.0,80,0,10160
hint_only,128,0.5583805096339404,0.019185107860458794,0.0,0.03516900382758667,0.0,80,0,10240
hint_only,129,0.5584445873367888,0.0192704513572024,0.0,-0.10387034530802573,0.0,80,0,10320
hint_only,130,0.558651226510727,0.01892775718104789,0.0,0.041629979170738476,0.0,80,0,10400
hint_only,131,0.558781478435467,0.01849082168036198,0.0,-0.024660099598977973,0.0,80,0,10480
hint_only,132,0.5587746886311998,0.01840374076549911,0.0,-0.025038701727603793,0.0,80,0,10560
hint_only,133,0.5588553221823698,0.018289280379653494,0.0,0.044386776212505974,0.0,80,0,10640
hint_only,134,0.5589535865853151,0.018130532595959314,0.0,0.061877415871707704,0.0,80,0,10720
hint_only,135,0.559223335679888,0.017484267351811855,0.0,-0.035823486037494384,0.0,80,0,10800
hint_only,136,0.5592350257910191,0.017324181109212078,0.0,-0.01692381991127083,0.0,80,0,10880
hint_only,137,0.5591899530577531,0.017497520498191088,0.0,0.07928338900490504,0.0,80,0,10960
hint_only,138,0.5592563044727661,0.017473190593295107,0.0,0.015205581634270406,0.0,80,0,11040
hint_only,139,0.5591268266766978,0.017764690431951502,0.0,0.07000157795164977,0.0,80,0,11120
hint_only,140,0.5590875044561169,0.017958873823464283,0.0,0.010499379100423995,0.0,80,0,11200
hint_only,141,0.5590378184943062,0.01818224142889835,0.0,-0.005103335620231229,0.0,80,0,11280
hint_only,142,0.559100078197559,0.018410946289665664,0.0,0.05633811238836291,0.0,80,0,11360
hint_only,143,0.5591792764943481,0.018061516125694288,0.0,0.12406312958373066,0.0,80,0,11440
hint_only,144,0.559196730819783,0.018325169487193538,0.0,0.094433701650843,0.0,80,0,11520
hint_only,145,0.5591663720021643,0.01845630285317057,0.0,0.0031285962038325077,0.0,80,0,11600
hint_only,146,0.5592719740651447,0.018149789486188506,0.0,-0.018664907302566924,0.0,80,0,11680
hint_only,147,0.55916829882208,0.018450187200893753,0.0,0.06381026183658543,0.0,80,0,11760
hint_only,148,0.5594315112059928,0.01814159759884959,0.0,0.011104803905256658,0.0,80,0,11840
hint_only,149,0.559432198005363,0.01817289551903689,0.0,-0.01612312769383304,0.0,80,0,11920
hint_only,150,0.5596427550979164,0.017687107665606883,0.0,0.0704970287116766,0.0,80,0,12000
hint_only,151,0.5597971910942944,0.017201594271942566,0.0,0.005986465758171779,0.0,80,0,12080
hint_only,152,0.5598597894830404,0.01702689406937119,0.0,0.03268542669941243,0.0,80,0,12160
hint_only,153,0.5597135080696969,0.017206072152119223,0.0,0.004484526249910984,0.0,80,0,12240
hint_only,154,0.5597914002604292,0.0169271508859955,0.0,0.031832207211174586,0.0,80,0,12320
hint_only,155,0.5597692450945173,0.017034600076404782,0.0,-0.1538310467020493,0.0,80,0,12400
hint_only,156,0.5598795259918238,0.01688824602645922,0.0,-0.02209483707500451,0.0,80,0,12480
hint_only,157,0.5598780903712866,0.01692781156918355,0.0,0.0759244593756574,0.0,80,0,12560
hint_only,158,0.5599525897489562,0.016783424039975903,0.0,-0.0037619480357318886,0.0,80,0,12640
hint_only,159,0.5599542730041046,0.016726999587142077,0.0,0.06012910185588896,0.0,80,0,12720
hint_only,160,0.5598910101015828,0.016652028679090658,0.0,0.014307046856805576,0.0,80,0,12800
hint_only,161,0.5598356406759049,0.016529944965035237,0.0,-0.016120252663150852,0.0,80,0,12880
hint_only,162,0.559953210569274,0.01624583051600792,0.0,-0.04527908004664874,0.0,80,0,12960
hint_only,163,0.5601490097629938,0.0156412088064507,0.0,0.008152020973351937,0.0,80,0,13040
hint_only,164,0.5602053302043717,0.01561106295929815,0.0,-0.07950224629417246,0.0,80,0,13120
hint_only,165,0.5603357694546075,0.015456895240643198,0.0,0.09575435448134749,0.0,80,0,13200
hint_only,166,0.5606273369632321,0.014934959267613124,0.0,-0.0010173087974245977,0.0,80,0,13280
hint_only,167,0.560915200009425,0.014375778435668174,0.0,0.009262030703745403,0.0,80,0,13360
hint_only,168,0.5610662462351108,0.014222179600723472,0.0,0.04072437289806173,0.0,80,0,13440
hint_only,169,0.5611507504647015,0.013944379935830309,0.0,0.01000999526288731,0.0,80,0,13520
hint_only,170,0.561109695010742,0.014160861226113375,0.0,0.02364999388472212,0.0,80,0,13600
hint_only,171,0.5611511676892053,0.014064633698529616,0.0,0.02956586895366166,0.0,80,0,13680
hint_only,172,0.5611854038377091,0.014104310440736678,0.0,-0.007596998499789774,0.0,80,0,13760
hint_only,173,0.5611829398192816,0.0140703870429294,0.0,-0.1184556315007993,0.0,80,0,13840
hint_only,174,0.5612385287939526,0.013935210916382723,0.0,0.003776636454758562,0.0,80,0,13920
hint_only,175,0.5612612685887792,0.013917798553465088,0.0,-0.11210408842062075,0.0,80,0,14000
hint_only,176,0.5612574620656554,0.013994269486268696,0.0,0.07441384533081988,0.0,80,0,14080
hint_only,177,0.5611812396001662,0.014210980586818689,0.0,-0.008213064486559807,0.0,80,0,14160
hint_only,178,0.5612146655568099,0.014086021303489793,0.0,-0.025348672369221503,0.0,80,0,14240
hint_only,179,0.561271909309074,0.013806167188567975,0.0,0.10628682332163716,0.0,80,0,14320
hint_only,180,0.5611769603358456,0.014239897556778347,0.0,0.01758967050970569,0.0,80,0,14400
hint_only,181,0.5612354453356949,0.01416489622672179,0.0,0.011640914390404855,0.0,80,0,14480
hint_only,182,0.5612834553315773,0.014315442592974792,0.0,-0.029298935930568943,0.0,80,0,14560
hint_only,183,0.5612491879033892,0.014416116496107967,0.0,-0.07071753537477893,0.0,80,0,14640
hint_only,184,0.5614218431485407,0.014096986010209367,0.0,-0.011540261560707005,0.0,80,0,14720
hint_only,185,0.5615322318392129,0.013865838331104219,0.0,0.041068570525709204,0.0,80,0,14800
hint_only,186,0.561498783923986,0.013954930480632122,0.0,0.017009344981407267,0.0,80,0,14880
hint_only,187,0.5614832634784498,0.014229748343176807,0.0,-0.03649343695965709,0.0,80,0,14960
hint_only,188,0.5615555413046565,0.013969215037764493,0.0,-0.08228079112974501,0.0,80,0,15040
hint_only,189,0.5614633374728709,0.01439798305324913,0.0,-0.014199566891533401,0.0,80,0,15120
hint_only,190,0.5615109905875655,0.014634684201234482,0.0,0.05002326453376211,0.0,80,0,15200
hint_only,191,0.5615867625652649,0.014547601350739847,0.0,0.0048753932554586755,0.0,80,0,15280
hint_only,192,0.5616306916901878,0.014417062167578543,0.0,-0.0018822604150306747,0.0,80,0,15360
hint_only,193,0.5615006787925356,0.014621150551840545,0.0,0.024230657959326374,0.0,80,0,15440
hint_only,194,0.5614631854376969,0.014975803127131315,0.0,-0.014894569945222922,0.0,80,0,15520
hint_only,195,0.5615105832292794,0.015381094751218072,0.0,-0.12079312018886465,0.0,80,0,15600
hint_only,196,0.5615621808213559,0.01547882528914235,0.0,0.08626675825071245,0.0,80,0,15680
hint_only,197,0.5616139902436684,0.01566219419717685,0.0,0.0729567843946419,0.0,80,0,15760
hint_only,198,0.5618424379759228,0.015134273386257502,0.0,0.025500361116597238,0.0,80,0,15840
hint_only,199,0.5618252205585675,0.015141589780354736,0.0,-0.03960945837495187,0.0,80,0,15920
hint_only,200,0.561706515524695,0.015653509891356276,0.0,0.023009212588172522,0.0,80,0,16000
hint_only,201,0.5618861815330142,0.015298782072711514,0.0,0.010784233684484622,0.0,80,0,16080
hint_only,202,0.5619213637122363,0.01511438837443313,0.0,-0.02234708755073896,0.0,80,0,16160
hint_only,203,0.561889258650236,0.015243290688697564,0.0,0.05477011287080368,0.0,80,0,16240
hint_only,204,0.5621011336164002,0.015077881554619865,0.0,0.005737814240036457,0.0,80,0,16320
hint_only,205,0.5621351141784494,0.015017799498552198,0.0,0.0074984811448600966,0.0,80,0,16400
hint_only,206,0.5621476840514044,0.015296285776194463,0.0,-0.08150871550439295,0.0,80,0,16480
hint_only,207,0.5621847188384375,0.015225462378921195,0.0,-0.05531551321158857,0.0,80,0,16560
hint_only,208,0.5621958356336838,0.014996310335392171,0.0,-0.14935338178004476,0.0,80,0,16640
hint_only,209,0.5621765475316148,0.015140108966250732,0.0,-0.029586897313781908,0.0,80,0,16720
hint_only,210,0.5623133047921526,0.014996923577088817,0.0,-0.07894227332206645,0.0,80,0,16800
hint_only,211,0.5624652386869761,0.01452766943875583,0.0,0.012276397334898879,0.0,80,0,16880
hint_only,212,0.5625953875609221,0.014414397448534788,0.0,-0.0012349107417817886,0.0,80,0,16960
hint_only,213,0.56267409119029,0.014099958142460012,0.0,0.0037863228927350907,0.0,80,0,17040
hint_only,214,0.5625590322240428,0.014363647689111358,0.0,0.057442183055895,0.0,80,0,17120
hint_only,215,0.5625227280454038,0.014472400450899703,0.0,0.1342968337809266,0.0,80,0,17200
hint_only,216,0.5626470972101493,0.014350227499240753,0.0,0.022209126934200366,0.0,80,0,17280
hint_only,217,0.5628023531965531,0.014001072855381658,0.0,-0.013310619624618148,0.0,80,0,17360
hint_only,218,0.5629661101316453,0.013711383148470424,0.0,0.06472773678092919,0.0,80,0,17440
hint_only,219,0.563030160484605,0.013717427588170628,0.0,0.12765048054280523,0.0,80,0,17520
hint_only,220,0.5629395959934528,0.014031314077311174,0.0,-0.09299155561001608,0.0,80,0,17600
hint_only,221,0.5628863330057902,0.013975733661731882,0.0,0.06585450490516413,0.0,80,0,17680
hint_only,222,0.5630805500816323,0.01352592527990093,0.0,-0.02311768801212284,0.0,80,0,17760
hint_only,223,0.5630556295144511,0.013725896892053946,0.0,0.011622771701995428,0.0,80,0,17840
hint_only,224,0.5632853067575937,0.013410690100169487,0.0,0.030628173902355105,0.0,80,0,17920
hint_only,225,0.5634643731901652,0.013211738432294284,0.0,0.09421038066144828,0.0,80,0,18000
hint_only,226,0.5635329866167582,0.013019637841222287,0.0,-0.040879912956396376,0.0,80,0,18080
hint_only,227,0.5634545822246335,0.013153831174007036,0.0,0.010714912205379193,0.0,80,0,18160
hint_only,228,0.5635082815131552,0.013349168804837941,0.0,0.04300576295545793,0.0,80,0,18240
hint_only,229,0.5637064945119059,0.012634412468572775,0.0,0.016265154829943434,0.0,80,0,18320
hint_only,230,0.5637315487830684,0.012808191314424677,0.0,0.009449450914317007,0.0,80,0,18400
hint_only,231,0.5638562117515271,0.012513516838008387,0.0,0.03503607860587915,0.0,80,0,18480
hint_only,232,0.5638274814285269,0.012437711815832642,0.0,0.03918600779032331,0.0,80,0,18560
hint_only,233,0.5639951184557608,0.012142220346709642,0.0,0.006115893998266535,0.0,80,0,18640
hint_only,234,0.5640159662875368,0.012138687387541425,0.0,-0.053271102569072165,0.0,80,0,18720
hint_only,235,0.5639281338530867,0.012034129818481065,0.0,-0.019482693630293316,0.0,80,0,18800
hint_only,236,0.5638153729625803,0.01230344487876045,0.0,0.06372406523830573,0.0,80,0,18880
hint_only,237,0.5637699943766803,0.012291258355373036,0.0,0.028442986937478668,0.0,80,0,18960
hint_only,238,0.5639807314661951,0.012002868662107646,0.0,0.05345998300932087,0.0,80,0,19040
hint_only,239,0.5638774429246406,0.011897228792963621,0.0,0.13260480596722166,0.0,80,0,19120
hint_only,240,0.5639840816214565,0.011700039480875724,0.0,-0.08979451928748551,0.0,80,0,19200
hint_only,241,0.5640074524754429,0.011697399436292,0.0,0.015915097813514315,0.0,80,0,19280
hint_only,242,0.5639566439611107,0.011781372586912808,0.0,0.0015659381758031455,0.0,80,0,19360
hint_only,243,0.564087008028925,0.011472835564446338,0.0,-0.043300653476239695,0.0,80,0,19440
hint_only,244,0.5641745196943836,0.01150162962300083,0.0,-0.10118481684897336,0.0,80,0,19520
hint_only,245,0.5640914843350817,0.011595517236848263,0.0,0.027426359230274106,0.0,80,0,19600
hint_only,246,0.5641764057185028,0.011505335228158553,0.0,0.06716853881124743,0.0,80,0,19680
hint_only,247,0.5642085598269039,0.01142845199866438,0.0,-0.023281363469371447,0.0,80,0,19760
hint_only,248,0.5643692478018635,0.011011570331097786,0.0,0.005114077942712948,0.0,80,0,19840
hint_only,249,0.5642459183638734,0.01135351728473366,0.0,0.04790492380501273,0.0,80,0,19920
hint_only,250,0.564459628759604,0.010978976999320267,0.0,0.08636822329424752,0.0,80,0,20000
hint_only,251,0.5643776413594686,0.011304864045360907,0.0,-0.06700322688993111,0.0,80,0,20080
hint_only,252,0.5643127493783959,0.011392634405615998,0.0,-0.017059954243622947,0.0,80,0,20160
hint_only,253,0.5643322176729028,0.011264977102964924,0.0,0.05106515510562189,0.0,80,0,20240
hint_only,254,0.5641855108639865,0.011539508208925242,0.0,0.08567687773785738,0.0,80,0,20320
hint_only,255,0.5641967457754401,0.011619244338594625,0.0,-0.0280230009640491,0.0,80,0,20400
hint_only,256,0.5642872597329179,0.011583260344339541,0.0,0.034841784262100155,0.0,80,0,20480
hint_only,257,0.5642182911499541,0.011859895898776673,0.0,0.062157895427373655,0.0,80,0,20560
hint_only,258,0.5641250301887261,0.011914096478244929,0.0,-0.05708554753562549,0.0,80,0,20640
hint_only,259,0.5641487969245853,0.011987919413483206,0.0,0.05310525186447233,0.0,80,0,20720
hint_only,260,0.5642641325951974,0.011599953926045736,0.0,0.0015990014782587627,0.0,80,0,20800
hint_only,261,0.5641529014072054,0.011721124230353208,0.0,0.05684244733646709,0.0,80,0,20880
hint_only,262,0.5641156167819542,0.011734716374930731,0.0,0.04995379410131704,0.0,80,0,20960
hint_only,263,0.5641163290630135,0.0118909177701495,0.0,-0.07883365253350602,0.0,80,0,21040
hint_only,264,0.5641259430223264,0.011588015961630393,0.0,0.07325512453554286,0.0,80,0,21120
hint_only,265,0.5641202287583383,0.011724924359454048,0.0,0.0995609448131956,0.0,80,0,21200
hint_only,266,0.5642045329733338,0.011566629931996752,0.0,0.032088525966909,0.0,80,0,21280
hint_only,267,0.5643782217784379,0.011312037456087665,0.0,0.1296370236444836,0.0,80,0,21360
hint_only,268,0.5641841522868958,0.011807193662986881,0.0,-0.007063730402364117,0.0,80,0,21440
hint_only,269,0.5641756802945805,0.011895616957115829,0.0,0.018090531638119942,0.0,80,0,21520
hint_only,270,0.5642601650991219,0.011351464458927873,0.0,-0.001190837829426573,0.0,80,0,21600
hint_only,271,0.5642528062399329,0.011546475783109633,0.0,-0.049839919245680736,0.0,80,0,21680
hint_only,272,0.5642526894759811,0.011516433095320688,0.0,0.055592612733349915,0.0,80,0,21760
hint_only,273,0.5643014706452291,0.011345567068277274,0.0,0.010411909325609314,0.0,80,0,21840
hint_only,274,0.564130812606788,0.011908843354709209,0.0,-0.07849773457859478,0.0,80,0,21920
hint_only,275,0.5641780525852439,0.011808936713297635,0.0,-0.17851873663529497,0.0,80,0,22000
hint_only,276,0.5641199385483048,0.01211693582746931,0.0,-0.03099155580843136,0.0,80,0,22080
hint_only,277,0.5641966682275196,0.011683449120830858,0.0,0.035692116248334745,0.0,80,0,22160
hint_only,278,0.564367541710709,0.01130347235656648,0.0,0.013413581111439178,0.0,80,0,22240
hint_only,279,0.5644995292834842,0.010970929159839438,0.0,-0.025048227464559848,0.0,80,0,22320
hint_only,280,0.5645427593465175,0.011055586570747233,0.0,-0.10132647856673921,0.0,80,0,22400
hint_only,281,0.564420090941067,0.011353077186773142,0.0,-0.17118788942893398,0.0,80,0,22480
hint_only,282,0.5644303271374169,0.01143390379975373,0.0,-0.014291345806100792,0.0,80,0,22560
hint_only,283,0.5645169679666201,0.011397951488317903,0.0,-0.1549373830150006,0.0,80,0,22640
hint_only,284,0.5646151530777983,0.011209332165455943,0.0,-0.07177979852988502,0.0,80,0,22720
hint_only,285,0.5645954250086078,0.011101060913292549,0.0,0.012311638749760828,0.0,80,0,22800
hint_only,286,0.5645660812170137,0.011152026130091253,0.0,-0.03006899877800127,0.0,80,0,22880
hint_only,287,0.5646388429368682,0.011146075654488663,0.0,0.0242587396525119,0.0,80,0,22960
hint_only,288,0.5645397714075989,0.011576969922024949,0.0,-0.04187105494415775,0.0,80,0,23040
hint_only,289,0.5646365658640681,0.011489188315433108,0.0,0.08373464907105517,0.0,80,0,23120
hint_only,290,0.5646705082534617,0.011331888646339827,0.0,-0.08705066456498974,0.0,80,0,23200
hint_only,291,0.5645415263985082,0.011511821461551497,0.0,0.05635786966813563,0.0,80,0,23280
hint_only,292,0.5646036229356177,0.011357305926721795,0.0,0.05372565658013834,0.0,80,0,23360
hint_only,293,0.5645977525347406,0.011772082866949973,0.0,-0.022789603410929383,0.0,80,0,23440
hint_only,294,0.5645078267992683,0.011878099106560791,0.0,0.026856357540867834,0.0,80,0,23520
hint_only,295,0.5645210580154946,0.011799169376907725,0.0,0.05714387199650957,0.0,80,0,23600
hint_only,296,0.5644230320638035,0.01198741956520566,0.0,0.0004897480290458573,0.0,80,0,23680
hint_only,297,0.5644632717374952,0.011937958015190042,0.0,0.002266249359214268,0.0,80,0,23760
hint_only,298,0.5645036767495752,0.011799032779790442,0.0,0.05918977258351743,0.0,80,0,23840
hint_only,299,0.5645037125173333,0.011773234454300674,0.0,0.006239141931029234,0.0,80,0,23920
hint_only,300,0.5645768590966649,0.011568795871114368,0.0,0.09254707715022642,0.0,80,0,24000
hint_only,301,0.5646678944619731,0.011230383099874008,0.0,-0.04510142337616794,0.0,80,0,24080
hint_only,302,0.5648246111311581,0.010995274114743214,0.0,-0.043748529088224186,0.0,80,0,24160
hint_only,303,0.564800433858687,0.010932830671672722,0.0,-0.10679330780990685,0.0,80,0,24240
hint_only,304,0.5649474585860901,0.01078876256822825,0.0,-0.05879842390618897,0.0,80,0,24320
hint_only,305,0.5650751861254376,0.010508821829471993,0.0,0.10322695302453769,0.0,80,0,24400
hint_only,306,0.5650265183592835,0.010736919164132774,0.0,0.07373310247431586,0.0,80,0,24480
hint_only,307,0.5650044992401878,0.010680558520622774,0.0,-0.03738613015028372,0.0,80,0,24560
hint_only,308,0.5650477987896769,0.01047135025614454,0.0,0.007749549260060702,0.0,80,0,24640
hint_only,309,0.5649988769988943,0.010645829716590338,0.0,-0.05373989540595721,0.0,80,0,24720
hint_only,310,0.5648597585074685,0.01107386628346052,0.0,-0.08069744569913176,0.0,80,0,24800
hint_only,311,0.5648166665374358,0.011280121305395796,0.0,0.019076255081809494,0.0,80,0,24880
hint_only,312,0.564681343652732,0.011527249920096905,0.0,-0.007062891764813375,0.0,80,0,24960
hint_only,313,0.5648105123731049,0.011408569453807749,0.0,0.021474004491258376,0.0,80,0,25040
hint_only,314,0.5648811853611133,0.010959096461158224,0.0,0.022941533077015883,0.0,80,0,25120
hint_only,315,0.5648819123778895,0.010759261074733129,0.0,-0.05971480162090506,0.0,80,0,25200
hint_only,316,0.5648962728291587,0.010642047584142666,0.0,-0.07680070617280066,0.0,80,0,25280
hint_only,317,0.5647873095654158,0.011217697448403507,0.0,0.0269108218652317,0.0,80,0,25360
hint_only,318,0.5648941398828177,0.010869953092817242,0.0,-0.03692253154318956,0.0,80,0,25440
hint_only,319,0.5649489218546544,0.010802714218967835,0.0,-0.009513933276551511,0.0,80,0,25520
hint_only,320,0.5649772604979754,0.010858672538149206,0.0,-0.006095362839408557,0.0,80,0,25600
hint_only,321,0.5650496170143333,0.010769995888727069,0.0,0.20399362277652994,0.0,80,0,25680
hint_only,322,0.5650930673490712,0.01086961144838805,0.0,0.02594688009513772,0.0,80,0,25760
hint_only,323,0.5650252054303713,0.010914505528567098,0.0,-0.0893425434427605,0.0,80,0,25840
hint_only,324,0.5650303586848315,0.010788832727815278,0.0,0.015932835068608868,0.0,80,0,25920
hint_only,325,0.5651233957926404,0.010666800972257695,0.0,-0.016910578113231246,0.0,80,0,26000
hint_only,326,0.5651170092460932,0.010892915925532987,0.0,0.0026170923796385945,0.0,80,0,26080
hint_only,327,0.5650438932827884,0.011113928649035265,0.0,0.04489654170673862,0.0,80,0,26160
hint_only,328,0.5650840502121246,0.011084682076089925,0.0,-0.0003034859181536056,0.0,80,0,26240
hint_only,329,0.5649624266452179,0.011240907047547322,0.0,0.051815593811529344,0.0,80,0,26320
hint_only,330,0.5650820089268476,0.011144515322397353,0.0,-0.03150160401277605,0.0,80,0,26400
hint_only,331,0.5652285362123665,0.010941604503886038,0.0,-0.05800003914061398,0.0,80,0,26480
hint_only,332,0.5651513030769543,0.011244778556154578,0.0,0.03346334893248316,0.0,80,0,26560
hint_only,333,0.5651734866364274,0.01092148080358113,0.0,-0.07818950222842112,0.0,80,0,26640
hint_only,334,0.5652341037973392,0.010893740037380084,0.0,0.0589325926739404,0.0,80,0,26720
hint_only,335,0.565330069479069,0.01080770784755336,0.0,-0.06851976493192972,0.0,80,0,26800
hint_only,336,0.5654424910319925,0.010565856556115527,0.0,0.08185110585394131,0.0,80,0,26880
hint_only,337,0.5654840202335791,0.010697347566318127,0.0,0.1303210362217528,0.0,80,0,26960
hint_only,338,0.565458104406691,0.010892642482043469,0.0,-0.049063651151657756,0.0,80,0,27040
hint_only,339,0.5653785832120057,0.011207513981258632,0.0,-0.008937878040000449,0.0,80,0,27120
hint_only,340,0.5655982885704679,0.010623434393731368,0.0,0.03981089397921156,0.0,80,0,27200
hint_only,341,0.5655554255767283,0.010672544314175747,0.0,-0.06215004051643761,0.0,80,0,27280
hint_only,342,0.5656251348654423,0.01047809184632209,0.0,0.09709457072284847,0.0,80,0,27360
hint_only,343,0.5656951811279094,0.01020230821883139,0.0,-0.05420240738875679,0.0,80,0,27440
hint_only,344,0.5657982399600288,0.009723329160460592,0.0,-0.041502318237337604,0.0,80,0,27520
hint_only,345,0.5657873809541922,0.009871464251850592,0.0,0.025829232136277462,0.0,80,0,27600
hint_only,346,0.5657940372061503,0.009894969178571245,0.0,0.017734364318561447,0.0,80,0,27680
hint_only,347,0.565965746222159,0.009713348363106333,0.0,0.026783213677793502,0.0,80,0,27760
hint_only,348,0.5662592985489502,0.00915178900077318,0.0,-0.05688843386080942,0.0,80,0,27840
hint_only,349,0.5663767508441969,0.008854354835696743,0.0,0.02271683797132813,0.0,80,0,27920
hint_only,350,0.5662652180028609,0.009094525164343725,0.0,0.03238486219599102,0.0,80,0,28000
hint_only,351,0.5662781970513224,0.00907657789070171,0.0,-0.09160176359548232,0.0,80,0,28080
hint_only,352,0.5661486608228923,0.009388237325668292,0.0,-0.0021258321466566506,0.0,80,0,28160
hint_only,353,0.5661828337377613,0.00919705658941139,0.0,-0.023298261727224812,0.0,80,0,28240
hint_only,354,0.5663516458752812,0.008864710445475987,0.0,-0.018544086580109233,0.0,80,0,28320
hint_only,355,0.5665048572955838,0.008639748363665323,0.0,-0.10799980942155143,0.0,80,0,28400
hint_only,356,0.5665551041704381,0.008669546456317678,0.0,-0.035427600498699384,0.0,80,0,28480
hint_only,357,0.5666170230316208,0.008650012809055307,0.0,-0.06473526026150808,0.0,80,0,28560
hint_only,358,0.5665248534634655,0.0088971068848116,0.0,0.09883854631244131,0.0,80,0,28640
hint_only,359,0.5667171774645755,0.008325722945080716,0.0,0.11729284630349897,0.0,80,0,28720
hint_only,360,0.5667786108612088,0.008306768803792997,0.0,-0.06362497844784186,0.0,80,0,28800
hint_only,361,0.5666502842544537,0.00860711160277483,0.0,0.06293326545660771,0.0,80,0,28880
hint_only,362,0.5666323310016848,0.008607230387098319,0.0,0.07070096783577519,0.0,80,0,28960
hint_only,363,0.5667609778390106,0.008242967120610678,0.0,0.11607802553547104,0.0,80,0,29040
hint_only,364,0.5668817828358375,0.007980668109662581,0.0,-0.09844669736999222,0.0,80,0,29120
hint_only,365,0.5669164969463468,0.007764925176015347,0.0,0.02938822227300411,0.0,80,0,29200
hint_only,366,0.5670437964117296,0.007475633776901969,0.0,-0.04619348420382089,0.0,80,0,29280
hint_only,367,0.5669195986264758,0.007644829958624921,0.0,-0.07489297988530935,0.0,80,0,29360
hint_only,368,0.5668686150506803,0.007817603127705519,0.0,0.0018031548424025919,0.0,80,0,29440
hint_only,369,0.5671789064613918,0.007231092522862137,0.0,0.04268349447337903,0.0,80,0,29520
hint_only,370,0.5670559624593179,0.007591856244952067,0.0,0.041195560300196034,0.0,80,0,29600
hint_only,371,0.5669270972402578,0.007918717746639437,0.0,0.09461318232687445,0.0,80,0,29680
hint_only,372,0.5670373938191696,0.007791178751650363,0.0,0.03783631602012034,0.0,80,0,29760
hint_only,373,0.566942105681943,0.007901639690995,0.0,-0.10472667862415973,0.0,80,0,29840
hint_only,374,0.567024342234751,0.0077856391469670605,0.0,0.08830964119793035,0.0,80,0,29920
hint_only,375,0.5670812236985492,0.007575463748752398,0.0,0.12346140660691161,0.0,80,0,30000
hint_only,376,0.5671472315361057,0.007514740024793687,0.0,-0.12463907617034445,0.0,80,0,30080
hint_only,377,0.5672954988131027,0.007182126517645604,0.0,-0.07091043960254152,0.0,80,0,30160
hint_only,378,0.5671369804896279,0.007550809441733808,0.0,0.04495482553722841,0.0,80,0,30240
hint_only,379,0.5669850559751844,0.007968848915942295,0.0,0.026304417228056785,0.0,80,0,30320
hint_only,380,0.5669801002065229,0.007981709453884545,0.0,-0.01196407189932554,0.0,80,0,30400
hint_only,381,0.5670896349168754,0.00786258331541001,0.0,-0.026165418532426276,0.0,80,0,30480
hint_only,382,0.5669822329425874,0.008083124834844857,0.0,0.007304805933819267,0.0,80,0,30560
hint_only,383,0.5669959247415944,0.0079612648173355,0.0,0.021742030416515488,0.0,80,0,30640
hint_only,384,0.5670091089726017,0.007939793706622345,0.0,0.08746577789538659,0.0,80,0,30720
hint_only,385,0.5671473395234254,0.0075939902573893825,0.0,-0.013986834901823906,0.0,80,0,30800
hint_only,386,0.5671022148717711,0.007771356691178011,0.0,-0.16005432060405766,0.0,80,0,30880
hint_only,387,0.5672093483189644,0.007537559406965877,0.0,-0.016171739126620184,0.0,80,0,30960
hint_only,388,0.5672440927469642,0.007578927609859787,0.0,-0.011737503720741779,0.0,80,0,31040
hint_only,389,0.5673900597545591,0.007155525913664307,0.0,0.13816779057971051,0.0,80,0,31120
hint_only,390,0.5674019392410163,0.007081734553275876,0.0,0.013090313960669201,0.0,80,0,31200
hint_only,391,0.5674125776227977,0.007247717839907186,0.0,0.02957831730169191,0.0,80,0,31280
hint_only,392,0.5675360779033182,0.006767076935967009,0.0,0.00034401641509861704,0.0,80,0,31360
hint_only,393,0.5674770697986814,0.006899491588424178,0.0,-0.06415008792647778,0.0,80,0,31440
hint_only,394,0.5674091512581291,0.006977413994871284,0.0,-0.01981862474139371,0.0,80,0,31520
hint_only,395,0.5674892850869436,0.006815261508302917,0.0,-0.03185980835337089,0.0,80,0,31600
hint_only,396,0.5674068187438184,0.007072497313191373,0.0,-0.037147536153840456,0.0,80,0,31680
hint_only,397,0.567295503385189,0.007238745530057211,0.0,0.050792315484539274,0.0,80,0,31760
hint_only,398,0.5674857763856657,0.006915495303976726,0.0,-0.0153604827948287,0.0,80,0,31840
hint_only,399,0.5675431499961195,0.006863194909705994,0.0,0.186890271686732,0.0,80,0,31920
hint_only,400,0.5675963452329573,0.006764193328047452,0.0,0.010200238164323226,0.0,80,0,32000
hint_only,401,0.5676248163937702,0.006808201364894018,0.0,-0.009606163439751424,0.0,80,0,32080
hint_only,402,0.5675379130905361,0.007108852324596571,0.0,-0.03524555442255351,0.0,80,0,32160
hint_only,403,0.5674977353711229,0.007241728281718651,0.0,-0.03441788119301843,0.0,80,0,32240
hint_only,404,0.5676192569856046,0.007076949171631708,0.0,0.05800327123074015,0.0,80,0,32320
hint_only,405,0.5678936043781855,0.006587782942716336,0.0,0.05100061045900339,0.0,80,0,32400
hint_only,406,0.567999725405758,0.006444112075669639,0.0,0.020921239599470023,0.0,80,0,32480
hint_only,407,0.5679528391925954,0.006406491277016868,0.0,-0.0007427588172720413,0.0,80,0,32560
hint_only,408,0.5678638508241585,0.00663680829613833,0.0,-0.057408632200493366,0.0,80,0,32640
hint_only,409,0.5677730559621761,0.0067374684916041705,0.0,0.047889476915184914,0.0,80,0,32720
hint_only,410,0.567804207068243,0.006635264518647266,0.0,0.049525960729381174,0.0,80,0,32800
hint_only,411,0.5678062714651834,0.006663207485391065,0.0,-0.010241276655741337,0.0,80,0,32880
hint_only,412,0.5676301990100308,0.007118004481916018,0.0,0.04016592978701254,0.0,80,0,32960
hint_only,413,0.5676513247551055,0.007123182499249925,0.0,-0.018493373185065283,0.0,80,0,33040
hint_only,414,0.5676434559003203,0.007137541894415178,0.0,0.05819988329837871,0.0,80,0,33120
hint_only,415,0.5676983455243114,0.007121895514132559,0.0,-0.02189133802747546,0.0,80,0,33200
hint_only,416,0.5677074794542337,0.0070778103269185655,0.0,0.010799718979999727,0.0,80,0,33280
hint_only,417,0.5678910441589353,0.006799599069058027,0.0,0.092056197149159,0.0,80,0,33360
hint_only,418,0.5678109871346555,0.006859471541392548,0.0,-0.06016851745296011,0.0,80,0,33440
hint_only,419,0.5677302593985887,0.00698683274947709,0.0,-0.0006938845419589557,0.0,80,0,33520
hint_only,420,0.5677299073156435,0.007080452990117947,0.0,0.1163021084595395,0.0,80,0,33600
hint_only,421,0.5677399383022637,0.006954167029655345,0.0,0.05981883430504584,0.0,80,0,33680
hint_only,422,0.5676861619345592,0.007051239354511907,0.0,0.11607454751526322,0.0,80,0,33760
hint_only,423,0.5676292478963747,0.007171249687555115,0.0,0.043466877372006475,0.0,80,0,33840
hint_only,424,0.5676315089679441,0.007192321333821083,0.0,0.0459100291852475,0.0,80,0,33920
hint_only,425,0.5678998290659824,0.006668582717131222,0.0,-0.024499560204071732,0.0,80,0,34000
hint_only,426,0.5679857834370765,0.006557265413495883,0.0,-0.08285575154158799,0.0,80,0,34080
hint_only,427,0.568128453382467,0.006211261340692609,0.0,-0.06443227907885368,0.0,80,0,34160
hint_only,428,0.5680923928202637,0.006373331026478857,0.0,-0.019011316399675654,0.0,80,0,34240
hint_only,429,0.56801880478098,0.0065819889888428795,0.0,-0.047398010108914264,0.0,80,0,34320
hint_only,430,0.5681413861695376,0.006385487611941354,0.0,0.10067126244633806,0.0,80,0,34400
hint_only,431,0.5680127317606699,0.006537983704995143,0.0,0.046458694779381936,0.0,80,0,34480
hint_only,432,0.5680167344791794,0.006525433916328316,0.0,0.0036063629834871694,0.0,80,0,34560
hint_only,433,0.5681482584853083,0.006321692729086559,0.0,0.08964125186563525,0.0,80,0,34640
hint_only,434,0.5683407690234451,0.0058504593836391505,0.0,0.015399443852004998,0.0,80,0,34720
hint_only,435,0.5685051226862085,0.005392579530957731,0.0,-0.015747544766905496,0.0,80,0,34800
hint_only,436,0.5685054345631994,0.005392103316704588,0.0,0.07347555836374313,0.0,80,0,34880
hint_only,437,0.5685926623997104,0.005183945211129304,0.0,0.05460976794246566,0.0,80,0,34960
hint_only,438,0.5684813841063638,0.005516320697655619,0.0,-0.03441822386476857,0.0,80,0,35040
hint_only,439,0.5684997054465147,0.005429031082591407,0.0,0.03969486358700433,0.0,80,0,35120
hint_only,440,0.5685553172996985,0.005390483054316442,0.0,0.05736713144761512,0.0,80,0,35200
hint_only,441,0.5686826173874201,0.005068702894727384,0.0,0.041686553507989194,0.0,80,0,35280
hint_only,442,0.5687331637362892,0.004871656403579894,0.0,-0.07546397339786289,0.0,80,0,35360
hint_only,443,0.5686882728712358,0.004981002470956564,0.0,-0.022337658314777978,0.0,80,0,35440
hint_only,444,0.5689004545300846,0.004663307276622453,0.0,0.10861735442935071,0.0,80,0,35520
hint_only,445,0.5689814544854831,0.004506804982081225,0.0,0.005886387400907701,0.0,80,0,35600
hint_only,446,0.5688348708336951,0.004648946402412868,0.0,0.006860277107086246,0.0,80,0,35680
hint_only,447,0.5688225434887931,0.004698600760617788,0.0,0.020518367123430938,0.0,80,0,35760
hint_only,448,0.5687947739311608,0.004812151457701419,0.0,0.04032480503726179,0.0,80,0,35840
hint_only,449,0.5689511705555012,0.004605881005797063,0.0,-0.004736996102598452,0.0,80,0,35920
hint_only,450,0.5690384906562889,0.004522428185434135,0.0,0.03352751113364049,0.0,80,0,36000
hint_only,451,0.5690497902590894,0.004394875716910995,0.0,-0.07219122329940938,0.0,80,0,36080
hint_only,452,0.5687914036072541,0.004926485626650212,0.0,-0.0006967249583656409,0.0,80,0,36160
hint_only,453,0.5689268505361231,0.004701850272825214,0.0,0.005290636748114986,0.0,80,0,36240
hint_only,454,0.5690391695703622,0.00443969363382668,0.0,0.011699005488883025,0.0,80,0,36320
hint_only,455,0.5690091159872858,0.004554688255153927,0.0,0.077805417402752,0.0,80,0,36400
hint_only,456,0.568808924800738,0.004874490172488644,0.0,0.06967571235816937,0.0,80,0,36480
hint_only,457,0.5688715688958232,0.004719582076422202,0.0,0.00845034551990266,0.0,80,0,36560
hint_only,458,0.5688205908090059,0.004899270628047847,0.0,0.1002189886226704,0.0,80,0,36640
hint_only,459,0.568712593034824,0.005136141960716434,0.0,-0.09527568425376917,0.0,80,0,36720
hint_only,460,0.5689943171655762,0.004613597389761748,0.0,-0.017020813328330355,0.0,80,0,36800
hint_only,461,0.5690094378385214,0.004520343128416204,0.0,-0.0468258783830623,0.0,80,0,36880
hint_only,462,0.5691443470298754,0.004328455424516209,0.0,0.06592042120826777,0.0,80,0,36960
hint_only,463,0.5691596207122894,0.004214936501082067,0.0,-0.026045776019529423,0.0,80,0,37040
hint_only,464,0.5689942216890752,0.004553400976483268,0.0,0.07482965871551339,0.0,80,0,37120
hint_only,465,0.5688647195030548,0.004787539789406159,0.0,-0.05880339813109434,0.0,80,0,37200
hint_only,466,0.5688312165840097,0.004750777902830294,0.0,-0.019802037869892753,0.0,80,0,37280
hint_only,467,0.56883633059655,0.004864623624115216,0.0,0.016303476561896974,0.0,80,0,37360
hint_only,468,0.568846267563378,0.004931831719281465,0.0,0.07600241599686769,0.0,80,0,37440
hint_only,469,0.5689769179843253,0.004851017624816212,0.0,-0.007125069183645215,0.0,80,0,37520
hint_only,470,0.5688714802004903,0.004936898507629128,0.0,-0.01782915225156696,0.0,80,0,37600
hint_only,471,0.56907299717179,0.004701138756870726,0.0,0.05724589970360866,0.0,80,0,37680
hint_only,472,0.5690995752017153,0.004735340075190164,0.0,-0.00403741255422329,0.0,80,0,37760
hint_only,473,0.5691429922020326,0.004765504006533083,0.0,-0.07312238352545161,0.0,80,0,37840
hint_only,474,0.5692031857875945,0.004619461529748459,0.0,-0.10837313354921103,0.0,80,0,37920
hint_only,475,0.5692408909944756,0.004509211329925322,0.0,0.045397897456091775,0.0,80,0,38000
hint_only,476,0.5691158836682346,0.0046450141983649385,0.0,-0.03842971386235665,0.0,80,0,38080
hint_only,477,0.5691428327368968,0.004615100716953591,0.0,0.06256482157229935,0.0,80,0,38160
hint_only,478,0.5690001114558368,0.004894820532927113,0.0,-0.15270707039100806,0.0,80,0,38240
hint_only,479,0.5691057500093722,0.004820344600115267,0.0,-0.017754989545916658,0.0,80,0,38320
hint_only,480,0.569101822846011,0.004849866426452354,0.0,-0.08878665942683196,0.0,80,0,38400
hint_only,481,0.5688898809367273,0.005147436486639068,0.0,0.01930788881614094,0.0,80,0,38480
hint_only,482,0.568886712072608,0.005139496548660527,0.0,0.025490864614787587,0.0,80,0,38560
hint_only,483,0.568874416508351,0.00507493936728054,0.0,-0.00850082270595523,0.0,80,0,38640
hint_only,484,0.568772804151765,0.00533616469046283,0.0,-0.08916470106053695,0.0,80,0,38720
hint_only,485,0.5688869645515103,0.005105180115477781,0.0,-0.07254732885447696,0.0,80,0,38800
hint_only,486,0.5690400227401133,0.004762098583351526,0.0,0.007971202397670723,0.0,80,0,38880
hint_only,487,0.5691826407049769,0.004537623668042556,0.0,0.12439484269974291,0.0,80,0,38960
hint_only,488,0.5691371968242851,0.004644684464029991,0.0,0.07595587704095054,0.0,80,0,39040
hint_only,489,0.5691722777650822,0.004735202072512101,0.0,-0.008011975702667542,0.0,80,0,39120
hint_only,490,0.5691680087102018,0.0051482953234107676,0.0,0.024306171880114958,0.0,80,0,39200
hint_only,491,0.5691561323676787,0.005661805988275148,0.0,-0.025232160633187933,0.0,80,0,39280
hint_only,492,0.5690233293670617,0.005542762596724815,0.0,0.005883135625830615,0.0,80,0,39360
hint_only,493,0.5690677784334833,0.006153713521156123,0.0,0.10370550489870684,0.0,80,0,39440
hint_only,494,0.5689646712926075,0.0059896802996735055,0.0,0.03655881634544072,0.0,80,0,39520
hint_only,495,0.5689257069061824,0.006306600187067302,0.0,-0.009023982949261876,0.0,80,0,39600
hint_only,496,0.5690647118047394,0.0064449349394051225,0.0,0.09059970589844417,0.0,80,0,39680
hint_only,497,0.5690561407528575,0.006319551790368916,0.0,-0.10291100468931323,0.0,80,0,39760
hint_only,498,0.5691263027658993,0.005959495367270584,0.0,-0.07825092414454803,0.0,80,0,39840
hint_only,499,0.5691666824617378,0.005875552332143208,0.0,0.026811658490144698,0.0,80,0,39920
hint_only,500,0.5692324875317728,0.005903968859911957,0.0,0.04518044171451809,0.0,80,0,40000
hint_only,501,0.5693943037462884,0.005408801357297599,0.0,0.07568667755345233,0.0,80,0,40080
hint_only,502,0.5694667568600972,0.0055849882244499716,0.0,-0.07630957368122576,0.0,80,0,40160
hint_only,503,0.5694621379141155,0.005261449809519481,0.0,0.12344894610278066,0.0,80,0,40240
hint_only,504,0.5693862271281878,0.005110513012881679,0.0,-0.0015682014691441532,0.0,80,0,40320
hint_only,505,0.5693893825131157,0.004831350167391113,0.0,-0.10351378025354044,0.0,80,0,40400
hint_only,506,0.5693126327276322,0.004762827989326701,0.0,0.005821178524783245,0.0,80,0,40480
hint_only,507,0.5693342897076966,0.004868998379237044,0.0,0.017074675253675516,0.0,80,0,40560
hint_only,508,0.5692442513524489,0.00506540471435013,0.0,-0.11719058956891694,0.0,80,0,40640
hint_only,509,0.5690490808288522,0.004979666232717617,0.0,-0.04469803347259115,0.0,80,0,40720
hint_only,510,0.5690791819005273,0.005011403656905888,0.0,-0.09940438085037773,0.0,80,0,40800
hint_only,511,0.5690620967069704,0.0052135997447272375,0.0,-0.022082260498759287,0.0,80,0,40880
hint_only,512,0.5689676926247229,0.00542789505160024,0.0,-0.024846644971120893,0.0,80,0,40960
hint_only,513,0.5688834835945414,0.0047833394936933615,0.0,-0.003944714509525768,0.0,80,0,41040
hint_only,514,0.5688067160182896,0.004709926786965135,0.0,0.017498215777826964,0.0,80,0,41120
hint_only,515,0.5687360739366024,0.004766956600332439,0.0,0.006160555081758334,0.0,80,0,41200
hint_only,516,0.5687119524089989,0.00477256023815642,0.0,0.10365799093241919,0.0,80,0,41280
hint_only,517,0.568702702570359,0.004691720651711306,0.0,0.03677611096818775,0.0,80,0,41360
hint_only,518,0.5686909587079467,0.00456727292705994,0.0,-0.015458611763461473,0.0,80,0,41440
hint_only,519,0.5688562885435221,0.0043174301685064975,0.0,-0.011732270998157124,0.0,80,0,41520
hint_only,520,0.5686411489125112,0.004570749555177223,0.0,0.07847637627967423,0.0,80,0,41600
hint_only,521,0.5687083543046813,0.004637242911674444,0.0,-0.025176816291603933,0.0,80,0,41680
hint_only,522,0.5684400235086613,0.005089195251298251,0.0,-0.040785853092679326,0.0,80,0,41760
hint_only,523,0.5685069495179393,0.005025987315147029,0.0,0.1708395547314823,0.0,80,0,41840
hint_only,524,0.5685040691455816,0.00510295055224641,0.0,-0.01056909683764588,0.0,80,0,41920
hint_only,525,0.5686586080279845,0.004874863444776278,0.0,-0.038209405785173865,0.0,80,0,42000
hint_only,526,0.5684329266703642,0.005277228710524051,0.0,0.0012799848257520983,0.0,80,0,42080
hint_only,527,0.5686195969014814,0.005083443943566968,0.0,0.07109950881845555,0.0,80,0,42160
hint_only,528,0.568864821863125,0.004663801938506351,0.0,0.06013442998535076,0.0,80,0,42240
hint_only,529,0.5689930435623344,0.004903116838639199,0.0,0.0819818523026809,0.0,80,0,42320
hint_only,530,0.5689629415081007,0.004658017603348941,0.0,-0.08959257168109358,0.0,80,0,42400
hint_only,531,0.5691493925238573,0.00480818169405961,0.0,0.0759486634811111,0.0,80,0,42480
hint_only,532,0.569393928294926,0.004818500321995045,0.0,0.07552250162138968,0.0,80,0,42560
hint_only,533,0.5694741897746376,0.004525345012550197,0.0,0.05648542413437503,0.0,80,0,42640
hint_only,534,0.5693299736584738,0.0038297411322506525,0.0,-0.02642844643501888,0.0,80,0,42720
hint_only,535,0.569300187783754,0.0039169093340306604,0.0,-0.11446547919206042,0.0,80,0,42800
hint_only,536,0.569259550217816,0.0038541577327761978,0.0,0.0900551352994127,0.0,80,0,42880
hint_only,537,0.5692768147294989,0.003864443521985117,0.0,0.010947464988753977,0.0,80,0,42960
hint_only,538,0.5692216876738208,0.004038139731238344,0.0,0.01782340764032478,0.0,80,0,43040
hint_only,539,0.5691290314658104,0.004208912408530718,0.0,0.01718716908322393,0.0,80,0,43120
hint_only,540,0.5690073315389124,0.004342298587838522,0.0,-0.022522494607407594,0.0,80,0,43200
hint_only,541,0.56891342548351,0.004423145862979205,0.0,-0.04911642755050804,0.0,80,0,43280
hint_only,542,0.5687163577090167,0.004763975892861039,0.0,-0.0501056274050321,0.0,80,0,43360
hint_only,543,0.568879892112322,0.004443163548672802,0.0,-0.1057384561515439,0.0,80,0,43440
hint_only,544,0.5690097841633758,0.004214000595668899,0.0,0.010081730725749572,0.0,80,0,43520
hint_only,545,0.569156186583287,0.003954460585086861,0.0,0.0014744898964252633,0.0,80,0,43600
hint_only,546,0.5691862995702965,0.0038591568506847196,0.0,-0.024037776391160046,0.0,80,0,43680
hint_only,547,0.5691980147504758,0.0039346355577180026,0.0,-0.13994466338558811,0.0,80,0,43760
hint_only,548,0.5694018026913505,0.0036319262323268875,0.0,0.06146115162221704,0.0,80,0,43840
hint_only,549,0.5692253579234323,0.003944582768702132,0.0,0.001808630878837445,0.0,80,0,43920
hint_only,550,0.5691247602145428,0.004085177102441384,0.0,-0.015128612810602205,0.0,80,0,44000
hint_only,551,0.5691025738953953,0.004057541468876824,0.0,0.01624292614337429,0.0,80,0,44080
hint_only,552,0.5691677481809072,0.003929060485016622,0.0,0.018234742479376724,0.0,80,0,44160
hint_only,553,0.569306517466739,0.0037147135651621754,0.0,0.02382159218077701,0.0,80,0,44240
hint_only,554,0.5693717010804799,0.003716384941652051,0.0,0.04789631807799158,0.0,80,0,44320
hint_only,555,0.5694328363767148,0.0036615680858010924,0.0,0.004192661677265132,0.0,80,0,44400
hint_only,556,0.5695801100955847,0.0034885460908573585,0.0,-0.05657761074592833,0.0,80,0,44480
hint_only,557,0.5695722771123807,0.0036253210827285054,0.0,0.022867661927821324,0.0,80,0,44560
hint_only,558,0.5697037551893592,0.0041619366612407616,0.0,-0.010101925678506686,0.0,80,0,44640
hint_only,559,0.5696882332085007,0.0040174132072768876,0.0,-0.12667527943887763,0.0,80,0,44720
hint_only,560,0.5695951533371464,0.003976455845304705,0.0,-0.05218338383750568,0.0,80,0,44800
hint_only,561,0.5697405745620658,0.003858667860621945,0.0,-0.009048903911086776,0.0,80,0,44880
hint_only,562,0.569700309281756,0.003441294428900954,0.0,0.048046229220350574,0.0,80,0,44960
hint_only,563,0.5699111346694647,0.0038944769748806563,0.0,-0.07014172272699883,0.0,80,0,45040
hint_only,564,0.5699352681855555,0.004296233047265452,0.0,0.050124016414384,0.0,80,0,45120
hint_only,565,0.5699979831429794,0.004232113491345224,0.0,-0.09684154828688693,0.0,80,0,45200
hint_only,566,0.5700194758576371,0.0036276112822253292,0.0,0.011926443902369011,0.0,80,0,45280
hint_only,567,0.5699768089153415,0.003570052217636288,0.0,-0.02570559433187765,0.0,80,0,45360
hint_only,568,0.5700937017456015,0.0037446395132308963,0.0,-0.01948054952142428,0.0,80,0,45440
hint_only,569,0.5701085035725014,0.0037529757805112585,0.0,-0.1317389640907108,0.0,80,0,45520
hint_only,570,0.5703646594262802,0.0035011118215738657,0.0,0.03664317975663065,0.0,80,0,45600
hint_only,571,0.57039565100993,0.003365710949219558,0.0,-0.004440784064412708,0.0,80,0,45680
hint_only,572,0.5701929204218392,0.003691515445863769,0.0,-0.011539979023020615,0.0,80,0,45760
hint_only,573,0.5704517357956671,0.003753291393348457,0.0,-0.021314883850137377,0.0,80,0,45840
hint_only,574,0.5704187203652281,0.003779865773182234,0.0,0.05150686976713032,0.0,80,0,45920
hint_only,575,0.5705485220400411,0.004124909849557157,0.0,-0.03605757753631321,0.0,80,0,46000
hint_only,576,0.5706327145888255,0.004142143964691702,0.0,0.09697154753358563,0.0,80,0,46080
hint_only,577,0.5703669015249424,0.00406853008385466,0.0,-0.023175709416011474,0.0,80,0,46160
hint_only,578,0.5701057358645297,0.0041746508059431475,0.0,-0.04972486368246767,0.0,80,0,46240
hint_only,579,0.5700353734932117,0.0038216225016859395,0.0,-0.02249693485394421,0.0,80,0,46320
hint_only,580,0.5699404783514574,0.003583585231257125,0.0,-0.02926892415301098,0.0,80,0,46400
hint_only,581,0.5699341204962162,0.0037992735463431293,0.0,-0.03576435469725904,0.0,80,0,46480
hint_only,582,0.5700300744753568,0.0036823859917379798,0.0,0.08188525965961636,0.0,80,0,46560
hint_only,583,0.5702436792590595,0.003681455931650701,0.0,-0.014210235745470015,0.0,80,0,46640
hint_only,584,0.5703429779815673,0.004060974728223976,0.0,-0.09804228062372196,0.0,80,0,46720
hint_only,585,0.5703891666165637,0.004159171162506636,0.0,0.059530327979352336,0.0,80,0,46800
hint_only,586,0.5704414513437396,0.004322368446065039,0.0,-0.0006796346460838589,0.0,80,0,46880
hint_only,587,0.5705710380487378,0.004394804829910948,0.0,0.08910401423392349,0.0,80,0,46960
hint_only,588,0.5707309881094673,0.004238723858073112,0.0,-0.01659251518564602,0.0,80,0,47040
hint_only,589,0.5709203015950898,0.004245772731395259,0.0,0.09615252256119099,0.0,80,0,47120
hint_only,590,0.5706243098616093,0.004031102630460248,0.0,-0.07541947048602303,0.0,80,0,47200
hint_only,591,0.5705835725268356,0.004060922340990647,0.0,0.06556250968269618,0.0,80,0,47280
hint_only,592,0.5708434066745683,0.003940821312009457,0.0,0.06768979271723977,0.0,80,0,47360
hint_only,593,0.57071286431464,0.003704770144846936,0.0,0.11835423327127662,0.0,80,0,47440
hint_only,594,0.570679572775027,0.003412692042046972,0.0,0.09282705814222464,0.0,80,0,47520
hint_only,595,0.5703276359805554,0.003466934617714079,0.0,-0.023891105623194398,0.0,80,0,47600
hint_only,596,0.570378018271503,0.003560347339951142,0.0,-0.03866627183046506,0.0,80,0,47680
hint_only,597,0.570379438783204,0.0031927421602131467,0.0,0.048435377457454125,0.0,80,0,47760
hint_only,598,0.570414856538223,0.0030886726537275866,0.0,0.024079016962782782,0.0,80,0,47840
hint_only,599,0.5704356328905203,0.0031749779371115228,0.0,-0.02136471602096934,0.0,80,0,47920
hint_only,600,0.5704205344632394,0.0031095017272477765,0.0,0.05880678794357612,0.0,80,0,48000
hint_only,601,0.5712657720484001,0.0031496385650779946,0.9,0.9406921339959708,0.0,80,0,48080
hint_only,602,0.5716732872416972,0.008885580379446312,0.9,0.9048565462337387,0.0,80,0,48160
hint_only,603,0.5719950099026366,0.017184241638192543,0.9,0.8511418382958494,0.0,80,0,48240
hint_only,604,0.5724508927066938,0.0260261720823467,0.9,0.8782852678036638,0.0,80,0,48320
hint_only,605,0.5723813847916459,0.034355501287931856,0.9,0.932817136148395,0.0,80,0,48400
hint_only,606,0.5723097796075495,0.04343485709107797,0.9,1.018535180478194,0.0,80,0,48480
hint_only,607,0.5718778681205872,0.052301709065705526,0.9,0.8641669445470418,0.0,80,0,48560
hint_only,608,0.5715576303290438,0.06143538204509569,0.9,0.8272168996417795,0.0,80,0,48640
hint_only,609,0.5708667684938226,0.0705104381098377,0.9,0.8704581916130767,0.0,80,0,48720
hint_only,610,0.5703916676893791,0.07967071128486858,0.9,1.0087811410284644,0.0,80,0,48800
hint_only,611,0.5696083455086015,0.08875560639895663,0.9,0.8999566966778045,0.0,80,0,48880
hint_only,612,0.5689406828112571,0.09818700078199705,0.9,1.0153300890100845,0.0,80,0,48960
hint_only,613,0.568314206698365,0.10761491073989571,0.9,0.9838985582080968,0.0,80,0,49040
hint_only,614,0.567497828978499,0.1166620606964387,0.9,0.9167918834350579,0.0,80,0,49120
hint_only,615,0.5668249481595172,0.1262190907732721,0.9,0.961438788574198,0.0,80,0,49200
hint_only,616,0.5659135612648636,0.13543829322244705,0.9,0.7909952626405573,0.0,80,0,49280
hint_only,617,0.5651336055391902,0.1450223487863852,0.9,0.8793481239852313,0.0,80,0,49360
hint_only,618,0.5640340856040874,0.15432084837343463,0.9,0.7516577414159118,0.0,80,0,49440
hint_only,619,0.5630651966487267,0.16388035501066922,0.9,0.9982741753887368,0.0,80,0,49520
hint_only,620,0.5624834934829628,0.17349629533789557,0.9,0.9643812761293434,0.0,80,0,49600
hint_only,621,0.5616015092270531,0.18298281119032211,0.9,0.7886488998315834,0.0,80,0,49680
hint_only,622,0.5604389073317565,0.19257358848788386,0.9,0.8873658124004798,0.0,80,0,49760
hint_only,623,0.5596241542922177,0.20199876736215416,0.9,0.9940198969908673,0.0,80,0,49840
hint_only,624,0.5587337035825797,0.21155799031135103,0.9,0.8774914765689249,0.0,80,0,49920
hint_only,625,0.5577578889096683,0.2218173187592063,0.9,0.873255413884226,0.0,80,0,50000
hint_only,626,0.5568209721880928,0.23132845052635453,0.9,0.9372678558620248,0.0,80,0,50080
hint_only,627,0.5557210349937234,0.24126359656192298,0.9,0.9175177988681067,0.0,80,0,50160
hint_only,628,0.5548410548232711,0.25093574946742514,0.9,0.8975540684173063,0.0,80,0,50240
hint_only,629,0.5540542325931862,0.2605659243657654,0.9,0.8813100197143733,0.0,80,0,50320
hint_only,630,0.5532449720653986,0.2703077679051651,0.9,0.8905823026887258,0.0,80,0,50400
hint_only,631,0.552595185240424,0.2796258440135767,0.9,0.8967286745159052,0.0,80,0,50480
hint_only,632,0.5518149084667963,0.2896952271615916,0.9,0.9226908872008295,0.0,80,0,50560
hint_only,633,0.5507926318985196,0.299936146890148,0.9,0.9524221759350943,0.0,80,0,50640
hint_only,634,0.5499577922652313,0.3102128888561987,0.9,0.9677416784492145,0.0,80,0,50720
hint_only,635,0.5492763002540814,0.3198011639315337,0.9,0.8477795813135759,0.0,80,0,50800
hint_only,636,0.5486302660375976,0.3295889768823119,0.9,0.9701743359842435,0.0,80,0,50880
hint_only,637,0.5479354014104361,0.3392744424183447,0.9,0.9340057445028122,0.0,80,0,50960
hint_only,638,0.5474041794382452,0.34817497767102157,0.9,0.8605207722590333,0.0,80,0,51040
hint_only,639,0.5469399581981106,0.3575722168167269,0.9,0.8751840002618728,0.0,80,0,51120
hint_only,640,0.5465357143055912,0.3673542226338198,0.9,0.9896470069046507,0.0,80,0,51200
hint_only,641,0.5461611488415151,0.37640270086326,0.9,0.8465411526628522,0.0,80,0,51280
hint_only,642,0.545736534598293,0.3859761036503466,0.9,0.8234999608273631,0.0,80,0,51360
hint_only,643,0.5453316146986779,0.3950573606110621,0.9,0.8650741581842357,0.0,80,0,51440
hint_only,644,0.5451007393549976,0.40432304649556927,0.9,0.8728632478112718,0.0,80,0,51520
hint_only,645,0.5447523433579481,0.41373979183347187,0.9,0.888866782686703,0.0,80,0,51600
hint_only,646,0.5445046355239208,0.42293712959381924,0.9,0.9433656131019463,0.0,80,0,51680
hint_only,647,0.5442976743015909,0.43231594180238897,0.9,0.9754125499981154,0.0,80,0,51760
hint_only,648,0.5440011404840721,0.4414313754328919,0.9,0.9300166448714171,0.0,80,0,51840
hint_only,649,0.5438221612990772,0.45056686371448884,0.9,0.9178027712684821,0.0,80,0,51920
hint_only,650,0.5437095349224631,0.45961129503400233,0.9,0.9285453487221859,0.0,80,0,52000
hint_only,651,0.5434969988655798,0.4687221833366242,0.9,0.7698889807868077,0.0,80,0,52080
hint_only,652,0.5433131614185627,0.4780107258065396,0.9,0.9265332207246069,0.0,80,0,52160
hint_only,653,0.543096733863577,0.48673380340828565,0.9,0.897510598727821,0.0,80,0,52240
hint_only,654,0.5430528100737136,0.49514185354695117,0.9,0.9117288622635846,0.0,80,0,52320
hint_only,655,0.5429970795722041,0.5034706673633879,0.9,0.891142410512356,0.0,80,0,52400
hint_only,656,0.5429155844008355,0.512060733079188,0.9,0.953497964616874,0.0,80,0,52480
hint_only,657,0.542785737094492,0.5208217124796617,0.9,0.8435548214854555,0.0,80,0,52560
hint_only,658,0.5426742289791224,0.5295559684065935,0.9,0.831307830363202,0.0,80,0,52640
hint_only,659,0.542534832213796,0.5383627721136008,0.9,0.8113596137765063,0.0,80,0,52720
hint_only,660,0.5424661785099424,0.5470378393746375,0.9,0.9263168993592625,0.0,80,0,52800
hint_only,661,0.5423251190420504,0.5557842921911238,0.9,0.8524502308118018,0.0,80,0,52880
hint_only,662,0.5421934282194668,0.5643003031310971,0.9,0.9470314894109365,0.0,80,0,52960
hint_only,663,0.5421387467085816,0.5726938008990495,0.9,0.9067075706938874,0.0,80,0,53040
hint_only,664,0.5421206580657033,0.5814978229973304,0.9,0.9609214709006458,0.0,80,0,53120
hint_only,665,0.5421188014612716,0.5894462524993808,0.9,0.874119213881449,0.0,80,0,53200
hint_only,666,0.5420749281668439,0.59746989936686,0.9,0.9474129220692823,0.0,80,0,53280
hint_only,667,0.5419193973905877,0.6058479232555055,0.9,0.774022454353711,0.0,80,0,53360
hint_only,668,0.5418602336509943,0.6137737347093828,0.9,0.9323836568072343,0.0,80,0,53440
hint_only,669,0.5417309508381938,0.6221227877843032,0.9,0.9170596212772075,0.0,80,0,53520
hint_only,670,0.5416617032865365,0.630316759749909,0.9,0.7804204594223081,0.0,80,0,53600
hint_only,671,0.5415687594107298,0.6386813967400358,0.9,0.8993994544858377,0.0,80,0,53680
hint_only,672,0.5415819585950856,0.6468110696357072,0.9,0.8807716090186982,0.0,80,0,53760
hint_only,673,0.5414903268565278,0.6553283695680455,0.9,0.8937837690878995,0.0,80,0,53840
hint_only,674,0.5414745581003045,0.6633464642774841,0.9,0.9492157199215459,0.0,80,0,53920
hint_only,675,0.5413975236098912,0.6712273568285043,0.9,0.9500201822368259,0.0,80,0,54000
hint_only,676,0.5413899369833941,0.679193185628066,0.9,0.8577842768663035,0.0,80,0,54080
hint_only,677,0.5413854781264784,0.6873256408554402,0.9,0.9498444149866596,0.0,80,0,54160
hint_only,678,0.5413366482240429,0.6957030546047868,0.9,0.9152901056200803,0.0,80,0,54240
hint_only,679,0.5412560178306011,0.7036967676388042,0.9,0.8612239390204364,0.0,80,0,54320
hint_only,680,0.5411523867669269,0.711807468229522,0.9,0.9309869102597221,0.0,80,0,54400
hint_only,681,0.5410883876986025,0.7199371037740765,0.9,0.9424667913346357,0.0,80,0,54480
hint_only,682,0.5411062404485845,0.7274307841633701,0.9,0.8861186843995156,0.0,80,0,54560
hint_only,683,0.5411558337254075,0.7351640495612796,0.9,0.8784348288310215,0.0,80,0,54640
hint_only,684,0.5410839215097112,0.7429272417251916,0.9,0.918976620757481,0.0,80,0,54720
hint_only,685,0.5410503695890254,0.7507337778362148,0.9,0.9762168480681473,0.0,80,0,54800
hint_only,686,0.5409169494866285,0.75853128313525,0.9,0.7806749479061491,0.0,80,0,54880
hint_only,687,0.5409427666180461,0.7659910599133218,0.9,0.9188642794190398,0.0,80,0,54960
hint_only,688,0.540882867040395,0.7738445711463583,0.9,0.9233513457526469,0.0,80,0,55040
hint_only,689,0.5408839391304541,0.7820666633286177,0.9,0.9605788950765477,0.0,80,0,55120
hint_only,690,0.5408787705946447,0.7899377801196441,0.9,0.8972214268738532,0.0,80,0,55200
hint_only,691,0.5408201252302246,0.7976004662266666,0.9,0.7659632554744575,0.0,80,0,55280
hint_only,692,0.5408329235373881,0.8048338709288262,0.9,1.0137596176128818,0.0,80,0,55360
hint_only,693,0.5408355159667798,0.8127635473442951,0.9,0.8770470095758037,0.0,80,0,55440
hint_only,694,0.5408393453546068,0.820242022932879,0.9,0.8387629491959724,0.0,80,0,55520
hint_only,695,0.5407966762085761,0.8282067980284347,0.9,0.8493388016707825,0.0,80,0,55600
hint_only,696,0.5407713934329178,0.8358798684753569,0.9,0.8901607002847856,0.0,80,0,55680
hint_only,697,0.5406871810413626,0.8433845832503072,0.9,0.9457399973618543,0.0,80,0,55760
hint_only,698,0.5407037565265538,0.8506811841650579,0.9,0.9029969524794417,0.0,80,0,55840
hint_only,699,0.5406717161894758,0.8584559426522319,0.9,0.7916851844081233,0.0,80,0,55920
hint_only,700,0.5407259507875761,0.8656063090531623,0.9,0.927721999490234,0.0,80,0,56000
hint_only,701,0.5407034708435035,0.8732863423018079,0.9,0.8636156906700254,0.0,80,0,56080
hint_only,702,0.5406994040403185,0.8805121048662645,0.9,0.7925891176503399,0.0,80,0,56160
hint_only,703,0.5406863527159986,0.8879438208220206,0.9,0.9189820599701289,0.0,80,0,56240
hint_only,704,0.5406517855441623,0.895754889573958,0.9,0.8479950565057431,0.0,80,0,56320
hint_only,705,0.5406472121772233,0.9030191309284253,0.9,0.7575840963448142,0.0,80,0,56400
hint_only,706,0.540677200648582,0.9101992104331936,0.9,0.8860785236454316,0.0,80,0,56480
hint_only,707,0.5406681780347375,0.9173922925794957,0.9,0.785111902816447,0.0,80,0,56560
hint_only,708,0.5406517147915942,0.9246103628263345,0.9,0.9692180680184888,0.0,80,0,56640
hint_only,709,0.5404489759054452,0.932791409684659,0.9,0.8880079497192537,0.0,80,0,56720
hint_only,710,0.5404025631654673,0.9404414158334973,0.9,0.9373254756017699,0.0,80,0,56800
hint_only,711,0.5404097316079187,0.9476546841569122,0.9,0.9435892824870019,0.0,80,0,56880
hint_only,712,0.5404290095866086,0.9548027768893109,0.9,0.946533730095496,0.0,80,0,56960
hint_only,713,0.5404174692898391,0.9617952548921439,0.9,0.8583743405854486,0.0,80,0,57040
hint_only,714,0.5404161802609129,0.968719192739771,0.9,0.851691412066635,0.0,80,0,57120
hint_only,715,0.5403216066335594,0.9765210892548455,0.9,0.9834394022598867,0.0,80,0,57200
hint_only,716,0.5402259701585472,0.9846344159163081,0.9,0.8475398304899633,0.0,80,0,57280
hint_only,717,0.5402395448783539,0.9915101286245545,0.9,0.9192871021157464,0.0,80,0,57360
hint_only,718,0.5402238666236445,0.9988246302878198,0.9,0.9599511492740813,0.0,80,0,57440
hint_only,719,0.5402237313781675,1.00616328622913,0.9,0.9461908971168265,0.0,80,0,57520
hint_only,720,0.5401525865408863,1.0137464080621583,0.9,0.8517276948350645,0.0,80,0,57600
hint_only,721,0.5400916025500976,1.0212194690502452,0.9,0.8978405134101213,0.0,80,0,57680
hint_only,722,0.5400348266068818,1.0284374827449647,0.9,0.9724835327391529,0.0,80,0,57760
hint_only,723,0.5400402085516618,1.0356098152896411,0.9,0.7763249444341342,0.0,80,0,57840
hint_only,724,0.5400316312933389,1.0428792522184005,0.9,0.9349996615613856,0.0,80,0,57920
hint_only,725,0.5400676905893459,1.049065674322443,0.9,0.9173645189340821,0.0,80,0,58000
hint_only,726,0.5400689276662732,1.0555288701971024,0.9,0.8274093435585769,0.0,80,0,58080
hint_only,727,0.5400164702185197,1.0623820750065325,0.9,0.8977372985997452,0.0,80,0,58160
hint_only,728,0.5400044950650292,1.0691544164856897,0.9,0.916727549089991,0.0,80,0,58240
hint_only,729,0.5399765017438873,1.0764819658692537,0.9,0.9094858392887215,0.0,80,0,58320
hint_only,730,0.5399522878053716,1.0834445160046515,0.9,0.9741284105773584,0.0,80,0,58400
hint_only,731,0.5400071269939655,1.0897073927441978,0.9,0.8850253357813905,0.0,80,0,58480
hint_only,732,0.5400151090435292,1.0971657291577903,0.9,0.921167114092932,0.0,80,0,58560
hint_only,733,0.5399154274983441,1.1043189101658473,0.9,0.8425599781459744,0.0,80,0,58640
hint_only,734,0.5398890860195047,1.1120480342142245,0.9,0.976589988341583,0.0,80,0,58720
hint_only,735,0.5398612267779189,1.119000419085757,0.9,0.873899825220341,0.0,80,0,58800
hint_only,736,0.5397816953958974,1.1262320830267194,0.9,0.9190196536274055,0.0,80,0,58880
hint_only,737,0.5397771710213569,1.132956242235918,0.9,0.8742606342860411,0.0,80,0,58960
hint_only,738,0.5397906632026298,1.139903977564943,0.9,0.9068647358968496,0.0,80,0,59040
hint_only,739,0.5397348423390926,1.1473748317412662,0.9,0.9516171724304814,0.0,80,0,59120
hint_only,740,0.5396662618006195,1.1543011009986905,0.9,0.8864350529603915,0.0,80,0,59200
hint_only,741,0.5396098092175345,1.1616092062611667,0.9,0.8529810589042383,0.0,80,0,59280
hint_only,742,0.5395706332527295,1.1684159163834678,0.9,0.915517388790907,0.0,80,0,59360
hint_only,743,0.5395507641706253,1.1752743373128411,0.9,0.9046153960555374,0.0,80,0,59440
hint_only,744,0.539550335553888,1.181852085400036,0.9,0.8952079656227435,0.0,80,0,59520
hint_only,745,0.5395101678804992,1.1884352489532886,0.9,0.8805812781261078,0.0,80,0,59600
hint_only,746,0.5395003964670494,1.1952018743982151,0.9,0.8683284102348308,0.0,80,0,59680
hint_only,747,0.5394973062640093,1.2013169274773174,0.9,0.8756431530944209,0.0,80,0,59760
hint_only,748,0.539445751483333,1.2084207445883277,0.9,0.9724794623342488,0.0,80,0,59840
hint_only,749,0.5393825910472033,1.215542994928267,0.9,0.8991093754781903,0.0,80,0,59920
hint_only,750,0.5394201111433973,1.2216969733327547,0.9,0.8513379904056564,0.0,80,0,60000
hint_only,751,0.5394117938064585,1.228055250656508,0.9,0.8686922237795228,0.0,80,0,60080
hint_only,752,0.5393721270334717,1.2346643761734395,0.9,0.8534151789955605,0.0,80,0,60160
hint_only,753,0.5393835741732893,1.2410368157429592,0.9,0.9235029302144535,0.0,80,0,60240
hint_only,754,0.5393612941592236,1.2476549851971677,0.9,0.8079635228437038,0.0,80,0,60320
hint_only,755,0.5393682445589484,1.2538720428937915,0.9,0.8217911658905389,0.0,80,0,60400
hint_only,756,0.5393812946250209,1.2601844215502196,0.9,0.982534980142687,0.0,80,0,60480
hint_only,757,0.5393491587318703,1.2671762251411693,0.9,0.8517091433472693,0.0,80,0,60560
hint_only,758,0.5392997876186794,1.2738289187422922,0.9,0.8524720185186735,0.0,80,0,60640
hint_only,759,0.5392835050665937,1.280694713987806,0.9,0.9295257751428208,0.0,80,0,60720
hint_only,760,0.5392630386679632,1.2870760928183298,0.9,0.9629653176049091,0.0,80,0,60800
hint_only,761,0.539271280584595,1.2930147175902658,0.9,0.9369356889871051,0.0,80,0,60880
hint_only,762,0.5392458471971675,1.2993829434747686,0.9,0.8758563211016708,0.0,80,0,60960
hint_only,763,0.5392252670596889,1.3062456405866727,0.9,0.9694268588045415,0.0,80,0,61040
hint_only,764,0.5392352508698318,1.312312873791163,0.9,0.8864453572181401,0.0,80,0,61120
hint_only,765,0.5392262221790017,1.3189856721901267,0.9,0.9793985623737977,0.0,80,0,61200
hint_only,766,0.5392105182350582,1.3248102741362542,0.9,0.9488891730888348,0.0,80,0,61280
hint_only,767,0.5391634593315151,1.3312884786346435,0.9,0.8724746223743131,0.0,80,0,61360
hint_only,768,0.5391764969233468,1.3373177054231808,0.9,0.8302896032017724,0.0,80,0,61440
hint_only,769,0.5391917512576196,1.3436720592117188,0.9,0.8939687973635647,0.0,80,0,61520
hint_only,770,0.5391990834947521,1.3499855252028932,0.9,0.9187242500243483,0.0,80,0,61600
hint_only,771,0.5391955734476461,1.3562314255468642,0.9,0.9120300177810652,0.0,80,0,61680
hint_only,772,0.5391525586244702,1.3629169640779906,0.9,0.925887342630296,0.0,80,0,61760
hint_only,773,0.5391587608266507,1.368592446434155,0.9,0.9385030785234367,0.0,80,0,61840
hint_only,774,0.5391238086603312,1.3749887728370584,0.9,0.9237714086127256,0.0,80,0,61920
hint_only,775,0.5391086120977162,1.3813018869827856,0.9,0.9083249403415529,0.0,80,0,62000
hint_only,776,0.5390827575966561,1.3875597767475663,0.9,0.9141759303021771,0.0,80,0,62080
hint_only,777,0.5390981084274148,1.3928999765955015,0.9,0.8265214496084463,0.0,80,0,62160
hint_only,778,0.5391189799920411,1.3984511938890463,0.9,0.8703949028575398,0.0,80,0,62240
hint_only,779,0.5390977196340049,1.4045389052331823,0.9,0.8949911838290779,0.0,80,0,62320
hint_only,780,0.5391461007958371,1.41009028896654,0.9,0.9033334245142451,0.0,80,0,62400
hint_only,781,0.5391631300655362,1.4157407294517736,0.9,0.9355953264750595,0.0,80,0,62480
hint_only,782,0.5391540061843201,1.4216579142203387,0.9,0.9477287108414668,0.0,80,0,62560
hint_only,783,0.5391684053111843,1.4272144950893186,0.9,0.8926320788697977,0.0,80,0,62640
hint_only,784,0.5391670330681931,1.4326617853384256,0.9,0.981876583637009,0.0,80,0,62720
hint_only,785,0.5391642346941283,1.4384804898447991,0.9,0.9622415935539528,0.0,80,0,62800
hint_only,786,0.53918724005486,1.4438295873058857,0.9,0.8655771337953082,0.0,80,0,62880
hint_only,787,0.5391810746406344,1.4499795570026457,0.9,0.93219897039129,0.0,80,0,62960
hint_only,788,0.5391563788718353,1.455866233831871,0.9,0.9078344758288328,0.0,80,0,63040
hint_only,789,0.5391601571580182,1.4616959345107745,0.9,0.8563370489984488,0.0,80,0,63120
hint_only,790,0.5391840062048667,1.4669281460950319,0.9,0.8566591280980405,0.0,80,0,63200
hint_only,791,0.539176243340235,1.4726413021086548,0.9,0.8530759144097282,0.0,80,0,63280
hint_only,792,0.539179961732001,1.478348531626434,0.9,0.8416809381165012,0.0,80,0,63360
hint_only,793,0.5391786281065585,1.4839191108053376,0.9,0.8696983237493336,0.0,80,0,63440
hint_only,794,0.5391823468315512,1.4891404980100953,0.9,0.8090564900025019,0.0,80,0,63520
hint_only,795,0.5391738620653357,1.4949311347224206,0.9,0.930609494891696,0.0,80,0,63600
hint_only,796,0.5391477402471649,1.5011103344837553,0.9,0.9869759570310356,0.0,80,0,63680
hint_only,797,0.5391198194696912,1.506806208043614,0.9,0.9085216821927405,0.0,80,0,63760
hint_only,798,0.5391051741825655,1.5125908415725418,0.9,0.9064962105788739,0.0,80,0,63840
hint_only,799,0.5390982776563349,1.5182830749609189,0.9,1.0116008099722273,0.0,80,0,63920
hint_only,800,0.5390776054377878,1.5240922350332389,0.9,0.8991526508002208,0.0,80,0,64000
hint_only,801,0.5390635519807808,1.529829619736439,0.9,0.9503458612021887,0.0,80,0,64080
hint_only,802,0.5390359712588524,1.5354450072722543,0.9,0.8904093623910448,0.0,80,0,64160
hint_only,803,0.539041291234925,1.5410555259283796,0.9,0.9304030080943716,0.0,80,0,64240
hint_only,804,0.5390258853149344,1.546352038695831,0.9,0.9015611618495667,0.0,80,0,64320
hint_only,805,0.539020617152442,1.5518554181949926,0.9,0.8109904089854503,0.0,80,0,64400
hint_only,806,0.5390130161844671,1.5571568494179595,0.9,0.8421386343919902,0.0,80,0,64480
hint_only,807,0.5390024268339164,1.5631694256861222,0.9,0.8436673671671332,0.0,80,0,64560
hint_only,808,0.5390014883678204,1.5686992152400299,0.9,0.9225521109320721,0.0,80,0,64640
hint_only,809,0.538974979009517,1.574729657455497,0.9,0.8595250938662983,0.0,80,0,64720
hint_only,810,0.538947482621613,1.5805019514784302,0.9,0.8857794394377743,0.0,80,0,64800
hint_only,811,0.5389275095629756,1.5861912648528407,0.9,0.8618755402377435,0.0,80,0,64880
hint_only,812,0.5389289944540218,1.591601164833275,0.9,0.9149627617607619,0.0,80,0,64960
hint_only,813,0.5389481916046516,1.596617268090211,0.9,1.0361972227252434,0.0,80,0,65040
hint_only,814,0.5389496395173125,1.6019686297943523,0.9,0.9195715175660362,0.0,80,0,65120
hint_only,815,0.5389427119688387,1.607874616984317,0.9,0.9403872891281914,0.0,80,0,65200
hint_only,816,0.5389100783708338,1.6134013917361703,0.9,0.8931276853515708,0.0,80,0,65280
hint_only,817,0.5389298942618516,1.6182194242264472,0.9,0.869320869804231,0.0,80,0,65360
hint_only,818,0.5389153731465322,1.6236365761402967,0.9,0.9715531806441127,0.0,80,0,65440
hint_only,819,0.5388887916167436,1.6286763444273646,0.9,0.8264375611737783,0.0,80,0,65520
hint_only,820,0.5388957762504576,1.6337514907833386,0.9,0.9172506124424787,0.0,80,0,65600
hint_only,821,0.5388999290797101,1.6389975327310358,0.9,0.9209605104998065,0.0,80,0,65680
hint_only,822,0.5388944831050302,1.6445213482357173,0.9,0.9802722964093049,0.0,80,0,65760
hint_only,823,0.538888767487481,1.6495148609832682,0.9,0.8861717342680145,0.0,80,0,65840
hint_only,824,0.538864994520667,1.6549474772936628,0.9,0.9464419875389306,0.0,80,0,65920
hint_only,825,0.538834606504483,1.6605552467830282,0.9,0.8917754851352813,0.0,80,0,66000
hint_only,826,0.5388265209980426,1.6660108260279898,0.9,0.9668622832378306,0.0,80,0,66080
hint_only,827,0.5387991665022143,1.6711238814450982,0.9,0.9807391913701697,0.0,80,0,66160
hint_only,828,0.5388132076013832,1.6758743457157388,0.9,0.9796348846331534,0.0,80,0,66240
hint_only,829,0.5388596654266917,1.6799925933746978,0.9,0.9359953855552328,0.0,80,0,66320
hint_only,830,0.5388630736415568,1.6854527496023772,0.9,0.9933386754812605,0.0,80,0,66400
hint_only,831,0.538824641321872,1.6912999627895136,0.9,0.9754152248039802,0.0,80,0,66480
hint_only,832,0.5388365337935586,1.695749970831566,0.9,0.9194406426008994,0.0,80,0,66560
hint_only,833,0.5388436152782656,1.7012408448821144,0.9,1.0195728414066936,0.0,80,0,66640
hint_only,834,0.538800876165261,1.7070685001399601,0.9,0.8219562418200858,0.0,80,0,66720
hint_only,835,0.5387748525228767,1.7126237059956062,0.9,0.8953361020811917,0.0,80,0,66800
hint_only,836,0.5387662392721956,1.7185515830306417,0.9,0.9622317682987038,0.0,80,0,66880
hint_only,837,0.5387640114104372,1.7234768806066563,0.9,0.9156538562452589,0.0,80,0,66960
hint_only,838,0.5387832008664543,1.7283076249638256,0.9,0.8701613516379196,0.0,80,0,67040
hint_only,839,0.5387861099863305,1.7334098291832762,0.9,0.9298310417294968,0.0,80,0,67120
hint_only,840,0.5387860207061874,1.7377885638235466,0.9,0.8990830347167267,0.0,80,0,67200
hint_only,841,0.5387818830362082,1.7426277630758744,0.9,0.9161191400021723,0.0,80,0,67280
hint_only,842,0.5387832137637356,1.7475962300824115,0.9,0.9569576370328844,0.0,80,0,67360
hint_only,843,0.5387677762631694,1.7527779549298588,0.9,0.8672554870109407,0.0,80,0,67440
hint_only,844,0.5387827183833497,1.7570116593393739,0.9,0.9093494378212573,0.0,80,0,67520
hint_only,845,0.5387747196958793,1.7617296672811833,0.9,0.9853343825387918,0.0,80,0,67600
hint_only,846,0.5387900533568731,1.7659270462720837,0.9,0.8704640237705278,0.0,80,0,67680
hint_only,847,0.5387603537692893,1.771222309188404,0.9,0.8987158934681838,0.0,80,0,67760
hint_only,848,0.5387841586555567,1.7757325254622764,0.9,0.9393684026472594,0.0,80,0,67840
hint_only,849,0.5387915246959298,1.7805860745701767,0.9,0.8770227225263046,0.0,80,0,67920
hint_only,850,0.5388031349232258,1.785131891794503,0.9,0.8889357157964928,0.0,80,0,68000
hint_only,851,0.5388166192134848,1.7893881283253497,0.9,0.9496007115915207,0.0,80,0,68080
hint_only,852,0.5388198425941696,1.7937858632702828,0.9,0.7817561179450077,0.0,80,0,68160
hint_only,853,0.5388211422291856,1.798705646341115,0.9,1.0610878397029562,0.0,80,0,68240
hint_only,854,0.5388029514726143,1.8034254121035818,0.9,0.944781060149478,0.0,80,0,68320
hint_only,855,0.5387981826438158,1.8078626146369552,0.9,0.9143165718180422,0.0,80,0,68400
hint_only,856,0.5387927104582348,1.8126071644803408,0.9,0.9267890325172796,0.0,80,0,68480
hint_only,857,0.5387829763186291,1.8174023146674303,0.9,0.9904968520721308,0.0,80,0,68560
hint_only,858,0.5387758436788422,1.8223457122176123,0.9,0.9132894107057062,0.0,80,0,68640
hint_only,859,0.5387795852060993,1.8270723246097924,0.9,1.0840610612997112,0.0,80,0,68720
hint_only,860,0.5387829228875342,1.8323054043648899,0.9,0.8639366866717724,0.0,80,0,68800
hint_only,861,0.5387910080888599,1.8366595622471191,0.9,1.0223186144066108,0.0,80,0,68880
hint_only,862,0.538766524889754,1.8416814576542775,0.9,0.8745317969786335,0.0,80,0,68960
hint_only,863,0.5387525011133096,1.846980141548595,0.9,0.9751755793938748,0.0,80,0,69040
hint_only,864,0.5387576765423934,1.8510654612025723,0.9,0.9170489599120007,0.0,80,0,69120
hint_only,865,0.5387482080170287,1.8556616222523366,0.9,0.9018296055169926,0.0,80,0,69200
hint_only,866,0.5387527699991412,1.8601445257986844,0.9,0.94755160515638,0.0,80,0,69280
hint_only,867,0.5387650437144604,1.8643627353771774,0.9,0.8867630123049441,0.0,80,0,69360
hint_only,868,0.5387492074760616,1.8690866816295189,0.9,1.024652316368378,0.0,80,0,69440
hint_only,869,0.5387402672198245,1.873778459417776,0.9,0.870398545478737,0.0,80,0,69520
hint_only,870,0.5387537733113948,1.877922116941535,0.9,0.9524437710992997,0.0,80,0,69600
hint_only,871,0.5387611726729703,1.8820787696961294,0.9,0.9120505162834819,0.0,80,0,69680
hint_only,872,0.5387530966088576,1.8862178391663194,0.9,0.9076448917944671,0.0,80,0,69760
hint_only,873,0.5387428880797335,1.8911383464269076,0.9,0.87227630768475,0.0,80,0,69840
hint_only,874,0.5387322433807507,1.8959893634836882,0.9,0.8199889039681806,0.0,80,0,69920
hint_only,875,0.5387383577029531,1.8997384549478245,0.9,0.7921339807713603,0.0,80,0,70000
hint_only,876,0.5387293257230933,1.9045171627561577,0.9,0.9588566617475858,0.0,80,0,70080
hint_only,877,0.5387192591938497,1.9089295610401076,0.9,0.9317818490057627,0.0,80,0,70160
hint_only,878,0.538715029464657,1.9132504379873225,0.9,0.8641957099479388,0.0,80,0,70240
hint_only,879,0.5387102201235285,1.9176384318949657,0.9,0.8859097769097953,0.0,80,0,70320
hint_only,880,0.5387004169734085,1.9219442265001125,0.9,0.904106435157385,0.0,80,0,70400
hint_only,881,0.538697628445962,1.9263026022262726,0.9,0.8904840201762289,0.0,80,0,70480
hint_only,882,0.5386972968580374,1.9307451443848203,0.9,0.8893201011693312,0.0,80,0,70560
hint_only,883,0.5386914561613368,1.9351098852129653,0.9,0.872524935722026,0.0,80,0,70640
hint_only,884,0.5386872443306958,1.9394274606200794,0.9,0.9606369850037576,0.0,80,0,70720
hint_only,885,0.5386893899086161,1.943400983096638,0.9,0.7646806379928293,0.0,80,0,70800
hint_only,886,0.5386910019492563,1.9479592544463524,0.9,0.8884972395058317,0.0,80,0,70880
hint_only,887,0.5386734681344566,1.9526029954205377,0.9,0.8835840120616693,0.0,80,0,70960
hint_only,888,0.5386644174039315,1.9561210934705067,0.9,0.9270081565247346,0.0,80,0,71040
hint_only,889,0.5386609877244181,1.9604465970254679,0.9,0.8662034491771265,0.0,80,0,71120
hint_only,890,0.5386485114987022,1.964895256013913,0.9,0.8948747366494434,0.0,80,0,71200
hint_only,891,0.5386558461258218,1.9688863350884183,0.9,0.9335843215007186,0.0,80,0,71280
hint_only,892,0.5386577766195031,1.9732517220356494,0.9,0.943338582800208,0.0,80,0,71360
hint_only,893,0.5386595442588505,1.9769335340476228,0.9,0.8444822192742926,0.0,80,0,71440
hint_only,894,0.5386657285536692,1.9806643176128027,0.9,0.9711629635271799,0.0,80,0,71520
hint_only,895,0.5386634249110199,1.9847802023524557,0.9,0.817877738241287,0.0,80,0,71600
hint_only,896,0.5386591940763171,1.9889574552055054,0.9,0.9639563588469822,0.0,80,0,71680
hint_only,897,0.538659611736474,1.9925083977076983,0.9,0.86605251727446,0.0,80,0,71760
hint_only,898,0.5386494846575889,1.997002699505037,0.9,0.9653995991315,0.0,80,0,71840
hint_only,899,0.5386469526153019,2.001610871961447,0.9,0.8966023663105983,0.0,80,0,71920
hint_only,900,0.538653330943459,2.005756504447284,0.9,0.8245831005589738,0.0,80,0,72000
hint_only,901,0.538639066322312,2.010914678417566,0.9,0.8503382434957902,0.0,80,0,72080
hint_only,902,0.5386234003042839,2.015380541890956,0.9,0.7856839479625335,0.0,80,0,72160
hint_only,903,0.5386207408075482,2.019319529805123,0.9,0.8853902550079203,0.0,80,0,72240
hint_only,904,0.5386273462079757,2.0233096977594682,0.9,0.8718259689351203,0.0,80,0,72320
hint_only,905,0.5386316608505967,2.0269500196783348,0.9,0.8722479759781661,0.0,80,0,72400
hint_only,906,0.538639086124156,2.0309861732387997,0.9,0.8588776188699474,0.0,80,0,72480
hint_only,907,0.5386417156973288,2.034689040648903,0.9,0.8548304759574122,0.0,80,0,72560
hint_only,908,0.5386231065026362,2.039144069331324,0.9,0.9019861006111638,0.0,80,0,72640
hint_only,909,0.5386128920530379,2.0436946765091797,0.9,0.9018398022268604,0.0,80,0,72720
hint_only,910,0.538604068143071,2.048179733264249,0.9,1.0120660528470973,0.0,80,0,72800
hint_only,911,0.5386046625057512,2.0519708525995206,0.9,0.9234974356394522,0.0,80,0,72880
hint_only,912,0.5386120849417815,2.055027058506777,0.9,0.9197874616073108,0.0,80,0,72960
hint_only,913,0.5386137717940215,2.058894917857323,0.9,0.9241383438247699,0.0,80,0,73040
hint_only,914,0.5386278757989487,2.0627466590243513,0.9,0.926743204200123,0.0,80,0,73120
hint_only,915,0.5386292778655879,2.0668161721037537,0.9,0.8835016561191126,0.0,80,0,73200
hint_only,916,0.5386252085852925,2.0707733933273555,0.9,0.9718578550772672,0.0,80,0,73280
hint_only,917,0.5386172848138469,2.0748798191708624,0.9,1.0202580506549788,0.0,80,0,73360
hint_only,918,0.5386039228832609,2.079340544002216,0.9,0.8047011493326748,0.0,80,0,73440
hint_only,919,0.5386092072615853,2.0831884119535244,0.9,0.899107778672521,0.0,80,0,73520
hint_only,920,0.538611684494789,2.086696561569645,0.9,0.9601402404536343,0.0,80,0,73600
hint_only,921,0.5386103259059456,2.089945866513436,0.9,0.819083306855327,0.0,80,0,73680
hint_only,922,0.5386056185167856,2.0938976609551334,0.9,0.9720503768531324,0.0,80,0,73760
hint_only,923,0.5386010875808163,2.098500292044786,0.9,1.0232917165091626,0.0,80,0,73840
hint_only,924,0.5385946003216996,2.1022794618533505,0.9,0.9665090970500831,0.0,80,0,73920
hint_only,925,0.538598945262608,2.1059307446722224,0.9,0.8114809095040303,0.0,80,0,74000
hint_only,926,0.5385958786505127,2.1095775153329215,0.9,0.9574978385949907,0.0,80,0,74080
hint_only,927,0.5386015762065802,2.1131595080138816,0.9,0.9306709181136358,0.0,80,0,74160
hint_only,928,0.5385926071759101,2.1170220209864445,0.9,1.0020204936705939,0.0,80,0,74240
hint_only,929,0.5385780195069442,2.121800627413143,0.9,0.8483221948769909,0.0,80,0,74320
hint_only,930,0.5385839235978845,2.1252429916453224,0.9,0.902828508037743,0.0,80,0,74400
hint_only,931,0.5385928929853321,2.1288081215226775,0.9,0.8973329501273446,0.0,80,0,74480
hint_only,932,0.5385926496168212,2.132749000556202,0.9,0.7933581464233798,0.0,80,0,74560
hint_only,933,0.5385968846962973,2.136247603902941,0.9,0.8344511525748128,0.0,80,0,74640
hint_only,934,0.5385908420400038,2.1400737692556,0.9,0.7712996724443586,0.0,80,0,74720
hint_only,935,0.5385792689100917,2.143943754089991,0.9,0.8435425502079241,0.0,80,0,74800
hint_only,936,0.5385757085219689,2.1480614951204338,0.9,0.9135656930394889,0.0,80,0,74880
hint_only,937,0.5385868818740956,2.1515906939589935,0.9,0.9392262626561317,0.0,80,0,74960
hint_only,938,0.5385862980608196,2.155172303103743,0.9,0.9113552561773899,0.0,80,0,75040
hint_only,939,0.5385862857283191,2.1589466711056353,0.9,0.8896102192088183,0.0,80,0,75120
hint_only,940,0.5385781028514173,2.162655541608588,0.9,0.8725640352223244,0.0,80,0,75200
hint_only,941,0.5385755068713628,2.1660712002895073,0.9,0.8665987348604092,0.0,80,0,75280
hint_only,942,0.5385690530406813,2.1697754431679472,0.9,0.953733064704287,0.0,80,0,75360
hint_only,943,0.5385655036388525,2.1738674903781656,0.9,0.9292417846896357,0.0,80,0,75440
hint_only,944,0.5385752335877307,2.177111342770406,0.9,0.8524564946330752,0.0,80,0,75520
hint_only,945,0.5385638895611458,2.181298087909677,0.9,0.9604946022910845,0.0,80,0,75600
hint_only,946,0.5385601946456389,2.1851997363557563,0.9,0.9095944403742389,0.0,80,0,75680
hint_only,947,0.5385648376898708,2.1882281459537825,0.9,0.8551536815214088,0.0,80,0,75760
hint_only,948,0.5385729851014683,2.191355481206546,0.9,0.9157985852344754,0.0,80,0,75840
hint_only,949,0.5385753100156806,2.1948763425088678,0.9,0.9180167049057568,0.0,80,0,75920
hint_only,950,0.5385740509306914,2.198025317211809,0.9,0.875665428554692,0.0,80,0,76000
hint_only,951,0.5385787149956757,2.2011079775349263,0.9,0.9320296401045196,0.0,80,0,76080
hint_only,952,0.5385623014523333,2.2047173404026066,0.9,0.8100379065871773,0.0,80,0,76160
hint_only,953,0.5385573166209057,2.2083728264990583,0.9,0.8747518857953603,0.0,80,0,76240
hint_only,954,0.5385488766570294,2.2117913935706044,0.9,0.9704619267405202,0.0,80,0,76320
hint_only,955,0.538545943268394,2.2151639715035,0.9,0.9399344963183082,0.0,80,0,76400
hint_only,956,0.5385474207183564,2.2185294205578736,0.9,0.8814316654467502,0.0,80,0,76480
hint_only,957,0.5385390132255655,2.2223441703774256,0.9,0.8944131603507365,0.0,80,0,76560
hint_only,958,0.5385514789761462,2.2254138953643663,0.9,0.9007972100709577,0.0,80,0,76640
hint_only,959,0.5385525883828277,2.2291583905468846,0.9,0.9209812923213115,0.0,80,0,76720
hint_only,960,0.5385559695746623,2.2327092293656134,0.9,0.8985298609114298,0.0,80,0,76800
hint_only,961,0.5385622913295358,2.2357858390353504,0.9,0.8184474806497879,0.0,80,0,76880
hint_only,962,0.5385676040297389,2.2390231212278815,0.9,0.910491020446916,0.0,80,0,76960
hint_only,963,0.5385600572621534,2.2429066768675865,0.9,0.8781461219521782,0.0,80,0,77040
hint_only,964,0.5385655984774127,2.246037114406011,0.9,0.9687157512647425,0.0,80,0,77120
hint_only,965,0.5385690064104406,2.2495438714169786,0.9,0.8897941886030356,0.0,80,0,77200
hint_only,966,0.53856307141336,2.2533242927389905,0.9,0.9340555203980838,0.0,80,0,77280
hint_only,967,0.5385645418858929,2.256565335582017,0.9,0.8743032671302579,0.0,80,0,77360
hint_only,968,0.5385629984988325,2.260057874345709,0.9,0.9609401337221165,0.0,80,0,77440
hint_only,969,0.538567106838449,2.2632460483920758,0.9,0.9315226377370978,0.0,80,0,77520
hint_only,970,0.5385695780379969,2.2663209077260364,0.9,0.8524996498901872,0.0,80,0,77600
hint_only,971,0.538569122834799,2.26949927719336,0.9,0.9661877003935737,0.0,80,0,77680
hint_only,972,0.5385676630565319,2.272800569742971,0.9,0.9324314759343069,0.0,80,0,77760
hint_only,973,0.5385775754725625,2.2755221209184273,0.9,0.9805037413292191,0.0,80,0,77840
hint_only,974,0.5385783740378831,2.2788608738074196,0.9,1.0567355110058279,0.0,80,0,77920
hint_only,975,0.5385964635119382,2.2817602258068077,0.9,0.9539259052177127,0.0,80,0,78000
hint_only,976,0.5385894435705795,2.2851820169378434,0.9,0.9679423221342349,0.0,80,0,78080
hint_only,977,0.5385876763878708,2.288260062135082,0.9,0.9701651940031307,0.0,80,0,78160
hint_only,978,0.5385814892026972,2.2921208716681103,0.9,0.9636660192888316,0.0,80,0,78240
hint_only,979,0.538575360531947,2.29563660569507,0.9,0.8027578573019115,0.0,80,0,78320
hint_only,980,0.538582029752749,2.2986587810953663,0.9,0.8849917860911672,0.0,80,0,78400
hint_only,981,0.5385745313465062,2.302008983998447,0.9,0.9136747532919589,0.0,80,0,78480
hint_only,982,0.5385646873563373,2.3054255268293744,0.9,0.8948635316708866,0.0,80,0,78560
hint_only,983,0.5385695129305695,2.30862694836795,0.9,0.8986636871729646,0.0,80,0,78640
hint_only,984,0.53856837444788,2.3118154877651405,0.9,0.888276039737807,0.0,80,0,78720
hint_only,985,0.538566960654618,2.314673788686159,0.9,0.8353782583515456,0.0,80,0,78800
hint_only,986,0.5385642661868191,2.318635519073653,0.9,0.8898988299178608,0.0,80,0,78880
hint_only,987,0.5385575077339063,2.3218870898762107,0.9,0.8934126322847785,0.0,80,0,78960
hint_only,988,0.5385612965304553,2.3248023329565077,0.9,0.9408688209528611,0.0,80,0,79040
hint_only,989,0.5385602477460832,2.327860691892443,0.9,0.9431800619797238,0.0,80,0,79120
hint_only,990,0.5385519544108379,2.3312880396572484,0.9,0.9264800042357257,0.0,80,0,79200
hint_only,991,0.5385419817996495,2.3347151924239307,0.9,0.8921972490011513,0.0,80,0,79280
hint_only,992,0.5385516358200867,2.337176050772837,0.9,0.8802306692120434,0.0,80,0,79360
hint_only,993,0.5385422962856175,2.3401768270695844,0.9,0.8927878680281507,0.0,80,0,79440
hint_only,994,0.5385439843627776,2.34301869592652,0.9,0.8979166074807996,0.0,80,0,79520
hint_only,995,0.5385396984609491,2.3463408093682867,0.9,0.9217386903221204,0.0,80,0,79600
hint_only,996,0.5385315903005858,2.349544942198979,0.9,0.8926411889664423,0.0,80,0,79680
hint_only,997,0.5385234366846263,2.3529104687786915,0.9,0.8824964697761252,0.0,80,0,79760
hint_only,998,0.5385278249582638,2.3552947047598995,0.9,0.9152857889193238,0.0,80,0,79840
hint_only,999,0.5385231826233862,2.358511492906799,0.9,0.8123824263358083,0.0,80,0,79920
hint_only,1000,0.538524620660351,2.361170855175572,0.9,0.92077404333838,0.0,80,0,80000
split,1,0.5459770273305633,0.03880571374639519,0.0,0.038135110394304374,0.041368538014743696,40,40,80
split,2,0.5461375768461462,0.0384493410282718,0.0,-0.056431091379395296,0.04581705802011379,40,40,160
split,3,0.5459120234334836,0.03906013594790425,0.0,0.16116459790776622,0.12287178406940764,40,40,240
split,4,0.5456393385263586,0.039533364560767725,0.0,-0.038793570991509645,0.08437165934565118,40,40,320
split,5,0.5457546466778432,0.039082927578509286,0.0,0.14794224198332395,0.01683131920197063,40,40,400
split,6,0.5457117954633297,0.03897975449136026,0.0,-0.035026595467416495,0.03276893097669706,40,40,480
split,7,0.5454708203921613,0.03958906860444966,0.0,-0.16139869446666044,0.07706389281255588,40,40,560
split,8,0.5444646666210609,0.04152249126691676,0.0,0.005939239782603732,0.2609297237018036,40,40,640
split,9,0.5445461694960727,0.04158110292948858,0.0,-0.12275359159213081,0.08252134493475931,40,40,720
split,10,0.5448659274721669,0.041140929566971685,0.0,0.07371358140430749,0.019274836459889432,40,40,800
split,11,0.5446816419213533,0.041645208636762576,0.0,0.1971768172728914,0.0985154118580674,40,40,880
split,12,0.544400540532651,0.0421388723968521,0.0,-0.11538407532004082,0.07100527854761242,40,40,960
split,13,0.544630668192796,0.041787318167124,0.0,0.07880020546333745,-0.03638098185816206,40,40,1040
split,14,0.5446038845026979,0.04164728517186289,0.0,0.14242813888641878,0.07302593014714764,40,40,1120
split,15,0.5444312399568976,0.04211091126345923,0.0,-0.10027290588038039,0.11204525765587059,40,40,1200
split,16,0.5440306133123983,0.04321536537891835,0.0,0.20643783765791643,0.15811707412883585,40,40,1280
split,17,0.5445224355272459,0.04191349366621766,0.0,0.07896501061755265,-0.09657524649955912,40,40,1360
split,18,0.5449129782366615,0.041009462791845586,0.0,0.04442983335133057,-0.0287806019196863,40,40,1440
split,19,0.5448287462818667,0.04101414549710458,0.0,-0.01656022717379884,0.06838622330691851,40,40,1520
split,20,0.5446627522352525,0.04124395885051835,0.0,-0.22898949409318273,0.04269162808109539,40,40,1600
split,21,0.5450469476017678,0.040744261290572514,0.0,0.01725334301623647,-0.04762586298810002,40,40,1680
split,22,0.5454190334287464,0.04025792121956373,0.0,0.011077707820902869,-0.009414892286481522,40,40,1760
split,23,0.5457093367956457,0.03987649450737418,0.0,0.08205498459748933,-0.02842654257789387,40,40,1840
split,24,0.546031721900347,0.03950461167888186,0.0,0.04812450993268436,0.02616036504147285,40,40,1920
split,25,0.545690590807463,0.03994949996494945,0.0,-0.03689201705104688,0.0902337296672221,40,40,2000
split,26,0.545349810450337,0.04044706028892753,0.0,0.024495097454433925,0.09980684542017108,40,40,2080
split,27,0.5453509834358425,0.04023104960391155,0.0,0.02055664385356468,0.023457549490725507,40,40,2160
split,28,0.5458948928795593,0.03910597056648768,0.0,-0.06704339732583085,-0.05885880811727376,40,40,2240
split,29,0.54566097754272,0.039425299117968104,0.0,-0.051342795815430324,0.05126704968362721,40,40,2320
split,30,0.5460566194055646,0.03882433082355774,0.0,0.09555126200740936,-0.017223008662225488,40,40,2400
split,31,0.5458531451410633,0.03937693809929421,0.0,-0.1077492047144957,0.07918585979235132,40,40,2480
split,32,0.5460861868632013,0.03898942781272052,0.0,-0.04246339529373851,-0.0411340032691463,40,40,2560
split,33,0.5462947233983378,0.03886557891573161,0.0,0.011216105497798527,0.016862962205584864,40,40,2640
split,34,0.5464980333946522,0.03857323169244786,0.0,0.05858895545193605,0.026425146870313956,40,40,2720
split,35,0.5467817233363268,0.0382374678385593,0.0,0.005063114122042983,-0.07564903051234546,40,40,2800
split,36,0.5472705738412958,0.037461294781920396,0.0,-0.06560460549599857,-0.11668428438404647,40,40,2880
split,37,0.547898337981864,0.03663990045246823,0.0,-0.04775711026926882,-0.15407700386280024,40,40,2960
split,38,0.5477604693095349,0.03715426650064446,0.0,0.03015133342883035,0.08923772105780726,40,40,3040
split,39,0.5479436988728464,0.036954795388833395,0.0,0.12494971369805037,-0.0579050526311802,40,40,3120
split,40,0.5479405499969918,0.03695642296001589,0.0,0.0049092313482075834,0.05193178797482113,40,40,3200
split,41,0.5477006858119442,0.037243848913323885,0.0,0.06732479021186068,0.12189832254224026,40,40,3280
split,42,0.5474464584926703,0.037645634790025806,0.0,-0.027443444414660123,0.12974281511325675,40,40,3360
split,43,0.5472446560724696,0.03791087994771902,0.0,0.023454748444848576,0.1188214649019139,40,40,3440
split,44,0.54778332576991,0.03697803165112379,0.0,0.06284597950088353,-0.06066963174310176,40,40,3520
split,45,0.5478658589192602,0.03661526535607906,0.0,0.08778742032567083,0.011059498440610941,40,40,3600
split,46,0.5478084936232306,0.03686919094396801,0.0,-0.05118805621921818,0.029664353627660237,40,40,3680
split,47,0.547870980222523,0.037007057430167856,0.0,0.03751980844459612,0.03848726057401485,40,40,3760
split,48,0.5483977101346079,0.036025419933826464,0.0,-0.12026068610859947,-0.09247833143146482,40,40,3840
split,49,0.5483661574225162,0.03582335299586947,0.0,0.029705726060551926,0.03407327134717692,40,40,3920
split,50,0.5485361065517815,0.035384245086385935,0.0,0.040789198725024386,0.0337217595647187,40,40,4000
split,51,0.5490893937624421,0.03417167106261887,0.0,-0.0281801875615314,-0.11060818288328635,40,40,4080
split,52,0.5484544774630581,0.03548127501610321,0.0,0.000783257829432218,0.18112551161588128,40,40,4160
split,53,0.5487071918981803,0.03493123661722253,0.0,0.12803705554929623,-0.0327767738999959,40,40,4240
split,54,0.5486606691451007,0.03504166292070143,0.0,-0.1297051575019426,0.029492065374134253,40,40,4320
split,55,0.5488210280390969,0.03496902117328138,0.0,-0.1434533999563514,-0.07665061321239097,40,40,4400
split,56,0.5485763493470112,0.03548298744348111,0.0,-0.059243327864193125,0.09585977140653744,40,40,4480
split,57,0.5490322410544866,0.03468262291503166,0.0,-0.1247091561948745,-0.04309124221428886,40,40,4560
split,58,0.5492302397828489,0.03467411271060794,0.0,0.17845235780555013,-0.0005155333641608781,40,40,4640
split,59,0.5491164552701661,0.034941192397222265,0.0,-0.04512067308202743,0.05582838002537394,40,40,4720
split,60,0.5495037353353089,0.0344542695868042,0.0,0.011928266418729867,-0.06617250962646232,40,40,4800
split,61,0.549567003123202,0.034444777324641684,0.0,0.07028602340708605,0.03003912330493212,40,40,4880
split,62,0.5492153231135815,0.035339474434203155,0.0,0.03272820182785539,0.11610589333662781,40,40,4960
split,63,0.5490644035088994,0.035344341693902215,0.0,0.05675450574525782,0.0770254519789611,40,40,5040
split,64,0.549349305867901,0.034792091255141266,0.0,0.013091209982590423,-0.011218385575854927,40,40,5120
split,65,0.5491493642930582,0.03553877315497833,0.0,-0.03994284883987528,0.10666879495202858,40,40,5200
split,66,0.5496172873835883,0.03496483930432226,0.0,-0.08519140670976472,-0.1152266504976085,40,40,5280
split,67,0.5496020848890066,0.03535383351579058,0.0,-0.08263825225924858,0.06946076395572542,40,40,5360
split,68,0.5499738846091416,0.03467210456669956,0.0,-0.002097835116277899,-0.016416468596083814,40,40,5440
split,69,0.5500081337132728,0.03460653903685307,0.0,0.005958235914710555,0.0686624450520174,40,40,5520
split,70,0.5497075955460595,0.03531675898792541,0.0,-0.005088882210526571,0.13930166778007896,40,40,5600
split,71,0.5495746272545919,0.035714374012262184,0.0,0.03218802871966061,0.0692444907381693,40,40,5680
split,72,0.5498138326392941,0.03517183239857247,0.0,0.11034616282581432,-0.04675980007979274,40,40,5760
split,73,0.5501601613876098,0.034828149091512994,0.0,0.13724274656962063,-0.03367484657425895,40,40,5840
split,74,0.550534168655904,0.0338167319297662,0.0,0.007675410067701445,-0.1254025526138605,40,40,5920
split,75,0.5508966775729639,0.033574054639207485,0.0,-0.019093092457872142,-0.0725902759165371,40,40,6000
split,76,0.551470763249677,0.03224822196153598,0.0,-0.11451184342476665,-0.1448626944860783,40,40,6080
split,77,0.5516111669218671,0.032144951418702994,0.0,0.06817957708633242,0.04559852253231003,40,40,6160
split,78,0.5517451084548357,0.0317439540850718,0.0,-0.07428054329192252,-0.007081092675990196,40,40,6240
split,79,0.5523234061366757,0.030678501486269605,0.0,-0.025501736806394264,-0.15461174282417697,40,40,6320
split,80,0.5524187043604043,0.030409031606213,0.0,0.05914615541260966,-0.01784667621169253,40,40,6400
split,81,0.5524689281720235,0.030308588744803022,0.0,-0.023260997819041052,0.005268914390084746,40,40,6480
split,82,0.5523121040207125,0.03085885525683496,0.0,0.0021741204386683632,0.05671315559336064,40,40,6560
split,83,0.552005217238921,0.03182285073436997,0.0,0.10376694331738844,0.14937971625386706,40,40,6640
split,84,0.5520449546042706,0.031571658199785246,0.0,-0.1344419236951817,0.010627079410268494,40,40,6720
split,85,0.5521952982157684,0.03122080645904146,0.0,-0.10384119799664983,0.01528494675775192,40,40,6800
split,86,0.5524707770197902,0.030326280310215448,0.0,0.1674896864010271,-0.07692314801691033,40,40,6880
split,87,0.5525516668837027,0.030557334479925702,0.0,-0.0016290429774935052,0.05249246412725087,40,40,6960
split,88,0.5525699946235884,0.030604353846794496,0.0,-0.005981745134704359,0.1054807775725608,40,40,7040
split,89,0.552782827768118,0.030210596490130137,0.0,0.013045225340875755,0.002867358372980154,40,40,7120
split,90,0.5533678485598877,0.028826277532677524,0.0,-0.07724053544869523,-0.15375022250199916,40,40,7200
split,91,0.5530620199019453,0.029307838509497586,0.0,-0.09549269039752317,0.15747661312060987,40,40,7280
split,92,0.5525461397462932,0.03044667086408348,0.0,0.015928358412593074,0.21667669293432393,40,40,7360
split,93,0.5528344578331813,0.030214119897913116,0.0,-0.01248250477894481,-0.06195765674996966,40,40,7440
split,94,0.5530555123903271,0.029555958360874213,0.0,0.02866106601130876,-0.03768240657173188,40,40,7520
split,95,0.5531343389560744,0.02967404320930711,0.0,-0.022931991217404066,-0.012890939114578595,40,40,7600
split,96,0.553114468715161,0.02983981930166202,0.0,-0.018477369168124768,0.019132691961631105,40,40,7680
split,97,0.5530341290162523,0.030252802749641372,0.0,0.05164234229293791,0.0396423152398725,40,40,7760
split,98,0.5529476291005544,0.03065759015854541,0.0,0.10945673557361926,0.04201320539533506,40,40,7840
split,99,0.5532394362054102,0.029982614067259217,0.0,0.038300010402689245,-0.06289327411613509,40,40,7920
split,100,0.5537215503542943,0.029051357037926384,0.0,-0.10752051112796007,-0.07471235186164751,40,40,8000
split,101,0.5536555039002856,0.028967900672697056,0.0,-0.05145836261148393,0.05679343635550742,40,40,8080
split,102,0.5539539737012968,0.02831763467978421,0.0,0.28635888469487203,-0.07120078014270742,40,40,8160
split,103,0.5539021279675318,0.02833117590182732,0.0,0.0346139124525128,0.023384924102067804,40,40,8240
split,104,0.5537479839571515,0.0288241462833827,0.0,0.16736327433743314,0.12088725162659632,40,40,8320
split,105,0.5541338450303632,0.028279167668392224,0.0,0.11400996357123389,-0.05705245487923968,40,40,8400
split,106,0.554343724079877,0.027706626393112943,0.0,0.04321851469276744,-0.035153947944842785,40,40,8480
split,107,0.5545345771199246,0.02709764591412478,0.0,0.08743487236587423,-0.10882548888381306,40,40,8560
split,108,0.5546543404326975,0.02679310724483175,0.0,0.04942874720210208,-0.006534598515949041,40,40,8640
split,109,0.5549928549978217,0.02650353483845802,0.0,0.005531315863805236,-0.1715621232322105,40,40,8720
split,110,0.5553207253858328,0.025587734567656728,0.0,0.0679977146037751,-0.0721066841526028,40,40,8800
split,111,0.5551632853646415,0.02582783817870138,0.0,-0.013832123130485666,0.03361096308176292,40,40,8880
split,112,0.5551558995524134,0.026112418909734703,0.0,0.06793313903306172,-0.028556475626775626,40,40,8960
split,113,0.5553461092288181,0.025583039562833032,0.0,0.03438683896446953,-0.09359177630996748,40,40,9040
split,114,0.5553593837837858,0.025405787636783028,0.0,-0.10944887941878387,-0.02092157527776551,40,40,9120
split,115,0.5555514502889347,0.025265563017745296,0.0,-0.02604795740012153,-0.10430668930221382,40,40,9200
split,116,0.5556539685109471,0.02523945219971313,0.0,-0.08784491325140269,-0.10076959534699365,40,40,9280
split,117,0.5559569300541995,0.024803366859401432,0.0,0.06690885386999529,-0.08847840783849499,40,40,9360
split,118,0.5559940748615276,0.024703944856283577,0.0,-0.07447993701410893,-0.03130653750699724,40,40,9440
split,119,0.5558468586365888,0.025341051053048624,0.0,0.030102324593037508,0.05937701608199249,40,40,9520
split,120,0.555741485588795,0.02552204784863854,0.0,0.04180858161750746,0.09996514645178228,40,40,9600
split,121,0.5560405394246362,0.025083520499630807,0.0,0.0018197738527684299,-0.08648699034077974,40,40,9680
split,122,0.5559413050523487,0.025469210003563503,0.0,-0.028482451814419503,0.08314246549769161,40,40,9760
split,123,0.5559684459570127,0.025693809133565004,0.0,-0.026536772185300456,0.07754839181847561,40,40,9840
split,124,0.555977872543997,0.025786612476664694,0.0,-0.0357103407086461,-0.022333322195832846,40,40,9920
split,125,0.5560904136833347,0.025374699668916922,0.0,0.08414307117162453,0.06669443104381897,40,40,10000
split,126,0.5561925700446527,0.025466114929505568,0.0,-0.10558902493679133,-0.07012102606319416,40,40,10080
split,127,0.5564633236967077,0.025397078228417524,0.0,0.03299368725793599,-0.10684258822865729,40,40,10160
split,128,0.5563058724330423,0.025501355905867218,0.0,0.03565656849267188,0.07240886118656883,40,40,10240
split,129,0.5561732551904858,0.025752153949323286,0.0,-0.004428841891209704,0.10218529884834775,40,40,10320
split,130,0.5564442575890115,0.025410650420307768,0.0,-0.044777460374758785,-0.019492003942987057,40,40,10400
split,131,0.5564867498463645,0.02564625794414155,0.0,-0.05418934419487131,0.03209397662280444,40,40,10480
split,132,0.5565202581850998,0.025564857086799786,0.0,-0.0019304537261622037,0.034518514415338604,40,40,10560
split,133,0.556496895790422,0.025650473571138366,0.0,0.03501021276850617,0.060176724182961376,40,40,10640
split,134,0.5563938504880274,0.02570841177889105,0.0,0.08062741224638628,0.07583836641020468,40,40,10720
split,135,0.5562677974342238,0.025778535210777997,0.0,-0.13464299666021146,0.1275220804689152,40,40,10800
split,136,0.556079392929597,0.026199353926053992,0.0,-0.02810660233425574,0.05762244784994491,40,40,10880
split,137,0.5562038332828604,0.02566065529824524,0.0,-0.023515953768687786,-0.044619074987849325,40,40,10960
split,138,0.5562350379547508,0.02555744963938056,0.0,-0.03612146397934077,0.08280537078507784,40,40,11040
split,139,0.5565162641459424,0.024881059241677272,0.0,0.07875533186809577,-0.07449368083108886,40,40,11120
split,140,0.5566318897228498,0.02454404356138873,0.0,-0.07336669436880634,0.0017784299245399262,40,40,11200
split,141,0.556756635722086,0.02446866674165815,0.0,-0.04944531821411951,-0.05857425531937038,40,40,11280
split,142,0.5567899009083502,0.024444025891853682,0.0,-0.03822661330482713,0.05371639415186807,40,40,11360
split,143,0.5568160880787749,0.024278958118315597,0.0,-0.0007562847897341565,-0.04266087372953444,40,40,11440
split,144,0.5570939634018205,0.023881467676927337,0.0,-0.06229465693509048,-0.10682811622403444,40,40,11520
split,145,0.5572877970422483,0.023390925995815715,0.0,0.15122551806506718,-0.044816158904673484,40,40,11600
split,146,0.5570626648687022,0.024121092777844355,0.0,0.008820575084253872,0.07166736834522934,40,40,11680
split,147,0.5571065723335555,0.024296525588547557,0.0,0.1529298342358742,-0.0011884636522229554,40,40,11760
split,148,0.5568591692620026,0.02481118183953046,0.0,-0.16089149970829486,0.12656185108919113,40,40,11840
split,149,0.5565523784487634,0.025267212974822373,0.0,-0.10276299919466339,0.11529569531515071,40,40,11920
split,150,0.5566396198005934,0.025435683282812094,0.0,-0.018753241451032635,0.02898355784010817,40,40,12000
split,151,0.5562323345880466,0.026287812517878817,0.0,0.04695803850223214,0.2778856638203894,40,40,12080
split,152,0.5567212477519471,0.02514707983013087,0.0,0.004089096852730312,-0.13098361560315752,40,40,12160
split,153,0.5564867758772866,0.02576002678484557,0.0,0.1432316840783168,0.12831147430925569,40,40,12240
split,154,0.5568070599788175,0.025154139127095854,0.0,-0.04352130734622705,-0.07565642776979396,40,40,12320
split,155,0.5571998311409498,0.024532325624051943,0.0,0.05988010293367142,-0.14012782307349286,40,40,12400
split,156,0.5573897675338377,0.024088879904250016,0.0,-0.01588687657360821,-0.028618548944190532,40,40,12480
split,157,0.5574306567474083,0.0239218283054482,0.0,0.016373147231176863,0.02259400722527565,40,40,12560
split,158,0.5573491766813341,0.024364883582843277,0.0,-0.10697947139921948,0.021160060711297567,40,40,12640
split,159,0.5576817499830158,0.023226621022257143,0.0,-0.10184813135904654,-0.11627145951635787,40,40,12720
split,160,0.5579466400129514,0.022552905126024148,0.0,-0.11824674364337573,-0.1016243065367076,40,40,12800
split,161,0.5578650871326072,0.02263102181422283,0.0,-0.12275918727343836,0.06017481926074256,40,40,12880
split,162,0.5580317895895642,0.02211853559366228,0.0,0.16732263808697545,-0.006458753097160768,40,40,12960
split,163,0.5578957057500391,0.02273522456087318,0.0,-0.05397385430266764,0.07374966851500045,40,40,13040
split,164,0.5574440270126532,0.023585059745182324,0.0,-0.05757114654392753,0.24479720870316948,40,40,13120
split,165,0.5571274893415419,0.02417794054283595,0.0,-0.050908322299485616,0.13231388515247658,40,40,13200
split,166,0.5573943213188133,0.0233944123718155,0.0,0.022408538278597546,0.03615885263347182,40,40,13280
split,167,0.558007688167919,0.021813868398067093,0.0,-0.07328281990470184,-0.18979971213408095,40,40,13360
split,168,0.5580651406390665,0.02164860630899934,0.0,0.05867593920175399,0.04601434644587711,40,40,13440
split,169,0.5583066210666304,0.021070907014326234,0.0,0.03859553759628889,0.003831135479748912,40,40,13520
split,170,0.5587801932055457,0.01970425631543804,0.0,0.05735815400201016,-0.1386427561961692,40,40,13600
split,171,0.5587542793305501,0.01987376402240648,0.0,-0.001375003074096869,0.05269526332700329,40,40,13680
split,172,0.5588629251709166,0.019652199369822654,0.0,0.043863623481867446,-0.06548078109459315,40,40,13760
split,173,0.5591439624784124,0.01933032657493261,0.0,0.031787230988587545,-0.09771723097905846,40,40,13840
split,174,0.5589927827731774,0.01967371114083505,0.0,0.028914981026565877,0.04188424841908121,40,40,13920
split,175,0.5589879169224616,0.019615938080190132,0.0,0.10859079470753337,0.0887665683588345,40,40,14000
split,176,0.5592296552821236,0.01914915541935769,0.0,0.0856956427344242,-0.0459752200853769,40,40,14080
split,177,0.5593312973666724,0.018664460510112058,0.0,-0.0970960784729118,-0.016234933322990763,40,40,14160
split,178,0.5591404164943817,0.01911395336044497,0.0,-0.044263227409180234,0.1378997261705027,40,40,14240
split,179,0.5593215734933801,0.018581315463601533,0.0,-0.1290636666000997,-0.029217496567546415,40,40,14320
split,180,0.5594310300295183,0.01842875016953993,0.0,0.03481909691295889,-0.10960348108596621,40,40,14400
split,181,0.5596147737156967,0.018138067365204957,0.0,0.01438648062280703,-0.06452107821465436,40,40,14480
split,182,0.5597410456934953,0.017949196278768675,0.0,-0.10246764804253115,-0.07950599895590608,40,40,14560
split,183,0.5600701576510272,0.01726329745894628,0.0,-0.11533460308723549,-0.10061488114412427,40,40,14640
split,184,0.5598613607823044,0.01794295342155594,0.0,0.029880750308239352,0.11673445261915563,40,40,14720
split,185,0.5596837762757154,0.018098678661189527,0.0,0.12351432672315586,0.13962520067230816,40,40,14800
split,186,0.5598206879958973,0.017774663497472032,0.0,-0.12819820998764608,-0.06922694918603393,40,40,14880
split,187,0.5600124300299395,0.01736654363007062,0.0,-0.13613811504818163,-0.02030242349368613,40,40,14960
split,188,0.5601895743284209,0.017004986854621262,0.0,0.048724532741064155,-0.06960608413711131,40,40,15040
split,189,0.5603318162206987,0.016654805156609664,0.0,-0.023899195946106018,-0.024768764172538447,40,40,15120
split,190,0.5603294564119145,0.016992084773705618,0.0,0.09729684120543963,0.02049594082050779,40,40,15200
split,191,0.5602836518885924,0.01729293711259927,0.0,0.13306366779147547,0.013196446012610025,40,40,15280
split,192,0.5603024289304288,0.01750408383028712,0.0,0.10189332220333794,-0.03412759941565234,40,40,15360
split,193,0.5603077352503469,0.017694167354371015,0.0,-0.0930336519983847,-0.09694791830343287,40,40,15440
split,194,0.5603085054219925,0.01777209179857675,0.0,-0.03467121165027066,0.0714675666093,40,40,15520
split,195,0.5604072445101218,0.017707114384080236,0.0,-0.08455879830855559,0.004756562212408694,40,40,15600
split,196,0.5603171820429788,0.017693758985988572,0.0,-0.1675669215294736,0.049737725000167016,40,40,15680
split,197,0.5606035192528568,0.017040369488690144,0.0,-0.10988228101626153,-0.017152467097387006,40,40,15760
split,198,0.5604453639442432,0.017467491840450933,0.0,0.24667776280432777,0.13207989071459283,40,40,15840
split,199,0.560349542390071,0.017726543270564887,0.0,0.032119308812595594,0.08540203110666125,40,40,15920
split,200,0.5604724363625213,0.016999681466232874,0.0,-0.052281812640469036,-0.032111089755605594,40,40,16000
split,201,0.5605399365001312,0.016863750406230893,0.0,-0.08294639653861142,0.042903909679827885,40,40,16080
split,202,0.5609374147767435,0.015880949110705922,0.0,0.004449881290537324,-0.14233548793421885,40,40,16160
split,203,0.5612882149408179,0.015267614270110474,0.0,0.12693553998666157,-0.03454714843056681,40,40,16240
split,204,0.5612501017931352,0.015458079445525796,0.0,0.07104432173022451,0.0845177309577632,40,40,16320
split,205,0.5614630140651463,0.015330244999638643,0.0,-0.03016505767460539,-0.1303393216847633,40,40,16400
split,206,0.5615336616424303,0.015168881290880565,0.0,0.08235659032296513,0.017524321473321797,40,40,16480
split,207,0.5615608782794423,0.01474127644924661,0.0,0.06331223835279924,0.038566944539606025,40,40,16560
split,208,0.5614054666074969,0.014969826658942753,0.0,-0.09809289468979324,0.06268533713923335,40,40,16640
split,209,0.5611699943546462,0.01537870425675325,0.0,0.02380187058255576,0.05660172282323182,40,40,16720
split,210,0.5612930068874867,0.015234774883053803,0.0,-0.05576605018423804,-0.1363992496549651,40,40,16800
split,211,0.5614376208485274,0.014756826895866881,0.0,-0.07784601860542432,-0.03023533797133934,40,40,16880
split,212,0.5615980482877782,0.014304736887031821,0.0,0.04726347032123146,-0.037558911693789686,40,40,16960
split,213,0.5613870085008927,0.014642232965420554,0.0,-0.07109875588098231,0.18454902664592884,40,40,17040
split,214,0.5613996275368464,0.014914133082893244,0.0,0.06378069475141392,-0.033832435772457606,40,40,17120
split,215,0.5612764981723188,0.015375684480569252,0.0,-0.1523016184972053,0.01557770722309852,40,40,17200
split,216,0.5613552221810209,0.01519456007679898,0.0,0.06481820646777317,-0.06320874139803645,40,40,17280
split,217,0.5612399468204382,0.015762407944250434,0.0,0.08005584006301596,-0.00938839086979301,40,40,17360
split,218,0.5613356405605926,0.015503086430885493,0.0,0.012415633734374175,0.114518258585429,40,40,17440
split,219,0.5613040242926528,0.015723639181040916,0.0,-0.09553328284864639,0.0341868358741609,40,40,17520
split,220,0.5615231221710245,0.015446438153930653,0.0,0.016838062534865954,-0.038852152248983515,40,40,17600
split,221,0.5614353460263012,0.015567719056445828,0.0,0.05961531775909586,0.012797530544999412,40,40,17680
split,222,0.5615132394661809,0.015619019642886922,0.0,-0.01173040922775757,-0.04640853390870891,40,40,17760
split,223,0.5613124146531503,0.016209568349255243,0.0,-0.10298655787686355,0.08748413251564947,40,40,17840
split,224,0.5612892703196102,0.01608533437064763,0.0,0.07344177949310163,0.00024484380820287785,40,40,17920
split,225,0.5612437478637222,0.016473485633407337,0.0,0.04818423009378868,0.08625724799840417,40,40,18000
split,226,0.5611284108124588,0.016913535092224485,0.0,0.003471470303806329,0.0514454942459698,40,40,18080
split,227,0.560880403210409,0.01742730351505095,0.0,-0.008123045834289019,0.22009051282312622,40,40,18160
split,228,0.5609610266351343,0.017406056777791168,0.0,0.10710054106300144,-0.04036470716673658,40,40,18240
split,229,0.5609777494237238,0.017431467513527865,0.0,0.004684139568410166,-0.013480545315014724,40,40,18320
split,230,0.5609894413154074,0.017675698628539016,0.0,-0.004818746560812971,-0.08270884251144656,40,40,18400
split,231,0.5609189474340511,0.01769620629549984,0.0,0.07096150514631507,0.05720120500844911,40,40,18480
split,232,0.5608131815838531,0.01753840503904447,0.0,0.10478196983431812,0.11620440064379475,40,40,18560
split,233,0.5607671746184935,0.017534597993646095,0.0,-0.039627418158455614,-0.007172270987438531,40,40,18640
split,234,0.56061775668315,0.0175463747507264,0.0,0.1320691421392181,0.05453406967128074,40,40,18720
split,235,0.5607884545947474,0.017275229334509756,0.0,0.05787967106836845,-0.012415201711642827,40,40,18800
split,236,0.5605452602869446,0.017901678249394037,0.0,0.01904815844765064,0.14196822353535216,40,40,18880
split,237,0.5605606792434601,0.017547646647522952,0.0,-0.02353611424402278,0.1253601406249623,40,40,18960
split,238,0.5603947597627584,0.018012919886755574,0.0,-0.008804990739702036,0.02302682848876733,40,40,19040
split,239,0.5605425913850798,0.01785437975810855,0.0,-0.20543392773860242,-0.052235938485309774,40,40,19120
split,240,0.5604608311608665,0.01826084721062282,0.0,0.2034982208443701,0.08511595257635748,40,40,19200
split,241,0.5606435415498706,0.017580683383439433,0.0,-0.0132558393749461,-0.014809586054145799,40,40,19280
split,242,0.5607015408925835,0.017369831560191895,0.0,-0.0145401164166709,-0.001156179156790219,40,40,19360
split,243,0.5611373828565871,0.01637894826194186,0.0,0.06021436106593233,-0.0764855503339167,40,40,19440
split,244,0.5609272381256142,0.016847496873484746,0.0,-0.13101077529121363,0.1346257596143381,40,40,19520
split,245,0.5608774711138298,0.016685668648447782,0.0,-0.022571226468064517,0.0484619368790247,40,40,19600
split,246,0.5609766237767125,0.016527022171350714,0.0,0.00843879471559772,0.02698526021781316,40,40,19680
split,247,0.5612405191290841,0.015721133893000894,0.0,0.0027872355547943995,-0.06558428482959643,40,40,19760
split,248,0.5611540545426359,0.016013829423165094,0.0,-0.089214972283325,0.06648060897467527,40,40,19840
split,249,0.5613028382939942,0.015919698896617596,0.0,-0.0393092852519287,0.03410950667596208,40,40,19920
split,250,0.5614445153527701,0.015464882127505963,0.0,-0.10212859557032944,0.030425137902095792,40,40,20000
split,251,0.561653880814115,0.015029921269717361,0.0,-0.08543127169675087,-0.04382594153769881,40,40,20080
split,252,0.5614483269286668,0.015647957721554584,0.0,-0.1040947281959555,0.018493478472678307,40,40,20160
split,253,0.5617091079347557,0.01504805129503839,0.0,-0.10670371362335102,-0.04987799901059732,40,40,20240
split,254,0.5618521794391753,0.01486836899220334,0.0,-0.04266631098693623,-0.029088269914215113,40,40,20320
split,255,0.5618787669425656,0.015168186513060622,0.0,0.06927800784715564,-0.025144559812803648,40,40,20400
split,256,0.5620615358962805,0.014951138430085331,0.0,0.02932012597377396,0.03731749674295628,40,40,20480
split,257,0.5618151218252997,0.015442474238597237,0.0,0.044613255280550004,0.13948413093437206,40,40,20560
split,258,0.562085404202224,0.014901359050665808,0.0,-0.04715641079213239,-0.1594399840462316,40,40,20640
split,259,0.5620694597358721,0.014890218830295288,0.0,0.10170676492957234,-0.032560796493883916,40,40,20720
split,260,0.5619077179815255,0.015238064307948718,0.0,0.09507048109763062,0.15885357176076648,40,40,20800
split,261,0.562110650774288,0.014867937578197377,0.0,0.016305009057870083,-0.0826002922106587,40,40,20880
split,262,0.5621149706971861,0.014945927093330202,0.0,0.11832644592731421,0.018652463991354503,40,40,20960
split,263,0.5623179583560656,0.014833893927185038,0.0,0.04677406236369096,-0.11920646066819882,40,40,21040
split,264,0.5623922435583185,0.014576959589128968,0.0,0.13600073011540612,-0.05587273100934541,40,40,21120
split,265,0.5624643681849231,0.014314098465862846,0.0,0.02387059602460564,0.05903251333540054,40,40,21200
split,266,0.5624860305772909,0.014208121603471402,0.0,-0.010627091052622521,-0.04782755537633265,40,40,21280
split,267,0.5621572706841519,0.014865476567999192,0.0,-0.07489615466882299,0.17005391832111708,40,40,21360
split,268,0.5621348663879141,0.015303497713141656,0.0,0.1156160767115163,0.06059351556847285,40,40,21440
split,269,0.5619642371946765,0.01560481842318584,0.0,0.03347886135028559,0.13599162653788588,40,40,21520
split,270,0.5619077361760368,0.015893007420267447,0.0,0.05984944188015714,-0.0077871553020092184,40,40,21600
split,271,0.5618679918058691,0.015901897773655693,0.0,-0.01545133063562724,0.041796559036386925,40,40,21680
split,272,0.5617512336806207,0.016359375295206036,0.0,0.025675461704005854,0.08277687963949315,40,40,21760
split,273,0.5615277801097323,0.01704766160945481,0.0,0.11466471070347857,0.10809182708210882,40,40,21840
split,274,0.56165349323621,0.01652005955952285,0.0,0.008650065631017436,0.040627744943896135,40,40,21920
split,275,0.5621012375209886,0.015648388526777413,0.0,0.03807147218847763,-0.20543228866411897,40,40,22000
split,276,0.5623514437667254,0.015250813570822808,0.0,-0.06592778910238123,-0.17025057662519488,40,40,22080
split,277,0.5624215568636103,0.015084397004815897,0.0,0.01820081757554259,0.018715732497959704,40,40,22160
split,278,0.562247180779702,0.01575503613612228,0.0,-0.04452689373065523,0.04747121066555585,40,40,22240
split,279,0.5623482811621535,0.015239991664923735,0.0,-0.057189676528136585,-0.049737827922425405,40,40,22320
split,280,0.5622678311932321,0.015594622269759384,0.0,0.004721173095330326,-0.07118163460637224,40,40,22400
split,281,0.5624282659413313,0.015432874966061605,0.0,0.021666048279028707,-0.09789814792554563,40,40,22480
split,282,0.562448121185812,0.015527829298481177,0.0,0.014798908822885256,0.04331661593127873,40,40,22560
split,283,0.5624549014305296,0.01559108423134592,0.0,0.004374878346747995,-0.05852072430204398,40,40,22640
split,284,0.5624752511112517,0.015566440293279804,0.0,-0.08224022436315852,0.027870936992296654,40,40,22720
split,285,0.5623947771045521,0.01581204890962362,0.0,0.07285123150608488,-0.015334040269024303,40,40,22800
split,286,0.5623584818786479,0.01620960602750987,0.0,0.034273094345664716,0.06188667604018303,40,40,22880
split,287,0.5624756151632216,0.015956801862934133,0.0,0.14014368798829038,-0.05482119217573593,40,40,22960
split,288,0.5621888457189935,0.016717335682560175,0.0,0.061693717101405254,0.21105645705584675,40,40,23040
split,289,0.5623382019543884,0.01640417005999828,0.0,-0.08389267262401598,-0.12081331111831153,40,40,23120
split,290,0.562680769583931,0.0157796631551943,0.0,0.015030917146294008,-0.21354466064816147,40,40,23200
split,291,0.5627810605443998,0.015408128701231982,0.0,0.20310233451323176,-0.00043216723464500325,40,40,23280
split,292,0.562911736314237,0.01519242640888352,0.0,-0.01901366465134611,-0.021391418193355348,40,40,23360
split,293,0.5629475205130359,0.01517929675870855,0.0,-0.00738177144077435,0.06179973781769114,40,40,23440
split,294,0.5630146378254001,0.01502684435655155,0.0,-0.14126916118222235,-0.002878745642932072,40,40,23520
split,295,0.5630429890107076,0.015160596868145415,0.0,0.08097310842772011,0.017797102050571344,40,40,23600
split,296,0.5632091633505958,0.014652429077339546,0.0,0.13509452765953678,-0.06691049499519947,40,40,23680
split,297,0.5633561434231669,0.014072688161705038,0.0,-0.11781216060719654,0.012347443251866047,40,40,23760
split,298,0.5633535763810336,0.013961620479414072,0.0,0.01650464669880794,0.05912076565130908,40,40,23840
split,299,0.5633883633341826,0.013962197345212868,0.0,-0.16581615665595764,-0.06195364336915752,40,40,23920
split,300,0.56341714787695,0.013954770212102008,0.0,-0.16440657365942735,-0.12288872145927528,40,40,24000
split,301,0.5634598698589525,0.013935020994381264,0.0,0.05322612490893817,0.06391226410725817,40,40,24080
split,302,0.5634548922962107,0.013936592256762692,0.0,0.01313995349723919,-0.0036529754593971676,40,40,24160
split,303,0.5635568416136875,0.013911829767174755,0.0,-0.0635051172096828,-0.05816491436862608,40,40,24240
split,304,0.5633276325565202,0.014422891020050232,0.0,0.18482299284880757,0.10757959239667315,40,40,24320
split,305,0.5634052858326124,0.01422807691798722,0.0,0.04634910263706922,-0.06503368672420927,40,40,24400
split,306,0.5632831917031216,0.014652031499231555,0.0,-0.030188023581522023,0.06987754097317461,40,40,24480
split,307,0.5632959409103596,0.01449925404059571,0.0,-0.1728166514594145,0.06686839836164936,40,40,24560
split,308,0.5632079883556024,0.014647179019192658,0.0,0.10257039582111604,0.07306453701145779,40,40,24640
split,309,0.5633204808869273,0.014067524721063096,0.0,0.07980735565829361,-0.03623440782021144,40,40,24720
split,310,0.5635552526816783,0.013519329794297485,0.0,-0.1253947313484429,-0.25179093984797307,40,40,24800
split,311,0.5636422157442801,0.01347512445434007,0.0,0.015359872922535432,0.07842438612737938,40,40,24880
split,312,0.563688765768461,0.01335708225580634,0.0,-0.046664886233653925,0.019969432880574674,40,40,24960
split,313,0.5638580729828536,0.01296469487986096,0.0,0.08673724052016515,-0.04866649452643908,40,40,25040
split,314,0.5639192629676875,0.012874525816787052,0.0,-0.037088243340285446,-0.029838390188916427,40,40,25120
split,315,0.5640295438618393,0.012680669684756785,0.0,-0.0655813559140594,-0.20978203998989264,40,40,25200
split,316,0.5642165024114857,0.012242517181579649,0.0,0.049751046733294904,-0.15131938029829098,40,40,25280
split,317,0.5644267970836174,0.011861364539422437,0.0,0.0721867130062884,-0.03717189481206205,40,40,25360
split,318,0.5644345394538087,0.011715318713654166,0.0,0.10540120713983764,-0.010195297293585488,40,40,25440
split,319,0.5644125865832249,0.011719873936445802,0.0,0.003554383313488555,0.035914070885919976,40,40,25520
split,320,0.5644665707166179,0.011568835327220639,0.0,0.1253818819514789,0.04249185388220277,40,40,25600
split,321,0.5644664681204229,0.011418114036312765,0.0,0.15414644087985083,0.021641516279874748,40,40,25680
split,322,0.5644499301840268,0.011718120888021266,0.0,-0.12496061016331676,-0.055125365259523024,40,40,25760
split,323,0.5644156642964739,0.011609151792619787,0.0,-0.09604590575589558,0.15342349293203764,40,40,25840
split,324,0.5642879052714806,0.011966881042675848,0.0,-0.11039472338978122,0.07029440014169634,40,40,25920
split,325,0.5643735537304502,0.011759886701860345,0.0,0.0011557905216229385,0.00389131022277735,40,40,26000
split,326,0.5645918033230641,0.011302360609662498,0.0,0.147037962093366,-0.05387566318312979,40,40,26080
split,327,0.5648199576120166,0.010717063019380468,0.0,-0.03533960821306957,-0.10742018306577708,40,40,26160
split,328,0.5647525100623565,0.01078660622039107,0.0,-0.08487440216162727,-0.04069648465432181,40,40,26240
split,329,0.5646800087716644,0.011033440660602523,0.0,-0.08711625790693175,-0.0021863228291703696,40,40,26320
split,330,0.5644542125684741,0.01151439547579769,0.0,-0.012061310340643583,0.0564166895804853,40,40,26400
split,331,0.564498920737354,0.011445209748350837,0.0,-0.005576538476645922,-0.17058720073330227,40,40,26480
split,332,0.5646775153782524,0.011154284867195718,0.0,0.004631686263257527,0.029101726911213266,40,40,26560
split,333,0.564785029656095,0.010910278528127426,0.0,-0.027297376890305123,-0.18782066705075978,40,40,26640
split,334,0.5648450523596779,0.010833775165136728,0.0,-0.029412593836884115,0.016998932457505358,40,40,26720
split,335,0.5646949429125326,0.011207131111949709,0.0,-0.06928603260913052,0.08336101833435718,40,40,26800
split,336,0.5645609274816511,0.011633319167792977,0.0,0.02066049520629696,0.11984706955532454,40,40,26880
split,337,0.5645990650589785,0.011631103310753343,0.0,0.19477515450765656,-0.08346141335070306,40,40,26960
split,338,0.5644859673486229,0.01190393880641305,0.0,0.10481351993312032,0.03734838113514747,40,40,27040
split,339,0.5643233545418963,0.012111037588775408,0.0,0.10081488555391199,0.16825185152289265,40,40,27120
split,340,0.5641874915184327,0.012585434166532572,0.0,0.041519586149315675,0.07318291086113754,40,40,27200
split,341,0.5643426960496909,0.012277682806748347,0.0,-0.21109186897545262,-0.08959287890078109,40,40,27280
split,342,0.5643020087069067,0.01239611266080276,0.0,0.028895755228575657,0.03441499221532445,40,40,27360
split,343,0.5646180765117642,0.01170850940469581,0.0,-0.07448556954014046,-0.13879008384965547,40,40,27440
split,344,0.5647540342378332,0.011486454660474266,0.0,0.11565798053952052,0.03641551612345128,40,40,27520
split,345,0.5648383598094217,0.011322893474321138,0.0,-0.03928281562819055,-0.029958821418480556,40,40,27600
split,346,0.5649074136568962,0.011248133779388159,0.0,0.036501646456474246,-0.13372263036396204,40,40,27680
split,347,0.5649575241887138,0.010902701601367637,0.0,0.21599944834340873,0.1449352613720253,40,40,27760
split,348,0.5651780040374296,0.010312933213723952,0.0,-0.046806412814456695,0.07541228915719954,40,40,27840
split,349,0.5653930926069324,0.009819121471664527,0.0,-0.012700796160920156,-0.05884022793898534,40,40,27920
split,350,0.5655092483497095,0.009669779288003943,0.0,-0.20620743563892716,-0.03451260618530192,40,40,28000
split,351,0.5654542228554728,0.009724772896831824,0.0,0.02458014332453681,-0.0539616721014055,40,40,28080
split,352,0.5653781787329845,0.010137658943235706,0.0,0.025313420701837373,-0.039914492371971116,40,40,28160
split,353,0.5652146763120716,0.010475918541401175,0.0,0.08817050366659025,-0.0005624193755353601,40,40,28240
split,354,0.5650015945331315,0.01106036831857371,0.0,0.11199223955681599,0.0738315470082012,40,40,28320
split,355,0.5649834986588832,0.011205479551730346,0.0,-0.032852684387825605,-0.005793035820020155,40,40,28400
split,356,0.5649265779211667,0.011505710128088431,0.0,-0.010195041557891346,-0.047383022402002165,40,40,28480
split,357,0.5649102667963091,0.011617985875438497,0.0,-0.17002526583242347,0.06023223436429979,40,40,28560
split,358,0.5648480362379823,0.011782615360593551,0.0,-0.06740128803751225,0.06700272686806327,40,40,28640
split,359,0.5648740965059679,0.01153271615047713,0.0,0.023882200901107813,-6.787780774497472e-05,40,40,28720
split,360,0.5650040020708222,0.011249737064299437,0.0,-0.03879758846498238,0.07867955084709406,40,40,28800
split,361,0.5652158038674372,0.01079127166702798,0.0,0.030463666512583726,-0.07712191949692036,40,40,28880
split,362,0.5651720343348442,0.011054837500499848,0.0,-0.16913557072154972,0.07087808014215206,40,40,28960
split,363,0.56536580352562,0.010577765797447847,0.0,0.05163839385682019,-0.043313912697913716,40,40,29040
split,364,0.565500740917893,0.010255594523209788,0.0,0.058542656025200264,-0.056618593767826526,40,40,29120
split,365,0.5654099460660074,0.010406576034738713,0.0,-0.04248436750329272,-0.04059163232187292,40,40,29200
split,366,0.5653550158617597,0.010634696458405424,0.0,0.05299676919186484,0.03040500244492442,40,40,29280
split,367,0.565525206324482,0.010363629113756212,0.0,0.01318267923087241,-0.06521384773858696,40,40,29360
split,368,0.5656744661925852,0.009922228223099738,0.0,-0.046896744866516606,-0.11956107022918352,40,40,29440
split,369,0.5657933161066113,0.009791150835462226,0.0,0.06116599418090548,-0.04501506858243269,40,40,29520
split,370,0.5656634719034366,0.009913384132328895,0.0,0.03511828117162373,0.03757675867484416,40,40,29600
split,371,0.5656386219161553,0.010117673840735808,0.0,-0.06264657478365875,0.01180875331140127,40,40,29680
split,372,0.5658245643938583,0.009783864854993163,0.0,-0.040041294563616374,-0.05378363221099224,40,40,29760
split,373,0.5658582359388383,0.009559910449634224,0.0,0.08098580449102619,-0.012021198566114007,40,40,29840
split,374,0.5658567291354274,0.00963664375276374,0.0,0.07407709158816869,-0.0019299379698186677,40,40,29920
split,375,0.5658410811412546,0.009561185219807866,0.0,-0.08532790189464987,0.05627972704616714,40,40,30000
split,376,0.5658442554483638,0.00950130732673149,0.0,0.20334948937051261,0.07098934398386433,40,40,30080
split,377,0.5657623588155114,0.009673815624071658,0.0,-0.13113242956638593,-0.11283833958156136,40,40,30160
split,378,0.5656338546794063,0.009845844407182835,0.0,-0.08021875813905258,0.09346253011672233,40,40,30240
split,379,0.5656803813077435,0.009857366150801683,0.0,-0.1486845028272909,-0.09463761248882059,40,40,30320
split,380,0.565791998426732,0.009604176067975811,0.0,-0.0872057565625011,-0.059446565164437644,40,40,30400
split,381,0.5659327118962784,0.00929079284667289,0.0,0.023391057001487643,-0.06517852247380511,40,40,30480
split,382,0.5657759139327408,0.009706150760289689,0.0,0.08778814490607825,0.015568302452767602,40,40,30560
split,383,0.5656184294531759,0.010142987010347104,0.0,0.0019410170852013791,-0.01188349548577692,40,40,30640
split,384,0.5658268333572877,0.009612302343806056,0.0,0.1103606754290142,-0.13101025309032138,40,40,30720
split,385,0.5657181650068875,0.009815164632107964,0.0,0.13978795951612252,0.08370684671319664,40,40,30800
split,386,0.5658774290534205,0.009389279819581153,0.0,0.05466628591629713,0.05153934388864525,40,40,30880
split,387,0.5659023390102733,0.00919157450178576,0.0,0.19020364605332649,0.08326156635239784,40,40,30960
split,388,0.565931765637381,0.00909750315433433,0.0,-0.04102465466542833,-0.025829518563798615,40,40,31040
split,389,0.5656177085252125,0.009978164130207134,0.0,-0.038728013092532675,0.03534933698719512,40,40,31120
split,390,0.5657291700364402,0.009723969397567478,0.0,-0.14560573428610715,-0.010560168812875916,40,40,31200
split,391,0.5659129605004535,0.009333258611857409,0.0,0.012001766624004203,0.013912941076041564,40,40,31280
split,392,0.5657692977943634,0.009549004513586978,0.0,-0.09239844690504073,0.1570195420505962,40,40,31360
split,393,0.565897716320234,0.00923950967932563,0.0,0.05475002570617813,-0.07838904211262285,40,40,31440
split,394,0.5660423708602895,0.008874530733774089,0.0,0.11617000641252777,-0.09582066481024712,40,40,31520
split,395,0.5661905800531115,0.008523447092836589,0.0,-0.08103240338449245,-0.06499453093568316,40,40,31600
split,396,0.5661159401823874,0.008640169982865209,0.0,-0.12375335997663779,-0.02576625296050915,40,40,31680
split,397,0.5661114709561706,0.008693126953263963,0.0,-0.01840747625836853,-0.11226734016081745,40,40,31760
split,398,0.5663953550628357,0.008139473648710815,0.0,-0.2017423657920278,-0.0979648226505093,40,40,31840
split,399,0.5665203967969046,0.00791887340847841,0.0,-0.04334548820849774,-0.046011171469184306,40,40,31920
split,400,0.5664690915286793,0.007981231779291331,0.0,-0.0016746098012060111,0.0627137489782851,40,40,32000
split,401,0.5663098066549641,0.008329873718498138,0.0,-0.026215103517119167,0.040722430624182446,40,40,32080
split,402,0.5663094671691064,0.008353131999225605,0.0,0.03769508697052375,0.018916869025869056,40,40,32160
split,403,0.5662458006852366,0.008801048717156479,0.0,-0.0710969812627977,-0.03803094282933291,40,40,32240
split,404,0.566168850153996,0.009164752666919518,0.0,0.058456127334236246,0.03152735310312859,40,40,32320
split,405,0.5660904737074974,0.009124340315371238,0.0,-0.08843243894800372,0.0016831822044323986,40,40,32400
split,406,0.5658540320943631,0.00974047263910871,0.0,-0.07405184524116139,0.06867884629260247,40,40,32480
split,407,0.5658934717360585,0.009592231807030838,0.0,-0.0851341488797511,-0.0340650332584194,40,40,32560
split,408,0.56589482698513,0.009711433242797551,0.0,-0.025334102370717308,0.03600367193538186,40,40,32640
split,409,0.5660183578080059,0.009421691786260622,0.0,0.06172867866935006,-0.007647411167255971,40,40,32720
split,410,0.5660209400994906,0.00952967941847327,0.0,-0.018028973974066928,0.08912154167512026,40,40,32800
split,411,0.5658333382013603,0.009913330920171992,0.0,0.0733247701661541,0.0015085906514753539,40,40,32880
split,412,0.5659080462648798,0.00977331896368172,0.0,0.026987646320089907,-0.07387706799685222,40,40,32960
split,413,0.5658928331056047,0.009826582332307265,0.0,-0.0804756152822116,-0.01341947587367218,40,40,33040
split,414,0.5659196886923724,0.009591743987010237,0.0,-0.00848809364624084,0.12158927856959173,40,40,33120
split,415,0.565989180130419,0.009320640773459732,0.0,0.02022400276166893,-0.06355736851273307,40,40,33200
split,416,0.5659517916235686,0.009399617900114676,0.0,-0.03103281716976813,-0.12491045860270758,40,40,33280
split,417,0.565905081272607,0.009390703857231175,0.0,-0.12534288284103162,-0.03317909633693254,40,40,33360
split,418,0.566107368149678,0.009010407463266534,0.0,0.06991847607750211,-0.0666735952301556,40,40,33440
split,419,0.5662098384121791,0.008584087168182375,0.0,0.07866559209482353,-0.12686111130020158,40,40,33520
split,420,0.5663021461008629,0.008372742642892339,0.0,-0.10679093937101522,-0.11299881348227954,40,40,33600
split,421,0.566163529562658,0.008769668243381545,0.0,-0.06782355581807296,0.05479642157402675,40,40,33680
split,422,0.5661414903385031,0.008964702741223518,0.0,-0.008148726512914916,-0.014831471971886594,40,40,33760
split,423,0.5661260191807488,0.008970931563642481,0.0,-0.0740223147281887,0.012340476196277931,40,40,33840
split,424,0.5663875826353971,0.008361092892396949,0.0,0.07271920920522883,-0.03596016475252303,40,40,33920
split,425,0.5665594068996627,0.00788612901600616,0.0,-0.004651706072246265,0.11360711899595319,40,40,34000
split,426,0.5664440890506369,0.008216130108630315,0.0,0.03214151728608557,-0.04904090811841603,40,40,34080
split,427,0.5666312828799176,0.007881588079932889,0.0,-0.10392283239086939,-0.11861893729266922,40,40,34160
split,428,0.5666434483248657,0.007876146669317019,0.0,0.042294974727844915,0.04078209251258157,40,40,34240
split,429,0.5665283878197458,0.008081822839084096,0.0,-0.06824356918877202,-0.05683255518990105,40,40,34320
split,430,0.56650701204339,0.008221532088933725,0.0,-0.06569819403017087,-0.014272837338188767,40,40,34400
split,431,0.5664959462570984,0.00838666267189181,0.0,0.04284204043721927,0.21141612962226522,40,40,34480
split,432,0.5666127087394942,0.008157339588223067,0.0,0.08762889601719635,0.09597394766392447,40,40,34560
split,433,0.5663727681340244,0.008490885840193751,0.0,0.1876032257341689,0.07441329556508142,40,40,34640
split,434,0.5664207919049769,0.008384575356407131,0.0,-0.41365136957065973,-0.02544093139878824,40,40,34720
split,435,0.5666222110838787,0.007902450294653751,0.0,-0.0041477857476370774,-0.02912608632086253,40,40,34800
split,436,0.5668202122816342,0.007325339506441209,0.0,0.14986932635393466,-0.096523468762465,40,40,34880
split,437,0.5667920612671755,0.007423023023217068,0.0,0.09663404858641436,0.02858696388750055,40,40,34960
split,438,0.5667770890992948,0.007316848268007936,0.0,0.09992033616253897,0.012821062474530565,40,40,35040
split,439,0.5668169295724138,0.007370675434119733,0.0,0.08958845042121667,0.1117121372039745,40,40,35120
split,440,0.5669621879709189,0.007342025648061079,0.0,0.10002519406653824,0.018707572389953728,40,40,35200
split,441,0.5671086289631565,0.0070278158730076035,0.0,-0.011134707446993405,0.050737120490413866,40,40,35280
split,442,0.567299974628422,0.006679878224664093,0.0,-0.028760613635010493,0.021154484750045437,40,40,35360
split,443,0.56716073620697,0.006966203281888461,0.0,-0.08121282372848983,-0.1014660704893837,40,40,35440
split,444,0.5670610593960906,0.007211152226408557,0.0,0.026923288102377464,0.11107588693481958,40,40,35520
split,445,0.5673481296868063,0.006578376069477976,0.0,0.04980512005697719,-0.11199329153108063,40,40,35600
split,446,0.5675403009473624,0.00619950518158674,0.0,-0.020852490706180615,-0.013793724295265453,40,40,35680
split,447,0.5676411355254007,0.006031636071531898,0.0,-0.06347092292042758,0.0632770304419001,40,40,35760
split,448,0.5675665514134102,0.006114299585384009,0.0,-0.027790852001544904,0.0258241538577504,40,40,35840
split,449,0.5675270079826275,0.006168922627908469,0.0,-0.07373352632953752,0.005997381402640067,40,40,35920
split,450,0.5677806534043672,0.005768172702873331,0.0,0.036119811887909664,-0.1296783248095513,40,40,36000
split,451,0.5677944793888207,0.005752456353571023,0.0,-0.02167878222577477,-0.09178936112479033,40,40,36080
split,452,0.5677746230604318,0.005781572960718906,0.0,-0.05331080675690917,0.03411686919038897,40,40,36160
split,453,0.5679099443863451,0.005553609345114285,0.0,-0.18120810251139707,0.026422294151849768,40,40,36240
split,454,0.5678509579119877,0.005724977258334207,0.0,0.004537909740165815,0.038512828266315795,40,40,36320
split,455,0.5678048724767785,0.005941275877917596,0.0,-0.021485638985487478,-0.02661668506166165,40,40,36400
split,456,0.5680155918617876,0.005657867727622001,0.0,0.0968985772006686,0.09728885674963227,40,40,36480
split,457,0.5681123323800223,0.005412463530004574,0.0,0.03946619596708954,-0.06816278955062452,40,40,36560
split,458,0.5681699635750451,0.005292009899559691,0.0,0.037445542695896214,0.019227997204994667,40,40,36640
split,459,0.5684935318003681,0.0047414380480790275,0.0,-0.15492807965833877,-0.1144139782852007,40,40,36720
split,460,0.5683979257048678,0.004848115787748353,0.0,-0.041198469370445245,-0.0017169935588355718,40,40,36800
split,461,0.5684881797459402,0.004569689375355179,0.0,0.050632485913017986,0.03680622442140417,40,40,36880
split,462,0.5684186246247349,0.0047811411858257324,0.0,-0.18606542866995382,-0.05970431995189551,40,40,36960
split,463,0.56836271700735,0.004900050979967263,0.0,-0.09039761808162947,-0.06205898127565219,40,40,37040
split,464,0.5683419717135305,0.004942712092749768,0.0,0.017645105060710996,0.005602487283283147,40,40,37120
split,465,0.5683816203515027,0.005003976804345833,0.0,-0.09905183722837459,-0.10471076010163452,40,40,37200
split,466,0.5684061025415881,0.004999976769729186,0.0,0.09655839634618722,-0.03492732022217548,40,40,37280
split,467,0.5684464255254469,0.005024333987179608,0.0,-0.13483566097889807,-0.0908637604407402,40,40,37360
split,468,0.5682905878491199,0.005192406590183385,0.0,-0.021160981751780373,0.0675419663846896,40,40,37440
split,469,0.5681759950025431,0.005380292812120491,0.0,0.045444779367650213,0.011347929879305644,40,40,37520
split,470,0.5681107123411739,0.005393264926612296,0.0,0.03497617823937448,0.09838969055822595,40,40,37600
split,471,0.5679585352397396,0.005622198648207344,0.0,-0.03660686895520705,0.09094310073950752,40,40,37680
split,472,0.5678012891596804,0.005932726420655565,0.0,0.003128095109293372,0.03243257864909127,40,40,37760
split,473,0.5678575066392452,0.005804492841237074,0.0,0.02701104086098353,0.0017172913845250745,40,40,37840
split,474,0.5678874015721905,0.0057564270414177665,0.0,0.07356051728509908,-0.12318444687989544,40,40,37920
split,475,0.5677966952235535,0.005950380415241319,0.0,-0.07124879871817474,0.008492332471395279,40,40,38000
split,476,0.5679379564793967,0.005765172181298461,0.0,-0.08770339006276787,0.08173502942520637,40,40,38080
split,477,0.5676508687987184,0.006228584575692531,0.0,0.10507204089901401,0.03210467633857817,40,40,38160
split,478,0.5678315286222183,0.005874231086539172,0.0,0.0863453929399445,-0.03091049627157714,40,40,38240
split,479,0.5677721805904166,0.0060523911400525154,0.0,-0.07678736759844523,-0.019436925789083175,40,40,38320
split,480,0.5677379557600191,0.006149044602611231,0.0,-0.08934756796749872,-0.043446740583954015,40,40,38400
split,481,0.5678049405581505,0.005997698055574263,0.0,-0.14310213517241901,0.05411318812255122,40,40,38480
split,482,0.567978698874621,0.005688425898294103,0.0,0.10635415242987331,-0.11336181613131992,40,40,38560
split,483,0.567863506409333,0.0058327945746561305,0.0,0.12476323343518733,-0.02686485647688049,40,40,38640
split,484,0.5677846081965188,0.0059245372008712716,0.0,-0.08953761116016024,0.018307229150918602,40,40,38720
split,485,0.5676577465240857,0.0061894004950446835,0.0,0.0680253606160712,-0.00794551315237762,40,40,38800
split,486,0.5677030535147966,0.00618712211043948,0.0,-0.0844166423571852,-0.13394615834008905,40,40,38880
split,487,0.5676094857447979,0.006306406494402839,0.0,-0.024139385164181338,0.0324509803371408,40,40,38960
split,488,0.5676338275079272,0.006151262468570451,0.0,-0.04009426809797762,0.09552833633349493,40,40,39040
split,489,0.5676170008563816,0.0061348476296392285,0.0,0.0443057099028758,-0.09272177651012901,40,40,39120
split,490,0.5674561366630508,0.006483359220372131,0.0,0.08433971547829437,0.10755417434555377,40,40,39200
split,491,0.5674526252794555,0.006485845125290157,0.0,-0.004819257770266098,-0.07242848898271766,40,40,39280
split,492,0.5675079999228447,0.006408233632422267,0.0,0.22447927003222282,0.06590692427886914,40,40,39360
split,493,0.5675207672720124,0.00644662217786085,0.0,0.1236643171257684,0.02712592381280129,40,40,39440
split,494,0.567609781840517,0.006230260873510751,0.0,-0.056596177097492845,-0.11980292329091764,40,40,39520
split,495,0.5676216637269267,0.006362844818652458,0.0,-0.036354454614530116,-0.159757376671963,40,40,39600
split,496,0.5675984927988059,0.006382188127862731,0.0,0.19352423756758277,0.03318118627214869,40,40,39680
split,497,0.5676657732035705,0.006396360656143574,0.0,0.004098208805061377,-0.14455017617053925,40,40,39760
split,498,0.5675712771735648,0.0066077027873742145,0.0,0.054867576951274546,0.023993362018072707,40,40,39840
split,499,0.5675103713630479,0.00666874221067959,0.0,0.0851947314026569,0.19434125635319263,40,40,39920
split,500,0.5676359353730374,0.006514191953973181,0.0,-0.0744120874458371,-0.050140136339063376,40,40,40000
split,501,0.5676347492947433,0.006569188156718697,0.0,0.17674224546575834,0.08832494411105017,40,40,40080
split,502,0.5675451903451773,0.006796688220877867,0.0,0.028967981994813045,0.025996820988081242,40,40,40160
split,503,0.5672468215370194,0.007362393952968671,0.0,-0.03773646330298758,0.09682046137537739,40,40,40240
split,504,0.5670905275204761,0.007698658443365258,0.0,0.0868358421948416,0.15586592252813875,40,40,40320
split,505,0.5670966089131374,0.007614428805132856,0.0,-0.08653634764919238,0.08008798984346746,40,40,40400
split,506,0.567260749385683,0.007287833694014756,0.0,-0.01249311658692646,-0.03290248868802413,40,40,40480
split,507,0.5673462582719382,0.007082647087485405,0.0,0.03619728591727294,0.07214481381697191,40,40,40560
split,508,0.5672123068416368,0.007262405437429065,0.0,-0.21430262354767157,0.0073806617769874815,40,40,40640
split,509,0.5671655081610089,0.007320670492940828,0.0,0.012036057300836652,0.09464446455012454,40,40,40720
split,510,0.5670082831139315,0.007626094399484029,0.0,0.017005947469187814,0.04787455164896997,40,40,40800
split,511,0.5672350423695034,0.007171666581920255,0.0,-0.3600566606786328,-0.04433714826724853,40,40,40880
split,512,0.56707997311496,0.00750982069402617,0.0,0.20889024958899355,0.047915531568775094,40,40,40960
split,513,0.5671452029053075,0.007326699204418641,0.0,-0.08259014823599255,-0.015841359348280383,40,40,41040
split,514,0.5670900970909754,0.007363897721077928,0.0,0.08861999141512027,0.09343486403965878,40,40,41120
split,515,0.5671538011722458,0.007233093900603782,0.0,-0.105889763289324,-0.0237258971836074,40,40,41200
split,516,0.5670653030225168,0.007359409410899742,0.0,0.19767835231418704,0.0679812735010132,40,40,41280
split,517,0.5670332421737253,0.007325844799037751,0.0,0.0460899464488821,0.1571306182593789,40,40,41360
split,518,0.5670614707038247,0.007346270459677062,0.0,0.014548752606678607,-0.050937127607296774,40,40,41440
split,519,0.5670090230081819,0.007557814952417141,0.0,-0.1222788292662682,0.05600002854128466,40,40,41520
split,520,0.5669744182955618,0.007619102645458842,0.0,0.05299569027309171,-0.03275916116879479,40,40,41600
split,521,0.5668967659017021,0.007771831580749677,0.0,0.003537281913343396,-0.030989678424582754,40,40,41680
split,522,0.5669151882414453,0.007877140282494532,0.0,-0.04285136804298862,-0.0891463371555089,40,40,41760
split,523,0.5670767642681492,0.007634672461762748,0.0,-0.07419008769813545,-0.09094349317307272,40,40,41840
split,524,0.5670959829898016,0.007607163885364088,0.0,0.030149264768861612,-0.005668888499874629,40,40,41920
split,525,0.5669898248624443,0.007779388269482546,0.0,-0.14201124755131378,0.09999092773023212,40,40,42000
split,526,0.5669186015389616,0.007701413593502293,0.0,0.02309654340673656,-0.039645520558069525,40,40,42080
split,527,0.5668867006048597,0.00780907793675123,0.0,-0.04211658191695408,0.018627919633659482,40,40,42160
split,528,0.5668789169402334,0.00788956598165147,0.0,0.23006722786641104,0.1471646599734334,40,40,42240
split,529,0.5667493032165583,0.008277577148027793,0.0,0.09115289011744902,0.0502372697526048,40,40,42320
split,530,0.5668875568577839,0.007905097867392241,0.0,0.0417466449796393,0.033400906024951556,40,40,42400
split,531,0.5668678098273244,0.007925540795492347,0.0,-0.047447015166896034,-0.06951226543913318,40,40,42480
split,532,0.5670440913680291,0.007545966432755402,0.0,-0.009341753664675193,-0.11742508431826905,40,40,42560
split,533,0.5669936435600795,0.007727319258531984,0.0,0.003616917938721765,0.05873715445571837,40,40,42640
split,534,0.5671035789796293,0.007548626221226207,0.0,0.05834709892749221,-0.09246697887001609,40,40,42720
split,535,0.5670610610145836,0.007591944908319159,0.0,0.09278271212342759,0.06208515911854338,40,40,42800
split,536,0.5671276423523425,0.007425965521272837,0.0,-0.11338575442388436,0.002630020713796501,40,40,42880
split,537,0.5671820194673746,0.007231850813009921,0.0,-0.09110570926143521,0.07726930767539832,40,40,42960
split,538,0.5671703752601638,0.007249748877066309,0.0,-0.10739647374819328,0.0048008073114408694,40,40,43040
split,539,0.5671825218576261,0.007193849996196211,0.0,-0.058383798880288044,-0.14082644195181443,40,40,43120
split,540,0.5672072287697034,0.007216137882758655,0.0,0.013306588089615703,-0.027904609087337495,40,40,43200
split,541,0.567278451580088,0.007135133428339713,0.0,0.03562472842645913,-0.08849748476006826,40,40,43280
split,542,0.5674275026438966,0.00689600605590035,0.0,0.08864776499517456,-0.030222735828482457,40,40,43360
split,543,0.5674493498323292,0.006774355539339472,0.0,0.03155190669604924,-0.01164540958077324,40,40,43440
split,544,0.567462866603589,0.006807405651045539,0.0,-0.02479376765446512,0.01919076800473876,40,40,43520
split,545,0.5675473966678,0.006731150795007856,0.0,0.09417490272945839,-0.026313018074881404,40,40,43600
split,546,0.5673964986412908,0.0069874239665581594,0.0,-0.019591392930792262,0.08224886386350853,40,40,43680
split,547,0.5671372194385267,0.007602222290748362,0.0,-0.04235086987768868,0.03785188468440902,40,40,43760
split,548,0.5670766749620316,0.007668315484220534,0.0,-0.01953265024865564,0.09104919712480992,40,40,43840
split,549,0.5672230971437581,0.007280086202661407,0.0,-0.07409315080159505,0.04080963285377947,40,40,43920
split,550,0.567601198513941,0.006645187894614324,0.0,-0.07186902346118404,-0.1378908829115041,40,40,44000
split,551,0.5678511359189404,0.006220204938725216,0.0,0.2253180035172721,-0.05053326164734435,40,40,44080
split,552,0.5676300537321706,0.006627665672932492,0.0,-0.1344354137553442,-0.0016161158605700735,40,40,44160
split,553,0.5675649964830718,0.006851937556048959,0.0,0.02868166439280031,-0.02229664564239402,40,40,44240
split,554,0.567640623203445,0.006749099134267578,0.0,0.030156455291719203,-0.1089917501318027,40,40,44320
split,555,0.5676665460582629,0.006619417298735275,0.0,0.0908683024620771,0.0034789378077926267,40,40,44400
split,556,0.5676776679823948,0.0063789684419848225,0.0,-0.055102463410534167,0.13578209004963876,40,40,44480
split,557,0.5676670000574324,0.006208672933557868,0.0,-0.09437406318952722,0.10084203853297807,40,40,44560
split,558,0.5677594514688301,0.005942741514348149,0.0,0.03610607332496937,0.04645576124348576,40,40,44640
split,559,0.5676734438870389,0.0060448889937863015,0.0,-0.13063103283122163,0.054175913772117966,40,40,44720
split,560,0.5677482743611691,0.0060100355774731495,0.0,-0.0012622419237559494,-0.16908530192073734,40,40,44800
split,561,0.5677700437371735,0.006002949774448929,0.0,0.0035177830347706916,-0.02170287848116299,40,40,44880
split,562,0.5677107312682295,0.006002994856235677,0.0,-0.07984380278911259,0.15295635326095441,40,40,44960
split,563,0.5679804066082145,0.0056684306126757456,0.0,-0.08947873537254254,-0.1216527773690327,40,40,45040
split,564,0.5681573796528965,0.0054041079594335795,0.0,0.05603036891510764,-0.05829422142079338,40,40,45120
split,565,0.5682505704980421,0.005276856127794272,0.0,-0.08223157838566236,-0.08620104965496084,40,40,45200
split,566,0.5679514189565158,0.005817792232814312,0.0,0.04497701943213487,0.16230971722728824,40,40,45280
split,567,0.5680134080301349,0.005578935293575338,0.0,0.19472202954932907,0.08324247676645398,40,40,45360
split,568,0.5682048183217216,0.00526900376507744,0.0,0.010627197487112558,-0.040143617875104606,40,40,45440
split,569,0.5682649335607043,0.0051766361462982635,0.0,-0.12709925264425795,0.02840890740376389,40,40,45520
split,570,0.5680592068101318,0.005593524146269568,0.0,0.055790234934280564,0.06541539954626753,40,40,45600
split,571,0.5681370153397629,0.005507564863182601,0.0,0.039198639209607124,-0.06136819342841724,40,40,45680
split,572,0.5679491954989446,0.0058970563282210176,0.0,-0.0818723478990232,-0.01178253382930208,40,40,45760
split,573,0.5681994809064556,0.005413960844388055,0.0,0.13010470916320374,-0.002405469123775955,40,40,45840
split,574,0.5682290757840093,0.005447867810791429,0.0,-0.03990287480654814,-0.09227189680993289,40,40,45920
split,575,0.5683594408243414,0.00516924497100224,0.0,-0.10679344700463606,-0.052485060622493036,40,40,46000
split,576,0.5685818319208529,0.004822307357453259,0.0,-0.0779741478708967,0.07813682390331055,40,40,46080
split,577,0.5681633042013963,0.005537916831716894,0.0,-0.03062606738016639,0.039696468616363736,40,40,46160
split,578,0.5683168938424521,0.005285664037240401,0.0,-0.1991054939107319,-0.077492080157958,40,40,46240
split,579,0.5683241860622776,0.00514523877241535,0.0,0.0005263485446368664,-0.013101057599812447,40,40,46320
split,580,0.5685771724692579,0.004588277261957208,0.0,-0.09974328340376258,-0.1607092785034827,40,40,46400
split,581,0.5686287457223655,0.0044749813777601455,0.0,-0.017224270462626,-0.10563504680461581,40,40,46480
split,582,0.5687168006867868,0.00432673301863451,0.0,0.009651178294096788,0.052759977113168495,40,40,46560
split,583,0.5688348473226348,0.004139140930003671,0.0,0.0936799517820427,-0.03780263300964843,40,40,46640
split,584,0.5688365056120125,0.004148593377556797,0.0,-0.07479650377351847,-0.02107967613914266,40,40,46720
split,585,0.5687298655363026,0.004364447580816777,0.0,0.023913807106235044,-0.0218549823570501,40,40,46800
split,586,0.5687941655483393,0.004280306715488846,0.0,-0.0628696344206738,-0.21852300056580773,40,40,46880
split,587,0.5688250980803442,0.00409958304464253,0.0,0.03445869282158918,0.08302427884056071,40,40,46960
split,588,0.56889928180208,0.004033132061092792,0.0,0.10205249093212583,-0.05674408853919527,40,40,47040
split,589,0.5688656429827972,0.004150049826117552,0.0,-0.0032953309023003893,-0.026635679637147056,40,40,47120
split,590,0.5687098145964258,0.0044177088237883355,0.0,0.05794064891381491,-0.013736428020099284,40,40,47200
split,591,0.5686301229037657,0.004579744094961424,0.0,0.12095401880503517,0.07287362916071108,40,40,47280
split,592,0.5685078249514202,0.00490420280397208,0.0,-0.04802024446883161,-0.08646889132783621,40,40,47360
split,593,0.5684459154559363,0.004919757680040937,0.0,-0.09175622445256458,0.001720131566738747,40,40,47440
split,594,0.5684718278531063,0.004854040920282632,0.0,-0.11500939498817961,-0.016868160373988896,40,40,47520
split,595,0.5685800960075151,0.004565108211705748,0.0,0.09473484003805344,-0.03234595229362027,40,40,47600
split,596,0.5685774545942447,0.004550981760526929,0.0,0.040922235751959815,0.1188364262332247,40,40,47680
split,597,0.5686544892523414,0.0044341358328378044,0.0,0.07970545058409159,0.025195022603606232,40,40,47760
split,598,0.5683994636533007,0.00490564688164552,0.0,0.0357550735851947,0.10362593354714308,40,40,47840
split,599,0.5684613795361512,0.004789168397597909,0.0,0.0006541007524780983,-0.02894041145270776,40,40,47920
split,600,0.5684982352379473,0.004767269491806725,0.0,-0.022798017115176362,-0.026996326000364133,40,40,48000
split,601,0.5685989983506882,0.004585615374596452,0.9,0.9002441190475055,1.0401761339426798,40,40,48080
split,602,0.5684673937101945,0.004808635813171702,0.9,0.8787264195833029,0.9507835337088799,40,40,48160
split,603,0.5683158202538702,0.005009149673764646,0.9,1.0002215842855324,0.9061686198277176,40,40,48240
split,604,0.5684637690734811,0.0047604420579699935,0.9,0.844446174142022,0.8978671959111924,40,40,48320
split,605,0.5684275711114176,0.004877753807726926,0.9,0.8531625102205149,0.8480468626553711,40,40,48400
split,606,0.5686585577559014,0.004516156882586553,0.9,1.018283268558318,0.7706506925255251,40,40,48480
split,607,0.5685783677215824,0.004669668217056611,0.9,1.0127025146519604,0.93325368505444,40,40,48560
split,608,0.5683961044435752,0.005115446712815053,0.9,0.9678738295042467,0.8164026558522058,40,40,48640
split,609,0.5684968299538845,0.005020644680743813,0.9,0.8665028145763501,0.9571758185808692,40,40,48720
split,610,0.5686198756852103,0.004896854582556065,0.9,1.040085874166033,0.8437606644551694,40,40,48800
split,611,0.5688386121428465,0.004603522728787279,0.9,1.0259246791876842,0.8385327495069314,40,40,48880
split,612,0.5686217620276529,0.004953980211817255,0.9,0.893484001335044,0.9656653399873305,40,40,48960
split,613,0.568703255501436,0.004832966550552542,0.9,0.9680973417395704,0.8631840779129131,40,40,49040
split,614,0.5686581528419761,0.0048184288395286545,0.9,0.9562866966481463,0.965178611403954,40,40,49120
split,615,0.5688032477887413,0.004694612915969842,0.9,0.8580988303529943,0.8634685307338835,40,40,49200
split,616,0.5687534927996493,0.0048465306378795425,0.9,1.0009356811368115,1.0275948166619715,40,40,49280
split,617,0.5688862777930332,0.004679224573036822,0.9,0.9203551630377351,0.8926249784147066,40,40,49360
split,618,0.5690791791455188,0.004341748075623153,0.9,0.8203005147177573,0.8761677489123819,40,40,49440
split,619,0.5693458423962816,0.003916339187620466,0.9,0.754950783758194,0.9039210403780328,40,40,49520
split,620,0.5694460922295047,0.0037817066983777403,0.9,1.0241715146392902,0.7618750754957565,40,40,49600
split,621,0.5692458821812257,0.004012874207656059,0.9,0.8523790466995526,1.0238508821049037,40,40,49680
split,622,0.5693158885257099,0.003942776120430591,0.9,0.9951422940307475,0.8859547800873456,40,40,49760
split,623,0.5692774268083355,0.00402222042537681,0.9,0.8475512494276001,0.9668013745016478,40,40,49840
split,624,0.5690792771004975,0.004414541404840433,0.9,0.8378648238578175,0.8751571961383958,40,40,49920
split,625,0.5688770079942855,0.004817302138885204,0.9,1.0867056938050879,0.9972708495787738,40,40,50000
split,626,0.5691822469931169,0.004336386544655513,0.9,0.8156727461016237,0.6582699221293695,40,40,50080
split,627,0.5690441326663365,0.004467813915950303,0.9,0.853151216598437,0.9573951841512309,40,40,50160
split,628,0.568967196778956,0.004683107053954694,0.9,0.9362777928940261,1.08843789619748,40,40,50240
split,629,0.5688544384034968,0.004967396578369421,0.9,0.7296362137235457,0.9534993684250272,40,40,50320
split,630,0.5689446938132166,0.0048599205445614135,0.9,1.053145414938273,0.9297639329690154,40,40,50400
split,631,0.5687965968441261,0.005027279753052061,0.9,0.9017345062549305,0.7566600702517954,40,40,50480
split,632,0.5686649598507968,0.005248115408915122,0.9,0.9293755562796506,1.0215457144863611,40,40,50560
split,633,0.5686622411869265,0.005269522873379562,0.9,0.8067148655520859,0.8515988501106646,40,40,50640
split,634,0.568588238910314,0.0054012023573289936,0.9,0.9006780975214866,0.9735883048782724,40,40,50720
split,635,0.5686855704016132,0.005204207990859855,0.9,0.8930431652961444,0.8008300755033386,40,40,50800
split,636,0.5689510945860398,0.004754503385933084,0.9,0.976261131883108,0.840512358188861,40,40,50880
split,637,0.5687296332040103,0.00512513707732698,0.9,0.794931727850514,0.9298299292959464,40,40,50960
split,638,0.5688500956805547,0.004966264283830402,0.9,0.8911454289961501,0.8061344711841167,40,40,51040
split,639,0.5688227538703964,0.005004307221229132,0.9,0.9462560392400763,0.8996960916091714,40,40,51120
split,640,0.5688907603778735,0.0049168118399882665,0.9,0.8634505957318549,0.7502194186644484,40,40,51200
split,641,0.5689228150799005,0.00481892267834616,0.9,0.8404847216788585,0.9112647999547085,40,40,51280
split,642,0.5690345110179045,0.004543812062088315,0.9,0.9226710024907372,0.8469993190987513,40,40,51360
split,643,0.5691434194361221,0.004355904797407439,0.9,0.8407284413374886,0.8530324538109959,40,40,51440
split,644,0.5691341738886166,0.004421467895182385,0.9,0.8963898813298573,0.8716342685686602,40,40,51520
split,645,0.5690012932251268,0.0045901742369618415,0.9,0.9386997303591638,0.9464140269116932,40,40,51600
split,646,0.5688500616711974,0.004795753174137718,0.9,1.0281221266402765,0.9094933627029329,40,40,51680
split,647,0.5689105320621732,0.0046494291645626795,0.9,0.8345771332654143,0.8907198341797423,40,40,51760
split,648,0.5688843692933044,0.004730381754929902,0.9,0.9942040003771775,0.9155135877883159,40,40,51840
split,649,0.5688850702455494,0.004758362344414291,0.9,0.8855137124746841,0.9304172142214814,40,40,51920
split,650,0.5687562001011912,0.005008096514325544,0.9,0.9618559758359467,0.9413846945647345,40,40,52000
split,651,0.5686892013494246,0.00512219458868457,0.9,0.8809924669242337,0.8673245925956117,40,40,52080
split,652,0.5688436950918261,0.004873938328573413,0.9,0.9007886199940834,0.7853694135288514,40,40,52160
split,653,0.5687995585052069,0.00503503854570897,0.9,0.8289381313160531,0.8935591021029052,40,40,52240
split,654,0.5687972633791539,0.00499567637754994,0.9,0.9460731473484962,0.9703641786100734,40,40,52320
split,655,0.5687528257556214,0.004982063437771078,0.9,0.8445053814898402,0.798351427950228,40,40,52400
split,656,0.5689395909314745,0.004652590325225692,0.9,0.819981600289427,0.8680493104178946,40,40,52480
split,657,0.5689232891288907,0.004698331101436692,0.9,0.896313143333682,0.9316648107025659,40,40,52560
split,658,0.5690956720676511,0.004434692230330328,0.9,0.9201016630673563,0.8709273949828235,40,40,52640
split,659,0.56901456584296,0.004527237363504799,0.9,0.9280690347483658,0.9904099206130007,40,40,52720
split,660,0.5689809376918925,0.004653265919481564,0.9,0.8976203028962717,0.8944620119369957,40,40,52800
split,661,0.5687164528113593,0.005079728746879564,0.9,0.9063562348989753,0.8923388161764219,40,40,52880
split,662,0.5686128050410583,0.00531871705989817,0.9,0.8561743290452801,1.0049656316032356,40,40,52960
split,663,0.5687942169872031,0.004990538499244468,0.9,1.0776649841726968,0.86989206378258,40,40,53040
split,664,0.5688498103776036,0.004990454361240015,0.9,0.8298018613887661,0.8904242597844017,40,40,53120
split,665,0.5688185138247991,0.0050143508269665515,0.9,0.9929055664028483,0.9437873865138909,40,40,53200
split,666,0.5686205837525405,0.005415721905299042,0.9,0.9229367283554224,0.888334004018255,40,40,53280
split,667,0.5687532546987621,0.005207704250411949,0.9,1.0197697098736487,0.7916054063595621,40,40,53360
split,668,0.5688363567254907,0.005043097839591337,0.9,0.9803536558126191,0.9336565112934424,40,40,53440
split,669,0.5689466267591948,0.004711230270145528,0.9,0.7579954315410176,0.8692546080813544,40,40,53520
split,670,0.5688697833589998,0.00487014266496244,0.9,0.9449075113848213,0.8848823201103038,40,40,53600
split,671,0.569089177807086,0.004635889371737756,0.9,0.9068943807383018,0.805019207129879,40,40,53680
split,672,0.5691550957565923,0.00463502392042936,0.9,0.9746091098380737,0.9371861788830882,40,40,53760
split,673,0.5691689486737896,0.004536214830799135,0.9,0.9008978704088003,0.9395888110840652,40,40,53840
split,674,0.5693961281674446,0.005672352296643646,0.9,1.0378653117711059,0.8024731102516743,40,40,53920
split,675,0.5693275500164432,0.004493530197036577,0.9,0.8871453220885072,0.9980740286881865,40,40,54000
split,676,0.5694658840236323,0.004715068445050097,0.9,0.9193392480280699,0.9359053531044543,40,40,54080
split,677,0.569612036883421,0.004186013005235689,0.9,0.927939836746968,0.9656571128505212,40,40,54160
split,678,0.5695387923533264,0.004207519131055326,0.9,0.9208663922477749,0.9474978991676359,40,40,54240
split,679,0.5694498779019621,0.004333835911457973,0.9,0.9711115906588036,0.901436971296379,40,40,54320
split,680,0.5693741328097703,0.004477424978802658,0.9,0.6922124141496964,0.966451058363912,40,40,54400
split,681,0.5694549812142692,0.004369925948709552,0.9,0.9401107081848268,0.94518437072783,40,40,54480
split,682,0.5693794296425426,0.004540943816848553,0.9,1.0189309555659922,0.9521367580733496,40,40,54560
split,683,0.5693671640753796,0.004768376318186718,0.9,0.8441438257725316,0.8809816829562568,40,40,54640
split,684,0.5693563802247301,0.004745795712645884,0.9,1.0105821007383804,0.8339237117287499,40,40,54720
split,685,0.5692589832520121,0.004835497816485179,0.9,0.9499451002830369,0.9545063480339098,40,40,54800
split,686,0.569326734378991,0.004637979046342888,0.9,0.9336178372113602,0.8402391424593364,40,40,54880
split,687,0.5693647466071268,0.00461041486030378,0.9,1.0548884753789947,0.8417589958893201,40,40,54960
split,688,0.569355226186352,0.004648094138905545,0.9,0.7800631716960079,0.7956744605961065,40,40,55040
split,689,0.5693237558134576,0.0046219204370034905,0.9,0.9872053540066159,0.8653095500627171,40,40,55120
split,690,0.5694262940810462,0.004462464201446137,0.9,1.0249258495949443,0.8602483689749337,40,40,55200
split,691,0.5694687874009414,0.004399561775169314,0.9,0.9726922450112993,1.0830328466269254,40,40,55280
split,692,0.5696575215603271,0.004032114844735091,0.9,0.8459868114487484,0.951165259106225,40,40,55360
split,693,0.5695030120758976,0.004325606930308035,0.9,0.8799755480831871,0.9262973767932264,40,40,55440
split,694,0.569575425418608,0.00422846305942659,0.9,0.8790994919484098,0.8411655700996236,40,40,55520
split,695,0.5695873321298808,0.004154333575899671,0.9,0.8252920914652133,0.9562331766685152,40,40,55600
split,696,0.5697267537021862,0.003914575505062801,0.9,1.0016682249632465,0.8889192901061725,40,40,55680
split,697,0.5698757328156112,0.0037076729503825456,0.9,0.9720119409543709,1.021997824787143,40,40,55760
split,698,0.5698724169436931,0.0037705144819252245,0.9,0.9118287445461064,0.8890516756831776,40,40,55840
split,699,0.5697511360491136,0.004113881605968928,0.9,0.7871702860551063,1.0772773065832033,40,40,55920
split,700,0.5696897970392691,0.004064545548861154,0.9,0.8432721638181657,0.883823199967508,40,40,56000
split,701,0.5696434119372441,0.004241659247299023,0.9,0.8463238834709566,0.9865575782800408,40,40,56080
split,702,0.5694978358220546,0.004283047016415575,0.9,0.9351857324271731,0.9430022042710162,40,40,56160
split,703,0.5694744958891755,0.004310213735451041,0.9,0.9378037763529498,0.8431488521349192,40,40,56240
split,704,0.5694798714855189,0.004355638255321481,0.9,0.8305652768650397,0.8160887783873685,40,40,56320
split,705,0.5693967443554223,0.004505918789174501,0.9,1.023503614099557,0.9469440451564366,40,40,56400
split,706,0.5694425403950168,0.004431223362935999,0.9,0.9660139453969459,0.8913358253156,40,40,56480
split,707,0.5695660509931756,0.004189464358977157,0.9,0.9106983731508604,0.8459457650550488,40,40,56560
split,708,0.5695052960148451,0.0042961056152591715,0.9,0.9010409389670583,0.9145005880905824,40,40,56640
split,709,0.5695609445381453,0.004207043301839963,0.9,0.9276670251591163,0.8743587874116282,40,40,56720
split,710,0.5695648338912933,0.004261489674108554,0.9,0.7671250348616419,0.980638977399546,40,40,56800
split,711,0.569625462549591,0.004216406348718782,0.9,1.0490739727632499,0.8079394408127563,40,40,56880
split,712,0.5694943306353242,0.004446095336967493,0.9,0.8689838985131524,0.9843299549414495,40,40,56960
split,713,0.5694199688602359,0.004628171800057812,0.9,0.8663723432158316,1.0186362536290958,40,40,57040
split,714,0.5694718401998314,0.00469793855663081,0.9,0.9986309206009343,1.022025374623669,40,40,57120
split,715,0.5696197016499106,0.00468995688083873,0.9,0.9923728834737704,0.8021261551204946,40,40,57200
split,716,0.5693976747462224,0.004789524648839416,0.9,0.9030738984539418,0.9839159423940933,40,40,57280
split,717,0.5691894774266588,0.005190077329897069,0.9,0.9732914654178478,1.158982190780924,40,40,57360
split,718,0.569211549781288,0.0050255086447226205,0.9,0.8944584677352844,0.9418261768042013,40,40,57440
split,719,0.569257142543308,0.004915283727202624,0.9,0.908593610496925,0.9221324698524747,40,40,57520
split,720,0.5692337607634981,0.004829864299008224,0.9,0.907992415676431,0.8892871301962904,40,40,57600
split,721,0.5692974365826731,0.004733525622959811,0.9,0.8769160185628727,0.7781865532281151,40,40,57680
split,722,0.569270019807696,0.004669674743768448,0.9,0.9125191416625433,0.8576243399033122,40,40,57760
split,723,0.5692890401907462,0.004650611952743633,0.9,0.8696943265402967,0.8766473253228836,40,40,57840
split,724,0.5696331209923281,0.004015668158366292,0.9,0.7482485518154605,0.6381438040269044,40,40,57920
split,725,0.5696019576833246,0.004218932127891373,0.9,0.8950610345908175,0.8649089386473958,40,40,58000
split,726,0.5697237089461048,0.004539493552057294,0.9,0.9399868828271205,0.9202525854032324,40,40,58080
split,727,0.5696700982865137,0.0043940136592904855,0.9,0.8585225268054453,0.8876391630665967,40,40,58160
split,728,0.5697469181950824,0.004298116682228903,0.9,0.9646933323511289,0.8545461767661291,40,40,58240
split,729,0.5695919021227591,0.0040933061895173095,0.9,0.8330350423569172,0.9128285926682508,40,40,58320
split,730,0.5696379578578767,0.004047942634853974,0.9,0.9518004865315824,0.7513360714692812,40,40,58400
split,731,0.5696095673352977,0.004051862537350681,0.9,0.762435659328273,0.91376965603198,40,40,58480
split,732,0.5695122436584661,0.004139896211937,0.9,0.9288917030194831,0.8632187251035375,40,40,58560
split,733,0.5694441605220054,0.004339019804711408,0.9,0.7468466890588501,1.01533418370156,40,40,58640
split,734,0.5694551006979994,0.004293343824317231,0.9,1.0363550517444278,0.782972839901423,40,40,58720
split,735,0.5695573742858184,0.004129074644920516,0.9,0.9195136522099983,0.749033004490166,40,40,58800
split,736,0.5696398780646859,0.004064669455404402,0.9,0.6572431898665513,0.7334601243528148,40,40,58880
split,737,0.5694308113101783,0.004343268436793335,0.9,0.9360032276658914,1.045475841664343,40,40,58960
split,738,0.5694453281093609,0.0044201823633823745,0.9,1.0177269475645458,0.7364006104009042,40,40,59040
split,739,0.5693879417388391,0.004587573653790922,0.9,0.9078091787072541,0.8943878570371889,40,40,59120
split,740,0.5695177121474131,0.004409787167704571,0.9,0.9822557497850056,1.017239926168607,40,40,59200
split,741,0.5697424250575583,0.004243923481398237,0.9,0.9853498297487893,0.8372381705776,40,40,59280
split,742,0.5697577047497129,0.00546870960614676,0.9,1.0314928052690346,0.786422589579574,40,40,59360
split,743,0.5698065270461932,0.005308744289771128,0.9,0.9093566447535216,0.8669310944106441,40,40,59440
split,744,0.5699150382470497,0.005647921485844365,0.9,0.8082738163945362,0.8821559170423987,40,40,59520
split,745,0.5700390392006243,0.0065186991121590765,0.9,0.8932493634445329,0.8267069015667745,40,40,59600
split,746,0.5700891529361811,0.005901221119702149,0.9,0.8492254988391099,0.9962897715456973,40,40,59680
split,747,0.5702003168525576,0.006072956339270963,0.9,0.8078895718261508,0.8700884429463446,40,40,59760
split,748,0.5703890466464713,0.0065460739599624285,0.9,0.8356427939380415,0.8618382638509143,40,40,59840
split,749,0.5703298812638687,0.005766981107129587,0.9,0.9174785125237745,0.9637933276209822,40,40,59920
split,750,0.5702878388138228,0.004382550864878376,0.9,0.9529210866863151,1.0263415094959953,40,40,60000
split,751,0.5703137466259554,0.004930708146239082,0.9,1.0094101601434726,0.9050217284107525,40,40,60080
split,752,0.5702210531780901,0.004930571289144203,0.9,0.8381417982110402,0.838085176991981,40,40,60160
split,753,0.5702732907041558,0.00488951041521446,0.9,0.9272356717506941,0.9286285619333827,40,40,60240
split,754,0.5702968293782362,0.004428930757996885,0.9,0.9008330564848316,0.970384437316412,40,40,60320
split,755,0.5705004093104197,0.00475679778849214,0.9,0.9913744364749716,0.8721225862478278,40,40,60400
split,756,0.5706858961766443,0.005069546675082193,0.9,0.8386118669428029,0.8150603726478975,40,40,60480
split,757,0.570594430217988,0.004956735905306875,0.9,1.0582240922072208,0.8748981704548326,40,40,60560
split,758,0.5707880377524078,0.005653487181352168,0.9,0.8541863161369976,0.7996498450742171,40,40,60640
split,759,0.5708646660472871,0.0064763692758580405,0.9,0.9394262693685054,0.7867395140377862,40,40,60720
split,760,0.5708630862771485,0.006078056519193797,0.9,0.8467485174288044,0.904926735439232,40,40,60800
split,761,0.5710726721478753,0.007084217322194775,0.9,0.9806805216408475,0.77989998614778,40,40,60880
split,762,0.5710631085861674,0.006621752770815448,0.9,0.9436766030162528,0.9397538331842994,40,40,60960
split,763,0.5710682056295111,0.007082610568117986,0.9,0.8227914642550354,0.8617068240191468,40,40,61040
split,764,0.5710698527487311,0.0073434646290048144,0.9,0.9476564956011045,0.8517487875390648,40,40,61120
split,765,0.5710062203926192,0.007187496479017619,0.9,0.8755052313016275,0.9281236732716998,40,40,61200
split,766,0.5709047683792018,0.006408511347058554,0.9,0.8582534704602657,0.9484661913986001,40,40,61280
split,767,0.5707571834781514,0.005481259347425382,0.9,0.8994081537133304,0.958623550440212,40,40,61360
split,768,0.5708186941437523,0.00541044278800773,0.9,1.0749826798855735,0.9458791360289855,40,40,61440
split,769,0.5710826622269091,0.0067268634125550175,0.9,0.8902665893082672,0.7313790516634814,40,40,61520
split,770,0.570846505343387,0.0070140292992532105,0.9,0.8612829938067768,0.9047003338536689,40,40,61600
split,771,0.5710179583026924,0.008107973260721324,0.9,0.9214111706178066,0.7795832408453494,40,40,61680
split,772,0.5711219792912384,0.008158487356504929,0.9,1.0291566246922532,0.9030498683421162,40,40,61760
split,773,0.5710475451893624,0.00772725350892034,0.9,1.1015130627662266,1.0261082636586252,40,40,61840
split,774,0.5710918465231528,0.008370579295594482,0.9,0.905590194337873,0.8517562887822738,40,40,61920
split,775,0.5712669803990097,0.008652119378148138,0.9,0.8995992882468368,0.8875883418051911,40,40,62000
split,776,0.5712924295739978,0.008662998498847885,0.9,0.9070802277066013,0.8712553973863434,40,40,62080
split,777,0.5710603404089438,0.008330396313896427,0.9,0.997761606280111,0.9671337452750965,40,40,62160
split,778,0.5710586044034074,0.008667795139794765,0.9,0.7542511173599429,0.8211508235169749,40,40,62240
split,779,0.5711164098939374,0.009218037168720161,0.9,0.9038343963227471,0.8153426220514782,40,40,62320
split,780,0.5711189374676318,0.009973026823169251,0.9,1.0313480057635753,0.8294034606303146,40,40,62400
split,781,0.5713748403880438,0.010056475814071208,0.9,0.8295871877869064,0.886574413764952,40,40,62480
split,782,0.5712724319540433,0.009745044131421077,0.9,0.8561718432643648,0.8889508900892416,40,40,62560
split,783,0.5713616342350235,0.00944546977549321,0.9,1.0603315572934837,0.8793940773371489,40,40,62640
split,784,0.5712281304582495,0.008320539573881791,0.9,0.806470951365739,1.0537282544779834,40,40,62720
split,785,0.5712316204605095,0.008756851991293502,0.9,0.9600459824877136,0.8472446330825715,40,40,62800
split,786,0.5712407912702705,0.008155067982331121,0.9,0.8131887828986507,0.9529798652301741,40,40,62880
split,787,0.5714336307187781,0.009126388929546203,0.9,0.949905729721274,0.7821887466017754,40,40,62960
split,788,0.5715609590182308,0.009859003925419385,0.9,0.7319451839177141,0.7833264221503343,40,40,63040
split,789,0.5715016418977578,0.010198620086342647,0.9,0.9088632698138465,0.8208200491999422,40,40,63120
split,790,0.5715754042137502,0.010096671008588354,0.9,0.8676025067914067,0.9536838190394106,40,40,63200
split,791,0.5715944527462267,0.00917602847588772,0.9,1.0087540200501695,0.9915477078738489,40,40,63280
split,792,0.5715160851130291,0.009283591892237042,0.9,0.8634275883099318,0.8643448721822601,40,40,63360
split,793,0.5715701877043341,0.008386543807531677,0.9,0.8264663732532452,0.9480508582441026,40,40,63440
split,794,0.5714448285745002,0.008842040277037055,0.9,0.8801640088083102,0.812227873051464,40,40,63520
split,795,0.5713375365057828,0.009089584521385863,0.9,0.7688187630190021,0.8622589160290695,40,40,63600
split,796,0.5713682521726686,0.008959973408941502,0.9,1.0611744008673527,0.9088225720664521,40,40,63680
split,797,0.5712721935069213,0.008697674137421618,0.9,0.7991680834692936,0.9246165313255565,40,40,63760
split,798,0.5711639649759984,0.00864729880248516,0.9,0.9639098759002921,0.9313675974477124,40,40,63840
split,799,0.5711192035608562,0.008885621466111049,0.9,0.8133883607904708,0.8901946285751989,40,40,63920
split,800,0.5710316418059563,0.00983856000146921,0.9,0.8936980823219731,0.7958030669178325,40,40,64000
split,801,0.5707876813677029,0.010246152926235985,0.9,1.001036585149058,0.8749667636127633,40,40,64080
split,802,0.5708988580396989,0.008449782901348568,0.9,1.0084202438616279,1.0651966091305578,40,40,64160
split,803,0.5707555965445321,0.007953639789229361,0.9,0.7674035219073654,0.9536289027655225,40,40,64240
split,804,0.570761228566467,0.007627034550087064,0.9,0.9853859192150481,0.92445446608929,40,40,64320
split,805,0.5708831694918564,0.008291577374405779,0.9,0.7953204844546499,0.8296476278084443,40,40,64400
split,806,0.5710364488140416,0.008950350915252425,0.9,0.7454693335971535,0.8021656777424001,40,40,64480
split,807,0.5707822670427453,0.008585411555091849,0.9,0.9397172320554096,1.0130527342126485,40,40,64560
split,808,0.5704488517904107,0.00782440794788597,0.9,0.8368172825152648,0.9591953270600463,40,40,64640
split,809,0.5703696918119001,0.00819203640101096,0.9,0.8843411601912015,0.8359226609294622,40,40,64720
split,810,0.570471053456345,0.007936593627225763,0.9,0.8739568569765688,0.9430543135399397,40,40,64800
split,811,0.5706471766733507,0.00816496670537259,0.9,0.9038393004241219,0.8431648593333004,40,40,64880
split,812,0.5708543111420239,0.00950240930978341,0.9,0.8577415870438868,0.7990322554487443,40,40,64960
split,813,0.5710005348398133,0.010910192488073123,0.9,0.9287044000037292,0.7489444699955145,40,40,65040
split,814,0.5712791140233711,0.01172355412294701,0.9,0.9490772012789203,0.8103407446101238,40,40,65120
split,815,0.5714361582125481,0.011985436478266664,0.9,0.7089390587316987,0.8794563922558976,40,40,65200
split,816,0.5715287448539419,0.01265906353042856,0.9,0.991630171500646,0.8509184976620134,40,40,65280
split,817,0.5719099831039653,0.013972165061237884,0.9,1.022925734037054,0.7868981780876835,40,40,65360
split,818,0.5721210900426088,0.01429384360216357,0.9,0.8480738549617852,0.806886964365727,40,40,65440
split,819,0.5721088560560786,0.014658724178955307,0.9,0.7640350555289888,0.8690207654326767,40,40,65520
split,820,0.5720481212027655,0.015250107556032177,0.9,0.7053637364653002,0.817683878175022,40,40,65600
split,821,0.5720360132548821,0.014800094015748999,0.9,0.971995841600754,0.92021509541952,40,40,65680
split,822,0.5719564412237016,0.013949454154933982,0.9,1.1330660649559006,1.0260328288531915,40,40,65760
split,823,0.5720015860657899,0.014494347733064128,0.9,1.0861515330940572,0.8498030508607967,40,40,65840
split,824,0.5721533438948677,0.014949647551097178,0.9,0.8219996918042549,0.867459564550833,40,40,65920
split,825,0.5722250696336603,0.014624782956578763,0.9,0.9880363504902084,0.9282927709366178,40,40,66000
split,826,0.5723615592771865,0.014514312571423993,0.9,0.968248062003558,0.9067303640741975,40,40,66080
split,827,0.5723903102665377,0.015234672050110643,0.9,1.0228169269246183,0.808727724061733,40,40,66160
split,828,0.5722898407559999,0.01496361285740122,0.9,0.9047045239388818,0.9014101287396606,40,40,66240
split,829,0.572421576194597,0.01593014335978693,0.9,0.9218547909314939,0.7649092563286529,40,40,66320
split,830,0.5725058850938904,0.01724927627300954,0.9,0.9698770942759084,0.7509724626734627,40,40,66400
split,831,0.5725798841595547,0.016388845856501466,0.9,0.919280732870387,0.9719213153148162,40,40,66480
split,832,0.5726682801445038,0.016154520967009756,0.9,0.9639587576233907,0.9269112251717374,40,40,66560
split,833,0.5728966329496613,0.016878714082149693,0.9,0.8157478377157414,0.8055381588125837,40,40,66640
split,834,0.5729109170008632,0.016052067904120726,0.9,0.8071927483862424,0.9595003097780807,40,40,66720
split,835,0.5729306624801959,0.015947328021802765,0.9,0.9161919315417903,0.8771963325969236,40,40,66800
split,836,0.5727713049515258,0.01547946573316572,0.9,1.001744570076757,0.8684981222163034,40,40,66880
split,837,0.5725377434786233,0.01477421998479822,0.9,1.0617459490588952,1.0039446221593866,40,40,66960
split,838,0.5725899217845805,0.015335088039573175,0.9,0.8647712630513811,0.8954101845877709,40,40,67040
split,839,0.5724600679154465,0.01433317139103818,0.9,0.8898857152840597,0.945286207637212,40,40,67120
split,840,0.5722241303402071,0.013866217589213248,0.9,0.9698625496426841,0.9381586128777003,40,40,67200
split,841,0.5720582725102458,0.01299865938859357,0.9,0.8074588214160436,1.0090708617467132,40,40,67280
split,842,0.5720945570449534,0.01399251331167728,0.9,0.7965796705183352,0.7751433022958079,40,40,67360
split,843,0.5720324760971022,0.013626763053618762,0.9,0.9002631600204962,0.9353948906448177,40,40,67440
split,844,0.5719651168611565,0.014087643949495243,0.9,0.6723699904293636,0.8534556399596467,40,40,67520
split,845,0.5719635928823529,0.013270542966689503,0.9,0.9081675392977759,1.019312483814047,40,40,67600
split,846,0.5719345168357112,0.012620201774159567,0.9,0.969897013566683,0.9582262535902987,40,40,67680
split,847,0.5719860820988871,0.01198179589396764,0.9,0.8587233232052575,0.9640224015382983,40,40,67760
split,848,0.5719810117803589,0.013641260089538032,0.9,1.0973791568202518,0.7332769904587928,40,40,67840
split,849,0.5718969366174889,0.012087864990322772,0.9,0.7859676638912513,1.0596115550819596,40,40,67920
split,850,0.5717711707288763,0.011797665110837907,0.9,0.723153759518436,0.8941625859155913,40,40,68000
split,851,0.571839179989942,0.0117954555988099,0.9,0.8145683023712581,0.8436072009950376,40,40,68080
split,852,0.5720219572415062,0.011749481710291332,0.9,0.8526238025269963,0.96028329171452,40,40,68160
split,853,0.5718284142106885,0.012315862433062486,0.9,0.8775091500137574,0.8762306710699348,40,40,68240
split,854,0.5718992739803732,0.012133303265367212,0.9,0.9064593838830203,0.9255591653672716,40,40,68320
split,855,0.5719397352337735,0.012095455826743873,0.9,0.8659631429043025,0.8650794238314244,40,40,68400
split,856,0.5720392153590488,0.01171794638155954,0.9,1.0777584148871726,0.9476064035287846,40,40,68480
split,857,0.5721429124165396,0.011743992361453626,0.9,0.8738648365680237,0.8708759437474956,40,40,68560
split,858,0.5720323252719157,0.011411852780208176,0.9,0.8102315915181427,0.9237106296322383,40,40,68640
split,859,0.5721508918409609,0.010968702545386289,0.9,0.8631701565498273,0.9719278942054753,40,40,68720
split,860,0.5722168535920772,0.011022823612418131,0.9,0.9983771223307103,0.9060701319265217,40,40,68800
split,861,0.5720059310026447,0.011209289941948919,0.9,1.0091229173061003,0.8134094457859857,40,40,68880
split,862,0.5722129173523985,0.011148096028456234,0.9,0.9000741493229486,0.9065783998643071,40,40,68960
split,863,0.5723805061715305,0.012246078774133418,0.9,0.929748438162529,0.7958062502375589,40,40,69040
split,864,0.5724124984236888,0.013467407094303718,0.9,0.9305785373499041,0.7881403360176742,40,40,69120
split,865,0.5721884536458652,0.01312168314139217,0.9,0.7984648382466496,0.9661661678999803,40,40,69200
split,866,0.572266432117281,0.01360069981381229,0.9,0.850123528113567,0.8713402639272019,40,40,69280
split,867,0.5723053937676793,0.013726084552150297,0.9,0.9721022872689202,0.9242201700172115,40,40,69360
split,868,0.5724726280531292,0.014189310260947052,0.9,0.9428620687117449,0.8550047963147847,40,40,69440
split,869,0.5725044214798934,0.014823286459710872,0.9,0.843644263468147,0.8050862739132644,40,40,69520
split,870,0.5723238291651143,0.013820684483972778,0.9,0.8979622172822546,1.0622699652272183,40,40,69600
split,871,0.5724993858396393,0.014141237197426326,0.9,0.9500596353158943,0.8989830367138688,40,40,69680
split,872,0.572246822026121,0.014871195499696732,0.9,0.9937709976365794,0.8213578781281579,40,40,69760
split,873,0.5722855849665428,0.013269759296896777,0.9,0.8946823857445404,1.0948074877260054,40,40,69840
split,874,0.572386276165672,0.012980689280529645,0.9,0.8461750762727025,0.9258466016478469,40,40,69920
split,875,0.5724970258893012,0.014660314796802076,0.9,0.8832153739085676,0.6741507419215639,40,40,70000
split,876,0.5723784038205583,0.013031153807354312,0.9,1.0214911012723893,1.0348717505173377,40,40,70080
split,877,0.5723706387083334,0.012398205611000912,0.9,0.8522222141635348,0.9693718373431057,40,40,70160
split,878,0.5724598403132547,0.012098103050014242,0.9,0.9050152170349288,0.9588564542171581,40,40,70240
split,879,0.5723522622843363,0.011591554736075427,0.9,0.7968157972025359,0.8988633357340822,40,40,70320
split,880,0.5724175351820481,0.012083797462407064,0.9,0.7523261799277531,0.8100353983776462,40,40,70400
split,881,0.5726211155717786,0.012339819068003077,0.9,0.9297902818585259,0.8490286574623652,40,40,70480
split,882,0.5726510105103476,0.012922891891009036,0.9,0.8329758931449737,0.8158281113009991,40,40,70560
split,883,0.5726516089654572,0.011836223519901878,0.9,0.7914018043081302,0.9800460668363279,40,40,70640
split,884,0.5725027008139626,0.011274700143187544,0.9,0.9093079492815778,0.9718948654619876,40,40,70720
split,885,0.5724894454329971,0.011168906701262915,0.9,0.8080899417706724,0.9030002960223863,40,40,70800
split,886,0.5728072056629717,0.011895816160460981,0.9,0.9882482334352103,0.8480461282376497,40,40,70880
split,887,0.5727213631435742,0.012583993188377107,0.9,0.908265796034138,0.8264965267665157,40,40,70960
split,888,0.57271588609013,0.01146762273962132,0.9,0.9254269482810542,1.00073428100966,40,40,71040
split,889,0.5726320944073969,0.012333669823281435,0.9,0.9172050310427048,0.7672654165973042,40,40,71120
split,890,0.5726767359545019,0.013046975970844699,0.9,1.0250921916191833,0.8294126025111883,40,40,71200
split,891,0.5727153342950548,0.013601148577782718,0.9,0.7811629723587251,0.8313276344203677,40,40,71280
split,892,0.5726939728366838,0.0131048887197176,0.9,0.9692515049540713,0.9646592597654349,40,40,71360
split,893,0.572775665827067,0.012953023468053826,0.9,1.0642393042017413,0.9099000535364722,40,40,71440
split,894,0.5728024680630469,0.012611212137925931,0.9,0.9565714352966928,0.9396303930370077,40,40,71520
split,895,0.5726384443032607,0.010897229686660515,0.9,0.9032419500890143,1.0602640106699852,40,40,71600
split,896,0.5725620586183149,0.009784688965709387,0.9,0.7008859163500474,1.011381699088427,40,40,71680
split,897,0.5725376488400962,0.009257437469392227,0.9,0.8554775049351506,0.906572185543502,40,40,71760
split,898,0.5727038275994417,0.009834964513726008,0.9,1.0059597386391217,0.8475523021779157,40,40,71840
split,899,0.5726778226983421,0.01030072862809106,0.9,1.0004061834588518,0.8677346762489663,40,40,71920
split,900,0.5726526145542317,0.012387388046435577,0.9,0.7505976061413617,0.6551037841211249,40,40,72000
split,901,0.5725941282757616,0.013184847520802179,0.9,0.8825348876140889,0.8170880948621542,40,40,72080
split,902,0.5726218054445713,0.013727850748330495,0.9,0.9097257742207752,0.8123374546364459,40,40,72160
split,903,0.5726743384855367,0.014791274571611446,0.9,0.8273031622604816,0.7597722970481102,40,40,72240
split,904,0.5727678307426504,0.013810859785824414,0.9,0.8658605339343612,0.9257337077044403,40,40,72320
split,905,0.5724969513081452,0.01219570330671782,0.9,1.025472481839681,1.0395629220882125,40,40,72400
split,906,0.5723953115034788,0.011605582058846986,0.9,0.8693717748420748,0.9723997691915166,40,40,72480
split,907,0.5725692897924998,0.012080922293402518,0.9,1.0200788424179685,0.8658728702327605,40,40,72560
split,908,0.5726450890095418,0.012594464450840559,0.9,1.0740000108800885,0.851925280870938,40,40,72640
split,909,0.572492014334292,0.01355967005332337,0.9,0.8761800505121418,0.7959212251797233,40,40,72720
split,910,0.5725873554008984,0.013038048840855576,0.9,0.8501252770726971,0.9190344415583159,40,40,72800
split,911,0.5725661102059344,0.012113451945112153,0.9,0.9447568285991412,0.9757762889670777,40,40,72880
split,912,0.5724743900145467,0.011978860451186901,0.9,0.8143305091768955,0.917917639918619,40,40,72960
split,913,0.5725500328575482,0.011794793897890843,0.9,0.8098090578286843,0.8558602111680356,40,40,73040
split,914,0.572582620918103,0.01163419268870236,0.9,0.959112630834862,0.8695378949113702,40,40,73120
split,915,0.572833942606389,0.011766809285777557,0.9,0.9457948481363063,0.9252989626526015,40,40,73200
split,916,0.5730329265816784,0.012529358312662442,0.9,1.009965187743892,0.8403777039172752,40,40,73280
split,917,0.5729391098226511,0.011843095888685706,0.9,0.9332203200379913,0.9450283974024044,40,40,73360
split,918,0.572778212565125,0.011455990976019015,0.9,0.8994140278005697,0.9211317608067222,40,40,73440
split,919,0.5726329121290615,0.012297512027134694,0.9,0.8996861375778371,0.8067368081701284,40,40,73520
split,920,0.5726507402863219,0.01169308368269173,0.9,0.8634196660556339,0.9224626330193595,40,40,73600
split,921,0.5728657279011162,0.012251765172978546,0.9,0.8736365305326552,0.8028951190594082,40,40,73680
split,922,0.5727636739321016,0.011100442089926443,0.9,0.9983108440116706,0.9994876994507694,40,40,73760
split,923,0.5726886635405385,0.01161130716207981,0.9,0.9119180635742118,0.9001574278958815,40,40,73840
split,924,0.5724407587057706,0.011833615343980086,0.9,0.8422688564925294,0.9262783647114927,40,40,73920
split,925,0.5726926530299383,0.013466803803195648,0.9,0.8720512152802968,0.6978080348319632,40,40,74000
split,926,0.5726436339998335,0.013401947040115325,0.9,0.8427388874889553,0.8484175978640665,40,40,74080
split,927,0.5725985262656922,0.013243453550104034,0.9,0.9452063065625838,0.9309699021712624,40,40,74160
split,928,0.5726104855566513,0.013840838950539225,0.9,0.8807100034080061,0.8509885224810726,40,40,74240
split,929,0.5724847775676996,0.013252653398049818,0.9,0.7722917374892464,0.9574529227113732,40,40,74320
split,930,0.572456098770459,0.013222481229650307,0.9,0.9355671380732183,0.8844258023436512,40,40,74400
split,931,0.5721567798767859,0.0117427148025262,0.9,0.797607799197808,1.0622469997284751,40,40,74480
split,932,0.5722533734272425,0.013037849403812474,0.9,0.8657022353582319,0.7858582846067322,40,40,74560
split,933,0.572211089842371,0.01284525879785492,0.9,1.0829836077397215,0.9115621065432893,40,40,74640
split,934,0.572042022006636,0.01195457515162468,0.9,1.0671497991676364,0.9567120323084523,40,40,74720
split,935,0.5721407456491814,0.013394223678548145,0.9,0.9663537149869545,0.7676302017788852,40,40,74800
split,936,0.5718528877635802,0.01370310605348124,0.9,1.043331853424598,0.8698862744157071,40,40,74880
split,937,0.5716747208515063,0.012604954966705106,0.9,0.9800206464313302,0.9684428950274164,40,40,74960
split,938,0.5717348512338079,0.011785366087225246,0.9,0.9973531261378173,1.0135385228746687,40,40,75040
split,939,0.5717373943750227,0.01152915428887169,0.9,1.0305854590362518,0.94027003983066,40,40,75120
split,940,0.5719540012815085,0.01212899233438891,0.9,0.8804888948570214,0.8322114439269772,40,40,75200
split,941,0.5720487718002952,0.01211566657610852,0.9,0.941911252925761,0.9430161124738137,40,40,75280
split,942,0.572082162116244,0.0108686599281278,0.9,0.9597192609366979,1.0318541781248867,40,40,75360
split,943,0.572200023978808,0.010906858457097601,0.9,0.8229624519714867,0.9506168795288805,40,40,75440
split,944,0.5722929836835575,0.011149046650840377,0.9,1.026781621455647,0.8715834430500689,40,40,75520
split,945,0.5721399709425491,0.012092230516373759,0.9,0.9080878500328105,0.8110306338065197,40,40,75600
split,946,0.5719619117336695,0.012052663753964188,0.9,0.9525087834261461,0.8873163405408263,40,40,75680
split,947,0.5716734385997164,0.011891940746300622,0.9,0.7557252229292847,0.9418045931317323,40,40,75760
split,948,0.5716441029335444,0.01176371080164973,0.9,0.8857884488618657,0.9393909071156071,40,40,75840
split,949,0.5718077856910144,0.010657072370476195,0.9,0.9181207658688819,1.027740993122664,40,40,75920
split,950,0.5719925606424187,0.010799918222773153,0.9,0.8125507218426531,0.8873193699937135,40,40,76000
split,951,0.5719215216276753,0.011562620151160385,0.9,0.9462349232277157,0.7837691439838119,40,40,76080
split,952,0.5720534111231643,0.010633961265196001,0.9,0.8544909815739251,0.9444151306629891,40,40,76160
split,953,0.57215809375704,0.010071409078635019,0.9,0.8974535111645784,0.97693605654144,40,40,76240
split,954,0.5719167461850263,0.009154987266658754,0.9,0.912156806898875,0.9634698052736518,40,40,76320
split,955,0.572038906065958,0.00886430508068392,0.9,0.9235990525066157,0.9124603044917624,40,40,76400
split,956,0.5719248916508997,0.008898043323067428,0.9,0.7460123733910002,0.8606851840912938,40,40,76480
split,957,0.5717413004394666,0.009222113167489221,0.9,0.8347721009154577,0.8529786838577282,40,40,76560
split,958,0.5718053408440694,0.010126374141136596,0.9,0.9795811293681785,0.8056455184125649,40,40,76640
split,959,0.5718351176615637,0.010556771853199032,0.9,0.8826001189425507,0.8667654732615487,40,40,76720
split,960,0.5718695500670713,0.011449558473800248,0.9,0.9308759540969443,0.8219056428199014,40,40,76800
split,961,0.5715356884599245,0.01038863506848664,0.9,0.8241955744605808,1.0010414468045137,40,40,76880
split,962,0.571223958042979,0.009936752835065676,0.9,0.9506252039024384,0.9161094704213865,40,40,76960
split,963,0.5710517688773366,0.009722494860921471,0.9,0.800165128320018,0.9348547277452279,40,40,77040
split,964,0.5713003380341489,0.011023207068407648,0.9,0.7895339551645757,0.77265728077565,40,40,77120
split,965,0.5714520906123648,0.011391871197942605,0.9,0.8122485822496585,0.8664267503252399,40,40,77200
split,966,0.5713286498797074,0.011349665983480639,0.9,1.0044697320750908,0.897569731005486,40,40,77280
split,967,0.5710846986506967,0.0105327364256117,0.9,0.8363265284245133,0.9750703842103755,40,40,77360
split,968,0.5711000635495699,0.010244739717852669,0.9,0.8967913303856743,0.9108506538290977,40,40,77440
split,969,0.5710228034026908,0.009906058763347603,0.9,0.859705877209923,0.8783311599988831,40,40,77520
split,970,0.5707753842822343,0.0102304102422629,0.9,0.9431315327470365,0.8711680232659272,40,40,77600
split,971,0.5706105048734565,0.010267622867535575,0.9,0.9831396115022643,0.8777941940490424,40,40,77680
split,972,0.5708105542137424,0.010531530328545369,0.9,1.124754221965856,0.9275026049140115,40,40,77760
split,973,0.5707318798823448,0.011612053269087097,0.9,0.837225690299615,0.8246240183625789,40,40,77840
split,974,0.570465083814323,0.011610589388638348,0.9,0.9176560053753448,0.8924285341496466,40,40,77920
split,975,0.570428976169355,0.012125925328458576,0.9,0.9777680098180686,0.8557078379270971,40,40,78000
split,976,0.5702113469700739,0.011686703949991162,0.9,0.7439259957855914,0.9389609437204813,40,40,78080
split,977,0.5701299036572616,0.01272079557100747,0.9,0.8415227776788832,0.769926081586514,40,40,78160
split,978,0.5699272101519988,0.012203077088678072,0.9,0.8457648628299769,0.9111171289569041,40,40,78240
split,979,0.5699165783641343,0.01280692496108915,0.9,0.9246959356663381,0.8405446419194742,40,40,78320
split,980,0.5697789245855079,0.013288496428144114,0.9,0.9932215871595449,0.8613687843296536,40,40,78400
split,981,0.5696560777711189,0.012056085039875764,0.9,0.8724243360727413,1.011761212877065,40,40,78480
split,982,0.5698422016568346,0.012439526559432701,0.9,0.8360909150113061,0.8213315191197097,40,40,78560
split,983,0.5697813609515109,0.012704960434264057,0.9,0.9751098238631944,0.8622399194025215,40,40,78640
split,984,0.5699561222942994,0.012810937461517624,0.9,0.9633073521062746,0.8727672572321111,40,40,78720
split,985,0.5701439559210697,0.014257758119329722,0.9,0.8985488625678489,0.7700239941344296,40,40,78800
split,986,0.5703154494741142,0.013340297671314727,0.9,0.8527309238662791,1.020844201775395,40,40,78880
split,987,0.5703944300829655,0.013827590659956313,0.9,0.7791695407747179,0.8150118650016756,40,40,78960
split,988,0.5701907977040273,0.01258514940765798,0.9,0.8392798449044543,1.0111813421452267,40,40,79040
split,989,0.5701533734422685,0.012480994617460217,0.9,0.8238774295989169,0.9091538643625388,40,40,79120
split,990,0.5703205871911183,0.012968152575001834,0.9,0.8566642784737756,0.8345175301305686,40,40,79200
split,991,0.5702605708045423,0.011958422516013867,0.9,0.8814667204883953,1.0027404494704615,40,40,79280
split,992,0.5700839790950664,0.011962691128616365,0.9,0.9236157058107138,0.9015538721535983,40,40,79360
split,993,0.5700855301346718,0.011299362753260489,0.9,0.8809048621740774,0.9619160352275999,40,40,79440
split,994,0.5702026880282692,0.014008223418700783,0.9,0.8715291818490152,0.6041472471011246,40,40,79520
split,995,0.5704796338341412,0.01515179659146082,0.9,1.0494766382465297,0.7850077842211578,40,40,79600
split,996,0.5705740437235289,0.014664244632473289,0.9,0.7543919819583783,0.9655935534660885,40,40,79680
split,997,0.5705609987926871,0.014901468149891683,0.9,0.8519089893573261,0.8797185574594792,40,40,79760
split,998,0.5706863738448311,0.014917367038288942,0.9,1.100293999927543,0.8979007257463848,40,40,79840
split,999,0.5705683492814835,0.015787865697420744,0.9,0.8058091825783573,0.8022021340670363,40,40,79920
split,1000,0.5706066801262346,0.014769198076386214,0.9,0.8813776239543872,1.003427042400794,40,40,80000
lookahead_only,1,0.5460920591393242,0.03816232554729371,0.0,0.0,0.0028599050062463323,0,80,80
lookahead_only,2,0.5461074385348541,0.03786341737339427,0.0,0.0,0.04154046667409117,0,80,160
lookahead_only,3,0.5466149411350024,0.036929748504896276,0.0,0.0,-0.040704950141233306,0,80,240
lookahead_only,4,0.5468739502854504,0.03611901195755851,0.0,0.0,-0.027233656888061255,0,80,320
lookahead_only,5,0.5473779380542119,0.03542244335539335,0.0,0.0,-0.05319555518536489,0,80,400
lookahead_only,6,0.5474437364389222,0.03543981689862785,0.0,0.0,0.04521668582720108,0,80,480
lookahead_only,7,0.54782945254017,0.03472673099999468,0.0,0.0,-0.03479001052448026,0,80,560
lookahead_only,8,0.547912932608913,0.034921057123592725,0.0,0.0,-0.012257159616332397,0,80,640
lookahead_only,9,0.5482085880741923,0.03483039802165522,0.0,0.0,0.008632554169195521,0,80,720
lookahead_only,10,0.5482145021320952,0.03482418531109943,0.0,0.0,0.08887562171131871,0,80,800
lookahead_only,11,0.5483913692847326,0.03431709353906898,0.0,0.0,-0.057144232384369054,0,80,880
lookahead_only,12,0.5486551083790319,0.033700218028913764,0.0,0.0,-0.08037166280684842,0,80,960
lookahead_only,13,0.5487879419717067,0.033754185708052,0.0,0.0,-0.04188544805236864,0,80,1040
lookahead_only,14,0.5487175584932672,0.03329729390718217,0.0,0.0,0.059397765644697384,0,80,1120
lookahead_only,15,0.549117147833369,0.032405959091997616,0.0,0.0,-0.014676219245351688,0,80,1200
lookahead_only,16,0.5493919811284863,0.03157766968089459,0.0,0.0,-0.008154583240395497,0,80,1280
lookahead_only,17,0.5500961550928561,0.03029360948643567,0.0,0.0,-0.14005598009771014,0,80,1360
lookahead_only,18,0.5501331326188443,0.029730004864201853,0.0,0.0,0.015075254020542536,0,80,1440
lookahead_only,19,0.5504054925410427,0.029438918012575366,0.0,0.0,-0.055460909454463074,0,80,1520
lookahead_only,20,0.5503495992990105,0.029581768404122855,0.0,0.0,0.011891709287080771,0,80,1600
lookahead_only,21,0.5506572302125876,0.028929833843250097,0.0,0.0,-0.03794651080956353,0,80,1680
lookahead_only,22,0.5509721608417065,0.028140774915363043,0.0,0.0,-0.047419529274279934,0,80,1760
lookahead_only,23,0.551385918378999,0.027418228490566188,0.0,0.0,-0.052618642170155425,0,80,1840
lookahead_only,24,0.5514359645945728,0.027389369938170982,0.0,0.0,-0.04787125148815507,0,80,1920
lookahead_only,25,0.5513280367015132,0.027829517040348084,0.0,0.0,0.003697552475240014,0,80,2000
lookahead_only,26,0.5513369575966756,0.028014314659170148,0.0,0.0,0.01698479456715359,0,80,2080
lookahead_only,27,0.5515034801861279,0.027613052154452422,0.0,0.0,-0.01142966283145587,0,80,2160
lookahead_only,28,0.5515080569535906,0.027594508814609675,0.0,0.0,0.03600040918439608,0,80,2240
lookahead_only,29,0.5513954779612851,0.028106766847623033,0.0,0.0,0.018781545868639764,0,80,2320
lookahead_only,30,0.5514020027697432,0.027935075431105627,0.0,0.0,0.036015062096508066,0,80,2400
lookahead_only,31,0.5515180454335807,0.02772538970637506,0.0,0.0,-0.054134857186661334,0,80,2480
lookahead_only,32,0.5515339336885099,0.028145212704867584,0.0,0.0,0.11169254482626789,0,80,2560
lookahead_only,33,0.5519488885777862,0.027516444309004684,0.0,0.0,-0.1561271963058061,0,80,2640
lookahead_only,34,0.5518450169403054,0.027800449000705885,0.0,0.0,0.06853703607491586,0,80,2720
lookahead_only,35,0.5519073076136977,0.0277915220699545,0.0,0.0,0.0811332301331688,0,80,2800
lookahead_only,36,0.5517667208705161,0.02810288243087311,0.0,0.0,0.08431043751042562,0,80,2880
lookahead_only,37,0.551849283629128,0.027892627559921168,0.0,0.0,-0.016678123964591573,0,80,2960
lookahead_only,38,0.5521133023042158,0.027286883305808973,0.0,0.0,-0.03931233857922592,0,80,3040
lookahead_only,39,0.5519232114816451,0.02769345776358345,0.0,0.0,0.05892449509481835,0,80,3120
lookahead_only,40,0.5520820772973394,0.027360393695698204,0.0,0.0,-0.06350397432183903,0,80,3200
lookahead_only,41,0.5520896474100694,0.02724042582612818,0.0,0.0,0.02287729936571031,0,80,3280
lookahead_only,42,0.5521811764759099,0.02685318258072078,0.0,0.0,-0.011126764955497285,0,80,3360
lookahead_only,43,0.5522534777074358,0.02638929146649016,0.0,0.0,-0.0027132154885969456,0,80,3440
lookahead_only,44,0.5521367011912549,0.026704905853256466,0.0,0.0,0.03279551288881367,0,80,3520
lookahead_only,45,0.5522487750077166,0.026717633456833867,0.0,0.0,-0.02771389936518016,0,80,3600
lookahead_only,46,0.5523439183715882,0.026825507332078224,0.0,0.0,-0.05734420370812,0,80,3680
lookahead_only,47,0.552340811864433,0.02688477517556176,0.0,0.0,-0.018450021508223998,0,80,3760
lookahead_only,48,0.5524552688726609,0.02694751580192678,0.0,0.0,-0.007168609263797495,0,80,3840
lookahead_only,49,0.5526776878055558,0.026476006619582604,0.0,0.0,-0.0003435312302105347,0,80,3920
lookahead_only,50,0.5527174947749293,0.026476922321186258,0.0,0.0,0.09908478240339139,0,80,4000
lookahead_only,51,0.5526290285108026,0.02671456912964132,0.0,0.0,0.04530346404876343,0,80,4080
lookahead_only,52,0.5526435590901654,0.026701308737163032,0.0,0.0,-0.011664338324349316,0,80,4160
lookahead_only,53,0.5527712002333132,0.026492169682115208,0.0,0.0,0.017689779435288173,0,80,4240
lookahead_only,54,0.5530250375917132,0.026044051995463335,0.0,0.0,-0.024903666401917938,0,80,4320
lookahead_only,55,0.5532385235007917,0.025348308786145024,0.0,0.0,0.0366130835740319,0,80,4400
lookahead_only,56,0.5534030109334287,0.024932794759028987,0.0,0.0,-0.01635140017341346,0,80,4480
lookahead_only,57,0.5535248739676901,0.024793005710839977,0.0,0.0,-0.05194370401185365,0,80,4560
lookahead_only,58,0.553635557033181,0.02443191157186353,0.0,0.0,0.030916695759718164,0,80,4640
lookahead_only,59,0.553675255473715,0.024312861572957534,0.0,0.0,0.020885992737848417,0,80,4720
lookahead_only,60,0.5537221062653026,0.024114428303144697,0.0,0.0,0.03508059583323482,0,80,4800
lookahead_only,61,0.5535919703937243,0.024502336061131058,0.0,0.0,0.1013612809930128,0,80,4880
lookahead_only,62,0.5536314855592102,0.02441070323785366,0.0,0.0,0.014574781339372766,0,80,4960
lookahead_only,63,0.5535526728351692,0.02444378373617817,0.0,0.0,0.049048062528369636,0,80,5040
lookahead_only,64,0.5537824939256675,0.023788748385783265,0.0,0.0,-0.09510549254711206,0,80,5120
lookahead_only,65,0.5539845816702796,0.023571047519431954,0.0,0.0,0.03738313178200412,0,80,5200
lookahead_only,66,0.5542100642530501,0.023255932571379256,0.0,0.0,-0.01702705949114251,0,80,5280
lookahead_only,67,0.5541078883162839,0.023594768551399525,0.0,0.0,0.001353074610042819,0,80,5360
lookahead_only,68,0.5541584326679352,0.02366974064623295,0.0,0.0,0.03602015218420333,0,80,5440
lookahead_only,69,0.553998818923689,0.024145458158679522,0.0,0.0,0.13856234277980684,0,80,5520
lookahead_only,70,0.5541806960789449,0.023881485459422924,0.0,0.0,-0.045384213892806155,0,80,5600
lookahead_only,71,0.5543827469163074,0.023309064629873366,0.0,0.0,0.06434615588454529,0,80,5680
lookahead_only,72,0.554651421704558,0.02282170098964298,0.0,0.0,-0.017398003696127127,0,80,5760
lookahead_only,73,0.5549692510663251,0.02228403105595944,0.0,0.0,-0.04937482987571004,0,80,5840
lookahead_only,74,0.555118414911615,0.022063700604723735,0.0,0.0,-0.11931672939868156,0,80,5920
lookahead_only,75,0.5554276805203253,0.021676726312368055,0.0,0.0,-0.0926420112875449,0,80,6000
lookahead_only,76,0.5552945979410006,0.021712730522143953,0.0,0.0,0.013870600598272217,0,80,6080
lookahead_only,77,0.5554538268650133,0.021192480594619423,0.0,0.0,0.030149162562049775,0,80,6160
lookahead_only,78,0.555581393723943,0.020992545079228542,0.0,0.0,-0.00958881530504002,0,80,6240
lookahead_only,79,0.5559212590019542,0.020264327169929874,0.0,0.0,-0.006103567665084843,0,80,6320
lookahead_only,80,0.5560708599647521,0.01977894012724446,0.0,0.0,0.029134736329147978,0,80,6400
lookahead_only,81,0.5561951924252899,0.01979336655197328,0.0,0.0,-0.056814699135466024,0,80,6480
lookahead_only,82,0.5563256239491011,0.019817942037146374,0.0,0.0,-0.04494509983233803,0,80,6560
lookahead_only,83,0.5564828817694779,0.01976602533480243,0.0,0.0,-0.10681538993181391,0,80,6640
lookahead_only,84,0.5565901090163814,0.019673310117678255,0.0,0.0,0.01036528646767859,0,80,6720
lookahead_only,85,0.5564401429757346,0.019851989887239352,0.0,0.0,0.10235810998136542,0,80,6800
lookahead_only,86,0.5565572372833961,0.01999242942925117,0.0,0.0,-0.031994763109984205,0,80,6880
lookahead_only,87,0.5565190637922395,0.020318507168113897,0.0,0.0,0.026676024458603478,0,80,6960
lookahead_only,88,0.5566403180525813,0.020179342025857694,0.0,0.0,-0.009473105405411108,0,80,7040
lookahead_only,89,0.556611502931015,0.019957880545609763,0.0,0.0,0.08697072480825724,0,80,7120
lookahead_only,90,0.5564467077786905,0.0204308625402293,0.0,0.0,0.05548451292760031,0,80,7200
lookahead_only,91,0.5566676129150585,0.02007752435900767,0.0,0.0,0.04632213454920051,0,80,7280
lookahead_only,92,0.5566987087168342,0.019943517610451655,0.0,0.0,-0.04454513524688055,0,80,7360
lookahead_only,93,0.5569198046542777,0.019474768037515355,0.0,0.0,-0.0029225733150783553,0,80,7440
lookahead_only,94,0.5570790886588496,0.019273260788980506,0.0,0.0,-0.04066701410415848,0,80,7520
lookahead_only,95,0.5569852960377062,0.019687883718198962,0.0,0.0,0.0726399021669425,0,80,7600
lookahead_only,96,0.5571556502149538,0.019276636721349605,0.0,0.0,-0.05243989563418197,0,80,7680
lookahead_only,97,0.5570854159350491,0.019563752321588246,0.0,0.0,0.0036182325751995498,0,80,7760
lookahead_only,98,0.5570423936189423,0.01971522851930374,0.0,0.0,-0.036923115694182336,0,80,7840
lookahead_only,99,0.5572754416001338,0.01931921123523228,0.0,0.0,0.014344139783631893,0,80,7920
lookahead_only,100,0.5576029477523413,0.0186548757627919,0.0,0.0,-0.040111633438843754,0,80,8000
lookahead_only,101,0.5575912107921993,0.018852016516895387,0.0,0.0,-0.04938720918950088,0,80,8080
lookahead_only,102,0.557614645193461,0.01880197563900321,0.0,0.0,0.02944869359460778,0,80,8160
lookahead_only,103,0.5576875622879044,0.01867094990383944,0.0,0.0,-0.03496925469603508,0,80,8240
lookahead_only,104,0.5578753427217731,0.018279984954926887,0.0,0.0,-0.04288674256639567,0,80,8320
lookahead_only,105,0.5577090301532013,0.01889204020451496,0.0,0.0,-0.008201606324210525,0,80,8400
lookahead_only,106,0.5576670910362368,0.019035792096007587,0.0,0.0,-0.04920338482770196,0,80,8480
lookahead_only,107,0.5575826784821135,0.01889954788588455,0.0,0.0,0.046296770366905715,0,80,8560
lookahead_only,108,0.5574677868316884,0.01940841398894766,0.0,0.0,0.07894586014139961,0,80,8640
lookahead_only,109,0.5575274780161604,0.01909521590439578,0.0,0.0,-0.01608041377381217,0,80,8720
lookahead_only,110,0.5574245510453817,0.01947670064531759,0.0,0.0,0.003430959801978107,0,80,8800
lookahead_only,111,0.5573355904493776,0.019543979637480224,0.0,0.0,0.0017066566480666674,0,80,8880
lookahead_only,112,0.5573991455886244,0.019244166810190033,0.0,0.0,-0.046631495745246956,0,80,8960
lookahead_only,113,0.5574839743777782,0.01882666822108847,0.0,0.0,-0.026922203031873943,0,80,9040
lookahead_only,114,0.5575449236217286,0.018880537432554467,0.0,0.0,-0.013306697172734243,0,80,9120
lookahead_only,115,0.5574532919801627,0.01902957543434436,0.0,0.0,0.10255206583289808,0,80,9200
lookahead_only,116,0.5574720800986007,0.018932204622449156,0.0,0.0,0.02966156899373832,0,80,9280
lookahead_only,117,0.5574526758769205,0.019175737016823735,0.0,0.0,-0.10303123117635254,0,80,9360
lookahead_only,118,0.5575038422662176,0.019009265907045658,0.0,0.0,-0.05744358247413782,0,80,9440
lookahead_only,119,0.5576929065300018,0.018550697076873623,0.0,0.0,-0.04228627591937281,0,80,9520
lookahead_only,120,0.5578161893157663,0.018345287652975828,0.0,0.0,-0.1332603733176005,0,80,9600
lookahead_only,121,0.5578154841954132,0.01865416784501117,0.0,0.0,-0.0021646300369169364,0,80,9680
lookahead_only,122,0.5578830007350537,0.01859536614170043,0.0,0.0,-0.01943425486238615,0,80,9760
lookahead_only,123,0.5577805696262302,0.01865398783577854,0.0,0.0,-0.04028658228821105,0,80,9840
lookahead_only,124,0.5579703667353751,0.0183459024495104,0.0,0.0,0.029264114589036154,0,80,9920
lookahead_only,125,0.5581680588112948,0.017900179829107965,0.0,0.0,-0.048775571133820875,0,80,10000
lookahead_only,126,0.558486778988937,0.01750274704732957,0.0,0.0,-0.04991765646254967,0,80,10080
lookahead_only,127,0.5585416208746428,0.01745716163018729,0.0,0.0,0.0341008587755296,0,80,10160
lookahead_only,128,0.558567701788611,0.01749007392880131,0.0,0.0,0.009074309356745348,0,80,10240
lookahead_only,129,0.5588113367862076,0.016755511643722576,0.0,0.0,0.02159649096768659,0,80,10320
lookahead_only,130,0.5587958477011901,0.016773966072720303,0.0,0.0,0.03633398464985604,0,80,10400
lookahead_only,131,0.5587065161852642,0.017063587481877085,0.0,0.0,0.045710961085039005,0,80,10480
lookahead_only,132,0.5588171412368533,0.016889218555142915,0.0,0.0,-0.09807535777469815,0,80,10560
lookahead_only,133,0.558969020615284,0.016765052840438832,0.0,0.0,-0.026053346362277168,0,80,10640
lookahead_only,134,0.559063752832365,0.016678745723298194,0.0,0.0,-0.0002778012474973977,0,80,10720
lookahead_only,135,0.5592309983129367,0.01669198090985069,0.0,0.0,-0.030270516279579548,0,80,10800
lookahead_only,136,0.5593080781198043,0.01648531743686754,0.0,0.0,0.01065077517137805,0,80,10880
lookahead_only,137,0.5593095820348778,0.01635595523814304,0.0,0.0,0.0872990695667089,0,80,10960
lookahead_only,138,0.5592605489996407,0.016375300172592144,0.0,0.0,-0.005519307733410946,0,80,11040
lookahead_only,139,0.5591812521924303,0.016605498176208267,0.0,0.0,-0.09751691370153148,0,80,11120
lookahead_only,140,0.5592287502733656,0.016553703148811327,0.0,0.0,0.03735055194903485,0,80,11200
lookahead_only,141,0.5593340600818277,0.016446092054767214,0.0,0.0,-0.051082293842782095,0,80,11280
lookahead_only,142,0.5593012331591869,0.016423842026933255,0.0,0.0,-0.013681899875558375,0,80,11360
lookahead_only,143,0.5592831033323558,0.01658209229627794,0.0,0.0,-0.08289334472785892,0,80,11440
lookahead_only,144,0.5592093996958019,0.016841740591828747,0.0,0.0,-0.08393356678501489,0,80,11520
lookahead_only,145,0.5593038681472892,0.016796329836907598,0.0,0.0,-0.0649312893074862,0,80,11600
lookahead_only,146,0.5593769552740221,0.016687178217052123,0.0,0.0,0.025164208036215645,0,80,11680
lookahead_only,147,0.5596001678112538,0.01621425544008459,0.0,0.0,0.0059965670712112664,0,80,11760
lookahead_only,148,0.559679270275934,0.01596796397082345,0.0,0.0,0.06565975233389504,0,80,11840
lookahead_only,149,0.5598309060220314,0.01589004364096236,0.0,0.0,-0.0683364557264503,0,80,11920
lookahead_only,150,0.5598469427944278,0.01599415353685285,0.0,0.0,-0.03397328801326614,0,80,12000
lookahead_only,151,0.559878691334656,0.01586617316232508,0.0,0.0,0.0004887773958794803,0,80,12080
lookahead_only,152,0.5599394423894355,0.0156369972478404,0.0,0.0,0.08467481159168098,0,80,12160
lookahead_only,153,0.5598914118737671,0.015710615716490572,0.0,0.0,0.11330421570951957,0,80,12240
lookahead_only,154,0.5598794047459502,0.015694101728030985,0.0,0.0,0.1671169778768614,0,80,12320
lookahead_only,155,0.5599817216276749,0.015553917081359114,0.0,0.0,-0.048597116478767084,0,80,12400
lookahead_only,156,0.5600234468692035,0.015264253466637623,0.0,0.0,0.09226587534019287,0,80,12480
lookahead_only,157,0.5601424175170715,0.01506147830231308,0.0,0.0,0.03043904975585371,0,80,12560
lookahead_only,158,0.5602839051951042,0.014687882087321524,0.0,0.0,-0.030000706249429583,0,80,12640
lookahead_only,159,0.5605229897627074,0.014168320089116171,0.0,0.0,-0.07487555924825344,0,80,12720
lookahead_only,160,0.5606329769746355,0.013889927314221895,0.0,0.0,-0.022497240073955416,0,80,12800
lookahead_only,161,0.5606700732814234,0.013874461753201839,0.0,0.0,-0.05611942799288292,0,80,12880
lookahead_only,162,0.5606706080488381,0.013962607968878493,0.0,0.0,-0.029466194707820383,0,80,12960
lookahead_only,163,0.5607351989253507,0.013994156377667988,0.0,0.0,-0.05806855801335945,0,80,13040
lookahead_only,164,0.5607391150998324,0.014009379855395965,0.0,0.0,0.08655907878457118,0,80,13120
lookahead_only,165,0.5609347225228167,0.01362054691499015,0.0,0.0,-0.029733819556020568,0,80,13200
lookahead_only,166,0.5611043409794975,0.012949897728564919,0.0,0.0,0.01268019065710315,0,80,13280
lookahead_only,167,0.5613319229814017,0.012697402132700542,0.0,0.0,-0.04901229114418536,0,80,13360
lookahead_only,168,0.5614240759574913,0.012551817569726453,0.0,0.0,-0.02469083105114817,0,80,13440
lookahead_only,169,0.561446969307583,0.012421348305983182,0.0,0.0,0.020027360172537742,0,80,13520
lookahead_only,170,0.5612123841486104,0.013097536428940182,0.0,0.0,0.06530366424822402,0,80,13600
lookahead_only,171,0.5611467424996986,0.013435029264865617,0.0,0.0,-0.03166399530863296,0,80,13680
lookahead_only,172,0.5611865066739553,0.01341670094937586,0.0,0.0,-0.025582001783802613,0,80,13760
lookahead_only,173,0.5611807432088793,0.013411248690034072,0.0,0.0,0.05488796487799729,0,80,13840
lookahead_only,174,0.5612170915133728,0.013294134252083811,0.0,0.0,0.035974695290711074,0,80,13920
lookahead_only,175,0.5612867459337147,0.013196691277256867,0.0,0.0,0.026706127832285598,0,80,14000
lookahead_only,176,0.561350389618279,0.012981167454493292,0.0,0.0,0.027430268002411523,0,80,14080
lookahead_only,177,0.5613275104757287,0.013150819736364339,0.0,0.0,0.0016422482622807989,0,80,14160
lookahead_only,178,0.5614825363332484,0.012917174337544357,0.0,0.0,-0.035107086283331077,0,80,14240
lookahead_only,179,0.561526977991333,0.012972150906592539,0.0,0.0,-0.09118891250774408,0,80,14320
lookahead_only,180,0.5615769564698834,0.012823472297816996,0.0,0.0,-0.07608452028320989,0,80,14400
lookahead_only,181,0.5618535482574222,0.012569280789808901,0.0,0.0,-0.03964752033125355,0,80,14480
lookahead_only,182,0.5619682403574875,0.012389788607040209,0.0,0.0,-0.047224728816350404,0,80,14560
lookahead_only,183,0.5621058301623658,0.012091569868016627,0.0,0.0,0.04247234688568019,0,80,14640
lookahead_only,184,0.5620779527341778,0.012168543042687996,0.0,0.0,0.07074528169031209,0,80,14720
lookahead_only,185,0.5620720772083526,0.012112525295277177,0.0,0.0,0.043260043281460686,0,80,14800
lookahead_only,186,0.5621127620083475,0.011841823006196517,0.0,0.0,0.058164943771234726,0,80,14880
lookahead_only,187,0.5621321470538568,0.011953236206672213,0.0,0.0,-0.03547067017040739,0,80,14960
lookahead_only,188,0.5622701854856865,0.011713321151595846,0.0,0.0,0.027653006070047437,0,80,15040
lookahead_only,189,0.562314797351004,0.011901402320104615,0.0,0.0,-0.05622064325534399,0,80,15120
lookahead_only,190,0.5624072178380748,0.011718825891015694,0.0,0.0,-0.11872415940289134,0,80,15200
lookahead_only,191,0.5625938439531157,0.011190801618699786,0.0,0.0,-0.04233964214658154,0,80,15280
lookahead_only,192,0.5628237576445978,0.010857515997205747,0.0,0.0,0.02558349044236138,0,80,15360
lookahead_only,193,0.5628380003447451,0.010780309526929654,0.0,0.0,-0.06623434695979478,0,80,15440
lookahead_only,194,0.5627433572695073,0.010838505773286156,0.0,0.0,0.03703887974057237,0,80,15520
lookahead_only,195,0.5625831438548683,0.011053797425399803,0.0,0.0,0.06535456439907715,0,80,15600
lookahead_only,196,0.5627134454235668,0.010878963710049594,0.0,0.0,-0.04663583278094702,0,80,15680
lookahead_only,197,0.5626583923567882,0.011070546352518473,0.0,0.0,0.014044870583242247,0,80,15760
lookahead_only,198,0.5629129968611611,0.01056463893242654,0.0,0.0,-0.06138655094763514,0,80,15840
lookahead_only,199,0.5631513454473879,0.010257070157932646,0.0,0.0,0.02324774893969668,0,80,15920
lookahead_only,200,0.5633049539972714,0.00984347197640778,0.0,0.0,-0.016055230110871916,0,80,16000
lookahead_only,201,0.5635415267782425,0.009517852875618127,0.0,0.0,-0.10102579680240399,0,80,16080
lookahead_only,202,0.5633356762411916,0.00991687323070578,0.0,0.0,0.0044563127876773335,0,80,16160
lookahead_only,203,0.5629350294877147,0.010819266897864943,0.0,0.0,0.05819175512362556,0,80,16240
lookahead_only,204,0.5629147953534716,0.01090048623454909,0.0,0.0,0.0873928425853831,0,80,16320
lookahead_only,205,0.5629646273461681,0.010640460555869091,0.0,0.0,0.053567071886991335,0,80,16400
lookahead_only,206,0.5630156964419476,0.010525952352242074,0.0,0.0,0.04526137013574643,0,80,16480
lookahead_only,207,0.5631190764165033,0.010269028523452794,0.0,0.0,-0.0617317044300256,0,80,16560
lookahead_only,208,0.5631196472107072,0.010403322084766575,0.0,0.0,-0.036600487441521334,0,80,16640
lookahead_only,209,0.5628743685350641,0.010948283846827445,0.0,0.0,-0.028312433249739248,0,80,16720
lookahead_only,210,0.5628940092003635,0.010898194634171188,0.0,0.0,0.04371837760253995,0,80,16800
lookahead_only,211,0.5628980209918661,0.010797930991584104,0.0,0.0,0.0649575853388592,0,80,16880
lookahead_only,212,0.5631234344141934,0.010404195572201735,0.0,0.0,0.05659167160539064,0,80,16960
lookahead_only,213,0.5631419096217114,0.010356508634473238,0.0,0.0,0.021525854832755004,0,80,17040
lookahead_only,214,0.5631164176913512,0.010452539798362248,0.0,0.0,-0.09399882931534109,0,80,17120
lookahead_only,215,0.5630379899577215,0.010630813597473976,0.0,0.0,0.017161065523460015,0,80,17200
lookahead_only,216,0.5630397535118374,0.010579957021031872,0.0,0.0,0.035027286429369454,0,80,17280
lookahead_only,217,0.5631401451037032,0.010363775677516562,0.0,0.0,-0.06768399584765998,0,80,17360
lookahead_only,218,0.5632332380042516,0.010354217357379736,0.0,0.0,-0.020339895461146326,0,80,17440
lookahead_only,219,0.5631588169081454,0.010401188186495935,0.0,0.0,-0.01233336872022685,0,80,17520
lookahead_only,220,0.563457241121767,0.010020526758388382,0.0,0.0,-0.07771276586137539,0,80,17600
lookahead_only,221,0.5635838650034939,0.009957770333978044,0.0,0.0,0.03622290601949498,0,80,17680
lookahead_only,222,0.5636926303011937,0.009644181010081465,0.0,0.0,0.012159772360460794,0,80,17760
lookahead_only,223,0.5637791300686362,0.009486822792482474,0.0,0.0,-0.08990630302928317,0,80,17840
lookahead_only,224,0.5635680654559773,0.009936089227740252,0.0,0.0,-0.050179024397061726,0,80,17920
lookahead_only,225,0.5633147529547047,0.010219893670188274,0.0,0.0,0.04367400566311998,0,80,18000
lookahead_only,226,0.5632914974055255,0.010271341187798932,0.0,0.0,0.049204262936618295,0,80,18080
lookahead_only,227,0.5633169114515906,0.010231283041962969,0.0,0.0,0.03638591824466238,0,80,18160
lookahead_only,228,0.5634016409223036,0.009918647385046664,0.0,0.0,-0.005024176735253559,0,80,18240
lookahead_only,229,0.5633692357403794,0.010028074721059932,0.0,0.0,0.025445344181007468,0,80,18320
lookahead_only,230,0.5635881602597271,0.009572134363890816,0.0,0.0,-0.04392903058911757,0,80,18400
lookahead_only,231,0.5636544870348271,0.0094268483501605,0.0,0.0,0.025371575568103384,0,80,18480
lookahead_only,232,0.5635731728467676,0.009555656672374568,0.0,0.0,0.01916756160430775,0,80,18560
lookahead_only,233,0.5634385907405325,0.009712626436671257,0.0,0.0,0.09807471252166965,0,80,18640
lookahead_only,234,0.5634446510384973,0.009670894041384215,0.0,0.0,-0.07415301604458216,0,80,18720
lookahead_only,235,0.563220547755141,0.010238289245107057,0.0,0.0,-0.0729589670267703,0,80,18800
lookahead_only,236,0.5633091225116261,0.009991338681932804,0.0,0.0,-0.06320673261039537,0,80,18880
lookahead_only,237,0.5634583633658223,0.009698978029413885,0.0,0.0,-0.0663570581789728,0,80,18960
lookahead_only,238,0.5634800660921132,0.009856445726631802,0.0,0.0,-0.10708963456501866,0,80,19040
lookahead_only,239,0.5633638689774338,0.01002577036432517,0.0,0.0,-0.057347046409058786,0,80,19120
lookahead_only,240,0.5633721354980363,0.010080253985521037,0.0,0.0,0.09968246063116136,0,80,19200
lookahead_only,241,0.5636985989862288,0.0094522020779928,0.0,0.0,-0.04076533096087483,0,80,19280
lookahead_only,242,0.5637843562752669,0.00928244249329302,0.0,0.0,0.00029669213057940887,0,80,19360
lookahead_only,243,0.5638859259880865,0.009177241499092381,0.0,0.0,0.011921543712893811,0,80,19440
lookahead_only,244,0.5639778489761008,0.008911650534409787,0.0,0.0,0.0211021862570993,0,80,19520
lookahead_only,245,0.5638503938128455,0.009046580658587544,0.0,0.0,0.05108877256548823,0,80,19600
lookahead_only,246,0.5638020385779134,0.009143265661461286,0.0,0.0,-0.0594212449199719,0,80,19680
lookahead_only,247,0.5637438476459251,0.009392437730660341,0.0,0.0,0.011140290385436988,0,80,19760
lookahead_only,248,0.563640819484123,0.009747331108787671,0.0,0.0,0.033161839085006875,0,80,19840
lookahead_only,249,0.5636505912832012,0.00972179601661416,0.0,0.0,-0.009314828253080927,0,80,19920
lookahead_only,250,0.5638482090179504,0.009348484990358674,0.0,0.0,0.015671661776624567,0,80,20000
lookahead_only,251,0.5639177130135145,0.009221010061860158,0.0,0.0,-0.06636537975871204,0,80,20080
lookahead_only,252,0.5640183180578586,0.00897349018838034,0.0,0.0,-0.003117982513716567,0,80,20160
lookahead_only,253,0.5640249687336827,0.008976181368032243,0.0,0.0,0.02633719895551265,0,80,20240
lookahead_only,254,0.5639092621807515,0.009203398945166308,0.0,0.0,0.1524431409902801,0,80,20320
lookahead_only,255,0.5639258168749739,0.00900361016977258,0.0,0.0,0.038767219795230144,0,80,20400
lookahead_only,256,0.5641131530137057,0.008612743065133266,0.0,0.0,-0.0008701200043564372,0,80,20480
lookahead_only,257,0.5642604722507543,0.008385092989130039,0.0,0.0,0.020837500840976454,0,80,20560
lookahead_only,258,0.5643693830369275,0.008241803989101126,0.0,0.0,0.00028754617587933623,0,80,20640
lookahead_only,259,0.5644950370417399,0.008142729343325494,0.0,0.0,-0.1225330445331448,0,80,20720
lookahead_only,260,0.564545789886693,0.008074186848054055,0.0,0.0,0.03539374653178822,0,80,20800
lookahead_only,261,0.5644413809447325,0.008234807493058272,0.0,0.0,0.07859569794595456,0,80,20880
lookahead_only,262,0.5642819955556203,0.008522745812401866,0.0,0.0,0.0323657555640209,0,80,20960
lookahead_only,263,0.5643074815444228,0.008566612220686554,0.0,0.0,-0.08680239969526606,0,80,21040
lookahead_only,264,0.5643172397754416,0.008543923736419878,0.0,0.0,-0.027352215719997304,0,80,21120
lookahead_only,265,0.5639656028673891,0.00924981405809322,0.0,0.0,0.1314415931729861,0,80,21200
lookahead_only,266,0.564034267241323,0.009287228482524723,0.0,0.0,-0.010478331895199224,0,80,21280
lookahead_only,267,0.5640216666977615,0.009278551450690564,0.0,0.0,0.04330232324624701,0,80,21360
lookahead_only,268,0.56424701037611,0.008879894872493632,0.0,0.0,-0.02037217326775699,0,80,21440
lookahead_only,269,0.564142924352368,0.009107409174164971,0.0,0.0,0.01695335307811813,0,80,21520
lookahead_only,270,0.5641144262048393,0.00923394368685826,0.0,0.0,-0.03706447878614029,0,80,21600
lookahead_only,271,0.5642088826427927,0.00901356247834384,0.0,0.0,-0.011681384355335203,0,80,21680
lookahead_only,272,0.5641234399977895,0.009134994354374593,0.0,0.0,0.059216567727231426,0,80,21760
lookahead_only,273,0.5642103781982578,0.00896002519857253,0.0,0.0,0.05415220131532165,0,80,21840
lookahead_only,274,0.56439196326801,0.008580329534360054,0.0,0.0,-0.0383116305764008,0,80,21920
lookahead_only,275,0.5644572035820397,0.008468052997672504,0.0,0.0,0.05958574044559922,0,80,22000
lookahead_only,276,0.5646487372040148,0.008424971418052651,0.0,0.0,0.020828490879931404,0,80,22080
lookahead_only,277,0.5644733378134806,0.008580183833723387,0.0,0.0,0.09130259228759874,0,80,22160
lookahead_only,278,0.5644832320723766,0.008614294858606097,0.0,0.0,-0.020198938057455262,0,80,22240
lookahead_only,279,0.5643934470725482,0.008765109729707676,0.0,0.0,0.05634412220392145,0,80,22320
lookahead_only,280,0.5643053113128449,0.00890895124815616,0.0,0.0,0.030375030834665504,0,80,22400
lookahead_only,281,0.5642574991813587,0.009017645870514457,0.0,0.0,0.10680017539583356,0,80,22480
lookahead_only,282,0.564308799559547,0.009172759451297696,0.0,0.0,0.05931398722637857,0,80,22560
lookahead_only,283,0.5645119066171908,0.008961351212922297,0.0,0.0,-0.07761357130978938,0,80,22640
lookahead_only,284,0.5644615924185442,0.009052994096657718,0.0,0.0,-0.021952931953461364,0,80,22720
lookahead_only,285,0.5645304171886797,0.008871308498318409,0.0,0.0,0.00052790704173824,0,80,22800
lookahead_only,286,0.5646779630936154,0.00855512815439452,0.0,0.0,0.021841452836526783,0,80,22880
lookahead_only,287,0.5648889680426079,0.008182411874233964,0.0,0.0,-0.040939406307127675,0,80,22960
lookahead_only,288,0.5647873533305455,0.008413824741099862,0.0,0.0,-0.06699768374164301,0,80,23040
lookahead_only,289,0.5650396525188783,0.008007657737606255,0.0,0.0,-0.03899854337130976,0,80,23120
lookahead_only,290,0.5652219587546201,0.007819152340456825,0.0,0.0,-0.024984482923646505,0,80,23200
lookahead_only,291,0.5653161444460783,0.007701573992554445,0.0,0.0,0.0031729071995208807,0,80,23280
lookahead_only,292,0.5652993951958787,0.007811288247214998,0.0,0.0,0.07375366259789333,0,80,23360
lookahead_only,293,0.5653066106129255,0.008170625613800886,0.0,0.0,0.109687529125917,0,80,23440
lookahead_only,294,0.5651544962676116,0.008528108171340198,0.0,0.0,0.10957538516044368,0,80,23520
lookahead_only,295,0.5652126961643772,0.008286354579370547,0.0,0.0,-0.028175731125630668,0,80,23600
lookahead_only,296,0.5652003697094532,0.008508800253148596,0.0,0.0,-0.048870690265458254,0,80,23680
lookahead_only,297,0.5652355052397897,0.008094214906066766,0.0,0.0,-0.08738620966834083,0,80,23760
lookahead_only,298,0.5652835961302425,0.007709980266334737,0.0,0.0,0.007241994420409216,0,80,23840
lookahead_only,299,0.5653252970737598,0.007515518887590722,0.0,0.0,-0.015960684942604827,0,80,23920
lookahead_only,300,0.5655859023532005,0.0073273390576737985,0.0,0.0,-0.14867546735055703,0,80,24000
lookahead_only,301,0.5653992414120115,0.0075410531831726635,0.0,0.0,0.11734964086186064,0,80,24080
lookahead_only,302,0.5654823790159683,0.007306055429092684,0.0,0.0,-0.00569163766397179,0,80,24160
lookahead_only,303,0.5656277854170187,0.0070657723514774284,0.0,0.0,-0.09806643370691058,0,80,24240
lookahead_only,304,0.5655886272558918,0.007180379075553578,0.0,0.0,0.014023991567357228,0,80,24320
lookahead_only,305,0.5656069058450431,0.007185885755439769,0.0,0.0,-0.06557165355902525,0,80,24400
lookahead_only,306,0.5656220039130737,0.007055593792917647,0.0,0.0,0.03634508551449036,0,80,24480
lookahead_only,307,0.5656183162002216,0.007129607899684087,0.0,0.0,-0.09709304417827476,0,80,24560
lookahead_only,308,0.5655992145294196,0.007251228548501465,0.0,0.0,-0.06959101948770664,0,80,24640
lookahead_only,309,0.5657791435462391,0.007017624460324057,0.0,0.0,-0.04066176920162512,0,80,24720
lookahead_only,310,0.5658342194020708,0.006937898976691059,0.0,0.0,-0.04782471671767931,0,80,24800
lookahead_only,311,0.5660449932824884,0.006645964024985296,0.0,0.0,-0.0816138590992412,0,80,24880
lookahead_only,312,0.5663109859761396,0.006356509239585306,0.0,0.0,-0.11775065298174385,0,80,24960
lookahead_only,313,0.5663532970207855,0.006277857450190383,0.0,0.0,-0.04145746161952401,0,80,25040
lookahead_only,314,0.5662210444822168,0.006515899664636393,0.0,0.0,0.09626181894176927,0,80,25120
lookahead_only,315,0.5660046373585913,0.006841011215084736,0.0,0.0,-0.11125996465664449,0,80,25200
lookahead_only,316,0.5661072742761619,0.006583188676622886,0.0,0.0,0.12242917898867064,0,80,25280
lookahead_only,317,0.5660777485352169,0.006606988547788739,0.0,0.0,0.025244861250034056,0,80,25360
lookahead_only,318,0.5659104815024675,0.006832325733583833,0.0,0.0,0.0030106383013566705,0,80,25440
lookahead_only,319,0.5659079674479508,0.006758453395258601,0.0,0.0,-0.017957769756818308,0,80,25520
lookahead_only,320,0.5658481179970116,0.007019474883209642,0.0,0.0,0.037449922338159726,0,80,25600
lookahead_only,321,0.5657554733013859,0.007137788067263728,0.0,0.0,-0.07325245318684283,0,80,25680
lookahead_only,322,0.5657317716077283,0.007207970919000495,0.0,0.0,0.007334889658730685,0,80,25760
lookahead_only,323,0.5655936305262522,0.007366745585189793,0.0,0.0,-0.01200342204277891,0,80,25840
lookahead_only,324,0.5655966073637654,0.007414100531808132,0.0,0.0,0.002059439962221338,0,80,25920
lookahead_only,325,0.5656461171345883,0.007277972276486411,0.0,0.0,0.06341418086196203,0,80,26000
lookahead_only,326,0.565185454608124,0.008051637271075496,0.0,0.0,0.12949271997387252,0,80,26080
lookahead_only,327,0.5651871052245799,0.008185719804685965,0.0,0.0,-0.005760749134069835,0,80,26160
lookahead_only,328,0.5649355644850592,0.008692421802927508,0.0,0.0,-0.005063255200237927,0,80,26240
lookahead_only,329,0.5651583886956306,0.008330881144644975,0.0,0.0,-0.04181930308769184,0,80,26320
lookahead_only,330,0.5654290015890843,0.007788666111057774,0.0,0.0,0.035554715202933886,0,80,26400
lookahead_only,331,0.565348339905552,0.008078606897726992,0.0,0.0,0.04458903983260544,0,80,26480
lookahead_only,332,0.565543844060204,0.007762644407602215,0.0,0.0,-0.0029851830561573593,0,80,26560
lookahead_only,333,0.5656261355200427,0.007642219307241849,0.0,0.0,-0.10017406016547979,0,80,26640
lookahead_only,334,0.5653460877731693,0.008064978231872688,0.0,0.0,0.08043701207316196,0,80,26720
lookahead_only,335,0.5655629819152281,0.007618064395836122,0.0,0.0,-0.026359564593313088,0,80,26800
lookahead_only,336,0.5655543357743161,0.007609926608642903,0.0,0.0,-0.09492284378288525,0,80,26880
lookahead_only,337,0.5657086990635816,0.007338295320312271,0.0,0.0,-0.05448945616704491,0,80,26960
lookahead_only,338,0.5657290450196766,0.007325925431404645,0.0,0.0,-0.03666251769064858,0,80,27040
lookahead_only,339,0.5657423671923484,0.007279740766515941,0.0,0.0,0.03618078016232408,0,80,27120
lookahead_only,340,0.5657072816913964,0.007252833862624208,0.0,0.0,0.016392296018652032,0,80,27200
lookahead_only,341,0.5659779565255492,0.006880508552070674,0.0,0.0,0.04015554834894802,0,80,27280
lookahead_only,342,0.565949777255282,0.006982434294978357,0.0,0.0,-0.13776430659003777,0,80,27360
lookahead_only,343,0.5660977833748739,0.00685162343085155,0.0,0.0,-0.01429882485141337,0,80,27440
lookahead_only,344,0.5660038165196305,0.007030614539904945,0.0,0.0,-0.059742022748464886,0,80,27520
lookahead_only,345,0.5661818861650345,0.006847319666203888,0.0,0.0,-0.04591956980416883,0,80,27600
lookahead_only,346,0.56623824836822,0.006791168438699868,0.0,0.0,-0.07983663983681413,0,80,27680
lookahead_only,347,0.5661037885988558,0.006942190345529564,0.0,0.0,-0.0640847872183922,0,80,27760
lookahead_only,348,0.565879439401454,0.0074812523428479105,0.0,0.0,-0.02800101454495515,0,80,27840
lookahead_only,349,0.5656962785649683,0.007845652134952474,0.0,0.0,0.04199556553161337,0,80,27920
lookahead_only,350,0.565785418058514,0.0077083045140475814,0.0,0.0,-0.06679030094611518,0,80,28000
lookahead_only,351,0.5657939197765549,0.007782875127235078,0.0,0.0,-0.06381026887694546,0,80,28080
lookahead_only,352,0.5658540131318892,0.007664076432290945,0.0,0.0,-0.02592967553930248,0,80,28160
lookahead_only,353,0.5656926433883183,0.007899979952523228,0.0,0.0,-0.03161346192827525,0,80,28240
lookahead_only,354,0.5657107789676751,0.007939177863876656,0.0,0.0,0.008071686668472322,0,80,28320
lookahead_only,355,0.5656490362785305,0.007971379904744058,0.0,0.0,-0.040055927646642106,0,80,28400
lookahead_only,356,0.5657687132923007,0.007856099220178492,0.0,0.0,0.005848666916492037,0,80,28480
lookahead_only,357,0.5656860484583829,0.00786882652851184,0.0,0.0,0.006956435329933381,0,80,28560
lookahead_only,358,0.565500465412242,0.008247182110948104,0.0,0.0,-0.03676971668761071,0,80,28640
lookahead_only,359,0.5654830973596178,0.008190073857055946,0.0,0.0,-0.020652301179481514,0,80,28720
lookahead_only,360,0.5656567609861594,0.007868028776348956,0.0,0.0,0.010465875034593945,0,80,28800
lookahead_only,361,0.5655006227416993,0.008028092443370771,0.0,0.0,0.07399244984441647,0,80,28880
lookahead_only,362,0.5654315174124177,0.00796680173821751,0.0,0.0,0.11635195928693798,0,80,28960
lookahead_only,363,0.5655140702202628,0.007835184885745083,0.0,0.0,0.05297973809858829,0,80,29040
lookahead_only,364,0.5656198952015916,0.007573254036431387,0.0,0.0,0.08468808094825472,0,80,29120
lookahead_only,365,0.5655964835416116,0.007573651476548537,0.0,0.0,0.057048616641868645,0,80,29200
lookahead_only,366,0.565547210614202,0.0076516661632349825,0.0,0.0,-0.07892623136048357,0,80,29280
lookahead_only,367,0.5654243865170103,0.007721045915368596,0.0,0.0,-0.013491590682512425,0,80,29360
lookahead_only,368,0.5653866738036925,0.007800310382609976,0.0,0.0,0.10530072896730411,0,80,29440
lookahead_only,369,0.5653420759079631,0.00798634597451775,0.0,0.0,-0.05701111402058448,0,80,29520
lookahead_only,370,0.5655055782890913,0.007630529042334633,0.0,0.0,0.03659405338893538,0,80,29600
lookahead_only,371,0.5653736719883582,0.008047727139474214,0.0,0.0,-0.01681522355494845,0,80,29680
lookahead_only,372,0.5655212245047484,0.00795232638379284,0.0,0.0,-0.11782374395471659,0,80,29760
lookahead_only,373,0.5656291579924899,0.007672328408400375,0.0,0.0,0.017724505044444266,0,80,29840
lookahead_only,374,0.5657222820111139,0.007451143461056131,0.0,0.0,-0.03124807543965169,0,80,29920
lookahead_only,375,0.565789490853812,0.0071188608552622545,0.0,0.0,-0.023891713238302584,0,80,30000
lookahead_only,376,0.56585027010537,0.007014247078051428,0.0,0.0,0.05851575799725517,0,80,30080
lookahead_only,377,0.5659541288069453,0.00686503369126823,0.0,0.0,-0.005296942978951374,0,80,30160
lookahead_only,378,0.5660786803740052,0.006666390363778252,0.0,0.0,0.015184226488102467,0,80,30240
lookahead_only,379,0.5662631826147763,0.006340499391733201,0.0,0.0,0.020401404567852548,0,80,30320
lookahead_only,380,0.5663858531457235,0.006296327395353796,0.0,0.0,-0.15435479025930676,0,80,30400
lookahead_only,381,0.5662367664543001,0.006529702760879719,0.0,0.0,0.009205537271309317,0,80,30480
lookahead_only,382,0.5662453407587569,0.0065747291903804905,0.0,0.0,-0.07124674140816767,0,80,30560
lookahead_only,383,0.5660549819986687,0.007010364475567243,0.0,0.0,-0.06335008088952343,0,80,30640
lookahead_only,384,0.5660938430668659,0.006969676980910555,0.0,0.0,-0.08069648287323124,0,80,30720
lookahead_only,385,0.5662519727233345,0.006628634182274662,0.0,0.0,0.012148142450604305,0,80,30800
lookahead_only,386,0.5663075782840338,0.006429225567049168,0.0,0.0,-0.07205888159273921,0,80,30880
lookahead_only,387,0.5663996010372461,0.006247866887836517,0.0,0.0,0.00011589087070755516,0,80,30960
lookahead_only,388,0.566411613776507,0.006246613225781905,0.0,0.0,-0.015110122812521967,0,80,31040
lookahead_only,389,0.566448228990323,0.006216112792059358,0.0,0.0,0.07434626061480681,0,80,31120
lookahead_only,390,0.5663885253993198,0.006299468364022065,0.0,0.0,0.09456288821325019,0,80,31200
lookahead_only,391,0.5663483150339595,0.0064366240733791935,0.0,0.0,-0.03855754791818277,0,80,31280
lookahead_only,392,0.5664893317851398,0.006186481878622807,0.0,0.0,-0.0009386797999529581,0,80,31360
lookahead_only,393,0.5665899384634165,0.006035274831987958,0.0,0.0,-0.022728457628388554,0,80,31440
lookahead_only,394,0.5664300147497003,0.006328063412516127,0.0,0.0,-0.01689235011236782,0,80,31520
lookahead_only,395,0.5664128447661743,0.006370114158567697,0.0,0.0,-0.07860234271636508,0,80,31600
lookahead_only,396,0.5664060366285177,0.006464412526523966,0.0,0.0,-0.12314203979535562,0,80,31680
lookahead_only,397,0.5664964953090743,0.00631976018335334,0.0,0.0,0.006434993346422084,0,80,31760
lookahead_only,398,0.5665593357604833,0.0062215333664209505,0.0,0.0,0.030627002371977848,0,80,31840
lookahead_only,399,0.5665001119884717,0.006414515358187045,0.0,0.0,0.015957682185491488,0,80,31920
lookahead_only,400,0.5664447828732807,0.0065339113315424635,0.0,0.0,-0.07488834666767429,0,80,32000
lookahead_only,401,0.5664711029181408,0.006520418615039492,0.0,0.0,0.10703140162549335,0,80,32080
lookahead_only,402,0.5663251183966317,0.006743583003445464,0.0,0.0,-0.0065271963742212485,0,80,32160
lookahead_only,403,0.5662746300220168,0.006876078676659181,0.0,0.0,0.002802296917701912,0,80,32240
lookahead_only,404,0.5661124559276437,0.007118807624576617,0.0,0.0,0.006718414256593619,0,80,32320
lookahead_only,405,0.5659577562300397,0.00727945856976786,0.0,0.0,0.018179087863653645,0,80,32400
lookahead_only,406,0.566087073360737,0.007052319143436181,0.0,0.0,-0.16728323928045885,0,80,32480
lookahead_only,407,0.5661364342749842,0.007047693878094119,0.0,0.0,0.10634271912402461,0,80,32560
lookahead_only,408,0.5660438137918619,0.007193605157645222,0.0,0.0,0.002438087436220203,0,80,32640
lookahead_only,409,0.5660139271370983,0.007289956861787905,0.0,0.0,-0.0024979337717982056,0,80,32720
lookahead_only,410,0.5660357236952714,0.0072513671317009365,0.0,0.0,-0.08066654888521127,0,80,32800
lookahead_only,411,0.566149680071235,0.007074767442845853,0.0,0.0,0.07313779769384894,0,80,32880
lookahead_only,412,0.5659059124576555,0.007517333184998032,0.0,0.0,-0.052188378299878324,0,80,32960
lookahead_only,413,0.5660037101835638,0.007496860347905199,0.0,0.0,-0.07381133925065624,0,80,33040
lookahead_only,414,0.5660071074992059,0.007526111018166914,0.0,0.0,0.09993666247162243,0,80,33120
lookahead_only,415,0.5660882652757361,0.007388596771135347,0.0,0.0,0.04612067146112869,0,80,33200
lookahead_only,416,0.5662299057320709,0.007204990179833004,0.0,0.0,0.04300507917377357,0,80,33280
lookahead_only,417,0.5663343363002682,0.006991276815077829,0.0,0.0,0.0616064670310825,0,80,33360
lookahead_only,418,0.5665404359038162,0.006695279051804004,0.0,0.0,-0.00545287310633213,0,80,33440
lookahead_only,419,0.566457078366648,0.006849669581507012,0.0,0.0,-0.11314553939862597,0,80,33520
lookahead_only,420,0.566425821432757,0.0069186906185022545,0.0,0.0,0.023704566989931727,0,80,33600
lookahead_only,421,0.5664812552731764,0.006809495962257661,0.0,0.0,0.013899851563702548,0,80,33680
lookahead_only,422,0.566530576379591,0.006733734674153946,0.0,0.0,0.06886809445210781,0,80,33760
lookahead_only,423,0.5665542261900721,0.006667464170008186,0.0,0.0,-0.017888044730736914,0,80,33840
lookahead_only,424,0.5665680028129739,0.006655321642903722,0.0,0.0,-0.04663175741666535,0,80,33920
lookahead_only,425,0.5666256063195656,0.006568975188999238,0.0,0.0,0.0009702495957131344,0,80,34000
lookahead_only,426,0.566595278875992,0.006618686987823197,0.0,0.0,0.04461862183473655,0,80,34080
lookahead_only,427,0.566814221134629,0.006258753849908594,0.0,0.0,0.04050033925720892,0,80,34160
lookahead_only,428,0.5668884729183582,0.006158109500549291,0.0,0.0,-0.008165492682534928,0,80,34240
lookahead_only,429,0.5669530357669188,0.006108620602303105,0.0,0.0,0.04009056271981075,0,80,34320
lookahead_only,430,0.5668828407827581,0.006176705312524566,0.0,0.0,0.07452364068867598,0,80,34400
lookahead_only,431,0.5669502671785402,0.006080237041824921,0.0,0.0,0.06080237829695686,0,80,34480
lookahead_only,432,0.567110271669389,0.005890442466589874,0.0,0.0,0.004917153321163978,0,80,34560
lookahead_only,433,0.5670932082227443,0.005964897016271231,0.0,0.0,-0.06765539476600739,0,80,34640
lookahead_only,434,0.5671721465160015,0.005864274784396772,0.0,0.0,-0.050676465808431506,0,80,34720
lookahead_only,435,0.5671108992837698,0.0060043591115045425,0.0,0.0,0.050249516056086505,0,80,34800
lookahead_only,436,0.5671364140897192,0.006016028277756713,0.0,0.0,0.0581875727701521,0,80,34880
lookahead_only,437,0.5670305518736269,0.00629178717376444,0.0,0.0,0.02757946865852129,0,80,34960
lookahead_only,438,0.5670529653620119,0.006419759838715566,0.0,0.0,-0.05546181621004018,0,80,35040
lookahead_only,439,0.5670934563677555,0.00638645446024666,0.0,0.0,-0.028609506471153658,0,80,35120
lookahead_only,440,0.5672835410049838,0.006059889423148612,0.0,0.0,-0.0499176025185559,0,80,35200
lookahead_only,441,0.567405217556643,0.005779910065874083,0.0,0.0,0.05830092076204067,0,80,35280
lookahead_only,442,0.5672849861328773,0.005837191790756702,0.0,0.0,0.08287747414777501,0,80,35360
lookahead_only,443,0.5670708332956993,0.006282427560736825,0.0,0.0,-0.036890769812885055,0,80,35440
lookahead_only,444,0.5672367214080597,0.005983940447681024,0.0,0.0,-0.0011392368929786971,0,80,35520
lookahead_only,445,0.5671625078450208,0.006164480677122275,0.0,0.0,0.04619128062831315,0,80,35600
lookahead_only,446,0.5672794112410767,0.0059032095201873025,0.0,0.0,0.05109767356268179,0,80,35680
lookahead_only,447,0.567298566159769,0.005957671906087203,0.0,0.0,-0.07123424450172515,0,80,35760
lookahead_only,448,0.5672036703534675,0.006127303402460371,0.0,0.0,-0.07868034763106553,0,80,35840
lookahead_only,449,0.5672427065789566,0.006183488331415132,0.0,0.0,-0.007302194921620871,0,80,35920
lookahead_only,450,0.5671815941554873,0.006173407166892075,0.0,0.0,0.05367800092210851,0,80,36000
lookahead_only,451,0.5672135790420653,0.0062723829871813574,0.0,0.0,-0.09260609811091389,0,80,36080
lookahead_only,452,0.5672501270897123,0.006284703052625185,0.0,0.0,-0.02847037388576633,0,80,36160
lookahead_only,453,0.5669395785626726,0.006959429066172973,0.0,0.0,-0.01617096520579683,0,80,36240
lookahead_only,454,0.5668312205516328,0.007085390661512592,0.0,0.0,0.02780540581879089,0,80,36320
lookahead_only,455,0.5668921079911001,0.007068600395409574,0.0,0.0,-0.14021341069511664,0,80,36400
lookahead_only,456,0.5670093897891685,0.006941713543879069,0.0,0.0,-0.04946062748050734,0,80,36480
lookahead_only,457,0.56686602345669,0.007046125864742181,0.0,0.0,-0.02107852898541181,0,80,36560
lookahead_only,458,0.5669126560708294,0.00704437380063605,0.0,0.0,-0.005069840914189479,0,80,36640
lookahead_only,459,0.5668830352489854,0.007248462769399722,0.0,0.0,0.06367336626959619,0,80,36720
lookahead_only,460,0.5670671220160299,0.006855112900617244,0.0,0.0,-0.05069165296385175,0,80,36800
lookahead_only,461,0.5669863026739416,0.0069740785660245,0.0,0.0,0.06718549327102011,0,80,36880
lookahead_only,462,0.5669083076301674,0.00707206689967721,0.0,0.0,0.022067032377018486,0,80,36960
lookahead_only,463,0.5669873678620325,0.006975746164741392,0.0,0.0,0.06323859181538022,0,80,37040
lookahead_only,464,0.5670273541095767,0.006856073633045412,0.0,0.0,0.03975768154308982,0,80,37120
lookahead_only,465,0.5670217995760044,0.006870783503116318,0.0,0.0,-0.016152374446605767,0,80,37200
lookahead_only,466,0.5671501542537835,0.006524686975535987,0.0,0.0,0.06244215343838776,0,80,37280
lookahead_only,467,0.567039084215872,0.006804424311340651,0.0,0.0,-0.011179571803278353,0,80,37360
lookahead_only,468,0.5672169979183126,0.006544547968364123,0.0,0.0,-0.06838959916254501,0,80,37440
lookahead_only,469,0.5671608025188504,0.006675703900065111,0.0,0.0,-0.03198999946646304,0,80,37520
lookahead_only,470,0.5671415131415146,0.006854805699056721,0.0,0.0,-0.06147475145060777,0,80,37600
lookahead_only,471,0.5673029306720588,0.0065384634482793524,0.0,0.0,-0.022357099027132697,0,80,37680
lookahead_only,472,0.5673332375469131,0.006482339853427721,0.0,0.0,-0.020055893592547787,0,80,37760
lookahead_only,473,0.5674734997164205,0.006350254327192606,0.0,0.0,-0.06407937317965248,0,80,37840
lookahead_only,474,0.5675824892069464,0.006447712491910562,0.0,0.0,-0.052343510961486324,0,80,37920
lookahead_only,475,0.5676744548160021,0.007484343091879064,0.0,0.0,-0.08768140292593815,0,80,38000
lookahead_only,476,0.5676919535346856,0.007313373290445346,0.0,0.0,0.004492334270657098,0,80,38080
lookahead_only,477,0.5676038582019558,0.007248424717947399,0.0,0.0,0.04216717035801759,0,80,38160
lookahead_only,478,0.5675746205869725,0.007157752992843602,0.0,0.0,0.028901750172124666,0,80,38240
lookahead_only,479,0.5676424336457161,0.007706296660754841,0.0,0.0,-0.1196889566092112,0,80,38320
lookahead_only,480,0.5674822920179903,0.00758763858884115,0.0,0.0,0.04342115703325884,0,80,38400
lookahead_only,481,0.567418478413828,0.00708502576936465,0.0,0.0,0.11762294931553657,0,80,38480
lookahead_only,482,0.5676724980823563,0.006562888879591,0.0,0.0,0.05017799729091046,0,80,38560
lookahead_only,483,0.5677141840510436,0.006579747834167149,0.0,0.0,0.07752874211889502,0,80,38640
lookahead_only,484,0.567633715436579,0.006515832258942589,0.0,0.0,0.1054702902898611,0,80,38720
lookahead_only,485,0.5675722084709373,0.006583311838866179,0.0,0.0,-0.007814468471543271,0,80,38800
lookahead_only,486,0.5675029965230354,0.006616033700426405,0.0,0.0,-0.012133299229715781,0,80,38880
lookahead_only,487,0.5677596880869766,0.006545271474331815,0.0,0.0,0.017372241010369178,0,80,38960
lookahead_only,488,0.5678885239541556,0.006636662947954841,0.0,0.0,-0.04549980495004665,0,80,39040
lookahead_only,489,0.5678838054457712,0.0070540677058194,0.0,0.0,-0.023950412440923594,0,80,39120
lookahead_only,490,0.5677439015434953,0.007098262484007911,0.0,0.0,0.028975790350645868,0,80,39200
lookahead_only,491,0.5677886344805414,0.007412822491965176,0.0,0.0,-0.04700488373720404,0,80,39280
lookahead_only,492,0.5676440913011084,0.007380508386737872,0.0,0.0,-0.07669327959923532,0,80,39360
lookahead_only,493,0.5678226768672109,0.007701357637932671,0.0,0.0,-0.060707420877370674,0,80,39440
lookahead_only,494,0.5676448475834399,0.007522164105999152,0.0,0.0,0.013865240144745224,0,80,39520
lookahead_only,495,0.5674854636010784,0.006998048280470681,0.0,0.0,0.0948039796892398,0,80,39600
lookahead_only,496,0.5677135849695828,0.007788556418773074,0.0,0.0,-0.13785840791931292,0,80,39680
lookahead_only,497,0.5677666956045534,0.007729950693142751,0.0,0.0,0.009811335676927256,0,80,39760
lookahead_only,498,0.5676090847077445,0.007420574007188763,0.0,0.0,0.010011617436477957,0,80,39840
lookahead_only,499,0.5675431329697166,0.0076589712199643945,0.0,0.0,-0.08973684832022903,0,80,39920
lookahead_only,500,0.5675800018188817,0.007985715106971325,0.0,0.0,-0.012784362907579975,0,80,40000
lookahead_only,501,0.5676548313202054,0.00848653971690183,0.0,0.0,-0.04356917306756371,0,80,40080
lookahead_only,502,0.567603466293609,0.008370471799444057,0.0,0.0,-0.0883840818474695,0,80,40160
lookahead_only,503,0.5675135807774048,0.00820626222576315,0.0,0.0,0.07636535143307259,0,80,40240
lookahead_only,504,0.5675281403799025,0.007665828775653805,0.0,0.0,0.0012132039427096882,0,80,40320
lookahead_only,505,0.5675095302113575,0.007804783486594746,0.0,0.0,-0.035064067758354724,0,80,40400
lookahead_only,506,0.5674777021316623,0.007902274706504175,0.0,0.0,-0.0021689908987716803,0,80,40480
lookahead_only,507,0.5674683526543128,0.00820425528288904,0.0,0.0,0.01874969624691095,0,80,40560
lookahead_only,508,0.5674517186139979,0.008143219584836214,0.0,0.0,0.021507300019621475,0,80,40640
lookahead_only,509,0.5673651548601664,0.007878537033401467,0.0,0.0,0.07978683724359577,0,80,40720
lookahead_only,510,0.5674930452260808,0.007432433646890724,0.0,0.0,0.09978058880702882,0,80,40800
lookahead_only,511,0.5675859840094307,0.007201278445337578,0.0,0.0,0.07819707455427927,0,80,40880
lookahead_only,512,0.5675023489617959,0.007475507732410458,0.0,0.0,-0.05328358832122728,0,80,40960
lookahead_only,513,0.5674694280771254,0.007371565738578889,0.0,0.0,0.046698543419983224,0,80,41040
lookahead_only,514,0.5676489757122622,0.007069296236809408,0.0,0.0,0.04805961909045876,0,80,41120
lookahead_only,515,0.5674953720337803,0.007056375190629183,0.0,0.0,0.08163557921033526,0,80,41200
lookahead_only,516,0.5675708457488761,0.0068504197690585356,0.0,0.0,0.016932256601603766,0,80,41280
lookahead_only,517,0.5677450849293191,0.006536452193114384,0.0,0.0,-0.09055748375803675,0,80,41360
lookahead_only,518,0.5678256884925487,0.006388605027728977,0.0,0.0,0.0036960538742966415,0,80,41440
lookahead_only,519,0.5679735333459123,0.006076054856961166,0.0,0.0,0.06721247169921116,0,80,41520
lookahead_only,520,0.5681952094859384,0.005519105463713814,0.0,0.0,0.08847511184602437,0,80,41600
lookahead_only,521,0.5684495981668531,0.006147796586110421,0.0,0.0,0.0005565898419093819,0,80,41680
lookahead_only,522,0.5687540525561108,0.006492544430439784,0.0,0.0,-0.05748890037446596,0,80,41760
lookahead_only,523,0.568463793750355,0.006256680535402737,0.0,0.0,-0.0752239570167075,0,80,41840
lookahead_only,524,0.5683720058129936,0.005975653513311641,0.0,0.0,0.0577518262121857,0,80,41920
lookahead_only,525,0.5683272816269122,0.005970186278060008,0.0,0.0,0.07372475498835719,0,80,42000
lookahead_only,526,0.5682570651227681,0.005874958474583858,0.0,0.0,-0.05248247175927802,0,80,42080
lookahead_only,527,0.5684088322031003,0.005843775884419533,0.0,0.0,0.049117853708012436,0,80,42160
lookahead_only,528,0.5686213738178902,0.005508405995309995,0.0,0.0,-0.0025423931325765526,0,80,42240
lookahead_only,529,0.5685794628852882,0.005537220405619436,0.0,0.0,-0.09049192028264187,0,80,42320
lookahead_only,530,0.5685202761249325,0.005413507713624477,0.0,0.0,-0.018937300541331255,0,80,42400
lookahead_only,531,0.5685590097062242,0.005158958028498639,0.0,0.0,0.10330390749567533,0,80,42480
lookahead_only,532,0.5686586484337843,0.005215431576573448,0.0,0.0,0.0968116781314591,0,80,42560
lookahead_only,533,0.5685647346821601,0.004898101694224999,0.0,0.0,0.03234656322396125,0,80,42640
lookahead_only,534,0.5683458118321717,0.004800712722897393,0.0,0.0,0.07330150746388762,0,80,42720
lookahead_only,535,0.5684743928320151,0.005228662629915393,0.0,0.0,0.004380022943783595,0,80,42800
lookahead_only,536,0.568367011372614,0.005311804165249123,0.0,0.0,-0.08454147864237734,0,80,42880
lookahead_only,537,0.5684136355401744,0.004953676415383024,0.0,0.0,0.091139926780614,0,80,42960
lookahead_only,538,0.5683262815187569,0.005291639591828545,0.0,0.0,-0.037570380269055965,0,80,43040
lookahead_only,539,0.5683966355661086,0.005563559215579605,0.0,0.0,0.000844804886683298,0,80,43120
lookahead_only,540,0.5683939233579186,0.005632394909409033,0.0,0.0,-0.02038634474504244,0,80,43200
lookahead_only,541,0.5683959987722459,0.006063628035715585,0.0,0.0,-0.08514738744357656,0,80,43280
lookahead_only,542,0.5681922019403552,0.0062089384844581375,0.0,0.0,-0.015036015371550915,0,80,43360
lookahead_only,543,0.5682949084324256,0.005798957474372757,0.0,0.0,0.0033142595753977654,0,80,43440
lookahead_only,544,0.5685812638017961,0.006533665923851628,0.0,0.0,-0.19150024712343144,0,80,43520
lookahead_only,545,0.5685967605765996,0.00614883747278594,0.0,0.0,-0.06408625302942775,0,80,43600
lookahead_only,546,0.5685687983147221,0.005620516774798134,0.0,0.0,-0.05901833770269132,0,80,43680
lookahead_only,547,0.5684811155265411,0.005697996570698138,0.0,0.0,-0.023813269918752527,0,80,43760
lookahead_only,548,0.5683093421518556,0.00544067642896473,0.0,0.0,0.05010872240583473,0,80,43840
lookahead_only,549,0.568282616252669,0.005603089339844991,0.0,0.0,-0.006354028329685259,0,80,43920
lookahead_only,550,0.5681607467427714,0.005496002484630114,0.0,0.0,-0.006374291700335323,0,80,44000
lookahead_only,551,0.5680727685015001,0.00531717403927634,0.0,0.0,-0.011555457909834515,0,80,44080
lookahead_only,552,0.5680494996560245,0.005140055741174376,0.0,0.0,0.0024040815262800354,0,80,44160
lookahead_only,553,0.5682440405987392,0.005526990336394699,0.0,0.0,-0.07100166930804694,0,80,44240
lookahead_only,554,0.5682875496387169,0.005618492363294703,0.0,0.0,0.05365254416410839,0,80,44320
lookahead_only,555,0.5685226449102049,0.005746101482300814,0.0,0.0,-0.01856935130260624,0,80,44400
lookahead_only,556,0.5685270593858196,0.005762058942397008,0.0,0.0,0.06815444277131316,0,80,44480
lookahead_only,557,0.5685408561496615,0.005851995561816259,0.0,0.0,0.1140319776366835,0,80,44560
lookahead_only,558,0.5687732923609594,0.00593500884510223,0.0,0.0,0.02822345534362493,0,80,44640
lookahead_only,559,0.5687731598127989,0.00583303969715987,0.0,0.0,0.04212567266684833,0,80,44720
lookahead_only,560,0.5686393337285301,0.005684167812402663,0.0,0.0,-0.04057035861029767,0,80,44800
lookahead_only,561,0.5687698829327897,0.005695392469428406,0.0,0.0,-0.0447258766191857,0,80,44880
lookahead_only,562,0.5687479686205782,0.00500339834019603,0.0,0.0,0.008875531154479853,0,80,44960
lookahead_only,563,0.568790597063967,0.00468522683092798,0.0,0.0,0.03041573665988436,0,80,45040
lookahead_only,564,0.5684187500347574,0.004355887562840555,0.0,0.0,0.07953226961157252,0,80,45120
lookahead_only,565,0.5683412396757322,0.0044649758079261526,0.0,0.0,0.08564191027305279,0,80,45200
lookahead_only,566,0.568725557934907,0.00403137261103681,0.0,0.0,-0.053780894538821684,0,80,45280
lookahead_only,567,0.5686321614103995,0.004030094404348317,0.0,0.0,-0.046647565726945735,0,80,45360
lookahead_only,568,0.5686113371657251,0.004001655742754462,0.0,0.0,-0.09260764373330331,0,80,45440
lookahead_only,569,0.5684399290881764,0.004271440280845473,0.0,0.0,0.09079022722170063,0,80,45520
lookahead_only,570,0.5684441157715862,0.0042987142277337576,0.0,0.0,0.12037223372870366,0,80,45600
lookahead_only,571,0.5685165420377576,0.004327897103422296,0.0,0.0,-0.047185403269838236,0,80,45680
lookahead_only,572,0.5686011969280573,0.0042292430058954444,0.0,0.0,0.06305542187362839,0,80,45760
lookahead_only,573,0.5688230032575792,0.004107316267591754,0.0,0.0,-0.058894520567678056,0,80,45840
lookahead_only,574,0.5689684531932058,0.004209471154103195,0.0,0.0,-0.07037716785757413,0,80,45920
lookahead_only,575,0.5689019133393864,0.00402416304237696,0.0,0.0,0.0010116895696117858,0,80,46000
lookahead_only,576,0.5688569429856692,0.004216942775928434,0.0,0.0,0.06600806894684379,0,80,46080
lookahead_only,577,0.5690309699166338,0.004366908807307057,0.0,0.0,-0.02591591032206292,0,80,46160
lookahead_only,578,0.5689746828740107,0.004245700206070402,0.0,0.0,-0.00408070725385116,0,80,46240
lookahead_only,579,0.568896088527905,0.0045246552358042536,0.0,0.0,-0.06656742897182946,0,80,46320
lookahead_only,580,0.5689723231779383,0.004463817458604025,0.0,0.0,0.0033535671953814753,0,80,46400
lookahead_only,581,0.5689447733077735,0.004316953352894171,0.0,0.0,-0.016916863783194395,0,80,46480
lookahead_only,582,0.5690462003293398,0.004476633356044868,0.0,0.0,-0.03360270630777298,0,80,46560
lookahead_only,583,0.5692975675181768,0.004353582745578177,0.0,0.0,0.08172515804045954,0,80,46640
lookahead_only,584,0.5692912664190768,0.004195488284361559,0.0,0.0,0.02709794156012465,0,80,46720
lookahead_only,585,0.5693985586527044,0.0038587945046516525,0.0,0.0,0.02247912229270056,0,80,46800
lookahead_only,586,0.5692804312893042,0.003822285254341806,0.0,0.0,-0.03295823816050347,0,80,46880
lookahead_only,587,0.5693046372941686,0.0038921775496471023,0.0,0.0,-0.02964531603268954,0,80,46960
lookahead_only,588,0.569363022525156,0.004066150452564421,0.0,0.0,-0.06410241552609747,0,80,47040
lookahead_only,589,0.5692892685616766,0.004433506140128163,0.0,0.0,-0.06968644562123866,0,80,47120
lookahead_only,590,0.5693595675493672,0.004449557562028694,0.0,0.0,-0.014914021455412605,0,80,47200
lookahead_only,591,0.5695022957644488,0.0039744271537534015,0.0,0.0,0.04851275746787169,0,80,47280
lookahead_only,592,0.5695769028723326,0.004204553345611428,0.0,0.0,-0.03913566028235683,0,80,47360
lookahead_only,593,0.5695682517163179,0.004406619832650227,0.0,0.0,-0.06420820952726379,0,80,47440
lookahead_only,594,0.5694066751265502,0.004725289397666366,0.0,0.0,0.05965800294838333,0,80,47520
lookahead_only,595,0.5695173002433924,0.004791771684310775,0.0,0.0,-0.027911841444288585,0,80,47600
lookahead_only,596,0.5698596455565317,0.004939701647463601,0.0,0.0,-0.021377081258538794,0,80,47680
lookahead_only,597,0.569943528146023,0.005100964265108643,0.0,0.0,-0.04818322216559172,0,80,47760
lookahead_only,598,0.5698937841478452,0.005004050029904228,0.0,0.0,-0.0026132248856066136,0,80,47840
lookahead_only,599,0.5699976354710556,0.005061806725913498,0.0,0.0,0.0009347432348479432,0,80,47920
lookahead_only,600,0.569708841481199,0.004705847181407763,0.0,0.0,0.05567743809980676,0,80,48000
lookahead_only,601,0.5696469731251547,0.004436046737944843,0.9,0.0,0.9687180791246767,0,80,48080
lookahead_only,602,0.5695447467701511,0.004624593062395266,0.9,0.0,0.8698099308667885,0,80,48160
lookahead_only,603,0.5694878844224098,0.004226337498962618,0.9,0.0,0.971449670619271,0,80,48240
lookahead_only,604,0.5692762931135766,0.004189509534523017,0.9,0.0,0.9704897955983074,0,80,48320
lookahead_only,605,0.5692886611741657,0.004446529792136222,0.9,0.0,0.8916697036483398,0,80,48400
lookahead_only,606,0.5692101687534786,0.004090889450126367,0.9,0.0,0.9695134457271165,0,80,48480
lookahead_only,607,0.5693371309832507,0.004649455988319007,0.9,0.0,0.7523582829572958,0,80,48560
lookahead_only,608,0.5694423995548017,0.004608966213666799,0.9,0.0,0.8669029744001017,0,80,48640
lookahead_only,609,0.5693244905231677,0.004538671127448768,0.9,0.0,0.9963325327337812,0,80,48720
lookahead_only,610,0.5692091286742658,0.004054801048988588,0.9,0.0,0.8985296338489768,0,80,48800
lookahead_only,611,0.5693750703463903,0.0036544529212897414,0.9,0.0,0.9380048707678794,0,80,48880
lookahead_only,612,0.5696386008707243,0.004000891422710651,0.9,0.0,0.9085982952105576,0,80,48960
lookahead_only,613,0.5695124369979052,0.003960056539543899,0.9,0.0,0.938082961972046,0,80,49040
lookahead_only,614,0.5694773220004253,0.003668980317379944,0.9,0.0,0.7807335317008186,0,80,49120
lookahead_only,615,0.5694205840734842,0.003463337521493415,0.9,0.0,0.9319308389469377,0,80,49200
lookahead_only,616,0.5695613133938708,0.0035410147498707856,0.9,0.0,0.8904189010119717,0,80,49280
lookahead_only,617,0.5694311598326256,0.003860408321034514,0.9,0.0,0.834157963811873,0,80,49360
lookahead_only,618,0.5693793903423096,0.0038276825546460502,0.9,0.0,0.8453295828024905,0,80,49440
lookahead_only,619,0.5693275403476945,0.003966786663189503,0.9,0.0,0.9248849648484361,0,80,49520
lookahead_only,620,0.5693847131093097,0.003927365601504418,0.9,0.0,0.9566956348882963,0,80,49600
lookahead_only,621,0.5693826771912053,0.003836536775040811,0.9,0.0,0.9111648266418196,0,80,49680
lookahead_only,622,0.5693407513440061,0.0041050822163540834,0.9,0.0,0.8612941436326578,0,80,49760
lookahead_only,623,0.5692682235771284,0.0038958936509130293,0.9,0.0,0.8735315539328876,0,80,49840
lookahead_only,624,0.5692747886441502,0.0038410507057740073,0.9,0.0,0.8748370896485121,0,80,49920
lookahead_only,625,0.569200271285482,0.00435633769703303,0.9,0.0,1.0390109044529992,0,80,50000
lookahead_only,626,0.5691496522621083,0.004115601232041133,0.9,0.0,0.9355189380908352,0,80,50080
lookahead_only,627,0.5691035668311856,0.004231005234954899,0.9,0.0,0.839914596483317,0,80,50160
lookahead_only,628,0.5689153374012459,0.004438292563960777,0.9,0.0,0.8609936493316978,0,80,50240
lookahead_only,629,0.5690041571844954,0.004406451173571635,0.9,0.0,0.9520300890302239,0,80,50320
lookahead_only,630,0.5690010837826898,0.004457686750254042,0.9,0.0,0.8773760346381468,0,80,50400
lookahead_only,631,0.569182976859906,0.004653629030456519,0.9,0.0,0.8873261062409714,0,80,50480
lookahead_only,632,0.5691402086297532,0.004537158370928274,0.9,0.0,0.8900661341493095,0,80,50560
lookahead_only,633,0.5690436933994049,0.004691304946365493,0.9,0.0,0.9123794448857422,0,80,50640
lookahead_only,634,0.569029980501956,0.004458508353396673,0.9,0.0,0.7968831791617611,0,80,50720
lookahead_only,635,0.5688903250376826,0.004634870165013516,0.9,0.0,0.8643544247511321,0,80,50800
lookahead_only,636,0.5687565139623018,0.0046400974752423,0.9,0.0,0.9379965497519944,0,80,50880
lookahead_only,637,0.5687506537725298,0.00470425343411951,0.9,0.0,1.0050623376067431,0,80,50960
lookahead_only,638,0.5686992935101833,0.0043927636426377425,0.9,0.0,0.923833984146889,0,80,51040
lookahead_only,639,0.5686557136340028,0.004374741093436718,0.9,0.0,0.8817143233068769,0,80,51120
lookahead_only,640,0.5686275466533176,0.004298211752339132,0.9,0.0,0.8684006112579306,0,80,51200
lookahead_only,641,0.5686966874477053,0.0043331706783222845,0.9,0.0,0.9039964684323153,0,80,51280
lookahead_only,642,0.5685497436457484,0.004340330941225656,0.9,0.0,1.0182314529889935,0,80,51360
lookahead_only,643,0.5684323796294413,0.004437100574269381,0.9,0.0,1.0041768303840601,0,80,51440
lookahead_only,644,0.5683872200366707,0.00460921881334575,0.9,0.0,0.8981333872667462,0,80,51520
lookahead_only,645,0.5684305548187828,0.004455345246931586,0.9,0.0,0.9174845179965548,0,80,51600
lookahead_only,646,0.5685875890280878,0.0044775565540342566,0.9,0.0,0.9117349008140407,0,80,51680
lookahead_only,647,0.5685129383759127,0.004269657955598083,0.9,0.0,1.0237610111297821,0,80,51760
lookahead_only,648,0.5683503061506142,0.004412093466744316,0.9,0.0,0.9531692995833623,0,80,51840
lookahead_only,649,0.568345501853486,0.004401676728894577,0.9,0.0,0.8902766128953249,0,80,51920
lookahead_only,650,0.5682326097395544,0.004579504815898305,0.9,0.0,0.8266676422786435,0,80,52000
lookahead_only,651,0.5686022685210403,0.004031661726392244,0.9,0.0,0.9078873115314023,0,80,52080
lookahead_only,652,0.5683807524514977,0.004280573499653828,0.9,0.0,0.9002020659983639,0,80,52160
lookahead_only,653,0.5685117787057591,0.004283153624974556,0.9,0.0,0.773646421611447,0,80,52240
lookahead_only,654,0.5686422586579404,0.004369160149924389,0.9,0.0,0.8441521453099425,0,80,52320
lookahead_only,655,0.5685614960916499,0.004316311307714371,0.9,0.0,0.9139604648359402,0,80,52400
lookahead_only,656,0.5685653889728162,0.004188502060029631,0.9,0.0,0.9231147639348466,0,80,52480
lookahead_only,657,0.5685547713417782,0.004224124991184075,0.9,0.0,0.7814319572031422,0,80,52560
lookahead_only,658,0.5686066507067501,0.004118300291307442,0.9,0.0,0.9527365226957345,0,80,52640
lookahead_only,659,0.5684767976713253,0.004279356012577118,0.9,0.0,0.9269487758384104,0,80,52720
lookahead_only,660,0.5684853482408383,0.0042224440120125495,0.9,0.0,0.8751366401565244,0,80,52800
lookahead_only,661,0.568628055326169,0.0041220793669217715,0.9,0.0,0.8686873248621988,0,80,52880
lookahead_only,662,0.5688404405403188,0.003943775929715954,0.9,0.0,0.8708785453067899,0,80,52960
lookahead_only,663,0.568759982445377,0.003806806021034226,0.9,0.0,0.976616888006773,0,80,53040
lookahead_only,664,0.5687549100485677,0.0037873074160654774,0.9,0.0,0.8395682780252758,0,80,53120
lookahead_only,665,0.5685950862160373,0.003925115394966983,0.9,0.0,0.9999423921877939,0,80,53200
lookahead_only,666,0.5686577432131414,0.0038695069889440603,0.9,0.0,0.8561169002732765,0,80,53280
lookahead_only,667,0.5686812283410995,0.0038563350766647186,0.9,0.0,0.9039508937869656,0,80,53360
lookahead_only,668,0.5686386021401826,0.003960374592333338,0.9,0.0,0.8821876595202287,0,80,53440
lookahead_only,669,0.5686333929744314,0.004053429734811487,0.9,0.0,0.8698002455116243,0,80,53520
lookahead_only,670,0.5686593661337135,0.004035906883322005,0.9,0.0,0.8845935180980344,0,80,53600
lookahead_only,671,0.5685163886721576,0.004188531006610319,0.9,0.0,0.9521887477504658,0,80,53680
lookahead_only,672,0.5685404418047694,0.004207566275395758,0.9,0.0,0.8554045916722364,0,80,53760
lookahead_only,673,0.5685530427883503,0.00424833499306998,0.9,0.0,0.8625824498730092,0,80,53840
lookahead_only,674,0.5686645762343872,0.004122587603544892,0.9,0.0,0.9047018036647689,0,80,53920
lookahead_only,675,0.5684509608013505,0.004415134735349269,0.9,0.0,1.0743286678299078,0,80,54000
lookahead_only,676,0.5685408068843832,0.004301975614810272,0.9,0.0,0.8396092788946247,0,80,54080
lookahead_only,677,0.5685280853974043,0.004224220688296199,0.9,0.0,0.9761563402429484,0,80,54160
lookahead_only,678,0.5685550760588421,0.004269877039161707,0.9,0.0,0.8884508362952982,0,80,54240
lookahead_only,679,0.5682996224800076,0.004725357980548961,0.9,0.0,0.9712427928015818,0,80,54320
lookahead_only,680,0.5682185364260777,0.004909617115781417,0.9,0.0,0.9267596492770835,0,80,54400
lookahead_only,681,0.5682295585346077,0.004898430174002377,0.9,0.0,0.8697548208948545,0,80,54480
lookahead_only,682,0.568134424461028,0.0049838183024143445,0.9,0.0,0.883628413576113,0,80,54560
lookahead_only,683,0.5681646919827882,0.005006147229038027,0.9,0.0,0.8336795057768972,0,80,54640
lookahead_only,684,0.5680934653049318,0.0051377316488820934,0.9,0.0,0.888649528570626,0,80,54720
lookahead_only,685,0.5681172428432072,0.005110204877788682,0.9,0.0,0.8274242740655348,0,80,54800
lookahead_only,686,0.5681523761682448,0.00528689753902245,0.9,0.0,0.7397379096301928,0,80,54880
lookahead_only,687,0.5680519375712967,0.00546359609192526,0.9,0.0,0.8626304410627101,0,80,54960
lookahead_only,688,0.5681804782927804,0.0052365127575243475,0.9,0.0,0.9082578469205946,0,80,55040
lookahead_only,689,0.5680778837123972,0.005444009765891655,0.9,0.0,0.8645016663943976,0,80,55120
lookahead_only,690,0.5679060594225418,0.0057633961631256,0.9,0.0,0.9081414970105135,0,80,55200
lookahead_only,691,0.5680039549134862,0.005602347813092434,0.9,0.0,0.8170615561033701,0,80,55280
lookahead_only,692,0.5677264582067234,0.006129133813001508,0.9,0.0,1.0137234670914625,0,80,55360
lookahead_only,693,0.567911568856045,0.005777722380893691,0.9,0.0,0.9388054642037493,0,80,55440
lookahead_only,694,0.5677616786140394,0.006055906372643971,0.9,0.0,0.9542144350962922,0,80,55520
lookahead_only,695,0.5676379972056701,0.006466498746851457,0.9,0.0,0.8515747831003432,0,80,55600
lookahead_only,696,0.5677018360291902,0.006436012232352573,0.9,0.0,0.8957975670232061,0,80,55680
lookahead_only,697,0.567699791966188,0.0063955908980658505,0.9,0.0,0.8835391347913659,0,80,55760
lookahead_only,698,0.5677974774491805,0.006220798116358672,0.9,0.0,0.9351036289703125,0,80,55840
lookahead_only,699,0.5678071149379701,0.006042455551827364,0.9,0.0,0.8834041549453514,0,80,55920
lookahead_only,700,0.5679778822582188,0.005801950087838792,0.9,0.0,0.8589092299841068,0,80,56000
lookahead_only,701,0.5681335346946379,0.005496373675803912,0.9,0.0,0.9107443112769118,0,80,56080
lookahead_only,702,0.5683854012459046,0.005049211728187952,0.9,0.0,0.8388113952071375,0,80,56160
lookahead_only,703,0.5683542131020688,0.005039342585696827,0.9,0.0,0.865143358275068,0,80,56240
lookahead_only,704,0.5682317637456343,0.00520555628611874,0.9,0.0,0.9302887176338286,0,80,56320
lookahead_only,705,0.5681932608233834,0.0052600851549340355,0.9,0.0,0.8775131934240806,0,80,56400
lookahead_only,706,0.5680891818789775,0.0053099062430701505,0.9,0.0,1.0261361499444246,0,80,56480
lookahead_only,707,0.5680544176352005,0.005488958790199394,0.9,0.0,0.8472343093989048,0,80,56560
lookahead_only,708,0.5681323660421033,0.005494773724198709,0.9,0.0,0.9056913757886557,0,80,56640
lookahead_only,709,0.5683179134569958,0.005248197766042462,0.9,0.0,0.7943617080886284,0,80,56720
lookahead_only,710,0.5682098490987868,0.0054270395448087205,0.9,0.0,0.9187382874747909,0,80,56800
lookahead_only,711,0.5681133556378309,0.005481738228661492,0.9,0.0,1.003761721386106,0,80,56880
lookahead_only,712,0.5681950307663157,0.005333076927056424,0.9,0.0,0.867997028664539,0,80,56960
lookahead_only,713,0.5682379713324588,0.005313643267326196,0.9,0.0,0.9034728602584708,0,80,57040
lookahead_only,714,0.5681615754042377,0.005483715978455872,0.9,0.0,0.9271760232657119,0,80,57120
lookahead_only,715,0.5679808887334552,0.005855349331434168,0.9,0.0,0.9440151132007242,0,80,57200
lookahead_only,716,0.5676676564460579,0.006429861474046561,0.9,0.0,0.9001399571541664,0,80,57280
lookahead_only,717,0.5678241907182834,0.006119617622523332,0.9,0.0,0.7792638389694251,0,80,57360
lookahead_only,718,0.5679159617823059,0.006023427459339814,0.9,0.0,0.8694368817871581,0,80,57440
lookahead_only,719,0.5682486107552872,0.005379956371944439,0.9,0.0,0.8562536525439525,0,80,57520
lookahead_only,720,0.5681883101620645,0.005393967405392663,0.9,0.0,0.9260760296504087,0,80,57600
lookahead_only,721,0.5682203924925215,0.005443577691111701,0.9,0.0,0.8097700679687357,0,80,57680
lookahead_only,722,0.568128919323739,0.0056107185488672995,0.9,0.0,0.865708381580431,0,80,57760
lookahead_only,723,0.5680870875705062,0.0056941184489847085,0.9,0.0,0.8143000052084994,0,80,57840
lookahead_only,724,0.5681396857311445,0.005580402217145619,0.9,0.0,0.93643547383187,0,80,57920
lookahead_only,725,0.5679988088714113,0.0057941256138714925,0.9,0.0,0.9766633945282095,0,80,58000
lookahead_only,726,0.5680428587695848,0.005810201686747174,0.9,0.0,0.8733761642040355,0,80,58080
lookahead_only,727,0.5679889949484812,0.006058585023861474,0.9,0.0,0.8270717858096742,0,80,58160
lookahead_only,728,0.5680529520722474,0.005871019015390444,0.9,0.0,0.8912401916090169,0,80,58240
lookahead_only,729,0.5682058527651755,0.00566556586111544,0.9,0.0,0.7965656487662915,0,80,58320
lookahead_only,730,0.568230983735129,0.005584076704295171,0.9,0.0,0.8600109834484719,0,80,58400
lookahead_only,731,0.5681180359085101,0.005837458687064756,0.9,0.0,0.8812632293464806,0,80,58480
lookahead_only,732,0.5682026741487999,0.005773910189782239,0.9,0.0,0.9231456292617043,0,80,58560
lookahead_only,733,0.5680014050234767,0.006019394248896748,0.9,0.0,1.0118655580376186,0,80,58640
lookahead_only,734,0.5678605252267012,0.006437163421990411,0.9,0.0,1.0344975303167683,0,80,58720
lookahead_only,735,0.5678711809104309,0.006566910076048926,0.9,0.0,0.8485592996279768,0,80,58800
lookahead_only,736,0.5679739726657977,0.006416724565817988,0.9,0.0,0.8475146766877806,0,80,58880
lookahead_only,737,0.5679093563738719,0.006589253471065759,0.9,0.0,0.8533494880038471,0,80,58960
lookahead_only,738,0.5679743674376234,0.006521602029311402,0.9,0.0,0.8651821965680558,0,80,59040
lookahead_only,739,0.5679779735429872,0.006501773323635884,0.9,0.0,0.9812526379529759,0,80,59120
lookahead_only,740,0.5679111396730845,0.006636025740903939,0.9,0.0,1.0421174092464653,0,80,59200
lookahead_only,741,0.5680112640031129,0.0063077221502240155,0.9,0.0,0.8669717980999434,0,80,59280
lookahead_only,742,0.5680121783785695,0.0063581090584214905,0.9,0.0,0.8274199636097598,0,80,59360
lookahead_only,743,0.5680472239974181,0.006303749438198225,0.9,0.0,0.9439623476403344,0,80,59440
lookahead_only,744,0.5679488572368004,0.006520020673470017,0.9,0.0,0.9248350009708602,0,80,59520
lookahead_only,745,0.5680484241012947,0.006190508557839203,0.9,0.0,0.9618202042105405,0,80,59600
lookahead_only,746,0.5681398826167843,0.006095823188245975,0.9,0.0,0.9734298404195139,0,80,59680
lookahead_only,747,0.5682335376595969,0.005732033182897944,0.9,0.0,0.9446873381276436,0,80,59760
lookahead_only,748,0.5682769863507207,0.0056907042518489215,0.9,0.0,0.8369422545833872,0,80,59840
lookahead_only,749,0.5682351458665946,0.005721538686185079,0.9,0.0,0.9411403615974879,0,80,59920
lookahead_only,750,0.5681572348616989,0.005767238357544002,0.9,0.0,0.9459528986792778,0,80,60000
lookahead_only,751,0.5681063443562282,0.0058243388174897825,0.9,0.0,0.8961435444324803,0,80,60080
lookahead_only,752,0.5681938417364439,0.005633982483047362,0.9,0.0,0.8564742592301923,0,80,60160
lookahead_only,753,0.5682369966058906,0.0055746905030655824,0.9,0.0,0.8678294439569135,0,80,60240
lookahead_only,754,0.5682585092858565,0.005591240395341868,0.9,0.0,0.868479333337294,0,80,60320
lookahead_only,755,0.5682416449872086,0.005485938939196244,0.9,0.0,0.9316572381484279,0,80,60400
lookahead_only,756,0.5681484516820672,0.005619730995447436,0.9,0.0,0.8770331760878001,0,80,60480
lookahead_only,757,0.5681045017452584,0.00562732485324724,0.9,0.0,0.961033346218743,0,80,60560
lookahead_only,758,0.5681430358028279,0.005666840132058315,0.9,0.0,0.8974783005267264,0,80,60640
lookahead_only,759,0.5680872423309743,0.005709637447314009,0.9,0.0,0.9513062987667354,0,80,60720
lookahead_only,760,0.5681581115040336,0.005666474146413969,0.9,0.0,0.7636769324917457,0,80,60800
lookahead_only,761,0.5679928642846154,0.0058814757213419,0.9,0.0,0.9955285692760452,0,80,60880
lookahead_only,762,0.5680296253901291,0.005721137801669163,0.9,0.0,1.0153387937197038,0,80,60960
lookahead_only,763,0.5681752723222518,0.00548705279772832,0.9,0.0,0.8637952942906705,0,80,61040
lookahead_only,764,0.5681856012332844,0.005425949468596647,0.9,0.0,0.8917280560348954,0,80,61120
lookahead_only,765,0.568037988655313,0.005573846921855807,0.9,0.0,1.015644218078235,0,80,61200
lookahead_only,766,0.5678239272734735,0.005832883825561241,0.9,0.0,1.0366785751816747,0,80,61280
lookahead_only,767,0.5678985960207734,0.005702559068508584,0.9,0.0,0.8223901322631509,0,80,61360
lookahead_only,768,0.5678060546100477,0.00583701657632385,0.9,0.0,0.8687447801245256,0,80,61440
lookahead_only,769,0.5677713044218535,0.005937676800695013,0.9,0.0,0.9047217142839319,0,80,61520
lookahead_only,770,0.567704680760649,0.0059973659493414155,0.9,0.0,0.898022385413219,0,80,61600
lookahead_only,771,0.5676138338041462,0.006067497500355623,0.9,0.0,0.8946335762179409,0,80,61680
lookahead_only,772,0.5677115410803161,0.005858578874869069,0.9,0.0,0.9886471661803503,0,80,61760
lookahead_only,773,0.5678069232709857,0.005640947317634093,0.9,0.0,0.9336022146771433,0,80,61840
lookahead_only,774,0.5678861390486212,0.005392853294422184,0.9,0.0,0.9454123070704534,0,80,61920
lookahead_only,775,0.5679801931068738,0.005219121992159903,0.9,0.0,0.8716343918458327,0,80,62000
lookahead_only,776,0.5679887067709468,0.005337159445744755,0.9,0.0,0.8591728416561286,0,80,62080
lookahead_only,777,0.5679450429603191,0.005357975664530112,0.9,0.0,0.8564302429896767,0,80,62160
lookahead_only,778,0.5679065027493082,0.005470714650467334,0.9,0.0,0.8865437692211331,0,80,62240
lookahead_only,779,0.5681015323105012,0.005284771529324717,0.9,0.0,0.8083146223137592,0,80,62320
lookahead_only,780,0.5680644659299137,0.0052881952859475945,0.9,0.0,1.0032598479282353,0,80,62400
lookahead_only,781,0.5678852940397382,0.005654959133594484,0.9,0.0,0.907029979919689,0,80,62480
lookahead_only,782,0.5680044832677553,0.005511258621267667,0.9,0.0,0.8091413982924449,0,80,62560
lookahead_only,783,0.5679750526201367,0.005603241115172408,0.9,0.0,0.944730446936055,0,80,62640
lookahead_only,784,0.5678491427900471,0.005757535684547066,0.9,0.0,0.9150601213060736,0,80,62720
lookahead_only,785,0.5681017752610528,0.0052477411807649865,0.9,0.0,1.0118560330332622,0,80,62800
lookahead_only,786,0.5682761188851003,0.004922449323032541,0.9,0.0,0.8492347610474943,0,80,62880
lookahead_only,787,0.5684106065951244,0.004741411414886709,0.9,0.0,0.9557155209207947,0,80,62960
lookahead_only,788,0.568294614858259,0.004958067485085982,0.9,0.0,0.9326807232966028,0,80,63040
lookahead_only,789,0.5683902065470227,0.0048162114122966004,0.9,0.0,0.8706452046720623,0,80,63120
lookahead_only,790,0.5683546268829004,0.005007654669395012,0.9,0.0,0.708958437490957,0,80,63200
lookahead_only,791,0.5682916315079458,0.005128710697679173,0.9,0.0,0.8821991795505842,0,80,63280
lookahead_only,792,0.5683594405920459,0.005048505368208112,0.9,0.0,0.8674220730463678,0,80,63360
lookahead_only,793,0.5683687376982974,0.005072059827174957,0.9,0.0,0.8770183947191535,0,80,63440
lookahead_only,794,0.5683690247452186,0.004962534441154021,0.9,0.0,0.9707096002292435,0,80,63520
lookahead_only,795,0.5683620252482607,0.004867975416441794,0.9,0.0,1.0148199030230365,0,80,63600
lookahead_only,796,0.5682447800807163,0.005115604347232905,0.9,0.0,0.9796402554288586,0,80,63680
lookahead_only,797,0.5685411186244307,0.004674686870407063,0.9,0.0,0.8116043112174416,0,80,63760
lookahead_only,798,0.5685529155005213,0.004582851016675327,0.9,0.0,0.9184433875680278,0,80,63840
lookahead_only,799,0.5684469778640999,0.004749195990913946,0.9,0.0,0.8930569832629358,0,80,63920
lookahead_only,800,0.5687031594489801,0.004426382349145497,0.9,0.0,0.8598018815945363,0,80,64000
lookahead_only,801,0.5687893886865718,0.004271087568869181,0.9,0.0,0.9300294596597407,0,80,64080
lookahead_only,802,0.5687979119177083,0.00431372286118803,0.9,0.0,0.9764196141262076,0,80,64160
lookahead_only,803,0.5688172296435743,0.004356439108939347,0.9,0.0,0.9066185039075633,0,80,64240
lookahead_only,804,0.5689247360565696,0.004186546043955741,0.9,0.0,0.8677363400382906,0,80,64320
lookahead_only,805,0.5688637210918848,0.004295311559938342,0.9,0.0,0.9231035600175916,0,80,64400
lookahead_only,806,0.5690389383133324,0.004153339015491864,0.9,0.0,0.8992369730593975,0,80,64480
lookahead_only,807,0.5689037316335543,0.004411389568958701,0.9,0.0,0.9078359540983031,0,80,64560
lookahead_only,808,0.5688563589213183,0.004349728744827086,0.9,0.0,0.9492872290719827,0,80,64640
lookahead_only,809,0.5688725748705097,0.004397462654669115,0.9,0.0,0.8808272856680511,0,80,64720
lookahead_only,810,0.5689113919826266,0.004258475987155896,0.9,0.0,0.994024898731679,0,80,64800
lookahead_only,811,0.5690737285725113,0.004061819919974008,0.9,0.0,0.7924021292302389,0,80,64880
lookahead_only,812,0.5690751645489139,0.004037399462423097,0.9,0.0,0.9143748955259067,0,80,64960
lookahead_only,813,0.5692002801948203,0.003875645560702745,0.9,0.0,0.9595365953922834,0,80,65040
lookahead_only,814,0.5690883033228148,0.003988058191565114,0.9,0.0,0.7760553719129544,0,80,65120
lookahead_only,815,0.5690942891647752,0.003997905060741158,0.9,0.0,0.8568985744026848,0,80,65200
lookahead_only,816,0.5694587861649596,0.0034684208589229604,0.9,0.0,0.8039477434552585,0,80,65280
lookahead_only,817,0.5696965046658267,0.003059503401443897,0.9,0.0,0.9036552903290769,0,80,65360
lookahead_only,818,0.5698304029204205,0.0028798792760923453,0.9,0.0,0.9306608159617049,0,80,65440
lookahead_only,819,0.5699641404332246,0.0027578452097406503,0.9,0.0,0.8601977434650708,0,80,65520
lookahead_only,820,0.5698267006490176,0.0029092331006320693,0.9,0.0,0.9312678131165357,0,80,65600
lookahead_only,821,0.5698256541685062,0.0028632243082771236,0.9,0.0,0.9025164087616874,0,80,65680
lookahead_only,822,0.5698223107629344,0.0029308398763912002,0.9,0.0,0.8339621876690682,0,80,65760
lookahead_only,823,0.5700060099856857,0.002731058182350865,0.9,0.0,0.8749573367118739,0,80,65840
lookahead_only,824,0.5698547948283729,0.0029309323875928994,0.9,0.0,0.9129591219668136,0,80,65920
lookahead_only,825,0.5698423483075966,0.002984636399268048,0.9,0.0,0.87258038146608,0,80,66000
lookahead_only,826,0.5699650746807112,0.002889462790905184,0.9,0.0,0.9436811323934307,0,80,66080
lookahead_only,827,0.5697776053657555,0.003155178365811584,0.9,0.0,0.9488744190821413,0,80,66160
lookahead_only,828,0.5699365391446376,0.0029421875244208806,0.9,0.0,0.8570975883193295,0,80,66240
lookahead_only,829,0.5697829387758275,0.003059707301490522,0.9,0.0,0.8959433663559685,0,80,66320
lookahead_only,830,0.5696857779965031,0.0032326177934541844,0.9,0.0,0.9677320029742442,0,80,66400
lookahead_only,831,0.569702433006454,0.0031385925392007907,0.9,0.0,0.9383777296987,0,80,66480
lookahead_only,832,0.5695688484204514,0.0033084315126929997,0.9,0.0,0.9816177697545382,0,80,66560
lookahead_only,833,0.5696124909067091,0.0032009968452789694,0.9,0.0,0.9923917158859912,0,80,66640
lookahead_only,834,0.5695990803135199,0.003203104826635772,0.9,0.0,0.909779593199602,0,80,66720
lookahead_only,835,0.569480576342551,0.0033885331120320217,0.9,0.0,0.946702071915187,0,80,66800
lookahead_only,836,0.5694618496747285,0.003496022163693824,0.9,0.0,0.8326324279930688,0,80,66880
lookahead_only,837,0.5692896439722713,0.003656179685743166,0.9,0.0,0.9866457578043055,0,80,66960
lookahead_only,838,0.5692199189079282,0.0038023934586408625,0.9,0.0,0.9098763490005163,0,80,67040
lookahead_only,839,0.5694434123916449,0.0035104145322043534,0.9,0.0,0.8502760570597023,0,80,67120
lookahead_only,840,0.5694947522659785,0.003534153996423428,0.9,0.0,0.8730579565913889,0,80,67200
lookahead_only,841,0.569471627657376,0.0034227742053205557,0.9,0.0,0.9810292442204643,0,80,67280
lookahead_only,842,0.5695973686813838,0.003274585365548144,0.9,0.0,0.8059614366289961,0,80,67360
lookahead_only,843,0.5697509746519935,0.0030827879205467257,0.9,0.0,0.849231441082805,0,80,67440
lookahead_only,844,0.5699435107452052,0.002859016038989526,0.9,0.0,0.8002759122335645,0,80,67520
lookahead_only,845,0.5701809921603936,0.002520452017289565,0.9,0.0,1.0026324262865483,0,80,67600
lookahead_only,846,0.5703207792117887,0.0028010117552036418,0.9,0.0,0.8379632933393499,0,80,67680
lookahead_only,847,0.5703245837798565,0.0029588755699803126,0.9,0.0,0.8788339685313742,0,80,67760
lookahead_only,848,0.5704860189545993,0.003248917431776688,0.9,0.0,0.8399309218205145,0,80,67840
lookahead_only,849,0.5706065799622408,0.0033369188135227157,0.9,0.0,1.0029021892113694,0,80,67920
lookahead_only,850,0.5703601567864639,0.0032153434050437024,0.9,0.0,0.9136251649589293,0,80,68000
lookahead_only,851,0.5701556096155577,0.0032894142744648303,0.9,0.0,0.8580630803953723,0,80,68080
lookahead_only,852,0.5702452988342667,0.0036055986014522645,0.9,0.0,0.8645333895167231,0,80,68160
lookahead_only,853,0.5705691756677509,0.003945538191689857,0.9,0.0,0.8434535843346254,0,80,68240
lookahead_only,854,0.5706812648372692,0.0042398825398842765,0.9,0.0,0.8499797473900451,0,80,68320
lookahead_only,855,0.5707980967687425,0.004012126756210654,0.9,0.0,0.9150653697771757,0,80,68400
lookahead_only,856,0.5708544465557962,0.004152811597021189,0.9,0.0,0.9604874740032454,0,80,68480
lookahead_only,857,0.5710514306113963,0.004423223783308727,0.9,0.0,0.8777781089828951,0,80,68560
lookahead_only,858,0.5711794617101228,0.005048913005659128,0.9,0.0,0.8652157941515398,0,80,68640
lookahead_only,859,0.5712163412684244,0.004437776622506329,0.9,0.0,0.8696425472391659,0,80,68720
lookahead_only,860,0.5709297949903154,0.00435262811556425,0.9,0.0,0.9772153481739515,0,80,68800
lookahead_only,861,0.5710773259882858,0.004528327928533971,0.9,0.0,0.847978918521817,0,80,68880
lookahead_only,862,0.5709995249730005,0.004186487411197648,0.9,0.0,1.0646538997754114,0,80,68960
lookahead_only,863,0.5710937293126358,0.003962288511878298,0.9,0.0,0.8730169606033404,0,80,69040
lookahead_only,864,0.5713179801988992,0.0039025727210501016,0.9,0.0,0.925590610123882,0,80,69120
lookahead_only,865,0.5713303843796285,0.004021180491879828,0.9,0.0,0.8545714074684687,0,80,69200
lookahead_only,866,0.5715338932905805,0.0046268844218664285,0.9,0.0,0.9429774841374068,0,80,69280
lookahead_only,867,0.571687247556376,0.004880082552744414,0.9,0.0,0.9566390865909925,0,80,69360
lookahead_only,868,0.5718316020146447,0.004998016198726973,0.9,0.0,0.9110561687965302,0,80,69440
lookahead_only,869,0.5720047711726005,0.004564210245479927,0.9,0.0,0.8140446299399043,0,80,69520
lookahead_only,870,0.5717528183327276,0.005003999517798063,0.9,0.0,1.0768027990128362,0,80,69600
lookahead_only,871,0.5714786891535006,0.005158393978956566,0.9,0.0,0.9822477134021083,0,80,69680
lookahead_only,872,0.5715649413284138,0.004952759457049427,0.9,0.0,0.897613979858117,0,80,69760
lookahead_only,873,0.5716066186325542,0.0053067168577564106,0.9,0.0,0.902966320806299,0,80,69840
lookahead_only,874,0.571563140374244,0.0048440846862373155,0.9,0.0,0.8437487679699794,0,80,69920
lookahead_only,875,0.5715389289276652,0.004445175991835804,0.9,0.0,0.83915905064253,0,80,70000
lookahead_only,876,0.5714417226237182,0.00434214772711472,0.9,0.0,0.9766452688359293,0,80,70080
lookahead_only,877,0.5715268177389862,0.004376123165412693,0.9,0.0,0.9190462272629112,0,80,70160
lookahead_only,878,0.5715052372331318,0.004950750727729325,0.9,0.0,0.8947528016973526,0,80,70240
lookahead_only,879,0.5716588967128206,0.004711565957295494,0.9,0.0,0.8607861878732268,0,80,70320
lookahead_only,880,0.5715503574393944,0.0044959476322363745,0.9,0.0,0.9297373459799407,0,80,70400
lookahead_only,881,0.5713041609386627,0.0038500054679528883,0.9,0.0,1.0036815130992571,0,80,70480
lookahead_only,882,0.5711983852910059,0.003704354305199664,0.9,0.0,0.8860574337937958,0,80,70560
lookahead_only,883,0.5714940473499065,0.0040921287010278196,0.9,0.0,0.8471985373841883,0,80,70640
lookahead_only,884,0.571563089070483,0.004214701085349715,0.9,0.0,0.8589097400921953,0,80,70720
lookahead_only,885,0.5714460003132201,0.0039062485596751406,0.9,0.0,0.9384913015198607,0,80,70800
lookahead_only,886,0.571285174146052,0.0038941547211561733,0.9,0.0,0.888866809429528,0,80,70880
lookahead_only,887,0.5714103919644979,0.00403383882441033,0.9,0.0,0.986228506331415,0,80,70960
lookahead_only,888,0.571207307337715,0.003884649402745577,0.9,0.0,1.0093293077158405,0,80,71040
lookahead_only,889,0.5711464121559029,0.004243214716308175,0.9,0.0,0.9251234279476991,0,80,71120
lookahead_only,890,0.5711104168814237,0.003947772847694431,0.9,0.0,0.9612701684088035,0,80,71200
lookahead_only,891,0.5711886998552593,0.003700235576312494,0.9,0.0,0.8247785966903693,0,80,71280
lookahead_only,892,0.5711735814697616,0.0038535877224490367,0.9,0.0,0.9680044628874757,0,80,71360
lookahead_only,893,0.5711458891856227,0.004347339259104133,0.9,0.0,0.9455312936030764,0,80,71440
lookahead_only,894,0.571372520163334,0.004584251591460031,0.9,0.0,0.9223570716179672,0,80,71520
lookahead_only,895,0.5713179102669514,0.004632863597292536,0.9,0.0,0.9829451393546224,0,80,71600
lookahead_only,896,0.5713758358877208,0.004726777548481498,0.9,0.0,0.9238902575381357,0,80,71680
lookahead_only,897,0.5713918194806672,0.0051170107846271184,0.9,0.0,0.9434518506439368,0,80,71760
lookahead_only,898,0.5711907631602491,0.005479786019033095,0.9,0.0,0.9718025353296085,0,80,71840
lookahead_only,899,0.5713808478179999,0.005010927699666268,0.9,0.0,0.8206707032743559,0,80,71920
lookahead_only,900,0.5714936953499397,0.0054740671273681984,0.9,0.0,0.9644608318362038,0,80,72000
lookahead_only,901,0.5717277211693755,0.005149659822353603,0.9,0.0,0.7695711017293241,0,80,72080
lookahead_only,902,0.571661916913288,0.005040247851758051,0.9,0.0,0.820762717051525,0,80,72160
lookahead_only,903,0.5716439543584048,0.004814741425233193,0.9,0.0,0.8148754602112491,0,80,72240
lookahead_only,904,0.5714104132197487,0.005077731806478525,0.9,0.0,0.9969178263522603,0,80,72320
lookahead_only,905,0.5714152100931462,0.005051884928210293,0.9,0.0,0.9253820122493249,0,80,72400
lookahead_only,906,0.5715557707288715,0.004902729236905379,0.9,0.0,0.8357983877499575,0,80,72480
lookahead_only,907,0.5715390401495205,0.004965067733603612,0.9,0.0,0.9098704337349052,0,80,72560
lookahead_only,908,0.5716012242877142,0.004948918286253323,0.9,0.0,0.8921934807287458,0,80,72640
lookahead_only,909,0.571753030818098,0.005485138332182338,0.9,0.0,0.9081726639973365,0,80,72720
lookahead_only,910,0.5719496820102932,0.005239123940708135,0.9,0.0,0.8417673926974497,0,80,72800
lookahead_only,911,0.5718203036097105,0.005336491694913348,0.9,0.0,0.9760334229489904,0,80,72880
lookahead_only,912,0.5719563274088088,0.004845313347354385,0.9,0.0,0.8986255460488061,0,80,72960
lookahead_only,913,0.5722774764219334,0.004766460096071512,0.9,0.0,0.7671933287938197,0,80,73040
lookahead_only,914,0.572263230174759,0.0049873982164432284,0.9,0.0,0.8623882533968914,0,80,73120
lookahead_only,915,0.5722670457054782,0.004569015004013188,0.9,0.0,0.8425561818193761,0,80,73200
lookahead_only,916,0.572211975851969,0.004842514375723472,0.9,0.0,0.880730936663601,0,80,73280
lookahead_only,917,0.5723773035706271,0.004531514700937045,0.9,0.0,0.825521406440168,0,80,73360
lookahead_only,918,0.5721585876554297,0.0044093802840375895,0.9,0.0,0.9503682359733933,0,80,73440
lookahead_only,919,0.572171406490669,0.004693945153678825,0.9,0.0,0.8626244601511837,0,80,73520
lookahead_only,920,0.5721273219075279,0.004879053934512267,0.9,0.0,0.9292070390116797,0,80,73600
lookahead_only,921,0.5720291712404668,0.00521021970309854,0.9,0.0,0.9757165528215777,0,80,73680
lookahead_only,922,0.572042386110301,0.004726048385998327,0.9,0.0,0.8618731001112316,0,80,73760
lookahead_only,923,0.5721466935189229,0.004915194059709083,0.9,0.0,0.9014920655222419,0,80,73840
lookahead_only,924,0.5722223572940733,0.004867591144981032,0.9,0.0,0.9174111247094372,0,80,73920
lookahead_only,925,0.5721445355264462,0.0048048051874249875,0.9,0.0,0.8376543715707647,0,80,74000
lookahead_only,926,0.5722407023489179,0.004892897284999753,0.9,0.0,0.8267971780015693,0,80,74080
lookahead_only,927,0.5721843336590089,0.005019144692799071,0.9,0.0,0.923184642456658,0,80,74160
lookahead_only,928,0.5721994547731403,0.004904656319061118,0.9,0.0,0.9115204425399024,0,80,74240
lookahead_only,929,0.5723340548832072,0.005403826826451685,0.9,0.0,0.9371243175171764,0,80,74320
lookahead_only,930,0.5723496080314366,0.005160465391671254,0.9,0.0,0.9061629720519252,0,80,74400
lookahead_only,931,0.5721297973917332,0.005251740243165326,0.9,0.0,0.9526393175167772,0,80,74480
lookahead_only,932,0.5719059952389972,0.004968218139125513,0.9,0.0,0.8987228292793712,0,80,74560
lookahead_only,933,0.5719083365952341,0.005166590317165487,0.9,0.0,0.9689646458057973,0,80,74640
lookahead_only,934,0.5719422621741208,0.005402403575950121,0.9,0.0,0.9455191111304762,0,80,74720
lookahead_only,935,0.5719527232812041,0.005800453913695325,0.9,0.0,0.9183221729743758,0,80,74800
lookahead_only,936,0.5720197440993554,0.005267835551705513,0.9,0.0,0.786323407762825,0,80,74880
lookahead_only,937,0.5721744017858669,0.005058840372659912,0.9,0.0,0.8533822274908538,0,80,74960
lookahead_only,938,0.5724074563389013,0.004762929290318296,0.9,0.0,0.7633721303416874,0,80,75040
lookahead_only,939,0.5722455184766089,0.004628490108424033,0.9,0.0,0.9462424231068488,0,80,75120
lookahead_only,940,0.5720936428443504,0.004859856579174093,0.9,0.0,0.9465079031660683,0,80,75200
lookahead_only,941,0.5717691421996839,0.0047428526324431175,0.9,0.0,0.9528052597429114,0,80,75280
lookahead_only,942,0.571810948211521,0.00515145993842836,0.9,0.0,1.0197729905078547,0,80,75360
lookahead_only,943,0.571588172822148,0.0049969922186801075,0.9,0.0,0.9200729228243089,0,80,75440
lookahead_only,944,0.5718593131392117,0.005447835216834784,0.9,0.0,0.8487680324771711,0,80,75520
lookahead_only,945,0.5720209367529929,0.005668323419671939,0.9,0.0,0.8835299886409691,0,80,75600
lookahead_only,946,0.5720025356439814,0.005348174481980328,0.9,0.0,0.8754148084783199,0,80,75680
lookahead_only,947,0.5719423631428358,0.0054352907564860775,0.9,0.0,0.9727290233091485,0,80,75760
lookahead_only,948,0.5718584018401216,0.005310992836872641,0.9,0.0,0.9499481502463656,0,80,75840
lookahead_only,949,0.5719439233246635,0.005599804643983686,0.9,0.0,0.8756555335575162,0,80,75920
lookahead_only,950,0.5719995839679961,0.005744048048854755,0.9,0.0,0.9340489258552569,0,80,76000
lookahead_only,951,0.5718057672182015,0.005690842105005145,0.9,0.0,0.8185951701332588,0,80,76080
lookahead_only,952,0.571884644447378,0.005427816853318501,0.9,0.0,0.8619651061252714,0,80,76160
lookahead_only,953,0.5719831644394191,0.0060007979098362085,0.9,0.0,0.9296094961432054,0,80,76240
lookahead_only,954,0.5721103886200787,0.006025844304143879,0.9,0.0,0.8222555892562797,0,80,76320
lookahead_only,955,0.5721265820849882,0.005846293722886697,0.9,0.0,0.8769599117817588,0,80,76400
lookahead_only,956,0.571963697006577,0.005797089291885604,0.9,0.0,0.903178921968086,0,80,76480
lookahead_only,957,0.5719393624610476,0.005492925641256696,0.9,0.0,0.9005052231902797,0,80,76560
lookahead_only,958,0.5719543524167021,0.005498037284053514,0.9,0.0,0.9342757894540813,0,80,76640
lookahead_only,959,0.5719379055694628,0.005459260219070394,0.9,0.0,0.8479869795015326,0,80,76720
lookahead_only,960,0.5718098152707282,0.005815247125807943,0.9,0.0,0.9660657047362996,0,80,76800
lookahead_only,961,0.5714287225287751,0.006132274515313063,0.9,0.0,0.9980667757719281,0,80,76880
lookahead_only,962,0.5714801649760637,0.005969401738434632,0.9,0.0,0.8531965377120596,0,80,76960
lookahead_only,963,0.5715488939101004,0.005781716010020865,0.9,0.0,0.9346089282368459,0,80,77040
lookahead_only,964,0.5716473341650035,0.0055863890367932045,0.9,0.0,0.7627203697088065,0,80,77120
lookahead_only,965,0.5716397650083817,0.005592286076906872,0.9,0.0,0.9582107528303342,0,80,77200
lookahead_only,966,0.5715050652375996,0.005350800947143242,0.9,0.0,0.8844299138375568,0,80,77280
lookahead_only,967,0.5715745011232781,0.005207903649576462,0.9,0.0,0.8755028352408198,0,80,77360
lookahead_only,968,0.5713944441147607,0.005371608002795014,0.9,0.0,0.9089534647069554,0,80,77440
lookahead_only,969,0.571296154576641,0.005003431528295077,0.9,0.0,0.8466998087924519,0,80,77520
lookahead_only,970,0.5711954651550883,0.0052700875422297955,0.9,0.0,0.9167397364214214,0,80,77600
lookahead_only,971,0.5710742171833155,0.005779592926599131,0.9,0.0,0.9937629825398362,0,80,77680
lookahead_only,972,0.5711570495466955,0.0058818798593531785,0.9,0.0,0.8866283620662394,0,80,77760
lookahead_only,973,0.5709297712690086,0.005760056609153907,0.9,0.0,0.9088426985054807,0,80,77840
lookahead_only,974,0.5710040649625866,0.005676401581820478,0.9,0.0,0.7949898466146498,0,80,77920
lookahead_only,975,0.5711037684671894,0.005297948257745544,0.9,0.0,0.9278471804817003,0,80,78000
lookahead_only,976,0.571104032816115,0.00527936584229638,0.9,0.0,0.8542838659991276,0,80,78080
lookahead_only,977,0.5709968093928762,0.005725589033583667,0.9,0.0,0.9395627514060308,0,80,78160
lookahead_only,978,0.5711624355519641,0.005307156921621092,0.9,0.0,0.8714836173439252,0,80,78240
lookahead_only,979,0.5713778508955031,0.005161671038849236,0.9,0.0,0.8908895801204907,0,80,78320
lookahead_only,980,0.571360624396688,0.004888801183188907,0.9,0.0,0.87562132375253,0,80,78400
lookahead_only,981,0.5715040684117136,0.005102229614749931,0.9,0.0,0.8449953283878464,0,80,78480
lookahead_only,982,0.5716596269661172,0.005448572714286559,0.9,0.0,0.7647342912359517,0,80,78560
lookahead_only,983,0.5716763141244801,0.005296741349349099,0.9,0.0,0.9751872278465578,0,80,78640
lookahead_only,984,0.5718033000286095,0.00555674148936125,0.9,0.0,0.8832053016547246,0,80,78720
lookahead_only,985,0.5716536494617773,0.0052030873811472755,0.9,0.0,0.9347630697116815,0,80,78800
lookahead_only,986,0.5714475576034834,0.004834006246998146,0.9,0.0,0.9673032765800011,0,80,78880
lookahead_only,987,0.5714264490465998,0.004472519508454953,0.9,0.0,0.7499388741534281,0,80,78960
lookahead_only,988,0.5714700982497285,0.004371299468196366,0.9,0.0,0.9259935133672872,0,80,79040
lookahead_only,989,0.5715155176615617,0.004290308852186953,0.9,0.0,0.834513045800819,0,80,79120
lookahead_only,990,0.5714603895674282,0.004153459817360816,0.9,0.0,0.9221960233676134,0,80,79200
lookahead_only,991,0.5713209881211758,0.004218535705338811,0.9,0.0,0.8714912797057421,0,80,79280
lookahead_only,992,0.5716325662617768,0.004476817011189849,0.9,0.0,0.7964570502405324,0,80,79360
lookahead_only,993,0.5715806691819458,0.004836531263089694,0.9,0.0,0.9701904457050762,0,80,79440
lookahead_only,994,0.5716637336774542,0.0050361570669519296,0.9,0.0,0.7813449596859074,0,80,79520
lookahead_only,995,0.5714479085559246,0.0048467425375050555,0.9,0.0,0.8718320725074821,0,80,79600
lookahead_only,996,0.5712718140412555,0.004354368855590152,0.9,0.0,1.0025914660574617,0,80,79680
lookahead_only,997,0.5712614302229745,0.004289100119605038,0.9,0.0,0.8817007502432579,0,80,79760
lookahead_only,998,0.5713438194961717,0.004359761866231104,0.9,0.0,0.8586839858940631,0,80,79840
lookahead_only,999,0.5715942811961522,0.004584419444942367,0.9,0.0,0.8192701542255306,0,80,79920
lookahead_only,1000,0.5716038383160345,0.004753932537276961,0.9,0.0,0.8440089123429569,0,80,80000
