schedule,t,reward,gap,beta_true,beta_hat,cert,cert_hp,n_cal,n_mon,cum_aud,xi_sq,exp3_arm,exp3_p,exp3_loss
high,1,0.5458936339871655,0.03891603656652298,0.0,-0.03154267787450021,3.927705686278038,25.683537681245888,250,25,275,3.6193828610050076,,,
high,2,0.5461075548411938,0.03882874558413085,0.0,-0.02306541712672343,5.465484141162668,27.22131613613052,250,25,550,7.538840353273421,,,
high,3,0.546069567196283,0.038889623372556636,0.0,0.009284296676331585,2.157572018221525,23.913404013189375,250,25,825,1.2740158861625126,,,
high,4,0.5462678592289767,0.038857905998697206,0.0,0.008756721469986883,1.943099044046191,23.69893103901404,250,25,1100,1.3496680047971958,,,
high,5,0.5465906499132912,0.038141595088766356,0.0,-0.050424427394171585,2.0537306348475832,23.80956262981543,250,25,1375,1.4048560776892471,,,
high,6,0.5468727286432132,0.03785045550179578,0.0,-0.031687348435395946,2.0175156636023774,23.773347658570227,250,25,1650,1.0842288061370264,,,
high,7,0.547117051479636,0.03759496342406121,0.0,0.01538964550022923,3.3798366365803933,25.135668631548242,250,25,1925,3.6070440986460706,,,
high,8,0.5471896973288399,0.03727218973236368,0.0,-0.006906930564604979,3.6252691793794742,25.38110117434732,250,25,2200,3.6419163253629647,,,
high,9,0.547561366702158,0.03641779567634451,0.0,-0.07703067931372767,3.907091973172223,25.66292396814007,250,25,2475,3.605830911450181,,,
high,10,0.5477297925132949,0.03599556703617168,0.0,-0.016864450839078404,4.010307220441355,25.766139215409204,250,25,2750,3.2507367067743327,,,
high,11,0.547916485281135,0.03569775343265458,0.0,0.07327063669697617,2.0821577403170743,23.837989735284925,250,25,3025,1.0478678876718686,,,
high,12,0.547893709631175,0.03556856608294445,0.0,0.022732352617308802,3.443535203123759,25.199367198091608,250,25,3300,3.7480762600234128,,,
high,13,0.5482407245849129,0.035216517555031635,0.0,-0.015870781018682646,2.1548227124839916,23.91065470745184,250,25,3575,1.107232408242809,,,
high,14,0.5484068284680476,0.03477339510119304,0.0,0.03688637617413423,2.1289420683673046,23.884774063335154,250,25,3850,1.1192558621667499,,,
high,15,0.5487295839403502,0.03403686943637485,0.0,-0.09951429154617532,2.0934311144510978,23.849263109418946,250,25,4125,1.5603093711932778,,,
high,16,0.5488817435550886,0.03361283588880126,0.0,0.04305065239067656,2.264037449610938,24.019869444578788,250,25,4400,1.3190987631705733,,,
high,17,0.5489378287654284,0.033562217314148546,0.0,0.06258375752382128,2.087402048644649,23.843234043612497,250,25,4675,1.3297506343408323,,,
high,18,0.5489282144622799,0.033769053499157486,0.0,-0.05428076102318594,1.9212107346890173,23.677042729656865,250,25,4950,1.1144040665374648,,,
high,19,0.5491334326045653,0.03359038610598264,0.0,-0.01774887808588414,3.743301004771256,25.499132999739103,250,25,5225,3.794866492039632,,,
high,20,0.549314950200603,0.032964343465617496,0.0,0.07837783237424692,2.1181534219247724,23.873985416892623,250,25,5500,1.2450168534507882,,,
high,21,0.5495227863598648,0.032821099508634766,0.0,-0.002021243485839387,1.836596462996583,23.59242845796443,250,25,5775,1.082468053902355,,,
high,22,0.5495267498432175,0.032810215907712825,0.0,0.03674213137718054,3.5745880924727502,25.3304200874406,250,25,6050,2.956995972639499,,,
high,23,0.5497943099267629,0.03250989280685068,0.0,-0.022957889027530706,2.0331638674760524,23.7889958624439,250,25,6325,1.5400757851669944,,,
high,24,0.5501867188698479,0.03194145260228287,0.0,-0.03617287158527771,3.247491331149911,25.00332332611776,250,25,6600,3.324603795761532,,,
high,25,0.550193673442454,0.03201656428316979,0.0,0.03364052487379818,2.1185924821737188,23.874424477141567,250,25,6875,1.2724628317392117,,,
high,26,0.5500907852906748,0.032309296531218945,0.0,0.021091561351893304,3.6382259962200885,25.39405799118794,250,25,7150,3.90627536039678,,,
high,27,0.5501510625380854,0.032273014137854106,0.0,-0.03294151514097648,2.1345144968647367,23.890346491832585,250,25,7425,1.412507699992255,,,
high,28,0.5502012498913824,0.03207382815645954,0.0,0.018399225420611145,2.3338455241189204,24.08967751908677,250,25,7700,1.276846812599614,,,
high,29,0.5505818286763133,0.031576016548288344,0.0,-0.02895728063889099,2.2864749719841826,24.042306966952033,250,25,7975,1.2372384187311545,,,
high,30,0.5508107550079134,0.03134303313485087,0.0,-0.08481820129248657,3.89739872267214,25.65323071763999,250,25,8250,4.025930689132029,,,
high,31,0.5510981432692906,0.03080041763721364,0.0,0.00015293248828294293,3.5496763735605015,25.30550836852835,250,25,8525,3.421755180603839,,,
high,32,0.5512868646046228,0.03062302187806798,0.0,-0.025715355872401525,3.4958547463404606,25.25168674130831,250,25,8800,4.364232179237038,,,
high,33,0.5515298471432587,0.030074125372278937,0.0,-0.04466228233220398,5.778696311918258,27.53452830688611,250,25,9075,8.289404066159115,,,
high,34,0.5516252009323779,0.0298731899911876,0.0,0.01300084028646107,2.2400869106397323,23.99591890560758,250,25,9350,1.2357059016978091,,,
high,35,0.5516116935571909,0.030166230688167484,0.0,0.07899087216325257,3.6718865143970394,25.427718509364887,250,25,9625,3.615399137727673,,,
high,36,0.5517094125106541,0.029874361422611573,0.0,-0.02905752221699038,3.5809983895193698,25.336830384487218,250,25,9900,3.436765494696622,,,
high,37,0.5516455587131123,0.03031362938503135,0.0,-0.008571118740412246,2.348675102476397,24.104507097444248,250,25,10175,1.1870353323482683,,,
high,38,0.5517789783025385,0.030036031153003018,0.0,-0.008304825186404513,3.8140193083942577,25.569851303362107,250,25,10450,3.7646833121423624,,,
high,39,0.5518694008191144,0.03012114524187104,0.0,-0.0280995537877096,2.225042160883764,23.980874155851613,250,25,10725,0.9734754722584321,,,
high,40,0.5518739692074498,0.030164872768462914,0.0,-0.0054842894812416184,3.748660357104071,25.50449235207192,250,25,11000,3.2674221167140347,,,
high,41,0.5518469213805939,0.030357367104017707,0.0,-0.01314057284984528,2.0775760826040988,23.83340807757195,250,25,11275,1.2300352640461372,,,
high,42,0.551975910008302,0.03006448668406836,0.0,0.005805467339783893,2.173541953122155,23.929373948090003,250,25,11550,1.3500261657639212,,,
high,43,0.552075686162765,0.029738232763623973,0.0,0.04927951752995835,2.393000141194759,24.148832136162607,250,25,11825,0.8277157454584837,,,
high,44,0.5520116816288569,0.029980981739907042,0.0,0.024100996310778982,3.540233251863342,25.29606524683119,250,25,12100,3.8656184719721067,,,
high,45,0.5522135593343642,0.02961142585627352,0.0,-0.05191388663975896,3.6756644127529077,25.431496407720758,250,25,12375,3.963712107009872,,,
high,46,0.5524776458640184,0.02891771461525905,0.0,-0.026459594540158563,2.3714389981273434,24.12727099309519,250,25,12650,1.168781686219451,,,
high,47,0.5527506613127787,0.028560846327727707,0.0,-0.06265313086909807,3.783511766064054,25.5393437610319,250,25,12925,3.260708355098961,,,
high,48,0.552894471996517,0.028372228553325773,0.0,0.023895095162522858,2.084080621852095,23.839912616819944,250,25,13200,1.0732565496318989,,,
high,49,0.5530219667151455,0.028309372376546738,0.0,-0.00906543750080769,3.5638237177850938,25.319655712752944,250,25,13475,3.5573729475557334,,,
high,50,0.5532318756541355,0.027798083894483683,0.0,-0.013657274640840654,5.142134866304466,26.897966861272316,250,25,13750,6.8425525776452645,,,
high,51,0.5532956028634738,0.02794325289853694,0.0,-0.038343494509611276,2.301661795257237,24.057493790225088,250,25,14025,1.147632090070188,,,
high,52,0.5533467873747313,0.027973416366320336,0.0,0.007128720020750228,2.1513752092374854,23.907207204205335,250,25,14300,1.2150842979047909,,,
high,53,0.553372266438538,0.028274689186117863,0.0,-0.015947917673417016,2.1154457474343253,23.871277742402174,250,25,14575,1.37141959890929,,,
high,54,0.5534774555602952,0.027790087821067955,0.0,0.02119958401452343,3.68050904236638,25.43634103733423,250,25,14850,3.5151781465360243,,,
high,55,0.553519389848631,0.02785236832241922,0.0,-0.017917668143495314,3.578527684314507,25.334359679282358,250,25,15125,2.976596980880731,,,
high,56,0.553739405937659,0.02748340789799697,0.0,-0.0028062506517019374,2.0774258934374865,23.833257888405335,250,25,15400,1.3721060523125128,,,
high,57,0.5538676139634067,0.027015636210376726,0.0,-0.061596797366842745,2.2661394449389953,24.021971439906846,250,25,15675,1.1344674135755652,,,
high,58,0.5537991757968449,0.027075226672546138,0.0,-0.008173554181635729,4.9792088768091975,26.735040871777045,250,25,15950,6.595339011104443,,,
high,59,0.554015672419174,0.02664463646719184,0.0,0.006723299122789922,2.065129575392037,23.820961570359884,250,25,16225,1.190706779635326,,,
high,60,0.5541038806665188,0.02645256018716491,0.0,0.014581407590124424,3.9999832328051257,25.755815227772974,250,25,16500,3.545331022935351,,,
high,61,0.5542368887981429,0.026319337894572303,0.0,-0.006199555878637561,3.8276244145602147,25.583456409528065,250,25,16775,3.778537742854298,,,
high,62,0.5541702249697985,0.026395834659613038,0.0,0.09925499219935696,3.634333135415545,25.390165130383394,250,25,17050,3.5729233754618086,,,
high,63,0.5542020086849389,0.026239644697224618,0.0,0.0447755393220242,3.64545933866538,25.401291333633228,250,25,17325,3.627422661492628,,,
high,64,0.5542350169798484,0.026319051757516365,0.0,0.02997853176651821,2.427657383881916,24.183489378849764,250,25,17600,1.4025369014766624,,,
high,65,0.5541322964784245,0.026139440159225757,0.0,0.015934331779184525,2.3945093742877646,24.150341369255614,250,25,17875,1.2876448130885347,,,
high,66,0.5542812494415258,0.02568229402675748,0.0,0.005135766532954727,2.495097498350954,24.250929493318804,250,25,18150,1.2998517948584618,,,
high,67,0.5544023907505081,0.025482655664878284,0.0,0.001988216103069052,3.472574119074669,25.228406114042517,250,25,18425,3.453148012519702,,,
high,68,0.5546855195672254,0.024679986831560252,0.0,-0.03943033307680787,3.657158044056539,25.41299003902439,250,25,18700,4.0837512270980145,,,
high,69,0.5546032922165971,0.02493333565625322,0.0,0.03680768855720912,3.7298001119909423,25.485632106958793,250,25,18975,4.120307764636895,,,
high,70,0.5545892657162519,0.02482953915400732,0.0,0.019019353627606355,2.241807753980363,23.997639748948213,250,25,19250,1.190269918907837,,,
high,71,0.5547624542522437,0.024436165818847888,0.0,-0.001295382175854625,2.012580191455816,23.768412186423664,250,25,19525,1.4108551126923914,,,
high,72,0.5548446556312597,0.0239685335914257,0.0,-0.008559173764496063,2.2973467340683644,24.053178729036212,250,25,19800,1.1901011043177558,,,
high,73,0.5548941482460737,0.023647730167251635,0.0,0.05495409051185776,3.3989875043254263,25.154819499293275,250,25,20075,3.633844465922214,,,
high,74,0.5549667365838321,0.02358789370430947,0.0,0.029423346379037787,2.394015578648467,24.149847573616317,250,25,20350,1.2339542411317637,,,
high,75,0.5549675389284352,0.02369542093120658,0.0,0.02179806288520486,2.3137211423319735,24.069553137299824,250,25,20625,1.198572409265437,,,
high,76,0.5550569424365515,0.02350842949155807,0.0,0.03755297637545137,4.90006053463189,26.65589252959974,250,25,20900,6.979864301130962,,,
high,77,0.5551855325644461,0.023269876235780917,0.0,-0.018224711282573004,2.340066916588232,24.09589891155608,250,25,21175,1.0323970571664067,,,
high,78,0.555147986348406,0.023461174670901586,0.0,0.00488266097968212,5.251536049441211,27.00736804440906,250,25,21450,6.379044454458071,,,
high,79,0.5551463958029805,0.023298443241060673,0.0,0.0846028972890268,3.6931550439189795,25.448987038886827,250,25,21725,3.3933891382363583,,,
high,80,0.5552849907297428,0.02314930303612306,0.0,-0.012930205654890102,4.648537739563883,26.404369734531734,250,25,22000,6.74610289895927,,,
high,81,0.5554201668489591,0.02284202928234047,0.0,0.0020727334041584825,3.518491034097531,25.27432302906538,250,25,22275,3.5316414889351675,,,
high,82,0.5555135096066524,0.022655881570840974,0.0,-0.03585337772191926,5.5376648512865225,27.29349684625437,250,25,22550,6.857924082425295,,,
high,83,0.5554212826261254,0.023257472792032052,0.0,-0.011353660155628699,3.3748871500962956,25.130719145064145,250,25,22825,3.162194889826731,,,
high,84,0.5554372921052464,0.023566539873989267,0.0,-0.003630554980209315,3.34783755527533,25.10366955024318,250,25,23100,3.6622438777194035,,,
high,85,0.5553651370160821,0.023782292140949624,0.0,-0.01682324290423344,3.289445059403212,25.045277054371063,250,25,23375,3.747668960310642,,,
high,86,0.5555439357121267,0.023705815757167126,0.0,0.006651365237446036,2.494917501748458,24.250749496716306,250,25,23650,1.1412991115311049,,,
high,87,0.5555973133966602,0.023649057457109324,0.0,0.03158612591830512,2.14860230010705,23.9044342950749,250,25,23925,1.2869338255497083,,,
high,88,0.5557178482876396,0.023400131012645153,0.0,0.04437022855416101,2.1876817751986124,23.94351377016646,250,25,24200,1.223351606672119,,,
high,89,0.5559298535621467,0.02298083398851014,0.0,-0.005681659165117758,1.976387398796403,23.732219393764254,250,25,24475,1.0803230037180476,,,
high,90,0.5561310247367762,0.022488629963504314,0.0,-0.025677702326802616,5.493281449636607,27.249113444604454,250,25,24750,7.014492889313386,,,
high,91,0.556226261004698,0.022469061472574325,0.0,-0.00047451594224775373,2.3755768150468604,24.131408810014708,250,25,25025,1.2801868130079266,,,
high,92,0.5562808228109547,0.0223441010933344,0.0,0.006359701838317416,2.43696381963417,24.192795814602018,250,25,25300,1.2996589087572494,,,
high,93,0.5564374059340492,0.022318792204520488,0.0,-0.01725909106702224,2.398494846504591,24.15432684147244,250,25,25575,0.9426632771441693,,,
high,94,0.556762451750571,0.02150925499229217,0.0,-0.031200011683202987,2.459855866848682,24.21568786181653,250,25,25850,1.3210704048034043,,,
high,95,0.5569854520069577,0.020834279583426762,0.0,-0.10104841919146411,3.9961057215136018,25.75193771648145,250,25,26125,3.5804430289289315,,,
high,96,0.5569527169811915,0.020806500741497147,0.0,0.04754577485015376,4.5585976506836055,26.314429645651455,250,25,26400,6.9944995749849745,,,
high,97,0.5569507030941011,0.020906387439179386,0.0,0.03907005510062252,2.144678905682667,23.900510900650517,250,25,26675,1.1442413391409918,,,
high,98,0.5571595620968234,0.020558193120467805,0.0,0.0438351735593726,4.154407650835901,25.91023964580375,250,25,26950,3.6971010313558645,,,
high,99,0.5573623409550098,0.02027584992606779,0.0,-0.011589935139470754,1.9692795414049415,23.72511153637279,250,25,27225,1.2087183303525963,,,
high,100,0.5574243201606018,0.020054922379397988,0.0,-0.027066421148645076,4.049190545525119,25.805022540492967,250,25,27500,3.6135610206307436,,,
high,101,0.557405731617146,0.020199656013625833,0.0,0.020531273756490793,0.9851044374994815,22.74093643246733,250,25,27775,0.37478344965575283,,,
high,102,0.5574698720044093,0.020073947987262586,0.0,-0.018100251741885273,3.383774204187328,25.13960619915518,250,25,28050,3.4259156536971362,,,
high,103,0.5573842557529495,0.020306271696780898,0.0,0.0017694416197108931,3.7379706733999023,25.493802668367753,250,25,28325,3.2948589567006956,,,
high,104,0.5573986153641374,0.02034236832289804,0.0,0.0006208809486376576,5.356063814574921,27.11189580954277,250,25,28600,7.031580013535751,,,
high,105,0.5574227558683423,0.020504700532045006,0.0,0.06924900535320362,5.515873254857376,27.271705249825224,250,25,28875,7.454726744434312,,,
high,106,0.5575499551255354,0.02005276335865891,0.0,-0.0201634024067791,4.24217745904812,25.99800945401597,250,25,29150,3.6613719002395517,,,
high,107,0.5575418880566241,0.02019064549692362,0.0,-0.007293988920988686,3.822947539756451,25.5787795347243,250,25,29425,3.5766243995454134,,,
high,108,0.5574330325611749,0.020443721933169456,0.0,0.09139190494571023,1.9259736609947977,23.68180565596265,250,25,29700,1.118991131641089,,,
high,109,0.5575547020735122,0.020136020465788773,0.0,-0.003117030505771709,3.743106086657713,25.49893808162556,250,25,29975,3.553010178102683,,,
high,110,0.5575780556748129,0.02004607274424275,0.0,0.052787241678821505,3.7921498780598277,25.547981873027677,250,25,30250,3.819851903624286,,,
high,111,0.557698614468112,0.019788980434849224,0.0,0.04249329276540025,2.262537082154392,24.01836907712224,250,25,30525,1.038952367706019,,,
high,112,0.5576774285973244,0.02015008703324961,0.0,0.012124721349169547,2.061150503232921,23.81698249820077,250,25,30800,1.5217089647896074,,,
high,113,0.5576263344898589,0.020204636243944973,0.0,0.03772446581706543,3.727407493359488,25.483239488327335,250,25,31075,4.038928542304965,,,
high,114,0.5576197192234336,0.020283497858157196,0.0,-0.014288665307569788,3.7077822155141273,25.46361421048198,250,25,31350,3.204947581507839,,,
high,115,0.5578283283244386,0.019720161140213466,0.0,-0.029165555252446317,2.183399460313136,23.939231455280986,250,25,31625,1.2123513704250033,,,
high,116,0.5580611792492773,0.019205420168259546,0.0,-0.069878112546602,2.4383852086483775,24.194217203616226,250,25,31900,1.052971801031241,,,
high,117,0.5580928980776299,0.019065780679691557,0.0,0.013834379237108093,3.342542490117795,25.098374485085643,250,25,32175,3.5077585249145957,,,
high,118,0.5582028462897822,0.018808640351555828,0.0,0.029433055603476473,3.8043300867451673,25.560162081713017,250,25,32450,2.8544627974540013,,,
high,119,0.5581947552959072,0.0191540245365035,0.0,-0.015242831045690668,3.833187663019262,25.589019657987112,250,25,32725,3.7390511631305317,,,
high,120,0.5583366607337206,0.018596445575988385,0.0,-0.011716231983740182,2.5835211565930574,24.339353151560907,250,25,33000,1.2900231526731163,,,
high,121,0.5585718737445007,0.018151719754544215,0.0,-0.026891981367575736,2.0659582424226333,23.82179023739048,250,25,33275,0.9325076414773692,,,
high,122,0.558849265069478,0.017362256180258107,0.0,-0.049754656088483826,2.0349852724144237,23.790817267382273,250,25,33550,1.5879104354931661,,,
high,123,0.5588714699915776,0.01735262390982939,0.0,0.006099120184204692,2.4739551747161204,24.22978716968397,250,25,33825,1.0223097899428841,,,
high,124,0.5589190876147943,0.017271870204779827,0.0,0.02010586159764684,1.011668457956393,22.767500452924242,250,25,34100,0.45116856930154553,,,
high,125,0.5589700565568635,0.01699750441807224,0.0,0.02904709198986094,1.90144923605313,23.657281231020978,250,25,34375,1.2822510318296276,,,
high,126,0.5590671132012293,0.01675530939515746,0.0,0.030465539918867673,2.9480437762716196,24.703875771239467,250,25,34650,3.2858676025780245,,,
high,127,0.5590310829011198,0.0167851689081846,0.0,0.0516883658566615,3.468538305674634,25.224370300642484,250,25,34925,3.3807022652408323,,,
high,128,0.55904839249117,0.016686571182836563,0.0,0.025497761780590916,1.9462194940945852,23.702051489062434,250,25,35200,1.2231434735232392,,,
high,129,0.5591874474755583,0.01659612222258111,0.0,-0.07356281688812782,1.0111319947600335,22.766963989727884,250,25,35475,0.43025559311948736,,,
high,130,0.5593368996206558,0.016336147751630725,0.0,0.001908866336961829,2.0172333364648907,23.77306533143274,250,25,35750,1.4236706943506527,,,
high,131,0.559295133309913,0.016697251397339574,0.0,0.017591676842130272,3.948543672338455,25.704375667306305,250,25,36025,3.4820158574133604,,,
high,132,0.5595604437604865,0.016306336947007782,0.0,-0.05974786647059711,3.6842464896186162,25.440078484586465,250,25,36300,3.466322884083517,,,
high,133,0.5596283601704992,0.016306079318106792,0.0,-0.028997288647210222,5.414858275210046,27.170690270177893,250,25,36575,7.440810365722232,,,
high,134,0.5595808739967186,0.016335088854315005,0.0,0.019494201136872846,2.4600238943610266,24.215855889328875,250,25,36850,1.1903262584459156,,,
high,135,0.5596587582244155,0.016308503271132757,0.0,0.017142633755322684,1.9421061993653133,23.69793819433316,250,25,37125,1.083509082040027,,,
high,136,0.559707603065143,0.016311238090388702,0.0,0.014405510982134079,5.201812180070179,26.957644175038027,250,25,37400,7.381044606742473,,,
high,137,0.5597807723802338,0.016257942121422286,0.0,-0.04461259642039294,3.53810360628918,25.29393560125703,250,25,37675,4.414858974188474,,,
high,138,0.5597758086971497,0.016510384052995097,0.0,0.04477160793745188,4.629773034298217,26.385605029266067,250,25,37950,7.368482908754741,,,
high,139,0.5597827654045616,0.016228852374349456,0.0,-0.02388887980519821,3.616929929656253,25.3727619246241,250,25,38225,3.586787270418589,,,
high,140,0.5598397884331022,0.016170269093485068,0.0,0.004509140261834597,2.2969669980250464,24.052798992992894,250,25,38500,1.203301592367806,,,
high,141,0.5599301192798046,0.015850001238202682,0.0,0.03441517370883862,3.233997881557336,24.989829876525185,250,25,38775,3.002057055269695,,,
high,142,0.5600214315209643,0.015709523397572367,0.0,-0.01098723398744299,3.6776004097626775,25.433432404730528,250,25,39050,3.3749359528546266,,,
high,143,0.5601645124428337,0.015296677396250513,0.0,0.07409120285070626,2.12768079228858,23.88351278725643,250,25,39325,1.3767690773911592,,,
high,144,0.5601169286830233,0.015415698832777158,0.0,-0.04883564101875888,2.4546754650177482,24.210507459985596,250,25,39600,1.376643975514516,,,
high,145,0.5603745650344063,0.014797768846064763,0.0,-0.00777226408243784,2.0662885887663682,23.82212058373422,250,25,39875,1.6599872367846955,,,
high,146,0.5603528558231214,0.014717766966666046,0.0,-0.010593034916442673,2.4607118435178013,24.21654383848565,250,25,40150,0.9845568870576292,,,
high,147,0.5603517946429081,0.014880551027627309,0.0,-0.043282941800496466,5.694306811031832,27.450138805999682,250,25,40425,7.039737572127825,,,
high,148,0.5602563336254462,0.014991706040918595,0.0,0.008808072326588251,5.634202003698317,27.390033998666166,250,25,40700,6.930129156056767,,,
high,149,0.5605872671155719,0.014487733763976052,0.0,-0.020546074131758525,2.1370932335834225,23.89292522855127,250,25,40975,1.3405043725060537,,,
high,150,0.5604726188337918,0.014683790052521406,0.0,0.004641183798820264,2.832047328861329,24.587879323829178,250,25,41250,1.3148378266425662,,,
high,151,0.5605958304190516,0.01444764166928958,0.0,-0.006696119129430682,1.7895407021042948,23.545372697072143,250,25,41525,1.1216618042391564,,,
high,152,0.5608144919602273,0.013839002646360843,0.0,0.010097013123071005,2.1357855467924725,23.891617541760322,250,25,41800,1.3439970099696568,,,
high,153,0.5608571542651248,0.013838760842865505,0.0,0.023258360260584525,1.8176063061369547,23.573438301104805,250,25,42075,1.1429576909299834,,,
high,154,0.5607094603851851,0.014125242020642914,0.0,-0.0005212532844368196,3.998518727026664,25.754350721994513,250,25,42350,3.812962970871477,,,
high,155,0.5608017905284649,0.01384340170430931,0.0,0.009577176419717405,4.92850774125608,26.68433973622393,250,25,42625,7.218106376232598,,,
high,156,0.5608047402541082,0.013839609833200428,0.0,0.05000162865064282,3.948361828463744,25.704193823431595,250,25,42900,3.3219619366186213,,,
high,157,0.560853349750556,0.013732141235459516,0.0,0.024034866686637055,2.567373264845562,24.32320525981341,250,25,43175,1.2761104060601793,,,
high,158,0.5609799775105136,0.01363425642417404,0.0,-0.046669448131334446,5.099515799491342,26.855347794459192,250,25,43450,7.290258228373778,,,
high,159,0.5609636961290064,0.013818612969267119,0.0,0.015618249331373724,2.972854482141378,24.72868647710923,250,25,43725,3.5536878621988106,,,
high,160,0.5610447226146112,0.013567091967909062,0.0,0.005323715337888506,1.948449891203431,23.70428188617128,250,25,44000,1.4425965643078953,,,
high,161,0.5611219651934404,0.013306063047403338,0.0,-0.031792071627318015,2.586594198832539,24.34242619380039,250,25,44275,1.088305454039042,,,
high,162,0.5612543295618717,0.012997270865827804,0.0,-0.04928263865793149,1.851560548832343,23.60739254380019,250,25,44550,1.2695836029719758,,,
high,163,0.561162614082206,0.013159600209498912,0.0,-0.00962049572283735,2.269867089045412,24.02569908401326,250,25,44825,1.3524541628888151,,,
high,164,0.5612272586871028,0.013051806809643796,0.0,-0.013478851943701985,1.9714436262467585,23.72727562121461,250,25,45100,1.1980648110269956,,,
high,165,0.5612184447527105,0.013216737412377388,0.0,0.033394379565385185,2.576692409594055,24.332524404561905,250,25,45375,1.2770517051515697,,,
high,166,0.5612674095840163,0.013105009008812174,0.0,-0.022788188600586137,1.8222018753296132,23.578033870297464,250,25,45650,0.8454379836355312,,,
high,167,0.5612980086080268,0.013004787189643152,0.0,-0.03206484772794607,2.319224321283669,24.07505631625152,250,25,45925,1.109283336293205,,,
high,168,0.5612207314724146,0.0134141356851607,0.0,0.09417485285837165,2.018681029306257,23.774513024274107,250,25,46200,1.6279392980594292,,,
high,169,0.5613554008253837,0.0132368754488692,0.0,-0.015240649791006986,5.362616400447992,27.11844839541584,250,25,46475,7.232752346940652,,,
high,170,0.5614319122103628,0.013088069341047892,0.0,0.01315919719530546,2.1031821767006735,23.859014171668523,250,25,46750,1.0420712456103631,,,
high,171,0.5615636055611345,0.012985175527108095,0.0,-0.01328524258412955,2.1625365145541657,23.918368509522015,250,25,47025,1.1944631786647097,,,
high,172,0.5614226799758492,0.013312334977245266,0.0,0.03369227534016804,3.3811353287550663,25.136967323722914,250,25,47300,3.467277442380838,,,
high,173,0.5615917707082692,0.012944419613645675,0.0,-0.06326441504435876,1.9951320773846606,23.75096407235251,250,25,47575,1.1733455739141552,,,
high,174,0.5616475230925086,0.012884487118702714,0.0,-0.0028907787178018853,3.1013609853265445,24.857192980294393,250,25,47850,3.3801310936315607,,,
high,175,0.5616725766259376,0.012761407595973884,0.0,-0.004071966010141807,2.1049043797817903,23.86073637474964,250,25,48125,1.1847443756614027,,,
high,176,0.5616465749383589,0.013058690224696079,0.0,0.03362784310604715,1.7966744608840919,23.55250645585194,250,25,48400,1.2674721465878,,,
high,177,0.56186944028374,0.012569313341168065,0.0,-0.0667927947903844,2.5520471488034957,24.307879143771345,250,25,48675,1.319828217570338,,,
high,178,0.5620167863799532,0.012194492247630362,0.0,-0.025090664652145996,2.6250162442163862,24.380848239184235,250,25,48950,0.9500288473006244,,,
high,179,0.5621750240663721,0.011847638693846196,0.0,0.0029455281229509825,2.1846737742251716,23.94050576919302,250,25,49225,1.3772394793263463,,,
high,180,0.5620853647286176,0.011851786202267789,0.0,0.04263690368450574,1.9383381693989439,23.694170164366792,250,25,49500,1.284494746542361,,,
high,181,0.5620483302601521,0.011863173823121409,0.0,-0.010733731218210276,4.116245852735544,25.872077847703395,250,25,49775,3.679336420751199,,,
high,182,0.5621193646628827,0.011668231860547884,0.0,0.06181142447141835,3.1560395397218417,24.91187153468969,250,25,50050,4.0475280424824325,,,
high,183,0.5620261056339029,0.01178658201079108,0.0,0.037081569489726976,1.040545119847886,22.796377114815733,250,25,50325,0.5022703893792323,,,
high,184,0.5622755577108706,0.011374427472417126,0.0,0.023983612551214905,3.6626825541551806,25.41851454912303,250,25,50600,3.7684626905165066,,,
high,185,0.562327442902882,0.011271094702233087,0.0,-0.017195344838901082,6.512313463725178,28.268145458693027,250,25,50875,11.48339785814229,,,
high,186,0.5623372891577377,0.011237243103864536,0.0,0.027433015049274572,4.7671957583839895,26.52302775335184,250,25,51150,6.194590265513476,,,
high,187,0.5623555710147411,0.011196123581732942,0.0,-0.021787962764818026,3.659741949130562,25.415573944098412,250,25,51425,4.119150968400727,,,
high,188,0.5625070554426268,0.011060492713655168,0.0,0.026080563168182542,3.688518646053303,25.444350641021153,250,25,51700,3.0625570979017973,,,
high,189,0.5627220375993858,0.010688299334104423,0.0,-0.03057988257016982,1.8938499137850555,23.649681908752903,250,25,51975,1.360240560290429,,,
high,190,0.5627965304071758,0.010703293595455299,0.0,-0.004888913498861368,2.6032550794479743,24.359087074415825,250,25,52250,1.4499509064710367,,,
high,191,0.5629175432028635,0.01060301751131576,0.0,-0.026312877641914208,1.7796717850589374,23.535503780026787,250,25,52525,1.2655684473033406,,,
high,192,0.5630669237275299,0.010306470511355581,0.0,0.0493314217244888,3.4268282172219715,25.18266021218982,250,25,52800,3.5321475548780894,,,
high,193,0.5629231895376233,0.010535573582074576,0.0,-0.010216665857500978,0.9479991685544682,22.703831163522317,250,25,53075,0.4380622206723793,,,
high,194,0.5628657305949495,0.010744260243637949,0.0,0.008823512354772139,3.190778085269291,24.94661008023714,250,25,53350,3.494224083324993,,,
high,195,0.5630758645024864,0.010275636145055111,0.0,-0.015565131977435441,2.6519066891356977,24.407738684103546,250,25,53625,1.4445332187863407,,,
high,196,0.5630807577159288,0.010199154206096073,0.0,-0.0027826500080770696,3.927145392597042,25.68297738756489,250,25,53900,3.5425293080442173,,,
high,197,0.5632339506814998,0.009924988613543517,0.0,0.027795019451471573,4.533917651101216,26.289749646069065,250,25,54175,7.609038372427506,,,
high,198,0.5633488333202863,0.00977407483834325,0.0,0.0023668607435381717,1.925039902432549,23.680871897400397,250,25,54450,1.5854646594495407,,,
high,199,0.5632360207498425,0.010018671499796405,0.0,0.022367616846713876,2.3962348396657727,24.152066834633622,250,25,54725,1.225320119711288,,,
high,200,0.5633511231137267,0.009832208533105513,0.0,-0.0146713670910314,3.6156062935423194,25.37143828851017,250,25,55000,3.822457921362468,,,
high,201,0.5633232160974012,0.009840179871060228,0.0,0.014133272994508301,2.0879197403632648,23.843751735331114,250,25,55275,1.5250213013207121,,,
high,202,0.5634157356832946,0.00960439895350551,0.0,-0.00030150988191128656,3.7645331165800218,25.52036511154787,250,25,55550,3.462241382103691,,,
high,203,0.5634014936015553,0.009613235224942951,0.0,-0.01665198714997754,2.345638405343891,24.10147040031174,250,25,55825,1.1427783052472886,,,
high,204,0.5634993936245829,0.009436547518896332,0.0,-0.03627448583277088,2.1121592407119683,23.867991235679817,250,25,56100,1.2505482308157667,,,
high,205,0.5635493948528554,0.009396808331637696,0.0,-0.042431053034417944,2.581671058161436,24.337503053129286,250,25,56375,1.4961218170562698,,,
high,206,0.5636870549243276,0.009126491135193815,0.0,0.03547168120951014,5.303676255714729,27.059508250682576,250,25,56650,6.3978332437471535,,,
high,207,0.563783229881079,0.009041483268884432,0.0,-0.04786782149219959,6.891582544583966,28.647414539551814,250,25,56925,12.21371151845682,,,
high,208,0.5640231394149767,0.00866106725837501,0.0,0.02603984973659197,6.716743047369429,28.47257504233728,250,25,57200,11.928316447900809,,,
high,209,0.56402861936431,0.00862422556847875,0.0,0.004272518455778479,2.1920737409433624,23.947905735911213,250,25,57475,1.2434308865378605,,,
high,210,0.56415436794344,0.00844844393502897,0.0,0.033017724572655935,4.061745542565483,25.81757753753333,250,25,57750,3.3133586956498795,,,
high,211,0.564351906633683,0.008019489975818694,0.0,-0.042098011960559525,3.3743347214014463,25.130166716369295,250,25,58025,3.5041430390752173,,,
high,212,0.5643447394654983,0.008073780996911917,0.0,0.06113269156051331,2.0062153698104024,23.76204736477825,250,25,58300,1.2331864929389902,,,
high,213,0.5642986566510562,0.008161827078543071,0.0,0.06839565935693002,3.88609831609513,25.64193031106298,250,25,58575,3.6823493938482788,,,
high,214,0.5642832146861829,0.008182536431113774,0.0,9.736532786499919e-05,2.713615997479094,24.469447992446945,250,25,58850,1.4534686387091529,,,
high,215,0.5643292937192798,0.008241839575181875,0.0,0.049581403397704345,2.101584449526218,23.857416444494067,250,25,59125,1.4725365716724983,,,
high,216,0.5642906408946141,0.008362116873173009,0.0,-0.030961078929263277,3.8149251426628465,25.570757137630697,250,25,59400,3.533914323512798,,,
high,217,0.5643721570733027,0.008281317391980014,0.0,0.0006678326900887869,2.0060819220054737,23.761913916973324,250,25,59675,1.2373144436854016,,,
high,218,0.564388610769904,0.008284740285875447,0.0,-0.042318178856904906,3.5064145944820426,25.26224658944989,250,25,59950,3.9139627110468194,,,
high,219,0.5641547793176296,0.008666424853788102,0.0,0.062191822028512846,4.182979743626017,25.938811738593866,250,25,60225,3.1598840266734443,,,
high,220,0.5643671626968486,0.00827783364653345,0.0,0.009976765736882194,2.312950955342431,24.06878295031028,250,25,60500,1.2421913567865897,,,
high,221,0.5644992031494374,0.008023449370267444,0.0,0.02803694200048684,1.719550302896334,23.475382297864183,250,25,60775,1.3309867514059825,,,
high,222,0.5647678567943121,0.007701670228576818,0.0,-0.04919126650763405,2.2985299127272594,24.05436190769511,250,25,61050,0.9915654224870044,,,
high,223,0.5649455300620398,0.007508820932147775,0.0,-0.04975798089684428,2.068160166850293,23.823992161818143,250,25,61325,1.0039069403596952,,,
high,224,0.5649260679064201,0.0074618563920596515,0.0,-0.020432015943262796,2.2646512582294394,24.020483253197288,250,25,61600,1.2411119803650863,,,
high,225,0.5648951780285046,0.007526464319672188,0.0,0.007544341919239498,1.794819685865489,23.550651680833337,250,25,61875,1.2145873333489199,,,
high,226,0.5651636891174081,0.007125305735850573,0.0,0.021901252290512024,2.215463610369605,23.971295605337453,250,25,62150,1.1561134788332759,,,
high,227,0.5650707180105928,0.007237246193970814,0.0,0.06397807891771796,3.6787954921927306,25.43462748716058,250,25,62425,3.1598118983362906,,,
high,228,0.5651165950867276,0.007229643902276761,0.0,-0.031446227590451986,2.2568957665366236,24.012727761504472,250,25,62700,1.0168051721804705,,,
high,229,0.5651610967706512,0.007188880838379541,0.0,-0.032708639694411755,2.7245902363146435,24.480422231282493,250,25,62975,3.191723917924799,,,
high,230,0.5650376527967289,0.007459676681638161,0.0,0.07792667362612302,1.8052751508763745,23.561107145844225,250,25,63250,1.2744616086482694,,,
high,231,0.5650976685802522,0.007442091540503348,0.0,-0.09941633093460818,2.4825181288555167,24.238350123823366,250,25,63525,1.1317630451707317,,,
high,232,0.565400015587582,0.0070905043958229275,0.0,-0.016578006470869818,2.7810664829844782,24.536898477952327,250,25,63800,3.026425886215636,,,
high,233,0.5656941301546712,0.006542277795671958,0.0,-0.0618392736890454,3.5888995129003014,25.34473150786815,250,25,64075,3.059777972800543,,,
high,234,0.565612757768052,0.006634319296613844,0.0,-0.00503068510909737,1.9243070874154904,23.680139082383338,250,25,64350,0.998665731146793,,,
high,235,0.5659718720996646,0.006060223031277623,0.0,-0.02210122417333514,5.572157521334749,27.327989516302598,250,25,64625,7.248722295452944,,,
high,236,0.5659634713686938,0.006077041361631008,0.0,0.020336734038618905,1.8024806417400139,23.558312636707864,250,25,64900,1.0871309297838303,,,
high,237,0.5659809266153691,0.005883219428323705,0.0,-0.016688781550804267,1.79830197478421,23.55413396975206,250,25,65175,1.6892570963697926,,,
high,238,0.5660328815210033,0.006165803447578888,0.0,0.030992182159279916,4.138363648283696,25.894195643251546,250,25,65450,2.8325170535782305,,,
high,239,0.5661938941302882,0.0058593927948678015,0.0,-0.017272928494890503,4.156782081471029,25.912614076438878,250,25,65725,4.032243857719717,,,
high,240,0.5662068114803813,0.00616208809420582,0.0,0.008535332629906665,2.1894272531705257,23.945259248138374,250,25,66000,1.45001782404945,,,
high,241,0.5661632071337022,0.006296742939777333,0.0,0.012420541192244368,1.8315421479158647,23.587374142883714,250,25,66275,1.221771744067334,,,
high,242,0.5661696952388925,0.006352545331777648,0.0,0.044178339258508594,3.444566051753958,25.20039804672181,250,25,66550,3.4629723716901526,,,
high,243,0.5662020680971277,0.006333245427522893,0.0,0.06766139586487949,3.318501576351327,25.074333571319176,250,25,66825,2.731157825568729,,,
high,244,0.566357474298992,0.0063930996739597346,0.0,-0.028614285864268372,3.1888897802912695,24.94472177525912,250,25,67100,3.0413346497359486,,,
high,245,0.5666618479823857,0.006584700566724111,0.0,-0.009704548290968578,3.5513075670433323,25.30713956201118,250,25,67375,3.6383381786899136,,,
high,246,0.5665555750789022,0.006774366854832237,0.0,0.05355748622440766,2.0258393711477214,23.78167136611557,250,25,67650,1.3208849980247015,,,
high,247,0.5666827450957074,0.006415809538415029,0.0,-0.043560297947872584,3.850310002079237,25.606141997047086,250,25,67925,3.598885727724771,,,
high,248,0.566710300335868,0.006415588229385927,0.0,0.014749332386711651,4.354571609153419,26.110403604121267,250,25,68200,3.837277731247453,,,
high,249,0.5668119853691164,0.006092552293735842,0.0,-0.007326505773613474,3.8580770878195163,25.613909082787366,250,25,68475,3.765540991818663,,,
high,250,0.5668958946675953,0.0060313309240819235,0.0,0.04170033620760127,5.5513463391489655,27.307178334116813,250,25,68750,6.8177185498542645,,,
high,251,0.5669763397180202,0.006027148672702376,0.0,-0.03070237278061327,1.7899511060448294,23.545783101012677,250,25,69025,1.1040136118431498,,,
high,252,0.566865932497482,0.005700200115380749,0.0,0.027934888855397508,1.894018959420049,23.649850954387897,250,25,69300,1.2180568502798217,,,
high,253,0.5667183653364277,0.005690078013104616,0.0,0.01567245390345007,2.23873998308129,23.994571978049137,250,25,69575,1.0217872147317788,,,
high,254,0.5666247779376478,0.005305133174690058,0.0,-0.004130381427469263,4.449387377313497,26.205219372281345,250,25,69850,6.415931655393359,,,
high,255,0.5670423511368795,0.005266961283406757,0.0,-0.001994236107979051,4.045916767187177,25.801748762155025,250,25,70125,3.4217351603051154,,,
high,256,0.5671856383239815,0.005005733657080791,0.0,-0.014604205277185981,2.170266196644082,23.92609819161193,250,25,70400,1.528715278887229,,,
high,257,0.5673798744930577,0.005414331345347079,0.0,0.05738032217574427,2.4208601693676726,24.17669216433552,250,25,70675,1.100485536896102,,,
high,258,0.567444272834262,0.005462062722301542,0.0,-0.0007036902907611038,4.117313176201346,25.873145171169195,250,25,70950,4.231912906230776,,,
high,259,0.5675279062866725,0.005542689647910826,0.0,-0.0018666488951072288,1.8348573503056582,23.590689345273507,250,25,71225,1.3655990648241676,,,
high,260,0.5676678053289229,0.00529606562074636,0.0,-0.06800996671182286,4.41392307609712,26.16975507106497,250,25,71500,3.6943357891118676,,,
high,261,0.5676516680690514,0.005347224479464674,0.0,0.03720947797256302,2.65164372212849,24.40747571709634,250,25,71775,1.2356319431763967,,,
high,262,0.5678977569749571,0.005372038207859586,0.0,-0.03527480071625323,2.0232840934255383,23.779116088393387,250,25,72050,1.3709340111486705,,,
high,263,0.5676768290440215,0.005492771740939095,0.0,-0.041390499698734096,1.9916521765232718,23.74748417149112,250,25,72325,1.5372218069486778,,,
high,264,0.567758267510689,0.0049816185115125755,0.0,-0.04925686091575971,2.756563279723017,24.512395274690867,250,25,72600,1.2209259948201414,,,
high,265,0.5677510851910446,0.004546577319845757,0.0,0.028989547295440433,4.278088458658507,26.033920453626358,250,25,72875,3.654111762991962,,,
high,266,0.5677756643473441,0.004719080347907023,0.0,0.07066239399787559,2.2516094590271485,24.007441453994996,250,25,73150,1.2149063520629564,,,
high,267,0.5679945244979837,0.004813969298238185,0.0,-0.03747512226347898,4.226864657820186,25.982696652788036,250,25,73425,3.303041556217858,,,
high,268,0.5682433753873934,0.004531784478966405,0.0,0.01549260612816632,4.048595747563071,25.80442774253092,250,25,73700,3.060009274174736,,,
high,269,0.5681425823876746,0.00464958474895194,0.0,-0.05007759415703369,2.1975502567874434,23.953382251755293,250,25,73975,1.2113847536439788,,,
high,270,0.5680211619003772,0.004461842624137957,0.0,0.0296230029001467,4.061603282271008,25.817435277238857,250,25,74250,7.309334213993691,,,
high,271,0.567980707082134,0.004819903115356516,0.0,-0.024264287890234444,4.087289029381749,25.8431210243496,250,25,74525,3.552180832195405,,,
high,272,0.5677794504240037,0.004447359908904103,0.0,0.018032387606014603,2.123575492531659,23.879407487499506,250,25,74800,1.1156339055610895,,,
high,273,0.5680029474104131,0.004330810504533211,0.0,-0.0792273682586839,1.7618342885141924,23.517666283482043,250,25,75075,0.7918361528550901,,,
high,274,0.5680671055483647,0.004312282585409277,0.0,0.01083208717908461,3.9256320436599133,25.681464038627762,250,25,75350,3.34045766970937,,,
high,275,0.5679363505533359,0.004251696113055203,0.0,0.03278929135061493,2.5940059515376324,24.34983794650548,250,25,75625,1.1737116348908552,,,
high,276,0.5682556095710125,0.004431578819039772,0.0,-0.017178841338155032,4.143109772664098,25.898941767631946,250,25,75900,3.871098732449034,,,
high,277,0.5681673984717498,0.004264768158079413,0.0,-0.050946931688355165,1.9184705621117886,23.67430255707964,250,25,76175,1.3200675257779513,,,
high,278,0.5683003415056848,0.00464948414760713,0.0,0.01749082134537546,2.766289529330832,24.522121524298683,250,25,76450,1.277262290190061,,,
high,279,0.5682115820928889,0.005050506630293494,0.0,0.06612662279497578,2.515928400867298,24.271760395835148,250,25,76725,1.3416378768663446,,,
high,280,0.5682691213705136,0.005096526814178048,0.0,0.021178608809840186,2.7126444214829752,24.468476416450823,250,25,77000,1.1508780990822538,,,
high,281,0.568075214746768,0.005031097873146151,0.0,0.03929472544093853,1.94802062583219,23.70385262080004,250,25,77275,1.525810781301503,,,
high,282,0.5683821716117602,0.0053574125735693645,0.0,0.0241987845355357,1.844491225597817,23.600323220565667,250,25,77550,1.159377235440992,,,
high,283,0.5684546337623746,0.005348455649277106,0.0,-0.013221261616152141,3.4169578969738605,25.17278989194171,250,25,77825,3.683062961283642,,,
high,284,0.5682564344687839,0.005437461829159607,0.0,0.01994338645123626,1.9869629865384888,23.74279498150634,250,25,78100,1.2619141549143436,,,
high,285,0.5683490726107819,0.005322088225186983,0.0,-0.062153208381553894,3.075449625249638,24.83128162021749,250,25,78375,3.721332964183294,,,
high,286,0.568360434092608,0.005163038899234751,0.0,0.0804440763765977,1.7304729205679052,23.486304915535754,250,25,78650,1.076756032494124,,,
high,287,0.5680807438300984,0.00539478740336885,0.0,0.018229247127992416,3.530556391810592,25.28638838677844,250,25,78925,3.9310910147519795,,,
high,288,0.5679567199388545,0.005484510310163837,0.0,0.017756160918779705,3.8826448359621244,25.638476830929974,250,25,79200,3.915374731135339,,,
high,289,0.5680669184558115,0.005563894421020343,0.0,0.025201436795028388,2.1970470061733827,23.95287900114123,250,25,79475,0.9795243976059488,,,
high,290,0.5680407364292135,0.005990968252283291,0.0,-0.008035440992955422,2.34161773789925,24.097449732867098,250,25,79750,1.505478669210244,,,
high,291,0.5679486707157713,0.005905306160123858,0.0,-0.00847389071494048,2.0520298605876515,23.8078618555555,250,25,80025,1.3167985471088124,,,
high,292,0.5679474865491517,0.00618476905940224,0.0,-0.03743504946864628,1.8109756438819244,23.566807638849774,250,25,80300,1.4173768362977472,,,
high,293,0.5680602126252352,0.006412236348155909,0.0,0.06940635535728257,2.628563171582061,24.38439516654991,250,25,80575,1.2724053320467887,,,
high,294,0.5680321596172448,0.006708312745328016,0.0,0.021111585866634527,1.0904490547649452,22.846281049732795,250,25,80850,0.5605971641972309,,,
high,295,0.5681357878357205,0.0067325880845007235,0.0,-0.015381474612906365,3.0274178638801787,24.783249858848027,250,25,81125,3.862673166514503,,,
high,296,0.5682059753280521,0.006411879518359864,0.0,-0.044739186086520624,2.78124441729051,24.537076412258358,250,25,81400,1.712899801245808,,,
high,297,0.5683508514112944,0.0062109305871215215,0.0,0.04556554144299964,3.399093049251672,25.15492504421952,250,25,81675,3.706491583319074,,,
high,298,0.5685079375604916,0.006136410369134815,0.0,-0.036973008372025246,2.6220438585117036,24.37787585347955,250,25,81950,1.2795705752953956,,,
high,299,0.5685128761765643,0.0058458475127937115,0.0,-0.004420741370303499,3.25091869550267,25.00675069047052,250,25,82225,3.2974005415818994,,,
high,300,0.5684647435227761,0.005625112490596829,0.0,0.0036594891411895134,3.7175412401968364,25.473373235164686,250,25,82500,3.32766253604187,,,
high,301,0.5684368911122808,0.005520850996400872,0.0,-0.05449709146231933,2.826240233930746,24.582072228898596,250,25,82775,3.2818797884587916,,,
high,302,0.5682380631273818,0.005463592114563598,0.0,0.035366125642699524,3.6482265982366466,25.404058593204496,250,25,83050,3.1035267637562836,,,
high,303,0.5684428028296966,0.005295736907786619,0.0,-0.027646465839740134,2.5076860674683505,24.263518062436198,250,25,83325,1.6205243808933627,,,
high,304,0.5683154839470026,0.004972422371731455,0.0,0.011543663129277779,1.9633138737847156,23.719145868752566,250,25,83600,1.3066932893784564,,,
high,305,0.5682439509900611,0.005083963943472436,0.0,0.03716757613215549,4.133962257232732,25.88979425220058,250,25,83875,3.9563995663781104,,,
high,306,0.5682138371364484,0.004893640778099395,0.0,0.018355240823575814,2.3368583680153967,24.092690362983245,250,25,84150,1.1924682792927985,,,
high,307,0.5681604008266067,0.0047573922955034265,0.0,-0.03444532986332682,5.719376973091921,27.47520896805977,250,25,84425,6.633802582484706,,,
high,308,0.5681859757846658,0.005026652278175003,0.0,0.09419546869078256,2.2927120618678023,24.048544056835652,250,25,84700,1.4715780100192055,,,
high,309,0.5681543727793844,0.004806343908926203,0.0,0.027602698438013645,2.0588937793544964,23.814725774322344,250,25,84975,1.0900327807900936,,,
high,310,0.5680890622526054,0.005079977766076493,0.0,0.017379178397518878,4.231577209527167,25.987409204495016,250,25,85250,2.9425041687959466,,,
high,311,0.5681487356065601,0.004635274125157962,0.0,-0.0813346507717558,3.414601213226047,25.170433208193895,250,25,85525,3.641037698930215,,,
high,312,0.5682654675678155,0.004802094312593486,0.0,-0.03428396098676711,0.9979518138222062,22.753783808790054,250,25,85800,0.4826627932388725,,,
high,313,0.5684462108521492,0.0049289633742188865,0.0,0.012859837960514323,3.1962976022810095,24.95212959724886,250,25,86075,3.9493197796362924,,,
high,314,0.5683132340522722,0.005198513100345803,0.0,0.014782600437291807,3.8985685202505684,25.654400515218416,250,25,86350,3.6848301756033983,,,
high,315,0.5685694724562881,0.004903481426098977,0.0,-0.040466357676269694,4.151034563355816,25.906866558323664,250,25,86625,3.5562662658283695,,,
high,316,0.568725242792928,0.005003047049553011,0.0,0.04372501440352142,3.832528052002364,25.588360046970212,250,25,86900,4.137027910034194,,,
high,317,0.5688200841162305,0.0054090357874194694,0.0,-0.015885346001498244,4.116851124666152,25.872683119634,250,25,87175,3.8148322150480887,,,
high,318,0.5686740920496998,0.005314744172529862,0.0,-0.00949465824195033,2.2863793000326833,24.042211295000534,250,25,87450,1.3039583027199024,,,
high,319,0.5687482215478523,0.005133225653180196,0.0,0.005586029367525453,4.0778037724495375,25.833635767417388,250,25,87725,3.494423829506128,,,
high,320,0.568993637309718,0.005242492843691382,0.0,-0.023095555742128807,2.6588427003963218,24.41467469536417,250,25,88000,1.1157991967691563,,,
high,321,0.5693492518156559,0.005466703574469323,0.0,-0.03876156497341855,1.0375481513087184,22.79338014627657,250,25,88275,0.42540985450698,,,
high,322,0.5694427487220401,0.005417100367156702,0.0,0.01547275803911683,5.757320655171185,27.513152650139034,250,25,88550,6.916387844265077,,,
high,323,0.5693870585967696,0.005535878803965999,0.0,0.004086122764841532,5.605710552954325,27.361542547922173,250,25,88825,6.472150630120127,,,
high,324,0.5696388384758697,0.005496416870751086,0.0,-0.07944525329880549,3.6203810487310335,25.376213043698883,250,25,89100,3.490953658560889,,,
high,325,0.5697095945807084,0.005253251821483174,0.0,0.02823286190019867,1.859795114746047,23.615627109713895,250,25,89375,0.9693015123311445,,,
high,326,0.5696815245623765,0.005374396439856932,0.0,0.015443266434610092,5.827169947114768,27.583001942082618,250,25,89650,7.45565644677051,,,
high,327,0.5696876048576823,0.005249450097281949,0.0,-0.02208152631378944,2.1529967373963492,23.9088287323642,250,25,89925,1.1114925521442296,,,
high,328,0.5696425859880526,0.005748202849229278,0.0,-0.002958163490953955,5.097052553618168,26.85288454858602,250,25,90200,7.076313177434591,,,
high,329,0.5696639705761349,0.005833105080541023,0.0,-0.019235372093410467,2.5248774825681646,24.280709477536014,250,25,90475,1.354566057028225,,,
high,330,0.5695155014543507,0.005831282573301677,0.0,0.04649125088483012,4.357467756456022,26.11329975142387,250,25,90750,7.168425440944395,,,
high,331,0.5694418010993617,0.005629232325956468,0.0,-0.0020815138165033113,1.901545842836489,23.65737783780434,250,25,91025,1.274998678618205,,,
high,332,0.5695177956224998,0.005509798361146401,0.0,-0.026065482335917777,4.9080689419726715,26.66390093694052,250,25,91300,8.067008104907742,,,
high,333,0.5692067804492581,0.0054823688085524624,0.0,-0.005306653457692548,5.317383650475341,27.07321564544319,250,25,91575,7.406718164790246,,,
high,334,0.5692815609279086,0.005269865252690464,0.0,-0.05462468143266369,4.132500753195502,25.88833274816335,250,25,91850,3.4991869804632034,,,
high,335,0.5694841669500766,0.005866205744129993,0.0,0.024931455331611212,1.7758255847571214,23.53165757972497,250,25,92125,0.9491557926099657,,,
high,336,0.5696089730881831,0.006041729921460126,0.0,0.0018944782805753206,5.89290430295419,27.64873629792204,250,25,92400,11.886579397529674,,,
high,337,0.5697203261767927,0.006130937836820172,0.0,0.04782372390927573,5.93008001252949,27.68591200749734,250,25,92675,6.980136431233896,,,
high,338,0.5698128096955449,0.0059081582469792115,0.0,-0.03447840810774507,2.576721117121156,24.332553112089006,250,25,92950,1.193003848472239,,,
high,339,0.5700114040651052,0.006567811504196275,0.0,-0.006372761849179077,2.1416034826033488,23.897435477571197,250,25,93225,1.1872123767384506,,,
high,340,0.570085176258515,0.006244073730748867,0.0,-0.01231191788151477,5.9795890814374175,27.735421076405267,250,25,93500,7.660487747095989,,,
high,341,0.5700605145685346,0.006259268636912729,0.0,-0.029165520735428104,2.4732164597105237,24.229048454678374,250,25,93775,1.0674963466001601,,,
high,342,0.5700860687751875,0.0063912739718425815,0.0,0.11755607882077847,2.3079392136864385,24.063771208654288,250,25,94050,0.9612809451148213,,,
high,343,0.5699359949382463,0.006272425276529825,0.0,0.03117101281649927,3.6486016003422757,25.404433595310124,250,25,94325,3.5601448144211196,,,
high,344,0.5700324230774942,0.006375754039721682,0.0,-0.029931245924324803,2.086845795423005,23.842677790390855,250,25,94600,0.7025354246972728,,,
high,345,0.5698330221698816,0.006160408162209974,0.0,-0.013431593392017998,2.6389705748027956,24.394802569770643,250,25,94875,1.5057939371877924,,,
high,346,0.5699492247909107,0.006279144739496312,0.0,-0.00969416210808322,4.722564578384998,26.478396573352846,250,25,95150,7.243882485012053,,,
high,347,0.5698274535101634,0.006124497625502823,0.0,-0.016960782201153032,2.6730438549759272,24.428875849943775,250,25,95425,0.9897000265593895,,,
high,348,0.5696051002131037,0.005751321325348724,0.0,0.005893243221588137,3.231214637705378,24.987046632673227,250,25,95700,3.827439743175876,,,
high,349,0.5695792265958282,0.005635901253586151,0.0,0.08844989101404674,4.4263894495947875,26.182221444562636,250,25,95975,3.486927302366096,,,
high,350,0.5696016639511382,0.005955194978013001,0.0,-0.0727918281867198,4.192025474521576,25.947857469489424,250,25,96250,3.8322637558247754,,,
high,351,0.5696934103485053,0.006041329019334518,0.0,-0.03601959616475028,4.511012220535201,26.26684421550305,250,25,96525,3.4719203307225817,,,
high,352,0.5694855890636563,0.0061741885946189345,0.0,0.02460499568413196,2.0357483019177467,23.791580296885595,250,25,96800,1.1480008718279682,,,
high,353,0.5694169470100531,0.006224601607463853,0.0,0.05235161331381369,3.7151064557413163,25.470938450709166,250,25,97075,3.5512493665695906,,,
high,354,0.5695764890495714,0.006192386652377646,0.0,0.017847685263061536,2.3728125597275533,24.128644554695402,250,25,97350,1.0788268760054704,,,
high,355,0.569775259632389,0.006566972395871562,0.0,-0.02003663667281444,3.3746280476869748,25.130460042654825,250,25,97625,3.54604782969851,,,
high,356,0.569644652980431,0.006538484159875457,0.0,-0.0155272476657728,4.200024940487258,25.955856935455106,250,25,97900,3.9096962768222934,,,
high,357,0.5698305227344179,0.006676553989908851,0.0,-0.06617942547730898,2.656626071352395,24.412458066320244,250,25,98175,1.612697724983341,,,
high,358,0.5699438083191525,0.006720574562122716,0.0,-0.018117731175545885,1.6765624871840168,23.432394482151867,250,25,98450,1.2029667508797637,,,
high,359,0.5699242516125559,0.006794155641181243,0.0,-0.050896556412944514,4.042335060040747,25.798167055008598,250,25,98725,3.1738362378060936,,,
high,360,0.5702067112508655,0.006453724325747201,0.0,-0.031023844040950925,3.715242991491075,25.471074986458923,250,25,99000,2.966560448847965,,,
high,361,0.5698670559404871,0.005929322600912723,0.0,0.006690019110014168,2.760584237432225,24.516416232400076,250,25,99275,1.3643097532071897,,,
high,362,0.5697042616533069,0.005720542119418637,0.0,0.06988131290173959,2.285541854088843,24.041373849056694,250,25,99550,1.2440409811174686,,,
high,363,0.569768925285908,0.00560648038792122,0.0,-0.041224282777861464,2.598511542916263,24.354343537884112,250,25,99825,0.9437736438498299,,,
high,364,0.5698071483633537,0.005366067911051542,0.0,-0.006988568050470766,3.921476011637093,25.677308006604942,250,25,100100,3.115461721839683,,,
high,365,0.5697846522092024,0.005475966750101202,0.0,0.022317712177258496,2.43969535376234,24.195527348730188,250,25,100375,1.5363819269774117,,,
high,366,0.569699997980267,0.005235028027056998,0.0,0.04966841263341133,2.4827353213783745,24.238567316346224,250,25,100650,1.1390064827451132,,,
high,367,0.5696876400443464,0.004747824964208114,0.0,0.01491045273959591,1.9458987042353328,23.701730699203182,250,25,100925,1.3118383042490147,,,
high,368,0.5694924739819248,0.004266646996865853,0.0,-0.020727441878195856,4.08193194382471,25.83776393879256,250,25,101200,3.2216289546544155,,,
high,369,0.5694204329057717,0.004120977970818229,0.0,0.03968501432255964,2.261871597699015,24.017703592666862,250,25,101475,1.346750346055081,,,
high,370,0.5694844915096102,0.0037267763439018387,0.0,0.04835023208084073,1.12165038946039,22.87748238442824,250,25,101750,0.3914952373246112,,,
high,371,0.5695042760551041,0.004241116769221898,0.0,0.030271745852683087,5.7684675577752165,27.524299552743066,250,25,102025,6.828816252358772,,,
high,372,0.569611729915858,0.004118108164853473,0.0,0.05736388594119382,2.572997070944736,24.328829065912586,250,25,102300,1.0919561825384114,,,
high,373,0.5698670244408606,0.004176559214656428,0.0,-0.008939916172216292,2.0914917564518243,23.847323751419673,250,25,102575,1.251157713591482,,,
high,374,0.5697855539171864,0.004107794413600652,0.0,-0.009640432010480425,2.4593019340434727,24.215133929011323,250,25,102850,1.2910759609462366,,,
high,375,0.5698268919093893,0.004250110127112738,0.0,-0.05433494881857174,3.179150691322498,24.934982686290347,250,25,103125,3.4063915918983905,,,
high,376,0.5700380528196994,0.00440684833414795,0.0,-0.014092489782524023,3.6966798812105397,25.452511876178388,250,25,103400,3.139505483794089,,,
high,377,0.5700025520448954,0.004849857786729528,0.0,-0.018488425196595378,5.252994833672145,27.008826828639993,250,25,103675,6.467758241939339,,,
high,378,0.5701008830393969,0.005036621851676859,0.0,0.040490650544721604,2.4970582380570066,24.252890233024857,250,25,103950,1.2067066004762368,,,
high,379,0.5701417897219596,0.004908733319113678,0.0,0.005908235738074354,1.8395346588498134,23.595366653817663,250,25,104225,1.073224251944264,,,
high,380,0.5702044827668852,0.00494658001944126,0.0,0.05616482212147849,5.646676791656164,27.40250878662401,250,25,104500,6.851501646829043,,,
high,381,0.5702667682266334,0.005143624580254302,0.0,0.046785292397662284,2.717471946617567,24.473303941585417,250,25,104775,0.8938803157068621,,,
high,382,0.5700272887275888,0.004887093928801378,0.0,0.05427486919299446,3.9762507454761717,25.73208274044402,250,25,105050,2.903716798054452,,,
high,383,0.5699216002562321,0.005295695723370186,0.0,0.0667199364226648,3.4448846628033585,25.200716657771206,250,25,105325,3.35549538012216,,,
high,384,0.5699580414571204,0.004944928360973488,0.0,-0.01686190805396898,4.114541617671826,25.870373612639675,250,25,105600,3.574689410476894,,,
high,385,0.5698571484323689,0.004324507431128777,0.0,-0.07694089316361916,3.2757988937995988,25.03163088876745,250,25,105875,3.7733702065921024,,,
high,386,0.5697816315602322,0.0045468622619523336,0.0,-0.022482361096047836,1.2535855408880299,23.009417535855878,250,25,106150,0.4276780707773671,,,
high,387,0.5697460706358836,0.005019629782532564,0.0,0.01971172830390861,4.028296013157035,25.784128008124885,250,25,106425,3.130898708680265,,,
high,388,0.5698150762843496,0.005188666070555903,0.0,-0.014289614237095646,2.0273004034622235,23.783132398430073,250,25,106700,1.02314433443112,,,
high,389,0.5698723368803589,0.005238990610135219,0.0,-0.015230269201153425,7.551995215673261,29.30782721064111,250,25,106975,12.194997472763266,,,
high,390,0.5700041577641072,0.005331700725596078,0.0,-0.005056915728984007,2.665409138024121,24.42124113299197,250,25,107250,1.673853301484412,,,
high,391,0.5698745781124215,0.005410371539022796,0.0,0.003049884562967308,6.901288075657245,28.657120070625094,250,25,107525,12.207100057443093,,,
high,392,0.5698358548563304,0.005741840629408523,0.0,0.0917820423529936,2.0633586789154186,23.819190673883266,250,25,107800,1.1831253720593655,,,
high,393,0.5699798224492844,0.005237021178755463,0.0,-0.02699019965729627,4.322055547855702,26.07788754282355,250,25,108075,3.921279267504889,,,
high,394,0.5699237487920387,0.004952860441350904,0.0,0.01915867722144844,3.7264279478363824,25.48225994280423,250,25,108350,4.220444481422698,,,
high,395,0.5702133073169495,0.004436421608886021,0.0,-0.08325731838458217,4.9588342603313755,26.714666255299225,250,25,108625,7.508647233777992,,,
high,396,0.5700379237907119,0.004176495786705203,0.0,0.036498236901252715,2.838120446072259,24.59395244104011,250,25,108900,3.4460048845210904,,,
high,397,0.5700209981239495,0.003880355172407146,0.0,0.025172637488364347,2.681819692099225,24.437651687067074,250,25,109175,1.2107461669857598,,,
high,398,0.5702594853195494,0.004600755829637482,0.0,-0.03316845628765538,3.971207180576553,25.7270391755444,250,25,109450,3.4411375347446724,,,
high,399,0.5703463432773452,0.004604190422420551,0.0,-0.009357956582684483,2.4351205355934398,24.19095253056129,250,25,109725,1.498512415818596,,,
high,400,0.5704517700527104,0.004177751254596407,0.0,-0.05366126529162647,4.782310999307984,26.538142994275834,250,25,110000,7.71795445755225,,,
high,401,0.5704293058631277,0.004269886203585149,0.0,-0.0767013277739881,1.8414174651965438,23.59724946016439,250,25,110275,1.1525750866768567,,,
high,402,0.5703726197062788,0.00419333711574954,0.0,-0.003982749632133919,3.751277918739141,25.50710991370699,250,25,110550,3.428266100014856,,,
high,403,0.570424740899041,0.004405116436963508,0.0,-0.06746768131047251,2.769627236282559,24.52545923125041,250,25,110825,3.770203807382201,,,
high,404,0.5702358578137927,0.004063144804211438,0.0,0.05915038621305647,2.119518132345844,23.875350127313695,250,25,111100,1.2542483512128195,,,
high,405,0.5702719465507304,0.003921206835660662,0.0,-0.041889004121655485,1.8346353634193027,23.59046735838715,250,25,111375,1.5662806250795704,,,
high,406,0.570277158213629,0.0037422924121702783,0.0,-0.024411110949414123,2.1958811996520375,23.951713194619888,250,25,111650,1.4314805856546007,,,
high,407,0.5703108851462882,0.003478162938555185,0.0,-0.005862497833647054,3.4702417463343336,25.226073741302184,250,25,111925,3.9154531392752276,,,
high,408,0.5702329396672375,0.0037667699705314917,0.0,0.03426876091103997,2.87965188177758,24.63548387674543,250,25,112200,1.1926264395638306,,,
high,409,0.5701877209046914,0.003761114000462751,0.0,-0.04431738480536704,2.6462658918920536,24.402097886859902,250,25,112475,1.4153765395300988,,,
high,410,0.5702126141933139,0.004273787134999263,0.0,0.04612353060687856,3.5044397361161272,25.260271731083975,250,25,112750,4.053772942609403,,,
high,411,0.5701775733515119,0.003955681942457878,0.0,0.04681416595762454,3.168378370705584,24.92421036567343,250,25,113025,3.5020355814768056,,,
high,412,0.5701560701983007,0.004292432910738997,0.0,0.03547765303729941,1.371049953919093,23.126881948886943,250,25,113300,0.29789412782020214,,,
high,413,0.5701603583009228,0.004317894065401062,0.0,0.015148234405795397,1.995728902154674,23.751560897122523,250,25,113575,1.1227298670045451,,,
high,414,0.5703069876288316,0.004622934669253231,0.0,-0.038498237150119304,4.180450069746233,25.93628206471408,250,25,113850,3.6988725052372105,,,
high,415,0.5704613460286346,0.0045134137945898045,0.0,-0.029261222602471503,2.8256593798973686,24.581491374865216,250,25,114125,1.4579044276793949,,,
high,416,0.5707684142870365,0.004613365938823111,0.0,-0.09105254477562938,4.115638470834397,25.871470465802247,250,25,114400,3.366925320820894,,,
high,417,0.5707374574460402,0.004515458701173203,0.0,0.0014298462757259477,3.6941741495202933,25.450006144488142,250,25,114675,3.042019124503703,,,
high,418,0.5707479901126807,0.0045941147870911525,0.0,-0.01141797924112225,3.3409801637783,25.09681215874615,250,25,114950,3.5207211561012457,,,
high,419,0.5708594026210793,0.004842613375388827,0.0,0.014487238762469488,3.0366075644229182,24.79243955939077,250,25,115225,0.8626302498400705,,,
high,420,0.5707399763220453,0.005135242651151728,0.0,-0.00878714989603632,3.1764923350860372,24.932324330053888,250,25,115500,3.684213557861909,,,
high,421,0.5705553422760645,0.0047686392516916865,0.0,0.03593154569564137,3.2109152718942564,24.966747266862107,250,25,115775,3.662413054995543,,,
high,422,0.5705549285407224,0.004272028181938836,0.0,-0.03615379615366068,2.2782102888754623,24.034042283843313,250,25,116050,1.2832075793677233,,,
high,423,0.5705207915325481,0.0042977848033535215,0.0,0.005908786911223915,3.4725031101161865,25.228335105084035,250,25,116325,3.8826197231326254,,,
high,424,0.5701817488917734,0.00448305818813699,0.0,0.04063429879179919,4.2316232422123905,25.98745523718024,250,25,116600,3.6793857573565916,,,
high,425,0.5701162282660817,0.00424549022364018,0.0,-0.021546314596276636,3.8215283279251793,25.57736032289303,250,25,116875,3.6246069597018615,,,
high,426,0.5702152986682174,0.004555429013049728,0.0,-0.00247475898270584,5.880846279966618,27.636678274934468,250,25,117150,7.002157755407925,,,
high,427,0.570200863582395,0.004629663466842571,0.0,-0.004087094727447792,3.4357294210397042,25.191561416007552,250,25,117425,3.763025092127039,,,
high,428,0.5699813422424992,0.004531985920676385,0.0,0.07535971148820743,3.450665064730727,25.206497059698577,250,25,117700,3.4651731185276007,,,
high,429,0.5704051332524464,0.004567857404861542,0.0,-0.03633035237630261,5.31318458980471,27.06901658477256,250,25,117975,6.695248617835635,,,
high,430,0.5702726869468415,0.004540697980748187,0.0,-0.01905641759267089,2.6037458980522032,24.359577893020052,250,25,118250,1.241947796375551,,,
high,431,0.5701232316909204,0.004185054530929988,0.0,0.04431416792567782,3.5569599981466045,25.312791993114452,250,25,118525,3.444921172585478,,,
high,432,0.5703534273692492,0.004305706688359945,0.0,-0.011656435595893695,2.972628362690709,24.72846035765856,250,25,118800,2.895018243964071,,,
high,433,0.5704753999436982,0.004641073275997831,0.0,-0.04001361886525927,2.3143493206592374,24.070181315627085,250,25,119075,1.2491495206500083,,,
high,434,0.5704804860442125,0.004774514441848954,0.0,-0.047092882750902405,2.4862711611073913,24.242103156075242,250,25,119350,0.9081195709493652,,,
high,435,0.5704614489875638,0.004114222306368043,0.0,0.04738218619787587,1.9925936212464856,23.748425616214334,250,25,119625,1.605158300999886,,,
high,436,0.5705729076843296,0.004057279392244206,0.0,0.07534275188067141,2.4171833168346213,24.17301531180247,250,25,119900,1.2383858772631329,,,
high,437,0.5704449311332404,0.004029163592272789,0.0,0.10090033658751087,2.2029701073634116,23.958802102331262,250,25,120175,1.2409185359180392,,,
high,438,0.5705520966790586,0.003945123784492188,0.0,-0.013043501349587793,2.09233886937209,23.848170864339938,250,25,120450,1.5328994602743655,,,
high,439,0.5704993982083536,0.0038484027187611902,0.0,0.01725177473718274,1.2236626340917514,22.9794946290596,250,25,120725,0.4782453428127383,,,
high,440,0.5706360835741779,0.003892874918510536,0.0,0.0057235024196114846,2.4805633798551665,24.236395374823015,250,25,121000,1.0096236618668948,,,
high,441,0.5702848229955484,0.0037410692796661094,0.0,0.040682019427426504,1.8536668346894976,23.609498829657348,250,25,121275,1.373069269962894,,,
high,442,0.570385951377054,0.004165294451246693,0.0,0.016817327362996296,4.43424231510725,26.190074310075097,250,25,121550,3.934596142758126,,,
high,443,0.5702491337522269,0.003909464013156838,0.0,0.06471771445071157,2.172395444095475,23.928227439063324,250,25,121825,1.2741867605451032,,,
high,444,0.5703393424877565,0.0035902994782049946,0.0,-0.024253107409021205,2.128334813322712,23.884166808290562,250,25,122100,1.4435076108224116,,,
high,445,0.5703969930129744,0.003907088867878605,0.0,0.003332086697017973,3.4574546844983907,25.21328667946624,250,25,122375,3.685074115606848,,,
high,446,0.5703731414677875,0.003867982117746971,0.0,0.0441919833117,3.925637738659301,25.68146973362715,250,25,122650,3.6048140530637345,,,
high,447,0.5703295883153695,0.0039202262724444825,0.0,-0.02532558607295587,4.2578405100329295,26.013672505000777,250,25,122925,3.8798711469720617,,,
high,448,0.5704248057641524,0.0037730735133613136,0.0,-0.018469051489170277,2.5037470852866237,24.259579080254472,250,25,123200,0.9312293934749687,,,
high,449,0.5706064861512122,0.0036834321653961277,0.0,0.04744146321249292,5.104940739327184,26.860772734295033,250,25,123475,7.828564509722549,,,
high,450,0.5707767306480058,0.00359259665945999,0.0,-0.07053801770379702,4.429255772201824,26.185087767169673,250,25,123750,6.702302261729814,,,
high,451,0.5709057917303761,0.003785633505356656,0.0,-0.05031725669912798,2.134689033118381,23.89052102808623,250,25,124025,1.0210386236902707,,,
high,452,0.5708279402813206,0.003677763422095248,0.0,-0.018812410369731133,2.3713201912396564,24.127152186207507,250,25,124300,1.168010786667077,,,
high,453,0.5710124606061361,0.0036727896791006742,0.0,0.013745953248850593,2.304686486995038,24.060518481962887,250,25,124575,1.0699548544687767,,,
high,454,0.5708792096018404,0.0033615727493928604,0.0,-0.03877023469500106,2.64415850613396,24.399990501101808,250,25,124850,1.6866786919592172,,,
high,455,0.5707423283462006,0.0030921243228891893,0.0,-0.013753470698145531,2.308825751544654,24.064657746512502,250,25,125125,1.3410020882235318,,,
high,456,0.5710342902599758,0.003240250347616991,0.0,-0.014539764621489731,2.7251368566410945,24.480968851608942,250,25,125400,0.8737716392077058,,,
high,457,0.570992815617467,0.0032314610377125463,0.0,0.12165124362447743,2.7166060027772914,24.47243799774514,250,25,125675,1.2819712844499478,,,
high,458,0.5711323556491338,0.003184029041016112,0.0,0.06310168097509129,2.8504560910890917,24.606288086056942,250,25,125950,1.3327596107297204,,,
high,459,0.5711813265421714,0.003305042418484616,0.0,0.05044787654640844,4.24055642699978,25.99638842196763,250,25,126225,3.904317406875061,,,
high,460,0.5713180296046756,0.0031966371087486234,0.0,0.016239793378422983,3.692811354617773,25.448643349585623,250,25,126500,3.4693248121150284,,,
high,461,0.5712255694287823,0.0032907008523573866,0.0,0.024310723030201004,1.9937541922518398,23.749586187219688,250,25,126775,1.2112735569516087,,,
high,462,0.5713006491674137,0.0031804971029650853,0.0,0.022143792130953,1.1942735979399053,22.950105592907754,250,25,127050,0.473356419675694,,,
high,463,0.5712463066768112,0.0031719351520376193,0.0,-0.06595799257845592,1.9325159797538993,23.688347974721747,250,25,127325,0.8873048508226344,,,
high,464,0.5715167419227709,0.003161385911232273,0.0,-0.04667830826233891,3.6149489654458757,25.370780960413725,250,25,127600,4.115698149193275,,,
high,465,0.5716233563096854,0.003383679573901066,0.0,-0.04031143378585571,3.0507696491817264,24.806601644149577,250,25,127875,3.0146938425797107,,,
high,466,0.571716825993682,0.003645364895065617,0.0,0.008714994768314537,2.6438870646496886,24.39971905961754,250,25,128150,1.2339668028423898,,,
high,467,0.5716368999581007,0.0036294373947182157,0.0,0.012315265761613818,5.932039368783327,27.687871363751178,250,25,128425,7.373136474051549,,,
high,468,0.57156702250276,0.0035185819674035113,0.0,0.06911594757510625,2.695355387304914,24.451187382272764,250,25,128700,1.317859143272757,,,
high,469,0.5715103206556682,0.003690132552089609,0.0,-0.009823473119763684,5.066735445458378,26.822567440426226,250,25,128975,7.651691447333285,,,
high,470,0.5714220737053586,0.003425669784280383,0.0,0.010395773725528832,2.3122916858524762,24.068123680820324,250,25,129250,1.1463134830147237,,,
high,471,0.5712394162506997,0.003294878409229818,0.0,0.06459300744997803,5.7710565897027,27.526888584670548,250,25,129525,12.40362620760476,,,
high,472,0.5714124811361798,0.003487704107079881,0.0,0.03616501286168656,3.0783279237949257,24.834159918762776,250,25,129800,2.8970740392457697,,,
high,473,0.5715053824916931,0.0036640560776703968,0.0,-0.02097825716803502,3.6426229892575006,25.39845498422535,250,25,130075,3.406534691582772,,,
high,474,0.5715633040103583,0.003923232591606318,0.0,0.0021615197011275494,2.607335937949671,24.36316793291752,250,25,130350,1.1483186899379556,,,
high,475,0.5712604171774336,0.0038980117078076804,0.0,-0.02883210635283307,2.925854065244595,24.681686060212442,250,25,130625,1.2097117140009128,,,
high,476,0.5711339103577886,0.0037555138609470795,0.0,-0.04372722902553048,4.014167225373653,25.769999220341504,250,25,130900,3.061524821290092,,,
high,477,0.5712470403157903,0.0040592627751093735,0.0,-0.00708667935699516,5.448461278040737,27.204293273008588,250,25,131175,7.016477495689495,,,
high,478,0.5712071323921116,0.003868664674005373,0.0,0.032657161089255864,2.100746839638916,23.856578834606765,250,25,131450,1.0951558683002833,,,
high,479,0.5714355869877327,0.004350445831702965,0.0,-0.03938858615266015,3.4134992602325855,25.169331255200433,250,25,131725,3.847258231584527,,,
high,480,0.5714211931172214,0.0043503484809904736,0.0,0.046488734069384335,2.554611330613767,24.310443325581616,250,25,132000,0.9794398640031508,,,
high,481,0.5717083680447912,0.004317129117290097,0.0,-0.009521165378954383,2.402031181314649,24.157863176282497,250,25,132275,1.1984937216309222,,,
high,482,0.5716957465998714,0.004084855402207155,0.0,0.01878432598158209,2.5643500971710047,24.320182092138854,250,25,132550,1.413962838597012,,,
high,483,0.5717973353184973,0.0040455649482697975,0.0,0.0031899244136894163,2.314139625068728,24.069971620036576,250,25,132825,1.3275902278437752,,,
high,484,0.5716986215695407,0.0040849512207189465,0.0,-0.033675747894427406,1.9043210231448768,23.660153018112727,250,25,133100,1.3174422104383452,,,
high,485,0.5717955851812102,0.004392010445340211,0.0,-0.002461183435143682,1.9520204132889942,23.707852408256844,250,25,133375,1.257334197459424,,,
high,486,0.5717690676167001,0.004179888122256115,0.0,0.012804697638383324,5.733567285452865,27.489399280420713,250,25,133650,6.833335032568402,,,
high,487,0.5716367600619566,0.004088511478024581,0.0,0.10770496415491593,2.9673989080640943,24.723230903031943,250,25,133925,1.4307384194033685,,,
high,488,0.5715718683573604,0.003794251503957513,0.0,-0.06988952350639005,2.639152838323602,24.394984833291453,250,25,134200,1.242975745803001,,,
high,489,0.5716999183904299,0.004058860095473404,0.0,-0.009510828105503393,2.882632919569809,24.638464914537657,250,25,134475,3.4787674663034243,,,
high,490,0.5716255489654862,0.003759049784082258,0.0,-0.07354522690094767,1.9574915487653215,23.71332354373317,250,25,134750,1.40613023080835,,,
high,491,0.5718582860089207,0.0040480397430443515,0.0,0.0167464497066898,4.481606117998132,26.237438112965982,250,25,135025,2.9744468870074714,,,
high,492,0.5720800569855992,0.004332436654581495,0.0,-0.04080605923165761,2.2482132551867346,24.004045250154583,250,25,135300,1.2493271027445314,,,
high,493,0.5720865390308981,0.004473594301937722,0.0,-0.01846324871511064,4.213211574507026,25.969043569474877,250,25,135575,3.6464561075766766,,,
high,494,0.5721439647843896,0.004275185602875209,0.0,0.02479001327643064,2.51132766994478,24.26715966491263,250,25,135850,1.0724904678334841,,,
high,495,0.5722616033659431,0.0043412166805909536,0.0,-0.021597486005138417,3.186545200630198,24.94237719559805,250,25,136125,3.4323875463230142,,,
high,496,0.5720129553304119,0.0038642048105697047,0.0,-0.019270582086745282,4.217930497743218,25.973762492711067,250,25,136400,3.539494667129699,,,
high,497,0.5719116408686499,0.0033131209940451267,0.0,0.0023744955089295525,2.012519342637196,23.768351337605047,250,25,136675,1.2174612165289107,,,
high,498,0.5718892039612017,0.0038167015154628725,0.0,-0.04846188173113613,4.359844988730354,26.115676983698204,250,25,136950,3.329801105838964,,,
high,499,0.5719418604242196,0.0037978569015879593,0.0,-0.04772098307324598,2.5055630449030675,24.261395039870916,250,25,137225,1.2646581899995288,,,
high,500,0.5717461942744972,0.003822307529157132,0.0,-0.03905165636628077,3.5038563426079987,25.25968833757585,250,25,137500,3.256497163854333,,,
high,501,0.5717661163561939,0.004347962944950656,0.0,-0.0010364767096556946,2.9409016308137175,24.696733625781565,250,25,137775,2.505056391120953,,,
high,502,0.5716381075170942,0.004120768046397716,0.0,-0.01375155437137073,1.7704870451791161,23.526319040146966,250,25,138050,1.3815911162879364,,,
high,503,0.571821247109237,0.004379981996119886,0.0,-0.00890333582439136,3.59603231887218,25.35186431384003,250,25,138325,3.7097178156576542,,,
high,504,0.5718281427109457,0.004601127754504719,0.0,0.03868686433037697,2.7388535081865912,24.49468550315444,250,25,138600,1.228365193932328,,,
high,505,0.5716983245018054,0.004291133424549343,0.0,0.034288549298456775,3.776520324970128,25.532352319937978,250,25,138875,3.089786858964503,,,
high,506,0.5718375656726803,0.0043517251429241455,0.0,0.010137642704437996,3.6907741451877643,25.446606140155613,250,25,139150,3.584593685739285,,,
high,507,0.5716840662760608,0.004588759624766903,0.0,0.006233120042355373,2.9919026304903618,24.74773462545821,250,25,139425,0.7621958732381622,,,
high,508,0.5715240913444137,0.004130792615668288,0.0,-0.01122127444835657,2.6403467461852106,24.396178741153058,250,25,139700,1.3804885494446568,,,
high,509,0.5715222696882094,0.0041641256493916146,0.0,-0.0015302718393875017,2.8047696651467318,24.560601660114582,250,25,139975,1.0930982081174756,,,
high,510,0.5715943190927433,0.004127897616908571,0.0,-0.0210935769302269,5.965131554800501,27.72096354976835,250,25,140250,6.509662881331203,,,
high,511,0.5716495419643294,0.004245415853220025,0.0,-0.032649379162885385,1.8204505432829177,23.576282538250766,250,25,140525,1.035393462671221,,,
high,512,0.5717441228589714,0.004391643530177847,0.0,-0.023686746298387094,2.125219975873932,23.88105197084178,250,25,140800,1.1556271126340845,,,
high,513,0.5717164717989653,0.004319210094696824,0.0,-0.06145007229798173,2.495733984236654,24.251565979204504,250,25,141075,1.3236577630100308,,,
high,514,0.571771213746407,0.004406082527117827,0.0,0.0026438014657785064,4.277773051066117,26.033605046033966,250,25,141350,3.50381142339279,,,
high,515,0.5715886727277074,0.0044624158416111115,0.0,0.04290157358979189,3.2853994835100693,25.04123147847792,250,25,141625,3.6796071231937977,,,
high,516,0.571456105073191,0.004220720605356831,0.0,0.051079049793497,4.45506445562345,26.2108964505913,250,25,141900,3.7017875554939708,,,
high,517,0.5712769693611812,0.004191925601478852,0.0,0.001068928440316786,3.8059872482592447,25.561819243227095,250,25,142175,3.1256052368976808,,,
high,518,0.5709974361937491,0.0038414928871691734,0.0,0.058926294917447705,2.5845314043566723,24.34036339932452,250,25,142450,1.7440763268752335,,,
high,519,0.571300381312069,0.004062620584447396,0.0,-0.019674352688088922,5.070848660984141,26.82668065595199,250,25,142725,6.6656304499351915,,,
high,520,0.5712849836194316,0.004230425608094612,0.0,0.009050577045494031,2.6438941346082387,24.399726129576088,250,25,143000,1.1637863642339772,,,
high,521,0.5713062354689952,0.004493795632255604,0.0,-0.04236862651930952,2.4241196885026643,24.179951683470513,250,25,143275,1.225614826734425,,,
high,522,0.5713321035983043,0.004268393352454769,0.0,-0.06793449435417677,3.585032049343563,25.340864044311413,250,25,143550,3.651080620483064,,,
high,523,0.5712984724065198,0.0043903352233195525,0.0,-0.003155381767316816,2.4878044570658697,24.24363645203372,250,25,143825,1.1943620769187613,,,
high,524,0.5711149158595276,0.004541507927822486,0.0,-0.007236825702989452,4.281449172778668,26.037281167746517,250,25,144100,3.507173245270006,,,
high,525,0.570883642145623,0.004541431861507905,0.0,0.020558584768948743,3.075891959948624,24.831723954916473,250,25,144375,0.9775000204038145,,,
high,526,0.5708824159457666,0.0044252148201020525,0.0,0.004585033575769325,4.037061814625203,25.792893809593053,250,25,144650,3.5432845481192876,,,
high,527,0.5707095284180067,0.0042284083239634285,0.0,0.040628204504713536,4.063599597118586,25.819431592086435,250,25,144925,3.585984808446205,,,
high,528,0.5707019927455128,0.0038934297198599532,0.0,-0.0284974308726919,3.069746527137497,24.825578522105346,250,25,145200,3.3802789803572115,,,
high,529,0.5707843358776188,0.004138494943672466,0.0,0.020467329594278532,4.240165986376173,25.995997981344022,250,25,145475,3.4430243761206873,,,
high,530,0.5707557518527094,0.004065815024788311,0.0,0.015779113806098585,4.10039779904756,25.85622979401541,250,25,145750,3.544809928240921,,,
high,531,0.5707978061836262,0.004045699826164095,0.0,0.037582108179675125,3.578655809547606,25.334487804515454,250,25,146025,3.1564083181644356,,,
high,532,0.5707440907524325,0.003842064070730733,0.0,0.004008797539679723,2.4169869079713826,24.17281890293923,250,25,146300,0.9204649193435319,,,
high,533,0.5706539288451191,0.003926931099638931,0.0,-0.024491022277856645,2.014210747641299,23.77004274260915,250,25,146575,1.1624478662237436,,,
high,534,0.5705321472570654,0.0037508304011294458,0.0,0.03275755822284951,2.0807775343151325,23.83660952928298,250,25,146850,1.4747561735952508,,,
high,535,0.5706994712107024,0.00369047408273937,0.0,0.007314191056522846,2.779671755617798,24.535503750585647,250,25,147125,2.9335686034847535,,,
high,536,0.570691009744075,0.003781430533028707,0.0,-0.043475547676973925,2.4571714050319335,24.21300339999978,250,25,147400,1.0808969393330756,,,
high,537,0.5707181478175133,0.0037126082836582697,0.0,-0.007283930270442354,3.698277845382041,25.45410984034989,250,25,147675,3.232011573695675,,,
high,538,0.5708867821766003,0.004253552407567862,0.0,-0.024679295027618443,3.6210419704329966,25.376873965400847,250,25,147950,3.6671110158585756,,,
high,539,0.5711159148134685,0.0045388365862301105,0.0,-0.02333927049417562,5.098019500302895,26.853851495270746,250,25,148225,6.601542544360393,,,
high,540,0.5711925702362778,0.005022443023090517,0.0,-0.029945389819909893,3.2862705039073976,25.042102498875245,250,25,148500,3.263852066174699,,,
high,541,0.5713928176209168,0.005116439796755912,0.0,-0.033363818251286995,4.100097914743516,25.855929909711364,250,25,148775,3.1225659556052094,,,
high,542,0.5713284982349444,0.0049151221765583175,0.0,0.03846232886243396,3.201085257246372,24.95691725221422,250,25,149050,3.6797059515635473,,,
high,543,0.5713433288372348,0.005289083331827538,0.0,0.03621810325823748,3.8725790547851955,25.628411049753044,250,25,149325,3.826263756706862,,,
high,544,0.5712338283987665,0.005062060813489477,0.0,0.013738444735184598,2.476487618391498,24.232319613359348,250,25,149600,1.047829685508362,,,
high,545,0.5711233896963132,0.005151156727655426,0.0,0.031194956423857223,2.2237569398971986,23.97958893486505,250,25,149875,1.5226678231382076,,,
high,546,0.5712348657424532,0.004720465143090435,0.0,-0.06981257698299546,2.587656841373209,24.34348883634106,250,25,150150,1.3981703466183326,,,
high,547,0.571369825089503,0.005075196160305939,0.0,-0.0006308963116029292,4.373265252183501,26.12909724715135,250,25,150425,3.7971020738886474,,,
high,548,0.5717022682842957,0.005116184175919414,0.0,-0.0072358404465632615,2.6568996324753966,24.412731627443247,250,25,150700,1.3290532609370087,,,
high,549,0.5717972604540402,0.005381743060552613,0.0,0.0039382637922186926,1.7345968166723702,23.490428811640218,250,25,150975,1.3574038633045857,,,
high,550,0.5719058241487746,0.005616500915716305,0.0,-0.04478483775436294,2.103869716802765,23.859701711770615,250,25,151250,1.2537568206211733,,,
high,551,0.5718256533222672,0.005537421278733801,0.0,-0.007554235928542656,3.4569530917788978,25.21278508674675,250,25,151525,3.3488942496606375,,,
high,552,0.5715673710978211,0.005736343509314512,0.0,-0.01068867136147882,4.6513551576858445,26.407187152653695,250,25,151800,7.17343091835325,,,
high,553,0.5716269113272101,0.005753463713396245,0.0,-0.036933350198069974,2.526095403376334,24.281927398344184,250,25,152075,1.2918985840121966,,,
high,554,0.5713999850081949,0.005978938463946815,0.0,-0.02534430442694099,2.685544290535233,24.441376285503082,250,25,152350,1.3366600583455264,,,
high,555,0.5717284522381867,0.005874885505284255,0.0,0.04856608200833766,2.2010757940906487,23.956907789058498,250,25,152625,1.2222099979807954,,,
high,556,0.5716424067871919,0.006149303632074776,0.0,-0.008686927203476373,4.675396908378882,26.43122890334673,250,25,152900,3.3552313252475967,,,
high,557,0.5715412257969571,0.005708814179916755,0.0,0.01492428971673845,3.378837767905271,25.13466976287312,250,25,153175,3.3270914464410972,,,
high,558,0.5714294912992618,0.005430635808737705,0.0,-0.019363587007459326,1.823322582643125,23.579154577610975,250,25,153450,1.3264145845910527,,,
high,559,0.5712847548087665,0.0052632534948025,0.0,-0.00481440454898708,3.36158921752422,25.11742121249207,250,25,153725,3.6616949689659166,,,
high,560,0.5712139912025098,0.00563176857037484,0.0,-0.036118016666852,2.7747291372074634,24.53056113217531,250,25,154000,1.3397818469669565,,,
high,561,0.5710989046420697,0.005774788907231043,0.0,-0.03209888620689029,2.4073687608373593,24.163200755805207,250,25,154275,1.1603625544444054,,,
high,562,0.5710069123936615,0.005559731888214681,0.0,0.016636924338982194,3.94451450648566,25.70034650145351,250,25,154550,3.7160031812089995,,,
high,563,0.5712378309310298,0.005369673629507132,0.0,-0.015147956707887855,2.9306221224779896,24.686454117445837,250,25,154825,1.5150108820907313,,,
high,564,0.5713309301507956,0.005750107616225408,0.0,0.01593150610974847,3.846962921886051,25.6027949168539,250,25,155100,3.5319255675559025,,,
high,565,0.571535974735065,0.006109481718238996,0.0,-0.006915177371364773,1.7327154093566846,23.488547404324535,250,25,155375,1.3439215707057566,,,
high,566,0.5714631325618854,0.006269999403002102,0.0,-0.026517544635409944,2.65902076745137,24.41485276241922,250,25,155650,1.4475642115486618,,,
high,567,0.5713424571906975,0.0058839486741338876,0.0,0.017697647146368598,4.289293235886551,26.0451252308544,250,25,155925,3.3072483937567667,,,
high,568,0.5712134721164495,0.005827583252436042,0.0,-0.03287691677627499,4.419580776398858,26.17541277136671,250,25,156200,3.374111483112351,,,
high,569,0.5711795086659691,0.005434532068284814,0.0,0.02609386838624198,2.0793074253203225,23.835139420288172,250,25,156475,1.0064975590616518,,,
high,570,0.5710951435455769,0.0055221062616200856,0.0,-0.0519236213852375,3.0253001566463347,24.781132151614184,250,25,156750,1.3056118728663635,,,
high,571,0.5710886076974873,0.005590896149045177,0.0,0.009040793798054947,3.2453590091366404,25.00119100410449,250,25,157025,2.8515409218988914,,,
high,572,0.5709831972203211,0.005473158803419476,0.0,-0.045694158340425436,4.0605776763299195,25.81640967129777,250,25,157300,3.0520040158422743,,,
high,573,0.5709648049609443,0.005269534210976534,0.0,0.033477582912251586,2.6244099260894265,24.380241921057276,250,25,157575,1.454153106423544,,,
high,574,0.5710386350612617,0.004886572578963189,0.0,0.005213760333121771,2.0248753583182553,23.780707353286104,250,25,157850,1.0850434345141726,,,
high,575,0.5708560667994269,0.004544270344763013,0.0,0.08016243499377827,2.4922090001708606,24.24804099513871,250,25,158125,1.015432588237977,,,
high,576,0.5710174015605278,0.004212684274336742,0.0,0.013718411272480753,4.068328353747294,25.824160348715143,250,25,158400,2.8161536012955217,,,
high,577,0.5710046233065921,0.0042479995291279105,0.0,0.018528107527499105,4.6281663693554975,26.383998364323347,250,25,158675,3.364038557955933,,,
high,578,0.5711400201578292,0.004631621647328443,0.0,0.045137919203047244,3.0531223744879754,24.808954369455826,250,25,158950,3.394786852447519,,,
high,579,0.5711819636039142,0.004684152482673287,0.0,-0.03307289237649442,2.7585103912811944,24.514342386249044,250,25,159225,1.364696816291322,,,
high,580,0.5713182168841824,0.004552220875428836,0.0,-0.029813969891405095,1.8766342490881534,23.632466244056,250,25,159500,1.026927664550866,,,
high,581,0.5710833279898849,0.004479442631589392,0.0,0.0008876641933783598,1.8888839955077128,23.64471599047556,250,25,159775,1.4383011154879488,,,
high,582,0.5708530881587556,0.004007103327985817,0.0,-0.005648914054476035,2.4256464031506932,24.181478398118543,250,25,160050,1.1373315049618475,,,
high,583,0.5711148268349292,0.004066318962761661,0.0,-0.04388980289575655,3.222951082747228,24.97878307771508,250,25,160325,3.916637639718653,,,
high,584,0.5711994262671614,0.004210457119728339,0.0,0.045575818840776446,4.334591116212934,26.090423111180783,250,25,160600,4.082810637326169,,,
high,585,0.5712559812595228,0.004865291381307091,0.0,0.020408409325168513,3.9553789993684907,25.71121099433634,250,25,160875,3.469556875982432,,,
high,586,0.5712330135281375,0.004569539708955905,0.0,0.01720398058271759,2.6842334206063034,24.440065415574153,250,25,161150,1.2970491064825314,,,
high,587,0.5713115529590274,0.004702526810097085,0.0,-0.016932320273501715,2.166969749181372,23.922801744149222,250,25,161425,1.1083119907236796,,,
high,588,0.5712138312162677,0.004566432488641192,0.0,0.017296957985671137,2.115978830420013,23.87181082538786,250,25,161700,1.1315794065570965,,,
high,589,0.5712787079370949,0.004304153269137467,0.0,-0.024899095955568124,2.937972924403822,24.693804919371672,250,25,161975,1.295561691813913,,,
high,590,0.571285449608031,0.004460659889794938,0.0,0.003424368507978732,2.063574497615168,23.819406492583017,250,25,162250,1.0692347384961003,,,
high,591,0.5713184173018732,0.004341176797681423,0.0,0.01450983193862502,1.8505508809055051,23.606382875873354,250,25,162525,1.1858601913038214,,,
high,592,0.5714495704886418,0.004445720199149794,0.0,0.012702010260252783,2.5754736339619364,24.331305628929787,250,25,162800,1.3654790360224764,,,
high,593,0.5713479815829342,0.0037650869496874684,0.0,0.07622376490599714,3.8351874656505403,25.59101946061839,250,25,163075,3.4160075916383392,,,
high,594,0.5713888025540469,0.0036910076968672545,0.0,-0.049444927788799824,3.2688170706268043,25.02464906559465,250,25,163350,3.2626712412067658,,,
high,595,0.5712605748665421,0.0038834249252949204,0.0,0.04544866008132157,4.388773302694668,26.144605297662515,250,25,163625,3.0810391824130607,,,
high,596,0.5713314180132614,0.0036224292218256515,0.0,0.012929900336238349,1.9183464363483955,23.674178431316246,250,25,163900,1.388274732733056,,,
high,597,0.5714478017689119,0.0034441828049638357,0.0,-0.030190118838282654,3.0383341221457556,24.794166117113605,250,25,164175,3.0998081982489736,,,
high,598,0.5714609284901471,0.0035806174297852156,0.0,0.05417549506790024,2.96693094185163,24.72276293681948,250,25,164450,3.6445882332339004,,,
high,599,0.5714045796122236,0.0033766403309485327,0.0,-0.020538823019766103,2.1417167957702192,23.897548790738067,250,25,164725,1.4231476722706409,,,
high,600,0.5712267017622854,0.0033643459750873905,0.0,-0.02505435750616684,4.078729700752747,25.834561695720595,250,25,165000,3.227691900683548,,,
high,601,0.571215464667318,0.0034554576789239677,0.9,0.8318035935062624,5.23413760863615,26.989969603604,250,25,165275,6.707590020166287,,,
high,602,0.5712148235252079,0.0035653231009475927,0.9,0.843422268250945,2.3797919354099806,24.13562393037783,250,25,165550,1.3409949967188257,,,
high,603,0.5712884275997913,0.003202912384521417,0.9,0.8592736088356014,3.5835277114039368,25.339359706371788,250,25,165825,2.924175737170604,,,
high,604,0.5711274285689343,0.002752789436912706,0.9,0.9265579260676253,2.6726791378352504,24.4285111328031,250,25,166100,1.1521184372773683,,,
high,605,0.5712010871653023,0.002823781989895635,0.9,0.8288192582909591,3.701429869029277,25.457261863997125,250,25,166375,3.4209243270602987,,,
high,606,0.5712559412356479,0.0026582795405012405,0.9,0.8941460747122303,2.728617430761786,24.484449425729636,250,25,166650,3.460115996980788,,,
high,607,0.5712175732018624,0.0025504092402748313,0.9,0.9254760639703601,3.8430046494490644,25.598836644416913,250,25,166925,3.7401376554163526,,,
high,608,0.5712671208678732,0.0029752758347439956,0.9,0.8814239385989905,1.6908352745555024,23.446667269523353,250,25,167200,0.9189281651101071,,,
high,609,0.5712130894824354,0.0031987175489133213,0.9,0.9048763761092556,3.4174568368831744,25.173288831851025,250,25,167475,3.356740977097247,,,
high,610,0.5712200607646317,0.002663175520424277,0.9,0.8966520248267552,2.5841847104871545,24.340016705455003,250,25,167750,3.2678707272478635,,,
high,611,0.5714500392677649,0.003138519186503985,0.9,0.890941058947629,3.4070279649452653,25.162859959913114,250,25,168025,3.4314413534690433,,,
high,612,0.5711868980993424,0.003129598204455908,0.9,0.8862713493787643,3.9578217719672106,25.71365376693506,250,25,168300,3.612546073001335,,,
high,613,0.5711203157681524,0.003355636263375761,0.9,0.9032838702607336,3.4066376983562097,25.16246969332406,250,25,168575,3.3754862013289166,,,
high,614,0.571244492398549,0.0030487873967495194,0.9,0.8778009599941625,1.7600384620477854,23.515870457015634,250,25,168850,1.518543401581724,,,
high,615,0.5713277872684558,0.003506415950806252,0.9,0.8718523374213552,5.1486533963578704,26.90448539132572,250,25,169125,7.0115197337178685,,,
high,616,0.5714752134529736,0.003945987647567595,0.9,0.8469677666717864,3.8475590161427027,25.603391011110553,250,25,169400,4.254777671373903,,,
high,617,0.5713501655759256,0.003501950275862087,0.9,0.9511712588847733,2.9551877926871017,24.71101978765495,250,25,169675,1.1412917685706305,,,
high,618,0.5713664745213071,0.003334663426214024,0.9,0.8895239445033613,3.0477442927327605,24.803576287700608,250,25,169950,3.749992737161343,,,
high,619,0.5713636622984218,0.003541587675601754,0.9,0.9636343019462325,1.7969785467115953,23.552810541679445,250,25,170225,0.9938641822587989,,,
high,620,0.5713419816974425,0.0036172163030678828,0.9,0.9280815815410334,2.923427032083701,24.67925902705155,250,25,170500,3.472264818382241,,,
high,621,0.5713826739020521,0.003857570571213942,0.9,0.9095194474801568,2.5905333624862474,24.346365357454097,250,25,170775,1.2106333785643268,,,
high,622,0.5712424993623464,0.003939385876325696,0.9,0.9728298274618198,2.5776187692627532,24.3334507642306,250,25,171050,1.0417270736182436,,,
high,623,0.5710679478506325,0.0037105778983893556,0.9,0.811354557148678,2.5536273505327958,24.309459345500645,250,25,171325,1.3666320740599756,,,
high,624,0.5711772719270418,0.0038485729019240855,0.9,0.8804406634320948,3.747315995518868,25.503147990486717,250,25,171600,3.8237328465202802,,,
high,625,0.5710381622660085,0.004014986079192484,0.9,0.90693595417631,5.205930843907222,26.96176283887507,250,25,171875,7.085526845553,,,
high,626,0.5709622141050403,0.0037405582784511004,0.9,0.9987615063295497,1.724413346410089,23.480245341377938,250,25,172150,1.5188413005843302,,,
high,627,0.5709168696994684,0.003972005012164326,0.9,0.9485574725078648,2.3795098595217214,24.13534185448957,250,25,172425,1.3618549660624553,,,
high,628,0.5708340231877422,0.003790183659656332,0.9,0.9118274361806906,3.558836538544431,25.31466853351228,250,25,172700,3.661646253205241,,,
high,629,0.5708067899861985,0.0035389963578095207,0.9,0.9311703712170245,1.9633151856845732,23.71914718065242,250,25,172975,1.3542882583848574,,,
high,630,0.5708206290188024,0.003705017318038073,0.9,0.8782394648934669,3.1786474523469863,24.934479447314835,250,25,173250,3.0665772393575708,,,
high,631,0.5709233043652749,0.004015053035778315,0.9,0.8546032492877308,4.385385314236007,26.141217309203856,250,25,173525,7.372200182768477,,,
high,632,0.5710402664626454,0.00429813825621439,0.9,0.8840117406557884,3.225943731175809,24.98177572614366,250,25,173800,3.2021376442778857,,,
high,633,0.5711386658863187,0.0043100567110367916,0.9,0.8912969113154569,1.829711359961538,23.58554335492939,250,25,174075,1.141465215167256,,,
high,634,0.5713090230627597,0.0038073616100385843,0.9,0.9131439047932441,1.8511907555457943,23.607022750513643,250,25,174350,1.1942393549868549,,,
high,635,0.5711107066603908,0.003997403043529246,0.9,0.8597278988815263,2.6035196846977167,24.359351679665565,250,25,174625,3.5081006179402827,,,
high,636,0.5709685078275348,0.0036820052156674166,0.9,0.8829120589796937,2.1027100391704847,23.858542034138335,250,25,174900,1.2005837239822068,,,
high,637,0.5709485977712864,0.0036873953158441664,0.9,0.9100151156960508,1.8874278996590463,23.643259894626894,250,25,175175,1.2622960777285896,,,
high,638,0.5711631710278297,0.0031775280824314356,0.9,0.8533797472946671,2.016949339943333,23.772781334911183,250,25,175450,1.64907937918752,,,
high,639,0.571329843393196,0.002959888441185332,0.9,0.8483272850824786,4.099920651527429,25.85575264649528,250,25,175725,2.995450945503839,,,
high,640,0.5714117095955068,0.003106058369677256,0.9,0.9170655338034059,5.48156843798718,27.237400432955027,250,25,176000,6.879587949964806,,,
high,641,0.5714782027331918,0.0032388720187395137,0.9,0.8679311929127302,3.1400228267034365,24.895854821671286,250,25,176275,3.9102151060771653,,,
high,642,0.5713031275396323,0.003139283515590674,0.9,0.9453025403676538,2.203467950835735,23.959299945803583,250,25,176550,1.1333157097156048,,,
high,643,0.5712898989461269,0.0027876152999342096,0.9,0.8967864098240806,2.691053129657104,24.446885124624952,250,25,176825,1.2560280641166155,,,
high,644,0.5714037256443957,0.0028215517341770857,0.9,0.8928245924197912,1.7553461681255205,23.51117816309337,250,25,177100,1.338032339319346,,,
high,645,0.5716520528262512,0.0031979113697483408,0.9,0.8488050612412822,1.7184012581473895,23.474233253115237,250,25,177375,1.4211326355131342,,,
high,646,0.5716155047340323,0.0030603867214483715,0.9,0.9562222981719068,2.011960220183856,23.767792215151704,250,25,177650,1.156351590968734,,,
high,647,0.5718068706582834,0.003186795664897213,0.9,0.8546831838670403,4.062359464868259,25.818191459836108,250,25,177925,4.996233816920924,,,
high,648,0.5717773507020868,0.003351059030934911,0.9,0.9250271919509087,2.5611957330421915,24.31702772801004,250,25,178200,1.3785061953234303,,,
high,649,0.5717190815641299,0.003945819914696558,0.9,0.9133284807520866,3.543458516260749,25.299290511228598,250,25,178475,3.099119233605323,,,
high,650,0.5718648022541155,0.003876173021923779,0.9,0.8721348717388516,4.246355056957882,26.00218705192573,250,25,178750,3.942070890716388,,,
high,651,0.5719568666712185,0.003975687688024476,0.9,0.8698936221349344,2.7081117356512694,24.463943730619118,250,25,179025,1.2820695335474614,,,
high,652,0.5718261688883087,0.004002870798766267,0.9,0.9728500334500633,2.8495914562076274,24.605423451175476,250,25,179300,3.2761959621406085,,,
high,653,0.5718370933180477,0.004260749372762218,0.9,0.8803511732367606,2.4622103121757672,24.218042307143616,250,25,179575,1.019929659687002,,,
high,654,0.5719282491137383,0.0043951246939073485,0.9,0.9539556285981555,2.565986123882036,24.321818118849883,250,25,179850,1.847212560326353,,,
high,655,0.5718879993409247,0.004117172797466706,0.9,0.8784341234012039,2.0749599941166235,23.830791989084474,250,25,180125,1.1950870730576828,,,
high,656,0.5718451069041054,0.0036175632374700895,0.9,0.8870514890830017,1.8446695157029982,23.600501510670846,250,25,180400,1.5038003694623263,,,
high,657,0.5718118215225809,0.003743499018403873,0.9,0.8565477806290578,1.9997933957128744,23.755625390680724,250,25,180675,1.4879059210891667,,,
high,658,0.5717881919806312,0.0038310104782172116,0.9,0.9372447666252215,2.8562492461496864,24.612081241117536,250,25,180950,3.4436061921966483,,,
high,659,0.5719648767725104,0.004106885819700645,0.9,0.8544242618198217,2.27253288983574,24.02836488480359,250,25,181225,1.4254325004070083,,,
high,660,0.571920752909174,0.004160574637163905,0.9,0.9715836702982794,3.2152907751905357,24.971122770158384,250,25,181500,3.0753264542998666,,,
high,661,0.5719003068391224,0.00415627960636622,0.9,0.8714368707244893,2.746113245763698,24.501945240731548,250,25,181775,1.3883730050316536,,,
high,662,0.5718371040379289,0.003980846716778674,0.9,0.8961765248245962,2.6427823562714785,24.398614351239328,250,25,182050,1.6014454382640084,,,
high,663,0.5719509195998306,0.003847997510369461,0.9,0.8971683935112726,3.6292523347897707,25.38508432975762,250,25,182325,3.9355441021838633,,,
high,664,0.5720829469035862,0.004039602964211464,0.9,0.9479242597138582,2.548012096764465,24.303844091732316,250,25,182600,1.1553765456264828,,,
high,665,0.5720796067835858,0.003913337385910265,0.9,0.9551504180026479,3.0171395650137676,24.772971559981617,250,25,182875,1.1711298316868,,,
high,666,0.5721367779141012,0.003955184674227841,0.9,0.9349646132637902,2.7005621839029987,24.45639417887085,250,25,183150,1.1121866103397768,,,
high,667,0.5719449583684972,0.004355305544784582,0.9,0.9248834579143652,3.755453497685481,25.51128549265333,250,25,183425,3.2054248211851513,,,
high,668,0.5718116119533765,0.00460105601197347,0.9,0.8629629412596845,4.237710680033145,25.993542675000995,250,25,183700,3.52272121167053,,,
high,669,0.571778130950062,0.004581772125086592,0.9,0.9447342406521516,2.6725750876833643,24.428407082651212,250,25,183975,0.9454437243576848,,,
high,670,0.5717402530032055,0.004335316654038079,0.9,0.9423068853344873,3.180525261199851,24.9363572561677,250,25,184250,4.241166205559563,,,
high,671,0.5718610616545404,0.004706717452477305,0.9,0.9505212256721337,4.47246325963306,26.22829525460091,250,25,184525,6.587697889721293,,,
high,672,0.5718877867596522,0.0048665470315790715,0.9,0.9015283615184337,2.6693064288359727,24.425138423803823,250,25,184800,1.175648941235645,,,
high,673,0.5720563857955144,0.00461228758751997,0.9,0.8860682808656052,2.2140622545839275,23.96989424955178,250,25,185075,1.0304829555584532,,,
high,674,0.5721486501737119,0.004667225915836459,0.9,0.8286818092275111,2.470686656167355,24.226518651135205,250,25,185350,1.1837075163456736,,,
high,675,0.5719696750890044,0.004319109403569388,0.9,0.8640437695000859,5.152494912119901,26.90832690708775,250,25,185625,7.424790874879276,,,
high,676,0.571751283000509,0.004196538316616705,0.9,0.8886970674185191,4.26583092509476,26.02166292006261,250,25,185900,3.4764162883456335,,,
high,677,0.5717599367738774,0.00416853943993345,0.9,0.9791059753462041,2.168661586847575,23.924493581815426,250,25,186175,1.3391098747411947,,,
high,678,0.5717636452051416,0.00432697158380646,0.9,0.8758884555288171,2.8760346267280767,24.631866621695927,250,25,186450,1.1508039524582316,,,
high,679,0.5718033382788285,0.004290856218407857,0.9,0.8777009095794034,4.000034119786269,25.75586611475412,250,25,186725,4.001965268564416,,,
high,680,0.5718343773455238,0.0042397991192311135,0.9,0.8892071526255253,4.395376067880068,26.151208062847918,250,25,187000,3.5494383493967763,,,
high,681,0.5719878659019172,0.004408308143760364,0.9,0.8972411197750672,3.145475477825063,24.90130747279291,250,25,187275,2.9085207908056345,,,
high,682,0.571826852564128,0.004231087403211542,0.9,0.9104862820060899,4.324796445710069,26.08062844067792,250,25,187550,3.503450748205152,,,
high,683,0.5718581463876394,0.004289272310114223,0.9,0.8442319873364752,2.576182203734977,24.332014198702826,250,25,187825,1.3033577062231727,,,
high,684,0.5715541506943208,0.004042656337564288,0.9,0.896956917404472,3.3188064972383704,25.07463849220622,250,25,188100,3.5174884116845133,,,
high,685,0.5717181511261235,0.004195080998199208,0.9,0.8222382789767892,2.027024805966219,23.78285680093407,250,25,188375,1.1296205900616332,,,
high,686,0.5716053706357686,0.0040013319287092175,0.9,0.8516162183554611,4.954022657190157,26.709854652158008,250,25,188650,7.1614904442384155,,,
high,687,0.5715706801152952,0.003891172551748756,0.9,0.9162547814023773,4.059507732645913,25.81533972761376,250,25,188925,3.8837165116334567,,,
high,688,0.5715028521127333,0.0036495267251722696,0.9,0.9477332117879989,3.590297421888986,25.346129416856837,250,25,189200,3.336182103028977,,,
high,689,0.5713546251339228,0.004158960004484125,0.9,0.8500123626199669,4.229588771298736,25.985420766266586,250,25,189475,3.1426258399558495,,,
high,690,0.5714589223269341,0.003971609220271954,0.9,0.8481821808988506,2.914540307695545,24.670372302663395,250,25,189750,1.2238313980830333,,,
high,691,0.5716803947501623,0.004211405914630428,0.9,0.8981611274508172,3.0181503187979413,24.773982313765792,250,25,190025,1.2952764496589748,,,
high,692,0.5715976430963641,0.004487434667142187,0.9,0.8969874449215676,3.905858867986098,25.661690862953947,250,25,190300,3.489460363413723,,,
high,693,0.5715505515014242,0.004361204371628125,0.9,0.8662621434010057,3.7842369996213754,25.540068994589223,250,25,190575,3.6805436548479102,,,
high,694,0.5713579298118395,0.004489960058004616,0.9,0.8920648600191956,4.066600792327128,25.82243278729498,250,25,190850,3.272889297283445,,,
high,695,0.5711988353984396,0.004050801558677097,0.9,0.8811252877660146,3.0138599174438165,24.769691912411666,250,25,191125,3.375853260830034,,,
high,696,0.5712001835740212,0.003998813254175726,0.9,0.8828505880488784,1.2684011972416371,23.024233192209486,250,25,191400,0.38466231740211365,,,
high,697,0.5713953914592161,0.004189567780113479,0.9,0.8884847002431325,1.8294767535238314,23.58530874849168,250,25,191675,1.4120749921434328,,,
high,698,0.5711190851071932,0.00423966295957523,0.9,0.9173369838646238,2.4987310601044315,24.254563055072282,250,25,191950,1.1949737950505692,,,
high,699,0.5710500692160579,0.004082544265110344,0.9,0.8766023467752104,2.3636193692779512,24.1194513642458,250,25,192225,1.2438816826161168,,,
high,700,0.5710682911663612,0.004003468084523343,0.9,0.9114688791246273,4.072203094563423,25.828035089531273,250,25,192500,3.3265241765157736,,,
high,701,0.5712207308452953,0.003979569574297348,0.9,0.9075957156239571,3.2267430133949366,24.982575008362787,250,25,192775,3.159787595361337,,,
high,702,0.571279072497192,0.004292052175755567,0.9,0.9236269646398698,2.37056530919012,24.12639730415797,250,25,193050,1.2930541911326616,,,
high,703,0.5712892580840389,0.004662613319342368,0.9,0.8740852736448913,2.108790000615483,23.86462199558333,250,25,193325,1.4918618812185838,,,
high,704,0.5715718834940127,0.004885264227081909,0.9,0.9503793158413173,5.175090400599881,26.93092239556773,250,25,193600,6.833646765904473,,,
high,705,0.5712567875260981,0.004745360185607783,0.9,0.9043672198372477,2.689861528320568,24.445693523288416,250,25,193875,3.5029966670019235,,,
high,706,0.5713844594479249,0.004687395862093768,0.9,0.9381970305281971,4.309024043199413,26.064856038167264,250,25,194150,3.0937911298230176,,,
high,707,0.571610511661533,0.005144184720294653,0.9,0.9375630853125674,3.3532079788557145,25.109039973823563,250,25,194425,2.970164455725181,,,
high,708,0.5716229691750762,0.004871073480485211,0.9,0.9788901781827605,3.905909372813797,25.661741367781644,250,25,194700,3.324974538987974,,,
high,709,0.571692316680684,0.005534004082112687,0.9,0.8889602880538724,3.7069246414241848,25.462756636392033,250,25,194975,3.7831447102821434,,,
high,710,0.5715347301941152,0.005461889153653643,0.9,0.8393106502458199,4.040699657136097,25.796531652103944,250,25,195250,3.2104195184125266,,,
high,711,0.5716769151676763,0.005346701940608711,0.9,0.8719861592416092,3.771104368830636,25.526936363798484,250,25,195525,3.9213632181747893,,,
high,712,0.5717335032521812,0.005347123205727167,0.9,0.8885964653681104,2.0449815089616172,23.800813503929465,250,25,195800,1.0376407267354226,,,
high,713,0.5717958551651214,0.005605870462340068,0.9,0.8905842452092587,4.665626096872005,26.421458091839853,250,25,196075,7.955289039998388,,,
high,714,0.5716815200524878,0.005070442286375099,0.9,0.8839295418941071,3.4185330326255894,25.17436502759344,250,25,196350,3.415221824994977,,,
high,715,0.5716176482474902,0.005241103948399273,0.9,0.8792062425344966,2.643104922988151,24.398936917956,250,25,196625,1.0897051786212963,,,
high,716,0.5718988330662768,0.00578993248850268,0.9,0.9028144852458265,1.4280501295473615,23.18388212451521,250,25,196900,0.6224202908050274,,,
high,717,0.571876932116741,0.005640761760801083,0.9,0.9262180581945664,2.411680093438113,24.167512088405964,250,25,197175,1.0593533732551341,,,
high,718,0.5715867753730074,0.005706431526869893,0.9,0.9210278811519341,3.784030555078089,25.53986255004594,250,25,197450,3.4241522918289964,,,
high,719,0.57129437506312,0.0053811093508987495,0.9,0.9063580352923897,2.100611052581506,23.856443047549355,250,25,197725,1.4342177198623145,,,
high,720,0.5715092756876096,0.005477984706934391,0.9,0.8971222830753116,2.0433064945369246,23.799138489504774,250,25,198000,1.109693238233503,,,
high,721,0.5713645586581854,0.005473357383410704,0.9,0.9128641496556971,4.4875137301711705,26.24334572513902,250,25,198275,3.918898402072976,,,
high,722,0.5712648564356715,0.005661410526435873,0.9,0.8409220501340906,2.576933005440283,24.33276500040813,250,25,198550,1.24339078575909,,,
high,723,0.5714233753389895,0.005952091200121967,0.9,0.8474017283113415,5.839701501549908,27.595533496517756,250,25,198825,5.934328977445851,,,
high,724,0.5714703854499991,0.00558299994004563,0.9,0.906953437206855,1.8119550760784877,23.567787071046336,250,25,199100,1.2350761328120199,,,
high,725,0.5715556591658929,0.005669637429642438,0.9,0.8683966725385578,5.29515792799797,27.05098992296582,250,25,199375,6.504503950054216,,,
high,726,0.5715122699807258,0.005631905745622223,0.9,0.8471593100328446,2.861935132042686,24.617767127010534,250,25,199650,3.6420936507266015,,,
high,727,0.5715287321628147,0.005519040868676162,0.9,0.9191941393677402,3.5329052398648715,25.28873723483272,250,25,199925,3.0479651092988918,,,
high,728,0.5714157339389613,0.005369504459163954,0.9,0.9052124935054757,2.0658932321788046,23.821725227146654,250,25,200200,1.2619234682364993,,,
high,729,0.5714705480509447,0.004969035362794028,0.9,0.9257535695838308,4.275282680099266,26.031114675067116,250,25,200475,3.515973471781434,,,
high,730,0.5713286985968948,0.005063221170438781,0.9,0.9346213436266511,3.7521184119607676,25.507950406928618,250,25,200750,3.579563204742326,,,
high,731,0.5713451014985161,0.004951842235903836,0.9,0.9059143393736179,1.9945228876281456,23.750354882595996,250,25,201025,1.1318076393461494,,,
high,732,0.5712853513250226,0.005065643157460165,0.9,0.9264519107453985,2.313011448285829,24.068843443253677,250,25,201300,1.1648551916151737,,,
high,733,0.5711558286573596,0.005074714667039126,0.9,0.9242002818598518,3.690322791166056,25.446154786133906,250,25,201575,3.684797147381235,,,
high,734,0.5713382673350861,0.005423549827715091,0.9,0.8935290337210959,3.102127205272703,24.85795920024055,250,25,201850,3.820143878615911,,,
high,735,0.571320893825795,0.005377449555924785,0.9,0.9453452303853053,2.006348319528519,23.76218031449637,250,25,202125,1.231897151519208,,,
high,736,0.5714838669575572,0.00585912516728615,0.9,0.8786849150482635,3.899791974546117,25.655623969513968,250,25,202400,3.0335359921226854,,,
high,737,0.571448367376024,0.005841208957297228,0.9,0.9201608268803527,3.554923144113516,25.310755139081365,250,25,202675,3.1862038691500056,,,
high,738,0.5716049023582466,0.005966668013922871,0.9,0.8841831847054828,2.5774832629059508,24.3333152578738,250,25,202950,1.127586046579608,,,
high,739,0.5715765186668696,0.005641884919012297,0.9,0.9334404843664944,2.6702169867641863,24.426048981732034,250,25,203225,1.3585236315698248,,,
high,740,0.5715806282780425,0.005073126402079131,0.9,0.9502363621108912,3.302927074024078,25.058759068991925,250,25,203500,3.3262868384392394,,,
high,741,0.571606065485868,0.004593756664697635,0.9,0.9605373460566659,4.161968972064006,25.917800967031855,250,25,203775,3.0267757248540352,,,
high,742,0.5716470776524143,0.004419413554349494,0.9,0.8350466779451687,4.459703450612306,26.215535445580155,250,25,204050,3.3056241052924036,,,
high,743,0.5717917030917115,0.004474379864021882,0.9,0.8894797358725162,3.0179380127996476,24.773770007767496,250,25,204325,2.8501753978990974,,,
high,744,0.5719384390670778,0.004346770957969648,0.9,0.8370814165489403,4.072405736558979,25.828237731526826,250,25,204600,3.455246962754762,,,
high,745,0.571967023005251,0.004684362706708023,0.9,0.8979861022947325,4.281324795784879,26.03715679075273,250,25,204875,3.28787247829857,,,
high,746,0.5719177831340466,0.004768890403435422,0.9,0.8643832830293734,5.823826915640936,27.579658910608785,250,25,205150,6.295383178767923,,,
high,747,0.5718631493688414,0.00464358277161836,0.9,0.9176464635051581,2.0026839829717873,23.758515977939638,250,25,205425,1.0945945093896303,,,
high,748,0.5721166982538927,0.004805759265834264,0.9,0.8716497413162678,2.4315772748375015,24.18740926980535,250,25,205700,1.3944647084321304,,,
high,749,0.5721068346593425,0.004870217843654712,0.9,0.9244583443120035,3.691554210684374,25.447386205652222,250,25,205975,3.321533635883476,,,
high,750,0.5722007700926293,0.005169564716052566,0.9,0.9201524406866428,2.2303191365638546,23.986151131531702,250,25,206250,0.9521191881816339,,,
high,751,0.5724162200743784,0.005267483797998129,0.9,0.8663352228147234,2.2059921707792265,23.961824165747075,250,25,206525,1.1147670387375685,,,
high,752,0.5722717296349281,0.0052563001514116525,0.9,0.9592500851308181,1.7563084271753089,23.51214042214316,250,25,206800,1.2542378210696798,,,
high,753,0.5721982745537378,0.005566499512322243,0.9,0.9417322956789714,2.7050363035108305,24.46086829847868,250,25,207075,0.9561166182240223,,,
high,754,0.5722183113240399,0.005335459763084693,0.9,0.9184011334956329,2.552995423157415,24.308827418125265,250,25,207350,1.259102090357226,,,
high,755,0.5722925058418035,0.0056110450748561025,0.9,0.9003858978497561,3.996043209271186,25.751875204239035,250,25,207625,3.4063920591160652,,,
high,756,0.572116794761412,0.00555048784707457,0.9,0.9225838622744744,2.6084422673368595,24.364274262304708,250,25,207900,3.8855397061066554,,,
high,757,0.5723059324877331,0.0055162865537369266,0.9,0.9626472350312943,1.9115869680471573,23.667418963015006,250,25,208175,1.3371391738735643,,,
high,758,0.5722310772518824,0.005492820853687741,0.9,0.9445588606287222,2.03766989935751,23.79350189432536,250,25,208450,1.2915654823767195,,,
high,759,0.5723957203851799,0.005578873920286442,0.9,0.8658428335466288,2.755019381670332,24.510851376638183,250,25,208725,1.0940934957699038,,,
high,760,0.5724489485030609,0.005886028860442094,0.9,0.8617487704167638,3.051714690990933,24.807546685958783,250,25,209000,1.4810889169778136,,,
high,761,0.5724509811400904,0.0059684358472867904,0.9,0.8365117162913811,3.0820985003023993,24.83793049527025,250,25,209275,3.7695536768019107,,,
high,762,0.5722792620539826,0.005575339266972845,0.9,0.894871289651661,5.347678685157459,27.103510680125307,250,25,209550,6.503354886760553,,,
high,763,0.5724380516017574,0.005673996877433418,0.9,0.8360270406956722,3.9809558795566398,25.736787874524488,250,25,209825,3.2477324040805273,,,
high,764,0.5723194623354422,0.005382835387915286,0.9,0.9115621397805372,4.282433946497028,26.03826594146488,250,25,210100,3.763427102830603,,,
high,765,0.5724985765547583,0.005100932281951631,0.9,0.8723141555698469,4.506702142708792,26.262534137676642,250,25,210375,4.029953019749112,,,
high,766,0.5723090137819264,0.004888774183278155,0.9,0.9198694078576348,1.9970145014840908,23.75284649645194,250,25,210650,1.2501482840830798,,,
high,767,0.5723761279513397,0.004871078119976779,0.9,0.9064274480167503,2.3566758312045413,24.11250782617239,250,25,210925,1.386896126424336,,,
high,768,0.5722707729210244,0.004825716496335453,0.9,0.8912047793596093,2.2719598260423837,24.027791821010233,250,25,211200,1.163974119960408,,,
high,769,0.5722104271706956,0.00464453868688397,0.9,0.9129859927540586,2.9692454294304587,24.725077424398307,250,25,211475,1.8352432422919909,,,
high,770,0.5723443693848466,0.004504926146889687,0.9,0.8978811493097386,3.642539300238505,25.398371295206353,250,25,211750,3.1288058304468986,,,
high,771,0.5722940200290217,0.0043847294866642406,0.9,0.9198569791292,3.78822041720717,25.54405241217502,250,25,212025,3.3044972551022824,,,
high,772,0.5720651697487967,0.003891668391272529,0.9,0.8780808323996588,2.050376979014637,23.806208973982486,250,25,212300,1.5154474412278898,,,
high,773,0.5719800887040258,0.0039391537261199705,0.9,0.9259050227237577,4.291190216417129,26.047022211384977,250,25,212575,3.3275627529909193,,,
high,774,0.5718088740080602,0.0037603462062431037,0.9,0.8987425729736975,1.8465770474412113,23.60240904240906,250,25,212850,1.2918772512961,,,
high,775,0.571862781195417,0.0037862162786607145,0.9,0.8616619307428632,2.3660244783518323,24.12185647331968,250,25,213125,1.2518331332032218,,,
high,776,0.5717286887497208,0.003812868909949918,0.9,0.8878734254174835,4.222071905600122,25.97790390056797,250,25,213400,3.1915528984834047,,,
high,777,0.5714718416803124,0.003662146073535655,0.9,0.8938290153597989,2.4978570575543673,24.253689052522216,250,25,213675,1.3233885843261575,,,
high,778,0.5712627766463331,0.00380111028963237,0.9,0.8546528517496078,3.3001593629023667,25.055991357870216,250,25,213950,3.055924502592477,,,
high,779,0.5713325496827146,0.003999436840576132,0.9,0.8818757312537654,3.3451366608309194,25.10096865579877,250,25,214225,3.3674261737331994,,,
high,780,0.5712874869735234,0.0038299194722595242,0.9,0.8773071777184518,2.074596057129805,23.830428052097655,250,25,214500,1.1316656838525527,,,
high,781,0.5714203250759992,0.003683507494313676,0.9,0.9214546647403733,2.8902180831969315,24.64605007816478,250,25,214775,1.0000130152115931,,,
high,782,0.5715354474411231,0.003897297673525091,0.9,0.9244560631285592,1.9515365403643183,23.70736853533217,250,25,215050,1.0334487441503046,,,
high,783,0.5717323629069732,0.004023593454310248,0.9,0.9146944446983795,1.754907862725665,23.510739857693515,250,25,215325,1.4256560365859807,,,
high,784,0.5717047299320778,0.003769569136910622,0.9,0.8858347249463335,2.1848195566094284,23.94065155157728,250,25,215600,1.3553122356915983,,,
high,785,0.5718152307618878,0.00359796970812043,0.9,0.9103533249954893,2.265331275196984,24.021163270164834,250,25,215875,1.2179943009994685,,,
high,786,0.5717637647616081,0.0036436789142846315,0.9,0.9146025457784317,3.3973216018510795,25.153153596818928,250,25,216150,3.891227429693686,,,
high,787,0.5718678512546554,0.003971674495550914,0.9,0.9059779552513555,2.0248327482354735,23.780664743203324,250,25,216425,1.4866009492724719,,,
high,788,0.5720542285515409,0.004190006068724883,0.9,0.9290938808609825,3.668098723996319,25.42393071896417,250,25,216700,7.130651657278076,,,
high,789,0.5720612136072595,0.004177427923188759,0.9,0.9294573596691632,5.964515229269547,27.720347224237397,250,25,216975,7.514275721222027,,,
high,790,0.5719468279561004,0.004141280252440538,0.9,0.9489688770584056,3.063451350515692,24.81928334548354,250,25,217250,1.2868211199819586,,,
high,791,0.5721081509988516,0.004133698500139338,0.9,0.8835823110389956,2.176110122299215,23.931942117267063,250,25,217525,1.172522228251834,,,
high,792,0.572151313174345,0.004040014337400311,0.9,0.9589051953721792,3.0669133531378545,24.822745348105705,250,25,217800,1.1561119437909524,,,
high,793,0.5721081090819996,0.00457861070217902,0.9,0.9016391368414526,4.145370816542645,25.901202811510494,250,25,218075,3.650472929364368,,,
high,794,0.5720723156918335,0.004521707084715332,0.9,0.9637570134136851,1.3329614302548616,23.08879342522271,250,25,218350,0.327979861579408,,,
high,795,0.5719554875720302,0.004540447929133884,0.9,0.8995978344390666,5.732645186103979,27.48847718107183,250,25,218625,7.416583539213752,,,
high,796,0.5720767788468445,0.004794379440747343,0.9,0.9145685618239285,2.948929139594016,24.704761134561863,250,25,218900,1.0859511694914543,,,
high,797,0.5718909403171395,0.004703554954806011,0.9,0.8582410533096053,2.623686572063929,24.379518567031777,250,25,219175,3.9962785614550933,,,
high,798,0.572152486344131,0.005231457256026917,0.9,0.879879182436833,3.845873511701237,25.601705506669084,250,25,219450,3.574478286814609,,,
high,799,0.5723188403496349,0.005381527010779652,0.9,0.9423656784808473,2.5120323737296237,24.267864368697474,250,25,219725,1.225238979369762,,,
high,800,0.5723513974257277,0.005070146617809579,0.9,0.908715104612681,4.1943126081116695,25.95014460307952,250,25,220000,3.714292888659267,,,
high,801,0.5722828673335856,0.00523601261484874,0.9,0.8437260982673666,2.464035210722617,24.219867205690466,250,25,220275,1.2414403403524301,,,
high,802,0.5723746629862001,0.00494683904765203,0.9,0.8719477478256962,1.7778415979284856,23.533673592896335,250,25,220550,1.0716636289422297,,,
high,803,0.5724625673381054,0.005029846065203514,0.9,0.9092702053332042,3.6147554771218027,25.370587472089653,250,25,220825,2.845564017053785,,,
high,804,0.5724039833668922,0.004995069091111692,0.9,0.9728388779009981,2.8929680974139464,24.648800092381794,250,25,221100,1.3412894901928354,,,
high,805,0.5724296384642008,0.004767966756057285,0.9,0.9057158865489513,2.7558636641740897,24.51169565914194,250,25,221375,1.0406427068457504,,,
high,806,0.5726890472343812,0.004839669052323914,0.9,0.8821694190348334,5.58522249619201,27.34105449115986,250,25,221650,6.416529935839735,,,
high,807,0.5728311671585381,0.00509443948433197,0.9,0.8546783496377619,1.3731952258232094,23.12902722079106,250,25,221925,0.44288806921436236,,,
high,808,0.5728523635249263,0.005362742587767033,0.9,0.8997870762052251,2.737082356954558,24.49291435192241,250,25,222200,1.5629692213128172,,,
high,809,0.5727250620939989,0.0054396974043074975,0.9,0.8211211659315721,2.308367865523625,24.064199860491474,250,25,222475,1.1909768605687348,,,
high,810,0.5726504420325786,0.005919114752765631,0.9,0.8801758293874414,1.8176555671203871,23.573487562088236,250,25,222750,1.1345684615265028,,,
high,811,0.5726161893550175,0.006107402570955323,0.9,0.9822998239888066,3.5893282831414033,25.34516027810925,250,25,223025,3.514432634201755,,,
high,812,0.5727967400940531,0.006552199875307196,0.9,0.9134885472464126,2.7970186207740744,24.552850615741924,250,25,223300,1.619123125579053,,,
high,813,0.5726616029536582,0.00650600708397131,0.9,0.9021248900485307,1.8439771502170939,23.599809145184942,250,25,223575,1.398194100733278,,,
high,814,0.5725527338151111,0.006204776798261258,0.9,0.9221429185650906,2.555088097079549,24.310920092047397,250,25,223850,1.381151130869328,,,
high,815,0.5726120052045197,0.005927988809907303,0.9,0.8842467557538323,2.931094906408861,24.68692690137671,250,25,224125,3.821948847806285,,,
high,816,0.572684849849107,0.006328935914020284,0.9,0.8971731745446971,2.660968557133919,24.41680055210177,250,25,224400,1.2081577091305171,,,
high,817,0.5725966299980192,0.006141028998863485,0.9,0.8841726575960112,2.9139210179142143,24.66975301288206,250,25,224675,1.4206862672231706,,,
high,818,0.5726298232569842,0.006222882391980433,0.9,0.8578924020739488,2.485209440770496,24.241041435738346,250,25,224950,1.1597952660898272,,,
high,819,0.5729771385595239,0.006422862898005088,0.9,0.8488222739301969,3.6293902756414296,25.38522227060928,250,25,225225,7.619199211207573,,,
high,820,0.5729848995447036,0.006833628866029118,0.9,0.8851092167166275,2.8321582805789185,24.58799027554677,250,25,225500,1.1320223901046214,,,
high,821,0.5729739850065397,0.0066948044849836075,0.9,0.8872181708652186,2.6273437810564904,24.383175776024338,250,25,225775,1.404435060739947,,,
high,822,0.5732129881771705,0.006907946879119331,0.9,0.8747758023172626,4.24259233061204,25.99842432557989,250,25,226050,3.746437184800675,,,
high,823,0.573077668274114,0.0067994817265326635,0.9,0.870226002029775,2.0316855565779126,23.78751755154576,250,25,226325,1.5323227063186136,,,
high,824,0.573091648240135,0.0066804563086092505,0.9,0.8849433413632142,1.837244650631122,23.59307664559897,250,25,226600,1.1088618540384234,,,
high,825,0.5731383995382949,0.006390807858926761,0.9,0.8970470997035476,4.254248573205453,26.0100805681733,250,25,226875,3.7138487150601383,,,
high,826,0.5732142392799934,0.0063825987141525875,0.9,0.8773718452470897,2.8116022381177865,24.567434233085635,250,25,227150,1.4429994800189632,,,
high,827,0.5731278729473077,0.0065920012248202875,0.9,0.9503380296162751,4.120271352284767,25.876103347252617,250,25,227425,3.1801134437989815,,,
high,828,0.573043066368217,0.006569892175745884,0.9,0.8885937395684076,3.967565040761967,25.723397035729818,250,25,227700,3.585950227941087,,,
high,829,0.57290035210946,0.006221169360568268,0.9,0.8523411390287242,2.1957106425141095,23.951542637481957,250,25,227975,1.1820212363427631,,,
high,830,0.57310994877696,0.006641147006911874,0.9,0.865449200424601,4.284460796462387,26.040292791430236,250,25,228250,3.6184381021547587,,,
high,831,0.5733438358408848,0.006685676035798616,0.9,0.9398494555231124,2.7261620342733313,24.48199402924118,250,25,228525,1.3039096923595683,,,
high,832,0.5732325196579487,0.006518202703496012,0.9,0.9250026597255797,1.9638630152918777,23.719695010259727,250,25,228800,1.307433147885844,,,
high,833,0.5730987041304448,0.006307064923848693,0.9,0.8619517959641897,2.7137647399508653,24.469596734918714,250,25,229075,1.0583974665131477,,,
high,834,0.5730500423735524,0.006636713178166498,0.9,0.8842809023217372,4.387059580720801,26.14289157568865,250,25,229350,3.4301228106383017,,,
high,835,0.5730346512962219,0.006588991508963193,0.9,0.925398161644253,3.773762652300065,25.529594647267913,250,25,229625,4.329800527787843,,,
high,836,0.5729736313860535,0.00621434039140123,0.9,0.8779037786005291,2.081486723116606,23.837318718084454,250,25,229900,1.3128032836516894,,,
high,837,0.5730576297763439,0.005941036843126635,0.9,0.87191152147503,4.012470773699046,25.768302768666896,250,25,230175,3.4985909735276204,,,
high,838,0.5731013791071305,0.0063994291250455415,0.9,0.8826584618626002,4.142218112313821,25.89805010728167,250,25,230450,3.67607985121048,,,
high,839,0.5730254770799541,0.006518401939963558,0.9,0.9084218087144925,2.102255041248612,23.85808703621646,250,25,230725,1.1815617968159817,,,
high,840,0.5731696854159201,0.007142981708894047,0.9,0.9296702578607262,1.7443839867842714,23.50021598175212,250,25,231000,1.2079696500529145,,,
high,841,0.5731979561615465,0.0071171295911915955,0.9,0.8863579972678708,4.155944571458913,25.911776566426763,250,25,231275,3.771317887146096,,,
high,842,0.5731887040699329,0.006830639489898815,0.9,0.9108112962734622,2.884143253890781,24.63997524885863,250,25,231550,3.2555107486250736,,,
high,843,0.5733959658143712,0.006922064344245804,0.9,0.9125179327649747,2.240199623133453,23.996031618101302,250,25,231825,1.1647751048120911,,,
high,844,0.5733658498171638,0.007077986784116863,0.9,0.9154082134436836,2.497358172240338,24.25319016720819,250,25,232100,1.0814761178369336,,,
high,845,0.5734862351218355,0.0072032465140262625,0.9,0.8678135595633819,1.8278288659524657,23.583660860920315,250,25,232375,1.237106116413779,,,
high,846,0.5732455010629635,0.007078349916473936,0.9,0.8759903693336158,2.4826221000600577,24.238454095027908,250,25,232650,1.5110097269347926,,,
high,847,0.5733925396269136,0.00779325467776526,0.9,0.8715990544486163,7.516706252045523,29.272538247013372,250,25,232925,12.496198819117414,,,
high,848,0.5733453531292783,0.007570834947931315,0.9,0.8957115518446609,3.8379786476553988,25.593810642623247,250,25,233200,3.6249444460625124,,,
high,849,0.5733182265988787,0.007569232204626797,0.9,0.9168973310492017,2.049491183335368,23.80532317830322,250,25,233475,1.144494942281139,,,
high,850,0.5731316135417924,0.007394710046666253,0.9,0.9403109593361266,2.7831451180845623,24.53897711305241,250,25,233750,3.533721176045173,,,
high,851,0.5731129248430556,0.007338630906065902,0.9,0.898554636266644,3.500957744489806,25.256789739457655,250,25,234025,3.2199647231878417,,,
high,852,0.5730583400927477,0.0071517495232005235,0.9,0.875127422300651,1.7959357430510312,23.55176773801888,250,25,234300,1.3946017385595872,,,
high,853,0.5732595161590911,0.007293455693706541,0.9,0.9194820408229392,4.368094959199615,26.123926954167466,250,25,234575,6.606271178773473,,,
high,854,0.5733582047215047,0.007481491824803843,0.9,0.8732042816069762,3.5048652746580213,25.260697269625872,250,25,234850,2.846409772785823,,,
high,855,0.573298581440189,0.007074377525079112,0.9,0.8567717828277135,4.78085638908667,26.53668838405452,250,25,235125,4.109364127320766,,,
high,856,0.5731927862487051,0.006936077683561304,0.9,0.8475997232651381,2.7842947598984313,24.54012675486628,250,25,235400,1.3335192871385557,,,
high,857,0.5730546492060384,0.0067398415081836305,0.9,0.9206538597465815,1.8814359167461672,23.637267911714016,250,25,235675,1.5438286987388203,,,
high,858,0.5729443345923059,0.006538417087529447,0.9,0.9240725537163162,1.8928448879711128,23.64867688293896,250,25,235950,1.0209215763036095,,,
high,859,0.5729958469341405,0.006479044358879582,0.9,0.8557989989704223,4.257225720371907,26.013057715339755,250,25,236225,3.7607170377854064,,,
high,860,0.5727545590262784,0.006261693757449005,0.9,0.9486479401731884,4.42918804158821,26.18502003655606,250,25,236500,3.6438189724523613,,,
high,861,0.572619412591993,0.005978825358641249,0.9,0.8690912749697816,4.292143067004231,26.047975061972082,250,25,236775,3.1521507063159784,,,
high,862,0.5725801783690858,0.006340820573291217,0.9,0.9352074891088055,5.138588093557014,26.894420088524864,250,25,237050,6.960683817533528,,,
high,863,0.5726870727360044,0.00609030599282312,0.9,0.97789737450608,3.132849030746994,24.888681025714842,250,25,237325,3.033796860951337,,,
high,864,0.5724662066086726,0.006037400582520447,0.9,0.9097470651223,1.9821591429460867,23.737991137913937,250,25,237600,1.3697812427815532,,,
high,865,0.5723475508207724,0.005662506924249411,0.9,0.9174808573701715,2.8027534634220457,24.558585458389896,250,25,237875,0.9988057844384859,,,
high,866,0.572356546888946,0.005796960471863621,0.9,0.9039064377896228,5.778869433135328,27.534701428103176,250,25,238150,7.073439002207017,,,
high,867,0.5721999572225651,0.005630180270924101,0.9,0.9081213210594836,2.0905516965579634,23.846383691525812,250,25,238425,1.235418186292458,,,
high,868,0.5722267089515191,0.005317567498794529,0.9,0.9200899150561639,1.806727122875327,23.562559117843175,250,25,238700,1.3376480631777063,,,
high,869,0.5721144201540235,0.005871911207512626,0.9,0.8782230860130666,2.805263902251163,24.561095897219012,250,25,238975,1.6024480031922774,,,
high,870,0.5718338294710489,0.0053050398577247915,0.9,0.8909987194700338,2.3259669398645344,24.081798934832385,250,25,239250,1.053381859761302,,,
high,871,0.5715463700564621,0.005428604982540941,0.9,0.9242445276329517,4.9167239594173076,26.672555954385157,250,25,239525,7.826611203463515,,,
high,872,0.5715408002332052,0.00552710191637884,0.9,0.8806974897934021,2.8751488489778567,24.630980843945707,250,25,239800,1.601032273306364,,,
high,873,0.5715207464359631,0.005643595206423102,0.9,0.8526152566821381,3.362280455205414,25.118112450173264,250,25,240075,3.967900352234962,,,
high,874,0.5716634376245786,0.005908524085758149,0.9,0.9162460104875518,2.055309071473415,23.811141066441266,250,25,240350,1.3763596793439627,,,
high,875,0.5714920249811785,0.005652860624282274,0.9,0.8807142657198972,1.724850912333491,23.48068290730134,250,25,240625,1.0808222455308272,,,
high,876,0.5715757797253336,0.005712001430319025,0.9,0.8751296385422891,3.9688314034370826,25.72466339840493,250,25,240900,3.665218883901328,,,
high,877,0.5714924481349121,0.005301797885169379,0.9,0.9311453944794351,3.607810057115126,25.363642052082977,250,25,241175,3.3358838871649072,,,
high,878,0.571620035024013,0.0053406996740958945,0.9,0.8938399699862345,1.9458845815798296,23.70171657654768,250,25,241450,1.1010716163533523,,,
high,879,0.5715288480328604,0.005303799421585986,0.9,0.9335049090504879,4.238491080550998,25.994323075518846,250,25,241725,3.3045904662014176,,,
high,880,0.5714764252587243,0.005177680597779788,0.9,0.8950132447262539,5.972011226408856,27.727843221376705,250,25,242000,7.302280536342129,,,
high,881,0.5718052759815129,0.005444870811974534,0.9,0.8306602386146618,3.013765179933925,24.769597174901776,250,25,242275,3.1170966492039267,,,
high,882,0.5719334827784358,0.005469608615814914,0.9,0.9190813712174138,2.71473158395285,24.4705635789207,250,25,242550,1.2080655138825256,,,
high,883,0.5719953236775673,0.005310952467189378,0.9,0.9151377459857938,2.297289617111084,24.053121612078932,250,25,242825,1.0191998799022153,,,
high,884,0.5720866196360972,0.0050659682494278435,0.9,0.8573867695250706,3.192075700987712,24.94790769595556,250,25,243100,3.063894230059298,,,
high,885,0.57202988103539,0.005021716943887311,0.9,0.9193253566783478,3.351175812233078,25.107007807200926,250,25,243375,3.606855558285162,,,
high,886,0.572249751910597,0.005214082946928156,0.9,0.8727617121407464,3.84752143714877,25.60335343211662,250,25,243650,3.583700638447224,,,
high,887,0.5724530843250217,0.0053840439049009925,0.9,0.9924624145417914,4.052667312562199,25.80849930753005,250,25,243925,3.6801166716794502,,,
high,888,0.57240967574653,0.005173775971830885,0.9,0.9335362803889629,1.8547757752460767,23.610607770213925,250,25,244200,1.0586752499861645,,,
high,889,0.5722535035075195,0.005217833292791574,0.9,0.9028761892619437,2.1433351452031304,23.89916714017098,250,25,244475,1.179780191962117,,,
high,890,0.5720642712530136,0.00534028924975638,0.9,0.9016632056869623,2.7125852919592313,24.46841728692708,250,25,244750,0.9414276152378361,,,
high,891,0.5720491439744887,0.0054808533532946235,0.9,0.8506187725950591,1.9010444773599111,23.65687647232776,250,25,245025,0.7318663254761396,,,
high,892,0.5719704874189616,0.005743156479132483,0.9,0.8749313196311673,2.896704180423116,24.652536175390964,250,25,245300,0.8882024414089221,,,
high,893,0.5720514536263263,0.005307283175051469,0.9,0.9370608716258011,2.1242927475535622,23.88012474252141,250,25,245575,1.087861746318044,,,
high,894,0.5720388352979418,0.005478650673675922,0.9,0.953376967882175,3.759904834528576,25.515736829496426,250,25,245850,3.391615764700352,,,
high,895,0.5720076405196153,0.005428434950728089,0.9,0.9229050020157535,2.1941618295715877,23.949993824539437,250,25,246125,1.0505388553004393,,,
high,896,0.5721714061177602,0.005363519707971998,0.9,0.8678115587252531,2.8823956419232717,24.63822763689112,250,25,246400,1.2506918864659302,,,
high,897,0.572135176699335,0.005563933509496466,0.9,0.8750855863915116,2.0620262730592405,23.817858268027088,250,25,246675,1.1993361838070566,,,
high,898,0.5722399178882368,0.005839287232869417,0.9,0.9340091652249708,1.8722225446844813,23.628054539652332,250,25,246950,1.4241392607804908,,,
high,899,0.5724200151452006,0.00570875710230867,0.9,0.9307251176489665,3.746905565666544,25.502737560634394,250,25,247225,3.67847242946165,,,
high,900,0.5725567226137518,0.005887988333505345,0.9,0.9106991055896179,2.1553305876342903,23.911162582602138,250,25,247500,1.3258760847562796,,,
high,901,0.5724284744974607,0.005703836449596378,0.9,0.906249199109414,1.9665871613218888,23.72241915628974,250,25,247775,1.3803279537342947,,,
high,902,0.5723555339227073,0.00563204629032088,0.9,0.8585736295687881,4.274590701881912,26.03042269684976,250,25,248050,3.579919073790181,,,
high,903,0.572394676220521,0.005914812810056347,0.9,0.9002501011902064,2.220424732046164,23.976256727014015,250,25,248325,1.2833883460282927,,,
high,904,0.5722663919499547,0.0060463966749665365,0.9,0.9068076688134175,2.1924141641865336,23.948246159154383,250,25,248600,1.2941060417724,,,
high,905,0.5722325905387364,0.006060187373980064,0.9,0.9280305961886106,3.5868859350189144,25.34271792998676,250,25,248875,3.999099044373435,,,
high,906,0.5720886280630577,0.006113263802345892,0.9,0.9367926591111019,1.7626613613105986,23.518493356278448,250,25,249150,1.2234313343665602,,,
high,907,0.5721299176798343,0.006265671713573173,0.9,0.8987157876460807,1.9323268348067768,23.688158829774626,250,25,249425,1.1097109770419293,,,
high,908,0.5720580234291249,0.006347370919894013,0.9,0.8357956608141467,4.022040070016466,25.777872064984315,250,25,249700,2.7319498768027044,,,
high,909,0.5720625445852594,0.006717089629657225,0.9,0.9088697805549021,3.1212362010092383,24.87706819597709,250,25,249975,3.1677195354185845,,,
high,910,0.5721936591556805,0.007078779013626635,0.9,0.8674509532170718,1.9001683604699766,23.656000355437826,250,25,250250,1.4527029497943678,,,
high,911,0.5722772959547296,0.007620104596331112,0.9,0.8424254118720259,2.88830729692589,24.64413929189374,250,25,250525,1.4053125077230473,,,
high,912,0.5721509044500109,0.007014932051059186,0.9,0.9448978074636283,2.5148612976878124,24.27069329265566,250,25,250800,1.3330308961724129,,,
high,913,0.5721009276897412,0.006764743267459128,0.9,0.943845989355907,2.010252888437458,23.766084883405306,250,25,251075,1.33841008841032,,,
high,914,0.5721779983933363,0.006828599859085238,0.9,0.8948535551585423,2.1006971020494203,23.85652909701727,250,25,251350,1.1266871817693702,,,
high,915,0.5724612679646272,0.007275262676498584,0.9,0.9353519508272113,3.823284990617867,25.579116985585717,250,25,251625,3.579510075945662,,,
high,916,0.57262948868517,0.006933612071472028,0.9,0.9131452570604504,1.2242316460518439,22.980063641019694,250,25,251900,0.5931970544951719,,,
high,917,0.5725427712402394,0.007188235589143721,0.9,0.8704988339344559,3.511761466138472,25.267593461106323,250,25,252175,3.6635214435853194,,,
high,918,0.5725367004746692,0.007192474015462413,0.9,0.9059188619190339,6.090408411110873,27.84624040607872,250,25,252450,7.212668895403098,,,
high,919,0.572537439187547,0.0070347330062238145,0.9,0.8853085784478877,2.0994950283833678,23.855327023351215,250,25,252725,1.0061213897172734,,,
high,920,0.5727676801783732,0.007241262216969413,0.9,0.8914960256669757,1.8332838888499121,23.58911588381776,250,25,253000,1.0593750650535827,,,
high,921,0.572785836523434,0.007501428021185141,0.9,0.8488311351509247,4.218563455422838,25.974395450390688,250,25,253275,4.115013681778079,,,
high,922,0.5728766745213553,0.007598759036888225,0.9,0.8930477351651875,4.2811592903985,26.036991285366348,250,25,253550,3.4199206267176905,,,
high,923,0.5726636821617126,0.007074979997031106,0.9,0.9095461249706359,4.887333315880856,26.643165310848705,250,25,253825,6.465041192898523,,,
high,924,0.5725883523780265,0.007099102029352378,0.9,0.9760606915856181,1.5660581326759822,23.321890127643833,250,25,254100,0.43695097013314216,,,
high,925,0.57255269860513,0.007130499577792215,0.9,1.010342907632097,2.638537226863366,24.394369221831216,250,25,254375,1.4930231773181217,,,
high,926,0.5722816946199557,0.006773466423829921,0.9,0.8734796185872358,2.4541372912133257,24.209969286181174,250,25,254650,1.3813992395517938,,,
high,927,0.5722573348512118,0.00714110850743499,0.9,0.9325854272850563,4.171997737521384,25.927829732489233,250,25,254925,3.8052320203857524,,,
high,928,0.5723203467826251,0.007150346862104917,0.9,0.9301771766303648,3.5863147125267103,25.34214670749456,250,25,255200,3.702375804784301,,,
high,929,0.5724110964639697,0.007862162235425019,0.9,0.9272089469929293,4.515894128805437,26.271726123773284,250,25,255475,6.684678002537509,,,
high,930,0.572438065404988,0.007652262632260598,0.9,0.880815217918815,2.889163252629484,24.644995247597333,250,25,255750,1.1321011828634928,,,
high,931,0.5723603149218243,0.007402935061674554,0.9,0.9246260274355904,6.644022936989943,28.39985493195779,250,25,256025,11.351622982595408,,,
high,932,0.5725211578645086,0.007706288101002157,0.9,0.8581126123536722,4.173065888225698,25.928897883193546,250,25,256300,3.6224076036582606,,,
high,933,0.5723535962521414,0.007724918542001746,0.9,0.9001314311378217,3.493348641220676,25.249180636188527,250,25,256575,2.8084526592292725,,,
high,934,0.5722739618529835,0.007421385071487041,0.9,0.8731500290390692,2.8367847729511904,24.59261676791904,250,25,256850,1.2743613723530078,,,
high,935,0.57213821390669,0.007236511769768583,0.9,0.94109798714159,3.227732219385575,24.983564214353425,250,25,257125,3.0311909044691827,,,
high,936,0.5719762229616872,0.007014960286018557,0.9,0.9283547809782279,2.2620926362273854,24.017924631195235,250,25,257400,1.1601411151410053,,,
high,937,0.5719386565349377,0.0070446917620825555,0.9,0.8328231423376712,2.573791719732485,24.329623714700332,250,25,257675,1.1009646849330803,,,
high,938,0.5718578489935339,0.006863777459929721,0.9,0.9178319228656087,2.0469763114626334,23.80280830643048,250,25,257950,1.2776164609689256,,,
high,939,0.5718085568788419,0.00656394350953049,0.9,0.9462676992651661,2.3328950913467494,24.0887270863146,250,25,258225,1.1853619411288747,,,
high,940,0.5716502925697002,0.006521276409658605,0.9,0.9325420817230656,2.2663885130004777,24.022220507968328,250,25,258500,1.2881177185791646,,,
high,941,0.571575904088059,0.006536819647023906,0.9,0.8902485365275646,2.1190641500657845,23.874896145033635,250,25,258775,1.240774235082673,,,
high,942,0.5715687988308578,0.006359859483167196,0.9,0.9318283773251913,2.1502526052648547,23.906084600232703,250,25,259050,1.0414104850374473,,,
high,943,0.5714709946737079,0.006282203534617614,0.9,0.9102369212329985,2.6962904662342373,24.452122461202087,250,25,259325,1.2326936468004288,,,
high,944,0.5712581551190415,0.005878507680639911,0.9,0.9136484968299864,5.4011367140000415,27.15696870896789,250,25,259600,7.052270505396877,,,
high,945,0.5710923045159972,0.005810513191093936,0.9,0.862600149409001,3.0040089776585286,24.759840972626378,250,25,259875,1.2503961519015823,,,
high,946,0.5711235087987192,0.005591531861192545,0.9,0.8906077753790574,4.527031431687672,26.28286342665552,250,25,260150,3.8930532133339506,,,
high,947,0.570982061372483,0.005278179699640617,0.9,0.9598525781060492,2.1019848997810366,23.857816894748886,250,25,260425,1.4297269315799916,,,
high,948,0.5710860802764915,0.00551108405622136,0.9,0.8896693712464026,3.1983577172128252,24.954189712180675,250,25,260700,3.0683200182647656,,,
high,949,0.5711263544660695,0.0059634404900544835,0.9,0.8853619937106442,3.9855470335916827,25.741379028559532,250,25,260975,3.824231770722104,,,
high,950,0.5709848794123887,0.006070305315194924,0.9,0.9194861534775863,5.745322906122855,27.501154901090704,250,25,261250,7.505400480489264,,,
high,951,0.5710532792924599,0.006203528097871391,0.9,0.9005067092433573,2.004665521010548,23.760497515978397,250,25,261525,1.1949881835965293,,,
high,952,0.5709294227394371,0.006344493254567096,0.9,0.9282837428607935,4.3195797279985095,26.075411722966358,250,25,261800,4.107284295906068,,,
high,953,0.5711320696647151,0.006518672754563193,0.9,0.8441112523222287,4.66864645324037,26.42447844820822,250,25,262075,6.443431599745621,,,
high,954,0.5714540306458438,0.0068384801692298325,0.9,0.8484897426476875,3.2109691945181007,24.96680118948595,250,25,262350,3.702069068272932,,,
high,955,0.5715284905315148,0.006812048730597597,0.9,0.8627347187893837,2.1507898038295448,23.906621798797396,250,25,262625,1.5166332462220284,,,
high,956,0.5714730547941967,0.007126963823103849,0.9,0.8832432095579599,3.095778946386632,24.85161094135448,250,25,262900,3.840360244208064,,,
high,957,0.5716989961371884,0.0075497843006389065,0.9,0.8471275135646239,4.594317211378699,26.350149206346547,250,25,263175,7.064206422243009,,,
high,958,0.5717695530678321,0.007585483230533097,0.9,0.9052641041976542,5.367860171072215,27.123692166040065,250,25,263450,6.560722339330748,,,
high,959,0.5718084475799318,0.007181272325211263,0.9,0.8901041641222905,2.5961708694859507,24.3520028644538,250,25,263725,1.2270199183338735,,,
high,960,0.5719730723044001,0.0071380181672555665,0.9,0.9097349249845087,2.5967598052499574,24.352591800217805,250,25,264000,1.1830924488712742,,,
high,961,0.5720983681877194,0.006934482628461969,0.9,0.9156137972295922,2.1247499192641124,23.88058191423196,250,25,264275,1.2604657797729226,,,
high,962,0.5720301431309844,0.006738635872875265,0.9,0.8755110757725145,4.186559635234249,25.9423916302021,250,25,264550,3.385053573857234,,,
high,963,0.5720234487673138,0.006489592506337183,0.9,0.8708496736875905,1.0328910011077554,22.788722996075606,250,25,264825,0.44280765278933343,,,
high,964,0.5718820074384741,0.00632116537763272,0.9,0.9108689668229476,3.696220248236611,25.45205224320446,250,25,265100,4.0000424446475975,,,
high,965,0.5718516544311797,0.006616478084909172,0.9,0.8767054728610415,2.3500107197748346,24.105842714742685,250,25,265375,1.1255486460983302,,,
high,966,0.5720870480583486,0.006794053675605816,0.9,0.9071587978208161,2.268800968005135,24.024632962972984,250,25,265650,1.093954815452316,,,
high,967,0.5720165026915248,0.006764079763894815,0.9,0.9092586954961706,3.341863210737977,25.097695205705826,250,25,265925,3.607801542180707,,,
high,968,0.5720260111463141,0.006577452536046358,0.9,0.9054934061869444,2.2849418150721026,24.04077381003995,250,25,266200,1.2916646486555852,,,
high,969,0.5719783455174282,0.006957343567007057,0.9,0.9100243226105121,2.403568909413661,24.15940090438151,250,25,266475,1.3018226782803215,,,
high,970,0.5720046700755066,0.006859709058629648,0.9,0.901417807952772,1.9275550482466535,23.683387043214502,250,25,266750,1.126015693099033,,,
high,971,0.5718307260264119,0.006860045374055157,0.9,0.9247438341914339,3.751347887754374,25.507179882722223,250,25,267025,3.5806996966501092,,,
high,972,0.5716786380689903,0.006933165651301976,0.9,0.9026972330779104,4.1652780098492475,25.921110004817095,250,25,267300,3.161502720752132,,,
high,973,0.5716383469154837,0.0066646638531215885,0.9,0.9032579419157745,2.0841905792718483,23.840022574239697,250,25,267575,1.2886380673047395,,,
high,974,0.5717368908930514,0.006544512550932913,0.9,0.9260874145620469,2.2420005976695054,23.997832592637355,250,25,267850,1.2179311209939212,,,
high,975,0.5716465692976846,0.006442418259561267,0.9,0.9667165706204554,4.238450709641688,25.99428270460954,250,25,268125,3.643146416339841,,,
high,976,0.5716300246785967,0.006228572731035831,0.9,0.9227169071467275,1.734308104323126,23.490140099290976,250,25,268400,1.1584969257167776,,,
high,977,0.5714299968783481,0.006211255906498181,0.9,0.9159235630013558,4.442819216120363,26.19865121108821,250,25,268675,3.7841336171002817,,,
high,978,0.5713488714606333,0.006406472044858447,0.9,0.9264184838654517,4.344421214383102,26.100253209350953,250,25,268950,3.581646869190688,,,
high,979,0.5713458587773712,0.00633848347917898,0.9,0.9236530953780091,4.096765450625246,25.852597445593094,250,25,269225,3.034784528657078,,,
high,980,0.5713502870317871,0.006080503041583918,0.9,0.9202657456139257,3.853723193930314,25.609555188898163,250,25,269500,3.433888493420439,,,
high,981,0.5713267933701697,0.005891553626720336,0.9,0.88941575096885,3.755426817535573,25.51125881250342,250,25,269775,3.572107232000632,,,
high,982,0.5713803384446421,0.006162506029622872,0.9,0.852221407211556,3.1595576811417345,24.915389676109584,250,25,270050,3.835658366026998,,,
high,983,0.5713479300519841,0.006660796996400653,0.9,0.8746802502599637,4.158706411580761,25.91453840654861,250,25,270325,3.7321862881336645,,,
high,984,0.5713888661411828,0.006626409961338231,0.9,0.9143380986786356,2.3546827593646986,24.11051475433255,250,25,270600,1.0762225274193438,,,
high,985,0.5715749263466211,0.0059866492830852325,0.9,0.8900265592298741,2.6864770583817856,24.442309053349636,250,25,270875,0.9878415268059424,,,
high,986,0.5716145624926064,0.006328425514249614,0.9,0.8963874218547415,2.7181624807927096,24.47399447576056,250,25,271150,1.3243112044839913,,,
high,987,0.5717902469953937,0.0066498383969830765,0.9,0.8205024923716625,2.067835396575079,23.823667391542926,250,25,271425,1.803342629574976,,,
high,988,0.5719333883526452,0.006932989939149592,0.9,0.84791890674849,1.9644855641081191,23.72031755907597,250,25,271700,1.1672640486341799,,,
high,989,0.5720715647083405,0.006938256114613628,0.9,0.8738366617017426,5.689360736192254,27.445192731160102,250,25,271975,11.850229131112448,,,
high,990,0.5721694474466357,0.006895225772586389,0.9,0.9270745587731619,4.018276223929642,25.774108218897492,250,25,272250,3.7695085472216734,,,
high,991,0.5720837364961209,0.0069013513627165235,0.9,0.947764782078522,2.9969201931849856,24.752752188152833,250,25,272525,1.5415937878839312,,,
high,992,0.5721165000421213,0.006944898101023611,0.9,0.9229227859022652,1.7910736329836043,23.546905627951453,250,25,272800,1.146208480795667,,,
high,993,0.5722979319660692,0.006785353225542412,0.9,0.9099783142901486,2.9292388388459534,24.685070833813803,250,25,273075,1.2371874163491432,,,
high,994,0.57196466758812,0.006447571965430776,0.9,0.9241119824627281,2.0585230838004533,23.8143550787683,250,25,273350,1.1533049150602974,,,
high,995,0.5719032012955647,0.0064542465601510335,0.9,0.8633760200016906,2.2512049951448225,24.00703699011267,250,25,273625,1.0593906994432007,,,
high,996,0.5721121970955703,0.00681528433848011,0.9,0.8679787057815885,1.94244749884984,23.69827949381769,250,25,273900,1.0790424227286683,,,
high,997,0.5721557380154646,0.0069120216522319256,0.9,0.8619196536223506,2.8653036068997486,24.621135601867596,250,25,274175,3.106919730539413,,,
high,998,0.5724961403069672,0.007304563185875246,0.9,0.8847951317068158,2.019443262145072,23.77527525711292,250,25,274450,1.106308763655417,,,
high,999,0.5722086879953976,0.006867271869265279,0.9,0.8912624310002673,2.618103872235042,24.373935867202892,250,25,274725,1.282163007600668,,,
high,1000,0.5724751142468869,0.006795783426508217,0.9,0.8166646471214551,2.2656086369299593,24.021440631897807,250,25,275000,1.6189077478579876,,,
