schedule,t,reward,gap,beta_true,beta_hat,cert,cert_hp,n_cal,n_mon,cum_aud,xi_sq,exp3_arm,exp3_p,exp3_loss
audit_sweep_ncal4,1,0.545359323539181,0.03935386481463288,0.0,0.17251417500385113,6.5139896120498095,28.269821607017658,4,25,29,12.99988110224443,,,
audit_sweep_ncal4,2,0.5460780234201212,0.038222362191783876,0.0,-0.14384000788031026,3.8653721812698674,25.62120417623772,4,25,58,3.1233968450951055,,,
audit_sweep_ncal4,3,0.5468190447183795,0.036993781810039095,0.0,-0.1858121590234579,2.091060539502007,23.846892534469855,4,25,87,2.4702720823334743,,,
audit_sweep_ncal4,4,0.5468989867683379,0.03696872744312374,0.0,0.024239713354731997,4.012203035927872,25.76803503089572,4,25,116,3.6350587276383064,,,
audit_sweep_ncal4,5,0.5473744636937694,0.035762011526548454,0.0,-0.03428984811409729,1.9373948841047788,23.69322687907263,4,25,145,1.5928012905662616,,,
audit_sweep_ncal4,6,0.5469774329928296,0.036081109593438576,0.0,0.17304135380503938,2.24940340532141,24.00523540028926,4,25,174,1.314772387778115,,,
audit_sweep_ncal4,7,0.5469294280429465,0.03606918307995355,0.0,0.06974384040123763,2.0778912814526618,23.83372327642051,4,25,203,1.3356373904653442,,,
audit_sweep_ncal4,8,0.5468196705178207,0.03636215165755374,0.0,0.05327418168179828,2.0737535456053666,23.829585540573216,4,25,232,1.2961250432597184,,,
audit_sweep_ncal4,9,0.5461734102258927,0.037576805548724446,0.0,0.218444717909951,3.883970401853936,25.639802396821786,4,25,261,3.541311938222627,,,
audit_sweep_ncal4,10,0.5451442067139854,0.039122519417565726,0.0,0.2892521309653733,5.204476670491924,26.960308665459774,4,25,290,9.69875169239661,,,
audit_sweep_ncal4,11,0.5443166289577053,0.04074747624613351,0.0,0.1954590270701664,3.808315485858078,25.564147480825927,4,25,319,3.2233945882547523,,,
audit_sweep_ncal4,12,0.5421494187156547,0.0447712010581659,0.0,0.48620248048315573,3.6590665805893585,25.414898575557206,4,25,348,4.71636944599544,,,
audit_sweep_ncal4,13,0.5371443591149982,0.054950105238561475,0.0,0.9565463327586092,2.091171949778892,23.847003944746742,4,25,377,8.231965590441913,,,
audit_sweep_ncal4,14,0.53887189871886,0.05159317207938274,0.0,-0.2551504682886673,7.11543375791605,28.8712657528839,4,25,406,9.770204217921396,,,
audit_sweep_ncal4,15,0.5391440085562544,0.0513756761694254,0.0,0.012735583204898338,3.783102718735839,25.53893471370369,4,25,435,3.6245836168017678,,,
audit_sweep_ncal4,16,0.5398443130203393,0.05023140322047992,0.0,-0.0390738122045927,2.3225286298066696,24.07836062477452,4,25,464,1.1599726764828433,,,
audit_sweep_ncal4,17,0.5401231487143752,0.04982052795667924,0.0,0.027851078268430318,2.170258149544796,23.926090144512646,4,25,493,1.2248242928131357,,,
audit_sweep_ncal4,18,0.5415160926292383,0.04663831152691911,0.0,-0.2462462284186681,4.137959620805253,25.893791615773104,4,25,522,2.794887792640484,,,
audit_sweep_ncal4,19,0.5376065148510325,0.0545422316789721,0.0,0.7056877495519496,3.637909292663776,25.393741287631624,4,25,551,7.65012071791457,,,
audit_sweep_ncal4,20,0.5381625001873255,0.053101908026945366,0.0,-0.07104662877497388,3.5326025682360833,25.288434563203932,4,25,580,3.837100805260625,,,
audit_sweep_ncal4,21,0.53833105568781,0.052975129479636895,0.0,0.030441087740448288,1.9319558742761613,23.687787869244012,4,25,609,1.1395542693685918,,,
audit_sweep_ncal4,22,0.5383107121524678,0.05318062417882519,0.0,0.08259815516207934,3.991715004849391,25.74754699981724,4,25,638,3.8518036618978218,,,
audit_sweep_ncal4,23,0.5386886739628481,0.05241443546237701,0.0,-0.054568811207689256,4.0266146740721105,25.78244666903996,4,25,667,3.59138202659779,,,
audit_sweep_ncal4,24,0.5415638247443008,0.04671928169830919,0.0,-0.4496587406175433,2.1867658370945007,23.94259783206235,4,25,696,2.025311510569693,,,
audit_sweep_ncal4,25,0.5396633088597983,0.050533820885579894,0.0,0.3354497594148646,2.214982687789771,23.97081468275762,4,25,725,2.3309741324406117,,,
audit_sweep_ncal4,26,0.541327610918635,0.04688266088980786,0.0,-0.26535202351564396,3.717766765578902,25.47359876054675,4,25,754,2.6350838240211276,,,
audit_sweep_ncal4,27,0.5276531533452569,0.23814748720983853,0.0,18.024448742042303,2.2444099167347185,24.000241911702567,4,25,783,2044.3623665633354,,,
audit_sweep_ncal4,28,0.5270253669753813,0.23144703237982217,0.0,-0.6091131957909749,3.443710424215715,25.199542419183565,4,25,812,2.38135891285233,,,
audit_sweep_ncal4,29,0.5276457946320733,0.23976546787516523,0.0,0.9433060890608918,2.2022981262704713,23.95813012123832,4,25,841,6.031188867153239,,,
audit_sweep_ncal4,30,0.5279298687290033,0.2401967959558386,0.0,0.08671111557553689,2.225990916744623,23.98182291171247,4,25,870,1.4600387046650194,,,
audit_sweep_ncal4,31,0.5278247126252759,0.24022306045623176,0.0,0.07797872379093476,3.4943195057136247,25.250151500681476,4,25,899,1.086076370352948,,,
audit_sweep_ncal4,32,0.5275692306297373,0.24123668023259154,0.0,0.19106167059411794,6.849894647832801,28.60572664280065,4,25,928,8.399787781204603,,,
audit_sweep_ncal4,33,0.5275065260546394,0.2351973609976315,0.0,-0.514546463560556,3.1178056814482518,24.873637676416102,4,25,957,5.237193751652608,,,
audit_sweep_ncal4,34,0.5276609014285866,0.23258278063161864,0.0,-0.21270168624286379,2.2167642396367047,23.972596234604552,4,25,986,1.1952334964836318,,,
audit_sweep_ncal4,35,0.5277170810831522,0.23184573598541403,0.0,-0.008753981578881844,3.3742734515632,25.130105446531047,4,25,1015,1.0751367172061943,,,
audit_sweep_ncal4,36,0.5275275925809152,0.2329273872354936,0.0,0.16079258850796435,3.4300312803188615,25.18586327528671,4,25,1044,1.137105236386293,,,
audit_sweep_ncal4,37,0.5273870643204184,0.2280506265975495,0.0,-0.415390722896901,3.6258940420024204,25.38172603697027,4,25,1073,1.480423723430019,,,
audit_sweep_ncal4,38,0.5275553043839922,0.22710829637842633,0.0,-0.04461675776400383,3.5249241471996746,25.280756142167522,4,25,1102,2.96349807276166,,,
audit_sweep_ncal4,39,0.5272187282901516,0.22020293191552937,0.0,-0.6213843903061383,2.2042274958109638,23.960059490778814,4,25,1131,3.2530247046873244,,,
audit_sweep_ncal4,40,0.5271381398114524,0.21885072510348647,0.0,-0.0836930808883239,3.5887208627376888,25.344552857705537,4,25,1160,1.1410254944756686,,,
audit_sweep_ncal4,41,0.5277689289537326,0.22144607719072684,0.0,0.3287321466731049,6.800442527720483,28.556274522688334,4,25,1189,9.46609885471617,,,
audit_sweep_ncal4,42,0.5279717157743459,0.2221425773816602,0.0,0.17624888178497694,2.859239109105448,24.615071104073298,4,25,1218,4.492382259392429,,,
audit_sweep_ncal4,43,0.5282675086849898,0.21884745149631596,0.0,-0.22658337134746015,1.9430725321890803,23.69890452715693,4,25,1247,1.160475794978432,,,
audit_sweep_ncal4,44,0.5283113713716393,0.21949373610017991,0.0,0.12075877133734406,4.502075016668243,26.257907011636092,4,25,1276,2.3428853370215705,,,
audit_sweep_ncal4,45,0.528269327276959,0.21699705540199732,0.0,-0.1813083687105506,5.062640026535777,26.818472021503627,4,25,1305,3.626934309872672,,,
audit_sweep_ncal4,46,0.5284714395508443,0.21793302782416968,0.0,0.16336635721865567,1.6712384644321432,23.427070459399992,4,25,1334,1.1305712395103522,,,
audit_sweep_ncal4,47,0.5281700369976554,0.2121982159843409,0.0,-0.5062883315495263,1.3839777343921031,23.139809729359953,4,25,1363,2.4572147184345994,,,
audit_sweep_ncal4,48,0.5280221788718444,0.20687315891481323,0.0,-0.5348224027795226,2.14953552631678,23.905367521284628,4,25,1392,2.1396514362279926,,,
audit_sweep_ncal4,49,0.5283421935059739,0.20846637384997635,0.0,0.22260293873856452,3.3084415468786745,25.064273541846525,4,25,1421,1.568158130980061,,,
audit_sweep_ncal4,50,0.5286753255288122,0.20892311648955147,0.0,0.12490054821348932,3.517048124843647,25.272880119811497,4,25,1450,1.4199335732813838,,,
audit_sweep_ncal4,51,0.5286030214317937,0.20607411447481833,0.0,-0.2542104978040505,1.8068669194430553,23.562698914410905,4,25,1479,2.3500352969344753,,,
audit_sweep_ncal4,52,0.5288254675158754,0.20867944531230137,0.0,0.31466362359557987,2.14575107180685,23.9015830667747,4,25,1508,2.059954563633002,,,
audit_sweep_ncal4,53,0.5285802478476155,0.20703662902415676,0.0,-0.06564714143454396,1.8004038060179826,23.55623580098583,4,25,1537,1.453383155416789,,,
audit_sweep_ncal4,54,0.5285544027690585,0.20889529263967482,0.0,0.27619848711700457,5.099990006966764,26.855822001934612,4,25,1566,4.179187735754204,,,
audit_sweep_ncal4,55,0.5283266637163541,0.20853729624447587,0.0,0.013271670374632462,2.8871443393224006,24.64297633429025,4,25,1595,3.2629809083905665,,,
audit_sweep_ncal4,56,0.5283188226963661,0.2087706293836123,0.0,0.13199381421422013,2.141194182631653,23.897026177599503,4,25,1624,1.7856443909345814,,,
audit_sweep_ncal4,57,0.5289071305871108,0.21013343063991846,0.0,0.2305069619493203,2.9404950847760793,24.696327079743927,4,25,1653,3.5704319165786496,,,
audit_sweep_ncal4,58,0.5291395341964754,0.20800102557285094,0.0,-0.2647891248111858,3.427382275346599,25.183214270314448,4,25,1682,1.186920491914645,,,
audit_sweep_ncal4,59,0.529218708570354,0.20820397054749207,0.0,0.0861242114753405,3.428059142719064,25.183891137686913,4,25,1711,1.49075367769125,,,
audit_sweep_ncal4,60,0.529687916320666,0.21813124371377768,0.0,1.0535037325385033,4.980804934763993,26.736636929731844,4,25,1740,10.160953695956469,,,
audit_sweep_ncal4,61,0.5296784640794799,0.21156589603510523,0.0,-0.5873908404396474,3.5215185935231443,25.277350588490993,4,25,1769,4.453912824217034,,,
audit_sweep_ncal4,62,0.5297449655633139,0.2110329891076812,0.0,-0.023457574552688345,3.325026283548663,25.080858278516512,4,25,1798,1.351650369242978,,,
audit_sweep_ncal4,63,0.5296034213292807,0.2069736774037007,0.0,-0.3295083988949732,4.984013305479328,26.73984530044718,4,25,1827,4.088559116331869,,,
audit_sweep_ncal4,64,0.5295800051347421,0.20358455044931284,0.0,-0.2724101247267818,1.9679779695335033,23.723809964501353,4,25,1856,1.318807617894683,,,
audit_sweep_ncal4,65,0.5295833175678951,0.20477587135719966,0.0,0.18040535444844327,3.385860095723963,25.141692090691812,4,25,1885,1.5551996011915699,,,
audit_sweep_ncal4,66,0.5298625257403994,0.2063017741675761,0.0,0.1834845450683733,3.4247745488433887,25.180606543811237,4,25,1914,1.8299130208290095,,,
audit_sweep_ncal4,67,0.5303551290234747,0.21378035447909488,0.0,0.8123364154678915,2.113690717449202,23.86952271241705,4,25,1943,4.903457289619003,,,
audit_sweep_ncal4,68,0.5303945883104656,0.21232816201676252,0.0,-0.12919225764209963,3.0016578102210847,24.757489805188932,4,25,1972,1.6268007190421159,,,
audit_sweep_ncal4,69,0.5301925692015814,0.2020183580121792,0.0,-0.9832686294209398,3.5437341643728044,25.299566159340653,4,25,2001,3.327385827114706,,,
audit_sweep_ncal4,70,0.5300977933366875,0.19800451655339607,0.0,-0.3254850312306272,5.146465571819658,26.902297566787507,4,25,2030,2.295257544192776,,,
audit_sweep_ncal4,71,0.5300166645142165,0.1998444478207333,0.0,0.2817225735639225,3.5387357538208075,25.29456774878866,4,25,2059,4.517729988736287,,,
audit_sweep_ncal4,72,0.5298858687045861,0.19790523285318362,0.0,-0.12181222717698363,3.424393801841689,25.180225796809538,4,25,2088,1.1623860738129952,,,
audit_sweep_ncal4,73,0.5299679764043254,0.19864069298932996,0.0,0.1833354120876689,2.9240131440746735,24.679845139042524,4,25,2117,3.3715629700933207,,,
audit_sweep_ncal4,74,0.5294726587020329,0.1901870902335437,0.0,-0.7735119223502382,4.785457791774381,26.54128978674223,4,25,2146,7.895355896760048,,,
audit_sweep_ncal4,75,0.5294752114389508,0.18731292570990715,0.0,-0.28265786271477367,1.9301612453103272,23.685993240278176,4,25,2175,1.4102107362152403,,,
audit_sweep_ncal4,76,0.5295395470544113,0.18840381719216054,0.0,0.15247984648863894,5.012668836466815,26.768500831434665,4,25,2204,3.351839399410294,,,
audit_sweep_ncal4,77,0.5291687539138474,0.18440506037620247,0.0,-0.31636554509610243,1.9625323939856298,23.71836438895348,4,25,2233,1.3695365481677357,,,
audit_sweep_ncal4,78,0.5290126785474707,0.18203920648027178,0.0,-0.13991379720505076,4.40481602285707,26.16064801782492,4,25,2262,4.916093064208032,,,
audit_sweep_ncal4,79,0.5291982841213448,0.18726425923230078,0.0,0.5945491768019742,3.526835535992908,25.282667530960758,4,25,2291,4.122726492169577,,,
audit_sweep_ncal4,80,0.5292536846208382,0.1886156144797821,0.0,0.1583771003226123,2.0262556419121514,23.78208763688,4,25,2320,1.4264731655180412,,,
audit_sweep_ncal4,81,0.5293334830617917,0.186191036226261,0.0,-0.21244502221934058,3.6915171695910747,25.447349164558922,4,25,2349,2.5179229023039382,,,
audit_sweep_ncal4,82,0.5293458570019052,0.1877969265843193,0.0,0.24759277995294948,5.049698591137435,26.805530586105284,4,25,2378,3.960366125360317,,,
audit_sweep_ncal4,83,0.5293704922887658,0.18556348668297967,0.0,-0.18174772318596003,6.617998115900892,28.37383011086874,4,25,2407,6.721002314777993,,,
audit_sweep_ncal4,84,0.5293883192548628,0.1838042588372456,0.0,-0.12663432659935486,3.3892051490305763,25.145037143998426,4,25,2436,1.2807048447612175,,,
audit_sweep_ncal4,85,0.5291712174628178,0.18233408048433658,0.0,-0.14369554629763265,4.4226918817750205,26.17852387674287,4,25,2465,4.71599637770593,,,
audit_sweep_ncal4,86,0.5292580382473614,0.18135110211707606,0.0,-0.054435373279749025,3.289888452396173,25.045720447364022,4,25,2494,1.2175886518086585,,,
audit_sweep_ncal4,87,0.5293276391842386,0.17907818703520378,0.0,-0.185332368897031,2.029109874900752,23.7849418698686,4,25,2523,1.3494146131441895,,,
audit_sweep_ncal4,88,0.5291734445968934,0.1767625460851841,0.0,-0.1790232722272161,3.4016401474636844,25.157472142431534,4,25,2552,3.4031734461100154,,,
audit_sweep_ncal4,89,0.5291120672247461,0.1756478742867898,0.0,-0.05996299944319277,1.889729466260587,23.645561461228436,4,25,2581,1.4124639603239941,,,
audit_sweep_ncal4,90,0.5292485526325268,0.18176435024159848,0.0,0.6901028508742367,1.7579507199831772,23.513782714951027,4,25,2610,3.190587710689973,,,
audit_sweep_ncal4,91,0.5289824961599666,0.17592681491009948,0.0,-0.5370021282574218,3.553521948999051,25.3093539439669,4,25,2639,4.751841716034811,,,
audit_sweep_ncal4,92,0.5294069294578888,0.18108993279087954,0.0,0.5688730204731344,3.270679499806829,25.026511494774677,4,25,2668,3.8922732322379017,,,
audit_sweep_ncal4,93,0.5298282281432656,0.18385597575948082,0.0,0.33384346760411937,2.971170519463191,24.72700251443104,4,25,2697,1.6321649572334571,,,
audit_sweep_ncal4,94,0.5302258062373698,0.18567048648621365,0.0,0.2361751599714514,2.9466108029938356,24.702442797961684,4,25,2726,2.030864807788579,,,
audit_sweep_ncal4,95,0.5302390947761453,0.18491028736547083,0.0,0.023558302261723982,3.658505189601904,25.414337184569753,4,25,2755,3.533700992771839,,,
audit_sweep_ncal4,96,0.5303197554245113,0.1841596497355394,0.0,-0.005954343326347496,5.070145972182696,26.825977967150546,4,25,2784,3.7995230403582663,,,
audit_sweep_ncal4,97,0.5302605430615692,0.18131690260155547,0.0,-0.21615377354053356,4.892465775914913,26.648297770882763,4,25,2813,3.607365555804986,,,
audit_sweep_ncal4,98,0.5303554647878829,0.18318832105825344,0.0,0.2825075870351063,2.9955222299813373,24.751354224949186,4,25,2842,1.1567139860068893,,,
audit_sweep_ncal4,99,0.5304383580081039,0.1822584721307991,0.0,-0.06737568971203077,5.131253422908061,26.88708541787591,4,25,2871,3.978833288853868,,,
audit_sweep_ncal4,100,0.5303392879511221,0.1755457784094676,0.0,-0.5977635646482836,3.295998077117228,25.051830072085078,4,25,2900,6.494305682172824,,,
audit_sweep_ncal4,101,0.53027905531419,0.17151082881093305,0.0,-0.3544298284459683,3.2676623841137014,25.02349437908155,4,25,2929,3.711346077297816,,,
audit_sweep_ncal4,102,0.530692754228175,0.1735222828580399,0.0,0.26648707721694515,4.800623082488373,26.55645507745622,4,25,2958,4.332116639448739,,,
audit_sweep_ncal4,103,0.5306517115981771,0.1755694729202768,0.0,0.2804946083523777,3.514875964314128,25.270707959281978,4,25,2987,4.673441727856466,,,
audit_sweep_ncal4,104,0.5304575524379203,0.17336429692182886,0.0,-0.16072629052096568,1.9819911930112701,23.73782318797912,4,25,3016,1.127479282006422,,,
audit_sweep_ncal4,105,0.5303287062906502,0.1731141907216171,0.0,0.03328385290842725,3.0009201278434516,24.7567521228113,4,25,3045,3.655623340176031,,,
audit_sweep_ncal4,106,0.5304633004222229,0.1726156609815424,0.0,-0.02617394003277574,3.5032925194475815,25.25912451441543,4,25,3074,3.7392297040460836,,,
audit_sweep_ncal4,107,0.5303351638136311,0.17084517992201065,0.0,-0.16404317099908775,3.229816742699281,24.98564873766713,4,25,3103,2.043136988855047,,,
audit_sweep_ncal4,108,0.5304516298833882,0.17203219631713523,0.0,0.15121068039725644,3.3802591858549302,25.13609118082278,4,25,3132,1.480989864513935,,,
audit_sweep_ncal4,109,0.5305978999151775,0.1717743717809574,0.0,0.04163963562931363,4.969573297468105,26.725405292435955,4,25,3161,3.2341693679809422,,,
audit_sweep_ncal4,110,0.5305780037939407,0.17197624969980535,0.0,0.10702080872800634,4.516304301516951,26.2721362964848,4,25,3190,2.835722970185569,,,
audit_sweep_ncal4,111,0.530587495478841,0.17491477281939966,0.0,0.36756496738441563,3.347843590656353,25.103675585624202,4,25,3219,1.8862693847626897,,,
audit_sweep_ncal4,112,0.5303182417743945,0.1731881304699983,0.0,-0.08635265253935849,4.995265336706471,26.75109733167432,4,25,3248,3.371515293030418,,,
audit_sweep_ncal4,113,0.5303457154582308,0.1759116125311953,0.0,0.2542498294245828,4.978485171035576,26.734317166003425,4,25,3277,6.706574575896312,,,
audit_sweep_ncal4,114,0.5300089921277988,0.16838150833349425,0.0,-0.6902404939442968,3.396808109524138,25.152640104491987,4,25,3306,2.227240892882114,,,
audit_sweep_ncal4,115,0.5295101186748671,0.16336260294454308,0.0,-0.411275907456699,3.4162944403058035,25.172126435273654,4,25,3335,1.2676318916072888,,,
audit_sweep_ncal4,116,0.5297845282233588,0.15822641586322372,0.0,-0.46448463629960257,3.1636298048748284,24.91946179984268,4,25,3364,2.229900542250875,,,
audit_sweep_ncal4,117,0.5297668082137296,0.14958926630479624,0.0,-0.8067501862389127,6.566027763909537,28.321859758877387,4,25,3393,8.087901031833017,,,
audit_sweep_ncal4,118,0.5301229500833842,0.15106719745632785,0.0,0.13057069641797672,4.529696471468848,26.2855284664367,4,25,3422,3.804318050739734,,,
audit_sweep_ncal4,119,0.5301149776949511,0.1490854440151384,0.0,-0.20181105878065222,3.36488604156472,25.12071803653257,4,25,3451,1.3111039347504085,,,
audit_sweep_ncal4,120,0.53038091251838,0.1461939433374882,0.0,-0.24254323023482585,4.955582953975286,26.711414948943137,4,25,3480,3.8809900007858196,,,
audit_sweep_ncal4,121,0.530555119541044,0.15121988036188755,0.0,0.520750640607294,1.8543587055072908,23.61019070047514,4,25,3509,2.5425127776417558,,,
audit_sweep_ncal4,122,0.5305109686715356,0.1525930918681206,0.0,0.20065742347475687,4.807056389190733,26.562888384158583,4,25,3538,3.8096061220061697,,,
audit_sweep_ncal4,123,0.5305508078726909,0.15488543476544375,0.0,0.3021974615663042,4.923078340124709,26.67891033509256,4,25,3567,3.336854186127695,,,
audit_sweep_ncal4,124,0.5304305695986195,0.1520792211022275,0.0,-0.1376968441241709,2.980002910870037,24.735834905837887,4,25,3596,2.965250669699853,,,
audit_sweep_ncal4,125,0.5305446471541096,0.1492304270369511,0.0,-0.2894762512899611,6.489728593785973,28.245560588753822,4,25,3625,6.219182394956965,,,
audit_sweep_ncal4,126,0.5306552724101624,0.14922712995525905,0.0,0.013531987272350894,3.348731044597856,25.104563039565704,4,25,3654,1.335141684321753,,,
audit_sweep_ncal4,127,0.5311121270271522,0.15032011948105228,0.0,0.16568517109207162,1.8839115383216882,23.639743533289536,4,25,3683,1.1506382818061265,,,
audit_sweep_ncal4,128,0.5313332864887033,0.1509600494907768,0.0,0.07972698855152036,3.573435235881302,25.32926723084915,4,25,3712,4.088495388315706,,,
audit_sweep_ncal4,129,0.5312923872812494,0.14599162351267447,0.0,-0.42264660777885715,4.875306386541769,26.63113838150962,4,25,3741,4.050459027332023,,,
audit_sweep_ncal4,130,0.5313619836505576,0.14589116253481088,0.0,0.01930571336719449,6.597279854122881,28.35311184909073,4,25,3770,7.0942963593571085,,,
audit_sweep_ncal4,131,0.5313118053254168,0.14533964217065792,0.0,-0.04110762467578229,5.242769562370601,26.99860155733845,4,25,3799,11.870892238125505,,,
audit_sweep_ncal4,132,0.5314149610294989,0.1464952358680009,0.0,0.12752778442053364,3.447322928735114,25.203154923702964,4,25,3828,1.6391409383157918,,,
audit_sweep_ncal4,133,0.531401040204249,0.1439527575543424,0.0,-0.22097270000537883,1.9156957057360047,23.671527700703855,4,25,3857,0.7463501750962811,,,
audit_sweep_ncal4,134,0.5314152234060395,0.1435403464432352,0.0,-0.043638954294437454,1.9331488854200574,23.688980880387906,4,25,3886,1.238606102078197,,,
audit_sweep_ncal4,135,0.5313600208607168,0.14400188049325596,0.0,0.06442392672812028,4.669381028692742,26.42521302366059,4,25,3915,2.6690126487819703,,,
audit_sweep_ncal4,136,0.5312134986977413,0.1480541972444157,0.0,0.49864377740905774,3.3860666104466226,25.14189860541447,4,25,3944,6.353301764645713,,,
audit_sweep_ncal4,137,0.5310667341797456,0.1473552105353892,0.0,0.030015038625085193,3.3185104264549254,25.074342421422774,4,25,3973,1.1948927103292857,,,
audit_sweep_ncal4,138,0.5311432523663194,0.14092647682746806,0.0,-0.5564763248893779,3.4789271126346297,25.23475910760248,4,25,4002,3.2764611535952217,,,
audit_sweep_ncal4,139,0.5310334661091877,0.1373241293270352,0.0,-0.2976446787255342,5.130658373078258,26.886490368046108,4,25,4031,4.98158058433043,,,
audit_sweep_ncal4,140,0.5311368603326502,0.1371772263498412,0.0,0.07649137314255482,4.6293588134416215,26.38519080840947,4,25,4060,3.3071944522190546,,,
audit_sweep_ncal4,141,0.531524211246055,0.13883661386967394,0.0,0.16990837253097213,3.3288060400179837,25.084638034985833,4,25,4089,1.3800571763850709,,,
audit_sweep_ncal4,142,0.5315542091679835,0.13893860399030084,0.0,0.06815899724968903,4.982022635724751,26.7378546306926,4,25,4118,3.5200942964354978,,,
audit_sweep_ncal4,143,0.5314367497288236,0.12940860985611896,0.0,-0.7993968892283448,4.888466928846066,26.644298923813913,4,25,4147,9.396521326642569,,,
audit_sweep_ncal4,144,0.531437431561487,0.1260338500337379,0.0,-0.23850875714807887,2.977876180270622,24.733708175238473,4,25,4176,2.901047625062302,,,
audit_sweep_ncal4,145,0.5314994614744287,0.13403481342434698,0.0,0.73704556368902,3.360069018389008,25.115901013356858,4,25,4205,3.4511146039007086,,,
audit_sweep_ncal4,146,0.531725113524553,0.13993187301546706,0.0,0.5753078792432803,3.2091644072171257,24.964996402184976,4,25,4234,4.255442300041595,,,
audit_sweep_ncal4,147,0.5316624494620177,0.13990948868212,0.0,0.00044477239902421923,3.385666825798988,25.141498820766838,4,25,4263,3.3626398990466195,,,
audit_sweep_ncal4,148,0.5316338740680316,0.14067224689907876,0.0,0.09307287629087312,6.566803482885356,28.322635477853204,4,25,4292,7.197358405295608,,,
audit_sweep_ncal4,149,0.5315632313680155,0.14507405786064986,0.0,0.45532056361934103,6.175235614155458,27.931067609123307,4,25,4321,9.877733192531792,,,
audit_sweep_ncal4,150,0.5316560872003718,0.15194445675851925,0.0,0.7342037792100434,4.818111845799575,26.573943840767424,4,25,4350,5.212557308077314,,,
audit_sweep_ncal4,151,0.5316938586692425,0.15290512622894542,0.0,0.17408952812893075,3.4063418574226163,25.162173852390467,4,25,4379,1.2799533591613392,,,
audit_sweep_ncal4,152,0.5316645113857073,0.1479728464493077,0.0,-0.4444231598040059,3.3005836007258456,25.056415595693693,4,25,4408,2.044369285347386,,,
audit_sweep_ncal4,153,0.5316898462935891,0.15032563520877246,0.0,0.2607355087427234,3.0201592282114267,24.775991223179275,4,25,4437,1.2239570782243008,,,
audit_sweep_ncal4,154,0.5318040242668122,0.14621749749404223,0.0,-0.3328019079385485,1.7728595762289576,23.528691571196806,4,25,4466,1.4180016625849867,,,
audit_sweep_ncal4,155,0.531860670036477,0.1431746274817804,0.0,-0.23598582762614537,1.791360030468432,23.54719202543628,4,25,4495,1.358071223567195,,,
audit_sweep_ncal4,156,0.5317458126403997,0.1364623463976169,0.0,-0.5746226216594943,4.962858092538337,26.718690087506186,4,25,4524,4.0794931533568475,,,
audit_sweep_ncal4,157,0.5319976299024995,0.13141442752118865,0.0,-0.44520533222247294,3.2404003920006357,24.996232386968487,4,25,4553,5.0073060226518376,,,
audit_sweep_ncal4,158,0.5320206945581075,0.13381958441271624,0.0,0.28978170480560295,9.71630121161137,31.47213320657922,4,25,4582,21.65669182535183,,,
audit_sweep_ncal4,159,0.5320873987367013,0.13032764515034095,0.0,-0.27078272905646666,3.4087300650790957,25.164562060046944,4,25,4611,1.0306889820519551,,,
audit_sweep_ncal4,160,0.5322633308131782,0.12885474227694832,0.0,-0.06130348452141463,3.2082543530365686,24.964086348004418,4,25,4640,1.3328896944867894,,,
audit_sweep_ncal4,161,0.5324469220222193,0.12391057394618643,0.0,-0.39543256319972425,6.495687790751895,28.251519785719744,4,25,4669,7.791631227665338,,,
audit_sweep_ncal4,162,0.5326026086873109,0.12289730141387983,0.0,-0.029996988230273424,1.7341652743207243,23.489997269288573,4,25,4698,1.7644129814316958,,,
audit_sweep_ncal4,163,0.532630118191804,0.12377157928860483,0.0,0.08364243687193705,6.360358569330865,28.116190564298712,4,25,4727,7.607964553439945,,,
audit_sweep_ncal4,164,0.5325363085013891,0.1314432580994242,0.0,0.7481783854155546,3.465923171993957,25.221755166961806,4,25,4756,5.855892595152927,,,
audit_sweep_ncal4,165,0.5326243008489662,0.13624050037206037,0.0,0.41696433290859597,3.3091362356981007,25.06496823066595,4,25,4785,3.009688129327576,,,
audit_sweep_ncal4,166,0.5327881211313852,0.13834978646633128,0.0,0.2252675696455289,1.8082402992374502,23.5640722942053,4,25,4814,1.507518294424799,,,
audit_sweep_ncal4,167,0.5330165886751549,0.13590621498134808,0.0,-0.21131873984194635,1.8943485269284113,23.65018052189626,4,25,4843,1.4001191630832943,,,
audit_sweep_ncal4,168,0.5330581108712574,0.13574435644266808,0.0,0.04487460013326401,1.84690817300133,23.60274016796918,4,25,4872,1.249356006106863,,,
audit_sweep_ncal4,169,0.5330709095738104,0.12967965576809715,0.0,-0.5304283427606443,3.408604305625483,25.164436300593334,4,25,4901,3.1020446387083744,,,
audit_sweep_ncal4,170,0.5330291512276175,0.13809158234147806,0.0,0.8384682542921721,2.9823643548919447,24.738196349859795,4,25,4930,4.654417349385188,,,
audit_sweep_ncal4,171,0.5330445113878799,0.13461520424932893,0.0,-0.28984312912420895,4.766063359408797,26.521895354376646,4,25,4959,4.12110972766653,,,
audit_sweep_ncal4,172,0.5330587093398929,0.13508012756712295,0.0,0.06221320286568571,1.9162201934478273,23.672052188415677,4,25,4988,1.3607322836169897,,,
audit_sweep_ncal4,173,0.533075353314173,0.12927059969373839,0.0,-0.4104394152047715,4.591528492028768,26.347360486996617,4,25,5017,8.746419494448066,,,
audit_sweep_ncal4,174,0.5331337721221899,0.12714356753124784,0.0,-0.1289863697018627,4.830540511329773,26.58637250629762,4,25,5046,3.389164428455633,,,
audit_sweep_ncal4,175,0.533195494499061,0.13276134330172967,0.0,0.5210796363659074,3.3804649065308294,25.136296901498678,4,25,5075,3.7436529693011273,,,
audit_sweep_ncal4,176,0.5332242855556564,0.1395148451822909,0.0,0.6792100658104829,3.032011882444207,24.787843877412055,4,25,5104,2.1776674641386475,,,
audit_sweep_ncal4,177,0.5332082143642815,0.13933326234441112,0.0,-0.03564598333161586,3.0285783184284263,24.784410313396275,4,25,5133,1.2531206780719057,,,
audit_sweep_ncal4,178,0.5331786519037671,0.14291992958917793,0.0,0.38096832976285483,3.065584848237778,24.821416843205625,4,25,5162,2.3128901381253764,,,
audit_sweep_ncal4,179,0.5332110862776563,0.13983241750167774,0.0,-0.23863896834279838,3.4375182116982086,25.193350206666057,4,25,5191,1.1501061235159442,,,
audit_sweep_ncal4,180,0.5331580870255553,0.13786943880722013,0.0,-0.09694235279762499,3.030512637534831,24.78634463250268,4,25,5220,1.9151282671498449,,,
audit_sweep_ncal4,181,0.5332360590691323,0.14378635068268086,0.0,0.5624858441202009,3.291711668263201,25.04754366323105,4,25,5249,1.9882661395249601,,,
audit_sweep_ncal4,182,0.5332833763269242,0.13749136331179151,0.0,-0.5612555866531218,4.965148733311397,26.720980728279244,4,25,5278,3.8605931889744904,,,
audit_sweep_ncal4,183,0.5332777713157006,0.1368333331551852,0.0,-0.02098948124887303,3.3725651353863326,25.12839713035418,4,25,5307,1.0472981709682838,,,
audit_sweep_ncal4,184,0.533395590918521,0.13877778399303214,0.0,0.21858906465798128,1.896861467033755,23.652693462001604,4,25,5336,1.5353901154720626,,,
audit_sweep_ncal4,185,0.5336704798626117,0.12270790874512882,0.0,-1.423379630790675,3.2075049991987075,24.963336994166557,4,25,5365,18.137747838227853,,,
audit_sweep_ncal4,186,0.5335617468683357,0.126762426690524,0.0,0.3926578183891101,4.892708520580084,26.648540515547932,4,25,5394,4.742946150778735,,,
audit_sweep_ncal4,187,0.5336869327946636,0.1234239421685629,0.0,-0.3163976815880585,3.3474146012297408,25.10324659619759,4,25,5423,1.1814701155135796,,,
audit_sweep_ncal4,188,0.5339394275115472,0.11490464395988947,0.0,-0.6429999701732511,3.336259052875908,25.09209104784376,4,25,5452,6.604750007891265,,,
audit_sweep_ncal4,189,0.5339665983052826,0.11347868589780774,0.0,-0.059152546975664806,1.89994874682857,23.65578074179642,4,25,5481,1.250864516652673,,,
audit_sweep_ncal4,190,0.5340020500060363,0.11422977045696825,0.0,0.05845028683924909,3.3619752305935795,25.117807225561428,4,25,5510,1.2679566698973488,,,
audit_sweep_ncal4,191,0.5342559377803603,0.109722527084951,0.0,-0.2758881959468952,3.0433202330031865,24.799152227971035,4,25,5539,3.761465986018319,,,
audit_sweep_ncal4,192,0.5343215394216685,0.10863836147034467,0.0,-0.0372023074657381,3.352318417419769,25.10815041238762,4,25,5568,3.336399403157878,,,
audit_sweep_ncal4,193,0.5344543130610245,0.1058608156349734,0.0,-0.1702140331986044,5.058418170419507,26.814250165387357,4,25,5597,6.652201891484448,,,
audit_sweep_ncal4,194,0.5344593853937819,0.1070453053807926,0.0,0.10464718297569545,4.489139951779416,26.244971946747263,4,25,5626,2.3736455421362344,,,
audit_sweep_ncal4,195,0.5342355459509569,0.11189797188016815,0.0,0.38295124767031474,4.701183458723785,26.457015453691632,4,25,5655,2.630306493289222,,,
audit_sweep_ncal4,196,0.5344796202520584,0.10811980932812637,0.0,-0.23865911842370416,3.3384831195046925,25.094315114472543,4,25,5684,1.3902846486904523,,,
audit_sweep_ncal4,197,0.5343925872517672,0.10968335179110023,0.0,0.17448945218586825,6.433716931796405,28.189548926764253,4,25,5713,6.33769295057032,,,
audit_sweep_ncal4,198,0.534578675945683,0.1068535717312804,0.0,-0.188350136173364,2.9764245383494097,24.73225653331726,4,25,5742,2.3784664141245853,,,
audit_sweep_ncal4,199,0.5344847013256615,0.10682203172539706,0.0,0.1043870879918411,3.2676879208296374,25.023519915797486,4,25,5771,1.282974054128833,,,
audit_sweep_ncal4,200,0.5342463170857937,0.1099412680544774,0.0,0.28357275054301395,3.2984970027391727,25.05432899770702,4,25,5800,2.6959043367744155,,,
audit_sweep_ncal4,201,0.5341986591484318,0.11222235900962657,0.0,0.26364852677361356,3.242172849072018,24.99800484403987,4,25,5829,1.4349631444125874,,,
audit_sweep_ncal4,202,0.5341481880447423,0.11112288754055921,0.0,-0.050743847228175334,3.164692709886859,24.920524704854706,4,25,5858,1.4739564652764556,,,
audit_sweep_ncal4,203,0.5341179334739465,0.11288654239445395,0.0,0.12651653585978934,3.4505088705412996,25.206340865509148,4,25,5887,3.3580424020579867,,,
audit_sweep_ncal4,204,0.5340286715034517,0.11636382749874785,0.0,0.3082565778634787,3.2841696910713782,25.040001686039226,4,25,5916,1.9093193436271785,,,
audit_sweep_ncal4,205,0.5339555014894758,0.11887013983789341,0.0,0.20305647955166944,1.7216860064677824,23.47751800143563,4,25,5945,1.513172248678249,,,
audit_sweep_ncal4,206,0.5339168551204845,0.12088265900278333,0.0,0.22434369543561358,6.536538429593576,28.292370424561426,4,25,5974,12.350422522369382,,,
audit_sweep_ncal4,207,0.5340304270301135,0.11908576202698185,0.0,-0.09625215199295863,3.349022815884767,25.104854810852615,4,25,6003,1.2367902990850799,,,
audit_sweep_ncal4,208,0.5339806449382649,0.1209591912811902,0.0,0.18798027448274193,6.524176431464907,28.280008426432758,4,25,6032,7.434904868595516,,,
audit_sweep_ncal4,209,0.5339245259990003,0.12292916414220606,0.0,0.2786488351655262,3.331245500470171,25.08707749543802,4,25,6061,1.903838669496117,,,
audit_sweep_ncal4,210,0.5339595227506893,0.12086756961823364,0.0,-0.16901377657352515,3.3744828424331708,25.13031483740102,4,25,6090,1.1464355427812105,,,
audit_sweep_ncal4,211,0.5340004253730626,0.12137296597546327,0.0,0.09009575523941747,3.289750635567051,25.045582630534902,4,25,6119,1.3688744713949275,,,
audit_sweep_ncal4,212,0.5339806909948289,0.12237617060618239,0.0,0.15883711584658003,3.019863693268639,24.77569568823649,4,25,6148,1.2519347521893138,,,
audit_sweep_ncal4,213,0.5340381045574565,0.12197491375278952,0.0,0.04718636676307061,4.874460573115969,26.630292568083817,4,25,6177,3.558152087663554,,,
audit_sweep_ncal4,214,0.5342044794585569,0.11911773329595576,0.0,-0.2322927621310205,4.8179649694315225,26.57379696439937,4,25,6206,4.039307820212469,,,
audit_sweep_ncal4,215,0.5341225204129079,0.1214629291560485,0.0,0.2355364940287459,3.034984688845519,24.790816683813368,4,25,6235,3.683381897962924,,,
audit_sweep_ncal4,216,0.5339589244873375,0.12523778701204152,0.0,0.46134791310789613,1.711353540020835,23.467185534988683,4,25,6264,0.922525356005469,,,
audit_sweep_ncal4,217,0.5339843754930699,0.12695892099689632,0.0,0.18919335519277022,6.201373884088714,27.957205879056563,4,25,6293,4.897459316071517,,,
audit_sweep_ncal4,218,0.5342093111809981,0.12052029651897916,0.0,-0.4854476294432856,1.8319682354673965,23.587800230435246,4,25,6322,2.6141521629211515,,,
audit_sweep_ncal4,219,0.5342362482116162,0.12080401670349389,0.0,0.018874567724114787,1.839654232202154,23.595486227170003,4,25,6351,1.2103515548046397,,,
audit_sweep_ncal4,220,0.5343267088557211,0.11745213350715272,0.0,-0.2099671621574282,1.8555801022563367,23.611412097224186,4,25,6380,1.3190551145286387,,,
audit_sweep_ncal4,221,0.5343456440767484,0.1155872328380445,0.0,-0.12297975856094587,3.2708053461523563,25.026637341120207,4,25,6409,1.6322125951152113,,,
audit_sweep_ncal4,222,0.534473556554196,0.11578739887083345,0.0,-0.005019461821374483,4.853733579404874,26.609565574372724,4,25,6438,3.4883507921216563,,,
audit_sweep_ncal4,223,0.5342212385927316,0.1226434794705632,0.0,0.6065759437663548,1.8568505756770144,23.612682570644864,4,25,6467,3.4290503347515147,,,
audit_sweep_ncal4,224,0.5341784730373065,0.12364589312552005,0.0,0.08544176967617215,3.215214324046009,24.97104631901386,4,25,6496,0.8196223540431938,,,
audit_sweep_ncal4,225,0.53430617623025,0.12005684505891873,0.0,-0.2662662428117607,3.024913889771142,24.78074588473899,4,25,6525,3.1795984456727946,,,
audit_sweep_ncal4,226,0.5341340466189922,0.12733615939764187,0.0,0.6037077218856476,3.3528166592772033,25.10864865424505,4,25,6554,4.225022867978557,,,
audit_sweep_ncal4,227,0.534184970238078,0.1270164593475101,0.0,0.00888967674931325,1.6960802935551107,23.45191228852296,4,25,6583,1.1308073318678105,,,
audit_sweep_ncal4,228,0.5341177526737535,0.128679922253577,0.0,0.2206348850710394,3.2743145169779786,25.030146511945826,4,25,6612,1.2487158106628158,,,
audit_sweep_ncal4,229,0.5341623019056781,0.12918057879865896,0.0,0.05503119848592299,1.8857999112795139,23.641631906247362,4,25,6641,1.4157365249087688,,,
audit_sweep_ncal4,230,0.5341310964190727,0.1312308323144475,0.0,0.17426251727348363,3.3569846373471623,25.11281663231501,4,25,6670,1.7342358625087004,,,
audit_sweep_ncal4,231,0.5342545733067959,0.1307753887885293,0.0,-0.007557570217159542,1.8570816754698447,23.612913670437695,4,25,6699,1.396841866674735,,,
audit_sweep_ncal4,232,0.5341525601460912,0.13561073086571457,0.0,0.452753867275415,4.925857625492907,26.681689620460755,4,25,6728,4.501354903478312,,,
audit_sweep_ncal4,233,0.5341388605974388,0.14229410122638508,0.0,0.6273603609426551,3.3596210181165653,25.115453013084416,4,25,6757,4.577914865019899,,,
audit_sweep_ncal4,234,0.5341278290272878,0.15163789182397425,0.0,0.9032330889050325,3.3528510824739675,25.108683077441817,4,25,6786,3.880857195930142,,,
audit_sweep_ncal4,235,0.5341503830090193,0.1556377404425569,0.0,0.43349189898369717,1.4932187681235218,23.249050763091372,4,25,6815,1.7596426517963706,,,
audit_sweep_ncal4,236,0.5341732565721731,0.15719330773335355,0.0,0.18896189839335994,1.8969327243284646,23.652764719296314,4,25,6844,1.5276052116594543,,,
audit_sweep_ncal4,237,0.5342276340292101,0.1432569558693681,0.0,-1.1674535527547847,3.433413613083522,25.189245608051372,4,25,6873,10.11369065971979,,,
audit_sweep_ncal4,238,0.534196632293682,0.14494661097221628,0.0,0.22184673321002357,1.4909661060381374,23.246798101005986,4,25,6902,0.9798670683859398,,,
audit_sweep_ncal4,239,0.5342297731851744,0.14265312117589385,0.0,-0.16295188024016002,5.011595442842193,26.767427437810042,4,25,6931,3.0150993338347867,,,
audit_sweep_ncal4,240,0.5341806065745928,0.14484608133872928,0.0,0.23805487950759893,4.98960967005999,26.74544166502784,4,25,6960,2.7763762136602645,,,
audit_sweep_ncal4,241,0.5341753242386238,0.14724313388995064,0.0,0.27325444375524366,6.649240870443951,28.4050728654118,4,25,6989,13.376487375149535,,,
audit_sweep_ncal4,242,0.5341177418392414,0.1479835344862096,0.0,0.13412270463370798,5.013352678659852,26.769184673627702,4,25,7018,7.078446031292103,,,
audit_sweep_ncal4,243,0.5341574064071076,0.14478438052123216,0.0,-0.23124998708755226,4.88072213976054,26.63655413472839,4,25,7047,3.9078912151173686,,,
audit_sweep_ncal4,244,0.5341920777319248,0.14837586164000394,0.0,0.3319843952716565,6.3798717813874894,28.13570377635534,4,25,7076,4.179016470169587,,,
audit_sweep_ncal4,245,0.5342070458054078,0.15248252289271058,0.0,0.40395350706871047,4.975745855064014,26.73157785003186,4,25,7105,4.076461442864198,,,
audit_sweep_ncal4,246,0.5341850163278676,0.15292919457277016,0.0,0.10172465900519106,4.947834307105138,26.70366630207299,4,25,7134,2.8381609895075988,,,
audit_sweep_ncal4,247,0.5341555561113435,0.15059028968885457,0.0,-0.16186878122481213,5.082540749148494,26.83837274411634,4,25,7163,2.7695745270041776,,,
audit_sweep_ncal4,248,0.5342296805127854,0.17151835322175701,0.0,1.8830041379489924,3.424151737270731,25.17998373223858,4,25,7192,20.142405209692697,,,
audit_sweep_ncal4,249,0.53422262723827,0.17275243381288286,0.0,0.1701933658492837,1.8479050572710614,23.60373705223891,4,25,7221,1.2587482838389956,,,
audit_sweep_ncal4,250,0.5342306611244035,0.16780146520756561,0.0,-0.3816387632148661,3.444402313253784,25.20023430822163,4,25,7250,1.865180142840928,,,
audit_sweep_ncal4,251,0.5342664360626512,0.16553735656495183,0.0,-0.1749894495291881,3.330197381569001,25.08602937653685,4,25,7279,1.2564478803638517,,,
audit_sweep_ncal4,252,0.5342990254320362,0.17849578297101104,0.0,1.2150506030093495,3.0855736907811795,24.841405685749027,4,25,7308,11.845340476306045,,,
audit_sweep_ncal4,253,0.5342878925767592,0.17884045308714563,0.0,0.0792329937284342,3.346478986514432,25.102310981482283,4,25,7337,3.0871206022300153,,,
audit_sweep_ncal4,254,0.5342784402715626,0.17467252255273158,0.0,-0.3523294607093304,3.4309593662751534,25.186791361243003,4,25,7366,3.4651303878644257,,,
audit_sweep_ncal4,255,0.5342845042993584,0.16919671008571563,0.0,-0.510623380866788,1.8645302524021474,23.620362247369997,4,25,7395,1.8951001355170702,,,
audit_sweep_ncal4,256,0.5343112392666254,0.1668661450108937,0.0,-0.18857886276696575,6.509757923982804,28.265589918950653,4,25,7424,7.807747614758281,,,
audit_sweep_ncal4,257,0.5343336095948588,0.1656061010915318,0.0,-0.12631853633885215,6.706380554166402,28.46221254913425,4,25,7453,6.656354383595876,,,
audit_sweep_ncal4,258,0.5343751227154443,0.1739369799823562,0.0,0.8310273126064472,3.3483341713674686,25.104166166335318,4,25,7482,4.4702529530632935,,,
audit_sweep_ncal4,259,0.5344025621134396,0.17636807430976975,0.0,0.2602621173245673,3.5274523814076026,25.283284376375452,4,25,7511,2.394630316942405,,,
audit_sweep_ncal4,260,0.534402323118319,0.177849088119093,0.0,0.2063048940814181,5.065825105299948,26.821657100267796,4,25,7540,3.615912585370485,,,
audit_sweep_ncal4,261,0.5343880716814331,0.17656777000514673,0.0,-0.06298722531956884,5.045862201504549,26.801694196472397,4,25,7569,3.290300000017917,,,
audit_sweep_ncal4,262,0.5344038875457232,0.17182027359293278,0.0,-0.4051539147876849,5.094960113088535,26.850792108056385,4,25,7598,2.9178565227213067,,,
audit_sweep_ncal4,263,0.5343748170237196,0.1628286812625761,0.0,-0.736357584387303,3.320231567422383,25.07606356239023,4,25,7627,3.501273553497837,,,
audit_sweep_ncal4,264,0.5344412185758787,0.14736681321864387,0.0,-1.3139017653593272,1.785519041699409,23.54135103666726,4,25,7656,12.013697413188824,,,
audit_sweep_ncal4,265,0.5344862720872311,0.14518200510493068,0.0,-0.19238867979647725,3.3809204290449753,25.136752424012826,4,25,7685,1.4724776485964741,,,
audit_sweep_ncal4,266,0.5344689385455813,0.1452732228739464,0.0,0.039351252043635626,3.44214075734393,25.197972752311777,4,25,7714,3.779668656509969,,,
audit_sweep_ncal4,267,0.5344550395397318,0.1452042240695578,0.0,0.045594926225182936,1.8835905056540112,23.639422500621862,4,25,7743,1.18910621465143,,,
audit_sweep_ncal4,268,0.5344452042180342,0.14390284930215635,0.0,-0.032986835349858676,6.636840855426867,28.392672850394717,4,25,7772,7.105901309459257,,,
audit_sweep_ncal4,269,0.5344641998627363,0.1438712569271306,0.0,0.03404148120376047,3.382716997848709,25.13854899281656,4,25,7801,3.545404921819843,,,
audit_sweep_ncal4,270,0.5344751968977961,0.1414785651651026,0.0,-0.13930409102050934,5.091827703096161,26.84765969806401,4,25,7830,6.2427556169333,,,
audit_sweep_ncal4,271,0.53448023893667,0.14386306324283255,0.0,0.2762798742992955,3.076033649235234,24.831865644203084,4,25,7859,3.4924280139867285,,,
audit_sweep_ncal4,272,0.5344849136779036,0.1455953361347287,0.0,0.2261889265646296,4.978477467920909,26.73430946288876,4,25,7888,3.4652416782098503,,,
audit_sweep_ncal4,273,0.5344880597042575,0.14921205328071396,0.0,0.3737962818182886,1.8407642975310852,23.596596292498933,4,25,7917,1.9618711805790776,,,
audit_sweep_ncal4,274,0.5344924437413379,0.1535435265679685,0.0,0.4094157423490873,3.077811660334773,24.833643655302623,4,25,7946,1.762173103366002,,,
audit_sweep_ncal4,275,0.5344942814604627,0.1627553924841379,0.0,0.8411636220358749,3.4600896981284235,25.215921693096274,4,25,7975,7.35356262850955,,,
audit_sweep_ncal4,276,0.5344479099915722,0.16427874523674202,0.0,0.20825027763646992,1.7481304159822713,23.50396241095012,4,25,8004,0.7948243151992903,,,
audit_sweep_ncal4,277,0.5344692255315435,0.1600196135463401,0.0,-0.34643869490598195,3.4966072809716318,25.25243927593948,4,25,8033,1.727893306778462,,,
audit_sweep_ncal4,278,0.5344830590530741,0.16107709073038856,0.0,0.18645613217809281,4.675331029180553,26.431163024148404,4,25,8062,2.066239092222787,,,
audit_sweep_ncal4,279,0.5344740994949211,0.16288588332689768,0.0,0.1965832954792133,3.4621531335582643,25.217985128526113,4,25,8091,1.9399610112582937,,,
audit_sweep_ncal4,280,0.5344739904643442,0.16383302537365219,0.0,0.14268366816062014,1.8120784878948786,23.56791048286273,4,25,8120,1.0482573726279298,,,
audit_sweep_ncal4,281,0.5344910722310009,0.16182310266000338,0.0,-0.13335620022066833,3.0867654687773562,24.842597463745207,4,25,8149,3.6514087402139483,,,
audit_sweep_ncal4,282,0.5344985633293898,0.16075164610351056,0.0,-0.09330298261855793,1.8562881566083473,23.612120151576196,4,25,8178,1.2003488604223116,,,
audit_sweep_ncal4,283,0.5344960916120983,0.16330699593618442,0.0,0.27168073206413396,1.8261655595450743,23.581997554512924,4,25,8207,1.203005507279883,,,
audit_sweep_ncal4,284,0.5344670714452214,0.16552137373387105,0.0,0.26337312696086757,3.4915671192069886,25.247399114174836,4,25,8236,4.401131760862365,,,
audit_sweep_ncal4,285,0.5344755374102931,0.16436097005463862,0.0,-0.11475919839350396,4.679482096056131,26.43531409102398,4,25,8265,7.356228183330645,,,
audit_sweep_ncal4,286,0.5344723457829114,0.16337515334489866,0.0,-0.07295894637824976,1.8036900215997822,23.55952201656763,4,25,8294,1.2151712133588584,,,
audit_sweep_ncal4,287,0.5344826990781978,0.1636342638992937,0.0,0.008862063249957537,3.4914659949823976,25.247297989950248,4,25,8323,3.49656644364343,,,
audit_sweep_ncal4,288,0.5344760812239616,0.1658235547990578,0.0,0.2738998849321406,1.8737489797748743,23.629580974742723,4,25,8352,1.944154133879673,,,
audit_sweep_ncal4,289,0.5344848499268617,0.1602225528210614,0.0,-0.4296714891367755,3.482901374073618,25.238733369041466,4,25,8381,1.8982763174185722,,,
audit_sweep_ncal4,290,0.5344626777077074,0.1597474189694879,0.0,0.004115056167416391,1.9135678218058454,23.669399816773694,4,25,8410,1.0965155349835716,,,
audit_sweep_ncal4,291,0.5344572900921403,0.15587073194089685,0.0,-0.3020968880031457,4.959390365177839,26.715222360145688,4,25,8439,3.651848567058405,,,
audit_sweep_ncal4,292,0.5344869560541641,0.15637195393784104,0.0,0.07050573828016522,1.901674119363884,23.65750611433173,4,25,8468,1.4473294767133733,,,
audit_sweep_ncal4,293,0.5344746399352095,0.15519845372533247,0.0,-0.03548316291601522,3.4122799429092585,25.168111937877107,4,25,8497,3.286799455738168,,,
audit_sweep_ncal4,294,0.5344816262158556,0.15672716729952574,0.0,0.20783542487794632,3.3455493941645296,25.101381389132378,4,25,8526,3.0862332412153046,,,
audit_sweep_ncal4,295,0.5344765939919605,0.15425963337224113,0.0,-0.1300244510106108,3.0660291526394103,24.821861147607258,4,25,8555,2.333864458012702,,,
audit_sweep_ncal4,296,0.5344982321108079,0.14895013937684998,0.0,-0.4782268402829809,1.7912833105296369,23.547115305497485,4,25,8584,2.0838897727342935,,,
audit_sweep_ncal4,297,0.5345225961757079,0.15089223491813858,0.0,0.20154618797438098,1.7159386838200799,23.47177067878793,4,25,8613,0.712770321698057,,,
audit_sweep_ncal4,298,0.5345427221226369,0.14774509799505559,0.0,-0.25129810830531013,3.37899249894074,25.13482449390859,4,25,8642,2.7541880122054634,,,
audit_sweep_ncal4,299,0.5345584658052478,0.14577902932456654,0.0,-0.1358049173554078,3.4005980518684895,25.156430046836338,4,25,8671,1.1823729386643118,,,
audit_sweep_ncal4,300,0.5345122443162283,0.14884314196441423,0.0,0.3404534420513775,3.443247136508297,25.199079131476147,4,25,8700,4.275660391134619,,,
audit_sweep_ncal4,301,0.5345624402071831,0.14272155847548246,0.0,-0.4899779013382215,4.952964225170517,26.708796220138368,4,25,8729,2.5363414821136225,,,
audit_sweep_ncal4,302,0.5345531011463953,0.1415190581937229,0.0,-0.034136185744720604,1.8823394233576591,23.63817141832551,4,25,8758,1.2086559903711878,,,
audit_sweep_ncal4,303,0.5346150610827182,0.13807790449701202,0.0,-0.30659303343660815,4.893055064626643,26.648887059594493,4,25,8787,4.209272086596906,,,
audit_sweep_ncal4,304,0.5345914764214215,0.13894610279894487,0.0,0.12737107923378063,3.0562466960393335,24.812078691007184,4,25,8816,3.811328290718135,,,
audit_sweep_ncal4,305,0.5346456796667929,0.13524336478116544,0.0,-0.2335761607783129,3.420387292851625,25.176219287819475,4,25,8845,3.747230409471296,,,
audit_sweep_ncal4,306,0.5345898990359277,0.1398610150287496,0.0,0.43892758054482367,4.65455673091032,26.41038872587817,4,25,8874,4.163348179631259,,,
audit_sweep_ncal4,307,0.5345938045503321,0.14168306158073485,0.0,0.25150293493716636,3.4471458734481044,25.202977868415953,4,25,8903,1.9963255833321811,,,
audit_sweep_ncal4,308,0.5345533006386448,0.14788247908554825,0.0,0.5799522458569764,3.3606138438633,25.116445838831147,4,25,8932,4.284373231223293,,,
audit_sweep_ncal4,309,0.5345958805827812,0.14086466745788861,0.0,-0.6140534324815766,1.8797486799748364,23.635580674942684,4,25,8961,3.4244964889491345,,,
audit_sweep_ncal4,310,0.5346857221521721,0.13736099087721687,0.0,-0.2865898168828539,3.328960428675432,25.084792423643282,4,25,8990,3.7893139317102524,,,
audit_sweep_ncal4,311,0.5346886090243999,0.13807917019121818,0.0,0.110493542169082,3.353521798681618,25.10935379364947,4,25,9019,6.935338603470179,,,
audit_sweep_ncal4,312,0.5347513226998084,0.13309004334828045,0.0,-0.42456779429855496,5.025854870972077,26.781686865939925,4,25,9048,4.901545720861347,,,
audit_sweep_ncal4,313,0.5348696440795963,0.12835674023016036,0.0,-0.36660381086712424,4.935223080398329,26.69105507536618,4,25,9077,2.6659306418630853,,,
audit_sweep_ncal4,314,0.534955301558205,0.12490064942477941,0.0,-0.21736367316187066,3.327957597786442,25.083789592754293,4,25,9106,0.8331455526122199,,,
audit_sweep_ncal4,315,0.5350333486170553,0.12179804718208637,0.0,-0.18588968976947087,1.866229115908821,23.622061110876672,4,25,9135,1.3731278607063595,,,
audit_sweep_ncal4,316,0.5351754119623175,0.11837965136903128,0.0,-0.2436751610337906,1.8719336098849533,23.6277656048528,4,25,9164,1.1711277589182398,,,
audit_sweep_ncal4,317,0.5354009722845094,0.11338503764820224,0.0,-0.4265904483988596,3.292246616794947,25.048078611762797,4,25,9193,4.495070011961014,,,
audit_sweep_ncal4,318,0.5360755202145793,0.1028913965413053,0.0,-0.8295253876806951,3.0213943949075843,24.777226389875434,4,25,9222,9.119047765997344,,,
audit_sweep_ncal4,319,0.5363554915336773,0.10005797825908547,0.0,-0.2520775807405259,1.8864238762042949,23.642255871172143,4,25,9251,0.789222751423405,,,
audit_sweep_ncal4,320,0.5363975786760931,0.09927519199966583,0.0,-0.04706961626562611,3.2797661194493126,25.035598114417162,4,25,9280,1.224048422070166,,,
audit_sweep_ncal4,321,0.5368089251910702,0.09573245488243065,0.0,-0.2922836569569405,4.8215509548658435,26.57738294983369,4,25,9309,3.089435179234338,,,
audit_sweep_ncal4,322,0.5364068502535757,0.09992967384468388,0.0,0.3028779041166494,4.734698769094826,26.490530764062676,4,25,9338,2.8911519257504947,,,
audit_sweep_ncal4,323,0.5362215541945546,0.10231986127440851,0.0,0.2040498367340377,3.2254567974787247,24.981288792446573,4,25,9367,1.4781831014680935,,,
audit_sweep_ncal4,324,0.5364610728338074,0.09977686206737069,0.0,-0.14920128301462263,1.7434584802862574,23.499290475254107,4,25,9396,2.478351963765096,,,
audit_sweep_ncal4,325,0.5368360777412565,0.09612367369292618,0.0,-0.21570524399015759,2.9820969720297734,24.73792896699762,4,25,9425,2.908387167778858,,,
audit_sweep_ncal4,326,0.5371019851613551,0.09363917532197141,0.0,-0.12292417990012398,1.6816239377314808,23.43745593269933,4,25,9454,1.264661294397947,,,
audit_sweep_ncal4,327,0.5376471461717991,0.08984624203302982,0.0,-0.2841474533646232,1.835344464548961,23.59117645951681,4,25,9483,1.3725280695805486,,,
audit_sweep_ncal4,328,0.5388714465689641,0.08156814789854072,0.0,-0.5766145166006874,3.2286781516104925,24.98451014657834,4,25,9512,2.6842483908658012,,,
audit_sweep_ncal4,329,0.5400428636176781,0.07492007606129003,0.0,-0.38138910612646454,3.0673164437143194,24.823148438682168,4,25,9541,1.4825146928259936,,,
audit_sweep_ncal4,330,0.5386038493505009,0.08298549838635727,0.0,0.5488406330907939,4.701802966747033,26.45763496171488,4,25,9570,3.539661213288626,,,
audit_sweep_ncal4,331,0.5391771628399005,0.07941465014170268,0.0,-0.1501153081998299,4.983633861391152,26.739465856359,4,25,9599,6.291129893168564,,,
audit_sweep_ncal4,332,0.5395929286375519,0.07752932253339284,0.0,-0.10682627067030222,4.775683886071262,26.531515881039113,4,25,9628,3.393266816311442,,,
audit_sweep_ncal4,333,0.5384588856912685,0.08367413025075154,0.0,0.40107537437071616,1.8969448974945293,23.652776892462377,4,25,9657,1.664988381745545,,,
audit_sweep_ncal4,334,0.5391320751133821,0.07958759266258764,0.0,-0.26228888188360894,3.4742375135888723,25.23006950855672,4,25,9686,3.916961665512581,,,
audit_sweep_ncal4,335,0.5398782858138209,0.0754488275474261,0.0,-0.22136605544479154,4.600490126871986,26.356322121839835,4,25,9715,2.780149947905887,,,
audit_sweep_ncal4,336,0.5416420863884162,0.06712680238208513,0.0,-0.5318357480334266,1.72018054601497,23.47601254098282,4,25,9744,2.242042999869101,,,
audit_sweep_ncal4,337,0.5409043528252948,0.0706392634347679,0.0,0.22877969585106442,3.1964644784994167,24.952296473467264,4,25,9773,1.6739107615006148,,,
audit_sweep_ncal4,338,0.5423601387007577,0.06438292921301203,0.0,-0.34192909578680414,3.3678153615212048,25.123647356489055,4,25,9802,2.777096001493898,,,
audit_sweep_ncal4,339,0.5421555885158159,0.06512873230864091,0.0,0.1358766924616258,3.0569353233378815,24.81276731830573,4,25,9831,1.2323480583071222,,,
audit_sweep_ncal4,340,0.5423323596311094,0.06456821558466441,0.0,-0.06782701071469453,2.7752064906210947,24.531038485588944,4,25,9860,3.3975694568286308,,,
audit_sweep_ncal4,341,0.5428333489460273,0.06262526231547871,0.0,-0.07856415644388973,4.260585796768934,26.016417791736785,4,25,9889,3.4022336313200907,,,
audit_sweep_ncal4,342,0.5443674410739717,0.05674369627144016,0.0,-0.27251736628140133,3.0084986937088236,24.764330688676672,4,25,9918,1.5358364999846494,,,
audit_sweep_ncal4,343,0.5421716630342259,0.06586213938047047,0.0,0.5618890253237456,2.4747556303712392,24.230587625339087,4,25,9947,3.8102531333037013,,,
audit_sweep_ncal4,344,0.5423194826553795,0.06451252334151558,0.0,-0.08443694034440903,1.83747052195392,23.59330251692177,4,25,9976,1.3396914752343194,,,
audit_sweep_ncal4,345,0.5429844396684024,0.06187714555880308,0.0,-0.16677979887258085,4.5785732694382455,26.334405264406094,4,25,10005,3.7601969738446934,,,
audit_sweep_ncal4,346,0.5421371810772415,0.06604240748541568,0.0,0.2580327751562502,1.810658670868269,23.566490665836117,4,25,10034,1.9437034076083894,,,
audit_sweep_ncal4,347,0.5423762172983271,0.0647065835900078,0.0,-0.05955051072034589,4.618278385512462,26.37411038048031,4,25,10063,4.179873247102969,,,
audit_sweep_ncal4,348,0.541364082904686,0.06908950866420926,0.0,0.31832144771758597,3.0347064655182954,24.790538460486143,4,25,10092,1.4769339636472314,,,
audit_sweep_ncal4,349,0.5381564891829742,0.08685690840028726,0.0,1.11452174513293,1.9349333783873446,23.690765373355195,4,25,10121,8.13025044175149,,,
audit_sweep_ncal4,350,0.5376947026956259,0.09005491423906165,0.0,0.24602649106994323,1.869578433465488,23.625410428433337,4,25,10150,1.9590475771100933,,,
audit_sweep_ncal4,351,0.5376649905149998,0.09037491984532386,0.0,0.06034642521905414,4.58821834569662,26.34405034066447,4,25,10179,3.4779140697326314,,,
audit_sweep_ncal4,352,0.5376847717770747,0.08990862419477319,0.0,0.048225326311639914,1.8564576763301521,23.612289671298,4,25,10208,1.1190696683360406,,,
audit_sweep_ncal4,353,0.5367899277832061,0.09714314658672363,0.0,0.596553979908837,3.2183322030496373,24.974164198017487,4,25,10237,3.528179012319628,,,
audit_sweep_ncal4,354,0.5364964610809431,0.10071693440346952,0.0,0.24665634147187054,1.8260242187263702,23.58185621369422,4,25,10266,1.9587760904580174,,,
audit_sweep_ncal4,355,0.5372129837384191,0.09408800276509721,0.0,-0.4062815622635976,3.326570501075857,25.082402496043706,4,25,10295,1.411626967152666,,,
audit_sweep_ncal4,356,0.5376026211349603,0.09058983317880731,0.0,-0.20994334739023263,3.2080582358093284,24.963890230777178,4,25,10324,0.7190084560428713,,,
audit_sweep_ncal4,357,0.5417641109725736,0.06759182870205072,0.0,-1.4720473544924868,4.676561759270582,26.432393754238433,4,25,10353,9.834035868672109,,,
audit_sweep_ncal4,358,0.540916880991967,0.07134157672968455,0.0,0.2428165596466546,1.9390034048436198,23.69483539981147,4,25,10382,1.2627499266715594,,,
audit_sweep_ncal4,359,0.5394282340468747,0.07880944550908275,0.0,0.5016577869224327,4.6194557383527135,26.37528773332056,4,25,10411,3.3191313866410996,,,
audit_sweep_ncal4,360,0.5406596365047339,0.07256944366122775,0.0,-0.3767316708087308,1.861173332281021,23.61700532724887,4,25,10440,1.4597631278069207,,,
audit_sweep_ncal4,361,0.5405130137959064,0.07346776980235581,0.0,0.07150453862450008,1.8002345886386557,23.556066583606505,4,25,10469,1.4881863863699292,,,
audit_sweep_ncal4,362,0.5408637730681055,0.07180926506814,0.0,-0.10526647716605057,5.895272515372789,27.651104510340637,4,25,10498,6.616971667401458,,,
audit_sweep_ncal4,363,0.5409457994039755,0.0712987437939051,0.0,0.015369592463594924,1.885550461189453,23.641382456157302,4,25,10527,1.431172503237355,,,
audit_sweep_ncal4,364,0.5386504772839971,0.08353160185787123,0.0,0.7564120648130271,3.005828802987177,24.761660797955027,4,25,10556,6.415244401787946,,,
audit_sweep_ncal4,365,0.5375400181211746,0.0910896825755112,0.0,0.5583256715490106,1.820702083844328,23.576534078812177,4,25,10585,2.853958465242447,,,
audit_sweep_ncal4,366,0.5381136577115873,0.08708669903248634,0.0,-0.2624596316241131,2.95618861082722,24.712020605795068,4,25,10614,2.9940957689052237,,,
audit_sweep_ncal4,367,0.5377379360842685,0.08992759605534739,0.0,0.19325238457104646,2.888720234439237,24.644552229407086,4,25,10643,4.687979144850995,,,
audit_sweep_ncal4,368,0.5381177186665951,0.08697652401548206,0.0,-0.17905955418631286,3.780997065176516,25.536829060144363,4,25,10672,7.780304867857695,,,
audit_sweep_ncal4,369,0.5377858799183022,0.08927211909233623,0.0,0.19364136855962893,3.4347667596632263,25.190598754631075,4,25,10701,3.397864781306675,,,
audit_sweep_ncal4,370,0.5385565634312244,0.08375611005611894,0.0,-0.28627149854983186,3.2694126979436033,25.025244692911453,4,25,10730,1.4014102599683838,,,
audit_sweep_ncal4,371,0.5378349180756202,0.08891271664106581,0.0,0.40514756684252734,3.469638763869361,25.22547075883721,4,25,10759,6.437062055525828,,,
audit_sweep_ncal4,372,0.5381849824015,0.08651467040873695,0.0,-0.09100924498235158,4.795154810398382,26.550986805366232,4,25,10788,3.341714993421954,,,
audit_sweep_ncal4,373,0.5381711015631365,0.08716436471030375,0.0,0.08997592059116268,1.8761217747049332,23.631953769672783,4,25,10817,1.5808460357333851,,,
audit_sweep_ncal4,374,0.5382590674700097,0.08636367269169432,0.0,-0.037476071905312505,4.56067835157532,26.31651034654317,4,25,10846,3.2615002897862366,,,
audit_sweep_ncal4,375,0.5368046916004076,0.09857912536614943,0.0,0.8470192314626501,3.768877830370764,25.52470982533861,4,25,10875,12.702114240667266,,,
audit_sweep_ncal4,376,0.5392926802817516,0.07970511141352477,0.0,-1.2068287865649796,2.942149808562415,24.697981803530265,4,25,10904,16.513926477621965,,,
audit_sweep_ncal4,377,0.5407141606529071,0.0731962020422191,0.0,-0.3916923777764261,3.0571124712342272,24.812944466202076,4,25,10933,1.4920163882496111,,,
audit_sweep_ncal4,378,0.5405877947679543,0.07413537272254844,0.0,0.04773804416774937,3.4721286306083483,25.2279606255762,4,25,10962,3.636067673907153,,,
audit_sweep_ncal4,379,0.5405020548084588,0.074102404689109,0.0,0.038225341703197954,3.053120449763995,24.808952444731844,4,25,10991,1.2771888723825953,,,
audit_sweep_ncal4,380,0.5409646393360712,0.07209351335781011,0.0,-0.13771979884293967,3.0823544153724067,24.838186410340256,4,25,11020,1.1521840732906785,,,
audit_sweep_ncal4,381,0.5418651436130387,0.06853846623404392,0.0,-0.17161156769274216,3.0619836995865537,24.817815694554405,4,25,11049,1.2380416386614317,,,
audit_sweep_ncal4,382,0.5424873051192091,0.06603964105400195,0.0,-0.1424218535828348,1.7411725318593372,23.497004526827187,4,25,11078,1.3251193412429214,,,
audit_sweep_ncal4,383,0.5432090233715708,0.06280837138940487,0.0,-0.18538713024283918,4.417761738829099,26.17359373379695,4,25,11107,2.8156701666319064,,,
audit_sweep_ncal4,384,0.5440969381160954,0.05956376302991939,0.0,-0.17641997453570765,4.422865157688423,26.178697152656273,4,25,11136,3.627340460052679,,,
audit_sweep_ncal4,385,0.5440758423419189,0.059353656954156286,0.0,0.07023564630598296,5.8532777874770305,27.60910978244488,4,25,11165,6.75632597739588,,,
audit_sweep_ncal4,386,0.5415740214566565,0.06970132994470268,0.0,0.6653072658310568,3.8688113531132977,25.624643348081147,4,25,11194,1.1040992326141845,,,
audit_sweep_ncal4,387,0.5412548421584105,0.07107360632650828,0.0,0.10201638606452856,4.39971856893618,26.15555056390403,4,25,11223,4.074253438041348,,,
audit_sweep_ncal4,388,0.5403929763231842,0.07533768674234198,0.0,0.3261583793244211,1.7281540335620345,23.483986028529884,4,25,11252,1.2593366247922961,,,
audit_sweep_ncal4,389,0.5420751339363445,0.06734556851112128,0.0,-0.43904701349933556,2.77667517489376,24.53250716986161,4,25,11281,4.896505415156136,,,
audit_sweep_ncal4,390,0.543301090363056,0.0622264287298232,0.0,-0.26777949694950653,2.846197534513575,24.602029529481424,4,25,11310,4.682035547332702,,,
audit_sweep_ncal4,391,0.5425288366422824,0.06545057150641564,0.0,0.2434597859212399,4.286089461481429,26.041921456449277,4,25,11339,4.495316395914559,,,
audit_sweep_ncal4,392,0.5433679519882797,0.06238297753217714,0.0,-0.1786698290270871,2.5786917186382503,24.3345237136061,4,25,11368,2.9430707443351434,,,
audit_sweep_ncal4,393,0.5449471476080682,0.05657066765318175,0.0,-0.3249417318314187,2.001650627349663,23.75748262231751,4,25,11397,1.2084767485478711,,,
audit_sweep_ncal4,394,0.545124186422626,0.056182652884871453,0.0,0.00918997290463811,2.6021493978671213,24.357981392834972,4,25,11426,1.1943019268973607,,,
audit_sweep_ncal4,395,0.5462670723396615,0.052529961764174016,0.0,-0.1721195107136931,1.9475355326092383,23.703367527577086,4,25,11455,1.3387596649335978,,,
audit_sweep_ncal4,396,0.5476570826994817,0.047998663611862113,0.0,-0.26889782697947556,2.8084936977721644,24.564325692740013,4,25,11484,3.03120697160257,,,
audit_sweep_ncal4,397,0.548683383809343,0.04481629701136025,0.0,-0.1976556662011694,2.800812080457628,24.556644075425478,4,25,11513,0.6570193425189962,,,
audit_sweep_ncal4,398,0.5500665536725351,0.04075977491609506,0.0,-0.2504723969930888,1.2733070223452254,23.029139017313074,4,25,11542,0.7175263103118966,,,
audit_sweep_ncal4,399,0.5510598881774911,0.03850288456528228,0.0,-0.13779890751048393,3.7461553958461686,25.50198739081402,4,25,11571,3.36130853433434,,,
audit_sweep_ncal4,400,0.5509805341480041,0.038585952173689875,0.0,0.0640800537843895,2.408916900545129,24.16474889551298,4,25,11600,1.412874818022014,,,
audit_sweep_ncal4,401,0.5507472399619944,0.03899848531849914,0.0,0.0672650984270309,3.2566505922951943,25.012482587263044,4,25,11629,3.5524656789158233,,,
audit_sweep_ncal4,402,0.5501640367400866,0.04084086828049582,0.0,0.15906536739625166,3.9693185800788444,25.725150575046694,4,25,11658,7.200123914811043,,,
audit_sweep_ncal4,403,0.5518042399311827,0.036490830863046386,0.0,-0.2882125404719745,3.699940948545404,25.455772943513253,4,25,11687,2.652801438492725,,,
audit_sweep_ncal4,404,0.5513250662656409,0.03767424436200506,0.0,0.0827236401867452,4.419082485977214,26.174914480945063,4,25,11716,2.9938473275672375,,,
audit_sweep_ncal4,405,0.5476865997056334,0.04841577626576121,0.0,0.7150916274212573,2.2874924836275436,24.043324478595395,4,25,11745,5.574039861510424,,,
audit_sweep_ncal4,406,0.5470867053991811,0.05079624909629954,0.0,0.15481959777768464,4.516317456544229,26.272149451512078,4,25,11774,2.96271776643788,,,
audit_sweep_ncal4,407,0.5474034163357463,0.04991452150366138,0.0,-0.05727205368389345,1.9492665531032816,23.70509854807113,4,25,11803,1.2760207682239926,,,
audit_sweep_ncal4,408,0.5457017108825563,0.05560749961590539,0.0,0.37318353829476025,1.7402561427543706,23.496088137722218,4,25,11832,0.6199171536369532,,,
audit_sweep_ncal4,409,0.5458135695635282,0.05541553013639122,0.0,-0.035088314715328875,1.706734201478465,23.462566196446314,4,25,11861,1.122970760897555,,,
audit_sweep_ncal4,410,0.542896922062189,0.06598211506300833,0.0,0.6972743165311518,3.6424926177446193,25.398324612712468,4,25,11890,2.9096346403330027,,,
audit_sweep_ncal4,411,0.5426356890585281,0.06715467610042714,0.0,0.10305305335139435,4.751496512255655,26.507328507223505,4,25,11919,3.2373900292462734,,,
audit_sweep_ncal4,412,0.5432585699763687,0.06465015237721894,0.0,-0.1284052296696136,1.714821665193969,23.47065366016182,4,25,11948,1.1325527502277852,,,
audit_sweep_ncal4,413,0.5445084252679004,0.06027279950133535,0.0,-0.304398042547928,4.5060968106348325,26.261928805602683,4,25,11977,4.870962229228905,,,
audit_sweep_ncal4,414,0.5446446319367251,0.05979876109021098,0.0,-0.0019503098097711858,3.479393279563251,25.2352252745311,4,25,12006,3.347779904261783,,,
audit_sweep_ncal4,415,0.5438227006901423,0.0625780820668379,0.0,0.17490360079881295,2.9544519255408024,24.71028392050865,4,25,12035,1.007592572295891,,,
audit_sweep_ncal4,416,0.546681259138865,0.05262224696065787,0.0,-0.5756625751747785,2.8400755907074617,24.59590758567531,4,25,12064,5.832007830243369,,,
audit_sweep_ncal4,417,0.5470472917372574,0.05169888421146407,0.0,-0.009258524044580134,3.3683811781589017,25.12421317312675,4,25,12093,3.0692818987156842,,,
audit_sweep_ncal4,418,0.5462091928280153,0.054633209948187766,0.0,0.19423269917515462,4.366517450135474,26.122349445103325,4,25,12122,3.6465038039410818,,,
audit_sweep_ncal4,419,0.5441751607261048,0.06168294369867544,0.0,0.401452996565168,2.957859752279809,24.71369174724766,4,25,12151,2.741649824630482,,,
audit_sweep_ncal4,420,0.5464852319917338,0.05357404587667558,0.0,-0.4562527172477803,3.4420542785545,25.19788627352235,4,25,12180,2.2448662862139033,,,
audit_sweep_ncal4,421,0.5461734806378861,0.05432495659624803,0.0,0.04935422241555989,3.6436057198050995,25.399437714772947,4,25,12209,3.9990226668458004,,,
audit_sweep_ncal4,422,0.5464069239938778,0.053717566714850395,0.0,0.005179886626669505,4.496258839602195,26.252090834570044,4,25,12238,3.623177157599736,,,
audit_sweep_ncal4,423,0.5454767476652697,0.056894914391789175,0.0,0.16742982214221314,3.036714130479184,24.792546125447032,4,25,12267,1.4017088478151323,,,
audit_sweep_ncal4,424,0.5467917214713006,0.05294496703374041,0.0,-0.27068043797914154,2.7933442436536975,24.54917623862155,4,25,12296,1.448109654075677,,,
audit_sweep_ncal4,425,0.5454981832726826,0.0568287129403805,0.0,0.29119824117403464,2.5209308833511437,24.276762878318994,4,25,12325,1.601360400576157,,,
audit_sweep_ncal4,426,0.54500865142727,0.058401364748237206,0.0,0.09833734085417382,4.471449722885227,26.227281717853074,4,25,12354,4.002565128759677,,,
audit_sweep_ncal4,427,0.5446100168196701,0.060090747217702245,0.0,0.11001842296670444,2.966430195886742,24.72226219085459,4,25,12383,1.1733056622882139,,,
audit_sweep_ncal4,428,0.5433642848057325,0.06397548433187195,0.0,0.24660834577922372,5.958918278263084,27.714750273230933,4,25,12412,6.759750293081273,,,
audit_sweep_ncal4,429,0.5428968193506091,0.06606853231556231,0.0,0.1384490598701314,4.523388518607717,26.279220513575567,4,25,12441,3.678819925871881,,,
audit_sweep_ncal4,430,0.5430670060969945,0.06588828992139772,0.0,0.03074088608072277,6.086410723952976,27.842242718920826,4,25,12470,6.67448089670945,,,
audit_sweep_ncal4,431,0.5429747342096407,0.06585817376189274,0.0,0.016650187181659986,3.00562223705391,24.76145423202176,4,25,12499,3.4709643695668557,,,
audit_sweep_ncal4,432,0.5407730941492107,0.07518147907232997,0.0,0.5720670592423848,2.6520123439217755,24.407844338889625,4,25,12528,3.31869620897197,,,
audit_sweep_ncal4,433,0.542399701221061,0.06777400092076491,0.0,-0.49059881158102914,4.458445176599151,26.214277171566998,4,25,12557,3.2911383937217806,,,
audit_sweep_ncal4,434,0.5412827716544805,0.07277664687203711,0.0,0.3135801669109976,4.413252091069239,26.16908408603709,4,25,12586,10.194001776384676,,,
audit_sweep_ncal4,435,0.5396678136492968,0.08173368989597263,0.0,0.5719421627034273,4.6441108570365275,26.399942852004376,4,25,12615,6.5321021419631355,,,
audit_sweep_ncal4,436,0.5413373823092656,0.07272447124214321,0.0,-0.5132026114613548,2.9354617290023146,24.691293723970162,4,25,12644,1.5626737356201574,,,
audit_sweep_ncal4,437,0.5418505162386436,0.0699542255873219,0.0,-0.1424131123851995,3.081140446140129,24.836972441107978,4,25,12673,1.0552285808483992,,,
audit_sweep_ncal4,438,0.5422491120311907,0.06840391174660487,0.0,-0.04582676332842649,3.1541552629586698,24.90998725792652,4,25,12702,1.07304306030483,,,
audit_sweep_ncal4,439,0.5420924680573151,0.06916715874772461,0.0,0.06001430752958835,2.777743313322625,24.533575308290473,4,25,12731,1.269939330713094,,,
audit_sweep_ncal4,440,0.540646690404231,0.07568140720078453,0.0,0.3856381554866717,3.0372925737889673,24.793124568756816,4,25,12760,2.5256048052049116,,,
audit_sweep_ncal4,441,0.540675139675791,0.0757302208861188,0.0,0.014714480656131936,2.824535017971873,24.58036701293972,4,25,12789,1.2146751386944217,,,
audit_sweep_ncal4,442,0.5401079064817721,0.0782503386178871,0.0,0.1646345467974568,4.665183430898184,26.42101542586603,4,25,12818,4.004500890463479,,,
audit_sweep_ncal4,443,0.5395023674494305,0.08161671450939378,0.0,0.2077397837700638,4.583826973057219,26.33965896802507,4,25,12847,3.138226997088192,,,
audit_sweep_ncal4,444,0.5393778910653486,0.08207228123927623,0.0,0.06633592471976558,3.523827538607996,25.279659533575845,4,25,12876,3.0067816406864565,,,
audit_sweep_ncal4,445,0.5398556874446857,0.07887394534430814,0.0,-0.14799308665369296,4.50272910121837,26.25856109618622,4,25,12905,3.5723901438762664,,,
audit_sweep_ncal4,446,0.5393467930692392,0.08173161314500177,0.0,0.19296461418126892,2.91592830761786,24.67176030258571,4,25,12934,1.1355790898317573,,,
audit_sweep_ncal4,447,0.5398289223403163,0.07874081795307009,0.0,-0.19432797177721023,3.3771587315759497,25.1329907265438,4,25,12963,3.6263364960095092,,,
audit_sweep_ncal4,448,0.5394870087703685,0.08061248268701893,0.0,0.10955108304784943,2.854110491022424,24.609942485990274,4,25,12992,0.9792339303432931,,,
audit_sweep_ncal4,449,0.5380515030441226,0.09031958013506736,0.0,0.6946337057327235,1.7954578388645823,23.55128983383243,4,25,13021,1.9174188438038147,,,
audit_sweep_ncal4,450,0.5390069891833016,0.08370982067297617,0.0,-0.3766580579159583,3.0520835659933137,24.807915560961163,4,25,13050,4.2919211431776265,,,
audit_sweep_ncal4,451,0.5380268254337164,0.09049154775031998,0.0,0.46983257076025503,3.253454796519859,25.009286791487707,4,25,13079,2.8675535664801552,,,
audit_sweep_ncal4,452,0.5389806291603495,0.08358642226246149,0.0,-0.4337337251705923,4.839408721879764,26.595240716847613,4,25,13108,2.2021529512332676,,,
audit_sweep_ncal4,453,0.5391427571456612,0.08300568176284684,0.0,0.00327453574188221,2.9080856552841916,24.663917650252042,4,25,13137,1.2664390677745103,,,
audit_sweep_ncal4,454,0.5382963690407799,0.08859297906039354,0.0,0.3964498193904806,3.297258886946622,25.05309088191447,4,25,13166,4.099817720709286,,,
audit_sweep_ncal4,455,0.5383380246781394,0.08813864782245606,0.0,0.024485878024332556,4.797700822481419,26.553532817449266,4,25,13195,3.6160519046594226,,,
audit_sweep_ncal4,456,0.5382359677100395,0.08834551184912154,0.0,0.060774691252630644,1.8371509480887473,23.592982943056597,4,25,13224,1.1791026962871665,,,
audit_sweep_ncal4,457,0.5373311092339778,0.09554123560884453,0.0,0.5006984341259678,2.959318374948101,24.71515036991595,4,25,13253,3.0259457542341734,,,
audit_sweep_ncal4,458,0.5377147320814468,0.09234181124240382,0.0,-0.24282706945091967,3.173950025425018,24.929782020392867,4,25,13282,1.3552429984723877,,,
audit_sweep_ncal4,459,0.5380473291993774,0.08955533227245838,0.0,-0.11166667911426022,2.9941274200112944,24.749959414979145,4,25,13311,2.010977301001193,,,
audit_sweep_ncal4,460,0.5378211730717415,0.09124822953438083,0.0,0.16681392432691478,1.829129224982988,23.584961219950838,4,25,13340,1.2661393037747553,,,
audit_sweep_ncal4,461,0.5374168495377059,0.09484787630802816,0.0,0.30369987541865395,2.9526276746837405,24.70845966965159,4,25,13369,1.8821695272024224,,,
audit_sweep_ncal4,462,0.5371861254074962,0.09756278724084422,0.0,0.21085615002518426,5.04352176659603,26.79935376156388,4,25,13398,7.948385858762327,,,
audit_sweep_ncal4,463,0.5373458709275128,0.09596964364431704,0.0,-0.055664628153905715,4.8189947548169005,26.574826749784748,4,25,13427,3.9786248276607274,,,
audit_sweep_ncal4,464,0.5370598836429523,0.09863433320626491,0.0,0.24133549757070663,6.337174008506572,28.09300600347442,4,25,13456,8.0245961434848,,,
audit_sweep_ncal4,465,0.5370297507387444,0.09898825147895318,0.0,0.034330234474818304,6.390290614837632,28.14612260980548,4,25,13485,6.229491795505566,,,
audit_sweep_ncal4,466,0.5372616981108744,0.09641592798588505,0.0,-0.10795924593008802,3.391013996977594,25.146845991945444,4,25,13514,3.389856410134504,,,
audit_sweep_ncal4,467,0.5372909811634157,0.0959476448661225,0.0,-0.0074260795148862494,2.9511466941000064,24.706978689067856,4,25,13543,1.4434725646960402,,,
audit_sweep_ncal4,468,0.537143391268482,0.09754413508488091,0.0,0.19112257106682867,3.2932378067020056,25.049069801669855,4,25,13572,1.6379044931823987,,,
audit_sweep_ncal4,469,0.5363403286396548,0.10662885486966467,0.0,0.6798449978970308,3.3873999816631226,25.14323197663097,4,25,13601,3.4173531369915158,,,
audit_sweep_ncal4,470,0.5369250145481862,0.09916604343906177,0.0,-0.4506165821147554,1.8350397685005617,23.59087176346841,4,25,13630,1.9314595019752059,,,
audit_sweep_ncal4,471,0.5370868982989403,0.09741700348117555,0.0,-0.09234333299850364,4.959753245166311,26.71558524013416,4,25,13659,3.5977766576164165,,,
audit_sweep_ncal4,472,0.5367807051803835,0.10049527077689346,0.0,0.23142974943750574,3.3254285251153424,25.08126052008319,4,25,13688,1.797416358831305,,,
audit_sweep_ncal4,473,0.5369612731683567,0.09882644235780191,0.0,-0.11110239947714128,4.932918247854636,26.688750242822486,4,25,13717,2.529972344811944,,,
audit_sweep_ncal4,474,0.5369199619866393,0.0992997651258043,0.0,0.10785814704940042,3.1828194868884374,24.938651481856287,4,25,13746,1.2964991681656493,,,
audit_sweep_ncal4,475,0.5372421431050598,0.095987085515157,0.0,-0.1919701536884045,1.4442390972113408,23.20007109217919,4,25,13775,0.7689290781712732,,,
audit_sweep_ncal4,476,0.5369892181173439,0.09789377110811381,0.0,0.12020459207357898,3.0097144943410292,24.76554648930888,4,25,13804,1.4983389042417867,,,
audit_sweep_ncal4,477,0.537464676189693,0.09324352495336619,0.0,-0.28615321351997386,4.9820404893378045,26.737872484305655,4,25,13833,6.782530801437509,,,
audit_sweep_ncal4,478,0.5365499206098063,0.10288811205768345,0.0,0.6930174426120516,1.886856099340495,23.642688094308344,4,25,13862,3.9779816297787205,,,
audit_sweep_ncal4,479,0.5371868433008925,0.096718918737421,0.0,-0.4019577880682675,1.4436036310147273,23.199435625982577,4,25,13891,1.6551111781594012,,,
audit_sweep_ncal4,480,0.536551568483096,0.10367331751037101,0.0,0.5230249411237409,1.8054314469390316,23.56126344190688,4,25,13920,2.8887295109506246,,,
audit_sweep_ncal4,481,0.537062177934364,0.09812346992417043,0.0,-0.34631469082301164,1.868465812943467,23.624297807911315,4,25,13949,3.5524762504174134,,,
audit_sweep_ncal4,482,0.5363522257060017,0.1058881640234659,0.0,0.5847236146714941,3.1679278545031253,24.923759849470976,4,25,13978,3.977377572916567,,,
audit_sweep_ncal4,483,0.5357028118090906,0.11623242172499954,0.0,0.786131686012783,3.29508673328042,25.05091872824827,4,25,14007,6.431011764531959,,,
audit_sweep_ncal4,484,0.5358932295888009,0.11287728310140854,0.0,-0.25390615192626564,3.3832822467957246,25.139114241763572,4,25,14036,1.2007924616229404,,,
audit_sweep_ncal4,485,0.5359122521863272,0.11283327417950412,0.0,0.030065192297523892,3.0410474689009326,24.79687946386878,4,25,14065,1.2376137643840734,,,
audit_sweep_ncal4,486,0.5356336387938161,0.11778846945364496,0.0,0.4169296526117841,3.3088729515047834,25.06470494647263,4,25,14094,2.7207477969649156,,,
audit_sweep_ncal4,487,0.5359722537498374,0.11144689631387994,0.0,-0.4214205614788217,4.846216138266744,26.602048133234593,4,25,14123,4.231256940646351,,,
audit_sweep_ncal4,488,0.536205662170555,0.10818609464521167,0.0,-0.23879704622258374,3.3776094886100307,25.13344148357788,4,25,14152,1.2053175272399745,,,
audit_sweep_ncal4,489,0.536151319854884,0.10949062998949283,0.0,0.12702616230063202,3.288799314877615,25.044631309845464,4,25,14181,1.7158700692124982,,,
audit_sweep_ncal4,490,0.5363137572972947,0.10751290607831065,0.0,-0.1058656312396014,3.346696728747835,25.102528723715686,4,25,14210,1.139945697499627,,,
audit_sweep_ncal4,491,0.5358881980608419,0.11382951793222257,0.0,0.5446112963066865,4.950242683509033,26.70607467847688,4,25,14239,6.349068093472415,,,
audit_sweep_ncal4,492,0.535973169768086,0.1119590709529561,0.0,-0.05849148878945726,3.4724677431024835,25.228299738070334,4,25,14268,3.5474367279783543,,,
audit_sweep_ncal4,493,0.5355340535835375,0.12046317503015086,0.0,0.6780727982476243,3.3489404287926674,25.104772423760515,4,25,14297,5.89230626857358,,,
audit_sweep_ncal4,494,0.5353227065445186,0.12642060855441578,0.0,0.5202954242182829,3.4000444340190734,25.15587642898692,4,25,14326,3.444704242727322,,,
audit_sweep_ncal4,495,0.5357241295601758,0.11656606000361652,0.0,-0.7308125780773774,3.0494069593850273,24.805238954352877,4,25,14355,8.74547480143279,,,
audit_sweep_ncal4,496,0.5356564606200903,0.11771540064947672,0.0,0.11466626931672709,3.3434371829606335,25.099269177928484,4,25,14384,3.0053288903217505,,,
audit_sweep_ncal4,497,0.5355135921266734,0.1213637545156197,0.0,0.30041396980108986,3.376619116204452,25.1324511111723,4,25,14413,4.513431341240683,,,
audit_sweep_ncal4,498,0.535508557006029,0.12151072011836511,0.0,0.081972490137569,3.40398884440485,25.1598208393727,4,25,14442,3.3996061996604716,,,
audit_sweep_ncal4,499,0.5353121136719448,0.12723491578016738,0.0,0.4708408005609946,4.932953528218294,26.688785523186144,4,25,14471,7.387799267571771,,,
audit_sweep_ncal4,500,0.5352220838350024,0.13030727182153795,0.0,0.2594438796212432,5.044461295014322,26.80029328998217,4,25,14500,5.329746266590773,,,
audit_sweep_ncal4,501,0.5350483338664127,0.13824065205845742,0.0,0.7237051716625124,3.0364653110474262,24.792297306015275,4,25,14529,3.8996760910843107,,,
audit_sweep_ncal4,502,0.5350587237520075,0.13840409535429482,0.0,-0.0208849127710704,3.4492541452529393,25.20508614022079,4,25,14558,1.0240347327324075,,,
audit_sweep_ncal4,503,0.534886266813686,0.15279067547496156,0.0,1.2680752842548053,6.248179829354677,28.004011824322525,4,25,14587,11.570107808920007,,,
audit_sweep_ncal4,504,0.5349446406711851,0.14570085187857323,0.0,-0.5690434967205824,4.987067227346684,26.742899222314534,4,25,14616,3.656959375696008,,,
audit_sweep_ncal4,505,0.5349327663977111,0.14701943481875546,0.0,0.1990588319214199,4.649469532703603,26.40530152767145,4,25,14645,2.278936661394358,,,
audit_sweep_ncal4,506,0.5349558399768326,0.1452761024926152,0.0,-0.10141635698344026,3.0670002328439545,24.822832227811805,4,25,14674,1.7891439278747527,,,
audit_sweep_ncal4,507,0.5348997608992372,0.15154069500974277,0.0,0.5920796864302635,3.471796820514434,25.227628815482284,4,25,14703,7.1628256616911665,,,
audit_sweep_ncal4,508,0.5348703219274212,0.15725397466339552,0.0,0.5055085149234915,3.071192372132536,24.827024367100385,4,25,14732,2.266471430035653,,,
audit_sweep_ncal4,509,0.5348803530223721,0.15625504990946437,0.0,-0.06149600315800199,3.4398535253967526,25.195685520364602,4,25,14761,1.1480030869085018,,,
audit_sweep_ncal4,510,0.5348667940415204,0.15915232365555604,0.0,0.2685798563267591,1.7803422194480274,23.536174214415876,4,25,14790,1.3361994005232116,,,
audit_sweep_ncal4,511,0.5348266454386262,0.16846416194001307,0.0,0.846686246516007,4.974598449776836,26.730430444744684,4,25,14819,7.130322476133546,,,
audit_sweep_ncal4,512,0.5348329147161133,0.16960470614225076,0.0,0.07812090832528189,4.652698091357537,26.408530086325385,4,25,14848,2.4983694025611816,,,
audit_sweep_ncal4,513,0.5348529372782443,0.16441574416955018,0.0,-0.46015640014040904,4.929041958672631,26.68487395364048,4,25,14877,4.990858037227127,,,
audit_sweep_ncal4,514,0.5348323558813902,0.1714546520527418,0.0,0.6651505408332993,4.656390583720214,26.412222578688063,4,25,14906,4.0659328106835755,,,
audit_sweep_ncal4,515,0.5348381892363678,0.16897178605476032,0.0,-0.1680313060651718,3.5143397806449554,25.270171775612805,4,25,14935,1.1443128104510965,,,
audit_sweep_ncal4,516,0.5348446557520352,0.1677466788644828,0.0,-0.07471661112649301,4.982997816716182,26.73882981168403,4,25,14964,3.4608384777566346,,,
audit_sweep_ncal4,517,0.5348462840377308,0.16818026734911806,0.0,0.06614009714451756,1.79879107996601,23.554623074933858,4,25,14993,1.0846705962650798,,,
audit_sweep_ncal4,518,0.5348280666486844,0.17479507424653717,0.0,0.650388884867618,3.3828299142403924,25.138661909208242,4,25,15022,4.0879427052476975,,,
audit_sweep_ncal4,519,0.5348216116518563,0.17747238193490594,0.0,0.2820207302555836,3.3486248030689167,25.104456798036765,4,25,15051,6.412385945481014,,,
audit_sweep_ncal4,520,0.5348245197012644,0.17929166330443758,0.0,0.20984749422382845,3.52153961436738,25.27737160933523,4,25,15080,1.551442304264696,,,
audit_sweep_ncal4,521,0.534811048142637,0.18484929937193206,0.0,0.5531889180248447,4.646240372916389,26.402072367884237,4,25,15109,6.664903557698458,,,
audit_sweep_ncal4,522,0.534808838841774,0.1871297018641001,0.0,0.22049638416918535,3.5430004418602703,25.29883243682812,4,25,15138,1.675981116014063,,,
audit_sweep_ncal4,523,0.5348193926938924,0.17881009782657648,0.0,-0.6904905808381873,3.0199648945680084,24.775796889535858,4,25,15167,7.690616264441322,,,
audit_sweep_ncal4,524,0.5348286803985491,0.1746526554422173,0.0,-0.28212283968454127,3.396631915672255,25.152463910640105,4,25,15196,3.9215964926127165,,,
audit_sweep_ncal4,525,0.5348412085268599,0.17222527527623072,0.0,-0.18578349351368229,4.999793807129934,26.755625802097782,4,25,15225,2.706147694765082,,,
audit_sweep_ncal4,526,0.5348538830610782,0.16840101952810937,0.0,-0.30841644918618943,3.441134724842545,25.196966719810394,4,25,15254,2.470530400876739,,,
audit_sweep_ncal4,527,0.534859669829505,0.16726788649735613,0.0,-0.057005569247706896,3.370431926710129,25.126263921677978,4,25,15283,1.2952573138846464,,,
audit_sweep_ncal4,528,0.5348822728575866,0.162885586727756,0.0,-0.3395002783772571,6.706453119887191,28.46228511485504,4,25,15312,5.088567528628137,,,
audit_sweep_ncal4,529,0.5348912417953979,0.16107353692002957,0.0,-0.14848958666062753,3.450185534547126,25.206017529514973,4,25,15341,1.4251687838535727,,,
audit_sweep_ncal4,530,0.5348966440139725,0.16062563874109603,0.0,-0.005271898587540293,1.7819861101383507,23.5378181051062,4,25,15370,1.0570811247040959,,,
audit_sweep_ncal4,531,0.5349187860657878,0.15753146661205542,0.0,-0.2584546217983315,1.874116392282661,23.62994838725051,4,25,15399,0.9030719258331757,,,
audit_sweep_ncal4,532,0.5349120352401833,0.15917609003435662,0.0,0.17981947040484433,1.8321378844696594,23.58796987943751,4,25,15428,1.167742442681916,,,
audit_sweep_ncal4,533,0.5348889729461778,0.16391472470776886,0.0,0.4451481960856116,3.5053779606601054,25.261209955627955,4,25,15457,5.748169165125191,,,
audit_sweep_ncal4,534,0.534883659829283,0.16516604465991425,0.0,0.1992210470672269,3.423671459417656,25.179503454385504,4,25,15486,1.3134476124400474,,,
audit_sweep_ncal4,535,0.5348845906882799,0.16592220006200298,0.0,0.047162882821298074,1.8129446215429623,23.56877661651081,4,25,15515,1.296221036963749,,,
audit_sweep_ncal4,536,0.5348702571436583,0.17025336046189232,0.0,0.4163296089795774,3.0659762253639675,24.821808220331818,4,25,15544,2.6178780230941774,,,
audit_sweep_ncal4,537,0.5348609399172156,0.17240194366415001,0.0,0.22687618973205176,1.8350175646724727,23.590849559640322,4,25,15573,1.35162357484522,,,
audit_sweep_ncal4,538,0.5348818144820519,0.16465237699853674,0.0,-0.5550603416841652,3.0678850067929195,24.82371700176077,4,25,15602,6.511662919912069,,,
audit_sweep_ncal4,539,0.5349020386254317,0.1593273170863827,0.0,-0.41814047645677666,1.9239660654055768,23.679798060373425,4,25,15631,1.8835754554889204,,,
audit_sweep_ncal4,540,0.5349224437201947,0.15553225258206976,0.0,-0.2610752900452839,4.663353294576066,26.419185289543915,4,25,15660,6.853887571259663,,,
audit_sweep_ncal4,541,0.5349385407911463,0.15349810642404293,0.0,-0.15570116170408596,3.4392022821632304,25.19503427713108,4,25,15689,1.5951993346762947,,,
audit_sweep_ncal4,542,0.5349941542679798,0.14775161027644118,0.0,-0.3939552157030627,4.963758660467718,26.719590655435567,4,25,15718,2.4006470959188713,,,
audit_sweep_ncal4,543,0.5350040125968114,0.14684354233782837,0.0,-0.005984272219594312,5.080852211686203,26.836684206654052,4,25,15747,7.251596310193298,,,
audit_sweep_ncal4,544,0.534940440085394,0.1536642170298385,0.0,0.636863473015728,6.603959588528686,28.359791583496534,4,25,15776,10.069846715229096,,,
audit_sweep_ncal4,545,0.5349581061423675,0.15146819730753586,0.0,-0.167345995414297,3.4817506504512092,25.23758264541906,4,25,15805,1.37694421714396,,,
audit_sweep_ncal4,546,0.5350102101962638,0.14655159148389507,0.0,-0.3776503526215826,3.394557526267085,25.150389521234935,4,25,15834,1.5408298874067692,,,
audit_sweep_ncal4,547,0.5350471217015574,0.14379194886552255,0.0,-0.15637133871695738,1.874056569921588,23.629888564889438,4,25,15863,1.655559523152057,,,
audit_sweep_ncal4,548,0.5350442793097102,0.14471695020755648,0.0,0.09950786516903472,1.8702112024955224,23.62604319746337,4,25,15892,1.452649603571111,,,
audit_sweep_ncal4,549,0.535087443967331,0.1411307254239022,0.0,-0.28753884757582787,3.065281763601631,24.82111375856948,4,25,15921,3.089989409887396,,,
audit_sweep_ncal4,550,0.5350816995277913,0.14286289585429002,0.0,0.1581679998068261,3.3689842617709918,25.12481625673884,4,25,15950,1.4312525018177542,,,
audit_sweep_ncal4,551,0.5350997998600093,0.14220556566984982,0.0,-0.09381823201334663,5.04783054889156,26.80366254385941,4,25,15979,2.801136147518738,,,
audit_sweep_ncal4,552,0.5350135113672393,0.1481698151919033,0.0,0.5469032804816003,4.986756759478814,26.742588754446665,4,25,16008,5.483140339831371,,,
audit_sweep_ncal4,553,0.5349875961291548,0.1507795318746049,0.0,0.25855269684444715,4.881320595287093,26.637152590254942,4,25,16037,2.992102888612158,,,
audit_sweep_ncal4,554,0.5349469566442866,0.15541469527984314,0.0,0.4456213583564047,5.0526522193954255,26.808484214363276,4,25,16066,5.745532117560826,,,
audit_sweep_ncal4,555,0.5349390379598246,0.15516241437808653,0.0,0.04280512856690933,3.363369142359587,25.119201137327437,4,25,16095,1.2076045524749963,,,
audit_sweep_ncal4,556,0.5349323991742093,0.15523893065336203,0.0,0.07985489958183056,1.8794219765691433,23.635253971536994,4,25,16124,0.4277031909447941,,,
audit_sweep_ncal4,557,0.534925288183421,0.1564574146569494,0.0,0.15774892523380243,3.065451129632963,24.82128312460081,4,25,16153,1.2412582718982315,,,
audit_sweep_ncal4,558,0.5348977763078174,0.15967438777607218,0.0,0.33347719143483634,3.482489987930494,25.23832198289834,4,25,16182,2.3588774380965263,,,
audit_sweep_ncal4,559,0.5349801769042276,0.14954076474048872,0.0,-0.8045052932981409,1.7843793688317333,23.540211363799582,4,25,16211,5.29813118933203,,,
audit_sweep_ncal4,560,0.5349941308014338,0.14801862553438683,0.0,-0.09082743721447056,5.0774565629513235,26.833288557919172,4,25,16240,2.7522292492575673,,,
audit_sweep_ncal4,561,0.5349785531578994,0.1493514352012167,0.0,0.12929841098739966,4.981576962137803,26.73740895710565,4,25,16269,4.331351630192404,,,
audit_sweep_ncal4,562,0.5349508978926222,0.15204890698890178,0.0,0.2491991000941065,3.409029306938529,25.164861301906377,4,25,16298,1.396399792957538,,,
audit_sweep_ncal4,563,0.5349493960654312,0.15199298916400822,0.0,0.06154997001054162,3.460502358815684,25.216334353783534,4,25,16327,1.3484725962463708,,,
audit_sweep_ncal4,564,0.5349791852358283,0.14818755701168584,0.0,-0.22768607649057246,1.7950927229383573,23.550924717906206,4,25,16356,1.4619408457018483,,,
audit_sweep_ncal4,565,0.5348719235694831,0.16487316678291364,0.0,1.485595897114502,5.061625064642546,26.817457059610394,4,25,16385,17.524519220808457,,,
audit_sweep_ncal4,566,0.534858969572009,0.1667513145824463,0.0,0.2529445803030182,3.457895075525651,25.2137270704935,4,25,16414,1.3617138296455429,,,
audit_sweep_ncal4,567,0.534866175567332,0.16665349363866738,0.0,0.04058338412760434,5.005676984840236,26.761508979808085,4,25,16443,3.7404452918179167,,,
audit_sweep_ncal4,568,0.5348356240377499,0.17499889454058576,0.0,0.7451177769738048,1.9234029125543501,23.6792349075222,4,25,16472,5.649532458702648,,,
audit_sweep_ncal4,569,0.534831669194165,0.17879025656117598,0.0,0.3517742812533324,1.9333656640858763,23.689197659053725,4,25,16501,2.459214225491922,,,
audit_sweep_ncal4,570,0.5348410805538935,0.17350269565675153,0.0,-0.4080952764420945,6.541354135667051,28.2971861306349,4,25,16530,7.995461973402449,,,
audit_sweep_ncal4,571,0.5348460412023397,0.17006908516320596,0.0,-0.2534838933122078,1.8194075109524792,23.57523950592033,4,25,16559,1.4538423730088588,,,
audit_sweep_ncal4,572,0.5348462667050999,0.1699657209331521,0.0,0.029453769585524064,3.4978666834058214,25.25369867837367,4,25,16588,1.134383550173885,,,
audit_sweep_ncal4,573,0.5348748039355852,0.16144611519890117,0.0,-0.6620646964189869,3.4305102121619333,25.186342207129783,4,25,16617,2.068835854134025,,,
audit_sweep_ncal4,574,0.5348616256629203,0.16405288337035945,0.0,0.30483515934964556,3.388826241197417,25.144658236165267,4,25,16646,1.387005441939964,,,
audit_sweep_ncal4,575,0.5348561689206336,0.16447589589559658,0.0,0.06626715560231727,1.8397871677775008,23.59561916274535,4,25,16675,1.3144081394988658,,,
audit_sweep_ncal4,576,0.5348845690484361,0.15974818256565698,0.0,-0.3790292766332594,5.105591696399792,26.86142369136764,4,25,16704,1.9766170005998107,,,
audit_sweep_ncal4,577,0.5348603310242306,0.1658033146838388,0.0,0.5446399686226232,1.9028980932260107,23.65873008819386,4,25,16733,2.8636890931414523,,,
audit_sweep_ncal4,578,0.5348507198372978,0.16831244011355073,0.0,0.27284170459756873,3.429989422975702,25.18582141794355,4,25,16762,3.68956656492105,,,
audit_sweep_ncal4,579,0.5348661592105453,0.164783162048868,0.0,-0.2199664094273247,4.981725307821825,26.737557302789675,4,25,16791,3.2577170874316614,,,
audit_sweep_ncal4,580,0.5348648399800738,0.16459974536682853,0.0,0.03636239498514179,3.4952106948386645,25.251042689806514,4,25,16820,3.656061931942709,,,
audit_sweep_ncal4,581,0.5348708367294496,0.1641232308523642,0.0,-0.038426383192444354,3.3986658733561974,25.154497868324047,4,25,16849,3.4674143782794205,,,
audit_sweep_ncal4,582,0.5349164142187005,0.1579232416618424,0.0,-0.5298386754478023,1.8913601047079753,23.647192099675824,4,25,16878,2.438473974682693,,,
audit_sweep_ncal4,583,0.5349090465705263,0.15987573085945211,0.0,0.20753151536628056,1.906990159169393,23.662822154137242,4,25,16907,1.6580710838674706,,,
audit_sweep_ncal4,584,0.5349476144131432,0.15470147228988862,0.0,-0.41936166418006726,3.3031023913226045,25.058934386290453,4,25,16936,4.117690519075068,,,
audit_sweep_ncal4,585,0.5349761261422378,0.15191792132606097,0.0,-0.22755183882508082,3.3577794257487006,25.11361142071655,4,25,16965,1.0161778301578421,,,
audit_sweep_ncal4,586,0.5349603614123346,0.15402519569959505,0.0,0.2298040110645297,4.969077407601576,26.724909402569423,4,25,16994,3.323330109037973,,,
audit_sweep_ncal4,587,0.5349036831332254,0.16217051637071644,0.0,0.7729268132348741,3.493269494382548,25.249101489350398,4,25,17023,5.603860409214278,,,
audit_sweep_ncal4,588,0.5349528097670369,0.15544046312140541,0.0,-0.6087506851194139,3.4807243630996734,25.236556358067524,4,25,17052,2.377165536905032,,,
audit_sweep_ncal4,589,0.5350089160255115,0.1494038790134417,0.0,-0.47292666718002735,5.074511492981364,26.830343487949214,4,25,17081,3.26702386074486,,,
audit_sweep_ncal4,590,0.5350263681199582,0.14744749038533417,0.0,-0.06629274870097167,5.05283053777803,26.808662532745878,4,25,17110,3.000242629823987,,,
audit_sweep_ncal4,591,0.5350511106247454,0.14472082376370665,0.0,-0.16472261189563397,4.658124837145434,26.413956832113282,4,25,17139,5.701336208033475,,,
audit_sweep_ncal4,592,0.5350649898325458,0.14351052312505858,0.0,-0.01907874843863834,4.960677344100197,26.716509339068047,4,25,17168,3.5852289950471032,,,
audit_sweep_ncal4,593,0.5350745287249966,0.14295401912188843,0.0,-0.02961928030639929,3.057957429177215,24.813789424145064,4,25,17197,1.6060288503250775,,,
audit_sweep_ncal4,594,0.5350540651982288,0.14403251582336002,0.0,0.17692892905921528,3.4656125747273636,25.221444569695212,4,25,17226,1.5292099498963387,,,
audit_sweep_ncal4,595,0.5350482240747509,0.1442068795695356,0.0,0.019546580043946635,1.8074427207540729,23.56327471572192,4,25,17255,0.9468196751105766,,,
audit_sweep_ncal4,596,0.535044704599475,0.14437405588316587,0.0,0.023906165029071964,3.349531164232666,25.105363159200515,4,25,17284,3.3184403155448208,,,
audit_sweep_ncal4,597,0.5350104082865138,0.14702768211044526,0.0,0.2522002746010339,3.060917427750078,24.816749422717926,4,25,17313,1.8098688439556079,,,
audit_sweep_ncal4,598,0.5349396066618491,0.15361032840046435,0.0,0.6466278284635358,3.374827671950059,25.130659666917907,4,25,17342,4.52408805296643,,,
audit_sweep_ncal4,599,0.5348669676386255,0.16781535313876123,0.0,1.2475503983883431,1.855777789373518,23.61160978434137,4,25,17371,8.5638314033388,,,
audit_sweep_ncal4,600,0.5348770241617027,0.16589795591818118,0.0,-0.1395210264180077,3.329344343762759,25.08517633873061,4,25,17400,1.1923981673635804,,,
audit_sweep_ncal4,601,0.5348818035599594,0.16359226820767836,0.9,0.7712609104751064,3.0685717001753696,24.824403695143218,4,25,17429,2.2952548591790918,,,
audit_sweep_ncal4,602,0.5348735532320763,0.16660062859389752,0.9,1.2035203077930754,3.497559961545274,25.253391956513124,4,25,17458,2.078017495836142,,,
audit_sweep_ncal4,603,0.5348632074909104,0.16745338224576056,0.9,0.9989409038148295,1.8564275414707163,23.612259536438565,4,25,17487,1.324530348758469,,,
audit_sweep_ncal4,604,0.5348603888929228,0.16932873307606955,0.9,1.0667814867879142,5.106747517727434,26.862579512695284,4,25,17516,4.135910604258996,,,
audit_sweep_ncal4,605,0.5348580618100655,0.17134871511417815,0.9,1.136834008855938,3.5146588303460207,25.27049082531387,4,25,17545,1.633712603054826,,,
audit_sweep_ncal4,606,0.5348523081116563,0.17614156182483431,0.9,1.3453690808667846,3.5310046855495227,25.28683668051737,4,25,17574,3.335423722748691,,,
audit_sweep_ncal4,607,0.5348510013048012,0.1792003081268031,0.9,1.1964993260228731,3.442021564626742,25.19785355959459,4,25,17603,3.8359797213766265,,,
audit_sweep_ncal4,608,0.5348516556715561,0.18003729926293943,0.9,1.0277299240853328,1.919794307713148,23.675626302680996,4,25,17632,1.3965044098566755,,,
audit_sweep_ncal4,609,0.534855393552028,0.1740372847109387,0.9,0.42299770537032716,3.5345045547613942,25.290336549729243,4,25,17661,1.7377395839056842,,,
audit_sweep_ncal4,610,0.5348697393963106,0.17068041747165008,0.9,0.6246252520656341,1.807502324287736,23.563334319255585,4,25,17690,1.2540520701259952,,,
audit_sweep_ncal4,611,0.5348601915444877,0.1747764917573182,0.9,1.3441789779025803,3.494541446472933,25.250373441440782,4,25,17719,2.542219915039203,,,
audit_sweep_ncal4,612,0.5348638916714978,0.17156114540216788,0.9,0.6675270645455726,1.9441964290548017,23.70002842402265,4,25,17748,0.9178092212361786,,,
audit_sweep_ncal4,613,0.5348686017423279,0.16946712232051764,0.9,0.7358743734695,6.648359083366899,28.404191078334748,4,25,17777,6.372852245846726,,,
audit_sweep_ncal4,614,0.5348654207132651,0.17081773538782552,0.9,1.0748306283490487,6.59691353307894,28.35274552804679,4,25,17806,7.406490769945599,,,
audit_sweep_ncal4,615,0.5348740573924834,0.1670675147555788,0.9,0.6020615674141567,3.442872843342081,25.19870483830993,4,25,17835,1.436059005468462,,,
audit_sweep_ncal4,616,0.5348759197933577,0.1678477632511315,0.9,0.9930852602138515,3.5093561426316646,25.265188137599512,4,25,17864,1.3997945085734038,,,
audit_sweep_ncal4,617,0.5348775844058762,0.16853909869884787,0.9,0.97175558450599,3.3796948192857124,25.135526814253563,4,25,17893,3.982690412608437,,,
audit_sweep_ncal4,618,0.5349079239040193,0.16238171053300504,0.9,0.4135986460611139,4.947239940540382,26.70307193550823,4,25,17922,4.057676079503715,,,
audit_sweep_ncal4,619,0.5350181654713255,0.1481411834514682,0.9,-0.2674189087910728,1.9181374071052508,23.6739694020731,4,25,17951,10.5283190140247,,,
audit_sweep_ncal4,620,0.5350517421722755,0.14616973503738,0.9,0.7809491959668351,1.867009855623649,23.6228418505915,4,25,17980,0.44057413850707217,,,
audit_sweep_ncal4,621,0.5351385703982442,0.14067599116391605,0.9,0.4603375880277084,3.3533249404770804,25.10915693544493,4,25,18009,3.0054836092810233,,,
audit_sweep_ncal4,622,0.5351953404795782,0.13779016922566267,0.9,0.7127382842184153,3.3463908445198745,25.102222839487723,4,25,18038,3.6583061761017186,,,
audit_sweep_ncal4,623,0.5351783141684793,0.13850393906628733,0.9,0.974803314366337,6.5631008640117585,28.318932858979608,4,25,18067,8.11002571511074,,,
audit_sweep_ncal4,624,0.535216110609872,0.13657562298036613,0.9,0.8099173930524385,3.4324657128589107,25.18829770782676,4,25,18096,1.5347683950366697,,,
audit_sweep_ncal4,625,0.5353420717519632,0.13153295222521172,0.9,0.4897252402343735,1.7552558306849462,23.511087825652794,4,25,18125,1.630622613025003,,,
audit_sweep_ncal4,626,0.5350010198262327,0.14996837217122916,0.9,2.4919776610163655,1.8368907106723091,23.59272270564016,4,25,18154,15.984157454129683,,,
audit_sweep_ncal4,627,0.5350210185967342,0.14778298556656938,0.9,0.7184853287227971,5.0446493120183655,26.800481306986214,4,25,18183,3.7901454012759705,,,
audit_sweep_ncal4,628,0.5349829054291569,0.15082578424670406,0.9,1.2056808861664903,1.7302560420418873,23.486088037009736,4,25,18212,0.5929371701177403,,,
audit_sweep_ncal4,629,0.5350040034547907,0.14873128669060975,0.9,0.716745326436229,3.382301834127695,25.138133829095544,4,25,18241,1.2288268567538818,,,
audit_sweep_ncal4,630,0.5350557354808037,0.14498074836367753,0.9,0.6277015582085712,3.3134857929683563,25.069317787936207,4,25,18270,6.830054747387973,,,
audit_sweep_ncal4,631,0.5350514205457058,0.14609100086519117,0.9,1.0276621991712134,4.9148597201766675,26.670691715144518,4,25,18299,3.065534599678493,,,
audit_sweep_ncal4,632,0.5351289008588551,0.14146434168942673,0.9,0.48547912818764616,3.3938041618984274,25.149636156866276,4,25,18328,3.11703794774087,,,
audit_sweep_ncal4,633,0.5350742193930735,0.14488950574080145,0.9,1.1352536667815702,3.0610071937540924,24.816839188721943,4,25,18357,1.9718325092368103,,,
audit_sweep_ncal4,634,0.5351137152496176,0.142828396194201,0.9,0.8274474924550583,3.4572397221618636,25.21307171712971,4,25,18386,1.0217313834716422,,,
audit_sweep_ncal4,635,0.5351667138842833,0.13978627587910547,0.9,0.7189936501773598,3.3629935717728423,25.118825566740693,4,25,18415,1.1210054405160004,,,
audit_sweep_ncal4,636,0.5351879178636405,0.1386080748750127,0.9,0.8290926083014791,5.034453893570776,26.790285888538627,4,25,18444,2.8744695126857938,,,
audit_sweep_ncal4,637,0.535153971407635,0.140480941226015,0.9,1.040637389356353,3.36692554901982,25.122757543987667,4,25,18473,1.3255270301807502,,,
audit_sweep_ncal4,638,0.5350938020449851,0.14338609275890402,0.9,1.1821269187840568,3.365351851905412,25.12118384687326,4,25,18502,1.778113084595551,,,
audit_sweep_ncal4,639,0.5350711532349244,0.14584138007863134,0.9,1.1044464098060518,4.934239220414128,26.690071215381977,4,25,18531,3.345603101228329,,,
audit_sweep_ncal4,640,0.5351714474276303,0.13998376653975292,0.9,0.4271112978349228,3.4786879873368988,25.234519982304747,4,25,18560,1.1748982794337828,,,
audit_sweep_ncal4,641,0.5352258195392329,0.13784325571392375,0.9,0.7731847544551974,5.014613923553096,26.770445918520945,4,25,18589,5.732814841885654,,,
audit_sweep_ncal4,642,0.535310276225687,0.1340273910531648,0.9,0.6392858970716738,3.4138673463943014,25.16969934136215,4,25,18618,3.0558974151614953,,,
audit_sweep_ncal4,643,0.5353485567979367,0.13252676623589077,0.9,0.8226332075584999,3.0588562975389006,24.81468829250675,4,25,18647,1.5202146023550362,,,
audit_sweep_ncal4,644,0.5354454455629727,0.12951732975139446,0.9,0.661715003494901,3.403186097248842,25.15901809221669,4,25,18676,1.0548093827275118,,,
audit_sweep_ncal4,645,0.535386865695686,0.13161219775301103,0.9,1.1283326977614314,4.975293172784726,26.731125167752573,4,25,18705,4.750151478958215,,,
audit_sweep_ncal4,646,0.5354688290263117,0.12865237803444735,0.9,0.6916583133604068,3.4082884955962127,25.164120490564063,4,25,18734,0.7280937983126776,,,
audit_sweep_ncal4,647,0.5354637792211346,0.12902896782445622,0.9,0.9510573188510221,4.929821804787853,26.685653799755702,4,25,18763,3.3940074804586646,,,
audit_sweep_ncal4,648,0.5357745976562077,0.12095397159749943,0.9,0.33524513718140414,4.948562652317972,26.70439464728582,4,25,18792,3.9929477086687473,,,
audit_sweep_ncal4,649,0.5356211998542031,0.12403328656465856,0.9,1.167047721395952,4.991998204518289,26.74783019948614,4,25,18821,4.827453942539844,,,
audit_sweep_ncal4,650,0.5355626450351336,0.12533501164027144,0.9,0.972439011368115,3.369707139229449,25.125539134197297,4,25,18850,1.4088411216510113,,,
audit_sweep_ncal4,651,0.5354087972068728,0.12959605579221167,0.9,1.3478659678498737,1.4726148357716646,23.228446830739514,4,25,18879,2.4289538757973697,,,
audit_sweep_ncal4,652,0.5353662814385988,0.13082340418588867,0.9,1.0221626630357785,5.012950984053792,26.76878297902164,4,25,18908,4.259019109322799,,,
audit_sweep_ncal4,653,0.5355438457547065,0.12575982284625548,0.9,0.5079365789072261,1.7566312773843946,23.512463272352242,4,25,18937,1.7335686835526092,,,
audit_sweep_ncal4,654,0.535467788977739,0.12785351354597002,0.9,1.1175192506788159,1.8516083794867946,23.607440374454644,4,25,18966,1.723101008020825,,,
audit_sweep_ncal4,655,0.5357641958339615,0.12084864162398062,0.9,0.37910835525279946,3.4001151740486,25.15594716901645,4,25,18995,2.619531118760176,,,
audit_sweep_ncal4,656,0.5359260770484219,0.11721461763621521,0.9,0.6476762328423566,6.437785697798796,28.193617692766644,4,25,19024,7.988515431953962,,,
audit_sweep_ncal4,657,0.5363176876721909,0.11165815478142571,0.9,0.4662462613327132,1.7860887936047372,23.541920788572586,4,25,19053,1.168033686202803,,,
audit_sweep_ncal4,658,0.5374714836720984,0.09944193111825383,0.9,0.08116297403446586,3.3608738939042313,25.11670588887208,4,25,19082,11.258280683522173,,,
audit_sweep_ncal4,659,0.5384799047118013,0.09196079703842985,0.9,0.4865748381195923,3.422941602694954,25.178773597662804,4,25,19111,2.1782099801707253,,,
audit_sweep_ncal4,660,0.5381831126902004,0.09420138373586262,0.9,1.0739880563766848,3.1295169983689743,24.885348993336823,4,25,19140,1.3600092102017534,,,
audit_sweep_ncal4,661,0.5379396543222981,0.09582779846003298,0.9,1.071537203333525,3.264181604971581,25.020013599939432,4,25,19169,4.093807431600549,,,
audit_sweep_ncal4,662,0.5388683798683184,0.0891059640185834,0.9,0.48396286188637466,3.4703957412732733,25.22622773624112,4,25,19198,1.8824610311225487,,,
audit_sweep_ncal4,663,0.5373225893367617,0.10058938913386506,0.9,1.6212744612515997,6.6241520461457535,28.3799840411136,4,25,19227,16.540001896575045,,,
audit_sweep_ncal4,664,0.5367082207517507,0.1069475122075838,0.9,1.393164413087051,3.3011235720271723,25.056955566995022,4,25,19256,3.5246314831931547,,,
audit_sweep_ncal4,665,0.536457933368973,0.11015922370213493,0.9,1.1425563804874705,3.009444951207529,24.765276946175376,4,25,19285,4.578615479465593,,,
audit_sweep_ncal4,666,0.5362421962874183,0.11298635980285832,0.9,1.1698481244250039,3.2323930281952866,24.988225023163135,4,25,19314,1.3847614064037226,,,
audit_sweep_ncal4,667,0.53599874816577,0.11678009490120322,0.9,1.269465599783688,3.346528199903483,25.10236019487133,4,25,19343,2.106083131366089,,,
audit_sweep_ncal4,668,0.5362771295866171,0.11206288573795331,0.9,0.5898899305779252,4.6083980005252085,26.36422999549306,4,25,19372,7.104585805388458,,,
audit_sweep_ncal4,669,0.5367257711226565,0.10653134883433768,0.9,0.5108886573886552,1.8010832611589807,23.55691525612683,4,25,19401,1.4458520319061272,,,
audit_sweep_ncal4,670,0.5365963052567951,0.10828681052525468,0.9,1.0437246857974303,3.3798159500453644,25.135647945013215,4,25,19430,1.6582333768898438,,,
audit_sweep_ncal4,671,0.5368040795467264,0.10555473801270632,0.9,0.7532722226437044,1.8892389720407943,23.645070967008643,4,25,19459,1.1008593750307345,,,
audit_sweep_ncal4,672,0.5372395284828967,0.10149754935155342,0.9,0.6631543488376873,3.259512963159814,25.015344958127663,4,25,19488,2.2374277227901658,,,
audit_sweep_ncal4,673,0.5366937095204145,0.1067857554912216,0.9,1.3507501610091615,3.3078623047138174,25.063694299681668,4,25,19517,4.815059146948067,,,
audit_sweep_ncal4,674,0.5366822805616673,0.10687723360007784,0.9,0.9545562906017411,3.4382323365327174,25.194064331500567,4,25,19546,4.204639251451735,,,
audit_sweep_ncal4,675,0.5364460141561744,0.10960911874498414,0.9,1.130514587990841,2.9864174667080916,24.74224946167594,4,25,19575,4.245052427725447,,,
audit_sweep_ncal4,676,0.5365834812025653,0.10826125230716377,0.9,0.8283250231357671,6.560779891336054,28.316611886303903,4,25,19604,7.776311858435651,,,
audit_sweep_ncal4,677,0.5369737445852343,0.10367666576601742,0.9,0.5914944693222578,3.434600091051567,25.190432086019417,4,25,19633,4.346191320078544,,,
audit_sweep_ncal4,678,0.5379900836325091,0.09479229247198773,0.9,0.35547930323353133,3.374004962982904,25.129836957950754,4,25,19662,4.079700937987798,,,
audit_sweep_ncal4,679,0.5389668761101126,0.08765616815002253,0.9,0.5223022575110945,4.81014389506158,26.565975890029428,4,25,19691,1.8241007292242382,,,
audit_sweep_ncal4,680,0.5392027247984086,0.08656739531224855,0.9,0.8594064747908435,2.8926209953690942,24.648452990336942,4,25,19720,1.4699988858166249,,,
audit_sweep_ncal4,681,0.5384927842015046,0.09162033929719848,0.9,1.262527692128124,6.1602626606981365,27.916094655665987,4,25,19749,5.848116842214679,,,
audit_sweep_ncal4,682,0.538888372535412,0.08963741247659673,0.9,0.8292959158261198,6.508812405528512,28.264644400496362,4,25,19778,11.986031121219398,,,
audit_sweep_ncal4,683,0.5404604630802278,0.08106365928336468,0.9,0.46289370386203704,2.9090561119868914,24.66488810695474,4,25,19807,5.5594820295616305,,,
audit_sweep_ncal4,684,0.5397395550790212,0.08529709947367647,0.9,1.1436520998108464,4.326694034662184,26.08252602963003,4,25,19836,3.283866242888385,,,
audit_sweep_ncal4,685,0.5394012315705885,0.08753110926238072,0.9,1.0618436520039118,2.8390074987065113,24.59483949367436,4,25,19865,2.0041181436618904,,,
audit_sweep_ncal4,686,0.5388211266419355,0.09123090526546873,0.9,1.1312130994228713,1.937418890931535,23.693250885899385,4,25,19894,1.6479359461075989,,,
audit_sweep_ncal4,687,0.5391995679405884,0.08873629021258522,0.9,0.7781829201874564,1.8318274786327788,23.587659473600628,4,25,19923,1.1718847102644114,,,
audit_sweep_ncal4,688,0.5392255954818745,0.08851016110495347,0.9,0.9498060183289114,3.23173627062911,24.98756826559696,4,25,19952,1.3499238463047372,,,
audit_sweep_ncal4,689,0.5400115059060682,0.084019009686361,0.9,0.6527458155915793,1.9365672339824624,23.69239922895031,4,25,19981,1.1292989866290504,,,
audit_sweep_ncal4,690,0.5407258698833654,0.08081818527884477,0.9,0.7316212735043025,4.642215166686301,26.39804716165415,4,25,20010,2.8664164252906876,,,
audit_sweep_ncal4,691,0.540782698395773,0.08052351078016551,0.9,0.9067021107834926,6.31880167978186,28.07463367474971,4,25,20039,7.348418712285134,,,
audit_sweep_ncal4,692,0.5405586270532556,0.08146452962044115,0.9,0.9585370371163865,3.141357622747815,24.897189617715664,4,25,20068,1.0581891542320268,,,
audit_sweep_ncal4,693,0.5422019490955252,0.07370644980781738,0.9,0.4547091145128616,1.7197516182508297,23.475583613218678,4,25,20097,2.292375159550516,,,
audit_sweep_ncal4,694,0.5404058219386383,0.08199333376973461,0.9,1.3732205711084684,4.6860155072382925,26.44184750220614,4,25,20126,6.058691700496248,,,
audit_sweep_ncal4,695,0.5421776792765924,0.0729936859285617,0.9,0.43459248377997794,3.4882620478251343,25.244094042792984,4,25,20155,2.224921308478176,,,
audit_sweep_ncal4,696,0.541155925365708,0.07761158518330336,0.9,1.256597331991132,1.827801784662479,23.58363377963033,4,25,20184,1.7617674711451095,,,
audit_sweep_ncal4,697,0.5400714026670138,0.08316439941949427,0.9,1.209439915823343,4.796976227426179,26.552808222394027,4,25,20213,5.100350960221621,,,
audit_sweep_ncal4,698,0.5402387401091892,0.08268394044342198,0.9,0.882280034523805,4.710622146709696,26.466454141677545,4,25,20242,3.0757922835876603,,,
audit_sweep_ncal4,699,0.5402534079307163,0.08235035466732266,0.9,0.887050150613956,4.746247625834044,26.502079620801894,4,25,20271,3.1829061223181903,,,
audit_sweep_ncal4,700,0.5396355406598011,0.08551230520004693,0.9,1.1627725589653515,3.0906495346747125,24.84648152964256,4,25,20300,1.5876248969643088,,,
audit_sweep_ncal4,701,0.5386490951052421,0.09139870919866033,0.9,1.2723365665229438,3.2029602465975175,24.958792241565366,4,25,20329,2.3287031219210745,,,
audit_sweep_ncal4,702,0.5382654565205114,0.09467565670262701,0.9,1.1465974006727195,3.0582538926034863,24.814085887571334,4,25,20358,2.8486159990475155,,,
audit_sweep_ncal4,703,0.5389232943571803,0.09014138183019116,0.9,0.6381492293698819,4.87154124622995,26.627373241197798,4,25,20387,2.377246620036246,,,
audit_sweep_ncal4,704,0.540844891851367,0.08004083998345124,0.9,0.3574930203099991,4.647865422627583,26.40369741759543,4,25,20416,2.200347145067317,,,
audit_sweep_ncal4,705,0.5401200985710487,0.08370070583731015,0.9,1.179836708968958,4.747436798392029,26.50326879335988,4,25,20445,8.22987502363144,,,
audit_sweep_ncal4,706,0.5397374833130624,0.08595755873728372,0.9,1.035299101582575,1.6550752160081499,23.410907210976,4,25,20474,1.035191151428466,,,
audit_sweep_ncal4,707,0.5403761735482784,0.08264178080512452,0.9,0.6802235190220874,5.854045697405804,27.609877692373654,4,25,20503,9.815348066467772,,,
audit_sweep_ncal4,708,0.5403028435707915,0.08343876895064106,0.9,0.9866667694206178,1.4488977762931883,23.204729771261036,4,25,20532,0.37374168672775204,,,
audit_sweep_ncal4,709,0.5397021359628085,0.08715577682921671,0.9,1.1784684432539523,2.7624046613975386,24.51823665636539,4,25,20561,1.737618996669707,,,
audit_sweep_ncal4,710,0.5399462780850902,0.08558563919313378,0.9,0.8411959820085279,2.0307714502450014,23.78660344521285,4,25,20590,1.6275116154097244,,,
audit_sweep_ncal4,711,0.5400030752227455,0.08554226271043353,0.9,0.910063561217022,4.623156536151586,26.378988531119436,4,25,20619,3.3337780590385897,,,
audit_sweep_ncal4,712,0.5394563274271993,0.08890985914117433,0.9,1.1184092270032446,3.1169082796488934,24.872740274616742,4,25,20648,1.2510478997712686,,,
audit_sweep_ncal4,713,0.5401594182847084,0.08474454633213102,0.9,0.6433543751753323,6.279282871122189,28.035114866090037,4,25,20677,6.843728644931522,,,
audit_sweep_ncal4,714,0.5407730805802169,0.0821492047585537,0.9,0.7754491095827787,3.045696888351437,24.801528883319286,4,25,20706,1.6466790442994999,,,
audit_sweep_ncal4,715,0.5401675990763063,0.08536776258462542,0.9,1.0728637520758533,1.9864931632179577,23.742325158185807,4,25,20735,1.824676939143718,,,
audit_sweep_ncal4,716,0.539758704201213,0.0880855402661802,0.9,1.0910488811983026,4.559151663984245,26.314983658952094,4,25,20764,3.7003472903720307,,,
audit_sweep_ncal4,717,0.5405449926640672,0.08414039398826356,0.9,0.668285274696151,1.881956172291431,23.63778816725928,4,25,20793,1.277184144914677,,,
audit_sweep_ncal4,718,0.5404086178981689,0.08462648071367218,0.9,0.9394934214287465,3.1201066543291196,24.87593864929697,4,25,20822,1.082518040767799,,,
audit_sweep_ncal4,719,0.5402103954826045,0.08494934301183787,0.9,0.9763139296186254,4.358933494638614,26.114765489606462,4,25,20851,3.5722775087292904,,,
audit_sweep_ncal4,720,0.542275993211532,0.07517789423904275,0.9,0.3448658115950371,3.2247340802594007,24.98056607522725,4,25,20880,4.574663535669672,,,
audit_sweep_ncal4,721,0.543190668450615,0.0712055120152727,0.9,0.7251476645945572,3.2699420196418143,25.025774014609663,4,25,20909,3.7770734999693807,,,
audit_sweep_ncal4,722,0.5438732750032724,0.06789996689716848,0.9,0.7322803450756682,2.86507577496378,24.62090776993163,4,25,20938,1.5455433891606853,,,
audit_sweep_ncal4,723,0.5432018816438875,0.07047927101823204,0.9,1.0387605011784646,1.9559625216128524,23.711794516580703,4,25,20967,1.3303782054265916,,,
audit_sweep_ncal4,724,0.5434448773197976,0.0697503186939441,0.9,0.8719668761173968,2.9739185539094657,24.729750548877316,4,25,20996,1.1279413255786488,,,
audit_sweep_ncal4,725,0.5428894166294141,0.0719553834264749,0.9,1.073062903029448,3.069036789104209,24.82486878407206,4,25,21025,1.4174326186557396,,,
audit_sweep_ncal4,726,0.5424189145018617,0.07412273307909356,0.9,1.068637423593705,2.5838579995304496,24.3396899944983,4,25,21054,1.8355374846752543,,,
audit_sweep_ncal4,727,0.5435114866706386,0.06977125018670782,0.9,0.6619147214639077,4.919483531233287,26.675315526201135,4,25,21083,2.674750287946448,,,
audit_sweep_ncal4,728,0.5464941668415788,0.059380989724523436,0.9,0.36532829383259263,6.157239689273567,27.913071684241416,4,25,21112,8.499318492411426,,,
audit_sweep_ncal4,729,0.5458721184918951,0.06131849698110048,0.9,1.044631755873343,4.505564381662639,26.261396376630486,4,25,21141,4.253887192051288,,,
audit_sweep_ncal4,730,0.5430672770416023,0.07214478678986935,0.9,1.5070432369029545,2.8218520311168835,24.577684026084732,4,25,21170,4.286195415083306,,,
audit_sweep_ncal4,731,0.5419950818255026,0.07676150468880616,0.9,1.150674684972059,3.59892625569876,25.35475825066661,4,25,21199,2.9487854882131024,,,
audit_sweep_ncal4,732,0.5409976059214624,0.08102276094400107,0.9,1.1949329960723334,3.1632163740440467,24.919048369011897,4,25,21228,1.9623895355795915,,,
audit_sweep_ncal4,733,0.53748627299361,0.10314068360901463,0.9,2.260435018894499,4.723720322536433,26.479552317504282,4,25,21257,16.122993558867236,,,
audit_sweep_ncal4,734,0.5368662653678462,0.109028358030834,0.9,1.361335052633279,3.4800863666759114,25.235918361643762,4,25,21286,4.713654927838921,,,
audit_sweep_ncal4,735,0.5366539364674263,0.11160604452752232,0.9,1.0937803341580639,3.3565283858653117,25.11236038083316,4,25,21315,1.700093633044394,,,
audit_sweep_ncal4,736,0.536125162460933,0.11918929392413391,0.9,1.4573332444960831,1.818933248588927,23.574765243556776,4,25,21344,3.2298301878976767,,,
audit_sweep_ncal4,737,0.536593182090244,0.11308205810480643,0.9,0.5052489475473942,1.870079840968319,23.62591183593617,4,25,21373,1.740650110233811,,,
audit_sweep_ncal4,738,0.540098766349219,0.08650857495025432,0.9,-0.782677610187709,4.911752474145635,26.667584469113486,4,25,21402,13.766576350893644,,,
audit_sweep_ncal4,739,0.5408116693525327,0.08287517024203672,0.9,0.7196967013896624,4.265687991792547,26.021519986760396,4,25,21431,5.377416828982578,,,
audit_sweep_ncal4,740,0.5404995818698689,0.08492699066894993,0.9,1.110785358865734,2.841648799101279,24.597480794069128,4,25,21460,1.7718482260463895,,,
audit_sweep_ncal4,741,0.5399422121018694,0.08753661061451545,0.9,1.0703591614864574,2.7588556262878305,24.51468762125568,4,25,21489,1.2924464405047642,,,
audit_sweep_ncal4,742,0.5409305878007471,0.08280919318892266,0.9,0.6649494109060345,3.1190176045992426,24.874849599567092,4,25,21518,1.2540102607413055,,,
audit_sweep_ncal4,743,0.5414671487386643,0.08048769388012289,0.9,0.8426901890011362,1.7444798728745894,23.500311867842438,4,25,21547,1.1257516373421985,,,
audit_sweep_ncal4,744,0.5400710252950471,0.08776274259782746,0.9,1.3255582680959752,2.7171861240639035,24.473018119031753,4,25,21576,2.3862459631562642,,,
audit_sweep_ncal4,745,0.5403045898259365,0.08661562065963646,0.9,0.8530858919866406,4.4564337215774374,26.212265716545286,4,25,21605,3.1146694629903795,,,
audit_sweep_ncal4,746,0.5418651278266121,0.07934566745102412,0.9,0.519466030053217,1.6778383211475,23.43367031611535,4,25,21634,1.685794906948656,,,
audit_sweep_ncal4,747,0.5413396044392262,0.082165433949977,0.9,1.1415136944929316,1.9478554532463204,23.70368744821417,4,25,21663,2.0979886909868615,,,
audit_sweep_ncal4,748,0.5412154535863524,0.08260481572712641,0.9,0.9808626229576279,3.179943789908406,24.935775784876256,4,25,21692,3.116960577994316,,,
audit_sweep_ncal4,749,0.5407700777805156,0.08525692047538236,0.9,1.0731629712301791,3.192408533255395,24.948240528223245,4,25,21721,3.5396265617148974,,,
audit_sweep_ncal4,750,0.541560471707717,0.08144542120380305,0.9,0.6862406326804534,3.527780110009103,25.283612104976953,4,25,21750,2.8158563866911015,,,
audit_sweep_ncal4,751,0.5420412204590654,0.07882338837539393,0.9,0.7127709497420284,4.610334952841821,26.36616694780967,4,25,21779,3.021036889575814,,,
audit_sweep_ncal4,752,0.543210960483773,0.0741243207270944,0.9,0.6616690569490034,3.2037763479589785,24.959608342926828,4,25,21808,1.2057543311169538,,,
audit_sweep_ncal4,753,0.5422623702138808,0.07800538276426383,0.9,1.112230400851643,2.9729811405699484,24.7288131355378,4,25,21837,1.8465016965800656,,,
audit_sweep_ncal4,754,0.5415580190133408,0.08065415939379661,0.9,1.0507260740442843,1.939804356054043,23.695636351021893,4,25,21866,1.533752110669706,,,
audit_sweep_ncal4,755,0.539802319812585,0.0899169285039525,0.9,1.4239317946847267,3.0028840281169367,24.758716023084787,4,25,21895,3.240676125246694,,,
audit_sweep_ncal4,756,0.539740842255827,0.08993167004880998,0.9,0.9410442318558779,1.4137964578324764,23.169628452800325,4,25,21924,0.37733608177970723,,,
audit_sweep_ncal4,757,0.5410347749222281,0.08292524925742628,0.9,0.4985455754859434,3.1922644945172527,24.948096489485103,4,25,21953,1.3753545245011831,,,
audit_sweep_ncal4,758,0.5425759182215968,0.07560089419993477,0.9,0.48931695607787945,2.7897172932386023,24.545549288206452,4,25,21982,4.043068924053602,,,
audit_sweep_ncal4,759,0.5464592307139499,0.06090042686349728,0.9,0.10233547058131394,2.6175466970588497,24.373378692026698,4,25,22011,9.110086923148188,,,
audit_sweep_ncal4,760,0.5478912852598976,0.056082699179533124,0.9,0.6790583965383673,3.8606964576497593,25.616528452617608,4,25,22040,6.230054761815912,,,
audit_sweep_ncal4,761,0.5482760287774319,0.05486072534585529,0.9,0.838139733691907,4.483438110915925,26.239270105883776,4,25,22069,3.878665245503268,,,
audit_sweep_ncal4,762,0.5500661604849476,0.049820097319633994,0.9,0.6298045239326608,3.231164649545188,24.986996644513038,4,25,22098,3.8794630503117116,,,
audit_sweep_ncal4,763,0.5513465105122722,0.046535018827982055,0.9,0.7442091128038063,3.691270643821518,25.447102638789367,4,25,22127,3.2579688525554906,,,
audit_sweep_ncal4,764,0.5438048989865218,0.07108911326551615,0.9,2.297723730637066,3.7636799102985243,25.519511905266373,4,25,22156,12.661968277379938,,,
audit_sweep_ncal4,765,0.5438259572666454,0.07118392234929705,0.9,0.9202709237457384,2.8437119744107497,24.599543969378598,4,25,22185,1.2750981140034408,,,
audit_sweep_ncal4,766,0.5449967441446715,0.06713053731701257,0.9,0.6897529007009059,1.9103189971453893,23.666150992113238,4,25,22214,0.996550301651755,,,
audit_sweep_ncal4,767,0.5437390289069478,0.07217349877555201,0.9,1.187881622942146,4.467353275213732,26.22318527018158,4,25,22243,3.3452053305493408,,,
audit_sweep_ncal4,768,0.544141120851721,0.07090555644518903,0.9,0.8604493246638837,4.2789566228346025,26.03478861780245,4,25,22272,2.7375977110599683,,,
audit_sweep_ncal4,769,0.5429870855871262,0.07504775565815547,0.9,1.1848386633260226,3.584308891106009,25.340140886073858,4,25,22301,2.792522659579344,,,
audit_sweep_ncal4,770,0.5423378649917101,0.07778059026111528,0.9,1.1307876011714628,2.9894358150147746,24.745267809982625,4,25,22330,1.711483410035114,,,
audit_sweep_ncal4,771,0.5415215909599068,0.08136704941134532,0.9,1.1747099813533302,1.781895197414514,23.537727192382363,4,25,22359,1.138903547358688,,,
audit_sweep_ncal4,772,0.5393304969198708,0.09287619710230777,0.9,1.632268674617562,2.8465971119644693,24.60242910693232,4,25,22388,3.9850291258396044,,,
audit_sweep_ncal4,773,0.5420802186224043,0.07882376175468353,0.9,0.07066734816722577,1.8177587909100346,23.573590785877883,4,25,22417,5.136146811981961,,,
audit_sweep_ncal4,774,0.5430933128887114,0.07458987871632217,0.9,0.7296116631501014,4.797407004591308,26.553238999559156,4,25,22446,3.6877766746417073,,,
audit_sweep_ncal4,775,0.5440281406563675,0.07112754196411608,0.9,0.7072496898103503,2.883846062460112,24.63967805742796,4,25,22475,1.0848188595075539,,,
audit_sweep_ncal4,776,0.5459753846905315,0.06465387624815355,0.9,0.5931468486329183,2.870509459968996,24.626341454936846,4,25,22504,1.0601062936834595,,,
audit_sweep_ncal4,777,0.5462426191624631,0.0638643066973067,0.9,0.8664502988674773,2.7390255869079496,24.4948575818758,4,25,22533,0.739812064575152,,,
audit_sweep_ncal4,778,0.5446384387766133,0.06974725687160455,0.9,1.3219521120763338,4.3579515598091145,26.113783554776965,4,25,22562,5.30947455553428,,,
audit_sweep_ncal4,779,0.5459125171704757,0.06466244456104187,0.9,0.6662679380868276,2.958630664855027,24.714462659822875,4,25,22591,2.8069744447685547,,,
audit_sweep_ncal4,780,0.5450843650473359,0.06736947808741467,0.9,1.091710496409196,2.648187658624423,24.40401965359227,4,25,22620,3.619401619652948,,,
audit_sweep_ncal4,781,0.5458132925829952,0.06562597234737022,0.9,0.8705107609946934,4.575605243435743,26.33143723840359,4,25,22649,3.9002207495309715,,,
audit_sweep_ncal4,782,0.5468902366991624,0.062151936301137245,0.9,0.7434234554050945,5.8995623248697795,27.65539431983763,4,25,22678,8.05003839719419,,,
audit_sweep_ncal4,783,0.5445741762356983,0.07022448366169731,0.9,1.4108915674880989,2.776952165604033,24.532784160571882,4,25,22707,2.885522949003234,,,
audit_sweep_ncal4,784,0.5449251944452695,0.06898110436854665,0.9,0.8502559096581964,4.006617565298256,25.762449560266106,4,25,22736,3.9346638799123292,,,
audit_sweep_ncal4,785,0.5462828371520229,0.06399931833153538,0.9,0.68006985064191,2.6546495462667212,24.41048154123457,4,25,22765,2.9101332710586814,,,
audit_sweep_ncal4,786,0.5458316249499812,0.06548901189571321,0.9,0.976432479555224,2.850362143866697,24.606194138834546,4,25,22794,1.3374924296942003,,,
audit_sweep_ncal4,787,0.5496299092819521,0.053052822870770844,0.9,0.22456311862764464,3.863393689978434,25.619225684946283,4,25,22823,12.510579766703087,,,
audit_sweep_ncal4,788,0.5494013917900046,0.054350817466405466,0.9,0.9876389962530782,4.248633004486711,26.004464999454562,4,25,22852,3.129464320323568,,,
audit_sweep_ncal4,789,0.5469244662216657,0.062366462958476365,0.9,1.3646911356166735,4.161732710915048,25.917564705882896,4,25,22881,3.9457112039235653,,,
audit_sweep_ncal4,790,0.5459232906109841,0.06592218680648076,0.9,1.1491380101285948,2.8281300355667174,24.583962030534565,4,25,22910,1.5009119035327645,,,
audit_sweep_ncal4,791,0.543826940761938,0.07336161434265875,0.9,1.3318178020035891,1.978842100891409,23.73467409585926,4,25,22939,2.3360917557299308,,,
audit_sweep_ncal4,792,0.5463961314273885,0.06424039084925481,0.9,0.41497736794605533,1.7051881556370765,23.461020150604927,4,25,22968,2.1216461517322576,,,
audit_sweep_ncal4,793,0.5480439712712606,0.05890455753794688,0.9,0.6997472006629185,3.0226435002417857,24.778475495209634,4,25,22997,0.9664900430606999,,,
audit_sweep_ncal4,794,0.5535825529552073,0.043313240042668455,0.9,0.0288417631758033,2.8198606117861718,24.57569260675402,4,25,23026,2.978029811998882,,,
audit_sweep_ncal4,795,0.5560755362465246,0.037359150054837476,0.9,0.542474869050756,6.138530203761733,27.89436219872958,4,25,23055,12.076640983523857,,,
audit_sweep_ncal4,796,0.5581804397640157,0.03229156078521711,0.9,0.523847628139251,3.7515747768109047,25.507406771778754,4,25,23084,2.4331645468825047,,,
audit_sweep_ncal4,797,0.5580033985802418,0.033333488144099865,0.9,0.9928583592973279,3.9734778542295204,25.72930984919737,4,25,23113,4.336419668390697,,,
audit_sweep_ncal4,798,0.5582530278940437,0.0321063438763437,0.9,0.8581333084191973,2.7514524444402664,24.507284439408117,4,25,23142,1.3730943479417872,,,
audit_sweep_ncal4,799,0.5578609160647469,0.03307441747120132,0.9,0.9419801379557389,2.1438880970585816,23.89972009202643,4,25,23171,0.6446210130958824,,,
audit_sweep_ncal4,800,0.557863835071887,0.033210467083283235,0.9,0.9021158803773981,3.760282786705876,25.516114781673725,4,25,23200,2.971753658950608,,,
audit_sweep_ncal4,801,0.5567725543793949,0.03589524356607299,0.9,1.1487273331604764,5.981996253053469,27.73782824802132,4,25,23229,12.198379045354024,,,
audit_sweep_ncal4,802,0.557871304752773,0.03350149126239732,0.9,0.7013663792481203,5.912815432154966,27.668647427122814,4,25,23258,6.908928526863487,,,
audit_sweep_ncal4,803,0.5563493543882501,0.037027778211655704,0.9,1.1808334827796894,3.0511967684751555,24.807028763443004,4,25,23287,4.266845443782229,,,
audit_sweep_ncal4,804,0.554587922893035,0.04128850360026237,0.9,1.2228272258889197,2.440487052092359,24.196319047060207,4,25,23316,2.133725072066868,,,
audit_sweep_ncal4,805,0.5565913119261987,0.0362073417798664,0.9,0.570859176785492,2.6275067206142713,24.38333871558212,4,25,23345,1.6404906633960432,,,
audit_sweep_ncal4,806,0.5565095197437636,0.03665680820314532,0.9,0.9451407603572046,3.8414264904211626,25.597258485389013,4,25,23374,3.616926909590026,,,
audit_sweep_ncal4,807,0.5519599089975114,0.04769073589132633,0.9,1.5882144219004244,3.313607728747143,25.069439723714993,4,25,23403,3.737525111497284,,,
audit_sweep_ncal4,808,0.5498152999226341,0.05352807262670067,0.9,1.2197692939768325,1.8056165219350524,23.561448516902903,4,25,23432,1.4866698348877347,,,
audit_sweep_ncal4,809,0.5489957204850132,0.056231955620203666,0.9,1.0611186003151902,5.018109020254128,26.77394101522198,4,25,23461,6.276881147938925,,,
audit_sweep_ncal4,810,0.5493612400142999,0.05498135047674524,0.9,0.8763444666139477,2.155162320167528,23.910994315135376,4,25,23490,1.0570764504099845,,,
audit_sweep_ncal4,811,0.550940720723247,0.051365295714474346,0.9,0.6665361042942531,2.7323595880725846,24.488191583040432,4,25,23519,1.2904043669714518,,,
audit_sweep_ncal4,812,0.5530956608322785,0.04516980306348006,0.9,0.5486858879061021,4.973763497031107,26.729595491998957,4,25,23548,5.0419025589574735,,,
audit_sweep_ncal4,813,0.5531608906296953,0.044829410287356986,0.9,0.8418171105262487,1.7955147662660993,23.551346761233948,4,25,23577,1.402393388007574,,,
audit_sweep_ncal4,814,0.5525640912674404,0.046238138638859505,0.9,0.9651618772209293,2.5808085722240564,24.336640567191907,4,25,23606,1.3327123758355266,,,
audit_sweep_ncal4,815,0.5507219246965346,0.05117541120049085,0.9,1.2649489860285836,3.9830178182314926,25.73884981319934,4,25,23635,3.1643224338098506,,,
audit_sweep_ncal4,816,0.5575503013715375,0.034326582789981686,0.9,-0.17535403836525998,2.437141778283661,24.19297377325151,4,25,23664,5.196095118640547,,,
audit_sweep_ncal4,817,0.5601487092008114,0.028488469313325826,0.9,0.4014784587176708,2.5777977348511607,24.33362972981901,4,25,23693,2.0884479705016785,,,
audit_sweep_ncal4,818,0.5611324755852378,0.026350654021973785,0.9,0.7728672793625411,1.9228631903635962,23.678695185331446,4,25,23722,1.1937724936940721,,,
audit_sweep_ncal4,819,0.5618174519495919,0.02478398938809212,0.9,0.7466152636088151,2.3406725294124056,24.096504524380254,4,25,23751,0.9929613503242029,,,
audit_sweep_ncal4,820,0.5608523229041684,0.02666583789151411,0.9,1.0890319805997293,3.7659185064265355,25.521750501394386,4,25,23780,2.988545559139225,,,
audit_sweep_ncal4,821,0.5616790305626075,0.025051260077077364,0.9,0.748784369667967,3.6704976547079315,25.42632964967578,4,25,23809,2.5965320151360456,,,
audit_sweep_ncal4,822,0.5628912001547998,0.021694307094446308,0.9,0.562476613236504,2.478004642934708,24.233836637902556,4,25,23838,1.539390330178114,,,
audit_sweep_ncal4,823,0.564278509511131,0.019488909564414958,0.9,0.6342418658867348,2.149644956254756,23.905476951222607,4,25,23867,1.5746308994730782,,,
audit_sweep_ncal4,824,0.5625276752615043,0.023360671673183897,0.9,1.310407253216198,1.7193665392216217,23.47519853418947,4,25,23896,1.718681208429498,,,
audit_sweep_ncal4,825,0.5610641839925291,0.026662161878452384,0.9,1.2120870192804445,2.88780895174618,24.64364094671403,4,25,23925,1.6741611790367512,,,
audit_sweep_ncal4,826,0.5633444337217131,0.0222461443598575,0.9,0.4914609552294371,2.683355746608258,24.439187741576106,4,25,23954,1.5122368936064117,,,
audit_sweep_ncal4,827,0.5642687934082309,0.02083755340732263,0.9,0.690023446512996,2.8863306212847397,24.642162616252588,4,25,23983,2.607759308867343,,,
audit_sweep_ncal4,828,0.5688883719106632,0.011669077193420141,0.9,-0.5904654352323282,3.0848453654153056,24.840677360383154,4,25,24012,10.469315611580127,,,
audit_sweep_ncal4,829,0.5706709318860311,0.00830032106662082,0.9,0.049588060100012085,3.666657577715828,25.422489572683677,4,25,24041,5.056193813612281,,,
audit_sweep_ncal4,830,0.5707462601571744,0.0074002605003371524,0.9,0.6978060032510384,2.4463209072638445,24.202152902231695,4,25,24070,1.347785297657897,,,
audit_sweep_ncal4,831,0.5705132687457941,0.00800007348420706,0.9,1.0406216753404074,2.7081869039679596,24.46401889893581,4,25,24099,1.627561649054482,,,
audit_sweep_ncal4,832,0.5708213845268406,0.00727838900882094,0.9,0.7700167736093116,1.7885838792381117,23.54441587420596,4,25,24128,1.008319122251475,,,
audit_sweep_ncal4,833,0.5716335538180826,0.005606196867518176,0.9,0.38201747804989244,2.3545227179999464,24.110354712967794,4,25,24157,2.5865782425358863,,,
audit_sweep_ncal4,834,0.5715831634397293,0.005339601438319352,0.9,0.8234569541350754,2.566468424859961,24.322300419827812,4,25,24186,3.8577371967920917,,,
audit_sweep_ncal4,835,0.5722333782934138,0.003846789608120127,0.9,0.34405611671545533,1.9196148750281379,23.675446869995987,4,25,24215,5.736118173179825,,,
audit_sweep_ncal4,836,0.5714276583092054,0.005448646731017193,0.9,1.4526500028342701,4.115084843101237,25.870916838069085,4,25,24244,3.5622854872637455,,,
audit_sweep_ncal4,837,0.5700417896531697,0.007963897274206433,0.9,1.7133802511371907,1.8455759519729544,23.601407946940803,4,25,24273,3.8512407733376683,,,
audit_sweep_ncal4,838,0.5696952100608317,0.008248422627063268,0.9,1.0507826803273987,4.350850690148342,26.10668268511619,4,25,24302,7.541713657286045,,,
audit_sweep_ncal4,839,0.569344748942717,0.008360936847801259,0.9,1.0074251401579448,4.319348526785224,26.075180521753072,4,25,24331,3.960966191624476,,,
audit_sweep_ncal4,840,0.5695813752559761,0.008308316458473186,0.9,0.879552410363632,2.8917904893394932,24.64762248430734,4,25,24360,1.0632898389227206,,,
audit_sweep_ncal4,841,0.568410759159554,0.010374496687128976,0.9,1.450472557236001,2.40386970691638,24.15970170188423,4,25,24389,3.386911412395745,,,
audit_sweep_ncal4,842,0.5688342148303281,0.0096306598467919,0.9,0.70432044674159,5.785949202813367,27.541781197781216,4,25,24418,7.5361452540471925,,,
audit_sweep_ncal4,843,0.5686650341230209,0.010119581657570764,0.9,1.0460686615545423,3.9138559396760724,25.66968793464392,4,25,24447,3.516650649564955,,,
audit_sweep_ncal4,844,0.5677733682924774,0.01192643086212597,0.9,1.3435241048896684,2.124374635097912,23.88020663006576,4,25,24476,2.497484930759335,,,
audit_sweep_ncal4,845,0.5676406894978107,0.012300707461302296,0.9,0.9794181580585809,2.2417990729253434,23.99763106789319,4,25,24505,1.1556658400945485,,,
audit_sweep_ncal4,846,0.569024566312517,0.009062035586940853,0.9,0.26327743067524223,0.9630207640036974,22.718852758971547,4,25,24534,2.8476309890763276,,,
audit_sweep_ncal4,847,0.569763392560233,0.008424313938675376,0.9,0.6687316704513372,2.09427827195505,23.8501102669229,4,25,24563,1.2643633707405786,,,
audit_sweep_ncal4,848,0.5702023455916703,0.007520668723951296,0.9,0.6305699536090607,2.3579208701092793,24.113752865077128,4,25,24592,1.3872977567000002,,,
audit_sweep_ncal4,849,0.5716791216775406,0.005762254383626764,0.9,0.07601446111614368,2.0166285107945683,23.772460505762417,4,25,24621,5.423772434186485,,,
audit_sweep_ncal4,850,0.5717656043055519,0.005946400063275514,0.9,0.8574032256476841,4.463259980448698,26.219091975416546,4,25,24650,3.4960033603672263,,,
audit_sweep_ncal4,851,0.5719395094173315,0.006051507973833803,0.9,0.8194789808608938,4.461817431474716,26.217649426442566,4,25,24679,4.384901445630582,,,
audit_sweep_ncal4,852,0.5729133354397536,0.00471337158976981,0.9,0.22482478438618325,5.587433435724369,27.34326543069222,4,25,24708,2.9681993391739123,,,
audit_sweep_ncal4,853,0.5728604778431372,0.004345401622804834,0.9,0.8880321760289952,2.4568550336015607,24.21268702856941,4,25,24737,1.3179085435714617,,,
audit_sweep_ncal4,854,0.5724196703287074,0.004505099954067782,0.9,1.121877389372508,2.1617762491552144,23.917608244123063,4,25,24766,1.4582182671733903,,,
audit_sweep_ncal4,855,0.5722025179970429,0.004854920400102047,0.9,1.16681673708772,2.630511044110053,24.386343039077904,4,25,24795,3.182182818078098,,,
audit_sweep_ncal4,856,0.5711809840062646,0.006544220125570432,0.9,1.6950665103780207,1.9961176663470783,23.751949661314928,4,25,24824,4.003783495022627,,,
audit_sweep_ncal4,857,0.5709540328377039,0.006627645712740438,0.9,0.9062649478281526,2.102948008713964,23.85878000368181,4,25,24853,0.9267344173770762,,,
audit_sweep_ncal4,858,0.5711892183792711,0.006436574792831218,0.9,0.850744554126949,3.1095016608599226,24.865333655827772,4,25,24882,1.586221582316583,,,
audit_sweep_ncal4,859,0.5709632496555817,0.007103508515841295,0.9,1.1355554069819163,3.393377004451218,25.149208999419066,4,25,24911,3.6078720682693164,,,
audit_sweep_ncal4,860,0.5707982350678803,0.008321974038468016,0.9,1.1443990332893443,2.8937995132252214,24.64963150819307,4,25,24940,1.5367434971343588,,,
audit_sweep_ncal4,861,0.5705449235309364,0.008738808015614774,0.9,1.0466723930905304,2.690042482545861,24.445874477513712,4,25,24969,1.0337088664211218,,,
audit_sweep_ncal4,862,0.5689928249595332,0.011843574964161108,0.9,1.7476317488224649,1.9473754846385642,23.703207479606412,4,25,24998,3.9392309829119885,,,
audit_sweep_ncal4,863,0.5697179218110098,0.011238509447883516,0.9,0.6664523722722112,3.3918525232089647,25.147684518176813,4,25,25027,6.448889342198226,,,
audit_sweep_ncal4,864,0.57152014886036,0.009043950006388468,0.9,0.1845920751107773,4.087368381375541,25.84320037634339,4,25,25056,3.9387287161812172,,,
audit_sweep_ncal4,865,0.5712844883388861,0.0097852581720822,0.9,1.0658698452762467,1.9405911652519956,23.696423160219844,4,25,25085,1.6640728279114898,,,
audit_sweep_ncal4,866,0.5720727261686096,0.008616364893133555,0.9,0.4652748900363639,6.061182929933925,27.817014924901773,4,25,25114,8.212105801959439,,,
audit_sweep_ncal4,867,0.5724934753075166,0.008079952275617863,0.9,0.6835074740772055,2.7719390813848204,24.52777107635267,4,25,25143,4.082332559371196,,,
audit_sweep_ncal4,868,0.572182620408199,0.0083339327633698,0.9,1.119238789886665,2.887454468598488,24.643286463566337,4,25,25172,1.820712253073303,,,
audit_sweep_ncal4,869,0.5725000214317844,0.007651264441652206,0.9,0.5933743420715863,1.9296816141607176,23.685513609128567,4,25,25201,1.2810460629220908,,,
audit_sweep_ncal4,870,0.5723074008894453,0.007482677720717756,0.9,0.9659881835723702,2.695676610662377,24.451508605630227,4,25,25230,1.7084292413792677,,,
audit_sweep_ncal4,871,0.5726047739841316,0.007265881902462024,0.9,0.6866496757447386,2.794742090818688,24.550574085786536,4,25,25259,2.5381259268383234,,,
audit_sweep_ncal4,872,0.5727055779573478,0.007458090869847278,0.9,0.8951782076372382,2.7815567368474357,24.537388731815284,4,25,25288,1.1592085526581322,,,
audit_sweep_ncal4,873,0.5729183041047762,0.007297577141138878,0.9,0.7443106885245043,3.689554227648705,25.445386222616555,4,25,25317,2.7812189407936105,,,
audit_sweep_ncal4,874,0.573126943403274,0.00730802803093511,0.9,0.7640247195645794,3.3411749762744845,25.097006971242333,4,25,25346,3.399979648043562,,,
audit_sweep_ncal4,875,0.5732880640550934,0.007137793465111453,0.9,0.7463350990011068,3.9301947203247876,25.686026715292638,4,25,25375,2.932513648823623,,,
audit_sweep_ncal4,876,0.5728309110827281,0.0077680960687910305,0.9,1.230838580480872,3.688191809332154,25.444023804300002,4,25,25404,4.007969071941377,,,
audit_sweep_ncal4,877,0.5725037641213004,0.008500394590006732,0.9,1.1494863023395292,3.8652411634398933,25.621073158407743,4,25,25433,5.532466360656631,,,
audit_sweep_ncal4,878,0.5720930528925333,0.009099826153217805,0.9,1.1019992482175793,2.8279507399500825,24.583782734917932,4,25,25462,1.351561901720995,,,
audit_sweep_ncal4,879,0.5720798617408694,0.00884600743538333,0.9,0.9197144389876122,2.9722636227016817,24.72809561766953,4,25,25491,1.1203378595542257,,,
audit_sweep_ncal4,880,0.5712254225525628,0.010755810034799418,0.9,1.4463554570739707,1.7191160929114822,23.47494808787933,4,25,25520,2.911833668010769,,,
audit_sweep_ncal4,881,0.5708893577625611,0.010636553775086433,0.9,1.085181666349263,1.9802536782253908,23.73608567319324,4,25,25549,1.8730516104879638,,,
audit_sweep_ncal4,882,0.5717596134553796,0.009623683736447175,0.9,0.5583924979388301,3.7271504407259193,25.482982435693767,4,25,25578,6.886596378952813,,,
audit_sweep_ncal4,883,0.5715615840088973,0.01022282346198855,0.9,1.0316481133120494,2.661443699367303,24.417275694335153,4,25,25607,1.4657048863127409,,,
audit_sweep_ncal4,884,0.5710174662922396,0.01167108909695136,0.9,1.243936886743432,1.3967132704926433,23.152545265460493,4,25,25636,1.652568085903196,,,
audit_sweep_ncal4,885,0.5715830379859971,0.011410492011965201,0.9,0.6855815034303185,3.949849022244509,25.705681017212356,4,25,25665,3.2896358753118062,,,
audit_sweep_ncal4,886,0.5705956703487123,0.013054380403015431,0.9,1.398593881122937,2.1199764521002225,23.87580844706807,4,25,25694,3.1866054772834023,,,
audit_sweep_ncal4,887,0.5717380267959813,0.011748920234953664,0.9,0.49280160152085234,2.497312821048858,24.253144816016707,4,25,25723,1.7861322380217546,,,
audit_sweep_ncal4,888,0.5706801249896782,0.013132760792157305,0.9,1.3582338641762408,2.8253405321278446,24.581172527095696,4,25,25752,2.7432578139652035,,,
audit_sweep_ncal4,889,0.5715910825433046,0.011778926850021243,0.9,0.5097611148226013,4.272874237329051,26.0287062322969,4,25,25781,3.7806387045254772,,,
audit_sweep_ncal4,890,0.572431037938447,0.010556388016894402,0.9,0.4068493797390926,4.174585605422967,25.930417600390818,4,25,25810,4.203949581672252,,,
audit_sweep_ncal4,891,0.5700497950633807,0.013937727963521995,0.9,2.078294827770235,4.517460435094465,26.273292430062313,4,25,25839,16.87262510044777,,,
audit_sweep_ncal4,892,0.5703450718585642,0.01337997843317984,0.9,0.7663208156621685,4.134658924145985,25.890490919113834,4,25,25868,2.8917783027009385,,,
audit_sweep_ncal4,893,0.5698865479675729,0.0143428436461156,0.9,1.1322705114538476,2.722003076711693,24.477835071679543,4,25,25897,1.8309554585457668,,,
audit_sweep_ncal4,894,0.56970480653116,0.013953601413490668,0.9,0.8952716547363536,3.659568976102249,25.4154009710701,4,25,25926,3.2347070450646966,,,
audit_sweep_ncal4,895,0.5705392009032004,0.01328371542431317,0.9,0.6992797242057891,5.673112601546651,27.4289445965145,4,25,25955,11.137698380718536,,,
audit_sweep_ncal4,896,0.5706154790374435,0.013065873665154326,0.9,0.8314902395033912,2.706046490626696,24.461878485594546,4,25,25984,1.375743510318632,,,
audit_sweep_ncal4,897,0.5709769185803398,0.012427366288870534,0.9,0.6895937541174529,2.5483161249514334,24.304148119919283,4,25,26013,1.2797564720348336,,,
audit_sweep_ncal4,898,0.5701258913129486,0.014004077180933328,0.9,1.4534272629850713,2.688457824952062,24.44428981991991,4,25,26042,2.8704191063830935,,,
audit_sweep_ncal4,899,0.5707369506985072,0.012793061273327022,0.9,0.6174787459059896,3.1163486347388316,24.87218062970668,4,25,26071,2.8004471629207033,,,
audit_sweep_ncal4,900,0.5707669396689888,0.012511541044824548,0.9,0.9421452776075327,2.1651556982059605,23.92098769317381,4,25,26100,1.1605315745425964,,,
audit_sweep_ncal4,901,0.5712247380362674,0.01197440243821013,0.9,0.7738365978062838,2.029094891045859,23.784926886013707,4,25,26129,1.9018603995336292,,,
audit_sweep_ncal4,902,0.5713094594690432,0.011486094149048887,0.9,0.8393072382602829,2.447374525795606,24.203206520763455,4,25,26158,1.2596732207060173,,,
audit_sweep_ncal4,903,0.5717981950172545,0.010432343302382852,0.9,0.6125906783551828,1.972245592949723,23.72807758791757,4,25,26187,1.4401250426669465,,,
audit_sweep_ncal4,904,0.5739037023298873,0.00789331654527281,0.9,-0.36641502857560143,3.355714004232758,25.111545999200608,4,25,26216,11.283530529117794,,,
audit_sweep_ncal4,905,0.5737029861559705,0.007873560431782223,0.9,0.9239780688740579,1.9383400009399752,23.694171995907823,4,25,26245,1.470531495416195,,,
audit_sweep_ncal4,906,0.5740488485924675,0.007514130529279961,0.9,0.6088228775312866,4.02174754851991,25.77757954348776,4,25,26274,2.461996585159803,,,
audit_sweep_ncal4,907,0.5735997482519773,0.00797433731945374,0.9,1.2740438878222973,6.065485102639318,27.821317097607167,4,25,26303,6.089014250399681,,,
audit_sweep_ncal4,908,0.5734126481807278,0.007135426056446237,0.9,0.8031490514207915,4.945896274500793,26.701728269468642,4,25,26332,7.52467564620551,,,
audit_sweep_ncal4,909,0.5732150578336256,0.006747658298014048,0.9,0.8368935464509903,4.458868777171443,26.21470077213929,4,25,26361,4.805902802037189,,,
audit_sweep_ncal4,910,0.5736949538840553,0.006456370634586817,0.9,0.6368231084491598,2.2736314917002134,24.029463486668064,4,25,26390,0.7727932476985612,,,
audit_sweep_ncal4,911,0.573627112393965,0.006675587673842687,0.9,0.9766435440809377,5.925631734328157,27.681463729296006,4,25,26419,6.02039348763107,,,
audit_sweep_ncal4,912,0.5732771110427736,0.006885074120679624,0.9,1.2134880262122023,4.25251558026058,26.008347575228427,4,25,26448,5.163530196230242,,,
audit_sweep_ncal4,913,0.5733581797240442,0.007406447685135986,0.9,1.0284692267879738,2.9482889986214422,24.704120993589292,4,25,26477,1.1569906616757433,,,
audit_sweep_ncal4,914,0.572653073743656,0.008395662247834279,0.9,1.431722654536474,2.1163983840821756,23.872230379050023,4,25,26506,1.1526144358920813,,,
audit_sweep_ncal4,915,0.5725288204948439,0.009356953050213113,0.9,1.2174338031430683,4.394807132256196,26.150639127224046,4,25,26535,3.509242298078783,,,
audit_sweep_ncal4,916,0.5731292012622486,0.009042422185181476,0.9,0.6976236992688023,2.3841618414792634,24.13999383644711,4,25,26564,1.117009109821715,,,
audit_sweep_ncal4,917,0.5726588218145893,0.010080279761523814,0.9,1.2507847643207657,4.363217668110981,26.11904966307883,4,25,26593,3.8450205446306422,,,
audit_sweep_ncal4,918,0.5725574790523175,0.010137928006887065,0.9,0.8787427948184593,2.7513469392144314,24.50717893418228,4,25,26622,1.2445445727238735,,,
audit_sweep_ncal4,919,0.5714290146428227,0.01290193456161337,0.9,1.5024372080845179,2.624853416310086,24.380685411277934,4,25,26651,3.5430120611384974,,,
audit_sweep_ncal4,920,0.5693345600893805,0.01744808035989165,0.9,1.8538850422233328,2.109134401984219,23.864966396952067,4,25,26680,7.047764901089882,,,
audit_sweep_ncal4,921,0.5688952385040288,0.018363681504205198,0.9,1.0909337061196738,2.4545161819667043,24.210348176934552,4,25,26709,1.3590642493128715,,,
audit_sweep_ncal4,922,0.5696593879491538,0.01633173076379546,0.9,0.6250424049565411,4.4781703881485395,26.23400238311639,4,25,26738,4.272813550418404,,,
audit_sweep_ncal4,923,0.5692506968793676,0.0170709245049655,0.9,1.0493668717277167,2.7421285983854915,24.49796059335334,4,25,26767,1.7226639245046846,,,
audit_sweep_ncal4,924,0.5693454281629154,0.016594673347303246,0.9,0.8704758534619488,3.0308703407313056,24.786702335699154,4,25,26796,1.0348920677276932,,,
audit_sweep_ncal4,925,0.5705741216608533,0.015016193465417493,0.9,0.49761843296121044,2.6844138085242144,24.440245803492065,4,25,26825,1.8092570063358586,,,
audit_sweep_ncal4,926,0.5699220651130537,0.015538628838890123,0.9,1.0511543750083556,2.7785136514290976,24.534345646396947,4,25,26854,1.568154434408682,,,
audit_sweep_ncal4,927,0.5694362155037852,0.016087009827274956,0.9,0.9747516496579738,4.327998273363138,26.08383026833099,4,25,26883,3.1770342216727814,,,
audit_sweep_ncal4,928,0.569149709872329,0.016830912217978944,0.9,1.04864457906527,2.4210286552761375,24.176860650243988,4,25,26912,1.5280289716955893,,,
audit_sweep_ncal4,929,0.568096181485457,0.018996193829093122,0.9,1.2332893574890984,3.7435529741075007,25.49938496907535,4,25,26941,3.3585192858796002,,,
audit_sweep_ncal4,930,0.5678205854997678,0.01932782198011096,0.9,0.9595818671670785,3.560660504661373,25.316492499629224,4,25,26970,3.280110591887191,,,
audit_sweep_ncal4,931,0.5687281513923027,0.01829427170297404,0.9,0.6722987697357512,4.026198228884878,25.78203022385273,4,25,26999,3.5464063946724944,,,
audit_sweep_ncal4,932,0.5689738719133579,0.01689690109425024,0.9,0.7618714754201937,3.0204777291732294,24.77630972414108,4,25,27028,5.71486535913742,,,
audit_sweep_ncal4,933,0.5686670806307828,0.01845290892281959,0.9,1.1497192610666505,2.259172770135226,24.015004765103075,4,25,27057,1.2292223455676816,,,
audit_sweep_ncal4,934,0.5685579279235419,0.01823970227912175,0.9,0.8052902707249913,2.161682234307651,23.9175142292755,4,25,27086,1.2403204215797663,,,
audit_sweep_ncal4,935,0.5693347972880898,0.017203722747258787,0.9,0.6635053224629875,2.138413131354104,23.89424512632195,4,25,27115,1.0152728982039292,,,
audit_sweep_ncal4,936,0.5697003082582381,0.015613774668045477,0.9,0.6326627764515418,2.2821528473091837,24.037984842277034,4,25,27144,1.272050473874845,,,
audit_sweep_ncal4,937,0.5693153289180236,0.015897354879631398,0.9,1.0741775349839442,3.480866192142207,25.236698187110058,4,25,27173,3.4914535982850357,,,
audit_sweep_ncal4,938,0.567609329677059,0.018905843726500393,0.9,1.4721569409260746,4.123589516229499,25.87942151119735,4,25,27202,4.10341884344145,,,
audit_sweep_ncal4,939,0.5661997416841348,0.021493406424409778,0.9,1.2710618676771752,2.7850099211019734,24.540841916069823,4,25,27231,4.5697949644985885,,,
audit_sweep_ncal4,940,0.5666488656202642,0.020922502540539845,0.9,0.815788445836062,1.7661409470376261,23.521972942005476,4,25,27260,1.6814388967462133,,,
audit_sweep_ncal4,941,0.5691556840324736,0.01536587646583265,0.9,0.0195521709209382,1.9979942790525673,23.753826274020415,4,25,27289,5.620903331401612,,,
audit_sweep_ncal4,942,0.5701618748376296,0.012992746979756498,0.9,0.4918442248633365,4.044534921247945,25.800366916215793,4,25,27318,3.027045761905913,,,
audit_sweep_ncal4,943,0.5699305404681563,0.01396189693242511,0.9,1.0581326437001815,2.9216935665929387,24.67752556156079,4,25,27347,1.8567398373984378,,,
audit_sweep_ncal4,944,0.570061602491233,0.01393066418154909,0.9,0.8598864424812128,3.438844361054852,25.1946763560227,4,25,27376,3.4622415693017707,,,
audit_sweep_ncal4,945,0.5704645985631497,0.012890469149173578,0.9,0.6409896834121197,4.440347849233029,26.196179844200877,4,25,27405,6.2064072333297675,,,
audit_sweep_ncal4,946,0.5695001322650862,0.015865582334984252,0.9,1.4442933864842566,2.16392132081958,23.91975331578743,4,25,27434,3.590853755260459,,,
audit_sweep_ncal4,947,0.5688281099866671,0.017093410322399416,0.9,1.1580115956705055,2.2860214025234304,24.04185339749128,4,25,27463,1.6392827709293636,,,
audit_sweep_ncal4,948,0.5713999210552977,0.012021916473327177,0.9,-0.28311620784497915,2.1466763744967783,23.902508369464627,4,25,27492,5.685409029874546,,,
audit_sweep_ncal4,949,0.5715647060521155,0.011959905884952882,0.9,0.9280277583717186,2.6641564782844935,24.419988473252342,4,25,27521,1.1304840523499318,,,
audit_sweep_ncal4,950,0.5713194042436326,0.0129550164838943,0.9,1.1221224400078333,3.7437997628983055,25.499631757866155,4,25,27550,3.4650930149783115,,,
audit_sweep_ncal4,951,0.5700630444684419,0.015736922748877946,0.9,1.5289013369587505,2.285893742890628,24.041725737858478,4,25,27579,4.702732088702342,,,
audit_sweep_ncal4,952,0.5710160711330322,0.013104949472422245,0.9,0.40136327474496886,4.318006007503535,26.073838002471383,4,25,27608,9.055199653596953,,,
audit_sweep_ncal4,953,0.5721782340518113,0.01098413627268402,0.9,0.31229838325206116,2.557017414913501,24.312849409881352,4,25,27637,5.957306807885815,,,
audit_sweep_ncal4,954,0.5715746477762689,0.01142745441542481,0.9,1.0725792332542192,2.3193556339648826,24.07518762893273,4,25,27666,1.6164517133124991,,,
audit_sweep_ncal4,955,0.5715188294263402,0.0116362764368928,0.9,1.0133585850343048,2.183633829641455,23.939465824609304,4,25,27695,1.091165382232829,,,
audit_sweep_ncal4,956,0.5717976972953124,0.010585268401456127,0.9,0.6769127130004845,1.7231892563026392,23.47902125127049,4,25,27724,1.2384660672258094,,,
audit_sweep_ncal4,957,0.5721839506705044,0.010458189758358882,0.9,0.6876635368406582,2.809080403643414,24.564912398611263,4,25,27753,2.754091725965528,,,
audit_sweep_ncal4,958,0.5724573318487134,0.009854882637698292,0.9,0.6952328926870414,2.2419356664652272,23.997767661433077,4,25,27782,1.1350032475789429,,,
audit_sweep_ncal4,959,0.572378786714457,0.008841553842586558,0.9,0.7325950636699977,3.8691442806088605,25.62497627557671,4,25,27811,3.3721546715280435,,,
audit_sweep_ncal4,960,0.5727041673832669,0.008299998679484943,0.9,0.69487721063299,1.8739191615006028,23.62975115646845,4,25,27840,1.4590403982116855,,,
audit_sweep_ncal4,961,0.5722210724738459,0.009542579893139003,0.9,1.2077447650396276,2.8766915998516134,24.632523594819464,4,25,27869,1.65972057601042,,,
audit_sweep_ncal4,962,0.5718507537416028,0.009887214941033284,0.9,1.0296576210568178,2.07854745516132,23.83437945012917,4,25,27898,0.97644499981673,,,
audit_sweep_ncal4,963,0.5714491733817904,0.010427603421264586,0.9,1.0740174066516108,3.0755785252334125,24.83141052020126,4,25,27927,0.71635909520196,,,
audit_sweep_ncal4,964,0.5715929594381856,0.00900071305732597,0.9,0.5838573102033385,4.1992600924615004,25.95509208742935,4,25,27956,3.5778355770868533,,,
audit_sweep_ncal4,965,0.5712978223981514,0.00955220304654214,0.9,1.0526912033287097,4.505673182046948,26.261505177014797,4,25,27985,2.267984019979745,,,
audit_sweep_ncal4,966,0.5717827374590565,0.008869205351829224,0.9,0.5604221500589265,3.5807221687650705,25.33655416373292,4,25,28014,3.6672348764885636,,,
audit_sweep_ncal4,967,0.5714007729384064,0.009124053569152801,0.9,1.1947123441282204,2.6334140679830975,24.389246062950946,4,25,28043,4.826237449841946,,,
audit_sweep_ncal4,968,0.5721601430804638,0.007712397758281586,0.9,0.4005979892001957,6.084264865283155,27.840096860251002,4,25,28072,9.203810199110288,,,
audit_sweep_ncal4,969,0.5720573345067158,0.007349642977950266,0.9,0.8847925391499158,2.6022913381033943,24.358123333071244,4,25,28101,1.1949256873936451,,,
audit_sweep_ncal4,970,0.571098476094729,0.009843798267146875,0.9,1.5968355280330866,3.1852137018212967,24.941045696789146,4,25,28130,4.971317018230758,,,
audit_sweep_ncal4,971,0.5714967426640085,0.009237099755717737,0.9,0.7089337895629314,2.2521098712112764,24.007941866179124,4,25,28159,1.2888186494541531,,,
audit_sweep_ncal4,972,0.5714475424006865,0.009570708328432986,0.9,0.9013356023514143,2.566748334184663,24.322580329152512,4,25,28188,1.0585620916843674,,,
audit_sweep_ncal4,973,0.5704154623842841,0.012027662413610751,0.9,1.5278247810459944,5.848014028693576,27.603846023661426,4,25,28217,8.90340051446576,,,
audit_sweep_ncal4,974,0.5700211690129955,0.012965828119349765,0.9,1.1644216975495265,5.737327672220616,27.493159667188465,4,25,28246,7.02222931974935,,,
audit_sweep_ncal4,975,0.5695402996271097,0.014057453862378555,0.9,1.112437498511873,2.636832794826118,24.39266478979397,4,25,28275,1.4204941582168211,,,
audit_sweep_ncal4,976,0.5693180689579507,0.013708624504357503,0.9,0.9098654131370855,4.136482560171206,25.892314555139055,4,25,28304,3.650635316741783,,,
audit_sweep_ncal4,977,0.5689697227592344,0.01500144240290524,0.9,1.1410916253288772,2.680547235242489,24.43637923021034,4,25,28333,0.3483209741786419,,,
audit_sweep_ncal4,978,0.5691372654388182,0.014123179182887746,0.9,0.8216164489974374,3.935452241048489,25.691284236016337,4,25,28362,3.0943527527521613,,,
audit_sweep_ncal4,979,0.5694224884775239,0.013831421349961182,0.9,0.8124693272212582,2.2877777834394553,24.043609778407305,4,25,28391,1.5244134413728188,,,
audit_sweep_ncal4,980,0.5698138284368124,0.013040020417770526,0.9,0.7157278369166451,4.174528262866529,25.93036025783438,4,25,28420,2.98933745334504,,,
audit_sweep_ncal4,981,0.5696026492657928,0.013195284652696815,0.9,1.0446819618116492,1.1761378043057156,22.931969799273563,4,25,28449,0.7391642705649865,,,
audit_sweep_ncal4,982,0.5703471375363897,0.011796595749878902,0.9,0.5091869727299076,6.076375900321433,27.832207895289283,4,25,28478,8.639970219894238,,,
audit_sweep_ncal4,983,0.5710285539140663,0.00990086482100938,0.9,0.5364128580113324,3.6869941014425724,25.44282609641042,4,25,28507,4.251034766727721,,,
audit_sweep_ncal4,984,0.5672949725872315,0.018428680817182075,0.9,2.597090969316137,2.638894778544076,24.394726773511927,4,25,28536,17.302105131841376,,,
audit_sweep_ncal4,985,0.5680365607848614,0.017628472116030913,0.9,0.7338695570053383,1.7310490258867446,23.486881020854593,4,25,28565,2.073660424587182,,,
audit_sweep_ncal4,986,0.5671632156610407,0.019293773517585544,0.9,1.2268818821663638,3.7262655394528346,25.482097534420685,4,25,28594,3.231313816022238,,,
audit_sweep_ncal4,987,0.5626353483086857,0.028186794388240344,0.9,1.9856808165755717,3.5101543415418286,25.265986336509677,4,25,28623,4.604147131317328,,,
audit_sweep_ncal4,988,0.5651700198026264,0.022802245847449054,0.9,0.2998201886313379,4.378694889651661,26.13452688461951,4,25,28652,4.286231719472065,,,
audit_sweep_ncal4,989,0.5654433318716026,0.021931208583959805,0.9,0.8489064837718993,4.312106398213773,26.06793839318162,4,25,28681,7.70646314692187,,,
audit_sweep_ncal4,990,0.5645937993804928,0.023816341578350886,0.9,1.129217141668855,2.390933634503639,24.14676562947149,4,25,28710,1.376897526111277,,,
audit_sweep_ncal4,991,0.5632415209787581,0.026688705864023166,0.9,1.2378192376860713,4.353044132121062,26.108876127088912,4,25,28739,3.795624605464214,,,
audit_sweep_ncal4,992,0.5651867322085831,0.02302981878238186,0.9,0.4683191338270495,3.7343319580478247,25.490163953015674,4,25,28768,2.0747966368641655,,,
audit_sweep_ncal4,993,0.5650297585643688,0.0229038238101138,0.9,0.9460722876146274,7.52900578026659,29.28483777523444,4,25,28797,13.893944522423368,,,
audit_sweep_ncal4,994,0.5650973285404735,0.022964652322596257,0.9,0.8321765953436014,2.731852443645063,24.487684438612913,4,25,28826,1.0894748692394318,,,
audit_sweep_ncal4,995,0.565355221634648,0.023010141044540022,0.9,0.917393186544183,3.8046938490809286,25.560525844048776,4,25,28855,3.6709952131927084,,,
audit_sweep_ncal4,996,0.5642954894512714,0.02583999639591017,0.9,1.2531286158537156,5.966099770420594,27.721931765388444,4,25,28884,6.7238499563735346,,,
audit_sweep_ncal4,997,0.5660152101893481,0.02248687899272994,0.9,0.48140847988933766,2.702480944591408,24.458312939559256,4,25,28913,2.3208130070127733,,,
audit_sweep_ncal4,998,0.5667316406012124,0.02031822593369015,0.9,0.627552669976425,1.8365356666236528,23.592367661591503,4,25,28942,1.6621270882697639,,,
audit_sweep_ncal4,999,0.5672453627532247,0.01891683773518682,0.9,0.7434591538871488,3.9228161672418365,25.678648162209686,4,25,28971,3.730451022356706,,,
audit_sweep_ncal4,1000,0.5673685637142017,0.01865745543184738,0.9,0.876211566686464,3.411526608549623,25.16735860351747,4,25,29000,3.916545676898319,,,
