schedule,t,reward,gap,beta_true,beta_hat,cert,cert_hp,n_cal,n_mon,cum_aud,xi_sq,exp3_arm,exp3_p,exp3_loss
audit_sweep_ncal4,1,0.5452721783806276,0.03921625842562704,0.0,0.23704662941897406,5.2157499475269065,26.971581942494755,4,25,29,8.484724571057685,,,
audit_sweep_ncal4,2,0.5457223402817905,0.038729102699767814,0.0,-0.07113206675217472,2.0368895786281747,23.792721573596022,4,25,58,1.1339115768229096,,,
audit_sweep_ncal4,3,0.546022548504279,0.03828177304790781,0.0,-0.033612062788639145,1.8317178159360696,23.58754981090392,4,25,87,1.2947638610902272,,,
audit_sweep_ncal4,4,0.5472922730802717,0.03615557874946951,0.0,-0.33238777264586244,3.606139987004253,25.361971981972104,4,25,116,3.3112634782253707,,,
audit_sweep_ncal4,5,0.5498109596970888,0.0327132342101194,0.0,-1.0841193678212033,2.3089238941839536,24.064755889151805,4,25,145,4.8622513191142644,,,
audit_sweep_ncal4,6,0.5499848609001344,0.032359810438227776,0.0,0.05081569168320804,2.4107063519663146,24.166538346934164,4,25,174,1.033803327009432,,,
audit_sweep_ncal4,7,0.5495228372668803,0.03317546973644325,0.0,0.23892487963898076,3.413614546387761,25.16944654135561,4,25,203,4.196940965083596,,,
audit_sweep_ncal4,8,0.5489107823515236,0.03428595875475615,0.0,0.3458157157460144,3.7544624894823846,25.510294484450235,4,25,232,3.030331338732379,,,
audit_sweep_ncal4,9,0.549359924405067,0.033559132611084785,0.0,-0.1720271827213426,2.0134344233441177,23.769266418311968,4,25,261,1.3382908344966786,,,
audit_sweep_ncal4,10,0.5498543701328421,0.03284961324484814,0.0,-0.14614550499268678,2.1117801622587424,23.867612157226592,4,25,290,0.7776180896173392,,,
audit_sweep_ncal4,11,0.5502998211111806,0.03211594583602473,0.0,-0.1913419436152022,3.606605501296111,25.36243749626396,4,25,319,2.71906193035509,,,
audit_sweep_ncal4,12,0.5505083736369663,0.03218327682190758,0.0,-0.15710057373738603,2.0684090238105877,23.824241018778437,4,25,348,1.0208319728570543,,,
audit_sweep_ncal4,13,0.5509181862254016,0.031807539759720616,0.0,-0.3711468546441367,2.0408963503567543,23.796728345324603,4,25,377,1.7008286862758326,,,
audit_sweep_ncal4,14,0.5513915254114953,0.031102961161749598,0.0,-0.33006087371004106,3.6921379059590516,25.4479699009269,4,25,406,6.934262650277071,,,
audit_sweep_ncal4,15,0.5515962191797409,0.03094020580056911,0.0,-0.20085687250408815,2.294103109709872,24.049935104677722,4,25,435,0.8608622182063075,,,
audit_sweep_ncal4,16,0.5512535266416339,0.03072525983925578,0.0,0.5551563091802223,4.312354609303305,26.068186604271155,4,25,464,2.5581382443242515,,,
audit_sweep_ncal4,17,0.5483799317453505,0.03449217595369081,0.0,1.6747093334527041,2.1745095926890605,23.93034158765691,4,25,493,17.330074703207384,,,
audit_sweep_ncal4,18,0.5498305235486154,0.03218875997407877,0.0,-0.4478733381404778,2.411380543354134,24.167212538321984,4,25,522,4.882019449431957,,,
audit_sweep_ncal4,19,0.5504341090174646,0.0314130610000567,0.0,-0.23601191718851858,3.907607151653585,25.663439146621435,4,25,551,3.5052964352896754,,,
audit_sweep_ncal4,20,0.5507904453869681,0.030936726500165324,0.0,-0.1938325316411527,3.7505068395158414,25.506338834483692,4,25,580,5.1490507229927,,,
audit_sweep_ncal4,21,0.5506651631773628,0.031026459069733225,0.0,0.13105236072923657,5.440078585089278,27.195910580057127,4,25,609,6.906995762746391,,,
audit_sweep_ncal4,22,0.5510085456653139,0.030492709718258793,0.0,-0.11268310080412174,2.445056339980532,24.20088833494838,4,25,638,1.3033919534211045,,,
audit_sweep_ncal4,23,0.5518661905125922,0.02964456820449679,0.0,-0.5751602361014229,3.92467054585592,25.68050254082377,4,25,667,3.2630294026024833,,,
audit_sweep_ncal4,24,0.5518801293958863,0.029499892272140227,0.0,0.08291327354790334,3.641601018200662,25.39743301316851,4,25,696,3.3578943667827965,,,
audit_sweep_ncal4,25,0.5523705081632223,0.02905406590473214,0.0,-0.3904766751951473,2.2081060870931246,23.963938082060974,4,25,725,4.181638410075406,,,
audit_sweep_ncal4,26,0.5524010490741247,0.02894944308439218,0.0,0.29069591948196116,3.8039050337491007,25.55973702871695,4,25,754,3.180262322072557,,,
audit_sweep_ncal4,27,0.5526176911567853,0.028371726601878478,0.0,-0.011753279822116849,2.234336564087576,23.990168559055427,4,25,783,1.4081760878815475,,,
audit_sweep_ncal4,28,0.5526512083366015,0.028601123837920128,0.0,0.04250730606482846,3.7919093503086887,25.54774134527654,4,25,812,3.4467236899537386,,,
audit_sweep_ncal4,29,0.5521967388153474,0.028907351311805884,0.0,0.5108027624726716,3.9785251044057275,25.734357099373575,4,25,841,3.714112993940447,,,
audit_sweep_ncal4,30,0.5524018655778881,0.027830028341316204,0.0,-0.006207091703211329,1.9662858463512127,23.72211784131906,4,25,870,1.3367935586828157,,,
audit_sweep_ncal4,31,0.5525617291779353,0.02728424175087174,0.0,0.06147380793587488,3.6479266155686614,25.40375861053651,4,25,899,3.343870208556522,,,
audit_sweep_ncal4,32,0.5527302065421574,0.027063517307715945,0.0,-0.21985631238336767,2.3028572192496077,24.058689214217456,4,25,928,0.8489969796173881,,,
audit_sweep_ncal4,33,0.5525799076369119,0.02715038898207145,0.0,0.1920061031847066,4.030230144931752,25.786062139899602,4,25,957,1.8222978363674738,,,
audit_sweep_ncal4,34,0.5526251479658408,0.02739047571881259,0.0,-0.017917718480470805,1.8360284482907698,23.591860443258618,4,25,986,1.0540128408857807,,,
audit_sweep_ncal4,35,0.5523531875421998,0.027903874754828917,0.0,0.1199290785309867,2.004154855449528,23.759986850417377,4,25,1015,1.7295347487753157,,,
audit_sweep_ncal4,36,0.552601086356011,0.027378933492184343,0.0,-0.04737338440202927,2.249880688528923,24.00571268349677,4,25,1044,1.5121695731148517,,,
audit_sweep_ncal4,37,0.5529604869615655,0.02730338877833205,0.0,-0.3763649421266786,5.198641663912124,26.954473658879973,4,25,1073,6.576359283203896,,,
audit_sweep_ncal4,38,0.5532590872711826,0.026976880042221096,0.0,-0.19354614322698352,3.4453422855567033,25.20117428052455,4,25,1102,2.802350099099888,,,
audit_sweep_ncal4,39,0.5531787179511501,0.027032803006535988,0.0,0.1375726180036091,2.476200089065555,24.232032084033403,4,25,1131,1.2827781676913217,,,
audit_sweep_ncal4,40,0.553673947817023,0.02651454263055908,0.0,-0.4460157360421338,4.995346281667421,26.75117827663527,4,25,1160,4.756714855016101,,,
audit_sweep_ncal4,41,0.5539482788303195,0.025896410972616413,0.0,-0.2833013435554697,3.133169637380632,24.88900163234848,4,25,1189,2.494813267891118,,,
audit_sweep_ncal4,42,0.5540230504443637,0.025295248535568082,0.0,0.031604966800023816,3.06597997151734,24.82181196648519,4,25,1218,3.725755781915495,,,
audit_sweep_ncal4,43,0.5540006890591204,0.02523639842105152,0.0,0.21205120138538525,2.3451386549566724,24.10097064992452,4,25,1247,0.9855818520052576,,,
audit_sweep_ncal4,44,0.5540219123716711,0.02528813913578698,0.0,-0.2568784653295334,3.6611978461019814,25.41702984106983,4,25,1276,2.8312015410961293,,,
audit_sweep_ncal4,45,0.5535237221657989,0.025409713482632657,0.0,0.7732034365272332,1.98399159862069,23.73982359358854,4,25,1305,4.139394730802889,,,
audit_sweep_ncal4,46,0.5538435877816116,0.025372750205257866,0.0,-0.5350443487538366,3.782729935615905,25.538561930583754,4,25,1334,4.217673548091109,,,
audit_sweep_ncal4,47,0.5542564486438382,0.024618356902650462,0.0,-0.27128672280893124,2.5127626071737206,24.26859460214157,4,25,1363,1.4838442240987688,,,
audit_sweep_ncal4,48,0.5543940177047495,0.024349814038246542,0.0,0.08859661236928196,8.666769594037818,30.422601589005666,4,25,1392,18.127511320493134,,,
audit_sweep_ncal4,49,0.5548617263733258,0.0237093018147555,0.0,-0.3325414144558809,2.6128468269277163,24.368678821895564,4,25,1421,1.7826996121475431,,,
audit_sweep_ncal4,50,0.5548393206074795,0.023718432885332374,0.0,0.23983994697232205,1.9910106795860933,23.746842674553942,4,25,1450,1.4571667820249574,,,
audit_sweep_ncal4,51,0.5548642967782471,0.02302488208699094,0.0,0.41323682347706436,1.95719040169402,23.71302239666187,4,25,1479,2.8277410320787513,,,
audit_sweep_ncal4,52,0.5544730274666629,0.023147123168791972,0.0,0.6169435512050054,0.8740009182156995,22.62983291318355,4,25,1508,3.8031058464029246,,,
audit_sweep_ncal4,53,0.5545940915327294,0.023108937992872502,0.0,0.06294265431488276,0.9857638040773806,22.74159579904523,4,25,1537,0.5386719891970627,,,
audit_sweep_ncal4,54,0.5545626127147982,0.022932885118718938,0.0,0.11540451891296356,2.118843642047237,23.874675637015088,4,25,1566,1.4949428127781885,,,
audit_sweep_ncal4,55,0.5544638169268064,0.023001004748278264,0.0,0.12815836438361614,4.978784211570346,26.734616206538195,4,25,1595,5.4437022640891595,,,
audit_sweep_ncal4,56,0.5537382803037029,0.023900768778770565,0.0,0.5126413586642624,1.9206148495169801,23.67644684448483,4,25,1624,2.729948505439753,,,
audit_sweep_ncal4,57,0.5538746004804065,0.023648864986813067,0.0,0.03266878376757786,3.8583487900219944,25.614180784989845,4,25,1653,4.0386492503095885,,,
audit_sweep_ncal4,58,0.5542794972075827,0.02318146067541549,0.0,-0.29067564901109355,4.038436843249234,25.794268838217082,4,25,1682,4.013388318032045,,,
audit_sweep_ncal4,59,0.5543933687543893,0.02306449793848575,0.0,0.013804757768440371,1.9724422339693974,23.728274228937245,4,25,1711,1.2628593084029118,,,
audit_sweep_ncal4,60,0.5533628899243691,0.02468979677183114,0.0,0.6346087426816657,2.1646557387838814,23.92048773375173,4,25,1740,4.7296161479226875,,,
audit_sweep_ncal4,61,0.5536918668299106,0.024213463656978185,0.0,-0.11526595010905356,3.827258578061224,25.58309057302907,4,25,1769,2.42669381524296,,,
audit_sweep_ncal4,62,0.5548689569900631,0.022457699527133612,0.0,-0.5777546376638949,3.834856937090339,25.59068893205819,4,25,1798,3.5118284577978987,,,
audit_sweep_ncal4,63,0.5547289422105615,0.022899860231550884,0.0,0.1815777682427164,5.00433198107651,26.76016397604436,4,25,1827,7.140806995927046,,,
audit_sweep_ncal4,64,0.5547417534248849,0.0228428879200967,0.0,-0.002164283674214852,1.9955757785700265,23.751407773537874,4,25,1856,1.1255955082036884,,,
audit_sweep_ncal4,65,0.5526491966640119,0.026401933604442984,0.0,1.0228326016273912,2.3029472282741104,24.05877922324196,4,25,1885,7.711465125628836,,,
audit_sweep_ncal4,66,0.5538090656844967,0.02424698440551576,0.0,-0.3292436342108903,2.211581862492126,23.967413857459974,4,25,1914,1.588278258688969,,,
audit_sweep_ncal4,67,0.5546649038385022,0.022846160675325966,0.0,-0.37088639210517566,1.8718478972959847,23.627679892263835,4,25,1943,3.9989185503386557,,,
audit_sweep_ncal4,68,0.5551534163079892,0.022387969586444734,0.0,-0.3332866114172269,5.211767895489,26.96759989045685,4,25,1972,5.942667426511825,,,
audit_sweep_ncal4,69,0.5552925273654258,0.022086671097572674,0.0,0.04220111754212376,3.4031801595851667,25.159012154553015,4,25,2001,3.6089108627855864,,,
audit_sweep_ncal4,70,0.5554275322878989,0.021722432415285597,0.0,-0.04658870356645447,2.1748883445338834,23.930720339501732,4,25,2030,1.326923561728484,,,
audit_sweep_ncal4,71,0.5557377586449431,0.021293026622093758,0.0,-0.09851116683933217,5.4583711965416395,27.21420319150949,4,25,2059,6.5789704302383285,,,
audit_sweep_ncal4,72,0.5559865300856347,0.02063263592752873,0.0,-0.08550021574181374,3.5976043981075083,25.353436393075356,4,25,2088,3.402902195589173,,,
audit_sweep_ncal4,73,0.5555924789349571,0.02109766336397123,0.0,0.3696147314550523,4.092454265526409,25.84828626049426,4,25,2117,1.9054567623871994,,,
audit_sweep_ncal4,74,0.5550562423785417,0.021954256474047695,0.0,0.3608346705361056,4.134764750835568,25.890596745803418,4,25,2146,5.3654730682082175,,,
audit_sweep_ncal4,75,0.5553229220701488,0.02154041623534253,0.0,-0.13307751798917006,5.087496249731872,26.84332824469972,4,25,2175,6.832403603067621,,,
audit_sweep_ncal4,76,0.5528334589022306,0.02591967212132018,0.0,1.028883514655339,3.558643497859503,25.314475492827352,4,25,2204,9.41903706404879,,,
audit_sweep_ncal4,77,0.5529278092322132,0.02577994975310771,0.0,-0.028397590409493453,2.3916932659481813,24.14752526091603,4,25,2233,1.537099220773798,,,
audit_sweep_ncal4,78,0.5544009796428908,0.02338810337452424,0.0,-0.5727577174478021,3.7181595334158635,25.473991528383714,4,25,2262,10.696603591610046,,,
audit_sweep_ncal4,79,0.5539579342073823,0.024207134135019515,0.0,0.25466487945296423,2.0410093923865276,23.796841387354377,4,25,2291,1.1936743472146136,,,
audit_sweep_ncal4,80,0.5538714618618641,0.024180885901847082,0.0,0.11876236614559495,2.200867702019193,23.95669969698704,4,25,2320,0.9764965305448285,,,
audit_sweep_ncal4,81,0.5545524058329767,0.0232684244280299,0.0,-0.3261109082269063,3.377916612830576,25.133748607798424,4,25,2349,3.924322388262293,,,
audit_sweep_ncal4,82,0.5549507123287167,0.022800222836940942,0.0,-0.11874690441127647,2.1922702374728193,23.948102232440668,4,25,2378,1.686339962286605,,,
audit_sweep_ncal4,83,0.5547987873027044,0.022930935343734915,0.0,0.05920251330452857,2.0606360378454966,23.816468032813347,4,25,2407,1.2669578951915872,,,
audit_sweep_ncal4,84,0.5544890606697354,0.023452061413143155,0.0,0.17641705187977405,5.037149556766052,26.792981551733902,4,25,2436,6.767907796569018,,,
audit_sweep_ncal4,85,0.5536894669010235,0.024906531934999032,0.0,0.2675049782369826,8.489093286250148,30.244925281217995,4,25,2465,16.402666536493182,,,
audit_sweep_ncal4,86,0.5537647812159913,0.024683884836815495,0.0,-0.05877485753053482,1.9714103124619557,23.727242307429805,4,25,2494,1.2461670423190896,,,
audit_sweep_ncal4,87,0.5539060748817769,0.02450485022084492,0.0,-0.06397378687025759,2.2886435596343304,24.04447555460218,4,25,2523,1.391115293898579,,,
audit_sweep_ncal4,88,0.5537032124514912,0.024981368721194608,0.0,0.10911318677382865,3.5403780609634237,25.296210055931272,4,25,2552,3.291027035117181,,,
audit_sweep_ncal4,89,0.5536156508800842,0.025030623750316727,0.0,0.048354192035052215,3.78866970887509,25.54450170384294,4,25,2581,3.8484530596483317,,,
audit_sweep_ncal4,90,0.5530615944286431,0.026088764513041318,0.0,0.22799173321765545,3.6628022395494306,25.41863423451728,4,25,2610,4.120981652552469,,,
audit_sweep_ncal4,91,0.5532402530815024,0.02571201547228663,0.0,-0.05217933346452778,3.47119647553547,25.22702847050332,4,25,2639,3.4258277388386458,,,
audit_sweep_ncal4,92,0.553256491206273,0.02579007909501163,0.0,0.004883701189307503,2.0709429833693815,23.82677497833723,4,25,2668,1.3816479330567073,,,
audit_sweep_ncal4,93,0.5529081879834594,0.026441520633050164,0.0,0.18515433134072148,7.366084255441596,29.121916250409445,4,25,2697,12.657865780009208,,,
audit_sweep_ncal4,94,0.5529158452859357,0.02635443703490903,0.0,0.049196117861739254,3.5745353842065954,25.330367379174444,4,25,2726,3.902535897462506,,,
audit_sweep_ncal4,95,0.5539200458948602,0.02450796017266088,0.0,-0.36128208645781656,2.344813962380526,24.100645957348377,4,25,2755,3.4973528254366117,,,
audit_sweep_ncal4,96,0.5538295630633258,0.024572738067392463,0.0,0.046357311354602734,2.338787322213593,24.094619317181444,4,25,2784,1.3389338395750146,,,
audit_sweep_ncal4,97,0.5537020904965412,0.024600284912175363,0.0,0.06684005027316962,2.1919600951765448,23.947792090144393,4,25,2813,1.2737285339310096,,,
audit_sweep_ncal4,98,0.5540910650276837,0.023754261592417447,0.0,-0.11269800394158452,2.1800429330766544,23.935874928044505,4,25,2842,1.12095435091285,,,
audit_sweep_ncal4,99,0.5527979888532422,0.02622971417231379,0.0,0.4614924297986383,3.7471226325438556,25.502954627511706,4,25,2871,3.22946668459495,,,
audit_sweep_ncal4,100,0.5513270838076824,0.029348113753590144,0.0,0.42947833956604176,2.124397333645365,23.880229328613215,4,25,2900,2.2256015510259832,,,
audit_sweep_ncal4,101,0.5514676231529874,0.029339937919543035,0.0,-0.07112361459454668,2.1868921005748723,23.942724095542722,4,25,2929,1.4049108645777508,,,
audit_sweep_ncal4,102,0.5534506457271549,0.025442514508047354,0.0,-0.5750869775944178,2.6132994435648444,24.369131438532694,4,25,2958,2.333891405408213,,,
audit_sweep_ncal4,103,0.5521752760268338,0.028472440793919973,0.0,0.4255980597754841,3.0051336782698663,24.760965673237717,4,25,2987,4.706302464226784,,,
audit_sweep_ncal4,104,0.5514677990874824,0.030152511685493044,0.0,0.252392576626476,4.925826659261204,26.681658654229054,4,25,3016,6.39228083302251,,,
audit_sweep_ncal4,105,0.5511421570841551,0.030509209210208943,0.0,0.1478986209179105,2.0874248591362714,23.84325685410412,4,25,3045,1.658711927900249,,,
audit_sweep_ncal4,106,0.5530766713630431,0.02637737137350693,0.0,-0.48277486122106744,3.7819162551897185,25.537748250157566,4,25,3074,2.3204539190311233,,,
audit_sweep_ncal4,107,0.5536664309651992,0.02510517640401444,0.0,-0.1741255513342267,3.4326645050768207,25.18849650004467,4,25,3103,2.982370167584765,,,
audit_sweep_ncal4,108,0.554299332212677,0.023842942542912415,0.0,-0.23236893138748946,1.9767549489051648,23.732586943873013,4,25,3132,1.693133704848263,,,
audit_sweep_ncal4,109,0.5552867141581563,0.02187737268935941,0.0,-0.4200145691235651,2.1578369218080122,23.913668916775862,4,25,3161,1.203192103561322,,,
audit_sweep_ncal4,110,0.5559496406992462,0.020625658036178884,0.0,-0.3045019418978256,1.9638384572726344,23.719670452240482,4,25,3190,1.0651937460687133,,,
audit_sweep_ncal4,111,0.5557882436918792,0.020910123790153112,0.0,0.08540873998023056,3.9920345827610584,25.747866577728907,4,25,3219,3.236539489380112,,,
audit_sweep_ncal4,112,0.5540687311622855,0.023990295181779864,0.0,0.7160603430341734,1.9969420682136103,23.75277406318146,4,25,3248,5.718661174307182,,,
audit_sweep_ncal4,113,0.5546758557290346,0.02261929508059035,0.0,-0.10274852964486816,2.0493299897660964,23.805161984733946,4,25,3277,1.1855012081488558,,,
audit_sweep_ncal4,114,0.5540533267920665,0.023954522665893818,0.0,0.2267805910896984,3.845530381260779,25.60136237622863,4,25,3306,4.244998093973223,,,
audit_sweep_ncal4,115,0.554705796488317,0.022677989449320646,0.0,-0.18712464834126102,2.1279240284078615,23.88375602337571,4,25,3335,1.1522762832337592,,,
audit_sweep_ncal4,116,0.5525080871816966,0.027014578658978494,0.0,0.6951746791767409,2.2592517485637025,24.01508374353155,4,25,3364,2.244744401500602,,,
audit_sweep_ncal4,117,0.5505887819820878,0.0314270628208303,0.0,0.5444082216563655,2.262819389915,24.01865138488285,4,25,3393,2.428310519131721,,,
audit_sweep_ncal4,118,0.5519334004051953,0.028554463016344234,0.0,-0.2087796999332994,5.360299375226669,27.116131370194516,4,25,3422,7.958182754197649,,,
audit_sweep_ncal4,119,0.5516989918123264,0.02926676767650782,0.0,0.1085703251426991,3.652674720588413,25.408506715556264,4,25,3451,3.4108534814767513,,,
audit_sweep_ncal4,120,0.5525724214335269,0.027340587393391513,0.0,-0.16322460578040943,2.0262435378029515,23.7820755327708,4,25,3480,2.4376700666591864,,,
audit_sweep_ncal4,121,0.5530399566857509,0.026270802418624783,0.0,-0.09142464851508447,2.1296043270242864,23.885436321992135,4,25,3509,1.6600899122406647,,,
audit_sweep_ncal4,122,0.550811074465831,0.031552710533831796,0.0,0.5525554793135838,5.400926210732299,27.15675820570015,4,25,3538,10.126990929231132,,,
audit_sweep_ncal4,123,0.550466459877481,0.03234543639524612,0.0,0.11585691429267654,2.3094714269024332,24.065303421870283,4,25,3567,1.2982056867085547,,,
audit_sweep_ncal4,124,0.5541845370659628,0.024078300257377117,0.0,-0.8018703144005049,3.5309180338088852,25.286750028776734,4,25,3596,5.5541425147360455,,,
audit_sweep_ncal4,125,0.5532589607370373,0.025876381563657125,0.0,0.2796427595472731,1.8907710237498423,23.64660301871769,4,25,3625,1.5452627313950624,,,
audit_sweep_ncal4,126,0.5543686118511773,0.023700304032919117,0.0,-0.23372348731076079,1.714897606276456,23.470729601244305,4,25,3654,2.9033151889946627,,,
audit_sweep_ncal4,127,0.5550050727335806,0.022440994404777648,0.0,-0.15749336823897087,3.664542878014808,25.420374872982656,4,25,3683,3.914644573058203,,,
audit_sweep_ncal4,128,0.5544066318748224,0.02346246792761819,0.0,0.18755087869256792,3.790011601096314,25.545843596064163,4,25,3712,3.698985621413499,,,
audit_sweep_ncal4,129,0.5572709494104163,0.018015092440063274,0.0,-0.8454902658692381,3.3618120942710568,25.117644089238905,4,25,3741,3.634390011402935,,,
audit_sweep_ncal4,130,0.5579959664118403,0.016716203381452077,0.0,-0.2028898490303123,2.62043058272379,24.37626257769164,4,25,3770,1.4980702479113988,,,
audit_sweep_ncal4,131,0.5572797109941786,0.01796137196780645,0.0,0.19856342164661875,2.0427530193654535,23.7985850143333,4,25,3799,1.4909636899471703,,,
audit_sweep_ncal4,132,0.5572206789494598,0.017985039109594037,0.0,0.056115469847568746,4.084006667943926,25.839838662911774,4,25,3828,3.755966798724854,,,
audit_sweep_ncal4,133,0.5565878559746594,0.01909567535989598,0.0,0.20436980424780893,3.8456199160791225,25.601451911046972,4,25,3857,3.4992250589254206,,,
audit_sweep_ncal4,134,0.5565029197274021,0.01915948471901896,0.0,0.06165360114423344,1.8856919482424324,23.64152394321028,4,25,3886,0.9548404067735706,,,
audit_sweep_ncal4,135,0.5558254739727962,0.020645709907622378,0.0,0.20452669513256244,5.560095271330192,27.31592726629804,4,25,3915,7.98944216016001,,,
audit_sweep_ncal4,136,0.5572117899156959,0.017947205402306432,0.0,-0.42170469245312314,1.9434398327473912,23.69927182771524,4,25,3944,1.808266693741094,,,
audit_sweep_ncal4,137,0.557237976874098,0.017763476357508412,0.0,0.03825039344477867,2.4125452204288216,24.16837721539667,4,25,3973,1.0018392898434985,,,
audit_sweep_ncal4,138,0.5558648247745547,0.020412820906701823,0.0,0.3713069615800746,3.8220773899722382,25.57790938494009,4,25,4002,5.369834958677971,,,
audit_sweep_ncal4,139,0.5557685727061474,0.0205573275762565,0.0,0.05095196437057259,1.9300400143403555,23.685872009308206,4,25,4031,1.0344665729288756,,,
audit_sweep_ncal4,140,0.5562364274324217,0.01958354247906524,0.0,-0.0801102778983859,3.579735410812521,25.33556740578037,4,25,4060,3.9488904485830316,,,
audit_sweep_ncal4,141,0.5547886118824835,0.02282994820892681,0.0,0.3655515321115335,2.793325013226379,24.54915700819423,4,25,4089,2.3962609121047396,,,
audit_sweep_ncal4,142,0.5555135667983214,0.021253218743638502,0.0,-0.14821253758696226,3.6481082230068003,25.40394021797465,4,25,4118,4.151853825111933,,,
audit_sweep_ncal4,143,0.5491176213180109,0.03639636525198375,0.0,1.4752610910116033,3.9983286235250493,25.754160618492897,4,25,4147,17.19152560982007,,,
audit_sweep_ncal4,144,0.5502789783715615,0.033329065081414866,0.0,-0.18312290360294317,4.013575394298554,25.769407389266405,4,25,4176,2.50625371010518,,,
audit_sweep_ncal4,145,0.5492176872010146,0.036132921833303855,0.0,0.2385365814846149,3.218009203477242,24.97384119844509,4,25,4205,2.653017169048482,,,
audit_sweep_ncal4,146,0.54700650526997,0.042426459046060794,0.0,0.516931930445371,2.571769749645166,24.327601744613016,4,25,4234,2.9504077151072905,,,
audit_sweep_ncal4,147,0.5492873331851882,0.036215405451319294,0.0,-0.42115687623093606,2.6113852862273044,24.367217281195153,4,25,4263,1.6809926571840563,,,
audit_sweep_ncal4,148,0.5472237307913046,0.042097401327791495,0.0,0.4135946238553769,4.194545751031832,25.95037774599968,4,25,4292,5.344409415087685,,,
audit_sweep_ncal4,149,0.5492879002694213,0.036469896875255814,0.0,-0.35694429110821063,2.0586002101933003,23.81443220516115,4,25,4321,1.4365720520653924,,,
audit_sweep_ncal4,150,0.5470568787711024,0.042869541513178566,0.0,0.49064863960235217,3.179748238452219,24.93558023342007,4,25,4350,6.098611222183386,,,
audit_sweep_ncal4,151,0.5450901540355784,0.04896171912140512,0.0,0.4198740508828139,2.0879371797559028,23.843769174723754,4,25,4379,2.1864643507142767,,,
audit_sweep_ncal4,152,0.5433854987698111,0.05463066057958499,0.0,0.4017750911575264,4.99817625996152,26.754008254929367,4,25,4408,3.023827218288819,,,
audit_sweep_ncal4,153,0.5414714172682863,0.06193488156489335,0.0,0.4685142478409349,4.325448107384584,26.081280102352434,4,25,4437,3.3748111968098655,,,
audit_sweep_ncal4,154,0.5410740748123107,0.06351033084239044,0.0,0.17007267584885843,4.387651320309704,26.143483315277553,4,25,4466,2.714518624735388,,,
audit_sweep_ncal4,155,0.5417769766808042,0.06083246911083162,0.0,-0.11776204733238928,4.324701043356211,26.08053303832406,4,25,4495,3.6873640565274846,,,
audit_sweep_ncal4,156,0.5426457386691357,0.05792975617013407,0.0,-0.15578311351355803,2.773016486368773,24.528848481336624,4,25,4524,1.324547088388079,,,
audit_sweep_ncal4,157,0.5451047917807899,0.04946605997044873,0.0,-0.4954264796232769,2.6181317581262586,24.37396375309411,4,25,4553,5.564828667763115,,,
audit_sweep_ncal4,158,0.5458530918085034,0.047126453277442915,0.0,-0.1923524176529925,2.56759032994617,24.32342232491402,4,25,4582,1.5440295434440385,,,
audit_sweep_ncal4,159,0.5447582118046603,0.05073633920849663,0.0,0.20546117719085094,1.9652711730846155,23.721103168052466,4,25,4611,1.7006923990278702,,,
audit_sweep_ncal4,160,0.5444772704990181,0.051537516406009676,0.0,0.10675011229957608,2.3300438242396333,24.085875819207484,4,25,4640,0.8150209964415803,,,
audit_sweep_ncal4,161,0.5430339106135749,0.05680433339398472,0.0,0.335444778524105,4.51554674116983,26.271378736137677,4,25,4669,5.290828643349933,,,
audit_sweep_ncal4,162,0.5433127532289583,0.05597343241718278,0.0,-0.010496203571051849,4.128636214629154,25.884468209597003,4,25,4698,3.2549644936664355,,,
audit_sweep_ncal4,163,0.5429038813309249,0.05745362743278548,0.0,0.09243082672429488,2.7948958637404133,24.550727858708264,4,25,4727,0.6796751738285648,,,
audit_sweep_ncal4,164,0.5420549700128948,0.06077043400210569,0.0,0.20036085963479974,4.143471601336777,25.899303596304627,4,25,4756,3.09132134327718,,,
audit_sweep_ncal4,165,0.5414884198942564,0.06315973288343757,0.0,0.2133712129225567,6.522939697009668,28.278771691977518,4,25,4785,11.232069088459168,,,
audit_sweep_ncal4,166,0.5416928260776598,0.06258408611820598,0.0,0.01333175456297567,3.3915287850149056,25.147360779982755,4,25,4814,3.4385695120865285,,,
audit_sweep_ncal4,167,0.5391431195910859,0.07528754533352755,0.0,0.777454268561762,4.470427326289243,26.226259321257093,4,25,4843,6.226316044723326,,,
audit_sweep_ncal4,168,0.5405900687947889,0.06790823812180224,0.0,-0.41339643273961385,3.0635169889345097,24.81934898390236,4,25,4872,1.0991448272474893,,,
audit_sweep_ncal4,169,0.5400430886143524,0.07018493098298917,0.0,0.15457918904453968,4.299143577140746,26.054975572108596,4,25,4901,3.3955885291505292,,,
audit_sweep_ncal4,170,0.5402420989775844,0.06949715748143037,0.0,-0.016645681012860757,3.5953121243210275,25.351144119288875,4,25,4930,3.4535144679215093,,,
audit_sweep_ncal4,171,0.5396782290790979,0.07198978322989547,0.0,0.18047118354459746,2.8750662536703646,24.630898248638214,4,25,4959,1.2684752073948145,,,
audit_sweep_ncal4,172,0.5389050480506526,0.0757405381364391,0.0,0.2820457336296325,3.1406238529165846,24.896455847884432,4,25,4988,1.9811671427635493,,,
audit_sweep_ncal4,173,0.5387072009500585,0.07698727046949683,0.0,0.16399563094217423,1.8483980633714756,23.604230058339326,4,25,5017,1.1496699513145057,,,
audit_sweep_ncal4,174,0.5393831950155593,0.07341845182477169,0.0,-0.24356543479525844,3.321146074740513,25.07697806970836,4,25,5046,3.824342617435728,,,
audit_sweep_ncal4,175,0.5373262048090939,0.08563720343033498,0.0,0.8587299897579325,1.9083716698555562,23.664203664823404,4,25,5075,5.001248924484535,,,
audit_sweep_ncal4,176,0.5379412477392761,0.08131209829981378,0.0,-0.2619247041830193,3.084154164539448,24.839986159507298,4,25,5104,2.7922496563660184,,,
audit_sweep_ncal4,177,0.5414478227351976,0.06384422784805854,0.0,-1.0948967995080847,1.7515176043033005,23.50734959927115,4,25,5133,12.47333828282837,,,
audit_sweep_ncal4,178,0.5412433584986408,0.06488575216624215,0.0,0.1459463934344943,1.3225756141302094,23.078407609098058,4,25,5162,0.6374926388028951,,,
audit_sweep_ncal4,179,0.5403150511146496,0.06912841643285794,0.0,0.2774815580725376,4.346079425020271,26.10191141998812,4,25,5191,3.1312188664814027,,,
audit_sweep_ncal4,180,0.5399508561248217,0.07095488361797697,0.0,0.10039573110856398,6.292228284222477,28.048060279190327,4,25,5220,6.9509787072471845,,,
audit_sweep_ncal4,181,0.538187818592965,0.08059170700259355,0.0,0.6083751176219561,2.867558710524796,24.623390705492646,4,25,5249,4.459898092134244,,,
audit_sweep_ncal4,182,0.5379454277506484,0.08211417892811268,0.0,0.15162287327575433,4.709066345060782,26.464898340028633,4,25,5278,4.321301555646609,,,
audit_sweep_ncal4,183,0.5375406476892015,0.08527872907203227,0.0,0.19499937812469112,3.101141826466051,24.8569738214339,4,25,5307,1.414523342448083,,,
audit_sweep_ncal4,184,0.5371888506260649,0.08764154432726845,0.0,0.20927200679094035,3.0481814215293204,24.80401341649717,4,25,5336,1.3792648592298553,,,
audit_sweep_ncal4,185,0.5371061194862925,0.08802106884504746,0.0,0.07056646471483032,6.362941880086356,28.118773875054206,4,25,5365,6.355445805667092,,,
audit_sweep_ncal4,186,0.53794687593808,0.08231676281398592,0.0,-0.3808751967014099,1.8702245936622932,23.626056588630142,4,25,5394,1.336867190676523,,,
audit_sweep_ncal4,187,0.5372025971753922,0.08773466766950233,0.0,0.3411186327966738,4.7671949953061805,26.52302699027403,4,25,5423,3.6229310263392063,,,
audit_sweep_ncal4,188,0.5365670950780819,0.09264769357070546,0.0,0.41384585245409855,4.683065359070546,26.438897354038396,4,25,5452,3.232869815491237,,,
audit_sweep_ncal4,189,0.537069025693334,0.0886297203594445,0.0,-0.2182886440614402,1.8175375915536471,23.573369586521498,4,25,5481,1.261242738248441,,,
audit_sweep_ncal4,190,0.5371435462607517,0.08811724513523977,0.0,-0.030016542518221227,1.6536336675730499,23.4094656625409,4,25,5510,1.271016391090695,,,
audit_sweep_ncal4,191,0.5362578358070497,0.09572184116318216,0.0,0.5670192753816642,3.125114056630676,24.880946051598524,4,25,5539,4.076277941836431,,,
audit_sweep_ncal4,192,0.5364438611766085,0.09328218908446717,0.0,-0.14908756664801304,1.8000537420719294,23.55588573703978,4,25,5568,1.2695284074371491,,,
audit_sweep_ncal4,193,0.5364605755113857,0.09331655791753779,0.0,-0.06637578548117468,4.698850468935605,26.454682463903453,4,25,5597,3.20721446030007,,,
audit_sweep_ncal4,194,0.5364753786275014,0.09339402891574455,0.0,0.04461763548656953,5.080012846350833,26.835844841318682,4,25,5626,7.233450848442373,,,
audit_sweep_ncal4,195,0.5361794023797172,0.0963460015690778,0.0,0.259398744092536,4.698692418316886,26.454524413284737,4,25,5655,2.8308900773738968,,,
audit_sweep_ncal4,196,0.5361821733209847,0.09547386692314341,0.0,-0.00931042879367472,1.8490054669542708,23.60483746192212,4,25,5684,1.405884766452634,,,
audit_sweep_ncal4,197,0.535489993566708,0.10459126016274306,0.0,0.7826680833473736,1.8312896613820704,23.587121656349918,4,25,5713,4.507649870208407,,,
audit_sweep_ncal4,198,0.5356948260621441,0.10195329559768262,0.0,-0.14626392193045828,3.2197978600759565,24.975629855043806,4,25,5742,1.3155292678659127,,,
audit_sweep_ncal4,199,0.5355322916236578,0.10446974413220911,0.0,0.19487669170797986,3.2439257047368066,24.999757699704656,4,25,5771,1.7819627506629583,,,
audit_sweep_ncal4,200,0.5354476153837763,0.10589018143953705,0.0,0.14745869106903373,4.820844678724608,26.576676673692457,4,25,5800,3.1341296713317695,,,
audit_sweep_ncal4,201,0.5357414250268647,0.10189194545941616,0.0,-0.25539604648702324,3.3332024647666936,25.089034459734542,4,25,5829,3.550893692572499,,,
audit_sweep_ncal4,202,0.535639325997382,0.10313192445887631,0.0,0.14482922554450361,3.254798332078653,25.010630327046503,4,25,5858,1.4246560475039791,,,
audit_sweep_ncal4,203,0.5358309016502241,0.10093344970054019,0.0,-0.1528079104275155,4.884574217159703,26.64040621212755,4,25,5887,3.035626674791377,,,
audit_sweep_ncal4,204,0.5356268480134379,0.10328053903942125,0.0,0.27247901943372316,3.5399148065302217,25.29574680149807,4,25,5916,6.8752401085003045,,,
audit_sweep_ncal4,205,0.5352839452303,0.10842718056293532,0.0,0.4353666915204438,3.2244818440339866,24.980313839001838,4,25,5945,2.6709108013157183,,,
audit_sweep_ncal4,206,0.5349845385649088,0.11473584221098815,0.0,0.5286892537996236,5.009626136767165,26.765458131735013,4,25,5974,10.300699287718173,,,
audit_sweep_ncal4,207,0.535110002762774,0.11125407467265336,0.0,-0.2605328791390324,3.3125978800942546,25.068429875062105,4,25,6003,1.4644902397479929,,,
audit_sweep_ncal4,208,0.5351255393066697,0.1114761167883826,0.0,0.06434025305602087,6.403549650889259,28.15938164585711,4,25,6032,6.723273876590468,,,
audit_sweep_ncal4,209,0.5352363876866976,0.1087190584113304,0.0,-0.14112464159858631,4.864852699095611,26.62068469406346,4,25,6061,2.7302301075988638,,,
audit_sweep_ncal4,210,0.5349674838553395,0.11420048001816463,0.0,0.47059457001529875,1.7552159943721972,23.511047989340046,4,25,6090,1.5581057751114904,,,
audit_sweep_ncal4,211,0.5349568701744724,0.11369120887481815,0.0,0.04082389580530625,3.3575919762738353,25.113423971241684,4,25,6119,2.8796827522570276,,,
audit_sweep_ncal4,212,0.5351057161404219,0.1115091005024243,0.0,-0.1433390110562488,3.032770738642182,24.78860273361003,4,25,6148,2.0324546952689517,,,
audit_sweep_ncal4,213,0.5350640492460154,0.11330026911771118,0.0,0.19545651876577622,4.985741659587809,26.74157365455566,4,25,6177,7.8029536794050145,,,
audit_sweep_ncal4,214,0.5353116279953335,0.10835505456322092,0.0,-0.3822513570866927,4.962447811168141,26.71827980613599,4,25,6206,6.13518917223861,,,
audit_sweep_ncal4,215,0.5351590614112991,0.11151595793941871,0.0,0.30943436143983727,3.3142879101551417,25.07011990512299,4,25,6235,1.9872413156051636,,,
audit_sweep_ncal4,216,0.5352943309104721,0.10926343538631766,0.0,-0.21185317074111262,3.3476717266260065,25.103503721593857,4,25,6264,1.3966841773284246,,,
audit_sweep_ncal4,217,0.5352172976639105,0.11043251009824279,0.0,0.11996270292892677,3.3303700903910207,25.08620208535887,4,25,6293,1.403357836358779,,,
audit_sweep_ncal4,218,0.5349871457142418,0.11554038440411324,0.0,0.47383278287363056,3.3196226102772015,25.07545460524505,4,25,6322,3.005137568356961,,,
audit_sweep_ncal4,219,0.5348893053977792,0.11878712310409062,0.0,0.30448415504928555,4.908858518812365,26.664690513780215,4,25,6351,4.583277486937928,,,
audit_sweep_ncal4,220,0.5350650484569436,0.1138157496703106,0.0,-0.36281466806182266,1.7706629581773297,23.52649495314518,4,25,6380,1.5015199762462275,,,
audit_sweep_ncal4,221,0.5349330994779725,0.11765080695729074,0.0,0.34935375103662364,4.887107996966142,26.642939991933993,4,25,6409,4.641592645381771,,,
audit_sweep_ncal4,222,0.5349120934315371,0.11799843190356507,0.0,0.11092757215364715,3.319667367280526,25.075499362248376,4,25,6438,1.2106308266151178,,,
audit_sweep_ncal4,223,0.5349919506475755,0.11568671249624313,0.0,-0.1399381755896703,3.3323578682143813,25.08818986318223,4,25,6467,1.209571512916105,,,
audit_sweep_ncal4,224,0.5353466046372872,0.10846726258642708,0.0,-0.5919743119286522,1.8843860556469798,23.64021805061483,4,25,6496,2.827510257715464,,,
audit_sweep_ncal4,225,0.5354387836859417,0.10642877275957374,0.0,-0.13641111835258654,3.0513537336436083,24.807185728611458,4,25,6525,2.0601494131537734,,,
audit_sweep_ncal4,226,0.5357079419802377,0.10309695431092003,0.0,-0.275629012981669,4.737089175526858,26.492921170494707,4,25,6554,3.9855775219233025,,,
audit_sweep_ncal4,227,0.5355976641907133,0.10481556678334092,0.0,0.15290024427280885,4.683710122896326,26.439542117864175,4,25,6583,3.2370068599214825,,,
audit_sweep_ncal4,228,0.5358007114730607,0.1019974148625935,0.0,-0.21220130078739094,2.9930903261786113,24.74892232114646,4,25,6612,2.409175580271325,,,
audit_sweep_ncal4,229,0.5359097861274214,0.10060483917871399,0.0,-0.12806506011581595,3.279100475722395,25.034932470690244,4,25,6641,0.7484378942184483,,,
audit_sweep_ncal4,230,0.535342266584798,0.10944625670715369,0.0,0.7724531610924467,4.836394943620585,26.592226938588432,4,25,6670,6.373736931970194,,,
audit_sweep_ncal4,231,0.5353004011488386,0.11059186896496787,0.0,0.09857761967542615,4.925313848293211,26.68114584326106,4,25,6699,3.6818015414037757,,,
audit_sweep_ncal4,232,0.5353155194367317,0.11122064706827056,0.0,0.10450417948815723,4.942177601525742,26.69800959649359,4,25,6728,3.722681773222177,,,
audit_sweep_ncal4,233,0.535104034491755,0.1167182564548534,0.0,0.46975899884672584,6.4888348448692295,28.24466683983708,4,25,6757,6.663844808909608,,,
audit_sweep_ncal4,234,0.5350769149727588,0.11617862103662252,0.0,0.04882552835907836,4.993898017645957,26.749730012613806,4,25,6786,7.273435828151896,,,
audit_sweep_ncal4,235,0.5352776912627781,0.11154292315212755,0.0,-0.33436817919654915,4.889880953427289,26.645712948395136,4,25,6815,3.434997799701443,,,
audit_sweep_ncal4,236,0.5352944544952507,0.11024784334408244,0.0,0.005526655321858533,3.240465290179652,24.996297285147502,4,25,6844,1.2211967991362787,,,
audit_sweep_ncal4,237,0.5353928723349428,0.10890242771842779,0.0,-0.06478965946220167,1.8277477963187947,23.583579791286645,4,25,6873,1.0065342431698479,,,
audit_sweep_ncal4,238,0.5354806263183389,0.10758519349267937,0.0,-0.09754279703472206,1.7918672427427775,23.547699237710628,4,25,6902,1.2508118886441408,,,
audit_sweep_ncal4,239,0.535297202716096,0.11122602633492651,0.0,0.3511936686965746,4.874105223463798,26.629937218431646,4,25,6931,4.678842928543797,,,
audit_sweep_ncal4,240,0.5353103709672967,0.11102916442314559,0.0,0.07629382743370022,3.350228261222193,25.10606025619004,4,25,6960,1.3403912853722102,,,
audit_sweep_ncal4,241,0.5355820921329972,0.10592008006743464,0.0,-0.32773831829329925,4.870268512280726,26.626100507248573,4,25,6989,3.76440463999279,,,
audit_sweep_ncal4,242,0.5353418616686324,0.10925607793867725,0.0,0.31274640717537877,4.872396055331319,26.628228050299168,4,25,7018,5.715087175913296,,,
audit_sweep_ncal4,243,0.5350792631475413,0.11499563432443649,0.0,0.5077363220161749,4.905829224984499,26.66166121995235,4,25,7047,4.569156654694797,,,
audit_sweep_ncal4,244,0.5349800078498973,0.11830324095880634,0.0,0.32951350098377036,3.4502162128528253,25.206048207820675,4,25,7076,5.196567456930544,,,
audit_sweep_ncal4,245,0.5350026120185661,0.11775910017958247,0.0,0.025177377918156114,1.7539556353525558,23.509787630320403,4,25,7105,1.2933711292062746,,,
audit_sweep_ncal4,246,0.5350230005128388,0.11750608783884914,0.0,-0.012859526673865017,6.413385942489603,28.169217937457454,4,25,7134,7.005046066459925,,,
audit_sweep_ncal4,247,0.5349713977453426,0.1198772016330546,0.0,0.21660135804205272,6.512631679209859,28.26846367417771,4,25,7163,7.627716619684853,,,
audit_sweep_ncal4,248,0.5350653794428719,0.1175561464666271,0.0,-0.1690743391990898,4.62584321837631,26.38167521334416,4,25,7192,5.25109858049799,,,
audit_sweep_ncal4,249,0.5350706836213173,0.1177653526874265,0.0,0.01019849296833138,1.780978651503988,23.53681064647184,4,25,7221,1.1980669487456588,,,
audit_sweep_ncal4,250,0.5351349606811661,0.11692225150915497,0.0,-0.03885567496982841,3.4511502266281577,25.206982221596007,4,25,7250,3.0767119861109777,,,
audit_sweep_ncal4,251,0.5351410676339868,0.1180434605236575,0.0,0.11224448741480887,5.0197620762664865,26.775594071234337,4,25,7279,7.171928773790189,,,
audit_sweep_ncal4,252,0.5356017023791111,0.10864381825337005,0.0,-0.7873774019140786,3.058462603214616,24.814294598182464,4,25,7308,9.355873306214576,,,
audit_sweep_ncal4,253,0.5355202233245094,0.11051704522134409,0.0,0.1262840867833858,4.593609041657468,26.34944103662532,4,25,7337,2.0180564143305464,,,
audit_sweep_ncal4,254,0.5355975069157364,0.10924382171872749,0.0,-0.08103130722846884,4.599929889790386,26.355761884758234,4,25,7366,4.049319388341222,,,
audit_sweep_ncal4,255,0.5358237983478296,0.10518295455326832,0.0,-0.3092401972466009,3.0100209816369405,24.76585297660479,4,25,7395,3.3662866802968208,,,
audit_sweep_ncal4,256,0.536114061357859,0.10172739501999906,0.0,-0.20884523869760294,3.238955809283009,24.99478780425086,4,25,7424,3.7104658629512186,,,
audit_sweep_ncal4,257,0.5359740382451113,0.10317686045655194,0.0,0.17210732814544302,3.012376012712928,24.768208007680776,4,25,7453,4.1432078785142625,,,
audit_sweep_ncal4,258,0.5365895970238134,0.09659410545753822,0.0,-0.5514815736618671,3.0137391449710798,24.76957113993893,4,25,7482,5.582372168480518,,,
audit_sweep_ncal4,259,0.5360632478686211,0.10274906716847632,0.0,0.49482973062683105,6.24392027476681,27.99975226973466,4,25,7511,5.389511458497888,,,
audit_sweep_ncal4,260,0.536119033647647,0.10207372083039212,0.0,-0.04298118886607892,3.2834613834178707,25.03929337838572,4,25,7540,1.1321705573525849,,,
audit_sweep_ncal4,261,0.5366848787964118,0.0967166797100002,0.0,-0.4303797472241298,3.228326872649455,24.984158867617303,4,25,7569,1.2897621821340377,,,
audit_sweep_ncal4,262,0.5365660546450737,0.09803287199187494,0.0,0.19966721045101748,4.649795927500907,26.405627922468756,4,25,7598,2.5086774552241344,,,
audit_sweep_ncal4,263,0.5368464768479259,0.09504642059068236,0.0,-0.2465412482627942,4.786020325055883,26.541852320023732,4,25,7627,4.173620845545209,,,
audit_sweep_ncal4,264,0.5373855230846086,0.09066693042270868,0.0,-0.2650639905624428,1.8269067243206707,23.58273871928852,4,25,7656,1.2271523264318676,,,
audit_sweep_ncal4,265,0.5377777501506665,0.0876098939347052,0.0,-0.1333546822196887,3.20566238856918,24.96149438353703,4,25,7685,1.3683539871416568,,,
audit_sweep_ncal4,266,0.536587788682266,0.09722142047303683,0.0,0.8200023797777276,4.685466467878373,26.441298462846223,4,25,7714,6.052482838710273,,,
audit_sweep_ncal4,267,0.5361354981772912,0.10225463726894912,0.0,0.4117010101053889,4.5078459415266,26.26367793649445,4,25,7743,2.365188335412269,,,
audit_sweep_ncal4,268,0.5359076112216604,0.10516768073198413,0.0,0.28707738755191026,6.32921414811275,28.0850461430806,4,25,7772,5.601803544294057,,,
audit_sweep_ncal4,269,0.536154617237328,0.10236560807129524,0.0,-0.2570031645655362,1.8246902621458743,23.580522257113724,4,25,7801,2.807232561327562,,,
audit_sweep_ncal4,270,0.5359466694547333,0.10521687337778252,0.0,0.2824313742396774,2.992790386051867,24.748622381019715,4,25,7830,0.5983285791237328,,,
audit_sweep_ncal4,271,0.5361311517922266,0.10300443800221148,0.0,-0.14005830576211878,6.367530955924637,28.123362950892485,4,25,7859,7.1134284895009445,,,
audit_sweep_ncal4,272,0.5359429869570668,0.10566791046979562,0.0,0.23341970979971904,3.350520242814259,25.106352237782108,4,25,7888,3.0274395092835125,,,
audit_sweep_ncal4,273,0.5361044124167251,0.1036407681326752,0.0,-0.11833188951693542,9.753187206477461,31.509019201445312,4,25,7917,17.72068929042912,,,
audit_sweep_ncal4,274,0.536472787752434,0.09944676599597846,0.0,-0.2904395133154282,1.7662004359786438,23.522032430946492,4,25,7946,1.2045503533205675,,,
audit_sweep_ncal4,275,0.5371148605272903,0.09359154989820395,0.0,-0.43947135828963574,6.3829335708573405,28.13876556582519,4,25,7975,8.903598562984826,,,
audit_sweep_ncal4,276,0.5368500597115172,0.09591061130246537,0.0,0.23636705221559576,3.516291525562236,25.272123520530084,4,25,8004,4.678187740418632,,,
audit_sweep_ncal4,277,0.5373219819379939,0.09215259531687459,0.0,-0.2523978739096755,4.691498327673188,26.447330322641037,4,25,8033,4.406760168607666,,,
audit_sweep_ncal4,278,0.5381485438640505,0.08660327511725718,0.0,-0.37345685311600346,4.825760125842374,26.58159212081022,4,25,8062,2.629664800496912,,,
audit_sweep_ncal4,279,0.5385208587261126,0.08443603803607891,0.0,-0.110381729744796,6.40258781529231,28.15841981026016,4,25,8091,6.141444482151893,,,
audit_sweep_ncal4,280,0.5389295582839461,0.08186572267190206,0.0,-0.13961742611032202,6.30385922904207,28.059691224009917,4,25,8120,6.907312363480447,,,
audit_sweep_ncal4,281,0.539600424865594,0.07775610626443563,0.0,-0.274591046846462,3.1429987541909292,24.89883074915878,4,25,8149,1.1309688933910538,,,
audit_sweep_ncal4,282,0.5400330066499489,0.07556460257131037,0.0,-0.1470939546704381,4.2558934822815555,26.011725477249406,4,25,8178,4.828222746777493,,,
audit_sweep_ncal4,283,0.5389908230681199,0.08139134318021801,0.0,0.3816611510953072,3.0880637937841606,24.84389578875201,4,25,8207,2.482004506120334,,,
audit_sweep_ncal4,284,0.5399116677107569,0.07669964110917626,0.0,-0.2450926481299291,4.7080252388871395,26.463857233854988,4,25,8236,5.957688850585269,,,
audit_sweep_ncal4,285,0.5377976715909452,0.08901009821352368,0.0,0.9017300902338887,3.514838789258367,25.270670784226215,4,25,8265,4.590856470668268,,,
audit_sweep_ncal4,286,0.5373794822373906,0.0916528468631932,0.0,0.1761326157159865,1.8456663408508909,23.60149833581874,4,25,8294,1.684326335504385,,,
audit_sweep_ncal4,287,0.5383465298152023,0.08470091568764526,0.0,-0.48821897140700343,3.1467090132281355,24.902541008195985,4,25,8323,1.4700199399776428,,,
audit_sweep_ncal4,288,0.538491647872627,0.08376911541512744,0.0,-0.046527205229541464,4.83949120029096,26.595323195258807,4,25,8352,3.4093990843501967,,,
audit_sweep_ncal4,289,0.5376695698185456,0.08920110115236457,0.0,0.3890604736480419,1.7112386071618033,23.467070602129652,4,25,8381,1.8410044744807181,,,
audit_sweep_ncal4,290,0.53759949185319,0.08922091425107126,0.0,0.0698576527711901,3.2094140508522884,24.965246045820138,4,25,8410,1.1224351384700593,,,
audit_sweep_ncal4,291,0.5373431238432771,0.09170717203150269,0.0,0.18753545464014332,4.458785886682938,26.21461788165079,4,25,8439,8.497533058036995,,,
audit_sweep_ncal4,292,0.5371234997880726,0.09390337378535563,0.0,0.17569774290561643,4.729220583522638,26.48505257849049,4,25,8468,4.175961589647954,,,
audit_sweep_ncal4,293,0.5372468160729671,0.09289342428937275,0.0,-0.04470170531319748,2.973608095019458,24.729440089987307,4,25,8497,1.6616002590335008,,,
audit_sweep_ncal4,294,0.537308336015254,0.09223351571877936,0.0,-0.015931140421983365,3.238482317964683,24.99431431293253,4,25,8526,1.0915115345950372,,,
audit_sweep_ncal4,295,0.5376849546733609,0.08957262029419222,0.0,-0.1640236732467383,4.905051963732718,26.660883958700566,4,25,8555,7.446470560532417,,,
audit_sweep_ncal4,296,0.5379705444740687,0.08778051786814622,0.0,-0.1150048072948751,3.3191778684955158,25.075009863463364,4,25,8584,3.262438567600761,,,
audit_sweep_ncal4,297,0.5375001386059393,0.09128665191265284,0.0,0.30478593495104406,3.2112434972946104,24.96707549226246,4,25,8613,1.8482927586046727,,,
audit_sweep_ncal4,298,0.5379600349703438,0.08800595613580442,0.0,-0.17633844840607385,2.932603514754214,24.688435509722062,4,25,8642,2.602702080973176,,,
audit_sweep_ncal4,299,0.5379268306443042,0.08820010698012792,0.0,0.019706891619785158,1.780757981680396,23.536589976648244,4,25,8671,1.109207063720817,,,
audit_sweep_ncal4,300,0.5392864406848243,0.08013169228626571,0.0,-0.6057233587810471,3.339997593693663,25.095829588661513,4,25,8700,10.38912331364566,,,
audit_sweep_ncal4,301,0.5401968095637238,0.07525022882982824,0.0,-0.27450114578827983,4.645186592001742,26.40101858696959,4,25,8729,2.6497973257263014,,,
audit_sweep_ncal4,302,0.5409715495014363,0.07147811968728168,0.0,-0.20674160248971332,2.847961893651202,24.60379388861905,4,25,8758,2.522516071375324,,,
audit_sweep_ncal4,303,0.5405146150452335,0.07334245586439181,0.0,0.19524183074301807,3.427135382058643,25.182967377026493,4,25,8787,3.2726323567511995,,,
audit_sweep_ncal4,304,0.5384491375333246,0.08406142592715216,0.0,0.7720367554939787,2.804784894691606,24.560616889659457,4,25,8816,1.2969941037517918,,,
audit_sweep_ncal4,305,0.5394080489665218,0.07814011453142566,0.0,-0.3163308528031916,4.68799824258881,26.44383023755666,4,25,8845,2.4635355506042997,,,
audit_sweep_ncal4,306,0.5401163464918597,0.07474049373536262,0.0,-0.26162459670916294,3.023988939460014,24.779820934427864,4,25,8874,0.8943359477115191,,,
audit_sweep_ncal4,307,0.5402931084918445,0.07359302608925733,0.0,-0.021337533980605186,3.027276547012283,24.783108541980134,4,25,8903,1.4549929225804619,,,
audit_sweep_ncal4,308,0.5394391491490427,0.07829288577159299,0.0,0.2607440329457627,4.594168176265677,26.350000171233525,4,25,8932,4.0011525699350665,,,
audit_sweep_ncal4,309,0.5403717803772634,0.07348862218990282,0.0,-0.2912776859250699,1.7798005489260182,23.53563254389387,4,25,8961,1.4081537228759118,,,
audit_sweep_ncal4,310,0.5398754475185017,0.07607490405863016,0.0,0.18885518903990206,1.8563782081667222,23.61221020313457,4,25,8990,1.3273177710990338,,,
audit_sweep_ncal4,311,0.5393648385982855,0.07880704228222091,0.0,0.2281660702223911,4.776745397180011,26.53257739214786,4,25,9019,3.6042066139590196,,,
audit_sweep_ncal4,312,0.5385876390269477,0.08336531505892741,0.0,0.39467437560751595,2.9558325469939106,24.71166454196176,4,25,9048,2.03971487688986,,,
audit_sweep_ncal4,313,0.5391542413293063,0.08068123885059109,0.0,-0.1479001676799787,1.8440575623831306,23.59988955735098,4,25,9077,1.3436249319436597,,,
audit_sweep_ncal4,314,0.5401483230568367,0.07531316976072233,0.0,-0.3645144146701216,2.813142722441303,24.56897471740915,4,25,9106,3.5374485570425023,,,
audit_sweep_ncal4,315,0.5420088441799404,0.06711322105379847,0.0,-0.5322567371963568,3.2066619662858096,24.96249396125366,4,25,9135,1.3962480568200106,,,
audit_sweep_ncal4,316,0.5410009637893471,0.07134096965661973,0.0,0.3011993849037538,4.799860903969514,26.555692898937362,4,25,9164,6.95805757297516,,,
audit_sweep_ncal4,317,0.5415981656167326,0.06867683090519827,0.0,-0.0914603529404281,2.7574199130878467,24.513251908055697,4,25,9193,1.9395107044189617,,,
audit_sweep_ncal4,318,0.5424111444224324,0.06543091373000354,0.0,-0.15345468814343932,2.7483537760011933,24.50418577096904,4,25,9222,2.5061278054005336,,,
audit_sweep_ncal4,319,0.543314607632552,0.06167735860959045,0.0,-0.19186298115944653,4.691415330169758,26.447247325137607,4,25,9251,3.597263209209455,,,
audit_sweep_ncal4,320,0.5436799785912362,0.06044921685037574,0.0,-0.12838292954220512,4.414323800433725,26.170155795401573,4,25,9280,3.71689214371265,,,
audit_sweep_ncal4,321,0.5466942676820528,0.05009482978543556,0.0,-0.6184605030042811,4.086394203377016,25.842226198344864,4,25,9309,3.232211474684556,,,
audit_sweep_ncal4,322,0.5464118091694873,0.05064331482254569,0.0,0.09436311318545255,3.920854707045825,25.676686702013676,4,25,9338,3.1886237815715823,,,
audit_sweep_ncal4,323,0.5484475825451718,0.04445323405163348,0.0,-0.36869670338292504,2.5848103114568812,24.34064230642473,4,25,9367,4.03941411035465,,,
audit_sweep_ncal4,324,0.5480807949985413,0.045645345483819266,0.0,0.11748349655740166,4.279947686184451,26.0357796811523,4,25,9396,3.785685603967717,,,
audit_sweep_ncal4,325,0.5493215441541461,0.0418215056654202,0.0,-0.14866657284372678,3.012998412112483,24.768830407080333,4,25,9425,1.0288406703733333,,,
audit_sweep_ncal4,326,0.55047364756675,0.03875241544854635,0.0,-0.14374290083989175,3.854083865164513,25.60991586013236,4,25,9454,5.544255358290347,,,
audit_sweep_ncal4,327,0.552456140855285,0.0336876767061276,0.0,-0.3725510692356983,6.183406496965739,27.939238491933587,4,25,9483,4.845453965520967,,,
audit_sweep_ncal4,328,0.5529041118332092,0.032626315787159355,0.0,-0.045257366020108915,4.944596619265119,26.70042861423297,4,25,9512,6.720304060608965,,,
audit_sweep_ncal4,329,0.5514890529658604,0.036187905820823874,0.0,0.31515697180046637,3.904670154959365,25.660502149927215,4,25,9541,4.359693924253896,,,
audit_sweep_ncal4,330,0.5493185325229927,0.04215607199630689,0.0,0.48941846394615096,1.967787919668331,23.72361991463618,4,25,9570,1.8283504394040389,,,
audit_sweep_ncal4,331,0.5489417197264125,0.04299307893740156,0.0,0.100338385674851,2.572056173492534,24.327888168460383,4,25,9599,1.1735033645008028,,,
audit_sweep_ncal4,332,0.5499206067713545,0.04046971029650481,0.0,-0.08173992271766538,2.207610054180669,23.96344204914852,4,25,9628,2.1756708998147403,,,
audit_sweep_ncal4,333,0.5523265328809523,0.03406874729505904,0.0,-0.44065998163192144,4.287085912263129,26.04291790723098,4,25,9657,4.0510091039437865,,,
audit_sweep_ncal4,334,0.5522727740804881,0.03436023072488659,0.0,0.04458276771136074,2.126357568761907,23.882189563729757,4,25,9686,1.033363121011492,,,
audit_sweep_ncal4,335,0.5479912324913168,0.0460110187197279,0.0,0.8293267366789677,2.4896386308044334,24.24547062577228,4,25,9715,6.824317746786796,,,
audit_sweep_ncal4,336,0.5496434328224866,0.041114270723842106,0.0,-0.29654354110979547,3.385323968259584,25.141155963227433,4,25,9744,2.707944161484831,,,
audit_sweep_ncal4,337,0.5491320113009632,0.042613994827480295,0.0,0.13296801488803364,2.1296618438221757,23.885493838790026,4,25,9773,1.255381206871069,,,
audit_sweep_ncal4,338,0.5513890945852015,0.036464065820132396,0.0,-0.4013090854932293,4.5120228533538125,26.26785484832166,4,25,9802,2.4205933473972383,,,
audit_sweep_ncal4,339,0.5529350177309111,0.032791564219414204,0.0,-0.2701878854468887,2.29905352671475,24.0548855216826,4,25,9831,1.677121219284672,,,
audit_sweep_ncal4,340,0.552349916923629,0.034250938050559565,0.0,0.16882293923733283,2.650256458052832,24.40608845302068,4,25,9860,1.3254610220597496,,,
audit_sweep_ncal4,341,0.5533415015180109,0.031514909476670905,0.0,-0.18254262023686862,2.5585779458640077,24.314409940831858,4,25,9889,1.3931881748583999,,,
audit_sweep_ncal4,342,0.5521235608876878,0.03445401231317535,0.0,0.23577301570810263,2.2923852668915026,24.048217261859353,4,25,9918,1.2720032236517622,,,
audit_sweep_ncal4,343,0.552828102090503,0.032688495313142996,0.0,-0.09332016178260007,1.7981874328670535,23.554019427834902,4,25,9947,1.8148288128878411,,,
audit_sweep_ncal4,344,0.5509716741162899,0.037500971338163436,0.0,0.3865546069317848,3.951796871836397,25.707628866804246,4,25,9976,3.3225890335423287,,,
audit_sweep_ncal4,345,0.5523505707068476,0.034001659998249445,0.0,-0.22672531829301926,4.867942179916853,26.6237741748847,4,25,10005,6.925904938225688,,,
audit_sweep_ncal4,346,0.5509742303063901,0.037392050756344775,0.0,0.2662238273825849,4.4076088598769125,26.16344085484476,4,25,10034,4.167573859164047,,,
audit_sweep_ncal4,347,0.5502765207916132,0.03922012237906669,0.0,0.1527589099199054,3.950631655800421,25.70646365076827,4,25,10063,3.937110170168132,,,
audit_sweep_ncal4,348,0.5578098534015863,0.021568116912307977,0.0,-1.5024004271272267,2.797627952979589,24.553459947947438,4,25,10092,12.845854512563248,,,
audit_sweep_ncal4,349,0.5571434567546262,0.02299260384674351,0.0,0.21905388255806288,2.806341661224272,24.562173656192122,4,25,10121,1.0314752824734161,,,
audit_sweep_ncal4,350,0.5560050832913876,0.0255252536079712,0.0,0.27009281130004065,1.6766545227246985,23.43248651769255,4,25,10150,1.2465347752051275,,,
audit_sweep_ncal4,351,0.557836440107248,0.02155041552209036,0.0,-0.3792706221285124,3.3557267036967935,25.11155869866464,4,25,10179,3.8229838189579146,,,
audit_sweep_ncal4,352,0.5605513400429735,0.016333913687986423,0.0,-0.691032697500463,3.3097094587062497,25.0655414536741,4,25,10208,11.692632028399272,,,
audit_sweep_ncal4,353,0.5617164242672223,0.01406983394392547,0.0,-0.30932674945960775,2.263339662160548,24.019171657128396,4,25,10237,3.719339986047035,,,
audit_sweep_ncal4,354,0.5664859547726886,0.006740769568154614,0.0,-2.458239082019064,2.5498581655150225,24.30569016048287,4,25,10266,33.41296804823863,,,
audit_sweep_ncal4,355,0.5668242817183182,0.006522696989181731,0.0,-0.3890181909078445,1.7173425276822951,23.473174522650144,4,25,10295,1.8489883570645678,,,
audit_sweep_ncal4,356,0.567106824241379,0.006138409296130409,0.0,-0.26985747756167155,2.3905109750214693,24.14634296998932,4,25,10324,2.8541455880299584,,,
audit_sweep_ncal4,357,0.5669661336801436,0.006275528866752533,0.0,0.42369760566373343,3.4429581765243964,25.198790171492245,4,25,10353,3.461124866350939,,,
audit_sweep_ncal4,358,0.5669293619688799,0.006152369908060007,0.0,0.23303601022389478,2.074529643841055,23.830361638808903,4,25,10382,1.555532199853952,,,
audit_sweep_ncal4,359,0.5667671472013578,0.006369864311427165,0.0,-0.00873861140898364,3.7639999225553717,25.51983191752322,4,25,10411,3.8881340729616625,,,
audit_sweep_ncal4,360,0.5668543058916502,0.006189063024692132,0.0,0.0026587050832060683,4.223744987902292,25.979576982870142,4,25,10440,2.9295420008313005,,,
audit_sweep_ncal4,361,0.5673180445377912,0.005870556145069705,0.0,-0.6886211761365888,4.071567528944863,25.82739952391271,4,25,10469,4.504446510053323,,,
audit_sweep_ncal4,362,0.5671880267845127,0.0059927083747298715,0.0,0.31885911286985813,2.284689034622267,24.040521029590117,4,25,10498,1.7192977486452574,,,
audit_sweep_ncal4,363,0.5671117461324648,0.006091467931505723,0.0,0.16974247863379632,3.8073043810720644,25.563136376039914,4,25,10527,3.030594689393585,,,
audit_sweep_ncal4,364,0.5668734701251766,0.006139455030968355,0.0,0.35683289928132095,2.48406769482868,24.23989968979653,4,25,10556,2.2051222727425746,,,
audit_sweep_ncal4,365,0.5663823863285463,0.006792694951651024,0.0,0.2582674581492639,3.3726967084268176,25.128528703394668,4,25,10585,2.898677365612322,,,
audit_sweep_ncal4,366,0.5662051406453995,0.007016807674612213,0.0,0.11711826317687661,3.3586589573468797,25.11449095231473,4,25,10614,4.116049310831833,,,
audit_sweep_ncal4,367,0.5663476277497163,0.00670413448037499,0.0,-0.11880753725862137,3.488064599601942,25.24389659456979,4,25,10643,2.798449931738726,,,
audit_sweep_ncal4,368,0.56669500521778,0.006328380664401889,0.0,-0.26818200945741805,3.635088486661154,25.390920481629003,4,25,10672,4.194398242568876,,,
audit_sweep_ncal4,369,0.5668108001590155,0.00632535798980538,0.0,-0.25009274782530583,2.655897459993892,24.41172945496174,4,25,10701,1.4754277138161138,,,
audit_sweep_ncal4,370,0.5665887417950538,0.006724045895349917,0.0,0.008966577478142368,2.5680475330827646,24.323879528050615,4,25,10730,0.9820290118254458,,,
audit_sweep_ncal4,371,0.5665203872273357,0.006829358619888093,0.0,0.00888413191983538,2.31658951490485,24.072421509872697,4,25,10759,1.2542222645381311,,,
audit_sweep_ncal4,372,0.5668203223628453,0.006463184146472956,0.0,-0.3800056778514528,2.119719876555724,23.875551871523573,4,25,10788,3.4919116971055133,,,
audit_sweep_ncal4,373,0.5675296072706948,0.005864620821941613,0.0,-1.0998805531781282,3.573565241545081,25.329397236512932,4,25,10817,9.042804952765254,,,
audit_sweep_ncal4,374,0.5676028428297377,0.0057297643727669545,0.0,-0.22426481975743434,1.9176614493803943,23.673493444348242,4,25,10846,1.0054673340757008,,,
audit_sweep_ncal4,375,0.5678244506453546,0.009731077165332613,0.0,-0.6686451060769932,2.1148737140964045,23.870705709064254,4,25,10875,2.959083177230254,,,
audit_sweep_ncal4,376,0.5680236097957115,0.017422554588036543,0.0,-0.778624695243575,4.419874820161527,26.175706815129377,4,25,10904,4.997454711416435,,,
audit_sweep_ncal4,377,0.5681035986250402,0.018700035509798818,0.0,-0.12734490437814983,2.00107247009723,23.75690446506508,4,25,10933,0.9493861756142022,,,
audit_sweep_ncal4,378,0.5677888476832837,0.025182463826409318,0.0,-0.6493061896070355,2.7380525906214466,24.493884585589296,4,25,10962,7.049366286423524,,,
audit_sweep_ncal4,379,0.5678405314334066,0.02295805855468236,0.0,0.23389095800376913,4.160760659973995,25.916592654941844,4,25,10991,3.9310346315460674,,,
audit_sweep_ncal4,380,0.5679224864230918,0.022137597295848077,0.0,0.07827974354345743,2.0653369504705488,23.821168945438398,4,25,11020,1.5034083100838995,,,
audit_sweep_ncal4,381,0.5678985159574556,0.0171043983708421,0.0,0.514503686733884,2.085442687659554,23.841274682627404,4,25,11049,3.0722183141202346,,,
audit_sweep_ncal4,382,0.5678353796841499,0.01463766869165084,0.0,0.214224550347419,5.305525801972822,27.06135779694067,4,25,11078,7.142569908889608,,,
audit_sweep_ncal4,383,0.5679334827558986,0.009590748363074941,0.0,0.5108231534033837,1.7650505422273204,23.52088253719517,4,25,11107,3.2245910543539873,,,
audit_sweep_ncal4,384,0.5681672992854332,0.012122934002625096,0.0,-0.297051438071385,2.975217382810072,24.73104937777792,4,25,11136,3.739497328406432,,,
audit_sweep_ncal4,385,0.5681304644909976,0.01649935668080793,0.0,-0.4708484714202694,3.5547515284129956,25.310583523380846,4,25,11165,8.648578625220024,,,
audit_sweep_ncal4,386,0.5683033373481648,0.01915065301882457,0.0,-0.2667991529062237,2.1675499987120643,23.923381993679914,4,25,11194,2.9086863894447763,,,
audit_sweep_ncal4,387,0.5684746888520321,0.017307105711618753,0.0,0.17544599662334806,2.902027747895534,24.657859742863383,4,25,11223,1.68846962401899,,,
audit_sweep_ncal4,388,0.5684682026005307,0.014866361909039671,0.0,0.24165199282801367,1.6406325542778457,23.396464549245696,4,25,11252,1.469808552510881,,,
audit_sweep_ncal4,389,0.5684329158275429,0.01635260262087579,0.0,-0.15173561515595568,2.526273310135467,24.282105305103315,4,25,11281,1.294372067833371,,,
audit_sweep_ncal4,390,0.5684768882276012,0.01916670711883961,0.0,-0.2517054897582873,2.0325153602772374,23.788347355245087,4,25,11310,3.573989174970056,,,
audit_sweep_ncal4,391,0.568344756416117,0.023390775294482413,0.0,-0.43425281897358214,2.914670476604734,24.670502471572583,4,25,11339,1.753233245294211,,,
audit_sweep_ncal4,392,0.5679032268669248,0.03137289530853293,0.0,-0.8061839494618853,4.190815094295524,25.946647089263372,4,25,11368,4.301495333253279,,,
audit_sweep_ncal4,393,0.568103283090461,0.028541622444768877,0.0,0.2427137056662505,6.189632531825709,27.945464526793558,4,25,11397,6.161950519165797,,,
audit_sweep_ncal4,394,0.5682010488171153,0.022271805697458125,0.0,0.6012152524813293,3.5992542588092618,25.35508625377711,4,25,11426,7.151201275897274,,,
audit_sweep_ncal4,395,0.5683059102422485,0.015508495457462468,0.0,0.6591432756076088,2.748002352263517,24.503834347231365,4,25,11455,1.2886909868119836,,,
audit_sweep_ncal4,396,0.5681387254516898,0.019099458570655092,0.0,-0.3748684299237439,2.0302679850383467,23.786099980006195,4,25,11484,1.5575159389166526,,,
audit_sweep_ncal4,397,0.5682250871474639,0.021249027275036858,0.0,-0.1963456135981996,2.3575581404219275,24.11339013538978,4,25,11513,2.610246242525889,,,
audit_sweep_ncal4,398,0.5682636788888267,0.025013458324086635,0.0,-0.37691603763516685,1.8431077477335234,23.598939742701372,4,25,11542,1.3282544646412344,,,
audit_sweep_ncal4,399,0.5683190298147327,0.02038823250476529,0.0,0.4453290385848662,2.0385147562384534,23.7943467512063,4,25,11571,2.9368308430139587,,,
audit_sweep_ncal4,400,0.5684039855682363,0.022532780308620493,0.0,-0.20763593089453944,1.927090159488541,23.68292215445639,4,25,11600,1.7697846886304252,,,
audit_sweep_ncal4,401,0.5682617966372302,0.023980094749655234,0.0,-0.15731989336057045,3.124652289307067,24.880484284274917,4,25,11629,3.2361317265790337,,,
audit_sweep_ncal4,402,0.5677075194586431,0.005633539983390112,0.0,2.6248238822087626,2.9310704546909863,24.686902449658835,4,25,11658,49.403789697164456,,,
audit_sweep_ncal4,403,0.567768978799086,0.005590246901104989,0.0,0.06638039533647457,2.0682123718645617,23.82404436683241,4,25,11687,1.1205384284337916,,,
audit_sweep_ncal4,404,0.5676975395372901,0.005706780155829039,0.0,-0.12073499236690916,1.9942690233311386,23.750101018298988,4,25,11716,1.0655099917681807,,,
audit_sweep_ncal4,405,0.5677185150414586,0.0054913343208796705,0.0,0.35730293034872734,1.9242238157452587,23.680055810713107,4,25,11745,1.2523313127634415,,,
audit_sweep_ncal4,406,0.5676345543310736,0.005554204777850513,0.0,0.08131912106632391,2.8818743529932176,24.637706347961068,4,25,11774,1.12145139509918,,,
audit_sweep_ncal4,407,0.567792212427436,0.005301878746354571,0.0,0.03554934826040796,3.9237750779923863,25.679607072960234,4,25,11803,3.0861878235125184,,,
audit_sweep_ncal4,408,0.5677166489229961,0.0053114238075643305,0.0,0.36512541672241255,3.4027041685627224,25.15853616353057,4,25,11832,2.426452574389538,,,
audit_sweep_ncal4,409,0.5678345957040959,0.0050362882044355795,0.0,-0.04251017149202581,3.6152765259359594,25.37110852090381,4,25,11861,4.164430794319093,,,
audit_sweep_ncal4,410,0.5678550721407418,0.005151165859459628,0.0,-0.15786142069263254,3.5462387866516742,25.302070781619523,4,25,11890,2.6983117006819213,,,
audit_sweep_ncal4,411,0.5679501285628852,0.005128043424591722,0.0,0.016678346524408284,3.088983100835308,24.844815095803156,4,25,11919,3.672533706606466,,,
audit_sweep_ncal4,412,0.5681348709010752,0.004932970512892543,0.0,-0.037616738233336174,2.175054274255004,23.930886269222853,4,25,11948,1.3387226327204182,,,
audit_sweep_ncal4,413,0.5682258971123753,0.00503234599438418,0.0,-0.36175645812600504,3.534473511181699,25.290305506149547,4,25,11977,4.084207805657385,,,
audit_sweep_ncal4,414,0.5682416274063862,0.0049516239186451205,0.0,-0.08006612826383348,5.199295308589571,26.95512730355742,4,25,12006,6.423950824931977,,,
audit_sweep_ncal4,415,0.5680013598597238,0.005022296338058951,0.0,0.49675166314586877,4.467095878460702,26.222927873428553,4,25,12035,3.3882556712512226,,,
audit_sweep_ncal4,416,0.567982926110638,0.004944675943839738,0.0,0.1601624814551198,5.76172045256674,27.51755244753459,4,25,12064,7.688779050445255,,,
audit_sweep_ncal4,417,0.5683244837337734,0.00454442500702068,0.0,-0.25660803842156,2.298881410446773,24.054713405414624,4,25,12093,1.4758020454782266,,,
audit_sweep_ncal4,418,0.568694020132753,0.0042797126452941425,0.0,-0.3486790268284971,2.3065318031198254,24.062363798087674,4,25,12122,1.7116247642464917,,,
audit_sweep_ncal4,419,0.568777751998543,0.004222218510082532,0.0,-0.1558318226591881,4.110583747420522,25.86641574238837,4,25,12151,3.6600203671400715,,,
audit_sweep_ncal4,420,0.5686720503928774,0.00410480768494581,0.0,0.509739499667759,4.127757341405106,25.883589336372957,4,25,12180,2.8866390675393627,,,
audit_sweep_ncal4,421,0.5687325922685259,0.004111887310882079,0.0,0.004427553892866987,2.0305841419189607,23.78641613688681,4,25,12209,1.0322507092442434,,,
audit_sweep_ncal4,422,0.5688157480859389,0.0039277725251920526,0.0,0.2038609171896068,3.1093821209889714,24.86521411595682,4,25,12238,2.1849336838860083,,,
audit_sweep_ncal4,423,0.5684620255982485,0.004181161587204163,0.0,0.3566330202171521,2.9691514622258923,24.72498345719374,4,25,12267,4.563521938222991,,,
audit_sweep_ncal4,424,0.5683860107263622,0.00425898714696249,0.0,0.14873304361727366,2.411265866615128,24.167097861582977,4,25,12296,1.6162541699794974,,,
audit_sweep_ncal4,425,0.5687766200273439,0.0037930263496048777,0.0,-0.19376863562144667,2.3170353397629055,24.072867334730756,4,25,12325,2.6779843772346483,,,
audit_sweep_ncal4,426,0.5688755302110746,0.0038661546725761164,0.0,-0.29361137744531735,1.887707436553064,23.643539431520914,4,25,12354,1.7403528904224521,,,
audit_sweep_ncal4,427,0.5687558075543807,0.004066507845558731,0.0,0.005484745598294552,2.1796121727205864,23.935444167688434,4,25,12383,0.9164665206792226,,,
audit_sweep_ncal4,428,0.5685330946170988,0.004373617652603468,0.0,0.036870775552181566,3.8207660527595837,25.576598047727433,4,25,12412,3.5039900295104753,,,
audit_sweep_ncal4,429,0.5690299460357793,0.004821878673881841,0.0,-0.48144196837742004,2.0541926699691344,23.810024664936982,4,25,12441,1.8594277150305958,,,
audit_sweep_ncal4,430,0.5689987523589355,0.0042687355581315645,0.0,0.12597606757573887,3.2828916983195637,25.038723693287412,4,25,12470,3.6269633213499057,,,
audit_sweep_ncal4,431,0.5688995071926386,0.004244456289525855,0.0,-0.06755689983982756,3.3302573631578323,25.086089358125683,4,25,12499,4.012049132983304,,,
audit_sweep_ncal4,432,0.5692229754519454,0.005516108836852385,0.0,-0.38600431398167967,2.1809800977831526,23.936812092751,4,25,12528,1.4838719941860248,,,
audit_sweep_ncal4,433,0.5694077537235671,0.006811205113443131,0.0,-0.3887903601066464,3.416041084994748,25.171873079962598,4,25,12557,4.3081000542023835,,,
audit_sweep_ncal4,434,0.5692379842574563,0.006581384905179566,0.0,-0.03355077129572986,2.314052438072297,24.069884433040144,4,25,12586,1.4024924785260529,,,
audit_sweep_ncal4,435,0.5693193525541367,0.0058882062003908775,0.0,0.14729042775252477,1.9382013984463644,23.694033393414212,4,25,12615,1.0389775876521805,,,
audit_sweep_ncal4,436,0.5693206320603057,0.004891861131917863,0.0,0.1336675056543254,2.425196452410143,24.18102844737799,4,25,12644,1.3332859879057626,,,
audit_sweep_ncal4,437,0.5693978297081109,0.0044245936536094765,0.0,0.20303041541260441,2.155636672780024,23.911468667747872,4,25,12673,1.8229992997638331,,,
audit_sweep_ncal4,438,0.5694230875486673,0.00520648777988042,0.0,-0.27335247719489825,1.8623382864429041,23.61817028141075,4,25,12702,1.2229870983113225,,,
audit_sweep_ncal4,439,0.5692096251826346,0.0050961628628609645,0.0,-0.021992592795816984,3.8467985625405383,25.602630557508387,4,25,12731,3.3880812556202367,,,
audit_sweep_ncal4,440,0.5689956269533878,0.003874254208376282,0.0,0.41754559836628524,2.714937471351375,24.470769466319226,4,25,12760,2.6458799436432066,,,
audit_sweep_ncal4,441,0.5693558303653676,0.006436448697810904,0.0,-0.8556190250107982,4.197410277457186,25.953242272425037,4,25,12789,4.665727690983838,,,
audit_sweep_ncal4,442,0.56941510557103,0.010156293152867146,0.0,-0.5311160804351569,2.4286366475758108,24.18446864254366,4,25,12818,1.8042269157836155,,,
audit_sweep_ncal4,443,0.5692719397672057,0.007237678605861664,0.0,0.3509061897175322,2.2074201411347354,23.963252136102586,4,25,12847,1.9974814055769536,,,
audit_sweep_ncal4,444,0.5690988582970773,0.006227281209232327,0.0,0.07361712602624026,3.785103481386216,25.540935476354065,4,25,12876,3.973911474017601,,,
audit_sweep_ncal4,445,0.5690156066537436,0.00536833015763627,0.0,0.1767273859383691,2.3847894645984824,24.140621459566333,4,25,12905,1.5236286312726872,,,
audit_sweep_ncal4,446,0.5691219500934903,0.0054227657082788205,0.0,-0.008791208937843431,2.3207690891108443,24.076601084078693,4,25,12934,1.258708662871774,,,
audit_sweep_ncal4,447,0.5692576872904305,0.005823612987784665,0.0,-0.009400238467351349,4.100827921375126,25.856659916342977,4,25,12963,3.1885082168009937,,,
audit_sweep_ncal4,448,0.5691746474588205,0.003945734371348042,0.0,0.5537968753815045,2.0206810917338727,23.776513086701723,4,25,12992,3.9944886584663197,,,
audit_sweep_ncal4,449,0.5689748058380965,0.004206927687908091,0.0,-0.20277071275496683,2.6986524005206802,24.454484395488528,4,25,13021,1.1894619892346496,,,
audit_sweep_ncal4,450,0.5689649988005446,0.00417699613105571,0.0,0.02295099173112284,1.9784286344879507,23.7342606294558,4,25,13050,1.3410467209699435,,,
audit_sweep_ncal4,451,0.5693866114694244,0.008915746309709927,0.0,-0.917020618353027,1.8810555773844972,23.636887572352347,4,25,13079,11.174994428096616,,,
audit_sweep_ncal4,452,0.5694197998819795,0.01412956983614655,0.0,-0.530954080332486,3.1111123690287927,24.86694436399664,4,25,13108,5.853375674633054,,,
audit_sweep_ncal4,453,0.5691446576481373,0.021283063548577008,0.0,-0.757260349715012,2.077253857612804,23.833085852580652,4,25,13137,3.874798028679058,,,
audit_sweep_ncal4,454,0.5690549619904032,0.023154664845705386,0.0,-0.20737728411261344,2.2024205418084764,23.958252536776325,4,25,13166,2.3636171540257256,,,
audit_sweep_ncal4,455,0.5688992813170796,0.02339098580178589,0.0,-0.04030646535681464,2.3572654236633737,24.113097418631224,4,25,13195,1.2379136847358536,,,
audit_sweep_ncal4,456,0.5688564083175255,0.02310875138087143,0.0,0.02819888277673331,2.617751197488623,24.373583192456472,4,25,13224,1.1586540132962104,,,
audit_sweep_ncal4,457,0.5687518414817899,0.02774823246488578,0.0,-0.4480705845648435,3.881187477669451,25.6370194726373,4,25,13253,3.203790345552242,,,
audit_sweep_ncal4,458,0.5690001203572362,0.024129831248358657,0.0,0.3594006024993623,2.355835403676059,24.11166739864391,4,25,13282,1.9025835117267378,,,
audit_sweep_ncal4,459,0.5688534530725956,0.021552778881197,0.0,0.19930873519676756,2.246417829214838,24.002249824182687,4,25,13311,2.084902411561285,,,
audit_sweep_ncal4,460,0.5689740523188253,0.01782289436774176,0.0,0.3557817795333817,3.470146115533478,25.225978110501327,4,25,13340,5.07386952082507,,,
audit_sweep_ncal4,461,0.5688850866687575,0.017252716220237052,0.0,0.090568875221358,3.3625328649810107,25.11836485994886,4,25,13369,3.6557660566250005,,,
audit_sweep_ncal4,462,0.5687445557330518,0.016930992373424436,0.0,0.00933915410250954,4.101489927798243,25.85732192276609,4,25,13398,3.433999684765499,,,
audit_sweep_ncal4,463,0.5688744268103503,0.016008458248729318,0.0,0.07647195845979333,3.258818885383019,25.014650880350867,4,25,13427,3.286858510982603,,,
audit_sweep_ncal4,464,0.5687127567310197,0.017575214969062114,0.0,-0.1756389646785034,2.1585436368151885,23.914375631783038,4,25,13456,1.1018935760507294,,,
audit_sweep_ncal4,465,0.5688942672312176,0.014626313398346968,0.0,0.3037839969548769,1.8343498984637112,23.59018189343156,4,25,13485,1.4347099335678863,,,
audit_sweep_ncal4,466,0.5686086101073603,0.01374439330220012,0.0,0.07553873368400993,2.8599771732892783,24.615809168257126,4,25,13514,1.4260110681809022,,,
audit_sweep_ncal4,467,0.5685725461838825,0.012887594275985292,0.0,0.077897962668593,2.907890142834465,24.663722137802313,4,25,13543,1.3576295510929004,,,
audit_sweep_ncal4,468,0.5685302255871327,0.018547492945345745,0.0,-0.5907267477214923,2.8415919615203795,24.597423956488228,4,25,13572,6.130906257333654,,,
audit_sweep_ncal4,469,0.5684717149532883,0.020646795760283387,0.0,-0.24221132691764008,2.0358582207131666,23.791690215681015,4,25,13601,1.4375276979872686,,,
audit_sweep_ncal4,470,0.56850865552926,0.02583611053662571,0.0,-0.5444398836273954,2.096136153365642,23.85196814833349,4,25,13630,1.7115358701752865,,,
audit_sweep_ncal4,471,0.5683876752670329,0.02608359499981916,0.0,-0.01481487259732268,2.117989117137416,23.873821112105265,4,25,13659,1.29226279695026,,,
audit_sweep_ncal4,472,0.5682914197400962,0.034265191849910503,0.0,-0.8526177725636963,2.2547358228552006,24.01056781782305,4,25,13688,4.888990798990506,,,
audit_sweep_ncal4,473,0.5684698506672567,0.03286189149645924,0.0,0.12505321931120714,3.6586357999574255,25.414467794925276,4,25,13717,3.8617633346105773,,,
audit_sweep_ncal4,474,0.5682898350405654,0.04134135649331794,0.0,-0.8036845291438492,2.5797013005462377,24.335533295514086,4,25,13746,9.843930424339254,,,
audit_sweep_ncal4,475,0.5681132455626887,0.04665201593821555,0.0,-0.5041160738780064,2.0440265101085493,23.799858505076397,4,25,13775,2.4069515231575527,,,
audit_sweep_ncal4,476,0.5681942310885215,0.04635895383899791,0.0,0.03666876199970382,3.500604099010545,25.256436093978394,4,25,13804,3.6602420130127236,,,
audit_sweep_ncal4,477,0.5683756081607546,0.044310390987582826,0.0,0.17268459839456757,3.904088504167238,25.659920499135087,4,25,13833,2.9363675446586432,,,
audit_sweep_ncal4,478,0.5687746923002043,0.03383950738565178,0.0,1.0114751344569466,2.6328353036735628,24.388667298641412,4,25,13862,8.966248298210466,,,
audit_sweep_ncal4,479,0.5687994214252876,0.03199752031322067,0.0,0.17287436211793109,2.454737816589094,24.210569811556944,4,25,13891,1.3826689865939248,,,
audit_sweep_ncal4,480,0.5688348183760517,0.02780193117969798,0.0,0.44228953293578277,2.922653023845244,24.67848501881309,4,25,13920,2.3546934284090013,,,
audit_sweep_ncal4,481,0.568869787878746,0.028362183017461184,0.0,-0.06430213600121866,1.9482836311824412,23.70411562615029,4,25,13949,1.1863765208357817,,,
audit_sweep_ncal4,482,0.5684867260942282,0.036100618316969424,0.0,-0.7871546133871532,6.021565232991967,27.777397227959817,4,25,13978,4.644258386567827,,,
audit_sweep_ncal4,483,0.5684564217508802,0.0386169316493542,0.0,-0.26509814215028565,1.9145330628903061,23.670365057858156,4,25,14007,1.2043771215793346,,,
audit_sweep_ncal4,484,0.5683928740439158,0.03951877345155708,0.0,-0.1059050319621488,2.6744436778002925,24.43027567276814,4,25,14036,1.2980790910024453,,,
audit_sweep_ncal4,485,0.5684396515627137,0.04121194792365135,0.0,-0.21003709178801422,4.669188414961367,26.425020409929218,4,25,14065,2.7594085899282397,,,
audit_sweep_ncal4,486,0.5687819585047562,0.03647105841573872,0.0,0.44310487678203136,1.734605456530815,23.490437451498664,4,25,14094,2.586883066884272,,,
audit_sweep_ncal4,487,0.5688694988593328,0.03606030864001586,0.0,-0.016670185614965978,2.253734616678477,24.009566611646328,4,25,14123,1.5131208300743089,,,
audit_sweep_ncal4,488,0.5688015288753658,0.037131096455771506,0.0,-0.10499281643871228,1.8674493492761803,23.62328134424403,4,25,14152,1.0563869910233508,,,
audit_sweep_ncal4,489,0.5686512379134481,0.03963100326261815,0.0,-0.22872900797817003,2.3645959707659476,24.120427965733796,4,25,14181,1.2881450288259138,,,
audit_sweep_ncal4,490,0.5686491844132079,0.04060395110499071,0.0,-0.11071535587943832,1.8063993952864996,23.56223139025435,4,25,14210,1.2245857182074253,,,
audit_sweep_ncal4,491,0.5686530158347849,0.045437179762031654,0.0,-0.4709369601399995,1.7743110712559473,23.530143066223797,4,25,14239,1.917826016034225,,,
audit_sweep_ncal4,492,0.5682675866557695,0.05061023077617477,0.0,-0.5545326529675522,2.3981666944107647,24.153998689378614,4,25,14268,2.5547074790074773,,,
audit_sweep_ncal4,493,0.5680989345657093,0.05238407647154186,0.0,-0.1845153242981696,2.388526538593901,24.14435853356175,4,25,14297,0.9837716591467003,,,
audit_sweep_ncal4,494,0.568220155272141,0.05081152338488215,0.0,0.17104848778172807,5.339639737496108,27.095471732463956,4,25,14326,6.852122785329385,,,
audit_sweep_ncal4,495,0.5675046713253346,0.05752944129549131,0.0,-0.6335319942949768,2.185317650840723,23.941149645808572,4,25,14355,7.217946145481826,,,
audit_sweep_ncal4,496,0.5667548866352935,0.07058427409423151,0.0,-1.2618048814413203,1.9383690302562921,23.694201025224142,4,25,14384,11.147769444154605,,,
audit_sweep_ncal4,497,0.5666834571860943,0.07216101925030305,0.0,-0.1492677666611771,3.796412273739655,25.552244268707504,4,25,14413,5.249014049966216,,,
audit_sweep_ncal4,498,0.5665176881323183,0.07283398611712022,0.0,-0.11913242096971324,2.307689901499715,24.063521896467563,4,25,14442,1.7989396864680733,,,
audit_sweep_ncal4,499,0.5660607464702508,0.0782742598148265,0.0,-0.5033412345471269,1.9390343644393795,23.69486635940723,4,25,14471,2.076529570307554,,,
audit_sweep_ncal4,500,0.5664239512467666,0.0720979646763571,0.0,0.5621794229356849,4.5048900363225295,26.260722031290378,4,25,14500,3.4957850795968843,,,
audit_sweep_ncal4,501,0.5670143910990116,0.06446758917044904,0.0,0.7458984027906131,5.938860760029373,27.69469275499722,4,25,14529,6.034376604156141,,,
audit_sweep_ncal4,502,0.5667660303273303,0.06697106738237202,0.0,-0.2588790877313233,5.476840349898215,27.232672344866064,4,25,14558,6.378270778528563,,,
audit_sweep_ncal4,503,0.5672019645145676,0.06076351361051946,0.0,0.6053837422407904,2.0282925346195397,23.784124529587388,4,25,14587,3.9350663210521026,,,
audit_sweep_ncal4,504,0.5660479266956858,0.07876494561830105,0.0,-1.6619571264488624,4.54808302532233,26.30391502029018,4,25,14616,37.15031081308322,,,
audit_sweep_ncal4,505,0.5659948531740606,0.08015727389596727,0.0,-0.18469206979036223,3.3336166137217322,25.08944860868958,4,25,14645,4.079351503397399,,,
audit_sweep_ncal4,506,0.5658284622607338,0.07877193516152425,0.0,0.0745690193092583,5.42370693667826,27.17953893164611,4,25,14674,7.267240719926502,,,
audit_sweep_ncal4,507,0.5654406647348871,0.08621991698295572,0.0,-0.7196892484190827,2.894737403663234,24.650569398631085,4,25,14703,4.185342098338364,,,
audit_sweep_ncal4,508,0.5652617176735774,0.08780201707744739,0.0,-0.19060433591863257,4.429728085305496,26.185560080273344,4,25,14732,3.76957638535451,,,
audit_sweep_ncal4,509,0.5655266106452276,0.08449090395081027,0.0,0.29365845423019127,3.552917781364964,25.308749776332814,4,25,14761,4.317898204691181,,,
audit_sweep_ncal4,510,0.5653490766459709,0.08639369183280443,0.0,-0.2165032667447258,3.853046757507444,25.60887875247529,4,25,14790,4.539644716803405,,,
audit_sweep_ncal4,511,0.565420244442023,0.08683414139672985,0.0,-0.07856040920035653,2.80688253155482,24.56271452652267,4,25,14819,1.2935960117981715,,,
audit_sweep_ncal4,512,0.5652850109481036,0.08930880480420156,0.0,-0.19907801302673744,6.110296139146965,27.866128134114813,4,25,14848,6.54307195392097,,,
audit_sweep_ncal4,513,0.5660620430643282,0.08368926378236241,0.0,0.5136811958730976,2.5615822918318365,24.317414286799686,4,25,14877,1.1453616708726584,,,
audit_sweep_ncal4,514,0.5661508331169504,0.08296332440179477,0.0,-0.009155589781997785,4.047350768098452,25.803182763066303,4,25,14906,3.8235459015068303,,,
audit_sweep_ncal4,515,0.565876516164849,0.08601228571521491,0.0,-0.22111549619887494,2.3076115423678063,24.063443537335655,4,25,14935,1.4352548573715669,,,
audit_sweep_ncal4,516,0.5657070998144444,0.09013553651035511,0.0,-0.423374434050014,2.458908912645134,24.214740907612985,4,25,14964,1.5171012739575263,,,
audit_sweep_ncal4,517,0.565923532284755,0.0883840802255349,0.0,0.14231037237835434,3.1587021626441403,24.91453415761199,4,25,14993,3.1871508928867334,,,
audit_sweep_ncal4,518,0.5662795461007369,0.0835257884607159,0.0,0.4335142868445476,2.216404473288573,23.972236468256423,4,25,15022,2.3704692234886116,,,
audit_sweep_ncal4,519,0.5663905790444846,0.08168197592226412,0.0,0.10367190737541347,4.784886705617613,26.54071870058546,4,25,15051,2.213312059428477,,,
audit_sweep_ncal4,520,0.5663573087843982,0.08612670710561487,0.0,-0.4298735776840758,2.383425219909649,24.1392572148775,4,25,15080,1.853001003210709,,,
audit_sweep_ncal4,521,0.5663448665312897,0.08604266724217313,0.0,-0.01353736195931693,2.663585086271874,24.41941708123972,4,25,15109,1.247822510231616,,,
audit_sweep_ncal4,522,0.566260068175771,0.09084210816450877,0.0,-0.4796824552814889,3.1270317655095057,24.882863760477356,4,25,15138,2.1411059190382997,,,
audit_sweep_ncal4,523,0.5660439636390445,0.0919017377015866,0.0,-0.0950450113569382,5.5830777863880146,27.338909781355863,4,25,15167,7.101185598360789,,,
audit_sweep_ncal4,524,0.5661381556946945,0.09090798104967446,0.0,0.08042660203973374,3.634923643025692,25.390755637993543,4,25,15196,2.982712572919512,,,
audit_sweep_ncal4,525,0.5658882088653053,0.09378327346570359,0.0,-0.2770232814382859,4.3584236574863855,26.114255652454233,4,25,15225,3.8883473275462688,,,
audit_sweep_ncal4,526,0.5653960959262716,0.10157832542384049,0.0,-0.777749987960557,2.627593472935932,24.38342546790378,4,25,15254,7.682696856869344,,,
audit_sweep_ncal4,527,0.5654593789290435,0.10140072487593788,0.0,0.004309071383535329,2.440750618696175,24.196582613664024,4,25,15283,1.4215890351775595,,,
audit_sweep_ncal4,528,0.5651396354852009,0.10634929767057577,0.0,-0.4509901450360545,5.494637963214956,27.250469958182805,4,25,15312,6.652808498925073,,,
audit_sweep_ncal4,529,0.5653396135231097,0.10570014279890194,0.0,0.008555954620464351,3.136410402962926,24.892242397930776,4,25,15341,3.912875599883952,,,
audit_sweep_ncal4,530,0.5653570313346091,0.10725524287366128,0.0,-0.19774629807890315,1.7727249553511446,23.528556950318993,4,25,15370,1.3494400237406092,,,
audit_sweep_ncal4,531,0.5657407985914374,0.10499275710292,0.0,0.18491550052039765,2.152525130495721,23.90835712546357,4,25,15399,1.2178026859622832,,,
audit_sweep_ncal4,532,0.5659255722486332,0.10221652164730588,0.0,0.2551199882703828,2.000482923695077,23.756314918662927,4,25,15428,1.36508523814131,,,
audit_sweep_ncal4,533,0.5659650341711078,0.10243599100766765,0.0,-0.022815759407984332,4.240139032358875,25.995971027326725,4,25,15457,4.0516094170811545,,,
audit_sweep_ncal4,534,0.566035124646666,0.10040952077984755,0.0,0.12669585608905834,2.522118706216052,24.2779507011839,4,25,15486,1.2349180646216458,,,
audit_sweep_ncal4,535,0.5657900821478535,0.10416138594135405,0.0,-0.3941328514995069,4.28214053637829,26.03797253134614,4,25,15515,1.888944384946953,,,
audit_sweep_ncal4,536,0.5664224610690597,0.09746136091148494,0.0,0.5604060863972838,2.3733465280035904,24.12917852297144,4,25,15544,3.467675999367058,,,
audit_sweep_ncal4,537,0.5662202963879677,0.10006486056577102,0.0,-0.29030284216609026,1.8182215541072402,23.57405354907509,4,25,15573,0.9850263275320427,,,
audit_sweep_ncal4,538,0.5660047916364304,0.10311274228765976,0.0,-0.31514758651718916,1.7436368520315517,23.499468846999402,4,25,15602,1.3402480235274832,,,
audit_sweep_ncal4,539,0.5663268549272968,0.09808292579427647,0.0,0.4715763759749344,2.607498329177826,24.363330324145675,4,25,15631,3.222210169606513,,,
audit_sweep_ncal4,540,0.5665719385924952,0.09363144466569318,0.0,0.3866727856433881,2.3388941928228926,24.09472618779074,4,25,15660,2.2697308132564906,,,
audit_sweep_ncal4,541,0.5672346039247723,0.08701003193350731,0.0,0.6169156864909465,1.8660912837690575,23.621923278736908,4,25,15689,3.556104801736287,,,
audit_sweep_ncal4,542,0.5669301531734616,0.08850816991520982,0.0,-0.15882845838351295,4.473118534903837,26.228950529871685,4,25,15718,2.4181450032010514,,,
audit_sweep_ncal4,543,0.5671669576578774,0.0844335481324413,0.0,0.33757624477024334,1.8205205976081666,23.576352592576015,4,25,15747,2.335451562488032,,,
audit_sweep_ncal4,544,0.5674171592118444,0.0827246838702419,0.0,0.16358330000621898,1.4555240558944305,23.21135605086228,4,25,15776,0.7204206853876768,,,
audit_sweep_ncal4,545,0.567261831314252,0.08157192181086692,0.0,0.1133766066436951,2.6664595192385705,24.42229151420642,4,25,15805,1.152187177382252,,,
audit_sweep_ncal4,546,0.5673695522292231,0.07929172831884579,0.0,0.14867424169869795,3.1425476109536485,24.898379605921498,4,25,15834,1.0978699742531837,,,
audit_sweep_ncal4,547,0.5670936558746892,0.08185711639601712,0.0,-0.24606678276685431,2.23599164532771,23.99182364029556,4,25,15863,1.4449169742505865,,,
audit_sweep_ncal4,548,0.5673278198825432,0.07719020971475365,0.0,0.41061761747994563,1.8544846471581646,23.610316642126016,4,25,15892,2.497460145608012,,,
audit_sweep_ncal4,549,0.5673559842481637,0.07598960322146897,0.0,0.11616855138545965,3.1440268906650397,24.899858885632888,4,25,15921,1.1708861510589441,,,
audit_sweep_ncal4,550,0.5672727580259419,0.07778193614382423,0.0,-0.24712452740946386,3.0828649110100703,24.83869690597792,4,25,15950,3.2884814051521962,,,
audit_sweep_ncal4,551,0.5672644420287839,0.0792730988442959,0.0,-0.14223680548284168,2.5193732597930123,24.275205254760863,4,25,15979,1.164213103145874,,,
audit_sweep_ncal4,552,0.5672796163829902,0.08274701008835617,0.0,-0.3998905653090897,2.701062076192023,24.456894071159873,4,25,16008,4.2961114348223655,,,
audit_sweep_ncal4,553,0.5674239025392558,0.07993469492729643,0.0,0.23230142227917402,1.9270661514092455,23.682898146377095,4,25,16037,1.6454358826631381,,,
audit_sweep_ncal4,554,0.5675970566535428,0.07727970685887364,0.0,0.23526374457595914,2.4198023158961917,24.17563431086404,4,25,16066,1.6106693927831925,,,
audit_sweep_ncal4,555,0.5676689520097778,0.07470212198442805,0.0,0.1795312516906032,2.4638874364643626,24.21971943143221,4,25,16095,1.2570594654722966,,,
audit_sweep_ncal4,556,0.5675105110654726,0.07530631009057098,0.0,-0.04899785201505263,3.6618396989836834,25.417671693951533,4,25,16124,3.2066034612435907,,,
audit_sweep_ncal4,557,0.5673150422189894,0.08048346904416681,0.0,-0.46993602390847056,3.0680956839527984,24.823927678920647,4,25,16153,5.58591501002984,,,
audit_sweep_ncal4,558,0.5670980897132576,0.08075468960339083,0.0,-0.06797826880885685,1.7318510040149537,23.4876829989828,4,25,16182,1.07706576971078,,,
audit_sweep_ncal4,559,0.567099365960705,0.07889153610097899,0.0,0.12767837397524764,2.135119320506697,23.890951315474545,4,25,16211,0.9793958280464236,,,
audit_sweep_ncal4,560,0.5670711627203464,0.07906645843930038,0.0,-0.028477243932022195,3.1756189818809686,24.93145097684882,4,25,16240,3.149756616021487,,,
audit_sweep_ncal4,561,0.5665099697061263,0.08611090907193375,0.0,-0.7282694751957834,3.293210780506278,25.049042775474128,4,25,16269,4.044692236065752,,,
audit_sweep_ncal4,562,0.5664281810852682,0.08997941816712551,0.0,-0.41472168323030206,2.157043357410907,23.912875352378755,4,25,16298,4.333477851340527,,,
audit_sweep_ncal4,563,0.5666867275855525,0.0877765461978871,0.0,0.1945326151183694,2.064754771184992,23.820586766152843,4,25,16327,1.9768314204288744,,,
audit_sweep_ncal4,564,0.566713784425933,0.08997968202408291,0.0,-0.2187756283815846,2.0090484416259575,23.764880436593806,4,25,16356,1.3466354386342552,,,
audit_sweep_ncal4,565,0.5667046017009719,0.0859379355651646,0.0,0.3351799493926182,1.9386692302605169,23.694501225228365,4,25,16385,2.0603547637271187,,,
audit_sweep_ncal4,566,0.5665251629561278,0.08615299173575452,0.0,-0.0942841838491735,4.061525362122435,25.817357357090284,4,25,16414,4.119566445620369,,,
audit_sweep_ncal4,567,0.5665918370060083,0.08402685362630702,0.0,0.20313296999272912,8.007250923386898,29.763082918354748,4,25,16443,19.994826476967006,,,
audit_sweep_ncal4,568,0.5660516439152036,0.08948387409136938,0.0,-0.5499055663897606,4.28820764282258,26.04403963779043,4,25,16472,5.429316005702114,,,
audit_sweep_ncal4,569,0.5659741409392072,0.0896885460105209,0.0,-0.059673526976695535,1.8549278875364443,23.610759882504293,4,25,16501,1.3383090926269723,,,
audit_sweep_ncal4,570,0.5654953588582688,0.10002998273670005,0.0,-0.9603612286645052,3.5516168337993648,25.307448828767214,4,25,16530,7.255243930408385,,,
audit_sweep_ncal4,571,0.5652908421768219,0.10265828808647515,0.0,-0.2583354928737614,2.3777485308246518,24.1335805257925,4,25,16559,3.2670501525097086,,,
audit_sweep_ncal4,572,0.5654731455815292,0.10094912493186536,0.0,0.08160020679923012,2.663262848941999,24.419094843909846,4,25,16588,1.120813573307175,,,
audit_sweep_ncal4,573,0.5652785549876007,0.10511213061059443,0.0,-0.42877319994535723,2.8500198867762068,24.605851881744055,4,25,16617,4.3292861650272325,,,
audit_sweep_ncal4,574,0.5653663395369238,0.10615778603485149,0.0,-0.11314950697348647,2.6352293511488716,24.39106134611672,4,25,16646,1.4229879996072192,,,
audit_sweep_ncal4,575,0.5655640154002116,0.10639018393939115,0.0,-0.05383165538996737,4.003729492819202,25.759561487787053,4,25,16675,6.064036481862753,,,
audit_sweep_ncal4,576,0.5654163091523061,0.10808723716680535,0.0,-0.16699472686420666,1.7661651915642067,23.521997186532055,4,25,16704,1.265748558536542,,,
audit_sweep_ncal4,577,0.5652803012348452,0.10642302049394681,0.0,0.10882255283705743,2.4400110603013245,24.195843055269172,4,25,16733,1.6825144840341846,,,
audit_sweep_ncal4,578,0.5652878850054328,0.10764840544306276,0.0,-0.19820542288308354,3.112277307880081,24.86810930284793,4,25,16762,1.394037817482267,,,
audit_sweep_ncal4,579,0.5651531067826651,0.10819260599521219,0.0,-0.03335795492251841,4.1231964334832325,25.879028428451083,4,25,16791,3.5879519544057086,,,
audit_sweep_ncal4,580,0.5649393343507114,0.10950313104405662,0.0,-0.19879659907353076,3.898850607212122,25.65468260217997,4,25,16820,5.543755852640158,,,
audit_sweep_ncal4,581,0.5646877760701793,0.11158916081934911,0.0,-0.21272028144680108,2.3619319863716086,24.117763981339458,4,25,16849,1.4555488050030538,,,
audit_sweep_ncal4,582,0.5649307245552164,0.11139348101696323,0.0,0.02126460485861048,2.413430302703697,24.169262297671548,4,25,16878,1.281475725958912,,,
audit_sweep_ncal4,583,0.5651800998063394,0.10853180835007581,0.0,0.22505747886278463,3.704428771062131,25.46026076602998,4,25,16907,3.89024749221612,,,
audit_sweep_ncal4,584,0.5663938677520489,0.0927659166478424,0.0,1.4145961083917633,2.389804204519557,24.145636199487406,4,25,16936,10.355763407638632,,,
audit_sweep_ncal4,585,0.5664236368733189,0.09058497262009357,0.0,0.18543059645848636,2.708809152504542,24.464641147472392,4,25,16965,1.0298096316070064,,,
audit_sweep_ncal4,586,0.5658049483214103,0.09969295020163293,0.0,-0.8976500157709305,3.1214502433360516,24.877282238303902,4,25,16994,4.991885581859493,,,
audit_sweep_ncal4,587,0.5660464677155359,0.09542772169197122,0.0,0.3815447501306006,2.778365483915246,24.534197478883094,4,25,17023,0.8732751518677416,,,
audit_sweep_ncal4,588,0.5659919669904662,0.09620407235152617,0.0,-0.05501421669115781,2.193851613077246,23.949683608045095,4,25,17052,1.1864861001236944,,,
audit_sweep_ncal4,589,0.5662733767981296,0.09496768956075607,0.0,0.08749126485171703,5.11476879692928,26.87060079189713,4,25,17081,8.468564107385593,,,
audit_sweep_ncal4,590,0.5663173326532838,0.0967917127584429,0.0,-0.17368811962585531,1.2416034198604033,22.997435414828253,4,25,17110,0.6826442832715428,,,
audit_sweep_ncal4,591,0.5662969552956163,0.0983863261586958,0.0,-0.19073201784123056,1.484351337564748,23.240183332532595,4,25,17139,0.6995560219293927,,,
audit_sweep_ncal4,592,0.5663133554640484,0.09944525182128627,0.0,-0.11951522951016486,1.930144275545591,23.68597627051344,4,25,17168,1.3958175139836257,,,
audit_sweep_ncal4,593,0.5667202985517527,0.09371837427242258,0.0,0.4973101826545347,2.075180676964406,23.831012671932257,4,25,17197,3.0003922120455693,,,
audit_sweep_ncal4,594,0.5667373351916538,0.09516484906753808,0.0,-0.2005891085301896,2.367836715686298,24.123668710654147,4,25,17226,2.0660681597805546,,,
audit_sweep_ncal4,595,0.5667343758081823,0.09565910753753004,0.0,-0.014375311643162839,3.457858852872981,25.21369084784083,4,25,17255,3.72975904899347,,,
audit_sweep_ncal4,596,0.5672724673696439,0.09211697048372802,0.0,0.2945210735870194,4.268550956231356,26.024382951199204,4,25,17284,3.465095045439913,,,
audit_sweep_ncal4,597,0.5669178314146147,0.09431041519377259,0.0,-0.26325210526442794,6.043695581051548,27.799527576019397,4,25,17313,10.537051020836701,,,
audit_sweep_ncal4,598,0.5666871262735996,0.09663599356407448,0.0,-0.23518190577490736,7.052351429849522,28.808183424817372,4,25,17342,11.781779923399338,,,
audit_sweep_ncal4,599,0.5675796044882521,0.08540295474214787,0.0,0.9806244782592011,2.093721151518558,23.849553146486407,4,25,17371,7.509933490144629,,,
audit_sweep_ncal4,600,0.567203281179777,0.08731487974233199,0.0,-0.21229717755888142,2.897323812236644,24.65315580720449,4,25,17400,2.2940497984683037,,,
audit_sweep_ncal4,601,0.5671295627853746,0.08908192972178319,0.9,0.674693612369781,2.3899296095312534,24.145761604499103,4,25,17429,2.3168798217567823,,,
audit_sweep_ncal4,602,0.5671924275343133,0.08835125694722035,0.9,0.9063518616106663,1.8930521007440932,23.648884095711942,4,25,17458,1.285282575909723,,,
audit_sweep_ncal4,603,0.5672081795138593,0.08771339878680506,0.9,0.9063496098645626,5.609399712698538,27.36523170766639,4,25,17487,7.154672863106575,,,
audit_sweep_ncal4,604,0.5675544051126151,0.08386751055499131,0.9,1.272501981629893,3.5581647874688627,25.31399678243671,4,25,17516,4.026018100332929,,,
audit_sweep_ncal4,605,0.5673082304495201,0.0877371780172792,0.9,0.4928098406006591,4.309399517232503,26.065231512200352,4,25,17545,5.332569875836608,,,
audit_sweep_ncal4,606,0.5668407840099011,0.09166704021617256,0.9,0.49165102000579575,3.502799672447728,25.258631667415578,4,25,17574,2.2094516221890195,,,
audit_sweep_ncal4,607,0.5668578513591207,0.08935004679172154,0.9,1.1085810440085029,1.810051379689837,23.565883374657687,4,25,17603,1.6120209338310394,,,
audit_sweep_ncal4,608,0.5667042163680001,0.09259267132189497,0.9,0.5484905614170763,1.8334272859648095,23.58925928093266,4,25,17632,1.610317856955516,,,
audit_sweep_ncal4,609,0.5672682906416208,0.08311208649523016,0.9,1.7233762541468427,4.164384721046223,25.92021671601407,4,25,17661,7.485772605937144,,,
audit_sweep_ncal4,610,0.5674721396192636,0.08078709132168072,0.9,1.1056268371274116,4.5842471502326125,26.340079145200463,4,25,17690,3.4307929604549003,,,
audit_sweep_ncal4,611,0.5677947679176086,0.07775654692551814,0.9,1.1930908437932701,2.851785248378837,24.607617243346688,4,25,17719,5.055419770437927,,,
audit_sweep_ncal4,612,0.5678556210272722,0.07922098222078833,0.9,0.700856325048295,2.2101307954601492,23.965962790427998,4,25,17748,1.4040676094941187,,,
audit_sweep_ncal4,613,0.5676110581358277,0.08258132373351967,0.9,0.5527396720242623,7.270422270235458,29.026254265203306,4,25,17777,12.400051353847324,,,
audit_sweep_ncal4,614,0.5673580080731342,0.08670081927558326,0.9,0.47119466458716064,2.823810087160805,24.579642082128654,4,25,17806,1.7298591429606127,,,
audit_sweep_ncal4,615,0.5676388475457399,0.08608672701831965,0.9,0.8965266055792287,3.6577623440893716,25.41359433905722,4,25,17835,3.1733231605710572,,,
audit_sweep_ncal4,616,0.5671708360644165,0.09103622141578183,0.9,0.44673394526631194,4.656890843579,26.41272283854685,4,25,17864,3.923449773923503,,,
audit_sweep_ncal4,617,0.5667974504141424,0.0960059862252376,0.9,0.4004103948771197,2.7337346130432607,24.48956660801111,4,25,17893,2.164801236862363,,,
audit_sweep_ncal4,618,0.5669643885861892,0.09538867567100884,0.9,0.9135262061150282,3.484890088099493,25.240722083067343,4,25,17922,3.238517386093256,,,
audit_sweep_ncal4,619,0.5668140791441075,0.09675609416755948,0.9,0.6697752311914998,3.987219206896388,25.743051201864237,4,25,17951,3.563084885994701,,,
audit_sweep_ncal4,620,0.5669974264855707,0.09254390477241747,0.9,1.2759453169408315,1.7230724544525,23.478904449420348,4,25,17980,1.936188157636266,,,
audit_sweep_ncal4,621,0.566642797828349,0.09771705808963749,0.9,0.39575689008190973,2.462139783922895,24.217971778890742,4,25,18009,2.2554525184847374,,,
audit_sweep_ncal4,622,0.5665511720800093,0.09950692640908299,0.9,0.7364757782667438,3.290604851435072,25.04643684640292,4,25,18038,3.475744105948804,,,
audit_sweep_ncal4,623,0.5669045734008143,0.09643991518222195,0.9,1.1211947069790775,1.8640442965143122,23.61987629148216,4,25,18067,1.4445128436252708,,,
audit_sweep_ncal4,624,0.5671875131359951,0.09480774469436515,0.9,0.9989488319415222,1.9869502674030244,23.742782262370874,4,25,18096,1.3395946936463252,,,
audit_sweep_ncal4,625,0.5670340140948268,0.09463785417316917,0.9,0.9006378843657123,3.403311326149197,25.159143321117046,4,25,18125,3.689066002599599,,,
audit_sweep_ncal4,626,0.5672906631270277,0.09114278080686455,0.9,1.2065581657212352,3.1276520859327244,24.883484080900573,4,25,18154,5.571739738985629,,,
audit_sweep_ncal4,627,0.5675359167771701,0.08956058703265624,0.9,1.0101712382229837,2.658397994281398,24.414229989249247,4,25,18183,1.116447855514198,,,
audit_sweep_ncal4,628,0.5676264220371537,0.08961590665677466,0.9,0.8404565840035428,4.369642635918279,26.125474630886128,4,25,18212,3.2555748540560003,,,
audit_sweep_ncal4,629,0.5676838635191016,0.08838991794963846,0.9,0.9738092218547901,3.416660754874363,25.172492749842213,4,25,18241,2.8541234112257623,,,
audit_sweep_ncal4,630,0.5678549257838489,0.08601349413971937,0.9,1.0995407355699924,3.4805180443066384,25.236350039274488,4,25,18270,4.065197310843969,,,
audit_sweep_ncal4,631,0.5686775455016437,0.07805458189099379,0.9,1.6439618574156165,3.0677158133645936,24.823547808332442,4,25,18299,3.967163167253939,,,
audit_sweep_ncal4,632,0.5692076669726162,0.06988866173389507,0.9,1.6188875988660618,2.469500973235666,24.225332968203514,4,25,18328,5.477360362314407,,,
audit_sweep_ncal4,633,0.5692823135814494,0.06895631846312045,0.9,0.977398141599933,4.138551211526997,25.894383206494847,4,25,18357,2.825204636573844,,,
audit_sweep_ncal4,634,0.5692186586664487,0.06843846512367646,0.9,0.9364145143361083,5.9530828853906765,27.708914880358527,4,25,18386,6.891290949868335,,,
audit_sweep_ncal4,635,0.568919332037184,0.0720054760140395,0.9,0.5075080257234704,2.887132133632102,24.64296412859995,4,25,18415,3.919551816551249,,,
audit_sweep_ncal4,636,0.5686022787409446,0.0750548296880742,0.9,0.5857513915220202,3.583011982455803,25.33884397742365,4,25,18444,3.4341800396094637,,,
audit_sweep_ncal4,637,0.5685145368205375,0.07748547181008625,0.9,0.6546883746647194,4.326024133434573,26.08185612840242,4,25,18473,3.3575660611452647,,,
audit_sweep_ncal4,638,0.5685635924179493,0.07715172929045955,0.9,0.9034067400176127,2.7800167438964136,24.535848738864264,4,25,18502,1.368606717512206,,,
audit_sweep_ncal4,639,0.5688622851629107,0.0723559661786779,0.9,1.3303045375073927,2.8361623241240936,24.591994319091942,4,25,18531,1.8775409113336123,,,
audit_sweep_ncal4,640,0.568730721270578,0.07364635574384348,0.9,0.7233562586177549,2.8097282749794976,24.565560269947348,4,25,18560,1.0432996040424953,,,
audit_sweep_ncal4,641,0.5687546567809756,0.07684215674290973,0.9,0.5833545527568126,1.974597869919518,23.730429864887366,4,25,18589,1.3022927947102567,,,
audit_sweep_ncal4,642,0.5687061667574983,0.07620056742066417,0.9,0.9441051733881685,2.443528183307297,24.199360178275146,4,25,18618,1.302057356880429,,,
audit_sweep_ncal4,643,0.5685067696584304,0.07879024954005176,0.9,0.6488107579752805,3.2328359753546985,24.98866797032255,4,25,18647,2.42211208832418,,,
audit_sweep_ncal4,644,0.5686716303322662,0.07738872122252827,0.9,1.0105538184641556,4.393974258231202,26.149806253199053,4,25,18676,3.654397852399028,,,
audit_sweep_ncal4,645,0.5685718698511053,0.0777319275976407,0.9,0.8331771140058873,3.545509401768635,25.301341396736483,4,25,18705,3.6505542994233626,,,
audit_sweep_ncal4,646,0.5685004074494877,0.07834340789541583,0.9,0.8154491008244028,2.7444721675775834,24.500304162545433,4,25,18734,1.6297153095472936,,,
audit_sweep_ncal4,647,0.5682752233540661,0.08124731438885169,0.9,0.6725944749397279,3.9331470866906333,25.68897908165848,4,25,18763,2.4127819015267016,,,
audit_sweep_ncal4,648,0.5682743809612177,0.08043548006386636,0.9,1.014465465026533,2.021085061355872,23.77691705632372,4,25,18792,1.2127899088898115,,,
audit_sweep_ncal4,649,0.567939869472388,0.0858327974208366,0.9,0.3937317329131433,2.1086958331714154,23.864527828139266,4,25,18821,0.808345588729044,,,
audit_sweep_ncal4,650,0.5679828202164534,0.08717761017055536,0.9,0.7376689499799387,2.0558300621943135,23.811662057162163,4,25,18850,2.1691962818487602,,,
audit_sweep_ncal4,651,0.567995881945209,0.08593174798646597,0.9,1.0145618567535957,3.76007545731541,25.51590745228326,4,25,18879,3.409602426383021,,,
audit_sweep_ncal4,652,0.5674807492373459,0.09131299271284565,0.9,0.37198686600268144,7.126460582991223,28.88229257795907,4,25,18908,7.524239676860145,,,
audit_sweep_ncal4,653,0.5677640813752716,0.08907979811273126,0.9,1.0552834679524026,3.592057139161666,25.347889134129517,4,25,18937,4.009004323955573,,,
audit_sweep_ncal4,654,0.5675244080230427,0.09368465298006812,0.9,0.4317329079398568,4.655119317376257,26.410951312344107,4,25,18966,4.4604075656362,,,
audit_sweep_ncal4,655,0.5667931765861817,0.10243059387276832,0.9,0.06516558378240278,3.1564599399821627,24.912291934950012,4,25,18995,10.319151835233907,,,
audit_sweep_ncal4,656,0.5669751732187212,0.09991900574111223,0.9,1.112023547635404,4.530611403008101,26.28644339797595,4,25,19024,3.892668903816927,,,
audit_sweep_ncal4,657,0.5669365477357007,0.10087166943846348,0.9,0.805097017647693,2.8269278178419333,24.582759812809783,4,25,19053,1.0398702955392585,,,
audit_sweep_ncal4,658,0.5669926388459195,0.09847278513528757,0.9,1.0875183638663743,3.5299372610295943,25.285769255997444,4,25,19082,3.4807396762621146,,,
audit_sweep_ncal4,659,0.5668220320743946,0.10014824627296426,0.9,0.6785717185944374,4.882762328398187,26.638594323366036,4,25,19111,3.491631110224086,,,
audit_sweep_ncal4,660,0.5671478189275465,0.0948284312110994,0.9,1.366128240683327,2.7620866539030104,24.51791864887086,4,25,19140,5.2424218837766805,,,
audit_sweep_ncal4,661,0.5672946467609252,0.09334313468810196,0.9,1.0439081834697954,1.061236237806712,22.81706823277456,4,25,19169,0.7404986765666167,,,
audit_sweep_ncal4,662,0.5673104504785066,0.0937930312198978,0.9,0.8346900101857649,3.736524989275892,25.49235698424374,4,25,19198,3.4068828854794564,,,
audit_sweep_ncal4,663,0.5676089185130629,0.090275696520425,0.9,1.2502315439635947,4.8723689525003095,26.62820094746816,4,25,19227,6.761326440962069,,,
audit_sweep_ncal4,664,0.5671895152421763,0.09654707293716325,0.9,0.2917901060891621,2.5602455626185554,24.316077557586404,4,25,19256,5.550423552978162,,,
audit_sweep_ncal4,665,0.5672565855303334,0.09648193105671898,0.9,0.869239409857356,1.9284331136691286,23.68426510863698,4,25,19285,1.3412554697054262,,,
audit_sweep_ncal4,666,0.5670678381007477,0.10076917138599673,0.9,0.4493074494870676,3.8000286075679655,25.555860602535816,4,25,19314,4.0219270709707065,,,
audit_sweep_ncal4,667,0.5666982789508598,0.10343733299723235,0.9,0.6000472338901401,2.768083350447647,24.523915345415496,4,25,19343,1.3129620226440673,,,
audit_sweep_ncal4,668,0.5669820111763048,0.10087120861087073,0.9,1.0995306106938278,2.303495651911971,24.05932764687982,4,25,19372,1.822087140479372,,,
audit_sweep_ncal4,669,0.5674379463196783,0.09894253920896767,0.9,1.0420928042768727,2.014137467484871,23.76996946245272,4,25,19401,1.3749095978102657,,,
audit_sweep_ncal4,670,0.5673730098792438,0.10334677079820664,0.9,0.4607742145132673,1.2432542593210272,22.999086254288876,4,25,19430,1.544082445215597,,,
audit_sweep_ncal4,671,0.567478482793584,0.10318281904935667,0.9,0.9012562502082542,3.899912867421409,25.65574486238926,4,25,19459,3.750068684028235,,,
audit_sweep_ncal4,672,0.5672267169782043,0.10562533931701845,0.9,0.6615256961757302,2.657236625479901,24.41306862044775,4,25,19488,3.01177333115611,,,
audit_sweep_ncal4,673,0.5670740384489713,0.10277069054436083,0.9,1.1644629157948538,4.51107676094661,26.266908755914457,4,25,19517,3.1660132214813492,,,
audit_sweep_ncal4,674,0.5673413895680386,0.10079203982422469,0.9,1.0601888041611653,2.094052314505584,23.84988430947343,4,25,19546,1.1569542985685255,,,
audit_sweep_ncal4,675,0.5675701374559781,0.09867673744107552,0.9,1.0731082946706527,3.301959461976072,25.05779145694392,4,25,19575,4.695830556542919,,,
audit_sweep_ncal4,676,0.5667078574792821,0.1077743668238137,0.9,0.07357931698317202,3.486450375482028,25.242282370449878,4,25,19604,10.92608509206929,,,
audit_sweep_ncal4,677,0.5663320480407957,0.1131882710575165,0.9,0.32631745922862937,3.2467428510851755,25.002574846053026,4,25,19633,2.093458436900805,,,
audit_sweep_ncal4,678,0.5663273527537493,0.11248843735648306,0.9,0.9204574773030028,1.9766707818707343,23.732502776838583,4,25,19662,1.1673085230127405,,,
audit_sweep_ncal4,679,0.5661193721687298,0.11278389542174261,0.9,0.8212801051973081,2.660185111052134,24.416017106019982,4,25,19691,1.4392532818240025,,,
audit_sweep_ncal4,680,0.565930908984268,0.11589472380896404,0.9,0.548412051951568,2.5136374508925208,24.26946944586037,4,25,19720,1.6609497826653088,,,
audit_sweep_ncal4,681,0.565529118264701,0.12114247606704209,0.9,0.3489640787179295,2.9523307971099926,24.708162792077843,4,25,19749,1.9448146289020776,,,
audit_sweep_ncal4,682,0.5648366652475384,0.12773746854556767,0.9,0.2730915637880965,2.789585470031239,24.545417464999087,4,25,19778,3.4672957974971244,,,
audit_sweep_ncal4,683,0.5647285052926588,0.12853572972442584,0.9,0.7475732592984323,2.0725196409023354,23.828351635870185,4,25,19807,1.8440642291786602,,,
audit_sweep_ncal4,684,0.5646961320613126,0.12711445808738164,0.9,1.01066558879776,2.469783364718724,24.22561535968657,4,25,19836,1.4709462915596352,,,
audit_sweep_ncal4,685,0.5652903406273136,0.11857384392175452,0.9,1.637220399444122,3.8520556792266536,25.6078876741945,4,25,19865,6.595938981414395,,,
audit_sweep_ncal4,686,0.5652655450764554,0.11711209488371888,0.9,0.9927481229934149,2.77307233939504,24.52890433436289,4,25,19894,1.49107622911495,,,
audit_sweep_ncal4,687,0.564581461878999,0.12339766813845998,0.9,0.2917694694629795,1.9552300642864786,23.711062059254328,4,25,19923,3.238671901746694,,,
audit_sweep_ncal4,688,0.5653603580803935,0.11301967049581607,0.9,1.8093104127800574,4.280057638793461,26.03588963376131,4,25,19952,6.087735572683541,,,
audit_sweep_ncal4,689,0.5650180087098126,0.12003595314562843,0.9,0.26011222322548905,3.3979600897602773,25.153792084728128,4,25,19981,1.8072322209432121,,,
audit_sweep_ncal4,690,0.5654234310306199,0.11712547713375465,0.9,1.1079058213862911,3.0006313075165214,24.75646330248437,4,25,20010,1.6829337016613923,,,
audit_sweep_ncal4,691,0.5653892463935272,0.11831098149204733,0.9,0.7584526793109867,2.2091082927468735,23.96494028771472,4,25,20039,0.8549208994574703,,,
audit_sweep_ncal4,692,0.5657522942517704,0.11427514165720754,0.9,1.202980557096931,4.2520486334197,26.00788062838755,4,25,20068,3.136008298271543,,,
audit_sweep_ncal4,693,0.5649430017549721,0.12310693281142249,0.9,0.04880860270662418,3.574098094656542,25.32993008962439,4,25,20097,15.505428595819918,,,
audit_sweep_ncal4,694,0.5647850336789114,0.1260391370652727,0.9,0.6409725278096737,2.9707226268602414,24.72655462182809,4,25,20126,3.399322613867219,,,
audit_sweep_ncal4,695,0.5648262114037389,0.1256083173254684,0.9,0.8853719387563926,2.0415332239783224,23.797365218946172,4,25,20155,1.0961670627986226,,,
audit_sweep_ncal4,696,0.5646338343848067,0.12712893733439457,0.9,0.6737029559645061,2.233288947682504,23.989120942650352,4,25,20184,1.1650967556912073,,,
audit_sweep_ncal4,697,0.5648787826884726,0.1263579473951647,0.9,0.9599797621426507,2.3780899191731306,24.13392191414098,4,25,20213,1.3215004858740536,,,
audit_sweep_ncal4,698,0.5644971097253403,0.12886940493670118,0.9,0.657932301608765,4.334661734182769,26.09049372915062,4,25,20242,8.123850548566534,,,
audit_sweep_ncal4,699,0.5647638395250828,0.12151234865647398,0.9,1.5544851999187965,2.2754569715584756,24.031288966526326,4,25,20271,3.6014016641987516,,,
audit_sweep_ncal4,700,0.5647770832320692,0.12291443421824855,0.9,0.7471883901841934,3.907124915316447,25.662956910284297,4,25,20300,3.449479936969502,,,
audit_sweep_ncal4,701,0.5648700002195473,0.12298385411518498,0.9,0.8245821083140256,3.403866070993021,25.15969806596087,4,25,20329,3.91024845977259,,,
audit_sweep_ncal4,702,0.5650256218768177,0.11978580378394788,0.9,1.1524356690286734,2.0884101503972095,23.844242145365058,4,25,20358,1.1899257766783025,,,
audit_sweep_ncal4,703,0.5653779848539455,0.11705309673636233,0.9,1.1038231165946035,2.440826411805025,24.196658406772876,4,25,20387,1.6405537877883083,,,
audit_sweep_ncal4,704,0.565290843826676,0.11979006815027249,0.9,0.5899798047354159,4.103037414815031,25.85886940978288,4,25,20416,6.759902660413172,,,
audit_sweep_ncal4,705,0.5654521450579898,0.116065804259881,0.9,1.2093942554481407,2.439476536336429,24.195308531304278,4,25,20445,2.26385894797983,,,
audit_sweep_ncal4,706,0.5652861671675048,0.11686424838452703,0.9,0.7720136527556108,5.587671687938705,27.343503682906555,4,25,20474,11.37661553724191,,,
audit_sweep_ncal4,707,0.5658984437973721,0.11353583896195307,0.9,1.220344187362342,3.5179471943589733,25.273779189326824,4,25,20503,4.0319783865467675,,,
audit_sweep_ncal4,708,0.566457077381414,0.10720757793321012,0.9,1.457517329846075,3.38756938162906,25.14340137659691,4,25,20532,3.6183145114907296,,,
audit_sweep_ncal4,709,0.5667053072511189,0.1052175490981413,0.9,1.0417244411450324,4.1418976509486285,25.897729645916478,4,25,20561,3.296006971900884,,,
audit_sweep_ncal4,710,0.5661916759236909,0.10991317354583896,0.9,0.4731167981562687,4.383249286935516,26.139081281903366,4,25,20590,8.923575047580693,,,
audit_sweep_ncal4,711,0.5655508645407145,0.11840922922404817,0.9,0.07090637196600003,3.814677318711065,25.570509313678915,4,25,20619,5.227615982168143,,,
audit_sweep_ncal4,712,0.5657904014762781,0.115377183621591,0.9,1.1352937521730768,2.1593583783793204,23.91519037334717,4,25,20648,1.1545396932998275,,,
audit_sweep_ncal4,713,0.5660072186959363,0.11400719232574574,0.9,0.9717929426162365,2.0313952310991388,23.78722722606699,4,25,20677,1.1055547932996224,,,
audit_sweep_ncal4,714,0.5650053284283233,0.12486786296776442,0.9,-0.13354022534195453,2.7397221419637106,24.49555413693156,4,25,20706,3.6926818332207314,,,
audit_sweep_ncal4,715,0.5646793047667142,0.12933329590537002,0.9,0.4619354262986802,2.3090447991940697,24.06487679416192,4,25,20735,1.2843604730953446,,,
audit_sweep_ncal4,716,0.5647838052468604,0.12955189309928716,0.9,0.8224885004265355,3.1005395069104575,24.856371501878307,4,25,20764,1.6320452238197514,,,
audit_sweep_ncal4,717,0.5656310313828414,0.12190728554714736,0.9,1.5613217058854254,1.814652125433815,23.570484120401666,4,25,20793,4.610796578839446,,,
audit_sweep_ncal4,718,0.5656991770172045,0.12009433413483661,0.9,1.007351196769562,4.6430411229722175,26.398873117940067,4,25,20822,3.5267154791559685,,,
audit_sweep_ncal4,719,0.5657571317421419,0.12201195735247161,0.9,0.6498358473416112,3.6941715790858205,25.45000357405367,4,25,20851,3.750801698509648,,,
audit_sweep_ncal4,720,0.5655412900247849,0.12444567694209863,0.9,0.6437590289956622,5.412748119466013,27.168580114433862,4,25,20880,7.494015964335891,,,
audit_sweep_ncal4,721,0.5656314162544718,0.1235070387015118,0.9,0.9883839833261578,3.749500672192192,25.50533266716004,4,25,20909,3.387228553793657,,,
audit_sweep_ncal4,722,0.5654330084769063,0.12496906624055326,0.9,0.7579069393831334,4.173892942738283,25.929724937706133,4,25,20938,3.249444808564033,,,
audit_sweep_ncal4,723,0.5657523428453415,0.12401300635322376,0.9,0.9543160481469088,2.673510870215103,24.429342865182953,4,25,20967,1.2968736545984891,,,
audit_sweep_ncal4,724,0.5662295872852141,0.11872365714963484,0.9,1.3612275735567907,3.18688119557202,24.94271319053987,4,25,20996,4.175110997218002,,,
audit_sweep_ncal4,725,0.5671239928680808,0.11066225591340906,0.9,1.5863905983140871,2.189369726742018,23.945201721709868,4,25,21025,4.992299023832997,,,
audit_sweep_ncal4,726,0.5673510085422713,0.10914309195940175,0.9,1.0614984107684637,3.1309638561188677,24.886795851086717,4,25,21054,2.491480146410468,,,
audit_sweep_ncal4,727,0.5670859613872127,0.11342085227716714,0.9,0.4611704473456085,2.7775713707907337,24.533403365758584,4,25,21083,1.5770724726260907,,,
audit_sweep_ncal4,728,0.5671729739297567,0.11429601301699344,0.9,0.8038863732580205,1.1197299841736066,22.875561979141455,4,25,21112,0.48145704336410045,,,
audit_sweep_ncal4,729,0.5669183322866682,0.11530209962033855,0.9,0.8103520256108748,3.734986288025605,25.490818282993455,4,25,21141,3.4888878002165016,,,
audit_sweep_ncal4,730,0.5679449088982159,0.1053203756930089,0.9,1.7540937852087137,2.7979665148257746,24.553798509793623,4,25,21170,2.727314211871895,,,
audit_sweep_ncal4,731,0.5680040103730273,0.10434285422079093,0.9,0.9406529700586805,2.478967161860598,24.234799156828448,4,25,21199,1.1475976235602774,,,
audit_sweep_ncal4,732,0.5680250938651565,0.10655018057858201,0.9,0.6693625978281551,3.9724677217426336,25.72829971671048,4,25,21228,2.568300726301702,,,
audit_sweep_ncal4,733,0.5680786899756008,0.10237721346872275,0.9,1.2564347311553337,1.247898885542673,23.00373088051052,4,25,21257,0.6029592549036625,,,
audit_sweep_ncal4,734,0.5682258792848284,0.10094849451603405,0.9,1.0060510521036148,2.7308258530779086,24.48665784804576,4,25,21286,1.5106412174492097,,,
audit_sweep_ncal4,735,0.5679606593854457,0.10492033845851023,0.9,0.49676005446345806,4.734128697492685,26.489960692460535,4,25,21315,8.127331275670132,,,
audit_sweep_ncal4,736,0.5684129779947971,0.1011427221589809,0.9,1.2243891523947998,1.9714096132086234,23.727241608176474,4,25,21344,2.2866404288287208,,,
audit_sweep_ncal4,737,0.5683603229890952,0.10360275946553332,0.9,0.6511156918362836,2.347377853327958,24.10320984829581,4,25,21373,1.603932287483809,,,
audit_sweep_ncal4,738,0.5685152306133738,0.10174669948886972,0.9,1.0254963818690381,1.8203298112450694,23.57616180621292,4,25,21402,1.160520010146292,,,
audit_sweep_ncal4,739,0.5688825216723212,0.10205575206717898,0.9,0.8140395198563933,2.6159910329392035,24.371823027907052,4,25,21431,1.4154423338848174,,,
audit_sweep_ncal4,740,0.568307237858488,0.1090072467242369,0.9,0.19733681798264818,3.9790599282564734,25.73489192322432,4,25,21460,7.840607575709142,,,
audit_sweep_ncal4,741,0.5685594996479427,0.10560064482028308,0.9,1.1652513612250703,2.1540090276235215,23.909841022591372,4,25,21489,1.353017413675948,,,
audit_sweep_ncal4,742,0.5683933120970756,0.11044711802032858,0.9,0.41953530518045695,2.9764589068173017,24.732290901785152,4,25,21518,1.993433704714851,,,
audit_sweep_ncal4,743,0.5682303863234784,0.11250903058407258,0.9,0.6499506878374787,2.4945401347097307,24.25037212967758,4,25,21547,1.1642702951260213,,,
audit_sweep_ncal4,744,0.568564181920125,0.108748821278835,0.9,1.2208411809945046,1.7467612091519662,23.502593204119815,4,25,21576,2.3666708992317536,,,
audit_sweep_ncal4,745,0.5684275125281708,0.10744185636004888,0.9,1.0144546569333721,1.8696628814141871,23.625494876382035,4,25,21605,1.1039602334258622,,,
audit_sweep_ncal4,746,0.5679981933468964,0.11275658509055153,0.9,0.4088393884027745,2.320582252154276,24.076414247122123,4,25,21634,1.9881524219164672,,,
audit_sweep_ncal4,747,0.568296459287215,0.10851595077136234,0.9,1.2427856365219792,5.028410666085917,26.784242661053767,4,25,21663,6.409819605620592,,,
audit_sweep_ncal4,748,0.5683385385821593,0.10972698454985796,0.9,0.7704987463737145,5.952501957857683,27.708333952825534,4,25,21692,8.067911091562818,,,
audit_sweep_ncal4,749,0.568758090107153,0.10607154083070747,0.9,1.1961986633047472,2.8818304088939453,24.637662403861796,4,25,21721,1.5659339604818854,,,
audit_sweep_ncal4,750,0.5689991556713802,0.10332317691887327,0.9,1.0989049881480528,4.046443018578295,25.802275013546144,4,25,21750,3.9270619249851775,,,
audit_sweep_ncal4,751,0.5691293074291831,0.10498802299305376,0.9,0.7259552103313901,4.171025450003825,25.926857444971674,4,25,21779,2.704982263145684,,,
audit_sweep_ncal4,752,0.5687653937567064,0.10688557051130254,0.9,0.6539406319986524,2.0220063213888695,23.777838316356718,4,25,21808,1.2367638792727003,,,
audit_sweep_ncal4,753,0.5692414460783083,0.10048480575407714,0.9,1.4639477194152235,3.2917941049231856,25.047626099891033,4,25,21837,5.16136812898074,,,
audit_sweep_ncal4,754,0.5691179491372974,0.10332904753189476,0.9,0.6607418937637801,2.657863893688103,24.41369588865595,4,25,21866,0.8671414738086949,,,
audit_sweep_ncal4,755,0.569153970381719,0.10401385973269284,0.9,0.7825394476986427,1.7603339286225055,23.516165923590354,4,25,21895,0.9827186204634295,,,
audit_sweep_ncal4,756,0.5693379631108385,0.10469122131532238,0.9,0.7480173043246211,1.9305161978375933,23.686348192805443,4,25,21924,1.0491059549216144,,,
audit_sweep_ncal4,757,0.5693408796870153,0.10277977010786687,0.9,1.0661046307697961,2.263774647472673,24.01960664244052,4,25,21953,1.565036171290255,,,
audit_sweep_ncal4,758,0.5694612546175823,0.10005811554996813,0.9,1.1572212559358275,2.8274733595371866,24.583305354505036,4,25,21982,1.1155771981863585,,,
audit_sweep_ncal4,759,0.5699661303615007,0.09683121847705778,0.9,1.201260070088018,1.9392442558632905,23.69507625083114,4,25,22011,2.1668533384479933,,,
audit_sweep_ncal4,760,0.5700238951026733,0.09882284857882695,0.9,0.6724666065673077,1.9750515369273896,23.730883531895238,4,25,22040,0.8877877760872707,,,
audit_sweep_ncal4,761,0.5707901659844479,0.09235110302080629,0.9,1.4703293843811274,2.0020834001775207,23.75791539514537,4,25,22069,4.0093910181036385,,,
audit_sweep_ncal4,762,0.570810454089131,0.09063946659373401,0.9,1.031296174903087,3.113451373626915,24.869283368594765,4,25,22098,1.1665925111864606,,,
audit_sweep_ncal4,763,0.5711510705436895,0.08628962700623466,0.9,1.2850627878366785,2.512452569778273,24.26828456474612,4,25,22127,1.665564005536749,,,
audit_sweep_ncal4,764,0.5717633609420206,0.07897611660045178,0.9,1.6211305260108826,3.6885164078356816,25.44434840280353,4,25,22156,4.377899506659067,,,
audit_sweep_ncal4,765,0.571820941064097,0.08094223013408497,0.9,0.6513205572402359,2.4239552751318127,24.179787270099663,4,25,22185,2.367795924919965,,,
audit_sweep_ncal4,766,0.5716074373049119,0.08048292617992392,0.9,0.8710571754168873,3.038123412862017,24.793955407829866,4,25,22214,3.6606484817844374,,,
audit_sweep_ncal4,767,0.5715877219607628,0.07743724181174472,0.9,1.1950161346102375,3.5006848993782094,25.25651689434606,4,25,22243,3.9197869296999603,,,
audit_sweep_ncal4,768,0.5718393997618515,0.07171338108574687,0.9,1.443173318711408,2.670388569497636,24.426220564465485,4,25,22272,3.4245369508435344,,,
audit_sweep_ncal4,769,0.5721791265159941,0.06515571980167767,0.9,1.5103715944309117,2.3281643911578036,24.08399638612565,4,25,22301,3.530790965083725,,,
audit_sweep_ncal4,770,0.5721484402316934,0.0659579735714827,0.9,0.7750782455327297,3.8594877379103867,25.615319732878234,4,25,22330,3.6810597599514,,,
audit_sweep_ncal4,771,0.5724946105902404,0.06311985379462859,0.9,1.2267025441315011,3.4825814244917446,25.238413419459594,4,25,22359,3.635775426985832,,,
audit_sweep_ncal4,772,0.5725840672862741,0.05873734594341118,0.9,1.2709480073476291,4.1619174986759635,25.91774949364381,4,25,22388,2.426461892736866,,,
audit_sweep_ncal4,773,0.5726657890877846,0.06087310896132392,0.9,0.6732599937466628,2.1195661653676,23.87539816033545,4,25,22417,1.6097582990694161,,,
audit_sweep_ncal4,774,0.5728900475810338,0.054852833438076454,0.9,1.5039440150793384,3.418638446071171,25.17447044103902,4,25,22446,6.514347830585445,,,
audit_sweep_ncal4,775,0.5730284901044876,0.04913939589376659,0.9,1.4444590340812504,4.085156001894544,25.840987996862392,4,25,22475,3.5238487215287027,,,
audit_sweep_ncal4,776,0.5730839606708955,0.04624612662208549,0.9,1.2092287315210148,3.218992197699408,24.974824192667256,4,25,22504,2.1891102614328757,,,
audit_sweep_ncal4,777,0.5729410828801184,0.04393119234010412,0.9,1.120155039189134,3.9438258397631896,25.69965783473104,4,25,22533,3.250586962318682,,,
audit_sweep_ncal4,778,0.5729292199191588,0.04522399222185913,0.9,0.7629646999778307,2.434747221543036,24.190579216510883,4,25,22562,2.0707764536729285,,,
audit_sweep_ncal4,779,0.5727872622148542,0.04828381001080573,0.9,0.5559814561191306,2.963560152299696,24.719392147267545,4,25,22591,1.4904693824584236,,,
audit_sweep_ncal4,780,0.5728334666543562,0.047041951454885544,0.9,1.015853169535964,2.661570699259892,24.41740269422774,4,25,22620,0.8939784414830756,,,
audit_sweep_ncal4,781,0.5730798203589273,0.04555053538472931,0.9,1.0431566251824658,2.8565938729257625,24.612425867893613,4,25,22649,1.494400894327347,,,
audit_sweep_ncal4,782,0.5733626913030058,0.044406639657066704,0.9,1.0037489830540418,4.266543522722255,26.022375517690104,4,25,22678,3.4553801751616784,,,
audit_sweep_ncal4,783,0.5732061082180882,0.046824961427091694,0.9,0.6812943350725867,3.1227952671715378,24.878627262139386,4,25,22707,1.3891078030463475,,,
audit_sweep_ncal4,784,0.5733180030459688,0.049351116237297044,0.9,0.668838937733986,1.9872899639034427,23.743121958871292,4,25,22736,1.2050074144207774,,,
audit_sweep_ncal4,785,0.5733213806496926,0.04715155457453557,0.9,1.1703526022823005,2.9042102519466746,24.660042246914525,4,25,22765,1.7191890589585976,,,
audit_sweep_ncal4,786,0.5732606597033707,0.05134735693884229,0.9,0.440218597253071,2.805991679512091,24.56182367447994,4,25,22794,1.6821122862306375,,,
audit_sweep_ncal4,787,0.5732072554840035,0.04907965936157577,0.9,1.0813788152198656,3.154242255033061,24.91007425000091,4,25,22823,3.327075459796492,,,
audit_sweep_ncal4,788,0.5731788710534561,0.04383177259665616,0.9,1.3884723371489915,3.9189555552428046,25.674787550210652,4,25,22852,3.035090976888748,,,
audit_sweep_ncal4,789,0.5728146886874236,0.051624134415261036,0.9,0.07546980918516587,3.066272166615366,24.822104161583216,4,25,22881,4.280472589752342,,,
audit_sweep_ncal4,790,0.5726900592593438,0.05510010099984297,0.9,0.5310103028600268,4.294183927523421,26.05001592249127,4,25,22910,7.69404225429598,,,
audit_sweep_ncal4,791,0.5730339691002181,0.04366305897428202,0.9,2.052749148009982,3.9867845216162205,25.74261651658407,4,25,22939,13.223065468040193,,,
audit_sweep_ncal4,792,0.5726947773610973,0.049930958441241735,0.9,0.2703459374714532,4.127983159714535,25.883815154682384,4,25,22968,5.565313821553574,,,
audit_sweep_ncal4,793,0.5728982864142239,0.0489483052386821,0.9,0.9801597491023749,2.349235328852556,24.105067323820407,4,25,22997,1.8060434171128246,,,
audit_sweep_ncal4,794,0.573057000322056,0.049114564781594705,0.9,0.8571187996557881,1.0874360528954572,22.843268047863305,4,25,23026,0.46450829820902445,,,
audit_sweep_ncal4,795,0.5729871678689294,0.04708743906664059,0.9,1.1059800451021113,3.3941620158265438,25.149994010794394,4,25,23055,3.867260436014073,,,
audit_sweep_ncal4,796,0.5728255417668118,0.04873165623619291,0.9,0.7140593195597967,1.7162001767413506,23.4720321717092,4,25,23084,1.265690669931255,,,
audit_sweep_ncal4,797,0.5729793232619,0.04709927424789828,0.9,1.0509545186963463,2.178948964061765,23.934780959029613,4,25,23113,1.4684897701629815,,,
audit_sweep_ncal4,798,0.5729243211597961,0.04881433835716076,0.9,0.759494546874594,4.335951163005928,26.09178315797378,4,25,23142,3.3452262266443022,,,
audit_sweep_ncal4,799,0.5733689888746828,0.0422878188211705,0.9,1.5831743662946243,1.7295794474731359,23.485411442440984,4,25,23171,3.445165117468879,,,
audit_sweep_ncal4,800,0.5733572220674875,0.045322638616193234,0.9,0.5497614229105051,3.371169451347656,25.127001446315504,4,25,23200,3.0205411889619236,,,
audit_sweep_ncal4,801,0.5735483983426437,0.04304571139129054,0.9,1.1538306630764834,2.8723059725287543,24.628137967496603,4,25,23229,1.792280362025145,,,
audit_sweep_ncal4,802,0.5736509948293599,0.041907895391821826,0.9,0.9807997206550073,4.396225641521538,26.15205763648939,4,25,23258,2.8248453215057703,,,
audit_sweep_ncal4,803,0.5740613358040442,0.039012524873067056,0.9,1.1882408140352143,4.231895694241364,25.987727689209212,4,25,23287,3.1900120441319095,,,
audit_sweep_ncal4,804,0.5739420689338857,0.0414183613715734,0.9,0.6392068928763486,2.591781650330141,24.34761364529799,4,25,23316,0.9231618669234809,,,
audit_sweep_ncal4,805,0.5739876671347285,0.03740867320690988,0.9,1.2585877033273465,4.423549756177481,26.17938175114533,4,25,23345,3.1003992759499734,,,
audit_sweep_ncal4,806,0.573937430296455,0.03677304364392042,0.9,0.9594258758812145,2.003540975648258,23.759372970616106,4,25,23374,1.3264331674447878,,,
audit_sweep_ncal4,807,0.5736867679214187,0.04462253048372,0.9,0.059504636318925344,3.6235053103040435,25.379337305271893,4,25,23403,5.077592390107922,,,
audit_sweep_ncal4,808,0.573616167127457,0.04366019705080182,0.9,0.9970178320066477,2.9654050915287686,24.721237086496618,4,25,23432,0.9523914986169473,,,
audit_sweep_ncal4,809,0.5734497570823138,0.045793542810819265,0.9,0.6633962560514759,2.5733072472935183,24.329139242261366,4,25,23461,4.300020061764573,,,
audit_sweep_ncal4,810,0.5734606051651084,0.041636574738638576,0.9,1.2938827970168303,3.5617185032986787,25.317550498266527,4,25,23490,4.513030456117628,,,
audit_sweep_ncal4,811,0.5737674978710089,0.04247482941899616,0.9,0.8621250975039366,3.4400010085796993,25.19583300354755,4,25,23519,4.008115939372448,,,
audit_sweep_ncal4,812,0.573903480393334,0.037349007778436194,0.9,1.4261903853234223,3.8543169163096245,25.610148911277474,4,25,23548,6.455967211030082,,,
audit_sweep_ncal4,813,0.5737848016866431,0.040663886897042256,0.9,0.5483029555512028,2.1230759668166277,23.878907961784478,4,25,23577,1.32841105878934,,,
audit_sweep_ncal4,814,0.5736942412477632,0.038655631716333794,0.9,1.082848235015989,2.552306526115929,24.308138521083777,4,25,23606,1.7544784677279552,,,
audit_sweep_ncal4,815,0.5738438611700177,0.04371396594343069,0.9,0.3702293898947066,3.3464577684819905,25.10228976344984,4,25,23635,5.477380489619562,,,
audit_sweep_ncal4,816,0.5739172455518011,0.04377463683952376,0.9,0.8980650092552267,4.508131857342411,26.263963852310262,4,25,23664,3.2964228379385303,,,
audit_sweep_ncal4,817,0.5740557390033656,0.03963989450485439,0.9,1.3794438739643424,1.8770465689799019,23.632878563947752,4,25,23693,2.540115795495901,,,
audit_sweep_ncal4,818,0.5740826340101026,0.037713899093269054,0.9,1.1141712824144603,2.5561869727845923,24.31201896775244,4,25,23722,2.9803779141597873,,,
audit_sweep_ncal4,819,0.5739528033171418,0.03816858997236561,0.9,0.8137434405798615,3.206111756924353,24.961943751892203,4,25,23751,1.7636473558676742,,,
audit_sweep_ncal4,820,0.5736835217982105,0.04535617695573246,0.9,0.12819539858255596,1.9680851307922858,23.723917125760135,4,25,23780,2.569775476747322,,,
audit_sweep_ncal4,821,0.573793798029039,0.04783052103263952,0.9,0.6366786513977281,1.9815796497628606,23.73741164473071,4,25,23809,0.7859522358349867,,,
audit_sweep_ncal4,822,0.5734823669193149,0.056077424219968086,0.9,0.0315299943014928,2.554645011751087,24.310477006718937,4,25,23838,5.092082590911197,,,
audit_sweep_ncal4,823,0.5731353900376911,0.05817997969439381,0.9,0.6836977169971291,1.7965360528500731,23.55236804781792,4,25,23867,1.3798416382364604,,,
audit_sweep_ncal4,824,0.5729179288677182,0.060448763233842184,0.9,0.6723219164392159,1.7343886785370382,23.490220673504886,4,25,23896,0.8039477533151919,,,
audit_sweep_ncal4,825,0.5726620326704341,0.06345555215908727,0.9,0.5596157800418835,3.530098514669565,25.285930509637414,4,25,23925,3.93743482934741,,,
audit_sweep_ncal4,826,0.5730280471465574,0.06182180847108765,0.9,1.0862532009983532,2.5480243199632286,24.30385631493108,4,25,23954,1.9724522110668732,,,
audit_sweep_ncal4,827,0.572913834797499,0.06569488035866711,0.9,0.4789558116719814,1.8192573260235771,23.575089320991427,4,25,23983,4.2598712671024845,,,
audit_sweep_ncal4,828,0.5721319960733553,0.07536503807413075,0.9,-0.0852176990119071,3.144111608171243,24.899943603139093,4,25,24012,11.109545883105314,,,
audit_sweep_ncal4,829,0.5722161106362031,0.07541718273605535,0.9,0.9037021936736427,1.7929094239117453,23.548741418879594,4,25,24041,1.3507038173418577,,,
audit_sweep_ncal4,830,0.572665180175782,0.06896055170459148,0.9,1.519908865730145,2.0472714398067957,23.803103434774645,4,25,24070,1.8203456069959263,,,
audit_sweep_ncal4,831,0.5728087756734624,0.06898651733617911,0.9,0.8791275453026369,2.440548568026096,24.196380562993944,4,25,24099,1.1232574610722723,,,
audit_sweep_ncal4,832,0.572952687583583,0.06892192378881723,0.9,0.8819287463249831,2.7304010425305765,24.486233037498426,4,25,24128,1.1099307045836808,,,
audit_sweep_ncal4,833,0.5729171072075531,0.0740705414601539,0.9,0.4179158190500442,4.491511493940469,26.247343488908317,4,25,24157,10.047331525215402,,,
audit_sweep_ncal4,834,0.5732466876176652,0.07170201630872308,0.9,1.1219742293184471,2.121009121781348,23.876841116749198,4,25,24186,1.7181417344697167,,,
audit_sweep_ncal4,835,0.5731201742305659,0.07554638679923842,0.9,0.5164845835119712,4.394797359804145,26.150629354771993,4,25,24215,4.441899823394999,,,
audit_sweep_ncal4,836,0.5730915391986482,0.07477495859428851,0.9,0.9399438360804993,3.9274124120445064,25.683244407012356,4,25,24244,3.633909731713829,,,
audit_sweep_ncal4,837,0.5707688030432767,0.1038573693000312,0.9,-1.9216248705173147,2.7205954267156853,24.476427421683535,4,25,24273,42.43288901922759,,,
audit_sweep_ncal4,838,0.5707902188249988,0.10476186122766085,0.9,0.7346539455634965,3.9236820124919256,25.679514007459776,4,25,24302,3.40298173758083,,,
audit_sweep_ncal4,839,0.5703478487775353,0.1102974988408475,0.9,0.35129384490689375,4.58729557900314,26.34312757397099,4,25,24331,10.730114235952243,,,
audit_sweep_ncal4,840,0.5707727484493497,0.1074914878084835,0.9,1.136480439547695,2.546889032808334,24.302721027776183,4,25,24360,1.717599553048658,,,
audit_sweep_ncal4,841,0.5706433729959366,0.10554007976578694,0.9,1.015738702725605,2.35530862035071,24.111140615318558,4,25,24389,1.4385308155261682,,,
audit_sweep_ncal4,842,0.5707903933423996,0.10598096994075401,0.9,0.7885818200083292,2.2760348488444326,24.03186684381228,4,25,24418,1.9236001333855266,,,
audit_sweep_ncal4,843,0.571401661053698,0.09821757445238222,0.9,1.5758148628797195,2.5728772504398902,24.32870924540774,4,25,24447,1.304851309922199,,,
audit_sweep_ncal4,844,0.5713870977346343,0.09970485953044117,0.9,0.7752732138440014,4.522672675276855,26.278504670244704,4,25,24476,5.23052907156863,,,
audit_sweep_ncal4,845,0.5718075447616093,0.09885178522371574,0.9,0.9672640475114949,3.1402935827087233,24.89612557767657,4,25,24505,3.7412939364341766,,,
audit_sweep_ncal4,846,0.5713751813391341,0.10354383299328718,0.9,0.4405099479539123,2.9781551157476374,24.733987110715486,4,25,24534,1.2483448647676145,,,
audit_sweep_ncal4,847,0.5713509453992756,0.10288495958983335,0.9,0.9225914955283845,2.2746486995926523,24.030480694560502,4,25,24563,1.1540822309915646,,,
audit_sweep_ncal4,848,0.5712901507577406,0.10651052502479341,0.9,0.5465485643856016,2.2901929613441037,24.046024956311953,4,25,24592,1.3312861719229396,,,
audit_sweep_ncal4,849,0.5708227125733998,0.10811699159795529,0.9,0.7179713404168567,3.6946376995470764,25.450469694514926,4,25,24621,5.5106261683570645,,,
audit_sweep_ncal4,850,0.5709465847151904,0.1049848017939835,0.9,1.153206631746916,4.101484558775262,25.85731655374311,4,25,24650,3.307487982385572,,,
audit_sweep_ncal4,851,0.5709169941280713,0.10467635147018683,0.9,0.8845522248909438,2.8282849903165883,24.58411698528444,4,25,24679,1.0886615056668658,,,
audit_sweep_ncal4,852,0.5704661246687228,0.10730425425450918,0.9,0.6069078534826109,4.795203033536362,26.55103502850421,4,25,24708,7.142985265274635,,,
audit_sweep_ncal4,853,0.5708262453330035,0.10285312526037682,0.9,1.3209329299721642,3.9769560640454267,25.732788059013277,4,25,24737,4.543237412389815,,,
audit_sweep_ncal4,854,0.5708348824504232,0.10121136566718714,0.9,1.0597404786984557,2.7355906990068655,24.491422693974716,4,25,24766,4.030668373282143,,,
audit_sweep_ncal4,855,0.5707968650450765,0.10288781579807216,0.9,0.6969196627720964,2.8145384228403176,24.570370417808167,4,25,24795,3.177101852714436,,,
audit_sweep_ncal4,856,0.5707543407362464,0.10461629515881521,0.9,0.7028727688786965,4.557016073502985,26.312848068470835,4,25,24824,4.064407482230885,,,
audit_sweep_ncal4,857,0.5705084560249718,0.10924998588990242,0.9,0.4263514646288568,2.7448799389939134,24.500711933961764,4,25,24853,1.734005385484643,,,
audit_sweep_ncal4,858,0.5702013976917016,0.11423507198626037,0.9,0.3807431948582343,3.5366500368400295,25.29248203180788,4,25,24882,2.1178564358658236,,,
audit_sweep_ncal4,859,0.5711977395702994,0.10530302643902845,0.9,1.7533483620985335,2.497003834413789,24.252835829381638,4,25,24911,5.721110664091496,,,
audit_sweep_ncal4,860,0.5716418809323404,0.1016710930779966,0.9,1.2276141527335702,2.8684680450588647,24.624300040026714,4,25,24940,2.0873453699955604,,,
audit_sweep_ncal4,861,0.5719354072139398,0.10083553225134856,0.9,0.9905646997776215,1.7646603535743313,23.52049234854218,4,25,24969,1.5338152511969565,,,
audit_sweep_ncal4,862,0.5715980671851255,0.10080667811106503,0.9,0.8487706548520986,2.4298034192732523,24.1856354142411,4,25,24998,1.1644693942637137,,,
audit_sweep_ncal4,863,0.5713513952657301,0.10144121654813176,0.9,0.814045070236952,1.8241536410880497,23.5799856360559,4,25,25027,1.062628196273932,,,
audit_sweep_ncal4,864,0.5710527560034426,0.10481119689487639,0.9,0.5366170370042482,3.5615763847278235,25.31740837969567,4,25,25056,4.351376525366725,,,
audit_sweep_ncal4,865,0.5714758617259778,0.09935164374719863,0.9,1.4543748149854852,4.231492381662054,25.987324376629903,4,25,25085,3.1171457946924366,,,
audit_sweep_ncal4,866,0.5719120898042304,0.09304958098918081,0.9,1.4831997865860993,4.737081371775065,26.492913366742915,4,25,25114,3.968576710939257,,,
audit_sweep_ncal4,867,0.5721230925053911,0.08947477354563982,0.9,1.199652682756454,1.4918872611757241,23.247719256143572,4,25,25143,1.0536613529556267,,,
audit_sweep_ncal4,868,0.5726777631209683,0.08588038344567428,0.9,1.2080416463838777,4.076487019982835,25.832319014950684,4,25,25172,5.0421091197713785,,,
audit_sweep_ncal4,869,0.5725381759700219,0.08313063352477601,0.9,1.1239887987180646,4.41184179135261,26.16767378632046,4,25,25201,4.349057968839918,,,
audit_sweep_ncal4,870,0.5724716908522424,0.08767817396335909,0.9,0.3797670723600233,1.8823113185194151,23.638143313487266,4,25,25230,4.803480274537866,,,
audit_sweep_ncal4,871,0.5722637467247924,0.09224151033926686,0.9,0.42008108137152256,2.8115704627150877,24.567402457682938,4,25,25259,4.4323610743518955,,,
audit_sweep_ncal4,872,0.5724923730488464,0.08953256259381859,0.9,1.1558585508742543,3.38021772175991,25.136049716727758,4,25,25288,3.4663833924611342,,,
audit_sweep_ncal4,873,0.572682996697731,0.08594686251150674,0.9,1.2593277002003511,2.936267434679298,24.692099429647147,4,25,25317,1.6051520398748973,,,
audit_sweep_ncal4,874,0.5727278002101033,0.08364107491836426,0.9,1.0791173919624286,2.141208904975038,23.897040899942887,4,25,25346,1.6239994647380183,,,
audit_sweep_ncal4,875,0.572989671157033,0.0786704203660038,0.9,1.373023656423922,3.021486720423165,24.777318715391015,4,25,25375,2.841406247189906,,,
audit_sweep_ncal4,876,0.5727722407231755,0.07948752976585904,0.9,0.7812708917189986,5.596733361313881,27.35256535628173,4,25,25404,6.725203655934194,,,
audit_sweep_ncal4,877,0.5729836553539446,0.08041613555065275,0.9,0.7680929610179401,2.853011918074402,24.60884391304225,4,25,25433,1.3168623607065542,,,
audit_sweep_ncal4,878,0.5727773290248168,0.08296007826818763,0.9,0.607693717334933,3.1507725603412413,24.90660455530909,4,25,25462,1.6157062700878437,,,
audit_sweep_ncal4,879,0.572717562518812,0.08403435767602352,0.9,0.7627702858925111,3.8852926480771526,25.641124643045003,4,25,25491,3.4318874916043502,,,
audit_sweep_ncal4,880,0.572972351958804,0.07876768658611177,0.9,1.3791317038006219,2.894347546780571,24.65017954174842,4,25,25520,5.280414795551878,,,
audit_sweep_ncal4,881,0.5729483575052746,0.07759720382100055,0.9,1.005380134115448,4.084886391626367,25.840718386594215,4,25,25549,3.342085669462457,,,
audit_sweep_ncal4,882,0.5732949795704518,0.07688497639844827,0.9,0.9835185858064476,2.6976319057037976,24.453463900671647,4,25,25578,1.1903738292521266,,,
audit_sweep_ncal4,883,0.5732557519407757,0.0760632069722742,0.9,0.9558731188523493,4.331535816944066,26.087367811911914,4,25,25607,3.892068585177943,,,
audit_sweep_ncal4,884,0.5730562004396671,0.08145599143770743,0.9,0.317749284204543,3.5544677945126937,25.310299789480542,4,25,25636,2.177709429224429,,,
audit_sweep_ncal4,885,0.572506427542458,0.08717978860288778,0.9,0.29919805330268573,3.537171695208264,25.293003690176114,4,25,25665,11.187911156094211,,,
audit_sweep_ncal4,886,0.5729185083653798,0.08410142420773581,0.9,1.1988486096569422,2.7997274829691037,24.555559477936953,4,25,25694,1.4601729173350824,,,
audit_sweep_ncal4,887,0.5725665571572236,0.0885737137889342,0.9,0.41602935754334486,3.183323957862764,24.939155952830614,4,25,25723,9.014331554195037,,,
audit_sweep_ncal4,888,0.5724658787606045,0.09062573351801628,0.9,0.7026906617912226,2.2306015590363346,23.986433554004183,4,25,25752,2.2604925746747755,,,
audit_sweep_ncal4,889,0.5723745097649381,0.0899172622006097,0.9,0.9243312676942216,2.9722053607288705,24.72803735569672,4,25,25781,1.2101101482184229,,,
audit_sweep_ncal4,890,0.5724257381051935,0.09090526449054626,0.9,0.8124170451671945,4.284891429342634,26.040723424310485,4,25,25810,3.719444289983152,,,
audit_sweep_ncal4,891,0.5723559900545199,0.09006727446471108,0.9,0.970535679862643,2.11931079076062,23.87514278572847,4,25,25839,1.2073966089765635,,,
audit_sweep_ncal4,892,0.5720672207636199,0.09072193251191574,0.9,0.813436694743771,1.9849177710396844,23.740749766007532,4,25,25868,1.427681913136973,,,
audit_sweep_ncal4,893,0.5725469347290055,0.08816091799031467,0.9,1.1417983979698125,2.319124616267781,24.07495661123563,4,25,25897,1.3182592401850222,,,
audit_sweep_ncal4,894,0.5719046729816395,0.09598716303110766,0.9,0.07588632765848548,2.289742999706941,24.04557499467479,4,25,25926,8.746586925134286,,,
audit_sweep_ncal4,895,0.57180416528602,0.09287659917042679,0.9,1.1511747449097751,6.075955903124781,27.831787898092628,4,25,25955,6.888574504905429,,,
audit_sweep_ncal4,896,0.5711811844000888,0.09931788109600459,0.9,0.24739995635470421,4.8487709425187475,26.604602937486597,4,25,25984,5.127846275647436,,,
audit_sweep_ncal4,897,0.5714240918713224,0.09816298571470394,0.9,0.9682361168337625,2.9820720916636576,24.737904086631506,4,25,26013,1.0849129552494003,,,
audit_sweep_ncal4,898,0.5713931279370833,0.09646486974028212,0.9,1.0468877564187256,3.567071094320575,25.322903089288424,4,25,26042,4.304722560006634,,,
audit_sweep_ncal4,899,0.5717554239123225,0.0923411742096889,0.9,1.2497970199088713,2.3440536169623316,24.09988561193018,4,25,26071,2.103608996030619,,,
audit_sweep_ncal4,900,0.571186508892953,0.09405337891561139,0.9,0.6503015752055921,2.765555183525169,24.52138717849302,4,25,26100,1.7642952622448809,,,
audit_sweep_ncal4,901,0.5714868038067576,0.08814552011120058,0.9,1.3956976926800622,3.9966444846154836,25.752476479583333,4,25,26129,3.3002121874075296,,,
audit_sweep_ncal4,902,0.5713083700844495,0.08906924821759765,0.9,0.809725484976869,3.0653488325495664,24.821180827517416,4,25,26158,1.8396813072712206,,,
audit_sweep_ncal4,903,0.5712658755417709,0.09125886670195393,0.9,0.6524252979774917,4.161810889175634,25.917642884143483,4,25,26187,3.019281373299399,,,
audit_sweep_ncal4,904,0.5712697679371489,0.09333938059851987,0.9,0.6918925435070389,2.6309937579347253,24.386825752902574,4,25,26216,1.0898044157563078,,,
audit_sweep_ncal4,905,0.5715616382012774,0.09185468435313682,0.9,0.9911849921569221,3.8234638704317887,25.579295865399637,4,25,26245,3.9000790096706766,,,
audit_sweep_ncal4,906,0.5718126748363347,0.08716153128838644,0.9,1.3451057544835434,3.2235349077362163,24.979366902704065,4,25,26274,4.685346983244487,,,
audit_sweep_ncal4,907,0.5721527995251249,0.08558442414736744,0.9,1.0154750633913883,2.7067071759674364,24.462539170935287,4,25,26303,1.331162955046175,,,
audit_sweep_ncal4,908,0.5723067206745901,0.08650411520265666,0.9,0.8519069534293183,2.6521437149215545,24.407975709889403,4,25,26332,1.3822224312625335,,,
audit_sweep_ncal4,909,0.5725649629855188,0.08694338596566709,0.9,0.8913078955945427,2.813226699097216,24.569058694065063,4,25,26361,1.1844334894442592,,,
audit_sweep_ncal4,910,0.5729087100938329,0.07798500263278185,0.9,1.728717658652715,2.8420383964986695,24.597870391466518,4,25,26390,2.3043267354042993,,,
audit_sweep_ncal4,911,0.5716567947019108,0.09423340220699705,0.9,-0.6934948764315421,2.122588727057826,23.878420722025673,4,25,26419,12.104439282826252,,,
audit_sweep_ncal4,912,0.5718646464618236,0.08709312297965999,0.9,1.4845855244854755,2.9036698493382245,24.659501844306075,4,25,26448,4.749333149096649,,,
audit_sweep_ncal4,913,0.5719267039184017,0.08500469588359383,0.9,1.0746455420975032,4.5225897064861185,26.27842170145397,4,25,26477,2.186604489032561,,,
audit_sweep_ncal4,914,0.5721610641697547,0.08658532537335861,0.9,0.7551031973886858,3.696597765066834,25.452429760034683,4,25,26506,3.8634628388540566,,,
audit_sweep_ncal4,915,0.5718607272336871,0.08943517466330042,0.9,0.5765404940298567,2.78451689731495,24.5403488922828,4,25,26535,1.796253405540581,,,
audit_sweep_ncal4,916,0.5714693418496004,0.09432566013022359,0.9,0.3820043186737102,4.264101584971468,26.019933579939316,4,25,26564,2.073185031937143,,,
audit_sweep_ncal4,917,0.5711387404113915,0.09859866118742278,0.9,0.4291402050942374,4.006240004692696,25.762071999660545,4,25,26593,4.152925843428408,,,
audit_sweep_ncal4,918,0.5704774681557436,0.10375196786133234,0.9,0.3602804104689175,3.9150254395838084,25.670857434551657,4,25,26622,3.695033470882754,,,
audit_sweep_ncal4,919,0.5704570309459593,0.10280551387473147,0.9,0.9270105760340249,2.885996677607444,24.641828672575294,4,25,26651,3.278317265095305,,,
audit_sweep_ncal4,920,0.5707503041397877,0.10264492301069594,0.9,0.9014523742339916,2.3222067904963217,24.07803878546417,4,25,26680,1.3090436121078939,,,
audit_sweep_ncal4,921,0.5710131318043975,0.0974265999180628,0.9,1.3559739658548258,2.3253416491787435,24.081173644146592,4,25,26709,1.8395199518021461,,,
audit_sweep_ncal4,922,0.5708693963448053,0.09815107720683092,0.9,0.7757358903915822,4.593541625875187,26.349373620843036,4,25,26738,3.2840038657979997,,,
audit_sweep_ncal4,923,0.5705861581016513,0.09891883208688446,0.9,0.8040149767396064,3.089483152078532,24.84531514704638,4,25,26767,1.371459130908827,,,
audit_sweep_ncal4,924,0.5703445869209387,0.10009633648482041,0.9,0.7575732934248253,2.6065242277673617,24.36235622273521,4,25,26796,3.256006567650711,,,
audit_sweep_ncal4,925,0.5700581334370024,0.10331976569296997,0.9,0.5785581692199985,1.7872376034021606,23.54306959837001,4,25,26825,1.766927614260384,,,
audit_sweep_ncal4,926,0.5705871712887524,0.10030391165399033,0.9,1.1253938675376787,3.6935078573692244,25.449339852337072,4,25,26854,3.266100676124147,,,
audit_sweep_ncal4,927,0.5707367830300164,0.10248933319991338,0.9,0.6711137741382134,2.8818636213616466,24.637695616329495,4,25,26883,3.7868343850267387,,,
audit_sweep_ncal4,928,0.5710807075334017,0.09884979524389348,0.9,1.225353137924121,2.0438818287666782,23.79971382373453,4,25,26912,1.6082445608109157,,,
audit_sweep_ncal4,929,0.570755819827294,0.1004251975478917,0.9,0.720977425433565,3.8042710373852113,25.560103032353062,4,25,26941,2.4405349303264705,,,
audit_sweep_ncal4,930,0.5715577477343644,0.09117257203494311,0.9,1.8150982852484343,2.0192413692728866,23.775073364240736,4,25,26970,6.529739281654447,,,
audit_sweep_ncal4,931,0.5710749888192205,0.09466057809940476,0.9,0.5434636630519015,4.0973121193242985,25.85314411429215,4,25,26999,2.071153195553047,,,
audit_sweep_ncal4,932,0.5712702542772626,0.09361826063511913,0.9,0.9749605345706602,5.063216181755183,26.819048176723033,4,25,27028,7.492080520346813,,,
audit_sweep_ncal4,933,0.5711625390867726,0.09219062714848147,0.9,0.997097287536456,2.482439415167557,24.238271410135408,4,25,27057,1.4338860081304838,,,
audit_sweep_ncal4,934,0.5715150121317033,0.09054070208650733,0.9,1.0396576536833593,2.939392923074068,24.695224918041916,4,25,27086,0.7751674559762798,,,
audit_sweep_ncal4,935,0.5713117391529826,0.08922520622044272,0.9,1.0184013452690714,2.8013159701987576,24.557147965166607,4,25,27115,1.4865859983427239,,,
audit_sweep_ncal4,936,0.5713612420017774,0.09107461945488982,0.9,0.7436053554521193,5.9783075900451195,27.73413958501297,4,25,27144,5.487261162971335,,,
audit_sweep_ncal4,937,0.5715870734251376,0.08707188177466663,0.9,1.239970075450524,1.698854731309788,23.454686726277636,4,25,27173,2.1337116347396208,,,
audit_sweep_ncal4,938,0.5719892501216015,0.0824718436015498,0.9,1.3548969903717503,1.9353269302135667,23.691158925181416,4,25,27202,2.6115336649452545,,,
audit_sweep_ncal4,939,0.5720464546709675,0.0828500147562331,0.9,0.863787391839853,2.876967697570678,24.632799692538526,4,25,27231,1.1722763859668974,,,
audit_sweep_ncal4,940,0.571592691062618,0.08632798839171008,0.9,0.5006950721427591,3.856099076867909,25.61193107183576,4,25,27260,2.7318891113500436,,,
audit_sweep_ncal4,941,0.5718474243097983,0.08156679423498003,0.9,1.3041112774964951,2.162309490124923,23.91814148509277,4,25,27289,2.636522303251611,,,
audit_sweep_ncal4,942,0.5718282450280623,0.08197045571866757,0.9,0.831493320301491,4.251514759715506,26.007346754683354,4,25,27318,2.4639247894995866,,,
audit_sweep_ncal4,943,0.5721452495514973,0.0801139497740353,0.9,1.0666306128847884,2.6527687034502994,24.408600698418148,4,25,27347,1.311522108812031,,,
audit_sweep_ncal4,944,0.5718086926256084,0.07820339978367696,0.9,1.0369126708482903,2.5081347216857552,24.263966716653606,4,25,27376,1.7352492241722117,,,
audit_sweep_ncal4,945,0.5718356745614057,0.07946842302210111,0.9,0.7225333179885628,3.1805354530450427,24.93636744801289,4,25,27405,1.303743978577533,,,
audit_sweep_ncal4,946,0.5720915825231436,0.08001418138924332,0.9,0.851371818422783,4.3664829470901045,26.122314942057955,4,25,27434,3.472654062737263,,,
audit_sweep_ncal4,947,0.572022455113612,0.0809892469181066,0.9,0.7915565142287352,3.9735983659084564,25.729430360876307,4,25,27463,2.9998426556941498,,,
audit_sweep_ncal4,948,0.5719200845790546,0.08193937665595263,0.9,0.7781455315409048,2.2593967169099565,24.015228711877807,4,25,27492,1.3577398444890463,,,
audit_sweep_ncal4,949,0.5727388254482871,0.07330244771327288,0.9,1.7521035506095264,2.1488396873911393,23.904671682358988,4,25,27521,6.97622668653033,,,
audit_sweep_ncal4,950,0.5726848861397242,0.07257521239236098,0.9,0.9066773299780784,2.2596817042686954,24.015513699236543,4,25,27550,1.5313233018732268,,,
audit_sweep_ncal4,951,0.5729472061271701,0.06934473337074976,0.9,1.1813564882860597,1.81334460412621,23.56917659909406,4,25,27579,1.8659771894822745,,,
audit_sweep_ncal4,952,0.5732944926389878,0.06654063437246016,0.9,1.2009490159122456,4.233268457433957,25.989100452401807,4,25,27608,4.527201703559607,,,
audit_sweep_ncal4,953,0.5735486336500769,0.06325076724344136,0.9,1.2452589346072538,3.1154933944848944,24.871325389452743,4,25,27637,1.1705031059523638,,,
audit_sweep_ncal4,954,0.5738029343244572,0.060394805716899036,0.9,1.198172966785487,3.952459720102669,25.70829171507052,4,25,27666,3.9811401834253415,,,
audit_sweep_ncal4,955,0.5740228035232895,0.05459553190086819,0.9,1.463386150436803,3.0355092016676566,24.791341196635507,4,25,27695,3.841583655593296,,,
audit_sweep_ncal4,956,0.5739849705095682,0.05149714071699074,0.9,1.163504789467358,3.014400745586799,24.770232740554647,4,25,27724,1.8900929979470718,,,
audit_sweep_ncal4,957,0.5739524535921476,0.04972354202651219,0.9,1.1290893470667696,2.762881694922749,24.518713689890596,4,25,27753,1.3984317606117755,,,
audit_sweep_ncal4,958,0.5740763221946121,0.050673897934932044,0.9,0.7894994495307796,4.181166415516374,25.93699841048422,4,25,27782,3.2663540259989863,,,
audit_sweep_ncal4,959,0.5740918373033858,0.0534485552168128,0.9,0.6466585866559618,3.421378026072428,25.177210021040278,4,25,27811,4.067335476466138,,,
audit_sweep_ncal4,960,0.5741466316683037,0.05488229280888979,0.9,0.7413415590711173,2.1485595256681473,23.904391520635997,4,25,27840,1.5048775256030162,,,
audit_sweep_ncal4,961,0.5741732721103359,0.058143345680851444,0.9,0.5958485719701077,2.6502959006501614,24.40612789561801,4,25,27869,2.842532410181366,,,
audit_sweep_ncal4,962,0.5742069590137803,0.05518290875355547,0.9,1.2168936209162982,2.0279934186039124,23.783825413571762,4,25,27898,1.4326553625165184,,,
audit_sweep_ncal4,963,0.5741203809181843,0.06121248953130498,0.9,0.2688671835969071,3.7122540635207395,25.468086058488588,4,25,27927,3.2005876607657897,,,
audit_sweep_ncal4,964,0.5740834003290093,0.060378931793822255,0.9,0.9719138614966598,2.262748449018022,24.018580443985872,4,25,27956,1.1194122541513745,,,
audit_sweep_ncal4,965,0.5743760130723028,0.05888122367084092,0.9,1.0424993286382216,3.8962182823493543,25.652050277317205,4,25,27985,3.6259732198090666,,,
audit_sweep_ncal4,966,0.5743211202110186,0.06035560746271762,0.9,0.7471468390956576,3.173001271612374,24.928833266580224,4,25,28014,1.1793785154046574,,,
audit_sweep_ncal4,967,0.5741475379292235,0.06454111318843869,0.9,0.46154937636564924,2.931816606840099,24.687648601807947,4,25,28043,4.595461433515634,,,
audit_sweep_ncal4,968,0.5740808108492448,0.06458121681531548,0.9,0.8682745095537848,1.358994807710275,23.114826802678124,4,25,28072,0.3388415664373833,,,
audit_sweep_ncal4,969,0.5742950657956383,0.059896878360699346,0.9,1.3031414417318512,5.003922682644642,26.75975467761249,4,25,28101,11.08256573165409,,,
audit_sweep_ncal4,970,0.5743814799236241,0.06053887455425466,0.9,0.8209209717699257,1.6675701501542233,23.423402145122072,4,25,28130,1.1555833533802342,,,
audit_sweep_ncal4,971,0.5743446203033432,0.06165450850187559,0.9,0.7397504302329478,3.261651193405113,25.017483188372964,4,25,28159,1.856938334264493,,,
audit_sweep_ncal4,972,0.5744569419261306,0.05676804812819902,0.9,1.422418628218031,3.835389700292098,25.591221695259947,4,25,28188,3.5085262839833704,,,
audit_sweep_ncal4,973,0.5746843499802224,0.054600622044683966,0.9,1.1896942294961927,4.243582405342203,25.99941440031005,4,25,28217,3.0881555894490136,,,
audit_sweep_ncal4,974,0.5747707672220415,0.05254212031477157,0.9,1.143824850658273,4.414717281551469,26.170549276519317,4,25,28246,3.026833122815314,,,
audit_sweep_ncal4,975,0.5747895940802337,0.05574682531657216,0.9,0.5791799722246355,2.5032369932001375,24.259068988167986,4,25,28275,1.2641654490164727,,,
audit_sweep_ncal4,976,0.5747180125692039,0.05974931453271759,0.9,0.49967610350716124,3.4412451431969817,25.19707713816483,4,25,28304,3.901905589705337,,,
audit_sweep_ncal4,977,0.5746823697525074,0.05801131687470895,0.9,1.089600504902217,3.641140743300365,25.396972738268214,4,25,28333,3.713478608880523,,,
audit_sweep_ncal4,978,0.5748300686914937,0.057672712556789185,0.9,0.9120568294811914,3.3490466267085983,25.10487862167645,4,25,28362,3.7027477036356315,,,
audit_sweep_ncal4,979,0.5745592527084383,0.058584440935668725,0.9,0.7755655758154212,2.917870776191196,24.673702771159046,4,25,28391,1.0853043425340456,,,
audit_sweep_ncal4,980,0.5745633290006568,0.0578411468541824,0.9,0.9599039793256915,2.3493431010985235,24.10517509606637,4,25,28420,1.305351672852851,,,
audit_sweep_ncal4,981,0.5745976126694355,0.05874180875660895,0.9,0.8039020118899969,3.5667158215190606,25.32254781648691,4,25,28449,2.9203293280898186,,,
audit_sweep_ncal4,982,0.5745896827093504,0.056336525657095904,0.9,1.15112620390056,4.662785373751457,26.418617368719307,4,25,28478,3.0452199250144507,,,
audit_sweep_ncal4,983,0.5742971231960945,0.055497829472825444,0.9,0.9323603246136666,2.765951260389534,24.521783255357384,4,25,28507,1.4049802043043123,,,
audit_sweep_ncal4,984,0.5742887724902127,0.05403331858325133,0.9,0.9923579070753134,4.415125582530575,26.170957577498424,4,25,28536,2.4593260250918627,,,
audit_sweep_ncal4,985,0.5741960885643677,0.056031855375349715,0.9,0.6689991023191771,3.564237594273325,25.320069589241175,4,25,28565,2.450301590298278,,,
audit_sweep_ncal4,986,0.574427928302277,0.053355679576373216,0.9,1.1779289035005498,4.3600138841039335,26.115845879071784,4,25,28594,7.438348889644547,,,
audit_sweep_ncal4,987,0.5745368364647021,0.054867939169642055,0.9,0.7499247897781983,2.6266965461649168,24.382528541132764,4,25,28623,1.1968877326485226,,,
audit_sweep_ncal4,988,0.5744322047484477,0.056185311414475025,0.9,0.7542590882401299,4.247750996153739,26.00358299112159,4,25,28652,4.088538190466391,,,
audit_sweep_ncal4,989,0.5744750222834207,0.054928938232480906,0.9,1.0130305754631146,4.531286034884469,26.28711802985232,4,25,28681,4.142882040366306,,,
audit_sweep_ncal4,990,0.5745604120591686,0.056771064921458,0.9,0.6886111071072116,2.006279178672779,23.762111173640626,4,25,28710,2.3470361382466627,,,
audit_sweep_ncal4,991,0.5744916412860783,0.05645843828858477,0.9,0.9138359333127337,3.1223832328391214,24.87821522780697,4,25,28739,1.1578476348751887,,,
audit_sweep_ncal4,992,0.5746003796296827,0.051909912240552414,0.9,1.3804532661174682,2.022330118136803,23.778162113104653,4,25,28768,2.3616278091626905,,,
audit_sweep_ncal4,993,0.5745079592127783,0.05281605503807174,0.9,0.795886367028985,4.348836259474781,26.10466825444263,4,25,28797,2.9728151466410915,,,
audit_sweep_ncal4,994,0.5745704098306555,0.04991489413016059,0.9,1.1481554562778642,1.7564067694762173,23.512238764444067,4,25,28826,2.001634490790462,,,
audit_sweep_ncal4,995,0.5745712951020184,0.05324334929669283,0.9,0.5543179259473366,2.3006037754376205,24.05643577040547,4,25,28855,1.2348397314981652,,,
audit_sweep_ncal4,996,0.5745839471367197,0.05600382764617584,0.9,0.5907518997917052,3.07355796800962,24.82938996297747,4,25,28884,1.5712729712000242,,,
audit_sweep_ncal4,997,0.5746140177809764,0.05100647232531286,0.9,1.438371599091261,2.4610218557380232,24.216853850705874,4,25,28913,2.726251277910271,,,
audit_sweep_ncal4,998,0.5749380776398002,0.04643096088542786,0.9,1.3410358200757806,2.6012480812930936,24.357080076260942,4,25,28942,2.9781371538415202,,,
audit_sweep_ncal4,999,0.5749188908801038,0.04738859598631007,0.9,0.7959768465313377,3.0139148597894794,24.76974685475733,4,25,28971,1.4255863216888542,,,
audit_sweep_ncal4,1000,0.5750249509075739,0.04275505214322328,0.9,1.3885416198081426,3.5245598224380204,25.28039181740587,4,25,29000,3.0402169194551845,,,
