schedule,t,reward,gap,beta_true,beta_hat,cert,cert_hp,n_cal,n_mon,cum_aud,xi_sq,exp3_arm,exp3_p,exp3_loss
audit_sweep_ncal32,1,0.5460293972446082,0.03779614092428374,0.0,0.02154851302424177,3.684890664067427,25.440722659035277,32,25,57,2.8274496505308924,,,
audit_sweep_ncal32,2,0.5461933406059252,0.0374829952316692,0.0,-0.021670641672037257,3.6031812719038516,25.3590132668717,32,25,114,3.3373929479482447,,,
audit_sweep_ncal32,3,0.546149628248296,0.03800250983387932,0.0,0.07307384114670333,3.387818685560454,25.143650680528303,32,25,171,3.3421245952749348,,,
audit_sweep_ncal32,4,0.5456164503244902,0.038750547311925954,0.0,0.16806805050165025,2.3241334391187127,24.07996543408656,32,25,228,1.2512160943684452,,,
audit_sweep_ncal32,5,0.5451222195146521,0.03971951476099145,0.0,0.17307456940902874,5.184686371196359,26.94051836616421,32,25,285,5.609139522855078,,,
audit_sweep_ncal32,6,0.5454300742336118,0.03963354567735611,0.0,-0.008379918558111404,3.411884343026395,25.167716337994243,32,25,342,3.1359048258388684,,,
audit_sweep_ncal32,7,0.5450678761776164,0.04015695731972835,0.0,0.1238370593319868,2.24135918424279,23.99719117921064,32,25,399,0.7588316625148671,,,
audit_sweep_ncal32,8,0.5449806837558183,0.04021371996678336,0.0,0.10189978087290574,3.728968283345292,25.48480027831314,32,25,456,4.064777791775001,,,
audit_sweep_ncal32,9,0.5454398783254091,0.03934504770541247,0.0,-0.017175464569493936,3.5173181849669346,25.273150179934785,32,25,513,3.6320667970463822,,,
audit_sweep_ncal32,10,0.5459614829707445,0.037944133418646,0.0,-0.05731061796209287,2.277336992003083,24.03316898697093,32,25,570,0.9437845542664445,,,
audit_sweep_ncal32,11,0.5464766426714749,0.03726433532332751,0.0,-0.10662754896927455,3.3027389288740987,25.05857092384195,32,25,627,4.187602933283326,,,
audit_sweep_ncal32,12,0.5466553785024958,0.03731473777443617,0.0,-0.03656976948304027,5.178269777156512,26.93410177212436,32,25,684,6.535889665185607,,,
audit_sweep_ncal32,13,0.5470664164328598,0.03671428413672362,0.0,0.019960998401796017,2.356792615895284,24.112624610863133,32,25,741,1.4228781549644594,,,
audit_sweep_ncal32,14,0.5474962462386916,0.036136535459232344,0.0,-0.04260922892716497,2.1968994095693106,23.95273140453716,32,25,798,1.1186060824398214,,,
audit_sweep_ncal32,15,0.5474371864986973,0.03585760392285242,0.0,0.02668973583919745,2.0961150639790125,23.851947058946863,32,25,855,1.0709646317741728,,,
audit_sweep_ncal32,16,0.5479725374540239,0.035542939515588956,0.0,-0.1075022813567952,2.521703614550952,24.2775356095188,32,25,912,1.3226226814495137,,,
audit_sweep_ncal32,17,0.5486837823631836,0.03428013911784922,0.0,-0.1407008290123302,2.224646595990403,23.980478590958253,32,25,969,1.309818345920182,,,
audit_sweep_ncal32,18,0.5484811819064699,0.0351815901329694,0.0,0.062009872360104246,2.201937217558367,23.957769212526216,32,25,1026,1.2085385004861973,,,
audit_sweep_ncal32,19,0.5488768351909826,0.034620788148226556,0.0,-0.06785102999149174,2.378405673773075,24.134237668740923,32,25,1083,1.1479249231576918,,,
audit_sweep_ncal32,20,0.5492014354607628,0.03399448327473409,0.0,-0.10736827493648692,3.6143886714727933,25.37022066644064,32,25,1140,3.1740254155273675,,,
audit_sweep_ncal32,21,0.5491310032811079,0.034390082354868734,0.0,-0.01119283248049193,2.2277539829852766,23.983585977953126,32,25,1197,0.8792171368154591,,,
audit_sweep_ncal32,22,0.5494572279398406,0.033635562135327146,0.0,-0.07140613121903332,2.192058791714813,23.947890786682663,32,25,1254,0.9266819323167497,,,
audit_sweep_ncal32,23,0.5493819672411395,0.03361679045692978,0.0,0.03709256187104806,2.37748177287186,24.13331376783971,32,25,1311,1.10789650677473,,,
audit_sweep_ncal32,24,0.5497106345772231,0.03310412900280735,0.0,-0.030708441531028335,3.662414799344975,25.418246794312825,32,25,1368,3.9350840269660585,,,
audit_sweep_ncal32,25,0.5496311245788982,0.03329829045578725,0.0,0.044511426562446554,2.361481584462921,24.11731357943077,32,25,1425,1.1218642431272159,,,
audit_sweep_ncal32,26,0.5500969406795594,0.03259459030776912,0.0,-0.1771028973190997,4.035075959060782,25.790907954028633,32,25,1482,2.828060282643078,,,
audit_sweep_ncal32,27,0.5502627238225337,0.032202152674073226,0.0,0.012297995427534878,1.9614666050605085,23.717298600028357,32,25,1539,1.3407608608717012,,,
audit_sweep_ncal32,28,0.5503400651798604,0.03227302331070614,0.0,-0.0224172833398172,2.2510687966598657,24.006900791627714,32,25,1596,1.2482228577032213,,,
audit_sweep_ncal32,29,0.5502057375173915,0.032355699164951957,0.0,0.14022452686136974,2.180917913079188,23.936749908047037,32,25,1653,1.2928483740243077,,,
audit_sweep_ncal32,30,0.5502084842106817,0.03248774736089688,0.0,0.08216258558325472,4.022070444736713,25.77790243970456,32,25,1710,3.55270969737709,,,
audit_sweep_ncal32,31,0.5507027459685824,0.03196635081021948,0.0,-0.18046831628281623,3.968280162955786,25.724112157923635,32,25,1767,5.835839141148755,,,
audit_sweep_ncal32,32,0.5507719129741653,0.031573875309834465,0.0,3.648066365852511e-05,3.4165429010587713,25.17237489602662,32,25,1824,3.178779780857963,,,
audit_sweep_ncal32,33,0.5505803323753564,0.03157068952286979,0.0,0.12216793874125655,3.655797991294969,25.411629986262817,32,25,1881,3.107045345856946,,,
audit_sweep_ncal32,34,0.5511179925949531,0.030380693146199067,0.0,-0.07408816636511566,3.678427850928987,25.434259845896836,32,25,1938,3.0615191838655997,,,
audit_sweep_ncal32,35,0.551332117403879,0.029921100933889222,0.0,0.007180510144696279,3.444856694492703,25.200688689460552,32,25,1995,3.4152890935175053,,,
audit_sweep_ncal32,36,0.5515919372174661,0.029397535177881906,0.0,-0.02659977268376255,2.115573829699294,23.871405824667143,32,25,2052,1.165783440411379,,,
audit_sweep_ncal32,37,0.5517094599678838,0.02914248494093652,0.0,0.007916603606869426,3.5291392851556838,25.284971280123532,32,25,2109,3.7441194384010874,,,
audit_sweep_ncal32,38,0.5517725349482381,0.029095766919013832,0.0,0.010926047937334343,2.23304843909865,23.9888804340665,32,25,2166,1.1679012594149067,,,
audit_sweep_ncal32,39,0.5516024424375862,0.029216385530791866,0.0,0.09666883227403271,3.5363218801813283,25.29215387514918,32,25,2223,3.991838046510337,,,
audit_sweep_ncal32,40,0.5514579314812957,0.029144066962436654,0.0,0.10555858809552393,3.9458882349440474,25.701720229911896,32,25,2280,4.096459172191288,,,
audit_sweep_ncal32,41,0.5519582084726962,0.028466013555034753,0.0,-0.11545202702174534,2.1949176973182736,23.950749692286124,32,25,2337,0.9887252658503706,,,
audit_sweep_ncal32,42,0.5518945211346608,0.028596295555693207,0.0,0.0021554489294430025,3.9011898263775033,25.657021821345353,32,25,2394,3.5800872524735463,,,
audit_sweep_ncal32,43,0.5523603742915367,0.028077909756845765,0.0,-0.19039343489902077,2.1640726979163745,23.919904692884224,32,25,2451,1.4320012974657454,,,
audit_sweep_ncal32,44,0.5524657254358041,0.028096215544187952,0.0,0.01202148985384692,1.8973976473113021,23.65322964227915,32,25,2508,1.1215711574323797,,,
audit_sweep_ncal32,45,0.5526937178224568,0.02768200044472824,0.0,-0.06556182758814236,3.6107805046647807,25.36661249963263,32,25,2565,3.1374542426325305,,,
audit_sweep_ncal32,46,0.55257155694127,0.02793931921908377,0.0,0.043075187422376565,3.893985161229564,25.649817156197415,32,25,2622,3.363268271804203,,,
audit_sweep_ncal32,47,0.5528989654482962,0.027876604675124428,0.0,-0.1285697431152959,2.469892745463337,24.225724740431186,32,25,2679,1.2443666783453975,,,
audit_sweep_ncal32,48,0.5532355173956574,0.027652191082494504,0.0,-0.16847031954150019,0.9446938198955546,22.700525814863404,32,25,2736,0.7956451769985083,,,
audit_sweep_ncal32,49,0.5532211281392928,0.02744714715975194,0.0,0.06315601396761147,4.995770804030362,26.75160279899821,32,25,2793,7.167280862045138,,,
audit_sweep_ncal32,50,0.5535229584390223,0.026786652285161194,0.0,-0.11572659883698379,3.474802266927777,25.230634261895627,32,25,2850,4.63589972218945,,,
audit_sweep_ncal32,51,0.5535277229705893,0.027117394946528095,0.0,0.09097975364092555,2.3376984711256537,24.093530466093505,32,25,2907,1.0815303331210486,,,
audit_sweep_ncal32,52,0.5539554201178594,0.02655668533395994,0.0,-0.17273330401401044,2.3447727371297002,24.10060473209755,32,25,2964,2.166102814703273,,,
audit_sweep_ncal32,53,0.5541258552587643,0.02619301317707634,0.0,-0.042481356961772784,3.840733835899382,25.59656583086723,32,25,3021,3.081709225761751,,,
audit_sweep_ncal32,54,0.553953462906639,0.02635819138051476,0.0,0.06925690558756979,3.731922249116019,25.487754244083867,32,25,3078,3.9321518232783412,,,
audit_sweep_ncal32,55,0.5541708281980647,0.026203025680518577,0.0,-0.013239425456585147,3.805234325439121,25.56106632040697,32,25,3135,2.9084817954046738,,,
audit_sweep_ncal32,56,0.5543696100546912,0.02576420076648489,0.0,-0.06677826138133898,2.614267597646864,24.370099592614714,32,25,3192,1.4037480668518907,,,
audit_sweep_ncal32,57,0.5541479415396298,0.026330658934226925,0.0,0.10205014698447738,2.317164212210217,24.072996207178065,32,25,3249,1.1406198137992376,,,
audit_sweep_ncal32,58,0.5539219924844601,0.026407765832097918,0.0,0.12348027957757517,3.397255558759818,25.153087553727666,32,25,3306,3.3992911230742755,,,
audit_sweep_ncal32,59,0.5539279323612964,0.026226945942183777,0.0,0.02170853279821962,3.58236943022804,25.33820142519589,32,25,3363,3.429808784506598,,,
audit_sweep_ncal32,60,0.5537886181124256,0.026634884362261357,0.0,0.1470766007788669,2.125119715750876,23.880951710718726,32,25,3420,1.2915389212400903,,,
audit_sweep_ncal32,61,0.5542403769778235,0.02598914486347137,0.0,-0.17395269170925406,3.750201322284993,25.506033317252843,32,25,3477,2.3594208729145953,,,
audit_sweep_ncal32,62,0.5540162800914931,0.026481952468575654,0.0,0.18306680011757803,4.997544193887809,26.753376188855658,32,25,3534,8.282077958472541,,,
audit_sweep_ncal32,63,0.5542547827285886,0.026124220616191463,0.0,-0.04379434662638343,2.3132676028170884,24.069099597784938,32,25,3591,1.2708497605585705,,,
audit_sweep_ncal32,64,0.5543510092828371,0.025777850790583923,0.0,-0.042067728663874315,3.5954365974078293,25.35126859237568,32,25,3648,3.5558137643675534,,,
audit_sweep_ncal32,65,0.5541773580889254,0.02629269401551182,0.0,0.11398071109201294,2.264115700362213,24.01994769533006,32,25,3705,1.3847642657791452,,,
audit_sweep_ncal32,66,0.5541932021257445,0.026243438313207634,0.0,0.02721654475312341,2.0571295166231685,23.812961511591016,32,25,3762,1.2444357840613336,,,
audit_sweep_ncal32,67,0.5542502856750173,0.026167537493684057,0.0,-0.019378264085488317,3.6469583939662953,25.402790388934143,32,25,3819,3.2484803548203405,,,
audit_sweep_ncal32,68,0.5544766398776967,0.026135935860366555,0.0,-0.09671817099615049,1.0279635517614012,22.78379554672925,32,25,3876,0.48534792504627955,,,
audit_sweep_ncal32,69,0.5545424770261707,0.026000584230983503,0.0,0.04903633048601108,5.2149983578353325,26.970830352803183,32,25,3933,6.29541669233868,,,
audit_sweep_ncal32,70,0.5543063519285908,0.026393114941267837,0.0,0.18446135832794033,3.7185288146218345,25.474360809589683,32,25,3990,3.6949015937920664,,,
audit_sweep_ncal32,71,0.5544152597842238,0.02649497463011352,0.0,-0.034581956651879464,3.865670001146125,25.621501996113974,32,25,4047,3.52522350005623,,,
audit_sweep_ncal32,72,0.5546949498891158,0.026144306817985408,0.0,-0.11686374470482702,6.772357374314445,28.528189369282295,32,25,4104,12.16699103895652,,,
audit_sweep_ncal32,73,0.5545758883307963,0.02633452173120865,0.0,0.12788834767460927,1.9748333215246068,23.730665316492455,32,25,4161,1.1923859204343634,,,
audit_sweep_ncal32,74,0.5544257062789242,0.026507173779854565,0.0,0.16971648028911857,3.2785455331785722,25.034377528146422,32,25,4218,4.165976933563973,,,
audit_sweep_ncal32,75,0.5546262889241574,0.02574306884297306,0.0,-0.11509637983188047,6.8412914904158235,28.597123485383673,32,25,4275,12.94871738085976,,,
audit_sweep_ncal32,76,0.5547233155993221,0.025727547790556193,0.0,-0.05655733430662454,2.6073261489377404,24.36315814390559,32,25,4332,0.8957528067122691,,,
audit_sweep_ncal32,77,0.5546612607231876,0.025869357682569816,0.0,0.03591486772079973,2.368491249521307,24.124323244489155,32,25,4389,1.1956068050386193,,,
audit_sweep_ncal32,78,0.554821751788807,0.025797322994735694,0.0,0.08087019410287581,2.3518685883303725,24.10770058329822,32,25,4446,1.1126791844229058,,,
audit_sweep_ncal32,79,0.5551173816585188,0.024931752328546608,0.0,0.0490877112814379,3.9140641445981093,25.669896139565957,32,25,4503,3.7509417770109215,,,
audit_sweep_ncal32,80,0.5550828129868919,0.025201076870050132,0.0,-0.002718988387475411,1.8338282117060216,23.58966020667387,32,25,4560,1.1794748740729013,,,
audit_sweep_ncal32,81,0.5552764526803837,0.024574722759041823,0.0,0.04656476365906811,3.7665609042576826,25.522392899225533,32,25,4617,3.482882037462363,,,
audit_sweep_ncal32,82,0.5554715660146621,0.024407917599019946,0.0,-0.06085214380743029,1.9194115302740242,23.675243525241875,32,25,4674,1.180489293043077,,,
audit_sweep_ncal32,83,0.555703429714685,0.02372811970925992,0.0,-0.03670815118485014,5.243777226939845,26.999609221907694,32,25,4731,7.7891159883773025,,,
audit_sweep_ncal32,84,0.555824782918643,0.023420696574224742,0.0,0.003439470588101724,1.9435250678742617,23.69935706284211,32,25,4788,1.051301482477518,,,
audit_sweep_ncal32,85,0.5558653426734576,0.023609194223584984,0.0,-0.004978236466853706,4.013337700192541,25.76916969516039,32,25,4845,3.581881861746082,,,
audit_sweep_ncal32,86,0.5558593434462297,0.023547951378253607,0.0,0.07886217578188441,2.4206182024880247,24.176450197455875,32,25,4902,1.0670525803435875,,,
audit_sweep_ncal32,87,0.5559679798878677,0.02348532198747222,0.0,0.009308806514030534,3.4016258344388164,25.157457829406667,32,25,4959,3.3703215241176334,,,
audit_sweep_ncal32,88,0.5561730875911657,0.023352431253075512,0.0,-0.0645741489144893,5.615971781280155,27.371803776248004,32,25,5016,7.753004325057491,,,
audit_sweep_ncal32,89,0.5562100445336946,0.023415108909999094,0.0,0.0491843397042248,2.047424760791002,23.803256755758852,32,25,5073,1.29841773625054,,,
audit_sweep_ncal32,90,0.55623165484866,0.02322496960011311,0.0,0.055372603024565,2.3543082142125886,24.110140209180436,32,25,5130,1.556182813391595,,,
audit_sweep_ncal32,91,0.556383326832269,0.023086727423350606,0.0,-0.050248951429818896,1.849111743406429,23.604943738374278,32,25,5187,1.627403003279549,,,
audit_sweep_ncal32,92,0.5565575833929949,0.02292521973563577,0.0,-0.06993054981857855,4.1157718903341465,25.871603885301994,32,25,5244,3.256062321622856,,,
audit_sweep_ncal32,93,0.5564613327204041,0.022989160488018245,0.0,-0.012695620360163211,1.9705662277356395,23.726398222703487,32,25,5301,1.1269884674008723,,,
audit_sweep_ncal32,94,0.5567372211379422,0.022629869839488115,0.0,-0.20232573927723682,5.034040858837212,26.78987285380506,32,25,5358,5.789834739868104,,,
audit_sweep_ncal32,95,0.5567002951889015,0.023107099437531864,0.0,0.09880679491209016,2.5022661954466954,24.258098190414543,32,25,5415,0.8631400140845508,,,
audit_sweep_ncal32,96,0.55694231347124,0.02243750975599801,0.0,-0.053086422468316345,4.048130915090065,25.803962910057912,32,25,5472,4.029994162333498,,,
audit_sweep_ncal32,97,0.5570330386041539,0.02230909019790328,0.0,0.01035185510046913,3.5604618872062224,25.316293882174072,32,25,5529,3.431044815977449,,,
audit_sweep_ncal32,98,0.5569575902599159,0.02221816990950609,0.0,-0.06303169176335292,3.919545585491359,25.67537758045921,32,25,5586,3.103792770103759,,,
audit_sweep_ncal32,99,0.5569127732720774,0.022370308766987423,0.0,-0.037314738104442656,3.8016925312874252,25.557524526255275,32,25,5643,3.646295551951155,,,
audit_sweep_ncal32,100,0.557004139717647,0.022548221022559822,0.0,-0.050196773345133935,1.842954718321866,23.598786713289716,32,25,5700,1.277976866234487,,,
audit_sweep_ncal32,101,0.55702998627075,0.02244271740303816,0.0,0.02343934283694618,2.4953486012098303,24.25118059617768,32,25,5757,1.1521403024529286,,,
audit_sweep_ncal32,102,0.5570720629119381,0.022298363821487976,0.0,-0.0011026514576022806,2.2298868982021895,23.985718893170038,32,25,5814,1.3130663877243263,,,
audit_sweep_ncal32,103,0.5568748625336103,0.02253086612271582,0.0,0.05073920813734798,2.0824170694494217,23.83824906441727,32,25,5871,1.2911433799480363,,,
audit_sweep_ncal32,104,0.5566289436453298,0.02301012175058814,0.0,0.11104420711430397,3.493593478430781,25.24942547339863,32,25,5928,3.3405608153641886,,,
audit_sweep_ncal32,105,0.5567005758054692,0.023201431079873713,0.0,-0.05329459647652887,2.03162230527863,23.78745430024648,32,25,5985,1.3634319674472755,,,
audit_sweep_ncal32,106,0.5567493877171207,0.02300203280429347,0.0,-0.03358549202348723,2.341061672206744,24.096893667174594,32,25,6042,1.1762861235129376,,,
audit_sweep_ncal32,107,0.5567720691932367,0.02307568396534776,0.0,-0.08886547988214323,2.6017063378630305,24.35753833283088,32,25,6099,1.4228785747427428,,,
audit_sweep_ncal32,108,0.5567603571894747,0.023068854140811945,0.0,0.07229775881671592,2.088095867977808,23.843927862945655,32,25,6156,1.3899949099973223,,,
audit_sweep_ncal32,109,0.5566681251741874,0.023603850365035206,0.0,0.07198309470967802,2.287435139061796,24.043267134029644,32,25,6213,1.3255175785455735,,,
audit_sweep_ncal32,110,0.5564991737949402,0.024086339426984127,0.0,-0.009396884501425147,1.9987464980628111,23.75457849303066,32,25,6270,1.2739635453550295,,,
audit_sweep_ncal32,111,0.5565863178668372,0.023980223897294928,0.0,-0.10376135929289519,2.197821041158621,23.95365303612647,32,25,6327,1.7209644183146893,,,
audit_sweep_ncal32,112,0.5566066694157958,0.023681891229892282,0.0,-0.055287741938312804,6.82445996285041,28.58029195781826,32,25,6384,11.3903118110791,,,
audit_sweep_ncal32,113,0.5565652982157089,0.023915541456018152,0.0,0.11175144071566631,3.3703435557910777,25.126175550758926,32,25,6441,3.7417344504410432,,,
audit_sweep_ncal32,114,0.5567912042345676,0.023594182651310636,0.0,-0.07207335725717683,2.5532889863431527,24.309120981311,32,25,6498,1.5577952779307433,,,
audit_sweep_ncal32,115,0.5568988311108303,0.023940761272788547,0.0,-0.018106324384850034,3.1815405626217523,24.9373725575896,32,25,6555,3.0290833394684973,,,
audit_sweep_ncal32,116,0.5569198858487626,0.023918043110219722,0.0,-0.046275368983969584,3.780566434200786,25.536398429168635,32,25,6612,3.2924807270146745,,,
audit_sweep_ncal32,117,0.5567564137547643,0.024488378284012624,0.0,0.13625637339206015,2.2137176307098985,23.969549625677747,32,25,6669,0.8222884311686224,,,
audit_sweep_ncal32,118,0.5567629660431839,0.024668966858037433,0.0,0.04108639777475873,2.8274756047480922,24.58330759971594,32,25,6726,1.0163445043456436,,,
audit_sweep_ncal32,119,0.5570138578917563,0.023984625448324692,0.0,-0.03209418499444873,1.9518221870197043,23.707654181987554,32,25,6783,0.8040619551541145,,,
audit_sweep_ncal32,120,0.5570996931865273,0.02398174122687524,0.0,-0.02514731680379492,2.427054970305784,24.18288696527363,32,25,6840,0.9430401203042713,,,
audit_sweep_ncal32,121,0.5571819467981751,0.023923787045902367,0.0,0.00010169953583041658,3.774741437772427,25.530573432740276,32,25,6897,3.294292138146643,,,
audit_sweep_ncal32,122,0.5572376466697003,0.023875936804875098,0.0,0.018405833679875066,2.0861583973342386,23.841990392302087,32,25,6954,0.9221212426868034,,,
audit_sweep_ncal32,123,0.5573934224435949,0.023702424564846725,0.0,-0.10051059941547005,1.8434716684458046,23.599303663413654,32,25,7011,1.3882769980047085,,,
audit_sweep_ncal32,124,0.5575280161975893,0.023725570639705817,0.0,-0.03197559014332952,2.3758495082237814,24.13168150319163,32,25,7068,1.0618078791157335,,,
audit_sweep_ncal32,125,0.5575448255506408,0.024044117171424073,0.0,0.1276808575957142,1.9708073686509784,23.726639363618826,32,25,7125,0.9714586745861097,,,
audit_sweep_ncal32,126,0.5576523336393583,0.023667521624256116,0.0,-0.05420252956015766,2.1227500453877632,23.878582040355614,32,25,7182,1.1201237862087876,,,
audit_sweep_ncal32,127,0.557738649354606,0.02376862165201543,0.0,0.007771614072357584,2.1385991599553,23.894431154923147,32,25,7239,1.2527674892190197,,,
audit_sweep_ncal32,128,0.5576833414909045,0.02390958473373128,0.0,0.046851643152387844,3.6978323361654577,25.453664331133307,32,25,7296,3.3724418237949263,,,
audit_sweep_ncal32,129,0.5578143778969231,0.02343727928075201,0.0,-0.02815466439622433,2.3211828870213256,24.077014881989175,32,25,7353,1.2294537704770712,,,
audit_sweep_ncal32,130,0.5578362746866559,0.023666673776597813,0.0,0.0823827187227547,1.970716056312514,23.726548051280364,32,25,7410,1.2943617297444328,,,
audit_sweep_ncal32,131,0.5577753591066882,0.023881010999229013,0.0,0.011808580635635325,4.699707405263526,26.455539400231373,32,25,7467,7.358409879373911,,,
audit_sweep_ncal32,132,0.5580153185469596,0.023594786134444767,0.0,-0.2041898593982554,2.085889483409218,23.841721478377067,32,25,7524,2.2786878919492644,,,
audit_sweep_ncal32,133,0.5580643179227535,0.023347152520894254,0.0,-0.06346070024715064,3.2942071678440086,25.050039162811856,32,25,7581,3.0989177042606455,,,
audit_sweep_ncal32,134,0.5581312167342263,0.023097276331954242,0.0,0.050381879409216145,2.4458453388264476,24.201677333794297,32,25,7638,1.5163479721580664,,,
audit_sweep_ncal32,135,0.5580724212161063,0.023113122228126004,0.0,0.042340081972236265,2.0226813834486292,23.778513378416477,32,25,7695,1.431316487094511,,,
audit_sweep_ncal32,136,0.5583095228858551,0.023002867417574624,0.0,-0.0425783083967245,2.591904403068457,24.347736398036307,32,25,7752,1.2939691222116727,,,
audit_sweep_ncal32,137,0.5584006350364235,0.02257360736786762,0.0,-0.10847026542710902,1.872549327425225,23.628381322393075,32,25,7809,1.7077155255627077,,,
audit_sweep_ncal32,138,0.5583555711135789,0.022823614218854038,0.0,0.03300996079170858,1.8006633074572778,23.556495302425127,32,25,7866,1.1874279662252407,,,
audit_sweep_ncal32,139,0.5583410293599522,0.02331051235051851,0.0,0.002511134861263057,5.11035088566172,26.86618288062957,32,25,7923,7.8907231423174125,,,
audit_sweep_ncal32,140,0.5584735383747133,0.02290552955029168,0.0,-0.04188379192487721,3.8170286746280677,25.57286066959592,32,25,7980,3.5095467923487567,,,
audit_sweep_ncal32,141,0.5585450114462732,0.022892848134556387,0.0,-0.10571521497450907,3.6074939193568567,25.363325914324705,32,25,8037,3.5458212650929646,,,
audit_sweep_ncal32,142,0.5584885499194129,0.023357451090289305,0.0,0.0780403074767473,2.400146863819533,24.155978858787382,32,25,8094,1.5924466220040234,,,
audit_sweep_ncal32,143,0.5584566166050018,0.023794397813404644,0.0,-0.06301023424796372,1.7189379384650154,23.474769933432864,32,25,8151,0.9640081725344567,,,
audit_sweep_ncal32,144,0.5587927862355623,0.02346137798729464,0.0,-0.09983837544831624,3.176655866853314,24.932487861821162,32,25,8208,2.7372166296334024,,,
audit_sweep_ncal32,145,0.558845232833506,0.023044362305862265,0.0,-0.043083635693813,2.101382925548808,23.857214920516657,32,25,8265,1.2478538682330018,,,
audit_sweep_ncal32,146,0.5589570016074715,0.022736373992400916,0.0,0.08191602748402595,3.6340475137813275,25.389879508749175,32,25,8322,3.505898903503923,,,
audit_sweep_ncal32,147,0.5589848349272075,0.023028888406637527,0.0,-0.05398186677496726,2.2703786379068562,24.026210632874704,32,25,8379,1.0895824340197648,,,
audit_sweep_ncal32,148,0.5591281208234944,0.022909666524171923,0.0,-0.15441883669706116,5.032475222621252,26.7883072175891,32,25,8436,6.4495944668563014,,,
audit_sweep_ncal32,149,0.5592195365182001,0.022973576846914256,0.0,-0.1322954681926558,2.389739509137582,24.14557150410543,32,25,8493,1.050814247904322,,,
audit_sweep_ncal32,150,0.5591859729399511,0.02302003413749154,0.0,-0.055714569752072174,4.237436674009449,25.993268668977297,32,25,8550,3.625531313231363,,,
audit_sweep_ncal32,151,0.5593526897278817,0.022785660507991246,0.0,-0.16523579706869582,1.8330034057737945,23.588835400741644,32,25,8607,1.3424371417681227,,,
audit_sweep_ncal32,152,0.559424705096327,0.022518250533583473,0.0,0.006167122738933492,2.423702273180063,24.17953426814791,32,25,8664,1.0004528060141489,,,
audit_sweep_ncal32,153,0.5593541164857561,0.022325314923555273,0.0,0.14461090681502642,5.133108731676478,26.88894072664433,32,25,8721,7.823861368671144,,,
audit_sweep_ncal32,154,0.5593919984626744,0.022435529524676423,0.0,-0.023485954670590364,4.897238016554402,26.653070011522253,32,25,8778,7.408213882224632,,,
audit_sweep_ncal32,155,0.5595219088223504,0.02233319810573653,0.0,-0.12063721161170556,2.0024776761042413,23.75830967107209,32,25,8835,1.8731243536737294,,,
audit_sweep_ncal32,156,0.5595204479352763,0.02175489620143689,0.0,0.0991640258039107,3.819108864559707,25.574940859527555,32,25,8892,3.2446526431446205,,,
audit_sweep_ncal32,157,0.5596044767253429,0.02175462041118248,0.0,-0.07828932908586782,3.3861115664271684,25.141943561395017,32,25,8949,3.226115762176571,,,
audit_sweep_ncal32,158,0.5596201261794721,0.02151506693164562,0.0,0.12037133918532006,2.1808381712141247,23.936670166181973,32,25,9006,1.3250361086688853,,,
audit_sweep_ncal32,159,0.5597133470741597,0.021356914525226367,0.0,-0.0807337246225017,3.6927075391743243,25.448539534142174,32,25,9063,3.3266677759812975,,,
audit_sweep_ncal32,160,0.5595515715337479,0.021467754641409043,0.0,0.0003766840470554626,2.6035708864790092,24.359402881446858,32,25,9120,1.0352579927853252,,,
audit_sweep_ncal32,161,0.5595291533061068,0.021050576971075263,0.0,-0.027228027359668838,3.3116794161651066,25.067511411132955,32,25,9177,3.1051229982542026,,,
audit_sweep_ncal32,162,0.559536913871188,0.021088863532833346,0.0,0.026664880479330192,5.14102647539442,26.896858470362268,32,25,9234,6.888076524285196,,,
audit_sweep_ncal32,163,0.5595912954408861,0.020809845240769898,0.0,-0.12832862046631663,3.769891113144925,25.525723108112775,32,25,9291,3.4663848213464576,,,
audit_sweep_ncal32,164,0.5594800236596246,0.020646744629143177,0.0,0.15261708091414772,3.616216136679589,25.37204813164744,32,25,9348,3.6999452335474943,,,
audit_sweep_ncal32,165,0.5595284122517681,0.020630636326567364,0.0,0.16970844613042896,0.8816958789052538,22.637527873873104,32,25,9405,0.9056237535727941,,,
audit_sweep_ncal32,166,0.5594472209827813,0.02055592183245958,0.0,0.1750852649642949,2.720255733130686,24.476087728098534,32,25,9462,1.2011498080661922,,,
audit_sweep_ncal32,167,0.5595002261320521,0.020495240551253846,0.0,-0.18345258089482183,4.920309623323613,26.67614161829146,32,25,9519,5.944653578467441,,,
audit_sweep_ncal32,168,0.5595146687609708,0.020903528176923758,0.0,0.05016670350148598,2.0020236071313486,23.757855602099198,32,25,9576,1.3749138531040686,,,
audit_sweep_ncal32,169,0.5595061262082033,0.020736644079883293,0.0,-0.07304880400828606,3.3802176788302374,25.136049673798087,32,25,9633,3.1106500555618264,,,
audit_sweep_ncal32,170,0.5594549531726198,0.020710366103831257,0.0,0.10382581135330024,2.260167452020439,24.01599944698829,32,25,9690,1.0318803698331884,,,
audit_sweep_ncal32,171,0.5595994215202365,0.020130782380999634,0.0,0.024498302523631704,3.821699136591907,25.577531131559756,32,25,9747,3.5839792668016393,,,
audit_sweep_ncal32,172,0.5597222578049247,0.01992773661352043,0.0,-0.06899819397027734,3.537606392909552,25.2934383878774,32,25,9804,4.3190237146253025,,,
audit_sweep_ncal32,173,0.5599272751943963,0.01985186792096505,0.0,-0.17247435884462606,3.2393359113676277,24.995167906335478,32,25,9861,2.9939614389340137,,,
audit_sweep_ncal32,174,0.5600570923164978,0.019569139350807063,0.0,-0.05502512348555919,3.504023451731257,25.259855446699106,32,25,9918,3.4775326751298397,,,
audit_sweep_ncal32,175,0.5602446929064215,0.019197911199190232,0.0,0.00046552022057515474,3.9008379448233734,25.65666993979122,32,25,9975,3.741968991190847,,,
audit_sweep_ncal32,176,0.560209440541595,0.019241229646230873,0.0,0.02106727701881668,1.7036045588450945,23.459436553812942,32,25,10032,1.1976421655818852,,,
audit_sweep_ncal32,177,0.5600537431101523,0.01947354593570738,0.0,0.050137663729380263,3.6125450897519165,25.368377084719764,32,25,10089,3.636450984939826,,,
audit_sweep_ncal32,178,0.5601197430093852,0.01955142793624498,0.0,0.005970178823063435,3.6439457461551577,25.399777741123007,32,25,10146,3.1454208684400964,,,
audit_sweep_ncal32,179,0.5601494789047681,0.019386995323423584,0.0,0.1097861753793633,1.9941160764873624,23.74994807145521,32,25,10203,1.2564120352726653,,,
audit_sweep_ncal32,180,0.5600151316121404,0.019485309737025558,0.0,0.16554949615620748,5.47068504785287,27.226517042820717,32,25,10260,7.140149148719334,,,
audit_sweep_ncal32,181,0.560081688554089,0.019428779977161525,0.0,-0.11060784830822308,3.551243347697894,25.307075342665744,32,25,10317,3.0162251789583414,,,
audit_sweep_ncal32,182,0.5600260676335428,0.019523992563592052,0.0,-0.03762892260770917,5.654139468741086,27.409971463708935,32,25,10374,7.612041079326341,,,
audit_sweep_ncal32,183,0.5601772007362911,0.019040967065700243,0.0,-0.1936266357012072,2.6089150923544153,24.364747087322264,32,25,10431,2.231085324333971,,,
audit_sweep_ncal32,184,0.5602451317495696,0.01902883753261153,0.0,-0.056071053641305574,3.7357828774637167,25.491614872431565,32,25,10488,3.501086601098916,,,
audit_sweep_ncal32,185,0.5606331876703432,0.018457970202201857,0.0,-0.16572310878230448,1.7203174556426148,23.476149450610464,32,25,10545,1.286255589988835,,,
audit_sweep_ncal32,186,0.5606496271659297,0.01835981967356326,0.0,-0.01993102879468127,4.792061367404986,26.547893362372836,32,25,10602,7.4070934504824475,,,
audit_sweep_ncal32,187,0.5606747921884075,0.018522286252007802,0.0,-0.012105272708725476,1.0548746701262148,22.810706665094063,32,25,10659,0.43138343607348845,,,
audit_sweep_ncal32,188,0.5606273996599537,0.01875761155252742,0.0,-0.15241897071204244,3.8774820857990395,25.633314080766887,32,25,10716,4.923537602308513,,,
audit_sweep_ncal32,189,0.5606170829331383,0.018693179716692376,0.0,-0.13560662647699281,1.9084229385931772,23.664254933561025,32,25,10773,1.4016854353786319,,,
audit_sweep_ncal32,190,0.5608027777971305,0.017957899851399506,0.0,0.03585070102803789,4.888760410655372,26.64459240562322,32,25,10830,6.6968866364303565,,,
audit_sweep_ncal32,191,0.5608424167171959,0.01794909481581697,0.0,0.13948119339512846,1.9146703538441525,23.670502348812,32,25,10887,1.2500637679922444,,,
audit_sweep_ncal32,192,0.5609346642263533,0.0176178022758825,0.0,0.05050184669373028,4.1588249637658485,25.914656958733698,32,25,10944,3.4176955830196074,,,
audit_sweep_ncal32,193,0.5608875337393764,0.01778113433262085,0.0,0.1641625734496189,2.0209771918912534,23.776809186859104,32,25,11001,1.5232418149089162,,,
audit_sweep_ncal32,194,0.5611372387868783,0.017488685276165206,0.0,-0.08454479274055846,1.933399260546859,23.68923125551471,32,25,11058,1.2306389319911564,,,
audit_sweep_ncal32,195,0.561032693774429,0.017387900645130183,0.0,0.11179960136051821,3.888546855480571,25.64437885044842,32,25,11115,4.666947594467356,,,
audit_sweep_ncal32,196,0.5612604064453411,0.01729074388956464,0.0,-0.18987561355150756,4.159054280499211,25.91488627546706,32,25,11172,3.790449595340814,,,
audit_sweep_ncal32,197,0.5611821040231357,0.017616801984310593,0.0,0.03566593596844627,3.6466507777420083,25.402482772709856,32,25,11229,3.09568878256035,,,
audit_sweep_ncal32,198,0.561177459931759,0.017174045715265485,0.0,0.08774020318678559,3.4916821081967533,25.2475141031646,32,25,11286,3.404889405313519,,,
audit_sweep_ncal32,199,0.5610801932481368,0.017545527748198064,0.0,0.024425437137653303,3.5204773849841167,25.276309379951964,32,25,11343,3.843405748020021,,,
audit_sweep_ncal32,200,0.5610033609799874,0.017651180894757257,0.0,-0.04823596726132156,3.3997092755508507,25.1555412705187,32,25,11400,3.4904415495131365,,,
audit_sweep_ncal32,201,0.5610945042433508,0.017745706256709903,0.0,-0.012086508531822436,3.9729692529439626,25.72880124791181,32,25,11457,3.9384791433603725,,,
audit_sweep_ncal32,202,0.5611523817857146,0.01758554900698983,0.0,-0.024422798706304236,1.8827237146641478,23.638555709631998,32,25,11514,1.0855026402503112,,,
audit_sweep_ncal32,203,0.5612270485045787,0.017113798558305526,0.0,0.042816805065417456,3.3904430323203445,25.146275027288194,32,25,11571,3.091051609638679,,,
audit_sweep_ncal32,204,0.5612120569882794,0.01716181721038801,0.0,0.0244579540967576,1.772177885833135,23.528009880800983,32,25,11628,1.2193444986420388,,,
audit_sweep_ncal32,205,0.5612642098992764,0.017185220292980086,0.0,-0.1525219545381848,1.9158201096425391,23.671652104610388,32,25,11685,1.278311199138608,,,
audit_sweep_ncal32,206,0.5613485138320237,0.01724045900430815,0.0,0.003140068483788034,2.257225720055819,24.013057715023667,32,25,11742,1.5391788744685901,,,
audit_sweep_ncal32,207,0.5615638697611557,0.017081628696482,0.0,-0.04891521775424717,2.7048291351668072,24.460661130134657,32,25,11799,1.9014078045276386,,,
audit_sweep_ncal32,208,0.5615802215919633,0.017040589031734332,0.0,-0.017265567145372952,3.435157647864795,25.190989642832644,32,25,11856,3.1512356897178266,,,
audit_sweep_ncal32,209,0.5615847423154151,0.016944707524223612,0.0,-0.012226681263536971,3.989280943703437,25.745112938671287,32,25,11913,3.098526493944055,,,
audit_sweep_ncal32,210,0.5615530839258371,0.016803420623972998,0.0,0.12826647883449574,5.962926711656491,27.71875870662434,32,25,11970,7.26256027759272,,,
audit_sweep_ncal32,211,0.5615775225897544,0.016806531910123823,0.0,-0.037081564417693676,4.356259939958282,26.11209193492613,32,25,12027,3.4454874387667784,,,
audit_sweep_ncal32,212,0.5614197016005917,0.0170986151966408,0.0,0.015324907237859292,1.8652777789769128,23.621109773944763,32,25,12084,1.4017026207468655,,,
audit_sweep_ncal32,213,0.5613681240768896,0.017425808221860017,0.0,-0.11895331365759663,2.3852024037250663,24.141034398692916,32,25,12141,1.6297632890448366,,,
audit_sweep_ncal32,214,0.561473810933334,0.017141447762516915,0.0,0.040863742327747234,3.4147981623739585,25.170630157341808,32,25,12198,3.1195914966206026,,,
audit_sweep_ncal32,215,0.5614762781979965,0.01676985820343746,0.0,0.1071124613923858,3.9091968780854462,25.665028873053295,32,25,12255,2.8772721823497345,,,
audit_sweep_ncal32,216,0.5616306194893638,0.016104870002961014,0.0,-0.023868616382924285,3.9418897660513843,25.697721761019235,32,25,12312,2.8728127366371212,,,
audit_sweep_ncal32,217,0.5616734907483194,0.015710817681636513,0.0,-0.017277449068643255,3.66840662325457,25.424238618222418,32,25,12369,4.07726910481019,,,
audit_sweep_ncal32,218,0.5615236755901084,0.01609371033399498,0.0,-0.12440542619870613,1.7929914510421434,23.548823446009994,32,25,12426,1.2351276442254044,,,
audit_sweep_ncal32,219,0.5615368677198181,0.01594392664094979,0.0,0.017444927248989234,3.1010786732810085,24.856910668248858,32,25,12483,3.3734416042060893,,,
audit_sweep_ncal32,220,0.5617081904785088,0.015720096770767578,0.0,0.023943948483957204,2.535555851825873,24.29138784679372,32,25,12540,1.1822921313402885,,,
audit_sweep_ncal32,221,0.5618104987733371,0.015690803074986936,0.0,-0.08743638729286149,2.59272959951622,24.348561594484067,32,25,12597,1.3669166604074734,,,
audit_sweep_ncal32,222,0.5617252717876516,0.015792057018990335,0.0,-0.1022967659377908,2.001000178650092,23.75683217361794,32,25,12654,2.067767889203089,,,
audit_sweep_ncal32,223,0.5618231743026784,0.015282860443468826,0.0,0.09900094634195658,2.562797040546681,24.31862903551453,32,25,12711,1.461998343424749,,,
audit_sweep_ncal32,224,0.5618034711576326,0.015476601571507542,0.0,-0.09902008499735687,3.652673910455894,25.408505905423745,32,25,12768,3.6056131721223097,,,
audit_sweep_ncal32,225,0.5618975737285522,0.014931532736178532,0.0,0.0310524967526883,2.0620491562997953,23.817881151267645,32,25,12825,1.3833709485507917,,,
audit_sweep_ncal32,226,0.5618744790147159,0.014795644956012155,0.0,0.1559954359345032,1.7777352804758706,23.53356727544372,32,25,12882,1.2276714965216737,,,
audit_sweep_ncal32,227,0.5618901861918006,0.014703485268297678,0.0,0.06246758188575428,2.094411562463566,23.850243557431416,32,25,12939,1.2221413367429368,,,
audit_sweep_ncal32,228,0.5618877668026787,0.014942181039471647,0.0,0.17853840972468082,4.073117348963086,25.828949343930937,32,25,12996,2.969452336837662,,,
audit_sweep_ncal32,229,0.5619630409425997,0.014895775442175796,0.0,-0.18507941931143748,3.876864503671695,25.632696498639543,32,25,13053,3.0895598898240793,,,
audit_sweep_ncal32,230,0.5617704648542585,0.015392298119153325,0.0,-0.125939783947469,2.3935148005666282,24.149346795534477,32,25,13110,1.8718657570238615,,,
audit_sweep_ncal32,231,0.5618749768847108,0.0152472762435365,0.0,-0.02631041424758388,3.9412900134809496,25.697122008448797,32,25,13167,3.849838899766226,,,
audit_sweep_ncal32,232,0.5617056520932586,0.015575570792338955,0.0,0.23973297398678506,3.8515804865495786,25.60741248151743,32,25,13224,3.2589918446418964,,,
audit_sweep_ncal32,233,0.561563140449122,0.015905952109557475,0.0,0.1304234281661943,4.135010831422386,25.890842826390234,32,25,13281,3.615386147406836,,,
audit_sweep_ncal32,234,0.5614459946941032,0.016170524791388474,0.0,0.05381182855270432,3.9766576438990326,25.73248963886688,32,25,13338,3.4276651869581563,,,
audit_sweep_ncal32,235,0.5613760748350509,0.01612272785619917,0.0,0.03820695577409667,2.2047728585812196,23.960604853549068,32,25,13395,1.2096259568275605,,,
audit_sweep_ncal32,236,0.5616187564232371,0.015425580765874525,0.0,-0.015436427815241077,4.1366668340825195,25.892498829050368,32,25,13452,3.638134773556502,,,
audit_sweep_ncal32,237,0.5616257524522906,0.01523290601425098,0.0,0.07774205223885429,2.42917020407664,24.18500219904449,32,25,13509,1.2592998941004405,,,
audit_sweep_ncal32,238,0.5613463705146952,0.015711831413434352,0.0,0.14690851818674228,3.217989848329615,24.973821843297465,32,25,13566,4.256233229591282,,,
audit_sweep_ncal32,239,0.5613470852810839,0.015550886259634078,0.0,0.024182644199409256,2.500609143754717,24.256441138722565,32,25,13623,1.0834779963000893,,,
audit_sweep_ncal32,240,0.5613207999685622,0.015568990226228707,0.0,-0.006984163319396525,2.031436201109055,23.787268196076905,32,25,13680,1.1282684866407844,,,
audit_sweep_ncal32,241,0.5614049039810379,0.015538743572083957,0.0,0.03712548423723404,2.0734277573075364,23.829259752275384,32,25,13737,1.2875380259416165,,,
audit_sweep_ncal32,242,0.5614603877628243,0.01543053730902122,0.0,0.15176851906193928,2.59908996150555,24.354921956473397,32,25,13794,1.812417137706504,,,
audit_sweep_ncal32,243,0.561375809787754,0.01547841252138904,0.0,0.12950244021447424,3.7233467573302264,25.479178752298075,32,25,13851,3.909820031861344,,,
audit_sweep_ncal32,244,0.5614320599364253,0.015324194047974027,0.0,0.025613361699632776,2.197781436927314,23.953613431895164,32,25,13908,1.2226641878052495,,,
audit_sweep_ncal32,245,0.5614566624314624,0.015161651080809913,0.0,-0.02534694902314929,2.4329520795192323,24.18878407448708,32,25,13965,1.0388119736487527,,,
audit_sweep_ncal32,246,0.5614240801829539,0.014889006286863848,0.0,0.043330303247143424,3.7770155173380897,25.53284751230594,32,25,14022,3.541042780969887,,,
audit_sweep_ncal32,247,0.5616714649812756,0.01439461410964904,0.0,-0.1623820008151393,2.1038814431320723,23.85971343809992,32,25,14079,1.4816560708456126,,,
audit_sweep_ncal32,248,0.5615026216166158,0.014749951508749026,0.0,-0.005488523249883966,3.837248836944676,25.593080831912523,32,25,14136,3.3209295854282943,,,
audit_sweep_ncal32,249,0.5617799328286245,0.01408914446918108,0.0,-0.20401518264649443,3.7992414281648696,25.55507342313272,32,25,14193,2.907071648904224,,,
audit_sweep_ncal32,250,0.5616619516392697,0.014369187120787497,0.0,0.004567014085194964,2.524693227324964,24.280525222292813,32,25,14250,1.3141389885629535,,,
audit_sweep_ncal32,251,0.5616590200343299,0.014329869317872945,0.0,-0.05866289393481303,2.1239239911145362,23.879755986082387,32,25,14307,1.407121947055707,,,
audit_sweep_ncal32,252,0.5617258474619692,0.014252654627762373,0.0,-0.23030980698658282,5.91683311650004,27.67266511146789,32,25,14364,6.887232597219709,,,
audit_sweep_ncal32,253,0.5618643369617796,0.01409576666534007,0.0,-0.19571859652305879,5.207626326731469,26.963458321699317,32,25,14421,7.588414081217591,,,
audit_sweep_ncal32,254,0.5618045719384965,0.014170350193848602,0.0,-0.09549723006615725,2.5128866300907795,24.26871862505863,32,25,14478,1.0279600402079094,,,
audit_sweep_ncal32,255,0.5618172062268229,0.014040243258144125,0.0,0.053269466104930316,1.9350167564497465,23.690848751417597,32,25,14535,1.3360244378509383,,,
audit_sweep_ncal32,256,0.5618228580155664,0.014189211978088201,0.0,-0.036303779358157304,2.3550420978374236,24.110874092805272,32,25,14592,1.3966622631613343,,,
audit_sweep_ncal32,257,0.5618846733612738,0.014096181983557332,0.0,0.010350326648482856,2.748488830968622,24.50432082593647,32,25,14649,0.9079161813636845,,,
audit_sweep_ncal32,258,0.5617717111685446,0.014452682256840932,0.0,0.046595946094535885,2.330998942291696,24.086830937259545,32,25,14706,1.1887726934380094,,,
audit_sweep_ncal32,259,0.5616415371360771,0.014837087139446314,0.0,0.1416635221708172,2.281220382705213,24.037052377673064,32,25,14763,1.2340660192829995,,,
audit_sweep_ncal32,260,0.5616088639218965,0.014658822468803567,0.0,0.055926941328841906,1.9811865899885717,23.73701858495642,32,25,14820,1.2761835805542505,,,
audit_sweep_ncal32,261,0.5616674275755107,0.014752788681240303,0.0,-0.1102624299836109,1.9128412084055713,23.66867320337342,32,25,14877,1.0230662392382244,,,
audit_sweep_ncal32,262,0.561853446502207,0.014552413832314204,0.0,-0.18212084801637402,3.416842845548308,25.17267484051616,32,25,14934,5.51257334375801,,,
audit_sweep_ncal32,263,0.5619199925443313,0.01454646635643031,0.0,-0.13171982678135288,2.071621343634359,23.827453338602208,32,25,14991,1.5528642734344038,,,
audit_sweep_ncal32,264,0.5620136131937166,0.014419885529403542,0.0,-0.07782602904144106,2.598430861589032,24.354262856556883,32,25,15048,1.252825874748977,,,
audit_sweep_ncal32,265,0.5619918970819882,0.014584477152218445,0.0,0.1913532906558874,4.096192565893388,25.85202456086124,32,25,15105,2.5997171377415973,,,
audit_sweep_ncal32,266,0.562005758176081,0.014608544521811151,0.0,0.1307935681904617,2.777796544126051,24.5336285390939,32,25,15162,0.875542435609384,,,
audit_sweep_ncal32,267,0.5620969677327703,0.014755584528569954,0.0,0.07326277698040891,1.9112310825030443,23.667063077470893,32,25,15219,1.2500826825249376,,,
audit_sweep_ncal32,268,0.5625331351362243,0.013944417794645725,0.0,-0.07248940577502858,3.5788278262837663,25.334659821251616,32,25,15276,3.615265714706282,,,
audit_sweep_ncal32,269,0.5627060305255888,0.01344483837860122,0.0,-0.10416008841185383,3.6424577465121315,25.39828974147998,32,25,15333,3.15925513074813,,,
audit_sweep_ncal32,270,0.562798811222903,0.013416129039353075,0.0,-0.11926807491929665,2.005422653409706,23.761254648377555,32,25,15390,1.3695038877270058,,,
audit_sweep_ncal32,271,0.5627969465154131,0.01333819488624377,0.0,-0.04646948060974945,4.1493766577554965,25.905208652723346,32,25,15447,3.390523239809109,,,
audit_sweep_ncal32,272,0.56275908880164,0.01344150708657521,0.0,-0.06539572407936994,2.4885307555807836,24.244362750548632,32,25,15504,1.1399844240415125,,,
audit_sweep_ncal32,273,0.5628755323399295,0.013182161870129883,0.0,-0.03414702758719835,3.4530221483727295,25.208854143340577,32,25,15561,3.597758146330696,,,
audit_sweep_ncal32,274,0.5627503432851693,0.013536265681369564,0.0,0.08366781307723363,3.4158703659265255,25.171702360894376,32,25,15618,3.9536326501452024,,,
audit_sweep_ncal32,275,0.5627172097034129,0.013897894609108952,0.0,0.06222800736871902,2.321121479355169,24.07695347432302,32,25,15675,1.0745093483350598,,,
audit_sweep_ncal32,276,0.5628218180586233,0.013666945526995655,0.0,-0.11714451971435964,1.9072050011521435,23.663036996119992,32,25,15732,0.8491668954767839,,,
audit_sweep_ncal32,277,0.5628526283044528,0.013622851149661996,0.0,-0.08899108847792374,3.637070388609956,25.392902383577805,32,25,15789,3.1809970530231158,,,
audit_sweep_ncal32,278,0.5628277561251002,0.01356558987796963,0.0,-0.10036877521714624,2.131987904510228,23.887819899478078,32,25,15846,1.1804674100274293,,,
audit_sweep_ncal32,279,0.5629385840239336,0.013356540217647761,0.0,-0.01862361182180179,2.165059372915935,23.920891367883783,32,25,15903,1.2879827692461425,,,
audit_sweep_ncal32,280,0.5629694114820141,0.013260202824647349,0.0,0.03955277491371825,2.3327288235221477,24.088560818489995,32,25,15960,1.096319494012516,,,
audit_sweep_ncal32,281,0.5630260123126801,0.013037993463625885,0.0,0.04028646402395364,1.8716704056861733,23.627502400654024,32,25,16017,1.236230355593582,,,
audit_sweep_ncal32,282,0.5629462798363405,0.013450702150143545,0.0,-0.07000308239559311,3.9580734354219542,25.713905430389804,32,25,16074,3.1775199944400865,,,
audit_sweep_ncal32,283,0.5628969933113813,0.013684666075243435,0.0,0.09393701353919676,3.4448987561294473,25.200730751097296,32,25,16131,3.8256979217065386,,,
audit_sweep_ncal32,284,0.5630816470347995,0.013385224132327234,0.0,-0.17562306053939408,2.386959611875913,24.142791606843762,32,25,16188,2.0627235434222873,,,
audit_sweep_ncal32,285,0.5630925527417128,0.01345616893082624,0.0,-0.017614668814951214,3.84503798081226,25.60086997578011,32,25,16245,3.6515445442662022,,,
audit_sweep_ncal32,286,0.5630964169386479,0.01312179901021393,0.0,0.31852696360650035,2.2340074958759275,23.989839490843778,32,25,16302,1.1298707364605873,,,
audit_sweep_ncal32,287,0.5629724541325525,0.013153987387160226,0.0,0.14236488714566622,1.8309471660302512,23.586779160998102,32,25,16359,1.2980276083183726,,,
audit_sweep_ncal32,288,0.5631274209047209,0.012808807106324593,0.0,0.04753621202915656,2.1316783156020254,23.887510310569873,32,25,16416,1.4096286439530832,,,
audit_sweep_ncal32,289,0.5630427858665604,0.012955188708582921,0.0,0.0012354262424898843,1.7782477290956726,23.53407972406352,32,25,16473,1.1962559488172644,,,
audit_sweep_ncal32,290,0.5630226974472922,0.012859069138784984,0.0,-0.03937121175494406,2.006540946817029,23.76237294178488,32,25,16530,1.2032146352780586,,,
audit_sweep_ncal32,291,0.5630486929650571,0.01282656835985152,0.0,0.06360509341739681,4.026889976687528,25.782721971655377,32,25,16587,3.327058083765335,,,
audit_sweep_ncal32,292,0.5631397700660169,0.012520378692625567,0.0,0.14178400621339984,3.6039513600841393,25.359783355051988,32,25,16644,3.649816895504474,,,
audit_sweep_ncal32,293,0.5632666960947643,0.012299063163361046,0.0,-0.19820080595045836,3.8443404938817287,25.600172488849577,32,25,16701,4.218074184551424,,,
audit_sweep_ncal32,294,0.5633773711847264,0.012175958688866895,0.0,-0.003610279223084377,2.2151616535072645,23.970993648475115,32,25,16758,1.2532683694822386,,,
audit_sweep_ncal32,295,0.5633650821161268,0.012082494660902277,0.0,0.2154728944936153,2.287526524632847,24.043358519600694,32,25,16815,1.5547088330518049,,,
audit_sweep_ncal32,296,0.5634630352905798,0.011808889651928722,0.0,0.00771543936048547,5.653430003051854,27.4092619980197,32,25,16872,6.796879669241706,,,
audit_sweep_ncal32,297,0.5634883753773491,0.011969908674113738,0.0,0.05386659137951885,5.547902733432195,27.303734728400045,32,25,16929,7.995584220223511,,,
audit_sweep_ncal32,298,0.5636861089157814,0.011647796043309344,0.0,-0.05540187882649111,2.268836798555748,24.024668793523595,32,25,16986,1.1777905263255113,,,
audit_sweep_ncal32,299,0.5636254917793109,0.011741945322107927,0.0,-0.024577203992901104,2.62096366182822,24.37679565679607,32,25,17043,1.6973413240547073,,,
audit_sweep_ncal32,300,0.5637427174132449,0.01151699260222716,0.0,-0.05585279828093635,2.273037004148066,24.028868999115915,32,25,17100,0.8773180850423957,,,
audit_sweep_ncal32,301,0.5638754274027244,0.01119067919965866,0.0,-0.06271983245813896,2.6352804164296826,24.391112411397533,32,25,17157,1.0850566884697952,,,
audit_sweep_ncal32,302,0.5637360281064522,0.011607931305555041,0.0,0.09833293735833783,4.093742272840569,25.849574267808418,32,25,17214,2.519712360801462,,,
audit_sweep_ncal32,303,0.563847998465042,0.011269369324873102,0.0,-0.1970555448096567,2.4351584822120675,24.190990477179916,32,25,17271,2.9179474184968304,,,
audit_sweep_ncal32,304,0.5639736362777502,0.010840236391182811,0.0,0.02786544956899771,3.3731526611110367,25.128984656078885,32,25,17328,3.3509952482251815,,,
audit_sweep_ncal32,305,0.5639638402398862,0.010702865134191053,0.0,0.12857673398217712,2.549171769229031,24.30500376419688,32,25,17385,1.270661038963857,,,
audit_sweep_ncal32,306,0.5640091823441657,0.010468136238584669,0.0,0.11089110727706432,2.4380685716242727,24.19390056659212,32,25,17442,1.585998908681099,,,
audit_sweep_ncal32,307,0.5641016776398977,0.010498613544179136,0.0,0.01982879940961169,2.441711748730517,24.197543743698365,32,25,17499,1.6158651120838414,,,
audit_sweep_ncal32,308,0.5641048011193982,0.010457387286171071,0.0,0.03745586694378926,3.8041554116564122,25.559987406624263,32,25,17556,3.817404068351657,,,
audit_sweep_ncal32,309,0.5641233720801653,0.010322273397600168,0.0,0.06430712483621966,1.7542183250760632,23.510050320043913,32,25,17613,1.2205477035747154,,,
audit_sweep_ncal32,310,0.5641036952638153,0.010338992942640624,0.0,0.04005789710382634,1.9800418541828362,23.735873849150686,32,25,17670,1.0320847713080323,,,
audit_sweep_ncal32,311,0.5640729625810845,0.010437056248985943,0.0,0.13714678781941284,2.990294930594519,24.74612692556237,32,25,17727,3.507472561511116,,,
audit_sweep_ncal32,312,0.5641886135154431,0.010214298426775237,0.0,0.018288409258419066,2.76503159971893,24.52086359468678,32,25,17784,1.231996129048959,,,
audit_sweep_ncal32,313,0.5641849305597273,0.010259756135198916,0.0,-0.02510802334121802,2.600438842987542,24.356270837955392,32,25,17841,1.3319434721540884,,,
audit_sweep_ncal32,314,0.5642992429405024,0.010168285828341062,0.0,0.0405722477242435,3.987255226679385,25.743087221647233,32,25,17898,3.382548261870461,,,
audit_sweep_ncal32,315,0.5643607867830811,0.009897833438222037,0.0,0.030980387838893453,1.8038950624286072,23.559727057396458,32,25,17955,1.4913074327528006,,,
audit_sweep_ncal32,316,0.5643632429732506,0.009776433386073924,0.0,-0.04089379835626507,2.386802458500401,24.14263445346825,32,25,18012,1.0080886176365018,,,
audit_sweep_ncal32,317,0.5641575256826207,0.01016498601535265,0.0,-0.06915065987582007,2.181546164929457,23.937378159897307,32,25,18069,1.0017555155178486,,,
audit_sweep_ncal32,318,0.5641476188129725,0.010333647035752902,0.0,0.013466316405418842,5.595335330910616,27.351167325878464,32,25,18126,7.24970512443978,,,
audit_sweep_ncal32,319,0.5641974563373551,0.010164524753657367,0.0,0.08232459801624847,2.782093036958693,24.53792503192654,32,25,18183,1.1880892285025884,,,
audit_sweep_ncal32,320,0.5642036170539417,0.01027610812459423,0.0,-0.06785331397243964,2.707109722917298,24.462941717885148,32,25,18240,1.7572567966642454,,,
audit_sweep_ncal32,321,0.5641379555409456,0.010407599317028726,0.0,-0.04329936577812702,2.1103854693684263,23.866217464336277,32,25,18297,0.8906023754356331,,,
audit_sweep_ncal32,322,0.5641799596127224,0.010319972024857127,0.0,-0.011913205311277065,1.8644342603352386,23.620266255303086,32,25,18354,1.206526290721205,,,
audit_sweep_ncal32,323,0.5641583874561208,0.010417733083789571,0.0,-0.0188265588427399,3.11298826246947,24.86882025743732,32,25,18411,3.4379333301284096,,,
audit_sweep_ncal32,324,0.5643119747049548,0.010010405506581943,0.0,0.14002516127368733,1.9037906357549694,23.65962263072282,32,25,18468,1.463671292579838,,,
audit_sweep_ncal32,325,0.5643803703020353,0.009917064117170193,0.0,0.06915816091094266,2.6090668173662808,24.36489881233413,32,25,18525,1.20619505855289,,,
audit_sweep_ncal32,326,0.5642640479964802,0.01031905193056537,0.0,-0.06404933909759017,2.57093566358268,24.32676765855053,32,25,18582,1.2387118687219065,,,
audit_sweep_ncal32,327,0.5640668611506482,0.010754675811912362,0.0,0.08629958639118113,2.1006850262195744,23.856517021187422,32,25,18639,0.8952846366406747,,,
audit_sweep_ncal32,328,0.5640970026596149,0.010727827954076896,0.0,0.0888306630549647,2.2148745039332574,23.970706498901105,32,25,18696,1.4773663963284531,,,
audit_sweep_ncal32,329,0.5642039017796757,0.010337379674443259,0.0,0.09405964476837338,4.864540964386017,26.620372959353865,32,25,18753,7.356174519640093,,,
audit_sweep_ncal32,330,0.5638607200605089,0.010938817905464693,0.0,0.07221512459531199,3.664693398055599,25.420525393023446,32,25,18810,3.8001430285705182,,,
audit_sweep_ncal32,331,0.5640178327634431,0.010616821996069392,0.0,-0.01259064312236377,2.120557038340128,23.876389033307976,32,25,18867,1.107089513891302,,,
audit_sweep_ncal32,332,0.5637501558746353,0.011104884629596579,0.0,0.03973415627639347,2.001754206644101,23.75758620161195,32,25,18924,1.3688995662509378,,,
audit_sweep_ncal32,333,0.5636237267523957,0.011599517373493184,0.0,-0.027453798747323267,2.131337808570432,23.88716980353828,32,25,18981,1.5108081807472116,,,
audit_sweep_ncal32,334,0.5636887892412444,0.011323069813692133,0.0,-0.03173057624634222,1.8201932654934259,23.576025260461275,32,25,19038,1.539294560970119,,,
audit_sweep_ncal32,335,0.5638224353202943,0.010941796471110155,0.0,0.026779405006939812,2.3840252761336753,24.139857271101526,32,25,19095,1.1793469621031205,,,
audit_sweep_ncal32,336,0.5640993340614997,0.010305681408882217,0.0,-0.04845623635776404,1.8784019688034526,23.6342339637713,32,25,19152,1.0603140450577548,,,
audit_sweep_ncal32,337,0.5642213867708478,0.010157478734494685,0.0,0.006056402424045998,1.8566631666066156,23.612495161574465,32,25,19209,1.3618405520393777,,,
audit_sweep_ncal32,338,0.5642070632706577,0.010073228996396955,0.0,0.05950603321491374,3.6588637022073907,25.41469569717524,32,25,19266,3.2858723214431267,,,
audit_sweep_ncal32,339,0.5642231044988576,0.01027163434652556,0.0,-0.1652812402036445,3.2589220094378537,25.014754004405702,32,25,19323,2.7275105043409096,,,
audit_sweep_ncal32,340,0.5641746223900955,0.01036449451578314,0.0,0.05574681228448446,3.069935444247173,24.82576743921502,32,25,19380,3.7098847930953402,,,
audit_sweep_ncal32,341,0.564298699078253,0.010139235266957147,0.0,0.05171925457166512,1.9022673626292599,23.65809935759711,32,25,19437,1.4769675538997886,,,
audit_sweep_ncal32,342,0.5641405895486208,0.010437140617853502,0.0,0.1577633618617296,4.193644687859465,25.949476682827314,32,25,19494,3.8430577781717785,,,
audit_sweep_ncal32,343,0.5642210631993466,0.010310129329026974,0.0,0.020680839956376037,2.1133498276457336,23.869181822613584,32,25,19551,1.0766223614653145,,,
audit_sweep_ncal32,344,0.5640350041464004,0.010792870581615932,0.0,0.025633160823005194,2.325098780181045,24.080930775148893,32,25,19608,1.308933349690612,,,
audit_sweep_ncal32,345,0.5640378517981302,0.010763789469221519,0.0,0.025250502839915118,3.60763646520366,25.36346846017151,32,25,19665,4.089697599478294,,,
audit_sweep_ncal32,346,0.5641786889477491,0.01061922093717882,0.0,-0.1909220764846469,3.8127564632130624,25.568588458180912,32,25,19722,3.854511811397737,,,
audit_sweep_ncal32,347,0.564403709403385,0.01031701324701495,0.0,-0.09991448512729145,4.549309975699371,26.305141970667222,32,25,19779,6.666760386873299,,,
audit_sweep_ncal32,348,0.5642469847539836,0.010657344452197348,0.0,0.1779973790573637,5.433385392149962,27.18921738711781,32,25,19836,4.8492402499220235,,,
audit_sweep_ncal32,349,0.564305523060703,0.010425223811920459,0.0,0.009474498340587821,1.7761525476669924,23.53198454263484,32,25,19893,1.1727058060783138,,,
audit_sweep_ncal32,350,0.5644302290636228,0.010404455591397688,0.0,-0.08118263552423424,2.456664360454682,24.21249635542253,32,25,19950,1.5229798237619658,,,
audit_sweep_ncal32,351,0.5644532420489575,0.01021911037568679,0.0,0.1613696740401316,1.8022800983862906,23.55811209335414,32,25,20007,1.554372586875607,,,
audit_sweep_ncal32,352,0.5645704017691489,0.009965337287368037,0.0,0.03108130797527818,2.3833346547666934,24.13916664973454,32,25,20064,1.2688081962403395,,,
audit_sweep_ncal32,353,0.5647888786618762,0.009728775705176385,0.0,-0.12735545882484361,2.2166090228573374,23.972441017825187,32,25,20121,1.427862961446471,,,
audit_sweep_ncal32,354,0.5648273672558005,0.00962273963983562,0.0,0.05222049397504479,1.813198655172451,23.5690306501403,32,25,20178,1.3410119609245348,,,
audit_sweep_ncal32,355,0.5649763964483836,0.009607209686427254,0.0,-0.09431915040290174,3.2572852326650317,25.013117227632883,32,25,20235,4.5433953352009455,,,
audit_sweep_ncal32,356,0.5652114598945386,0.009247089320182367,0.0,0.036902113988642175,2.515179398866055,24.271011393833906,32,25,20292,1.4074565675209045,,,
audit_sweep_ncal32,357,0.5653889726837455,0.009026366996079616,0.0,0.017085953484664757,2.106681033660614,23.862513028628463,32,25,20349,1.0584594443727908,,,
audit_sweep_ncal32,358,0.5653096497724596,0.009253008445238908,0.0,0.010180829298000299,3.606044545339106,25.361876540306955,32,25,20406,3.4777065676907712,,,
audit_sweep_ncal32,359,0.565238524645992,0.00945478334506733,0.0,-0.019586594915365695,4.0095388181699505,25.7653708131378,32,25,20463,3.296803228262424,,,
audit_sweep_ncal32,360,0.5654711853525207,0.008919291075326852,0.0,0.05042967825881251,3.1861477269711522,24.941979721939003,32,25,20520,3.4398621807820557,,,
audit_sweep_ncal32,361,0.5654298723132168,0.008926607706855938,0.0,0.06487439866993892,2.595158282307906,24.350990277275756,32,25,20577,1.0786789238118306,,,
audit_sweep_ncal32,362,0.5654181280415143,0.008973924854806747,0.0,0.024450721895440102,2.417954590961088,24.173786585928937,32,25,20634,1.4352058698829606,,,
audit_sweep_ncal32,363,0.5657112716034122,0.008285939666647368,0.0,-0.10806734240539068,3.7724068965881457,25.528238891555993,32,25,20691,3.7271207318973243,,,
audit_sweep_ncal32,364,0.5656804130376137,0.008131152672896436,0.0,0.013850709426602124,3.4841472877569872,25.239979282724835,32,25,20748,3.6516223455015306,,,
audit_sweep_ncal32,365,0.5657276258102797,0.007993650156699728,0.0,0.026140360582838522,1.8472025438083193,23.603034538776168,32,25,20805,1.0143589628811143,,,
audit_sweep_ncal32,366,0.565762544558277,0.007867712322581544,0.0,0.11185223720562663,2.11108005206256,23.86691204703041,32,25,20862,1.3542626616231728,,,
audit_sweep_ncal32,367,0.5657917027584765,0.007945253678651842,0.0,-0.026740899775954636,2.158736065241739,23.91456806020959,32,25,20919,0.9472192913654749,,,
audit_sweep_ncal32,368,0.5659566130622405,0.007705134770568445,0.0,-0.03952048309068125,2.8884115131017993,24.64424350806965,32,25,20976,3.4652790906870594,,,
audit_sweep_ncal32,369,0.5658705650238183,0.007813760367173184,0.0,0.12004941473248867,2.5591613551704415,24.31499335013829,32,25,21033,0.9937647384671069,,,
audit_sweep_ncal32,370,0.5657041207909552,0.008105056900375551,0.0,0.043289864460872414,1.8923363157424675,23.648168310710318,32,25,21090,0.9242272857271223,,,
audit_sweep_ncal32,371,0.5656174745757132,0.008401800482154886,0.0,0.025440355865649855,2.3399481304174565,24.095780125385307,32,25,21147,1.5198765454339251,,,
audit_sweep_ncal32,372,0.5656042059190975,0.00844770881317325,0.0,0.018094663817908897,3.250236826334452,25.0060688213023,32,25,21204,3.6841579410849903,,,
audit_sweep_ncal32,373,0.56586158451782,0.00789086012823692,0.0,0.05550402988985513,3.0198230511478195,24.77565504611567,32,25,21261,3.748153481529758,,,
audit_sweep_ncal32,374,0.5658467564426882,0.007923063755554849,0.0,0.06613614554581278,1.93321029422021,23.68904228918806,32,25,21318,1.342079092256968,,,
audit_sweep_ncal32,375,0.5659511941807437,0.007766973171976277,0.0,0.02077110273237129,1.9321860893903697,23.68801808435822,32,25,21375,1.1670348595288624,,,
audit_sweep_ncal32,376,0.565943913521545,0.007741087590177997,0.0,-0.00594670766551412,2.0957138677125666,23.851545862680418,32,25,21432,1.2770882568642588,,,
audit_sweep_ncal32,377,0.5660817267763002,0.007595061165883932,0.0,0.024409376147215486,3.677080231346944,25.432912226314794,32,25,21489,3.38812265487784,,,
audit_sweep_ncal32,378,0.5659251487454998,0.007800928774367666,0.0,0.13838595565564699,2.201921653574216,23.957753648542067,32,25,21546,1.9404325509421005,,,
audit_sweep_ncal32,379,0.5660665079502086,0.0075192333634531705,0.0,-0.05952859850645168,2.71439212958216,24.470224124550008,32,25,21603,0.9408169809997762,,,
audit_sweep_ncal32,380,0.5660628438257057,0.007579530622070285,0.0,0.011055317136480069,5.035568015887051,26.7914000108549,32,25,21660,7.548687066204231,,,
audit_sweep_ncal32,381,0.5661238714275907,0.007455150485110362,0.0,0.001656623340025873,2.940227009715012,24.696059004682862,32,25,21717,3.149022428848026,,,
audit_sweep_ncal32,382,0.5662394919885456,0.007296095243210399,0.0,-0.18326701253119004,2.809037436965552,24.564869431933403,32,25,21774,1.323053140408348,,,
audit_sweep_ncal32,383,0.5661015357437965,0.0077651909945472,0.0,-0.12430955206199773,3.8986404659537595,25.65447246092161,32,25,21831,2.9542465165433343,,,
audit_sweep_ncal32,384,0.5661070962824128,0.007759704329226458,0.0,-0.04712401857366316,4.544605695827476,26.300437690795327,32,25,21888,3.668584115733981,,,
audit_sweep_ncal32,385,0.5661298936251794,0.007795579960208188,0.0,-0.03455079846938517,3.519446964662242,25.275278959630093,32,25,21945,3.8064118557750084,,,
audit_sweep_ncal32,386,0.566028035099035,0.007949457671952542,0.0,0.10292512727458981,2.3757711406324145,24.131603135600265,32,25,22002,1.1194224059920803,,,
audit_sweep_ncal32,387,0.5658872620650992,0.008002576595075417,0.0,0.11254669106380492,2.812418725216308,24.568250720184157,32,25,22059,1.5850404617552378,,,
audit_sweep_ncal32,388,0.5658833114567369,0.00812246640512404,0.0,-0.07942669110013799,4.079535460830564,25.835367455798412,32,25,22116,3.204918517028499,,,
audit_sweep_ncal32,389,0.5659635686864707,0.007830663226864876,0.0,-0.032217265539283925,1.8987943266132248,23.654626321581073,32,25,22173,1.1919536486872295,,,
audit_sweep_ncal32,390,0.5660819504748927,0.007605024821571549,0.0,-0.010709893401429584,1.7535470513825162,23.509379046350364,32,25,22230,1.3439591635848533,,,
audit_sweep_ncal32,391,0.5660471703073339,0.007746848197428102,0.0,-0.0679199236451687,3.1654539786147127,24.921285973582563,32,25,22287,3.4673328216250785,,,
audit_sweep_ncal32,392,0.5660996397597763,0.007625089882144831,0.0,-0.036296741535916326,2.083441955790207,23.839273950758056,32,25,22344,1.3390803518935102,,,
audit_sweep_ncal32,393,0.5660602542434825,0.007796685903168732,0.0,0.03136111405616096,2.154333680215623,23.91016567518347,32,25,22401,1.0905129833779836,,,
audit_sweep_ncal32,394,0.5662058041191438,0.007465238282184261,0.0,0.014159057345808706,2.141734139567909,23.897566134535758,32,25,22458,1.369012993844298,,,
audit_sweep_ncal32,395,0.5662443029157778,0.007485841925348291,0.0,-0.08971002334400299,2.738367473141783,24.49419946810963,32,25,22515,1.0385057541515352,,,
audit_sweep_ncal32,396,0.5664873187872865,0.007199629353239034,0.0,-0.26405281618301374,2.0890956771716565,23.844927672139505,32,25,22572,1.353847255566767,,,
audit_sweep_ncal32,397,0.5665510172749675,0.0073049676256981,0.0,-0.07184701223077686,2.6988491898362614,24.45468118480411,32,25,22629,1.1466070233784817,,,
audit_sweep_ncal32,398,0.5665207791124651,0.007339795492887435,0.0,0.11182606025162169,3.887411152621918,25.643243147589768,32,25,22686,3.0407781259909097,,,
audit_sweep_ncal32,399,0.566623821535813,0.007015215127659458,0.0,-0.07648905958485523,2.2632661878451663,24.019098182813014,32,25,22743,1.1223431874075491,,,
audit_sweep_ncal32,400,0.5663923131366592,0.007317557740765035,0.0,0.15388790045131073,2.518299777579213,24.27413177254706,32,25,22800,1.2044632178882833,,,
audit_sweep_ncal32,401,0.5665105479530849,0.007053110292092102,0.0,0.02775538433223911,3.614371629536216,25.370203624504065,32,25,22857,3.7701393615512444,,,
audit_sweep_ncal32,402,0.566588165658965,0.006921158950053963,0.0,-0.021250798393851356,1.9055641845102127,23.66139617947806,32,25,22914,1.155150036439752,,,
audit_sweep_ncal32,403,0.5663860487440572,0.007208059262775013,0.0,0.14861432584602913,2.9581715138383826,24.714003508806233,32,25,22971,3.4561215277026966,,,
audit_sweep_ncal32,404,0.5662866098389124,0.007487275366430013,0.0,0.10481677165205842,2.9836886122169592,24.739520607184808,32,25,23028,3.650673681334545,,,
audit_sweep_ncal32,405,0.5662526751850023,0.007571083079939922,0.0,-0.014871402402643166,1.7475780194552075,23.503410014423057,32,25,23085,1.0249910688787978,,,
audit_sweep_ncal32,406,0.5663098024743887,0.007491434570645161,0.0,-0.01837526217990783,1.7090128338139137,23.464844828781764,32,25,23142,0.9644531620009569,,,
audit_sweep_ncal32,407,0.5664861143180653,0.007230013880842989,0.0,-0.047870647798173974,5.0185553624340375,26.774387357401885,32,25,23199,7.258487155623518,,,
audit_sweep_ncal32,408,0.5663970192802024,0.007450308646112291,0.0,0.05641450758840492,2.0561088575032587,23.811940852471107,32,25,23256,1.0824910080263093,,,
audit_sweep_ncal32,409,0.5665437749352232,0.007224507413878811,0.0,-0.1324514128712698,2.7023951261066945,24.458227121074543,32,25,23313,0.6785220397414193,,,
audit_sweep_ncal32,410,0.5664490342901547,0.007392428808396079,0.0,0.11351818065245144,2.2496452283451447,24.005477223312994,32,25,23370,1.1890418254254786,,,
audit_sweep_ncal32,411,0.5663502368766035,0.007450661201489073,0.0,0.12037304735355057,4.096205480742798,25.852037475710645,32,25,23427,3.3464607002945694,,,
audit_sweep_ncal32,412,0.5662229661246849,0.007524582723512752,0.0,0.16323658220661902,3.275139751096948,25.030971746064797,32,25,23484,2.7680475356715464,,,
audit_sweep_ncal32,413,0.5659731524835991,0.007787766169900734,0.0,0.1914560766940454,2.3339556148315364,24.089787609799387,32,25,23541,1.8141401084616182,,,
audit_sweep_ncal32,414,0.5664221097743302,0.007007449616117434,0.0,-0.11068696017316146,1.7348350948233198,23.49066708979117,32,25,23598,1.1908873488506098,,,
audit_sweep_ncal32,415,0.5667127891275039,0.00657105621223375,0.0,-0.20604768462344647,4.022100706470603,25.777932701438452,32,25,23655,3.5714378370700346,,,
audit_sweep_ncal32,416,0.5666206573983631,0.006702765675076217,0.0,0.015998992280106202,3.3497569758420447,25.105588970809894,32,25,23712,3.6581603919707035,,,
audit_sweep_ncal32,417,0.5667387366785891,0.006615245946717141,0.0,-0.2006883498425587,1.7218357830506117,23.47766777801846,32,25,23769,1.4845564449089446,,,
audit_sweep_ncal32,418,0.5664505577719856,0.00696977691740186,0.0,0.057303103376425746,1.9710271904632881,23.726859185431138,32,25,23826,1.0477921719611702,,,
audit_sweep_ncal32,419,0.5663840072512311,0.007038159034189917,0.0,0.002345274432277265,2.5363634385061617,24.29219543347401,32,25,23883,1.1793102725757385,,,
audit_sweep_ncal32,420,0.5664134319243294,0.007086681159945152,0.0,0.03453998317920282,2.1257628225763137,23.881594817544162,32,25,23940,1.2884067560698123,,,
audit_sweep_ncal32,421,0.56660275536604,0.006602795659395366,0.0,0.015804757984472957,5.267243799071949,27.023075794039798,32,25,23997,6.94618147972547,,,
audit_sweep_ncal32,422,0.5665353863395528,0.00669272156665901,0.0,0.12004242296698599,2.7057244358526424,24.46155643082049,32,25,24054,1.4496511764975384,,,
audit_sweep_ncal32,423,0.5665477826136307,0.006591942910118775,0.0,0.033243344774340856,2.576620556400072,24.332452551367922,32,25,24111,1.3215955852474917,,,
audit_sweep_ncal32,424,0.5665044183400952,0.006757677068279788,0.0,-0.03285493604291711,2.0758485375417752,23.831680532509623,32,25,24168,1.2685887834974123,,,
audit_sweep_ncal32,425,0.5666620397311147,0.006497129924155964,0.0,0.08619124149190587,2.0504883573935455,23.806320352361396,32,25,24225,1.3885432585741802,,,
audit_sweep_ncal32,426,0.566562385855099,0.006571799410595824,0.0,0.12277494412798062,3.6800815026307405,25.43591349759859,32,25,24282,4.381196567575236,,,
audit_sweep_ncal32,427,0.566614090719191,0.006501569211377678,0.0,0.02216184834701069,2.5263738000134994,24.282205794981348,32,25,24339,1.2263533257041705,,,
audit_sweep_ncal32,428,0.5666900264209292,0.006423916696702614,0.0,0.11502973364801218,2.278410909575897,24.034242904543746,32,25,24396,1.3723401675059688,,,
audit_sweep_ncal32,429,0.5670066513708225,0.005903268294254471,0.0,-0.10428984680406195,5.065948981739575,26.821780976707423,32,25,24453,6.249189868898469,,,
audit_sweep_ncal32,430,0.5672102824978242,0.005440641775583455,0.0,0.049381605765858226,2.66037412759441,24.416206122562258,32,25,24510,0.9320786959581544,,,
audit_sweep_ncal32,431,0.5675173384048144,0.005006474005327832,0.0,-0.17270485133058952,2.4873647158078396,24.24319671077569,32,25,24567,1.4512612523963764,,,
audit_sweep_ncal32,432,0.5677193986999683,0.004736492784296553,0.0,0.030955102912613667,3.9887052952675175,25.744537290235368,32,25,24624,3.665815026434264,,,
audit_sweep_ncal32,433,0.5677609610252343,0.004674186622828369,0.0,-0.06666814322069574,2.6834687535830986,24.43930074855095,32,25,24681,1.1159687782764687,,,
audit_sweep_ncal32,434,0.5681112160525211,0.004158092759108611,0.0,-0.08764984976005434,2.0798785836619236,23.835710578629772,32,25,24738,0.9104169476889925,,,
audit_sweep_ncal32,435,0.5680113952570542,0.004288656591643347,0.0,0.032461673484424046,4.276289305025389,26.03212129999324,32,25,24795,3.7534558073704054,,,
audit_sweep_ncal32,436,0.5680338588040448,0.004275262708031136,0.0,-0.03701490340399829,3.699506865843016,25.455338860810865,32,25,24852,2.8628826614408687,,,
audit_sweep_ncal32,437,0.5678046009947435,0.0044991583532477675,0.0,0.19911137571711773,2.6261219660875885,24.381953961055437,32,25,24909,0.7183513797289048,,,
audit_sweep_ncal32,438,0.5676903202878829,0.004717050103612785,0.0,-0.04010998303202983,3.1811155682774332,24.936947563245283,32,25,24966,3.3347113051142014,,,
audit_sweep_ncal32,439,0.5679915302117806,0.0043687429322251115,0.0,-0.04857398426935949,2.004664143067274,23.760496138035123,32,25,25023,1.1138303365727524,,,
audit_sweep_ncal32,440,0.5681325449270261,0.004215253585388323,0.0,-0.08593170361044282,4.279057434204086,26.034889429171933,32,25,25080,3.254130667177092,,,
audit_sweep_ncal32,441,0.5681236018105672,0.004166670141810158,0.0,-0.03261424743836388,4.547202877725406,26.303034872693253,32,25,25137,3.786996656294999,,,
audit_sweep_ncal32,442,0.5680543075704722,0.004219544712125045,0.0,0.10613024795047342,3.2959525509287997,25.05178454589665,32,25,25194,3.439780872192865,,,
audit_sweep_ncal32,443,0.5678202967399141,0.0044909342038825795,0.0,0.07624330767825316,4.223162767815131,25.978994762782982,32,25,25251,3.486703678487803,,,
audit_sweep_ncal32,444,0.5679443973719805,0.004396428549062081,0.0,-0.049823424004223835,3.9467850442103445,25.702617039178193,32,25,25308,4.151308802786003,,,
audit_sweep_ncal32,445,0.5678002761428155,0.004441703477295,0.0,0.189136273893276,3.735839384280168,25.491671379248018,32,25,25365,3.295363790943303,,,
audit_sweep_ncal32,446,0.5678911940206433,0.00436336497169576,0.0,0.02732418845541225,1.8402350054445749,23.596067000412425,32,25,25422,1.171813093052134,,,
audit_sweep_ncal32,447,0.5678633096391853,0.004383097159336158,0.0,0.029627198426003244,2.1182364514096466,23.874068446377496,32,25,25479,1.1827372642500484,,,
audit_sweep_ncal32,448,0.56792395507326,0.004422415265383894,0.0,-0.05706436429635267,6.248933588559359,28.00476558352721,32,25,25536,8.49526137357187,,,
audit_sweep_ncal32,449,0.5678873899960891,0.0043938951358230005,0.0,0.1497555010778591,4.329017090927879,26.084849085895726,32,25,25593,2.2821309439235726,,,
audit_sweep_ncal32,450,0.5679538337078079,0.004234695285593837,0.0,0.0326518284259384,2.065828559713162,23.82166055468101,32,25,25650,1.1058179876698373,,,
audit_sweep_ncal32,451,0.5677535581813496,0.004471069174948994,0.0,0.08488817913035747,4.2404520229194596,25.99628401788731,32,25,25707,2.7884974457328253,,,
audit_sweep_ncal32,452,0.5681029607752708,0.004279111049743767,0.0,0.02356208068089516,4.116064194165085,25.871896189132933,32,25,25764,3.391225440716074,,,
audit_sweep_ncal32,453,0.5679296340372942,0.004236987747448073,0.0,0.08292042316323366,2.4638540111981673,24.219686006166015,32,25,25821,1.3458403411407251,,,
audit_sweep_ncal32,454,0.5679581630136489,0.004211270700767322,0.0,-0.030182945182069227,3.944306711206043,25.70013870617389,32,25,25878,3.5020801408925246,,,
audit_sweep_ncal32,455,0.5677791702788689,0.004384565107678595,0.0,0.11173238192909096,1.779693602755132,23.53552559772298,32,25,25935,1.624723350377118,,,
audit_sweep_ncal32,456,0.5676839272006,0.0047440877120479286,0.0,0.1324455304825904,2.566826077372718,24.322658072340566,32,25,25992,1.1235763878071152,,,
audit_sweep_ncal32,457,0.5676827204660447,0.004768538800745792,0.0,0.05718426761143229,1.8625229049437286,23.618354899911576,32,25,26049,1.2341424298470542,,,
audit_sweep_ncal32,458,0.5675409665506906,0.004639738519392589,0.0,0.11456232936643156,2.627259283634175,24.383091278602024,32,25,26106,1.637994288119226,,,
audit_sweep_ncal32,459,0.5674956325313031,0.0047787319425575125,0.0,0.032047828857758094,1.880013918225594,23.635845913193442,32,25,26163,1.1444047489717732,,,
audit_sweep_ncal32,460,0.567251862030998,0.0051447685232917095,0.0,0.06720988894921934,2.1664219011070287,23.922253896074878,32,25,26220,1.3734586331923992,,,
audit_sweep_ncal32,461,0.5668324702594332,0.005791117953191538,0.0,0.16224009560850522,2.502652892550794,24.258484887518645,32,25,26277,1.9843162798232772,,,
audit_sweep_ncal32,462,0.5664764768459133,0.006349908236448765,0.0,0.12955602743914965,2.4533961958828376,24.209228190850688,32,25,26334,1.0192150314795763,,,
audit_sweep_ncal32,463,0.5665940047420587,0.006152109605637279,0.0,-0.10041431358395647,2.2102310886321535,23.9660630836,32,25,26391,1.280616678565497,,,
audit_sweep_ncal32,464,0.5668821418235663,0.0057712365108907315,0.0,-0.11979688945962115,2.716645919063914,24.472477914031764,32,25,26448,1.1532456601824574,,,
audit_sweep_ncal32,465,0.5669690160666164,0.00566930631647522,0.0,-0.07612887171399353,2.704193278067064,24.460025273034912,32,25,26505,1.261201759314434,,,
audit_sweep_ncal32,466,0.5669653269101114,0.005655049880164853,0.0,0.07140016266968627,2.4258323236712602,24.181664318639108,32,25,26562,1.3579076956669767,,,
audit_sweep_ncal32,467,0.5667247429012482,0.006149062582756826,0.0,0.1127071815171271,2.506654777277481,24.26248677224533,32,25,26619,1.3370064626795517,,,
audit_sweep_ncal32,468,0.5670265214929585,0.0059306013671429625,0.0,-0.1584045047276176,4.0385290256701865,25.794361020638036,32,25,26676,3.5158655246594805,,,
audit_sweep_ncal32,469,0.5669466761628109,0.0065126070507955935,0.0,0.0038969830870546544,3.926630487129214,25.682462482097062,32,25,26733,3.2719210346348477,,,
audit_sweep_ncal32,470,0.5668971491239561,0.006656986122926867,0.0,0.06307716047443201,3.9465663819988652,25.702398376966713,32,25,26790,3.2426173205916053,,,
audit_sweep_ncal32,471,0.5667167310788429,0.0071146245319234636,0.0,0.04612245746356925,5.9173905171818415,27.673222512149692,32,25,26847,6.875243981870475,,,
audit_sweep_ncal32,472,0.5666603826347506,0.007167777569998091,0.0,-0.0906189092656475,4.164517720760764,25.920349715728612,32,25,26904,3.162890193918874,,,
audit_sweep_ncal32,473,0.5670375178536268,0.007135308256379647,0.0,-0.0690959041460975,3.9357382875937574,25.691570282561607,32,25,26961,4.034030532579934,,,
audit_sweep_ncal32,474,0.5668542894994423,0.00725771202358827,0.0,0.036107381081423175,4.384520648115075,26.140352643082924,32,25,27018,3.356174368190349,,,
audit_sweep_ncal32,475,0.5670731442985063,0.0070963407916969645,0.0,-0.0765761244561655,2.3234622060121985,24.079294200980048,32,25,27075,1.458355353992366,,,
audit_sweep_ncal32,476,0.567235542658917,0.007139487808883183,0.0,-0.10829439539162625,1.821404283206225,23.577236278174073,32,25,27132,1.29001611318518,,,
audit_sweep_ncal32,477,0.5674535441514712,0.00691311356265234,0.0,-0.17184785325956994,3.9886308506554196,25.744462845623268,32,25,27189,3.369708145441518,,,
audit_sweep_ncal32,478,0.5674512461311558,0.006874663120976732,0.0,0.15618308442579498,3.540918651338326,25.296750646306176,32,25,27246,4.191188306497413,,,
audit_sweep_ncal32,479,0.567541666281198,0.006818477868239858,0.0,-0.04927000238813332,3.22323427236132,24.97906626732917,32,25,27303,3.1338510273426796,,,
audit_sweep_ncal32,480,0.5680661301959529,0.006607390315347628,0.0,-0.10318824591129111,2.444103012791904,24.199935007759752,32,25,27360,1.9295531075018375,,,
audit_sweep_ncal32,481,0.5680555061583112,0.00648095583784547,0.0,0.05648796302256394,4.287693760879569,26.04352575584742,32,25,27417,3.0035483286690607,,,
audit_sweep_ncal32,482,0.568024801509922,0.007092454318779917,0.0,0.10514021083951187,2.039970217304274,23.795802212272122,32,25,27474,0.9829297277313062,,,
audit_sweep_ncal32,483,0.5680591501919484,0.007068485933923729,0.0,-0.021139646231481294,2.376544226173737,24.132376221141588,32,25,27531,1.1934555773349202,,,
audit_sweep_ncal32,484,0.5680475083802853,0.007164397140899781,0.0,0.027607398884592876,3.281731162782627,25.037563157750476,32,25,27588,3.1626780015834597,,,
audit_sweep_ncal32,485,0.5680000895317892,0.00696356638442186,0.0,0.011306717892751545,5.5045966974973926,27.26042869246524,32,25,27645,6.4773352193811355,,,
audit_sweep_ncal32,486,0.5682908161749827,0.006661886352275714,0.0,-0.07107956335820063,1.8515864791875947,23.607418474155445,32,25,27702,1.1201668297980103,,,
audit_sweep_ncal32,487,0.5682552485211981,0.0062987007761400315,0.0,0.002851018096488016,2.279090304847669,24.03492229981552,32,25,27759,1.0868107333044317,,,
audit_sweep_ncal32,488,0.5679094740089258,0.006268020208837877,0.0,0.10743657773685002,4.159554656916934,25.915386651884784,32,25,27816,2.524724032898954,,,
audit_sweep_ncal32,489,0.567686343491097,0.00635060482469596,0.0,0.05467939882803308,2.9791976317459707,24.73502962671382,32,25,27873,3.8528009849197544,,,
audit_sweep_ncal32,490,0.56724722515038,0.006510901941225722,0.0,0.07592491275016304,1.9107571833972352,23.666589178365083,32,25,27930,1.476109788050605,,,
audit_sweep_ncal32,491,0.5671653443500998,0.007183719365329355,0.0,0.043080928989212175,2.1144487166844583,23.870280711652306,32,25,27987,1.149663428321652,,,
audit_sweep_ncal32,492,0.5672589865879608,0.006608307768206201,0.0,0.009188063323992116,3.9556858221411573,25.711517817109005,32,25,28044,3.4875644839628075,,,
audit_sweep_ncal32,493,0.5673395566581826,0.00589083086077935,0.0,-0.1283266876163709,2.696867779046114,24.452699774013965,32,25,28101,1.6575723721492732,,,
audit_sweep_ncal32,494,0.567313601782744,0.006449100603577174,0.0,0.030326002099858945,2.837413035782869,24.59324503075072,32,25,28158,0.9148915680911598,,,
audit_sweep_ncal32,495,0.5674316712608053,0.006206128662861521,0.0,-0.03346049448094004,1.982490028810877,23.738322023778725,32,25,28215,1.3188714185601285,,,
audit_sweep_ncal32,496,0.5673058129728052,0.005805883838270409,0.0,-0.056021917826377804,3.8235322470702178,25.579364242038068,32,25,28272,3.674597319322841,,,
audit_sweep_ncal32,497,0.5670376681894096,0.006252968932201397,0.0,0.060917300610657844,1.8502322430340736,23.606064238001924,32,25,28329,1.4194835703031035,,,
audit_sweep_ncal32,498,0.5671878061656014,0.006009788101691282,0.0,0.019965621223404693,2.167939522668134,23.923771517635984,32,25,28386,1.1694352547522526,,,
audit_sweep_ncal32,499,0.5672231421918461,0.006017238378973944,0.0,0.052179115549895835,3.7614744696209286,25.517306464588778,32,25,28443,3.6240056220103445,,,
audit_sweep_ncal32,500,0.5665882013898379,0.0068656670304841905,0.0,0.2697909546557992,3.228408698288399,24.984240693256247,32,25,28500,3.223661000724284,,,
audit_sweep_ncal32,501,0.5663338871772833,0.007137782649551561,0.0,0.17712154881462386,3.765692148578576,25.521524143546426,32,25,28557,7.139925524448213,,,
audit_sweep_ncal32,502,0.56649165763166,0.006905582171716551,0.0,-0.1940384869607768,1.7175640107277133,23.473396005695562,32,25,28614,1.2723292831943516,,,
audit_sweep_ncal32,503,0.5661098056537077,0.0073705545052491495,0.0,0.16039166085124834,2.378385751402366,24.134217746370215,32,25,28671,1.4363806787552906,,,
audit_sweep_ncal32,504,0.5661887611259707,0.0069876593467324,0.0,-0.03010233893230425,3.632528160191633,25.388360155159482,32,25,28728,3.5207862805054027,,,
audit_sweep_ncal32,505,0.5660694488254915,0.007176780874157962,0.0,0.06880740804370652,2.2490240812956768,24.004856076263525,32,25,28785,1.2865815773563658,,,
audit_sweep_ncal32,506,0.5664211465643202,0.006789378452076278,0.0,-0.17471327867874262,2.7180283975438924,24.473860392511742,32,25,28842,1.4407694345261333,,,
audit_sweep_ncal32,507,0.5665721663709816,0.006529115411254338,0.0,0.010611070995083275,2.5625495136960676,24.31838150866392,32,25,28899,1.0805430436966899,,,
audit_sweep_ncal32,508,0.5662246491711083,0.007115288731817659,0.0,0.13283771553967869,2.740101534274083,24.49593352924193,32,25,28956,1.1000588212821094,,,
audit_sweep_ncal32,509,0.5660320715286459,0.007467494057384116,0.0,0.05230408600049443,1.980177673586426,23.736009668554274,32,25,29013,1.0888104699788743,,,
audit_sweep_ncal32,510,0.5659842444464136,0.007671237009513443,0.0,0.009630733895763988,2.413772516019193,24.169604510987043,32,25,29070,1.1122580633969372,,,
audit_sweep_ncal32,511,0.56614562451293,0.007518754897575697,0.0,-0.0778076084711546,2.677627710381078,24.433459705348927,32,25,29127,1.7498543588086672,,,
audit_sweep_ncal32,512,0.5660276635623271,0.007714181013354526,0.0,0.03236132784501168,3.9534473483091643,25.709279343277014,32,25,29184,3.2295192092658156,,,
audit_sweep_ncal32,513,0.5658407534666829,0.00807724746046834,0.0,0.09922041183011968,2.1726392457938,23.92847124076165,32,25,29241,1.2842213373850648,,,
audit_sweep_ncal32,514,0.565894455822579,0.007927680729895137,0.0,0.10438163913160745,2.2294304716485374,23.985262466616387,32,25,29298,1.2586188627812094,,,
audit_sweep_ncal32,515,0.5659074935305602,0.00795392027399977,0.0,-0.11151256058185591,2.955301435640087,24.711133430607937,32,25,29355,1.1869005432549846,,,
audit_sweep_ncal32,516,0.5655524271280378,0.00852872002166205,0.0,0.13611825780830106,2.281228006280044,24.037060001247895,32,25,29412,1.611345662604153,,,
audit_sweep_ncal32,517,0.5657525227925926,0.008379806438223336,0.0,-0.10240361971832414,3.4406623302316706,25.19649432519952,32,25,29469,3.798452814271811,,,
audit_sweep_ncal32,518,0.565854243897771,0.008308917747623767,0.0,0.010828562453803687,2.326128099448868,24.08196009441672,32,25,29526,1.1826858627801329,,,
audit_sweep_ncal32,519,0.566043342474844,0.008280720130290686,0.0,-0.021664470382202195,2.291672471716882,24.04750446668473,32,25,29583,1.2410176340374912,,,
audit_sweep_ncal32,520,0.5665089874189988,0.0077147766109151306,0.0,-0.12823775991427022,2.8980157920547147,24.653847787022563,32,25,29640,2.620332812597296,,,
audit_sweep_ncal32,521,0.5666382274393071,0.007118641950737525,0.0,-0.08043841763520512,2.3849482636041874,24.140780258572036,32,25,29697,1.1343446635515495,,,
audit_sweep_ncal32,522,0.5664501972994094,0.007527799590170026,0.0,0.06891825631017108,3.9294855143107545,25.685317509278605,32,25,29754,7.3765952093203255,,,
audit_sweep_ncal32,523,0.5663472676069041,0.007804303755525099,0.0,0.164241862297129,2.731353897237273,24.487185892205122,32,25,29811,1.0804713744650776,,,
audit_sweep_ncal32,524,0.5662968007481732,0.00768918699364618,0.0,-0.03804482912663006,2.106624805311262,23.862456800279112,32,25,29868,1.1482322698996736,,,
audit_sweep_ncal32,525,0.5661496859107006,0.008007397596756394,0.0,0.11834513751920514,2.0754999158207204,23.83133191078857,32,25,29925,1.580580068325024,,,
audit_sweep_ncal32,526,0.5659447740023192,0.008348179106176912,0.0,0.11386809517433542,2.7136005937865595,24.469432588754408,32,25,29982,1.2568462088223342,,,
audit_sweep_ncal32,527,0.5659532357344803,0.008346807062731498,0.0,-0.021392218232612194,1.7913631962917693,23.54719519125962,32,25,30039,1.2343739667548783,,,
audit_sweep_ncal32,528,0.5663993089001212,0.007547298418593917,0.0,-0.11067879528625842,2.0446383224607305,23.80047031742858,32,25,30096,1.0998584577365713,,,
audit_sweep_ncal32,529,0.5665345246430258,0.007342504503680125,0.0,-0.07939938951845524,1.8214942141015957,23.577326209069444,32,25,30153,1.5033014766848072,,,
audit_sweep_ncal32,530,0.5662259564890344,0.007634687594501366,0.0,0.08947820465373416,1.7545235098570426,23.510355504824894,32,25,30210,1.5788773317835394,,,
audit_sweep_ncal32,531,0.5656834144565223,0.008408831148686513,0.0,0.26811723970246687,5.316211893512699,27.07204388848055,32,25,30267,6.580961865246837,,,
audit_sweep_ncal32,532,0.5660693520067335,0.007869941704966799,0.0,-0.18243571929478064,3.8983223648339083,25.65415435980176,32,25,30324,4.12469270227197,,,
audit_sweep_ncal32,533,0.5660497515699665,0.00787640558716407,0.0,0.04370117884697713,4.3453896537775565,26.101221648745405,32,25,30381,3.819928033222114,,,
audit_sweep_ncal32,534,0.5662901989758343,0.007402893616130668,0.0,-0.1373874569074496,2.07011360560674,23.825945600574588,32,25,30438,1.4119961146259348,,,
audit_sweep_ncal32,535,0.5664181359533065,0.007270651398338823,0.0,-0.1460112271138991,5.611245749710325,27.367077744678173,32,25,30495,9.44153424367244,,,
audit_sweep_ncal32,536,0.5664662333868168,0.007380115388967767,0.0,-0.048052621896127405,3.138856506557216,24.894688501525064,32,25,30552,3.112045068620619,,,
audit_sweep_ncal32,537,0.566409754718718,0.007478905766657773,0.0,0.028357672640531652,3.8017679652255993,25.55759996019345,32,25,30609,2.865538916484914,,,
audit_sweep_ncal32,538,0.5665220802105467,0.007468181905226023,0.0,-0.05210773897813885,5.505363761400238,27.26119575636809,32,25,30666,7.561464817585376,,,
audit_sweep_ncal32,539,0.5661533127826293,0.00804723442295363,0.0,0.09983571725261796,4.339289785137891,26.09512178010574,32,25,30723,4.070205989208163,,,
audit_sweep_ncal32,540,0.5661927810066696,0.008097777778213744,0.0,-0.06298637094215327,2.6166681817324737,24.372500176700324,32,25,30780,0.8531583974333146,,,
audit_sweep_ncal32,541,0.5663067496248455,0.007885796188526917,0.0,-0.06096693976693083,2.6977198138672405,24.45355180883509,32,25,30837,1.3917390250744448,,,
audit_sweep_ncal32,542,0.5665277528603172,0.007453275380909563,0.0,-0.0779889828752518,4.098282246498825,25.854114241466675,32,25,30894,3.0762152757510597,,,
audit_sweep_ncal32,543,0.5661949380470365,0.007827017087775112,0.0,0.10686331587507789,4.306553147417799,26.062385142385647,32,25,30951,2.9772970823921643,,,
audit_sweep_ncal32,544,0.566216015740174,0.007899500769061762,0.0,-0.03760128189298225,1.904751231698909,23.66058322666676,32,25,31008,1.1515525546062937,,,
audit_sweep_ncal32,545,0.5664440509371013,0.007547214500231214,0.0,-0.14560089859527992,4.63442234297188,26.39025433793973,32,25,31065,5.7184257099931015,,,
audit_sweep_ncal32,546,0.5664715469255208,0.00743524768107251,0.0,0.06050266442872486,3.4842986948474333,25.24013068981528,32,25,31122,3.3042190983323216,,,
audit_sweep_ncal32,547,0.5667307782869989,0.006913810669518794,0.0,-0.060828147436270914,1.148137251921916,22.903969246889766,32,25,31179,0.501548040671646,,,
audit_sweep_ncal32,548,0.5668678747455067,0.00654443657671655,0.0,0.015079093980794068,2.4874073922765922,24.24323938724444,32,25,31236,1.1932351199682558,,,
audit_sweep_ncal32,549,0.5666652614926337,0.006827006195345264,0.0,0.09499468692508838,3.692186793435434,25.44801878840328,32,25,31293,4.0185775123085365,,,
audit_sweep_ncal32,550,0.5669079011624827,0.0065683581756755816,0.0,-0.018103227716454787,2.3496355156823525,24.1054675106502,32,25,31350,1.1234497018401122,,,
audit_sweep_ncal32,551,0.5670864731082523,0.0064305828175938995,0.0,-0.18669069823885315,1.8384928422214077,23.594324837189255,32,25,31407,1.5145369977456047,,,
audit_sweep_ncal32,552,0.5673359033013055,0.005972466207638583,0.0,-0.13745044603436155,2.457715511976024,24.213547506943872,32,25,31464,1.1872303681218705,,,
audit_sweep_ncal32,553,0.5674535631828183,0.005836651917820457,0.0,-0.10047715933230483,4.806528404104008,26.562360399071856,32,25,31521,7.366547512200504,,,
audit_sweep_ncal32,554,0.5672589976546945,0.006184738256869382,0.0,0.10192998757298678,1.9725237745255555,23.728355769493405,32,25,31578,1.1053704301771636,,,
audit_sweep_ncal32,555,0.567006948212429,0.006661321115275176,0.0,0.043169817574589486,1.769079944260625,23.524911939228474,32,25,31635,1.2926504924509377,,,
audit_sweep_ncal32,556,0.5669662159242375,0.006695201616962798,0.0,0.1691228488585681,4.367224808646099,26.12305680361395,32,25,31692,2.5103263884739926,,,
audit_sweep_ncal32,557,0.5667898479203345,0.006936713833366248,0.0,0.10019581753713278,2.1975892861290336,23.953421281096883,32,25,31749,1.3229311417702665,,,
audit_sweep_ncal32,558,0.5669677567830351,0.0065813643917361775,0.0,-0.08124424507072821,2.079182037431338,23.835014032399187,32,25,31806,1.2153340760983211,,,
audit_sweep_ncal32,559,0.5668924841871168,0.006623960710476662,0.0,0.0020631866016923932,1.8554642682455738,23.611296263213422,32,25,31863,1.2453197132090004,,,
audit_sweep_ncal32,560,0.5668153416148257,0.006741808186080278,0.0,-0.011182151255666272,2.1442610188375575,23.900093013805407,32,25,31920,1.1059020861476025,,,
audit_sweep_ncal32,561,0.566827029417761,0.006811575580977891,0.0,-0.1296771879492332,1.8646857880885923,23.620517783056442,32,25,31977,2.075748645749019,,,
audit_sweep_ncal32,562,0.5668302483246792,0.006693384239352618,0.0,0.11035343085081903,2.1154086295415704,23.87124062450942,32,25,32034,1.2668681541289228,,,
audit_sweep_ncal32,563,0.5667844473075283,0.006617414800698218,0.0,0.0456189731033392,3.6159459908903306,25.37177798585818,32,25,32091,4.103949374062629,,,
audit_sweep_ncal32,564,0.5666609553130081,0.006794855495591001,0.0,0.11621073854289568,2.1137035483062663,23.869535543274115,32,25,32148,1.530361645065115,,,
audit_sweep_ncal32,565,0.5663658619484842,0.007150877226693497,0.0,0.19980212499029082,2.769114540815175,24.524946535783023,32,25,32205,1.2571089663066182,,,
audit_sweep_ncal32,566,0.5662963075481499,0.007258232517651342,0.0,0.07104413768504711,1.9345010103690659,23.690333005336914,32,25,32262,1.2011115525009821,,,
audit_sweep_ncal32,567,0.5664706689656216,0.007083245209662525,0.0,-0.07249118397055862,1.8964663152148493,23.652298310182697,32,25,32319,1.4632711719055171,,,
audit_sweep_ncal32,568,0.5666107824654321,0.006870285697854306,0.0,-0.005829628365298589,5.757548558776728,27.513380553744575,32,25,32376,6.603796487882623,,,
audit_sweep_ncal32,569,0.566573135841619,0.006953625714897438,0.0,0.046243917370550953,2.365706881779393,24.12153887674724,32,25,32433,1.0113628838430768,,,
audit_sweep_ncal32,570,0.5667951284170702,0.00656734585242702,0.0,-0.028611267338523084,2.248116433252337,24.003948428220188,32,25,32490,1.3689696691789865,,,
audit_sweep_ncal32,571,0.5669922515550045,0.006315097309852358,0.0,-0.1040003325661075,4.241961113384706,25.997793108352553,32,25,32547,3.4040728808548897,,,
audit_sweep_ncal32,572,0.5673280798160288,0.00587140021780197,0.0,-0.1267468326215426,3.6794522597226793,25.43528425469053,32,25,32604,2.9888311185694434,,,
audit_sweep_ncal32,573,0.5673604729917937,0.005829656790147908,0.0,0.006837453856535429,2.421368541172133,24.17720053613998,32,25,32661,0.9808797746475263,,,
audit_sweep_ncal32,574,0.567266600350933,0.00603032914337176,0.0,-0.018262050022776272,3.784665883643325,25.540497878611173,32,25,32718,3.1856342033298235,,,
audit_sweep_ncal32,575,0.5673535609360912,0.005998473728069276,0.0,-0.09423959196672706,2.50241475270242,24.25824674767027,32,25,32775,0.7637285174071304,,,
audit_sweep_ncal32,576,0.5672433605021857,0.0060905470633561,0.0,0.08998822922979573,4.124003183111621,25.87983517807947,32,25,32832,4.072981627975034,,,
audit_sweep_ncal32,577,0.5672699991476575,0.0059440310036378285,0.0,-0.004513521055643022,2.5426507952986555,24.298482790266505,32,25,32889,1.006984368878055,,,
audit_sweep_ncal32,578,0.5670515380903975,0.0062101074719284055,0.0,0.12811782358824994,1.699878578090098,23.455710573057946,32,25,32946,1.5142274956917356,,,
audit_sweep_ncal32,579,0.5673308914184083,0.0057633223727789895,0.0,-0.09898416515233553,2.831316641632341,24.58714863660019,32,25,33003,1.3263432155106105,,,
audit_sweep_ncal32,580,0.5671616733415623,0.005906298564479107,0.0,0.16305540433867233,2.6203479610572225,24.376179956025073,32,25,33060,1.161016201026736,,,
audit_sweep_ncal32,581,0.5673250757286625,0.005728680861057045,0.0,-0.10212216476275968,1.3106361210054986,23.066468115973347,32,25,33117,0.49950372723194647,,,
audit_sweep_ncal32,582,0.5674333664217719,0.0056426417965729225,0.0,-0.08137465565472385,2.112487269987311,23.86831926495516,32,25,33174,1.2900781264112444,,,
audit_sweep_ncal32,583,0.5674268713757109,0.005591956032938716,0.0,-0.01106558340464686,2.7147718181793765,24.470603813147225,32,25,33231,1.0898194202864202,,,
audit_sweep_ncal32,584,0.5680832688762957,0.004700648141781061,0.0,-0.2780750986133449,1.747925461887515,23.503757456855364,32,25,33288,1.5615852952693503,,,
audit_sweep_ncal32,585,0.56821008701222,0.004508278513275621,0.0,-0.11337147231883303,2.6051933822271907,24.36102537719504,32,25,33345,1.0725374182699832,,,
audit_sweep_ncal32,586,0.5683352686491148,0.004413923004624731,0.0,-0.037438149526224276,5.9383599183558005,27.69419191332365,32,25,33402,6.764730472968205,,,
audit_sweep_ncal32,587,0.5679485639577078,0.004955195039269222,0.0,0.10497421360058765,0.9920492538203923,22.747881248788243,32,25,33459,0.4938023181266177,,,
audit_sweep_ncal32,588,0.5677808241555093,0.005291122480026056,0.0,-0.02208746853272202,2.3963551162420154,24.152187111209866,32,25,33516,0.9459128254551146,,,
audit_sweep_ncal32,589,0.5676282556685089,0.00570288038487865,0.0,-0.020821294483107,4.2867039190145295,26.042535913982377,32,25,33573,3.7980199473564586,,,
audit_sweep_ncal32,590,0.5675220660266203,0.005997939552718101,0.0,-0.026333134405779196,2.346910867544703,24.102742862512553,32,25,33630,1.1395647995677334,,,
audit_sweep_ncal32,591,0.5673451660046546,0.006197822175593837,0.0,0.0934772075579661,1.9937680535868463,23.749600048554697,32,25,33687,1.19298151793353,,,
audit_sweep_ncal32,592,0.5676728591879477,0.005746228851090107,0.0,-0.015911609441921753,2.5965210602461184,24.352353055213968,32,25,33744,2.6857900155302485,,,
audit_sweep_ncal32,593,0.5678085028130944,0.005524437999656073,0.0,-0.007368952394921149,1.742670519686036,23.498502514653886,32,25,33801,1.2921806028444562,,,
audit_sweep_ncal32,594,0.5678617593919292,0.005447767837359785,0.0,0.055498684602974496,3.430444289769643,25.18627628473749,32,25,33858,3.681973578711504,,,
audit_sweep_ncal32,595,0.5677130289036693,0.005644475690212314,0.0,0.16651591675304347,2.458633602513394,24.214465597481244,32,25,33915,1.1636745320558048,,,
audit_sweep_ncal32,596,0.5678910616052356,0.005482648671840007,0.0,-0.14074573227303636,2.584903797313382,24.34073579228123,32,25,33972,0.9189088707858989,,,
audit_sweep_ncal32,597,0.5681485528382231,0.005156037221667686,0.0,-0.12671297792786373,3.861377514489396,25.617209509457247,32,25,34029,3.3219825254933735,,,
audit_sweep_ncal32,598,0.5680605805465162,0.005362886106414888,0.0,-0.03174826281451724,3.021369584105145,24.777201579072994,32,25,34086,3.176679009414056,,,
audit_sweep_ncal32,599,0.5681797587950097,0.005259224813991881,0.0,-0.04959147024463823,1.7592473790824144,23.515079374050263,32,25,34143,1.3009518508089446,,,
audit_sweep_ncal32,600,0.56767535121751,0.005954746935003308,0.0,0.2291025281916123,2.551629695696805,24.307461690664653,32,25,34200,1.6190291867420719,,,
audit_sweep_ncal32,601,0.5679288992105261,0.0056047198490759564,0.9,0.789841401159087,2.537141642723762,24.29297363769161,32,25,34257,0.9965700518273239,,,
audit_sweep_ncal32,602,0.5678671109343211,0.005697925721398489,0.9,0.9213172531577959,3.804188378603608,25.560020373571458,32,25,34314,3.276057688936555,,,
audit_sweep_ncal32,603,0.5677951986577824,0.005827135423479901,0.9,0.891363807124465,4.281090599439037,26.036922594406885,32,25,34371,3.537985434428039,,,
audit_sweep_ncal32,604,0.5678007327255336,0.0058948115171960636,0.9,0.7710554309322771,1.820473016403169,23.57630501137102,32,25,34428,1.0983339148884055,,,
audit_sweep_ncal32,605,0.5679960615388692,0.0056319197055794135,0.9,0.7312100044569723,2.096170153779768,23.852002148747616,32,25,34485,1.0610805855935803,,,
audit_sweep_ncal32,606,0.5682033633659186,0.005322122426363429,0.9,0.8064527045482155,4.2086406851035685,25.964472680071417,32,25,34542,2.835517656413547,,,
audit_sweep_ncal32,607,0.568089031930323,0.005534846805771654,0.9,0.9769630510514646,5.549094561108024,27.304926556075873,32,25,34599,7.303784506022912,,,
audit_sweep_ncal32,608,0.568040674998616,0.005793842405601768,0.9,0.8205507448468758,1.9049444573623182,23.66077645233017,32,25,34656,1.0638050907201553,,,
audit_sweep_ncal32,609,0.5680366013156202,0.005785546930448304,0.9,0.908677570542314,3.845053454233315,25.600885449201165,32,25,34713,3.8596201285451808,,,
audit_sweep_ncal32,610,0.5681679312143406,0.005752444300170412,0.9,0.7843355239624963,3.725670441321943,25.48150243628979,32,25,34770,2.493755547980609,,,
audit_sweep_ncal32,611,0.5679598739099475,0.006038260189908162,0.9,1.002051486021583,3.277124953635534,25.032956948603385,32,25,34827,3.6830334205153523,,,
audit_sweep_ncal32,612,0.5676034449691788,0.00648208165981401,0.9,1.0514925457224948,2.736974819039048,24.492806814006897,32,25,34884,0.835521807554642,,,
audit_sweep_ncal32,613,0.567618818709261,0.006571417286702741,0.9,0.836231391653117,1.8973703543570308,23.65320234932488,32,25,34941,1.455679283300518,,,
audit_sweep_ncal32,614,0.5677802327926179,0.00609616237149202,0.9,0.9446871544203791,2.398176047197274,24.154008042165124,32,25,34998,1.1058133682300089,,,
audit_sweep_ncal32,615,0.5678084961442902,0.006093527275287669,0.9,0.877629356823626,2.0044277006769846,23.760259695644834,32,25,35055,1.0694068302137236,,,
audit_sweep_ncal32,616,0.5678112104296136,0.00606250151326837,0.9,0.9829745947924142,2.3110262632747953,24.066858258242643,32,25,35112,1.4538358423361006,,,
audit_sweep_ncal32,617,0.5678412596779574,0.006121295293119888,0.9,0.8918105212317562,2.4524028334469286,24.208234828414778,32,25,35169,1.3687869172147362,,,
audit_sweep_ncal32,618,0.567965974082223,0.005952474281688547,0.9,0.837257976811478,4.05912532376196,25.81495731872981,32,25,35226,3.761241159331996,,,
audit_sweep_ncal32,619,0.5677920894313386,0.006109255854186091,0.9,1.0812697744619226,2.2992081551166,24.055040150084448,32,25,35283,1.3599863455028816,,,
audit_sweep_ncal32,620,0.5680263776786276,0.0057485703911343,0.9,0.8135012748734526,2.658455345561996,24.414287340529846,32,25,35340,0.8718488811942281,,,
audit_sweep_ncal32,621,0.5680491557472095,0.005918981077310037,0.9,0.7257557170134837,5.918542034861865,27.674374029829714,32,25,35397,6.039175328483197,,,
audit_sweep_ncal32,622,0.56792186817076,0.006299996251806106,0.9,0.9907048337131424,3.9196267458429817,25.675458740810832,32,25,35454,3.525372714660551,,,
audit_sweep_ncal32,623,0.5678431467208748,0.006537859438966009,0.9,0.8576452995903262,1.8990268385017552,23.654858833469603,32,25,35511,1.1053318914029706,,,
audit_sweep_ncal32,624,0.5677149874479714,0.0067999487385895785,0.9,0.9360631301762439,3.237993985624526,24.993825980592376,32,25,35568,3.239656907272365,,,
audit_sweep_ncal32,625,0.5675579610270873,0.006988859392097813,0.9,0.9597079671635675,2.567399913616402,24.32323190858425,32,25,35625,1.2579912053863922,,,
audit_sweep_ncal32,626,0.5675884345054859,0.0070241273689634065,0.9,0.8060844566892382,2.567768219412564,24.323600214380413,32,25,35682,1.0924442833339658,,,
audit_sweep_ncal32,627,0.5677216798335123,0.006707210669627095,0.9,0.9355110064455814,3.1707160537646164,24.926548048732464,32,25,35739,3.7868862506216843,,,
audit_sweep_ncal32,628,0.5675207273322952,0.007038316561812308,0.9,0.9411893852363079,2.70591684726153,24.46174884222938,32,25,35796,0.8280672515894906,,,
audit_sweep_ncal32,629,0.5673460080451693,0.0072757765050228684,0.9,1.0225745974063487,3.3383387334852737,25.094170728453122,32,25,35853,3.2738396260017644,,,
audit_sweep_ncal32,630,0.5674094634244613,0.007283581907997938,0.9,0.8506424229311584,2.9058110729320186,24.661643067899867,32,25,35910,1.092422278379152,,,
audit_sweep_ncal32,631,0.567694165270149,0.006660194842008971,0.9,0.7742625569876092,3.0425312326331673,24.798363227601016,32,25,35967,2.321493875949786,,,
audit_sweep_ncal32,632,0.5678812395980256,0.006584698035977277,0.9,0.7555500370350059,1.932828467003397,23.688660461971246,32,25,36024,1.1259704257187413,,,
audit_sweep_ncal32,633,0.5680497094922169,0.006329184499404339,0.9,0.8038635166660746,4.810620163193553,26.566452158161404,32,25,36081,6.317772713763179,,,
audit_sweep_ncal32,634,0.5679985859280656,0.006521269761187276,0.9,0.8711286595612066,2.6107410478744746,24.366573042842322,32,25,36138,1.4575936250731,,,
audit_sweep_ncal32,635,0.5680582933728945,0.006556865728868377,0.9,0.7689785304385124,2.269087619647644,24.02491961461549,32,25,36195,1.4571634098174748,,,
audit_sweep_ncal32,636,0.5679096638027946,0.006748509274183578,0.9,1.041377890505903,2.7796729368864006,24.53550493185425,32,25,36252,1.5620610118244649,,,
audit_sweep_ncal32,637,0.5676552821214809,0.007298127277242106,0.9,0.9970593393116844,1.7737601378039842,23.529592132771832,32,25,36309,1.1747233226429108,,,
audit_sweep_ncal32,638,0.5676899946085022,0.007282847158420203,0.9,1.007781460537028,4.210415994003197,25.96624798897105,32,25,36366,4.29514200062409,,,
audit_sweep_ncal32,639,0.567741327645247,0.00710479353983251,0.9,0.9069888784759059,2.450082386987605,24.205914381955456,32,25,36423,1.150432892956241,,,
audit_sweep_ncal32,640,0.5676884023521047,0.007199016566960981,0.9,1.0055028933887018,2.2171344177747474,23.972966412742597,32,25,36480,1.2009277490287111,,,
audit_sweep_ncal32,641,0.5679675678894571,0.00645865655397504,0.9,0.9852413176788892,2.1077945090939005,23.86362650406175,32,25,36537,1.275475788775244,,,
audit_sweep_ncal32,642,0.5678846241683481,0.00651976168805124,0.9,0.8573893180136992,1.9201391384315853,23.675971133399436,32,25,36594,1.3254032533024058,,,
audit_sweep_ncal32,643,0.5678248741865641,0.0065103758312130555,0.9,1.041446990817037,2.4798678830419716,24.23569987800982,32,25,36651,1.3679947211764656,,,
audit_sweep_ncal32,644,0.5679006056845706,0.0063365893947372465,0.9,0.8295170435165273,2.2164857989263718,23.97231779389422,32,25,36708,1.3840137335724545,,,
audit_sweep_ncal32,645,0.5679485731991321,0.006123815977417402,0.9,1.035950233672568,2.352850480912943,24.10868247588079,32,25,36765,1.6066032711203284,,,
audit_sweep_ncal32,646,0.5680911626770804,0.005850329712787539,0.9,0.8777939869316229,3.653387671828187,25.409219666796037,32,25,36822,3.2433743331344953,,,
audit_sweep_ncal32,647,0.5679807013349526,0.005938690613273567,0.9,0.9175894014507323,2.4037544448027077,24.159586439770557,32,25,36879,1.5021753408553526,,,
audit_sweep_ncal32,648,0.5683963038406961,0.005330553325201048,0.9,0.7210033388883207,2.3769494517868925,24.13278144675474,32,25,36936,2.329206838094476,,,
audit_sweep_ncal32,649,0.5685275776992833,0.00514489131290119,0.9,0.8285045219301485,1.9778319259021728,23.733663920870022,32,25,36993,1.641832550524322,,,
audit_sweep_ncal32,650,0.5682638363123632,0.005486361909908921,0.9,0.957908475904423,1.9650192937768702,23.72085128874472,32,25,37050,1.2683887155121316,,,
audit_sweep_ncal32,651,0.5681248565391135,0.005698645772390654,0.9,0.911425952011958,3.770259888938243,25.52609188390609,32,25,37107,7.149514253599783,,,
audit_sweep_ncal32,652,0.5681775667973331,0.005591962941453699,0.9,0.9298374660664578,3.4464555686360256,25.202287563603875,32,25,37164,3.246025800989341,,,
audit_sweep_ncal32,653,0.5684972481419105,0.005202110182864317,0.9,0.672505995282021,2.6974639953673405,24.45329599033519,32,25,37221,2.6921209473720076,,,
audit_sweep_ncal32,654,0.5687259598510328,0.005054576573803704,0.9,0.7849841376729882,2.0917550792893143,23.847587074257163,32,25,37278,1.5384723404020249,,,
audit_sweep_ncal32,655,0.56878305834462,0.005000140127705444,0.9,0.7961356049981188,2.593807987530573,24.349639982498424,32,25,37335,1.053790128791085,,,
audit_sweep_ncal32,656,0.5688884689880643,0.004915703046829312,0.9,0.8849353120107748,2.993015565882857,24.748847560850706,32,25,37392,3.0395350988429093,,,
audit_sweep_ncal32,657,0.5685378073090884,0.005472343566316984,0.9,1.0784961356767113,2.2552455193857464,24.011077514353595,32,25,37449,1.869343820653835,,,
audit_sweep_ncal32,658,0.5684293094982118,0.005589273428376673,0.9,0.9501926999623361,1.7253574982642828,23.481189493232133,32,25,37506,1.3811962346481665,,,
audit_sweep_ncal32,659,0.568643042498331,0.005198902567658981,0.9,0.8781547932465846,3.9764326849624156,25.732264679930264,32,25,37563,3.337618071448074,,,
audit_sweep_ncal32,660,0.5687417794015002,0.005052027993620145,0.9,0.8406764640648438,4.1355710459270325,25.891403040894883,32,25,37620,3.8268332454678156,,,
audit_sweep_ncal32,661,0.5685861077824023,0.00514270107060244,0.9,1.0066098073126983,5.540339088637344,27.296171083605195,32,25,37677,6.891319076966382,,,
audit_sweep_ncal32,662,0.5687129272096809,0.00485059504007801,0.9,0.9012326594712519,3.9943277263467483,25.750159721314596,32,25,37734,3.306908912106069,,,
audit_sweep_ncal32,663,0.5687098291265161,0.004933371516252394,0.9,0.8752021012648817,3.0654884900473465,24.821320485015196,32,25,37791,3.11322045284996,,,
audit_sweep_ncal32,664,0.5684411773828261,0.005379776068091036,0.9,0.9965709951074846,2.326566011164018,24.082398006131868,32,25,37848,1.2612322403348721,,,
audit_sweep_ncal32,665,0.5685551867301222,0.005173452372013276,0.9,0.8102781945910534,1.99844942909162,23.75428142405947,32,25,37905,1.6867785101324517,,,
audit_sweep_ncal32,666,0.5686914919287749,0.004978694021550045,0.9,0.8900401033227963,2.0562155668688753,23.812047561836724,32,25,37962,1.0949286222204917,,,
audit_sweep_ncal32,667,0.5687944226248102,0.004862911287831451,0.9,0.8704676506132749,4.36071483198541,26.11654682695326,32,25,38019,3.783851193216099,,,
audit_sweep_ncal32,668,0.5684345337468877,0.005352438255610936,0.9,1.028098276017642,2.615991622953109,24.37182361792096,32,25,38076,1.6516198693621449,,,
audit_sweep_ncal32,669,0.5682274264885153,0.005803393750650754,0.9,0.9183160467123705,3.5083566216447997,25.26418861661265,32,25,38133,4.058795209344629,,,
audit_sweep_ncal32,670,0.5678779772713612,0.00617464851638827,0.9,1.166895865206749,2.211195990668717,23.967027985636566,32,25,38190,1.1631860542608805,,,
audit_sweep_ncal32,671,0.5680062064623668,0.005866989398646827,0.9,0.8497252274777465,2.4823735185513,24.238205513519148,32,25,38247,1.3493185829903145,,,
audit_sweep_ncal32,672,0.5679632356831995,0.005929332732732218,0.9,0.9701235873346247,4.653333638559356,26.409165633527206,32,25,38304,3.043664581186303,,,
audit_sweep_ncal32,673,0.5679994669483287,0.005891431046253004,0.9,1.0031767748559701,3.3862359442211507,25.142067939189,32,25,38361,3.282263653500586,,,
audit_sweep_ncal32,674,0.567878539900331,0.006030679735060884,0.9,0.9882166881831855,1.8426279886690173,23.598459983636868,32,25,38418,1.5218579146833624,,,
audit_sweep_ncal32,675,0.5681262387074429,0.005768909978977166,0.9,0.706618544612902,3.0133574694821323,24.76918946444998,32,25,38475,3.9284260948528615,,,
audit_sweep_ncal32,676,0.5683476875525534,0.005486739776665139,0.9,0.760514812140328,4.570046135506024,26.325878130473875,32,25,38532,6.269213013847011,,,
audit_sweep_ncal32,677,0.5683227832156007,0.00557571524300704,0.9,0.9338194354804734,3.5473352405819547,25.303167235549804,32,25,38589,3.4475094732975897,,,
audit_sweep_ncal32,678,0.5681894213012731,0.005719152047085618,0.9,0.8802732111842682,2.0815090383234955,23.837341033291345,32,25,38646,1.0700699911728608,,,
audit_sweep_ncal32,679,0.5681552089913012,0.005910818156148023,0.9,0.9023467922586009,1.9079908615189196,23.663822856486767,32,25,38703,1.1541548587294201,,,
audit_sweep_ncal32,680,0.5679979140388474,0.006042736861595399,0.9,1.1015308059145812,2.7220047493244466,24.477836744292297,32,25,38760,1.7319837614163056,,,
audit_sweep_ncal32,681,0.568181357354145,0.00563254337765573,0.9,0.8583698390679796,3.746813540653491,25.50264553562134,32,25,38817,3.7345478030824952,,,
audit_sweep_ncal32,682,0.5680207762288215,0.005853900597571515,0.9,0.9831884418935437,4.069443561679463,25.825275556647313,32,25,38874,3.549859388322311,,,
audit_sweep_ncal32,683,0.5682259184611873,0.005621320375034378,0.9,0.7628010571912172,2.6251206457783165,24.380952640746166,32,25,38931,1.009603588965639,,,
audit_sweep_ncal32,684,0.5681430999369582,0.005578448938905134,0.9,1.0409036093224824,4.377341987213595,26.133173982181443,32,25,38988,2.964776816448996,,,
audit_sweep_ncal32,685,0.5681455886654639,0.005425205113437026,0.9,0.9511886625417301,2.0934138607370065,23.849245855704854,32,25,39045,0.9766371464913541,,,
audit_sweep_ncal32,686,0.5679392239217088,0.005807551535239708,0.9,0.9048418383898276,2.6654609513139076,24.421292946281756,32,25,39102,0.8611665569298385,,,
audit_sweep_ncal32,687,0.5678180989589561,0.006016137770764041,0.9,1.0310855708248412,4.464475038651774,26.220307033619623,32,25,39159,2.5469099170231813,,,
audit_sweep_ncal32,688,0.5677364764294488,0.006133714743515206,0.9,0.9435288412033948,3.597747827565245,25.353579822533092,32,25,39216,2.9312487149620963,,,
audit_sweep_ncal32,689,0.5678342334524992,0.005968708080033802,0.9,0.8680790879094621,3.7546599217307,25.510491916698548,32,25,39273,3.40581639530995,,,
audit_sweep_ncal32,690,0.5677816337123546,0.00601815575394038,0.9,0.9385214154718496,4.006292390777681,25.76212438574553,32,25,39330,4.015295749349597,,,
audit_sweep_ncal32,691,0.5675309196688418,0.00640352110360487,0.9,1.0017752904567112,3.1366971804889574,24.892529175456808,32,25,39387,3.736739064191519,,,
audit_sweep_ncal32,692,0.5673890363810069,0.006550521974657109,0.9,1.047600366993616,3.538830997873582,25.29466299284143,32,25,39444,2.96635010328595,,,
audit_sweep_ncal32,693,0.5670244641155396,0.0072252325254389405,0.9,1.0606513628008427,2.5721981492754376,24.328030144243286,32,25,39501,2.078321240916181,,,
audit_sweep_ncal32,694,0.5671690151397812,0.007075869783251143,0.9,0.8145382880146723,4.324446343579946,26.080278338547796,32,25,39558,3.8455486476088976,,,
audit_sweep_ncal32,695,0.5672621286041032,0.007049985350156551,0.9,0.7715666674965034,2.5914144231197818,24.347246418087632,32,25,39615,1.9248101243710876,,,
audit_sweep_ncal32,696,0.5674087718890741,0.006881054155502886,0.9,0.8677196118107688,3.991356265536904,25.747188260504753,32,25,39672,4.014262598610288,,,
audit_sweep_ncal32,697,0.5675365593893419,0.006661334401806163,0.9,0.9015706076988222,1.789348340942047,23.545180335909897,32,25,39729,1.2849058941043174,,,
audit_sweep_ncal32,698,0.5676114514272896,0.006711218777624928,0.9,0.8482520809322853,3.544165862848444,25.299997857816294,32,25,39786,3.366781093144311,,,
audit_sweep_ncal32,699,0.5674139054069557,0.007120293516553522,0.9,0.9632518617822188,5.47607608944287,27.23190808441072,32,25,39843,7.726152640453327,,,
audit_sweep_ncal32,700,0.5676223230755737,0.006657828262346177,0.9,0.8932049131468648,2.6861974845830785,24.44202947955093,32,25,39900,1.3664855291292322,,,
audit_sweep_ncal32,701,0.5673794890578014,0.006968032722484696,0.9,1.0987765707527606,3.5326841740712798,25.288516169039127,32,25,39957,3.767265976259413,,,
audit_sweep_ncal32,702,0.5675848831237035,0.0066298818650262215,0.9,0.8067459723584895,1.8918388927011982,23.647670887669047,32,25,40014,1.5490679743065408,,,
audit_sweep_ncal32,703,0.5676468510235694,0.0063617097028561,0.9,0.8882834313204705,2.148698381190117,23.904530376157965,32,25,40071,1.4226368099418336,,,
audit_sweep_ncal32,704,0.5679119174609747,0.005899750142238314,0.9,0.8571311486665121,6.016408805318172,27.77224080028602,32,25,40128,7.546185192706846,,,
audit_sweep_ncal32,705,0.5679215970260946,0.005883609746250351,0.9,0.8719232325700669,3.7010530912635486,25.4568850862314,32,25,40185,6.8547313916449015,,,
audit_sweep_ncal32,706,0.5679249034882581,0.005901679551270411,0.9,0.8097632710160011,2.764024756015627,24.519856750983475,32,25,40242,1.9033208564548143,,,
audit_sweep_ncal32,707,0.5679936630749418,0.005743554371081427,0.9,0.9768695834846127,4.276818875542772,26.032650870510622,32,25,40299,3.4254771735545613,,,
audit_sweep_ncal32,708,0.5680142086352099,0.0057025765722331645,0.9,0.9148542018130396,4.492823612562251,26.2486556075301,32,25,40356,3.4284108966012283,,,
audit_sweep_ncal32,709,0.5678225611010976,0.006062283089248832,0.9,1.007563037126076,3.552012616249166,25.307844611217014,32,25,40413,2.4879185930396237,,,
audit_sweep_ncal32,710,0.5676651906332106,0.0061993537743259,0.9,0.9437018920671774,2.150639606935718,23.90647160190357,32,25,40470,1.132777900464584,,,
audit_sweep_ncal32,711,0.5675243296908832,0.0064065940527215925,0.9,0.9682142633900417,3.614797291010706,25.370629285978556,32,25,40527,2.9371472593328405,,,
audit_sweep_ncal32,712,0.5674393401831984,0.006665174908301208,0.9,0.9592155349931206,2.318471895454336,24.074303890422186,32,25,40584,1.0367707538664035,,,
audit_sweep_ncal32,713,0.5674082900546694,0.0066584850129213224,0.9,0.9485577073980308,3.645649600994384,25.401481595962235,32,25,40641,3.144729133442217,,,
audit_sweep_ncal32,714,0.5671834506472495,0.006977808293979426,0.9,0.9172543974844092,2.0642198651284946,23.820051860096342,32,25,40698,1.2656837103857839,,,
audit_sweep_ncal32,715,0.5674050615808237,0.0073368708719697695,0.9,0.9643195700138892,5.9527176078480855,27.708549602815935,32,25,40755,8.146893686826528,,,
audit_sweep_ncal32,716,0.5671169981825376,0.00827461721774414,0.9,1.0315419215414032,2.2949756973928044,24.050807692360653,32,25,40812,1.3536468812699556,,,
audit_sweep_ncal32,717,0.5671181319887159,0.008309769472830908,0.9,0.8979303041995405,2.401410728640597,24.157242723608448,32,25,40869,1.1269908444604333,,,
audit_sweep_ncal32,718,0.5671440928136617,0.00850760225184266,0.9,0.9658738608994817,2.4639930761684496,24.2198250711363,32,25,40926,0.9230949674837519,,,
audit_sweep_ncal32,719,0.5676486976018711,0.00831905083712714,0.9,0.6900868763809496,1.950948702793129,23.706780697760976,32,25,40983,1.2460383050930444,,,
audit_sweep_ncal32,720,0.5677375999202616,0.007658666557326943,0.9,0.7223378308043202,5.090985695895713,26.846817690863563,32,25,41040,7.523980537761273,,,
audit_sweep_ncal32,721,0.5675613391198131,0.00808387736340177,0.9,1.037649017326452,3.551842736736469,25.307674731704317,32,25,41097,3.5961214643170063,,,
audit_sweep_ncal32,722,0.5676058635303489,0.007982239001415703,0.9,0.8824527508163408,3.33205510663964,25.08788710160749,32,25,41154,4.0114872751188875,,,
audit_sweep_ncal32,723,0.5673268635168972,0.008019010854904973,0.9,0.8889924175412109,2.4404242954139312,24.19625629038178,32,25,41211,1.2494071497950117,,,
audit_sweep_ncal32,724,0.5674349877127141,0.007845658023960533,0.9,0.8178711535872563,2.5866822165863246,24.342514211554175,32,25,41268,0.9124508140272778,,,
audit_sweep_ncal32,725,0.5672676583878219,0.008378728692955417,0.9,0.9214239930479071,3.184163583939495,24.939995578907343,32,25,41325,3.5995072285304017,,,
audit_sweep_ncal32,726,0.5673097581842659,0.007880730771119726,0.9,0.8469681065726713,3.5627856536706948,25.318617648638543,32,25,41382,3.7431393037143827,,,
audit_sweep_ncal32,727,0.5675063940675773,0.00744607714952783,0.9,0.8286733929875332,4.151757949501618,25.907589944469468,32,25,41439,3.6546416421764825,,,
audit_sweep_ncal32,728,0.567643143310147,0.007188855754743262,0.9,0.8586897985465194,3.8413592924674935,25.597191287435344,32,25,41496,2.9453027732835184,,,
audit_sweep_ncal32,729,0.5675377843161198,0.007350441426384746,0.9,1.0144152733897753,2.4693751034158757,24.225207098383724,32,25,41553,1.069982992093672,,,
audit_sweep_ncal32,730,0.5677755217880366,0.007127502100702787,0.9,0.8289959645902711,5.3679698854963735,27.12380188046422,32,25,41610,7.416151187946862,,,
audit_sweep_ncal32,731,0.5679138533098975,0.007414372625523691,0.9,0.982612968597903,3.8317709772288144,25.587602972196663,32,25,41667,3.2595288320860134,,,
audit_sweep_ncal32,732,0.5678318449927778,0.007481013801293623,0.9,0.8932252608891171,3.4552534542235307,25.21108544919138,32,25,41724,3.119734742503189,,,
audit_sweep_ncal32,733,0.5678955525207052,0.007845244411333607,0.9,0.8999643087690561,3.0292747942616747,24.785106789229523,32,25,41781,4.173844923808704,,,
audit_sweep_ncal32,734,0.5678393750562668,0.007777178288088549,0.9,0.9291675133818097,1.9429789171289171,23.698810912096768,32,25,41838,1.2327694316423392,,,
audit_sweep_ncal32,735,0.5679470812523814,0.007720703084394098,0.9,0.9168222925310899,1.759536468585523,23.515368463553372,32,25,41895,1.0395597235422738,,,
audit_sweep_ncal32,736,0.5680138100242981,0.00786118904151456,0.9,0.9215589068148506,2.625497898250867,24.381329893218716,32,25,41952,1.2762218006157748,,,
audit_sweep_ncal32,737,0.5681028348223818,0.007601777227011164,0.9,0.8280677501217852,2.071968823706505,23.827800818674355,32,25,42009,1.1197636898248697,,,
audit_sweep_ncal32,738,0.5682153982234425,0.007740549754814308,0.9,0.9762880448701746,1.9613818557618086,23.717213850729657,32,25,42066,1.4338033479566377,,,
audit_sweep_ncal32,739,0.5684871172731714,0.00765680212936104,0.9,0.8442382109480969,5.994301004282353,27.7501329992502,32,25,42123,7.509040398637028,,,
audit_sweep_ncal32,740,0.5685356775558431,0.007262641939297043,0.9,0.8749653272980854,3.974324120204774,25.730156115172623,32,25,42180,2.8678213084495683,,,
audit_sweep_ncal32,741,0.5685119225019131,0.007036934990857779,0.9,0.841225588304349,5.091320105460356,26.847152100428204,32,25,42237,7.375447325379045,,,
audit_sweep_ncal32,742,0.568626359093395,0.006633601514406395,0.9,0.7870765899318455,5.267642177980124,27.023474172947974,32,25,42294,7.800848619743063,,,
audit_sweep_ncal32,743,0.5685614531052877,0.0072423789494509005,0.9,0.9437160160280929,2.471316528196217,24.227148523164065,32,25,42351,1.2442743738559703,,,
audit_sweep_ncal32,744,0.568725871703444,0.007165479435994659,0.9,0.7974825830415209,2.3311564880351474,24.086988483002997,32,25,42408,1.5244058111464194,,,
audit_sweep_ncal32,745,0.5686967786296269,0.007633407312602647,0.9,0.9806408542236701,3.262812689196409,25.018644684164258,32,25,42465,3.6935495075913676,,,
audit_sweep_ncal32,746,0.5689711273513405,0.0074059781391198065,0.9,0.8656915709680888,1.699358156615971,23.45519015158382,32,25,42522,1.3592266486429387,,,
audit_sweep_ncal32,747,0.5688063940820774,0.007746075081757953,0.9,0.9633830020494188,1.696437815185477,23.452269810153325,32,25,42579,1.3193105729305763,,,
audit_sweep_ncal32,748,0.5686419979456424,0.007986146191927723,0.9,1.0605681639455153,2.6058924135776786,24.361724408545527,32,25,42636,1.0510591602086745,,,
audit_sweep_ncal32,749,0.5685827441545239,0.008370690289590588,0.9,0.9089439622541601,5.284241612534294,27.040073607502144,32,25,42693,7.415332390320681,,,
audit_sweep_ncal32,750,0.5685723183836751,0.008364061842306869,0.9,0.8465029847722096,2.0747432504964745,23.830575245464324,32,25,42750,1.614570516256081,,,
audit_sweep_ncal32,751,0.5685023677716704,0.00834472441365175,0.9,0.9404457524815022,3.8494438409108724,25.60527583587872,32,25,42807,3.298452828490244,,,
audit_sweep_ncal32,752,0.5687521361848424,0.008246465578844786,0.9,0.8189208097184676,2.6526248810653006,24.40845687603315,32,25,42864,1.1092327263123958,,,
audit_sweep_ncal32,753,0.5685274419077064,0.008680473931654498,0.9,1.0524194433656906,4.174592748668263,25.930424743636113,32,25,42921,3.6424117660748916,,,
audit_sweep_ncal32,754,0.5684875811482708,0.008835420677848704,0.9,1.0146195576300057,1.9771917549267748,23.733023749894624,32,25,42978,0.9995491387586892,,,
audit_sweep_ncal32,755,0.5681568066071297,0.009189760222988674,0.9,1.021853978105952,2.0112822358799143,23.767114230847763,32,25,43035,0.5553364095180735,,,
audit_sweep_ncal32,756,0.5683175531172858,0.008827194655599557,0.9,0.9195920011349886,5.498629384273296,27.254461379241146,32,25,43092,7.1026247808880285,,,
audit_sweep_ncal32,757,0.5685486432148656,0.008760405316734943,0.9,0.8781798393106115,5.168245739894873,26.92407773486272,32,25,43149,7.628230465528472,,,
audit_sweep_ncal32,758,0.5688147712136029,0.00845921956061102,0.9,0.7889243717044438,3.059329386083888,24.815161381051738,32,25,43206,3.669209583409956,,,
audit_sweep_ncal32,759,0.5691154763711508,0.00830616080029023,0.9,0.7740158334290115,1.2266289719697916,22.98246096693764,32,25,43263,0.5715358086690066,,,
audit_sweep_ncal32,760,0.5689575369645976,0.008541096721262909,0.9,0.9758599257439972,1.7251352403967575,23.480967235364606,32,25,43320,1.6955160012489097,,,
audit_sweep_ncal32,761,0.5686103867437401,0.008843679022592976,0.9,1.0584696807123157,2.5537356337605757,24.309567628728423,32,25,43377,1.7799018201505057,,,
audit_sweep_ncal32,762,0.5686806190726724,0.008689686426999188,0.9,0.9325472417278302,2.383361045393615,24.139193040361462,32,25,43434,1.3278273549604194,,,
audit_sweep_ncal32,763,0.5687003353714554,0.009114799391920503,0.9,0.9917096543900301,7.305479095336634,29.061311090304482,32,25,43491,12.038536742213704,,,
audit_sweep_ncal32,764,0.568748409053326,0.008946993062187603,0.9,0.8537719176071417,4.145742077554797,25.901574072522646,32,25,43548,3.428573781284138,,,
audit_sweep_ncal32,765,0.569017269554891,0.008209001063409938,0.9,0.8010021319750437,2.12793883669136,23.88377083165921,32,25,43605,0.8820630516536443,,,
audit_sweep_ncal32,766,0.5688847240001754,0.008553885770657854,0.9,1.0387756634368348,1.9464890042498277,23.702320999217676,32,25,43662,1.311023112640092,,,
audit_sweep_ncal32,767,0.5691962967099355,0.007413199027537232,0.9,0.7350471583113114,2.1937908299924693,23.94962282496032,32,25,43719,1.2627928429924768,,,
audit_sweep_ncal32,768,0.5688086723268704,0.007684818235464297,0.9,1.0429457811985414,2.5541945807351913,24.31002657570304,32,25,43776,0.7341176933743492,,,
audit_sweep_ncal32,769,0.56885887903065,0.00661442172567106,0.9,0.6822542529620022,2.4882148660976022,24.244046861065453,32,25,43833,2.4921674376101945,,,
audit_sweep_ncal32,770,0.5690633860599934,0.006392235531392787,0.9,0.8117499313935841,1.8431741579396954,23.599006152907545,32,25,43890,1.1554049887027324,,,
audit_sweep_ncal32,771,0.5688185406010398,0.0075288414693067685,0.9,1.1171997700424097,2.4346920247480877,24.190524019715937,32,25,43947,1.445967215367209,,,
audit_sweep_ncal32,772,0.5689749231495342,0.0068033431976166625,0.9,0.7790738187286786,2.824329912422267,24.580161907390117,32,25,44004,3.2898313410101427,,,
audit_sweep_ncal32,773,0.5689586260125957,0.006622537117612737,0.9,0.8386082637087956,2.8872574101434707,24.64308940511132,32,25,44061,3.865487345301368,,,
audit_sweep_ncal32,774,0.5687739351511812,0.006045110330537562,0.9,0.9278561069213296,4.141959388265632,25.897791383233482,32,25,44118,3.244316855095452,,,
audit_sweep_ncal32,775,0.5687186203344043,0.00626414125092789,0.9,0.9635606815969648,2.020837817002135,23.776669811969985,32,25,44175,1.6643204038968769,,,
audit_sweep_ncal32,776,0.5689913224033615,0.006783102785666628,0.9,0.9670688067738015,5.334933300585259,27.09076529555311,32,25,44232,7.306855619440237,,,
audit_sweep_ncal32,777,0.5688655063354623,0.007194834548752804,0.9,0.9967454544570671,2.746679186992133,24.50251118195998,32,25,44289,1.3746942968186333,,,
audit_sweep_ncal32,778,0.5689509086511557,0.006795026914512059,0.9,0.8554587789878021,1.8494764610484593,23.60530845601631,32,25,44346,1.4172317422712786,,,
audit_sweep_ncal32,779,0.568925054061621,0.006630673152233535,0.9,0.9281006110038154,2.2353496647265807,23.99118165969443,32,25,44403,1.040335324759973,,,
audit_sweep_ncal32,780,0.5686999205911403,0.006723115508202926,0.9,0.9596105076969145,2.022559619044459,23.778391614012307,32,25,44460,1.3633737072624363,,,
audit_sweep_ncal32,781,0.5688039969589799,0.0061333230361784175,0.9,0.7813142868693544,2.39888709507527,24.15471909004312,32,25,44517,0.7602146528999494,,,
audit_sweep_ncal32,782,0.5688407531144937,0.005513589331460844,0.9,0.8003575398527587,2.574421370450021,24.33025336541787,32,25,44574,1.7526632088971341,,,
audit_sweep_ncal32,783,0.5687179503886307,0.005363617995361336,0.9,0.9199872948773014,3.4281936310762195,25.18402562604407,32,25,44631,3.7987455591573838,,,
audit_sweep_ncal32,784,0.5687110668777831,0.004590950653990955,0.9,0.8039068402440478,2.162452684660242,23.91828467962809,32,25,44688,1.6494119116909118,,,
audit_sweep_ncal32,785,0.5692340542769959,0.0040324143510221955,0.9,0.6977525527350881,2.6700252689829016,24.42585726395075,32,25,44745,1.2605885318702332,,,
audit_sweep_ncal32,786,0.5694389670781991,0.004224025723190472,0.9,0.8653587580710754,2.5309667432273524,24.286798738195202,32,25,44802,1.4041468933316632,,,
audit_sweep_ncal32,787,0.5696978020960128,0.0035777547519595387,0.9,0.6882568662949364,2.6451542610739325,24.400986256041783,32,25,44859,1.7045159137895134,,,
audit_sweep_ncal32,788,0.5696568478339604,0.0036211096103176965,0.9,0.8695646948077517,1.9650043457462019,23.72083634071405,32,25,44916,1.5530694575915467,,,
audit_sweep_ncal32,789,0.5699558752223876,0.004060500267498823,0.9,0.8573810324199189,4.1597214469515436,25.915553441919393,32,25,44973,3.390614133282381,,,
audit_sweep_ncal32,790,0.5698561090991912,0.003987915833144617,0.9,0.8948699383219033,5.838465967920757,27.594297962888607,32,25,45030,7.242738969873811,,,
audit_sweep_ncal32,791,0.5698491096579896,0.004285430739055074,0.9,0.9679272286028449,4.236412297247806,25.992244292215656,32,25,45087,3.4147105987515864,,,
audit_sweep_ncal32,792,0.5700521289899425,0.004659501392892174,0.9,0.987333188319141,4.101053313196803,25.856885308164653,32,25,45144,3.332419947571812,,,
audit_sweep_ncal32,793,0.5703149105983906,0.00473560738843648,0.9,0.8692686305932512,4.153309299953131,25.90914129492098,32,25,45201,2.7070271578288216,,,
audit_sweep_ncal32,794,0.5701695229393348,0.004430832703716137,0.9,0.8481807733870522,4.106565106354105,25.862397101321953,32,25,45258,3.4488627068263717,,,
audit_sweep_ncal32,795,0.5699639339028449,0.005133473233900898,0.9,1.0061285365708375,6.854536918902837,28.610368913870687,32,25,45315,12.331871531721692,,,
audit_sweep_ncal32,796,0.5700464496407948,0.005063065440101933,0.9,0.91828905953454,1.9878833401415952,23.743715335109446,32,25,45372,1.203139321873965,,,
audit_sweep_ncal32,797,0.5700287544741497,0.004946411069042367,0.9,0.8604876535076958,2.4739038248261433,24.229735819793994,32,25,45429,0.9494812097163463,,,
audit_sweep_ncal32,798,0.5699809532954152,0.004926710512925703,0.9,0.9568904917309402,3.2016933722739647,24.957525367241814,32,25,45486,3.3425812261218635,,,
audit_sweep_ncal32,799,0.5700952282378939,0.00524895583642615,0.9,0.9477171944941805,2.5775229463099807,24.33335494127783,32,25,45543,1.1801371419703617,,,
audit_sweep_ncal32,800,0.5704267600112655,0.005438320955165055,0.9,0.8355323336910427,1.7262282476446509,23.4820602426125,32,25,45600,1.4269655481877712,,,
audit_sweep_ncal32,801,0.5700306880593848,0.005453923081036538,0.9,1.038039922229516,3.4544335800982027,25.210265575066053,32,25,45657,3.067589187276197,,,
audit_sweep_ncal32,802,0.5699767621930351,0.005924894837363359,0.9,0.9915282798196542,3.8691524078933783,25.624984402861227,32,25,45714,2.926663393575578,,,
audit_sweep_ncal32,803,0.569805678537681,0.006587496863621367,0.9,1.0318601863193932,4.0316010126222555,25.787433007590103,32,25,45771,2.743563712842909,,,
audit_sweep_ncal32,804,0.5696099891610141,0.0058598083798045986,0.9,0.8007604762535552,4.053377476397486,25.809209471365335,32,25,45828,3.0196997976785314,,,
audit_sweep_ncal32,805,0.5697201964949167,0.005384059831343824,0.9,0.8200684831440196,4.195575758113822,25.95140775308167,32,25,45885,6.713836450521485,,,
audit_sweep_ncal32,806,0.570072225907118,0.005093624268600938,0.9,0.8343928699706978,1.7359073594414707,23.49173935440932,32,25,45942,1.1733357761488228,,,
audit_sweep_ncal32,807,0.5701267848804084,0.0055449246818432,0.9,1.0456862715715587,2.29896981065869,24.05480180562654,32,25,45999,1.4693108040244425,,,
audit_sweep_ncal32,808,0.5700769709869082,0.006087747817579925,0.9,1.0261800409118111,2.7816790289911726,24.53751102395902,32,25,46056,1.6342158814493992,,,
audit_sweep_ncal32,809,0.5701246208196513,0.006021710726857532,0.9,0.8153429576376514,1.935838197660376,23.691670192628226,32,25,46113,1.9069978028764234,,,
audit_sweep_ncal32,810,0.5703122144357387,0.005932959278130756,0.9,0.9049142343082321,2.9344548523909406,24.69028684735879,32,25,46170,3.2140445161792166,,,
audit_sweep_ncal32,811,0.5704509652217299,0.005797892850990971,0.9,0.8029605349973045,3.8598168849292174,25.615648879897066,32,25,46227,3.972158614686137,,,
audit_sweep_ncal32,812,0.5704102146794773,0.005901269253399177,0.9,0.9394777157500568,1.9442027630424272,23.700034758010275,32,25,46284,1.3951707839383127,,,
audit_sweep_ncal32,813,0.5703686377086963,0.0058310060309062495,0.9,0.857619508948622,3.296478147974845,25.052310142942694,32,25,46341,3.491906040408081,,,
audit_sweep_ncal32,814,0.5707691010912636,0.0056023358696326575,0.9,0.7571981744579365,1.9233299331045475,23.679161928072396,32,25,46398,0.8883263262620447,,,
audit_sweep_ncal32,815,0.5712253423303972,0.005835969622490111,0.9,0.8977386594372044,1.7953693760037077,23.551201370971558,32,25,46455,1.1517223266454157,,,
audit_sweep_ncal32,816,0.571168567065863,0.005581510123047528,0.9,0.7987083738718418,1.1578236306822502,22.9136556256501,32,25,46512,0.5117575767866095,,,
audit_sweep_ncal32,817,0.5710184764883935,0.00496785631668184,0.9,0.7744493990504608,2.2284664078595013,23.98429840282735,32,25,46569,0.9443273838440316,,,
audit_sweep_ncal32,818,0.5711782187575127,0.004483562315105938,0.9,0.7192582134046195,1.7674305709949925,23.523262565962842,32,25,46626,2.453864005533841,,,
audit_sweep_ncal32,819,0.5712060062302936,0.004177476906991662,0.9,0.8364685705624627,2.684331625714047,24.440163620681897,32,25,46683,1.2927546573863318,,,
audit_sweep_ncal32,820,0.5711648950653603,0.0043737395991971795,0.9,0.9032091166629509,2.1158620406923716,23.87169403566022,32,25,46740,1.190265336621647,,,
audit_sweep_ncal32,821,0.5716839833888999,0.003798869241071534,0.9,0.617916216878828,3.2214287578356107,24.97726075280346,32,25,46797,2.423001829201239,,,
audit_sweep_ncal32,822,0.5720525963527042,0.0038236761751930803,0.9,0.882979898062017,4.994760789969364,26.75059278493721,32,25,46854,7.545332862769311,,,
audit_sweep_ncal32,823,0.572155216265335,0.004167431015048018,0.9,0.929615163088009,4.620769666042389,26.376601661010238,32,25,46911,6.544906957433663,,,
audit_sweep_ncal32,824,0.5723769458370314,0.00477626707713652,0.9,1.0252623531411948,2.155220887246986,23.911052882214836,32,25,46968,1.194793062757614,,,
audit_sweep_ncal32,825,0.5723624727345284,0.0046480827847300565,0.9,0.8797765929050508,2.9195649794157865,24.675396974383634,32,25,47025,1.2251711237470808,,,
audit_sweep_ncal32,826,0.5724495704478954,0.004522287348431742,0.9,0.9649454984265498,2.205437481115578,23.961269476083427,32,25,47082,1.2819116705620002,,,
audit_sweep_ncal32,827,0.5722151030006067,0.00470885888480399,0.9,1.0028133230202783,1.962172314477481,23.71800430944533,32,25,47139,1.2948495961568796,,,
audit_sweep_ncal32,828,0.5720651791030509,0.00471416940690883,0.9,0.9644825063675178,2.4988581548110234,24.254690149778874,32,25,47196,1.5303804669530516,,,
audit_sweep_ncal32,829,0.5719682900367962,0.004464626126990834,0.9,0.9286384434498041,4.397888012917557,26.153720007885404,32,25,47253,3.638908627214373,,,
audit_sweep_ncal32,830,0.5720727401079961,0.004427168036448381,0.9,0.7342390153337996,2.33509708735715,24.090929082324998,32,25,47310,1.912424559709217,,,
audit_sweep_ncal32,831,0.5722011516176948,0.004363879212670341,0.9,0.8866783555904251,3.240439798519921,24.99627179348777,32,25,47367,1.1876775509353132,,,
audit_sweep_ncal32,832,0.5724035194855935,0.004479692370293997,0.9,0.9827543877383871,2.942669887879389,24.69850188284724,32,25,47424,1.224744975948579,,,
audit_sweep_ncal32,833,0.5725917554552825,0.004610084428652406,0.9,0.8238534710053661,4.249066905713238,26.004898900681088,32,25,47481,3.22022022949603,,,
audit_sweep_ncal32,834,0.5727662729289266,0.004831256280276031,0.9,0.8849246803401819,2.697358468154235,24.453190463122084,32,25,47538,1.4452896735437977,,,
audit_sweep_ncal32,835,0.5727855499662181,0.004643040603401705,0.9,0.8060001684016046,4.253209940371223,26.00904193533907,32,25,47595,3.908247776429116,,,
audit_sweep_ncal32,836,0.5729601491918823,0.004826241688261623,0.9,0.8419954864744087,3.331230150165988,25.087062145133835,32,25,47652,2.920978096494058,,,
audit_sweep_ncal32,837,0.5726446396382324,0.0046633355270055965,0.9,0.9370321638148281,4.100837700937052,25.856669695904902,32,25,47709,3.314050348939437,,,
audit_sweep_ncal32,838,0.5729220065423746,0.004356654463697818,0.9,0.771832113611171,2.5275345810976764,24.283366576065525,32,25,47766,1.4755350687770161,,,
audit_sweep_ncal32,839,0.5728350712351724,0.004558131899196072,0.9,0.9745322508577292,2.44538067102681,24.20121266599466,32,25,47823,1.157681897913624,,,
audit_sweep_ncal32,840,0.5730096910230005,0.00460793660545733,0.9,0.8773354729782892,2.782326210556366,24.538158205524216,32,25,47880,3.020495831780457,,,
audit_sweep_ncal32,841,0.5729604378468581,0.004502860398478137,0.9,0.870205493815643,4.268757564237447,26.024589559205296,32,25,47937,3.2713480965351285,,,
audit_sweep_ncal32,842,0.5730929071113245,0.004451683282295615,0.9,0.9439332689600786,3.9881383665686005,25.743970361536448,32,25,47994,3.9138989987937998,,,
audit_sweep_ncal32,843,0.5732127373476004,0.00426845066211945,0.9,0.8331145658024454,3.8641029843055676,25.619934979273417,32,25,48051,3.3864669550852646,,,
audit_sweep_ncal32,844,0.5729492900930866,0.004073198861490379,0.9,0.9416011243530661,4.474951769942081,26.23078376490993,32,25,48108,3.1671657847386596,,,
audit_sweep_ncal32,845,0.5727730573669847,0.004263096119993315,0.9,0.9272014328022173,2.436328801282714,24.192160796250562,32,25,48165,1.2409716612227466,,,
audit_sweep_ncal32,846,0.5728568304808676,0.0048647236596425225,0.9,1.024442468795888,2.361248974765776,24.117080969733625,32,25,48222,1.4373746645951913,,,
audit_sweep_ncal32,847,0.5731657776853311,0.004885069803577058,0.9,0.8008222882036979,4.518636083722102,26.27446807868995,32,25,48279,3.526426283975552,,,
audit_sweep_ncal32,848,0.5728970327803884,0.005180306899440823,0.9,1.1377149914658962,2.9112036380367075,24.667035633004556,32,25,48336,1.9887631697053136,,,
audit_sweep_ncal32,849,0.5731709782913686,0.004848774746482376,0.9,0.7206737658446883,4.474336248014461,26.23016824298231,32,25,48393,5.821333542064111,,,
audit_sweep_ncal32,850,0.573241606406771,0.005261932089695054,0.9,0.9129166926656234,2.123529049498269,23.87936104446612,32,25,48450,1.371561909775556,,,
audit_sweep_ncal32,851,0.5728497570775971,0.005756027418691523,0.9,1.0815353523191178,3.599538231169909,25.355370226137758,32,25,48507,3.453873759214424,,,
audit_sweep_ncal32,852,0.5731766500308368,0.005516424957773047,0.9,0.6197982374947756,2.9066827648803626,24.66251475984821,32,25,48564,3.0549031170897902,,,
audit_sweep_ncal32,853,0.5732696887767595,0.005558558030521743,0.9,0.8613800224136628,2.1048269618995774,23.860658956867425,32,25,48621,1.2179897143995153,,,
audit_sweep_ncal32,854,0.5733439522591768,0.005167416873845032,0.9,0.7809472597695476,4.524135416875811,26.27996741184366,32,25,48678,3.8070336252686605,,,
audit_sweep_ncal32,855,0.5733973984876681,0.004878606071888392,0.9,0.8275189413171153,1.9697813291772048,23.725613324145055,32,25,48735,1.468688090066553,,,
audit_sweep_ncal32,856,0.5733745795328572,0.0051816420152897,0.9,1.0171458871449404,2.601167083895762,24.356999078863613,32,25,48792,1.051843432175944,,,
audit_sweep_ncal32,857,0.5731723447619774,0.005477079611764135,0.9,0.9844104123761898,7.867382583883006,29.623214578850856,32,25,48849,11.296648508314448,,,
audit_sweep_ncal32,858,0.5733149321505399,0.005358849288087164,0.9,0.7674575022334011,2.3536202815619838,24.109452276529833,32,25,48906,1.681345406643245,,,
audit_sweep_ncal32,859,0.5735038098686552,0.005322120002569375,0.9,0.8560782589724031,1.8112649086271158,23.567096903594965,32,25,48963,1.686668664409313,,,
audit_sweep_ncal32,860,0.5734875142370244,0.0056470658037269805,0.9,0.9940429935459569,3.734357829486177,25.490189824454028,32,25,49020,3.289495856792831,,,
audit_sweep_ncal32,861,0.5733086957207149,0.00571656580747304,0.9,1.0127126216916922,3.4352542939467616,25.19108628891461,32,25,49077,3.4060734661619927,,,
audit_sweep_ncal32,862,0.5733080536950821,0.005842074859846336,0.9,0.9167965198905232,4.270731944703332,26.02656393967118,32,25,49134,3.105178528150531,,,
audit_sweep_ncal32,863,0.5732194099741181,0.005443891782734078,0.9,0.8339807171289032,2.022618269381358,23.778450264349207,32,25,49191,1.5811478848383904,,,
audit_sweep_ncal32,864,0.5731933401348296,0.005676118436618638,0.9,0.9540001368188415,2.8050069505210753,24.560838945488925,32,25,49248,0.7461640112535144,,,
audit_sweep_ncal32,865,0.5731677561745628,0.005989490503467421,0.9,0.9843265597939806,2.6536845320633597,24.409516527031208,32,25,49305,1.3729474540110773,,,
audit_sweep_ncal32,866,0.5732711526131887,0.006530368582985169,0.9,1.0126145750168263,3.9236387725308925,25.679470767498742,32,25,49362,3.8766427624884514,,,
audit_sweep_ncal32,867,0.5730441043639061,0.006164592491985199,0.9,0.9356513259486995,3.4376929156814184,25.193524910649266,32,25,49419,3.5154433010326023,,,
audit_sweep_ncal32,868,0.5731650495106879,0.006502375349207834,0.9,0.8943876911683463,3.7850635251057803,25.54089552007363,32,25,49476,3.398061625287526,,,
audit_sweep_ncal32,869,0.5732407952269132,0.006271223198212161,0.9,0.781240219978275,2.5604076834623353,24.316239678430186,32,25,49533,3.3751980872314005,,,
audit_sweep_ncal32,870,0.5732499934690596,0.0061097439830046785,0.9,0.8601083918957562,2.0317679081188063,23.787599903086655,32,25,49590,1.1305012247999844,,,
audit_sweep_ncal32,871,0.57302495624641,0.006381896736854631,0.9,0.9391656430362727,2.049714525202224,23.805546520170072,32,25,49647,1.3209152028873277,,,
audit_sweep_ncal32,872,0.5731187541181854,0.005809047501192377,0.9,0.7595502104668954,2.8031084811353066,24.558940476103157,32,25,49704,0.6830187667854714,,,
audit_sweep_ncal32,873,0.5733270700337756,0.006043893217472007,0.9,0.8909312412297372,2.2957128650024545,24.051544859970303,32,25,49761,0.9326141104681792,,,
audit_sweep_ncal32,874,0.5733741732503349,0.0064133716163286,0.9,0.9395485562144679,4.398346053914481,26.15417804888233,32,25,49818,7.684962214563169,,,
audit_sweep_ncal32,875,0.5732411823807749,0.006129195841152457,0.9,0.9106296712980729,3.0513259503843266,24.807157945352177,32,25,49875,1.1373026110317208,,,
audit_sweep_ncal32,876,0.573288575169277,0.006164547609228466,0.9,0.9005259837204952,4.364122286957372,26.11995428192522,32,25,49932,4.037505232214013,,,
audit_sweep_ncal32,877,0.5734703203837206,0.006241376292665635,0.9,0.6949672429415602,2.361504371346795,24.117336366314646,32,25,49989,1.499585007922443,,,
audit_sweep_ncal32,878,0.5737583046861335,0.006953419289595364,0.9,1.0261029249057694,2.678870287000277,24.434702281968125,32,25,50046,3.5640422181624376,,,
audit_sweep_ncal32,879,0.57382352866209,0.006709665313758051,0.9,0.8772825724447725,2.2283139615349965,23.984145956502847,32,25,50103,1.3914996112864852,,,
audit_sweep_ncal32,880,0.5739405509136069,0.006929753478723488,0.9,0.8694564401301947,1.9107454032173834,23.666577398185233,32,25,50160,1.2544289776458177,,,
audit_sweep_ncal32,881,0.5742881733946925,0.007057427850089781,0.9,0.9244270824551287,2.1507158715589267,23.906547866526775,32,25,50217,1.005506369756678,,,
audit_sweep_ncal32,882,0.5745841796281602,0.0071955865187900425,0.9,0.8934328588693181,4.570845222491717,26.326677217459565,32,25,50274,3.5208900447712477,,,
audit_sweep_ncal32,883,0.5745122485906891,0.007447116565402534,0.9,0.9653114893758536,1.8805479710891986,23.63637996605705,32,25,50331,1.5077436041588088,,,
audit_sweep_ncal32,884,0.5744073544609539,0.0067570311551802265,0.9,0.7615389951110011,3.7220655389244492,25.4778975338923,32,25,50388,3.40280456833428,,,
audit_sweep_ncal32,885,0.5744939183628068,0.006337694965208418,0.9,0.6806979065229036,3.5478867572287984,25.303718752196648,32,25,50445,2.590537161626578,,,
audit_sweep_ncal32,886,0.5744758884606687,0.006563893769255147,0.9,0.7653664891543703,2.8563019814156707,24.612133976383518,32,25,50502,1.1050978474262503,,,
audit_sweep_ncal32,887,0.5744763515767386,0.007195002247780469,0.9,0.8305013181529535,4.240526911491599,25.99635890645945,32,25,50559,3.00678465532322,,,
audit_sweep_ncal32,888,0.5744667370097974,0.00706164138979859,0.9,0.8968258429052386,5.863474634587106,27.619306629554956,32,25,50616,6.705910988699331,,,
audit_sweep_ncal32,889,0.5746373690702342,0.007565579916103182,0.9,0.7425787574720338,2.836547020751581,24.59237901571943,32,25,50673,2.098024315542416,,,
audit_sweep_ncal32,890,0.5745539472457794,0.007503211670673471,0.9,0.8307075374341789,2.051667870413771,23.80749986538162,32,25,50730,0.8765171499951147,,,
audit_sweep_ncal32,891,0.5747018489756178,0.007215244936286891,0.9,1.0257688366226514,3.108064367023407,24.863896361991255,32,25,50787,1.559492769284331,,,
audit_sweep_ncal32,892,0.5746262753198583,0.006699721825999871,0.9,1.0606887648840928,3.5611647145933145,25.316996709561163,32,25,50844,3.6882064569805797,,,
audit_sweep_ncal32,893,0.5745182732346312,0.006881170407144643,0.9,0.9330593821490346,4.383708065343589,26.13954006031144,32,25,50901,3.8663094076506472,,,
audit_sweep_ncal32,894,0.5745485085026891,0.007012142991310921,0.9,0.8487657391796158,2.0138877829809783,23.76971977794883,32,25,50958,0.9138649105256115,,,
audit_sweep_ncal32,895,0.5743696937655386,0.006826686382282454,0.9,0.8911050962451058,4.669596339434872,26.42542833440272,32,25,51015,3.55939504259529,,,
audit_sweep_ncal32,896,0.5743034555727999,0.006749085331281934,0.9,0.8527300600687494,4.165076233841357,25.920908228809207,32,25,51072,3.5410863137374,,,
audit_sweep_ncal32,897,0.5741937604002312,0.0066636514959173,0.9,1.0118933477875174,3.380533355643764,25.136365350611612,32,25,51129,3.9924087674996005,,,
audit_sweep_ncal32,898,0.5743584693838316,0.006422215787620922,0.9,0.7715594553316021,1.8265168493362656,23.582348844304114,32,25,51186,1.7130520333097206,,,
audit_sweep_ncal32,899,0.5744830554366074,0.0070882252526518474,0.9,0.7817526096201809,2.3614837229763097,24.11731571794416,32,25,51243,1.7610930486068355,,,
audit_sweep_ncal32,900,0.5743493320247871,0.0074213307472214,0.9,0.8059827064017839,4.582441408972094,26.338273403939944,32,25,51300,3.862937540366342,,,
audit_sweep_ncal32,901,0.5744700472152011,0.007054143176853711,0.9,1.0558160690680585,2.5281356797698447,24.283967674737696,32,25,51357,1.37036046427716,,,
audit_sweep_ncal32,902,0.574230699426782,0.006961028589875795,0.9,1.105021014903497,2.9948192575756107,24.75065125254346,32,25,51414,1.3556422295322732,,,
audit_sweep_ncal32,903,0.5742742354921893,0.007425819153030311,0.9,0.9148646659045488,6.165814639323391,27.92164663429124,32,25,51471,7.295233861561096,,,
audit_sweep_ncal32,904,0.574268347669491,0.007316389570867776,0.9,0.9260533328855901,2.4984300654026583,24.254262060370507,32,25,51528,1.260653474987053,,,
audit_sweep_ncal32,905,0.5742332725853547,0.007316703099733757,0.9,0.9119563765313018,2.8325355757644233,24.588367570732274,32,25,51585,1.1149656052147774,,,
audit_sweep_ncal32,906,0.5744849227489387,0.007665859115322693,0.9,0.8339952744927589,4.2792047800271975,26.035036774995046,32,25,51642,3.9267845815768956,,,
audit_sweep_ncal32,907,0.5745697788671429,0.00796030577705209,0.9,0.9520734925462007,2.8187685390382504,24.5746005340061,32,25,51699,1.0725609126665658,,,
audit_sweep_ncal32,908,0.574514293657405,0.007604242401890615,0.9,0.9248080493604125,2.492401671152506,24.248233666120356,32,25,51756,1.3243527243831088,,,
audit_sweep_ncal32,909,0.574425123038525,0.007142665388231384,0.9,1.0008233597339686,2.970119248533783,24.725951243501633,32,25,51813,1.6239936241997681,,,
audit_sweep_ncal32,910,0.5745958047934997,0.007009781086391609,0.9,0.7738507405248242,1.9641849233094277,23.720016918277278,32,25,51870,1.187539236994385,,,
audit_sweep_ncal32,911,0.5745292503644187,0.006697841243528235,0.9,0.9282756624204106,1.931728864054569,23.68756085902242,32,25,51927,1.2356193779798552,,,
audit_sweep_ncal32,912,0.5746523780057371,0.007300228271252207,0.9,0.8969038384162331,1.9457592101499837,23.701591205117833,32,25,51984,0.9497174682790266,,,
audit_sweep_ncal32,913,0.5745230075966651,0.007103243524004377,0.9,0.8889563331685618,4.08851538052642,25.84434737549427,32,25,52041,3.4805596609979395,,,
audit_sweep_ncal32,914,0.5744480120474725,0.0070284536780393925,0.9,1.0861320920614768,3.5402084715821402,25.29604046654999,32,25,52098,2.9712889443821484,,,
audit_sweep_ncal32,915,0.5744628775579302,0.006975243734945069,0.9,0.7792482147809687,2.861659845815408,24.617491840783256,32,25,52155,1.74014746781702,,,
audit_sweep_ncal32,916,0.5745511057878756,0.007501461495986406,0.9,0.9852160734064138,6.576250599178981,28.33208259414683,32,25,52212,12.406165558390239,,,
audit_sweep_ncal32,917,0.5746185469934045,0.007700579787200401,0.9,0.947965964549317,2.9427941939863436,24.698626188954194,32,25,52269,1.2577235196722252,,,
audit_sweep_ncal32,918,0.5748223190505506,0.007396754568107733,0.9,0.8353971296358645,2.8759681862933584,24.63180018126121,32,25,52326,1.566038704097255,,,
audit_sweep_ncal32,919,0.5745976821001544,0.007283248374219453,0.9,1.0161304345770052,1.9184728636481174,23.674304858615965,32,25,52383,1.0486579926518584,,,
audit_sweep_ncal32,920,0.574555709023184,0.007506709113055177,0.9,1.2671487903260608,6.231371936108969,27.98720393107682,32,25,52440,7.0920112702842815,,,
audit_sweep_ncal32,921,0.5747297384702186,0.007721182000816396,0.9,0.8180860706601324,2.3814738509295204,24.13730584589737,32,25,52497,0.8359344275538587,,,
audit_sweep_ncal32,922,0.5745520438618948,0.007310611054509364,0.9,0.9703400684331215,4.459893536996441,26.21572553196429,32,25,52554,3.763417473914983,,,
audit_sweep_ncal32,923,0.5746504465615789,0.007438920311860997,0.9,0.8974176923049046,2.1724813864857495,23.9283133814536,32,25,52611,1.349446422015836,,,
audit_sweep_ncal32,924,0.5746627990756625,0.007376063257429122,0.9,0.8651906877475385,1.8597620858780708,23.61559408084592,32,25,52668,1.2184379176496307,,,
audit_sweep_ncal32,925,0.5748014279638377,0.0075526354183573785,0.9,0.8240972140748369,2.8445581331975305,24.60039012816538,32,25,52725,1.090285562445364,,,
audit_sweep_ncal32,926,0.5749787758617871,0.008171766557086069,0.9,0.9003425433800207,2.0381964095167726,23.79402840448462,32,25,52782,1.348631129266017,,,
audit_sweep_ncal32,927,0.5749290372749262,0.008355534496542472,0.9,0.8792809694304987,2.861555700136496,24.617387695104345,32,25,52839,1.4530515271748439,,,
audit_sweep_ncal32,928,0.5748632504320978,0.008063983999919366,0.9,0.8358596766530889,1.6908296617893002,23.44666165675715,32,25,52896,1.15811234198587,,,
audit_sweep_ncal32,929,0.5749924102893064,0.008167884997106079,0.9,1.0466723529903537,2.864822213813709,24.62065420878156,32,25,52953,1.6465573172356165,,,
audit_sweep_ncal32,930,0.5750597307289121,0.008042875880751588,0.9,0.7230101533159027,4.522185020754733,26.278017015722583,32,25,53010,7.864317373317084,,,
audit_sweep_ncal32,931,0.5753466919360547,0.008324603617032467,0.9,0.6624918176731289,3.051597905204359,24.80742990017221,32,25,53067,1.752893651668454,,,
audit_sweep_ncal32,932,0.5753370817794506,0.00821857422158645,0.9,0.8958458033760979,2.5563356380165936,24.312167632984444,32,25,53124,3.6516370656618773,,,
audit_sweep_ncal32,933,0.5751587027135535,0.008254515286559294,0.9,0.8357124314594605,3.369847916072001,25.12567991103985,32,25,53181,3.6226745803813865,,,
audit_sweep_ncal32,934,0.5754121605307885,0.0083809681805731,0.9,0.8229400124222693,1.3088095190313667,23.064641513999216,32,25,53238,0.5303324331708579,,,
audit_sweep_ncal32,935,0.5750968289722329,0.008010504670873608,0.9,1.076567813816583,2.4752707358778525,24.231102730845702,32,25,53295,1.5367857192975833,,,
audit_sweep_ncal32,936,0.5750136224537712,0.007681129231360884,0.9,0.9604147726019111,2.554232905282775,24.310064900250623,32,25,53352,1.2586701384623842,,,
audit_sweep_ncal32,937,0.5750479363390439,0.008012663464886383,0.9,0.925678056632515,3.8079127917562214,25.563744786724072,32,25,53409,3.7343069313893964,,,
audit_sweep_ncal32,938,0.5754695840919891,0.007678535490250105,0.9,0.6169679167305533,2.602864760261441,24.35869675522929,32,25,53466,1.271991783543345,,,
audit_sweep_ncal32,939,0.5755688564782054,0.007479232184992912,0.9,0.7784238200943003,2.4740036763091187,24.229835671276966,32,25,53523,0.8341097360773622,,,
audit_sweep_ncal32,940,0.5754810914077091,0.007428252299252813,0.9,1.0389379605400548,1.8378865549977934,23.593718549965644,32,25,53580,1.0573392450151213,,,
audit_sweep_ncal32,941,0.5756207905477,0.007686760821753791,0.9,0.8036367419790571,3.67211559887975,25.4279475938476,32,25,53637,3.6006406575951377,,,
audit_sweep_ncal32,942,0.5757438320463196,0.008253357786003335,0.9,0.8054796169330096,2.6668760725683858,24.422708067536234,32,25,53694,1.162561480791257,,,
audit_sweep_ncal32,943,0.5756783740428773,0.00829331939073874,0.9,0.9389544399535436,4.441998894862223,26.197830889830072,32,25,53751,3.999207928262015,,,
audit_sweep_ncal32,944,0.575646147872578,0.008161445102051523,0.9,0.9264704398164205,2.007525737390309,23.76335773235816,32,25,53808,1.2860204789249041,,,
audit_sweep_ncal32,945,0.5755496988541181,0.008427634354123081,0.9,0.9882950226274281,1.891472578509842,23.64730457347769,32,25,53865,1.1756737227758636,,,
audit_sweep_ncal32,946,0.5753484722348338,0.008038244392628124,0.9,0.9169245641220622,3.6186175661386444,25.374449561106495,32,25,53922,2.7872167848604366,,,
audit_sweep_ncal32,947,0.5755134134901687,0.008124697812326387,0.9,0.8728680466326122,1.936629812964947,23.692461807932798,32,25,53979,1.0746860087582826,,,
audit_sweep_ncal32,948,0.575515765514235,0.007951730772943422,0.9,0.864714368670471,3.2359478711985505,24.9917798661664,32,25,54036,3.055701472395789,,,
audit_sweep_ncal32,949,0.575570535926638,0.008046310240294674,0.9,0.9803152906242634,4.628025328862626,26.383857323830476,32,25,54093,3.3137474501203816,,,
audit_sweep_ncal32,950,0.5755756771170769,0.007786438117355909,0.9,0.920070281255999,4.478525234431437,26.234357229399286,32,25,54150,3.366607754172221,,,
audit_sweep_ncal32,951,0.5755329748715641,0.007528606017456307,0.9,0.8074654098089823,3.000817333759933,24.756649328727782,32,25,54207,2.027261513138258,,,
audit_sweep_ncal32,952,0.5754951386281876,0.007724292589627257,0.9,0.9086692622175034,2.728594465658257,24.484426460626107,32,25,54264,1.1491325568778925,,,
audit_sweep_ncal32,953,0.5752846009538926,0.007609499454985347,0.9,0.9154103716445339,2.8268501039301235,24.582682098897973,32,25,54321,3.4674468642657903,,,
audit_sweep_ncal32,954,0.5753801824736418,0.00798936016768692,0.9,0.900693404683603,2.884191903194082,24.64002389816193,32,25,54378,1.0897598741330006,,,
audit_sweep_ncal32,955,0.575265761614708,0.007819327158890887,0.9,0.8076055356878276,2.9412985305034502,24.697130525471298,32,25,54435,0.9410467525170284,,,
audit_sweep_ncal32,956,0.5751378876730416,0.007792045172827056,0.9,1.0256542643601998,5.183033148503167,26.938865143471016,32,25,54492,7.308119518982707,,,
audit_sweep_ncal32,957,0.5751497253491181,0.007504308692402484,0.9,0.8464581846126914,1.898084209810486,23.653916204778334,32,25,54549,1.1131842347654441,,,
audit_sweep_ncal32,958,0.5749703490424865,0.0071888239412144506,0.9,1.100699617457969,6.120859608435451,27.8766916034033,32,25,54606,6.3645050494409166,,,
audit_sweep_ncal32,959,0.5749619866784844,0.006553736817736522,0.9,0.7997392624039131,1.6799663204329334,23.43579831540078,32,25,54663,1.3209099558714483,,,
audit_sweep_ncal32,960,0.5748240245985492,0.006370942490032783,0.9,0.9491180494269159,2.366152646095983,24.121984641063833,32,25,54720,1.1705154438613503,,,
audit_sweep_ncal32,961,0.5749835457722523,0.0067113301553251015,0.9,1.0115521669169607,4.123842612181029,25.87967460714888,32,25,54777,3.0745823065061058,,,
audit_sweep_ncal32,962,0.5748755783569132,0.0064962793272473895,0.9,0.9510566671371319,3.682895178097571,25.43872717306542,32,25,54834,3.1642504866194927,,,
audit_sweep_ncal32,963,0.5748692887892597,0.006737209406832756,0.9,0.8037938015370067,2.5773296224712996,24.33316161743915,32,25,54891,1.3913457632357757,,,
audit_sweep_ncal32,964,0.5748000603723017,0.006587689773729255,0.9,1.1470029058262667,2.1068041706285126,23.862636165596363,32,25,54948,2.069122469355787,,,
audit_sweep_ncal32,965,0.5745514373211632,0.006407400830683807,0.9,0.9457726589735689,4.191117190131795,25.946949185099644,32,25,55005,3.3364904231137857,,,
audit_sweep_ncal32,966,0.5744216363374913,0.006324454226630638,0.9,1.010545138948824,4.0573723709851315,25.81320436595298,32,25,55062,3.8071425846587066,,,
audit_sweep_ncal32,967,0.5743190293779165,0.006535622820062148,0.9,0.9676332404408118,2.457967908404014,24.213799903371864,32,25,55119,1.4145434854093855,,,
audit_sweep_ncal32,968,0.5742962439608045,0.006899177293543612,0.9,1.036271438698717,3.6873501814776377,25.443182176445486,32,25,55176,3.436155177548073,,,
audit_sweep_ncal32,969,0.574007321424888,0.006285312503083285,0.9,0.9230544411981461,2.6617605819573846,24.417592576925234,32,25,55233,1.0462339059991554,,,
audit_sweep_ncal32,970,0.5741124999043733,0.005777464788093933,0.9,0.7705933748470928,3.7519102128595674,25.507742207827416,32,25,55290,2.9517328562390146,,,
audit_sweep_ncal32,971,0.5741738369973914,0.005886563865051597,0.9,0.8867109029402532,4.068347268612247,25.824179263580096,32,25,55347,3.8847637702936835,,,
audit_sweep_ncal32,972,0.5741050280067403,0.005904457164659482,0.9,0.9306830248456667,3.395310364946615,25.151142359914463,32,25,55404,3.8699118457001704,,,
audit_sweep_ncal32,973,0.5740648689393649,0.006278999903375104,0.9,0.9330966629505097,2.5490077053644584,24.30483970033231,32,25,55461,1.1160941986253163,,,
audit_sweep_ncal32,974,0.5740213332641683,0.006704804330407987,0.9,1.022684970396745,2.8387733583844557,24.594605353352303,32,25,55518,1.51947254075621,,,
audit_sweep_ncal32,975,0.5740569457201549,0.006637746665512867,0.9,0.9001954262567934,4.359813980796156,26.115645975764004,32,25,55575,3.5456204459060254,,,
audit_sweep_ncal32,976,0.5739440560559181,0.006261337796431121,0.9,0.8866913550364396,4.223244470126687,25.979076465094536,32,25,55632,3.6631437635586908,,,
audit_sweep_ncal32,977,0.5742036497282411,0.006428559311400961,0.9,0.866581520985985,4.25293740253563,26.008769397503478,32,25,55689,4.064479474999603,,,
audit_sweep_ncal32,978,0.5741810392135291,0.006344135390774497,0.9,0.8918876397496199,2.7990519467991444,24.554883941766995,32,25,55746,3.109101889435782,,,
audit_sweep_ncal32,979,0.5743427998197389,0.006328070383476936,0.9,0.8366061408911066,3.7614005641464936,25.517232559114344,32,25,55803,3.0593968625032684,,,
audit_sweep_ncal32,980,0.5744876270567261,0.006494638279573417,0.9,0.861563434773262,3.668591826774778,25.42442382174263,32,25,55860,3.395961788496764,,,
audit_sweep_ncal32,981,0.574502986019458,0.006497621666841535,0.9,0.7333025048385395,2.259799855359496,24.015631850327345,32,25,55917,0.9829928870180216,,,
audit_sweep_ncal32,982,0.5743955237414075,0.0063672781795864886,0.9,0.8634126626330144,2.1825185181774245,23.938350513145274,32,25,55974,1.4099455015206142,,,
audit_sweep_ncal32,983,0.5746724987460682,0.00674047850607995,0.9,0.7931069924843612,2.5447869358809605,24.30061893084881,32,25,56031,3.4007081252129603,,,
audit_sweep_ncal32,984,0.5746826000321765,0.006554733941213198,0.9,0.9569556782228803,3.8072570828830177,25.56308907785087,32,25,56088,3.309102828550808,,,
audit_sweep_ncal32,985,0.5747126014408189,0.007139519921621984,0.9,0.7306879297257456,3.9968830286185937,25.752715023586443,32,25,56145,3.7274128520727814,,,
audit_sweep_ncal32,986,0.5747148974702745,0.0068747238799338195,0.9,0.9397607429350132,3.3633665998527347,25.119198594820585,32,25,56202,3.27068780830158,,,
audit_sweep_ncal32,987,0.5748606048125445,0.007014782185105428,0.9,0.9415169770000766,3.01315380428033,24.768985799248178,32,25,56259,1.5483322979711147,,,
audit_sweep_ncal32,988,0.574563018822204,0.0072127074569017235,0.9,1.060729871509329,2.108400294426994,23.86423228939484,32,25,56316,1.1804292013534345,,,
audit_sweep_ncal32,989,0.5745082245404116,0.006976206910240257,0.9,0.7450485385933077,2.5961076317874467,24.351939626755296,32,25,56373,1.7007833343063072,,,
audit_sweep_ncal32,990,0.5744585778263162,0.006965876454820941,0.9,0.9691558279580388,4.746987013774512,26.50281900874236,32,25,56430,3.1692814315938174,,,
audit_sweep_ncal32,991,0.5744515777159485,0.006917563362044854,0.9,0.849451416471948,4.806930636940219,26.56276263190807,32,25,56487,3.407803120851318,,,
audit_sweep_ncal32,992,0.5746434701187697,0.007328066912959841,0.9,0.8641617564673995,5.834114473705762,27.58994646867361,32,25,56544,7.539601290732793,,,
audit_sweep_ncal32,993,0.5742736482131306,0.006503718258251356,0.9,1.0381403025740972,1.8659937500219572,23.621825744989806,32,25,56601,1.054654799284694,,,
audit_sweep_ncal32,994,0.5740469440806502,0.006888087457427083,0.9,1.1181666149216376,3.4854744368018693,25.24130643176972,32,25,56658,3.173710219234775,,,
audit_sweep_ncal32,995,0.574213098517477,0.007085482536552612,0.9,0.8391024769941647,4.235404911841663,25.99123690680951,32,25,56715,3.1438385079888245,,,
audit_sweep_ncal32,996,0.5740209638773371,0.0066857680443925815,0.9,0.9759137952698336,4.20378527222703,25.95961726719488,32,25,56772,2.9174088607087616,,,
audit_sweep_ncal32,997,0.574003657185645,0.007041506578166157,0.9,0.9616190274372597,2.3067708548380117,24.06260284980586,32,25,56829,1.064864994640758,,,
audit_sweep_ncal32,998,0.5740562169396767,0.0066381120034733065,0.9,0.8028080331584241,3.5508011104967085,25.306633105464556,32,25,56886,4.131253087870433,,,
audit_sweep_ncal32,999,0.5741804854351175,0.006544064850148246,0.9,0.7710410825866162,4.354744327237674,26.110576322205524,32,25,56943,3.196479931811965,,,
audit_sweep_ncal32,1000,0.5742148451259678,0.006576829738157319,0.9,0.9116943502572444,2.824474260748019,24.58030625571587,32,25,57000,1.1613986221847186,,,
