schedule,t,reward,gap,beta_true,beta_hat,cert,cert_hp,n_cal,n_mon,cum_aud,xi_sq,exp3_arm,exp3_p,exp3_loss
monitor_only,1,0.5459469684741571,0.03839172439713734,0.0,0.0,2.2421322545594493,23.9979642495273,0,25,25,1.3211688467141314,,,
monitor_only,2,0.5462131295416301,0.0381056603845632,0.0,0.0,2.4005702917082634,24.156402286676112,0,25,50,1.1434402875736076,,,
monitor_only,3,0.5462922961212299,0.038036290228002256,0.0,0.0,1.0523790582522234,22.808211053220074,0,25,75,0.4570203006260057,,,
monitor_only,4,0.5466381968286206,0.03739893969735786,0.0,0.0,2.0036458689149192,23.75947786388277,0,25,100,1.424012525306032,,,
monitor_only,5,0.5468396099821179,0.0370687054198352,0.0,0.0,3.52811141187198,25.28394340683983,0,25,125,3.365514705194805,,,
monitor_only,6,0.5470451723069955,0.037016236266574576,0.0,0.0,2.1379557097505058,23.893787704718356,0,25,150,1.1165953986589932,,,
monitor_only,7,0.547009242657573,0.03735126888605289,0.0,0.0,5.041696053225004,26.797528048192852,0,25,175,7.217395921791752,,,
monitor_only,8,0.547124569646552,0.0370221964621984,0.0,0.0,3.8567188767897065,25.612550871757556,0,25,200,3.7586674677821943,,,
monitor_only,9,0.5473776106848426,0.03624985238939327,0.0,0.0,2.034023977042736,23.789855972010585,0,25,225,1.4621440391189995,,,
monitor_only,10,0.5474908965863664,0.036240468034358875,0.0,0.0,5.312372464753437,27.068204459721287,0,25,250,7.283877897206116,,,
monitor_only,11,0.5477311637493413,0.035814256114698684,0.0,0.0,2.1843500576449544,23.940182052612805,0,25,275,1.2068631507676055,,,
monitor_only,12,0.5480605979258273,0.034833967283420475,0.0,0.0,3.6400635863835347,25.395895581351382,0,25,300,3.2819870476552344,,,
monitor_only,13,0.5482477700458463,0.034605830839139706,0.0,0.0,2.427531942953953,24.1833639379218,0,25,325,1.4342572363160415,,,
monitor_only,14,0.5485126482863764,0.034184303316914466,0.0,0.0,3.8346505331004637,25.590482528068314,0,25,350,3.50411004027263,,,
monitor_only,15,0.5486070815605527,0.03430271830857201,0.0,0.0,5.201211833349186,26.957043828317033,0,25,375,6.343528011541197,,,
monitor_only,16,0.5488365738421911,0.0343371637630967,0.0,0.0,3.5739084687458593,25.32974046371371,0,25,400,3.7284173273725134,,,
monitor_only,17,0.5489124187572345,0.03406545655376281,0.0,0.0,3.738440629881339,25.494272624849188,0,25,425,3.795544509656041,,,
monitor_only,18,0.5489765918825247,0.034324503808352835,0.0,0.0,2.5838139726248666,24.339645967592716,0,25,450,0.9707061936943258,,,
monitor_only,19,0.5491206169702523,0.03410452886410864,0.0,0.0,2.200811349865501,23.95664334483335,0,25,475,1.391697383691419,,,
monitor_only,20,0.5491821742075153,0.034277779537435604,0.0,0.0,2.1264638472998336,23.882295842267684,0,25,500,1.3009228374146442,,,
monitor_only,21,0.5492685630507786,0.03411945277462358,0.0,0.0,2.268555791205759,24.02438778617361,0,25,525,1.1970909927621163,,,
monitor_only,22,0.5492944503930907,0.03385464360366919,0.0,0.0,2.322209743616032,24.07804173858388,0,25,550,0.9857885293153584,,,
monitor_only,23,0.5493798357152248,0.033905332618861306,0.0,0.0,3.6407819420260936,25.396613936993944,0,25,575,3.1730185350025204,,,
monitor_only,24,0.5494848710836449,0.03378522731050371,0.0,0.0,2.3279213839339357,24.083753378901786,0,25,600,1.161784055964693,,,
monitor_only,25,0.5495556685464723,0.034212733357638525,0.0,0.0,2.156544919148109,23.91237691411596,0,25,625,1.0153085168627025,,,
monitor_only,26,0.549651727594444,0.03403576095331706,0.0,0.0,3.4373220887608853,25.193154083728736,0,25,650,3.6166985827763685,,,
monitor_only,27,0.5496653428799021,0.03407443468239513,0.0,0.0,2.40072415876897,24.15655615373682,0,25,675,0.9983607304237992,,,
monitor_only,28,0.5496979928367405,0.03400447191117273,0.0,0.0,5.1190222488751935,26.874854243843043,0,25,700,7.176475354675879,,,
monitor_only,29,0.5497224480605196,0.03392704577480932,0.0,0.0,3.558664395449808,25.314496390417656,0,25,725,3.3361506718409153,,,
monitor_only,30,0.5497344894537318,0.033720349609398736,0.0,0.0,3.7000252539303076,25.455857248898155,0,25,750,3.5645302355010897,,,
monitor_only,31,0.5496556878124804,0.03394108307908361,0.0,0.0,3.465138954646625,25.220970949614475,0,25,775,3.7638397107729684,,,
monitor_only,32,0.5497861381848989,0.03392325160557441,0.0,0.0,3.4661204624135484,25.2219524573814,0,25,800,3.907446844190429,,,
monitor_only,33,0.5498295743024071,0.03415341928006421,0.0,0.0,2.130896605772192,23.886728600740042,0,25,825,1.0251741202481492,,,
monitor_only,34,0.5498912738981909,0.034185083549365114,0.0,0.0,3.7360254084151596,25.49185740338301,0,25,850,3.328089262654257,,,
monitor_only,35,0.5500324951495573,0.033853113250934874,0.0,0.0,2.1897410922082026,23.94557308717605,0,25,875,1.188744276867883,,,
monitor_only,36,0.5503523678369568,0.03339448834998349,0.0,0.0,1.985532769392668,23.74136476436052,0,25,900,1.3612164711865489,,,
monitor_only,37,0.5505520734764713,0.03329342806817037,0.0,0.0,3.954113097287662,25.70994509225551,0,25,925,3.6294586440390875,,,
monitor_only,38,0.5505285453298774,0.03343052883727948,0.0,0.0,3.294635192136561,25.05046718710441,0,25,950,3.49662919489234,,,
monitor_only,39,0.5506505153248431,0.033369154172676385,0.0,0.0,4.049218578495341,25.80505057346319,0,25,975,3.2686180950129984,,,
monitor_only,40,0.5507991611648706,0.03276323270036985,0.0,0.0,2.8367457112779566,24.592577706245805,0,25,1000,0.9831846263558625,,,
monitor_only,41,0.5510097434885407,0.03201567435607766,0.0,0.0,3.5847171010926084,25.340549096060457,0,25,1025,3.2979440681427166,,,
monitor_only,42,0.5512082845538576,0.031641432581299256,0.0,0.0,3.3911702338988814,25.147002228866732,0,25,1050,3.187786900276125,,,
monitor_only,43,0.5513681782374599,0.030949796939855223,0.0,0.0,2.1182515364968144,23.874083531464663,0,25,1075,1.2231451146086258,,,
monitor_only,44,0.5514385930253395,0.0309306502945641,0.0,0.0,3.487784377815864,25.243616372783713,0,25,1100,3.6957545759987376,,,
monitor_only,45,0.5514003288856103,0.031123786170801138,0.0,0.0,1.926373608882124,23.682205603849972,0,25,1125,1.1445556940901396,,,
monitor_only,46,0.5514362927020459,0.031023352310560748,0.0,0.0,2.0521032942206463,23.807935289188496,0,25,1150,1.0802330855073767,,,
monitor_only,47,0.5515880018029333,0.030650543571769107,0.0,0.0,4.695771555986558,26.451603550954406,0,25,1175,7.17989568151263,,,
monitor_only,48,0.5516529873480753,0.030345096835918905,0.0,0.0,2.1752945500711793,23.931126545039028,0,25,1200,1.2683599945525745,,,
monitor_only,49,0.551830013285865,0.030166094735325166,0.0,0.0,3.809081854015138,25.564913848982986,0,25,1225,2.942454314378377,,,
monitor_only,50,0.5518399519260627,0.030542923567069558,0.0,0.0,2.041770924111072,23.797602919078923,0,25,1250,1.5457917384355113,,,
monitor_only,51,0.5519056775480667,0.03074197055754546,0.0,0.0,2.1728391813448353,23.928671176312683,0,25,1275,0.9628892346051263,,,
monitor_only,52,0.5520286038785188,0.03071427320529685,0.0,0.0,2.086208835670892,23.84204083063874,0,25,1300,1.1148973439700969,,,
monitor_only,53,0.5522340229920263,0.03037111481102528,0.0,0.0,2.415976960526911,24.17180895549476,0,25,1325,1.3107326061345892,,,
monitor_only,54,0.5523357728383893,0.03012023468453684,0.0,0.0,2.6080019847777907,24.36383397974564,0,25,1350,1.1102841702516548,,,
monitor_only,55,0.5523545661820534,0.030035798867833585,0.0,0.0,2.3036911939355647,24.059523188903412,0,25,1375,1.1856408557824791,,,
monitor_only,56,0.552379216384276,0.02997502337927227,0.0,0.0,3.7238044935978336,25.47963648856568,0,25,1400,2.9636168605773063,,,
monitor_only,57,0.5525291593787458,0.029664214962093705,0.0,0.0,3.5358364017058217,25.29166839667367,0,25,1425,3.982906493537198,,,
monitor_only,58,0.5525566643243727,0.029564972868719397,0.0,0.0,3.629302292097433,25.38513428706528,0,25,1450,3.8774073382014427,,,
monitor_only,59,0.5526565830727391,0.028935684621449576,0.0,0.0,3.1960222642882696,24.95185425925612,0,25,1475,2.780411070235591,,,
monitor_only,60,0.5528210617666606,0.028332020962609006,0.0,0.0,2.3765874287272504,24.1324194236951,0,25,1500,1.2149738517854438,,,
monitor_only,61,0.5529726069149562,0.028133726755672384,0.0,0.0,3.83319414552048,25.58902614048833,0,25,1525,3.3734373919427947,,,
monitor_only,62,0.5529269706564152,0.028061522740144618,0.0,0.0,0.9634827426415844,22.719314737609434,0,25,1550,0.4059856373660668,,,
monitor_only,63,0.5529271536985113,0.028231639877706494,0.0,0.0,3.862516275217252,25.618348270185102,0,25,1575,3.3243910726946533,,,
monitor_only,64,0.5529489465176274,0.02800334985932662,0.0,0.0,2.731110991990494,24.486942986958343,0,25,1600,1.6147275373686985,,,
monitor_only,65,0.5531527839901942,0.027728357301948447,0.0,0.0,3.6248663109289176,25.380698305896768,0,25,1625,3.68097811628169,,,
monitor_only,66,0.5532058307490477,0.027595783682041297,0.0,0.0,1.9798797897879092,23.735711784755757,0,25,1650,1.0393758976590168,,,
monitor_only,67,0.5532475512020675,0.02772717542542591,0.0,0.0,3.883466833304906,25.639298828272754,0,25,1675,2.9797998602028795,,,
monitor_only,68,0.5533954821096521,0.027656958470001047,0.0,0.0,3.7359782651951567,25.491810260163007,0,25,1700,3.7160548342245883,,,
monitor_only,69,0.5536309043235572,0.027257052079232902,0.0,0.0,2.3715226211139866,24.127354616081835,0,25,1725,0.9844549637307342,,,
monitor_only,70,0.5537238298076324,0.026978203153741553,0.0,0.0,3.4790712659100183,25.234903260877868,0,25,1750,3.0538772658381523,,,
monitor_only,71,0.5537383149987888,0.027425538296983243,0.0,0.0,2.404623813056255,24.160455808024103,0,25,1775,1.4331198422193379,,,
monitor_only,72,0.5538479618561598,0.02728851066633209,0.0,0.0,1.8874217702567717,23.64325376522462,0,25,1800,1.2286105619387837,,,
monitor_only,73,0.5538961797239188,0.027233400381450723,0.0,0.0,2.089727523857441,23.84555951882529,0,25,1825,1.2444444172607507,,,
monitor_only,74,0.5539645522574791,0.027356238283844037,0.0,0.0,2.175315815486779,23.93114781045463,0,25,1850,1.3396122328910969,,,
monitor_only,75,0.5542231220982087,0.026709614872877152,0.0,0.0,1.756876881808132,23.51270887677598,0,25,1875,1.150427774162163,,,
monitor_only,76,0.5542467142417714,0.026829106174549144,0.0,0.0,3.4886681020322112,25.24450009700006,0,25,1900,3.258582366344938,,,
monitor_only,77,0.5542910101822367,0.026449568481469177,0.0,0.0,3.546111906273354,25.301943901241202,0,25,1925,2.7881070760999225,,,
monitor_only,78,0.5544284631924293,0.02653229510624111,0.0,0.0,2.261949039420056,24.017781034387905,0,25,1950,1.3390420697621923,,,
monitor_only,79,0.5544715635476738,0.026502570011244453,0.0,0.0,2.0819502891753827,23.83778228414323,0,25,1975,1.664802128307042,,,
monitor_only,80,0.5544960196618427,0.02658866412208538,0.0,0.0,3.784009650056422,25.53984164502427,0,25,2000,3.2693206383561977,,,
monitor_only,81,0.5545436809994925,0.026398804587047575,0.0,0.0,3.6884787092786975,25.444310704246547,0,25,2025,3.74230108919869,,,
monitor_only,82,0.5546142409332542,0.026151865040786593,0.0,0.0,2.0856901965105776,23.841522191478425,0,25,2050,1.2896437617047651,,,
monitor_only,83,0.5547437755653007,0.02606914361743451,0.0,0.0,3.8141397250912026,25.56997172005905,0,25,2075,3.6335756423835166,,,
monitor_only,84,0.5548366170455403,0.02570639154087795,0.0,0.0,2.296334300224752,24.052166295192603,0,25,2100,1.1606096549677054,,,
monitor_only,85,0.5550736763151701,0.025290699802452354,0.0,0.0,2.20129465456738,23.95712664953523,0,25,2125,1.1679212582886074,,,
monitor_only,86,0.5551113889498374,0.025372063195710504,0.0,0.0,1.2367219521239265,22.992553947091775,0,25,2150,0.4791956985066995,,,
monitor_only,87,0.5551603885647334,0.025328569323766037,0.0,0.0,2.022164865440358,23.77799686040821,0,25,2175,1.4674156058286962,,,
monitor_only,88,0.5552487299550083,0.024993244652097624,0.0,0.0,2.1741185503885014,23.929950545356352,0,25,2200,1.1013533716341335,,,
monitor_only,89,0.5552630158499038,0.02494735121513847,0.0,0.0,2.179175748732967,23.935007743700815,0,25,2225,1.3359112719205606,,,
monitor_only,90,0.5552434672430056,0.025037358951540467,0.0,0.0,1.8019340103806907,23.55776600534854,0,25,2250,1.2564349135210289,,,
monitor_only,91,0.5553009701580638,0.025313527652629286,0.0,0.0,2.194707200650427,23.950539195618276,0,25,2275,1.2623096868806836,,,
monitor_only,92,0.555396290060645,0.02543901489108047,0.0,0.0,2.2054317915882553,23.961263786556103,0,25,2300,1.1412913682804535,,,
monitor_only,93,0.5554782945652454,0.025310806046856538,0.0,0.0,3.4484080334502405,25.20424002841809,0,25,2325,3.9640415540897935,,,
monitor_only,94,0.5555534386557431,0.024943808406145962,0.0,0.0,5.417533554844451,27.1733655498123,0,25,2350,7.645037427561687,,,
monitor_only,95,0.5555882935415773,0.024784077360441414,0.0,0.0,2.2127851221428605,23.96861711711071,0,25,2375,1.3308015553023618,,,
monitor_only,96,0.5557017095332638,0.02466165572356782,0.0,0.0,3.76989485184637,25.52572684681422,0,25,2400,3.469888030643302,,,
monitor_only,97,0.5558004356655475,0.024557900566237856,0.0,0.0,5.312604069052348,27.068436064020197,0,25,2425,7.166989009789965,,,
monitor_only,98,0.5558624810285753,0.024284973017545286,0.0,0.0,5.549682742825732,27.30551473779358,0,25,2450,6.9541461606411366,,,
monitor_only,99,0.5560284658918611,0.024283683954432478,0.0,0.0,2.5000842276878212,24.25591622265567,0,25,2475,1.5515187246457591,,,
monitor_only,100,0.5560705142984783,0.023968658477327542,0.0,0.0,2.0861388020510354,23.841970797018885,0,25,2500,1.2740339510005172,,,
monitor_only,101,0.5560419155006343,0.02404385521310015,0.0,0.0,4.989944346114078,26.74577634108193,0,25,2525,7.149257195276472,,,
monitor_only,102,0.5560629394117192,0.023876610102196882,0.0,0.0,3.574900198039087,25.330732193006938,0,25,2550,3.5445395371213593,,,
monitor_only,103,0.5560734705132201,0.023495969595278776,0.0,0.0,2.2536429032125316,24.00947489818038,0,25,2575,1.5690429388064957,,,
monitor_only,104,0.556233607448769,0.02336997509677663,0.0,0.0,3.6163776772249396,25.37220967219279,0,25,2600,4.013913641317237,,,
monitor_only,105,0.5562986204757605,0.02326456346946515,0.0,0.0,3.7418212209909085,25.497653215958756,0,25,2625,3.469472864704763,,,
monitor_only,106,0.5563716999881508,0.023242321728505377,0.0,0.0,3.7630234231015147,25.518855418069364,0,25,2650,3.7277627459194935,,,
monitor_only,107,0.5564670399953814,0.02292390909784625,0.0,0.0,2.373253900123559,24.129085895091407,0,25,2675,1.3209657442981075,,,
monitor_only,108,0.5565674347981191,0.02279662766378676,0.0,0.0,2.661372229150481,24.41720422411833,0,25,2700,1.5501286467528483,,,
monitor_only,109,0.556512684324093,0.02243910155048945,0.0,0.0,3.448899220634849,25.2047312156027,0,25,2725,3.5751195088564196,,,
monitor_only,110,0.5566897716248366,0.02194307551367225,0.0,0.0,3.129716649799886,24.885548644767734,0,25,2750,3.8446346615509555,,,
monitor_only,111,0.5566479571900589,0.02210514336483116,0.0,0.0,1.9422359482796365,23.698067943247487,0,25,2775,1.2896183205583904,,,
monitor_only,112,0.5566769329702784,0.021992671193308277,0.0,0.0,1.8109595536872793,23.56679154865513,0,25,2800,1.3974437720258117,,,
monitor_only,113,0.5567897024926324,0.02196796513001842,0.0,0.0,1.824327399326559,23.58015939429441,0,25,2825,1.1878116624099897,,,
monitor_only,114,0.5570332991895242,0.02124687149823068,0.0,0.0,3.8458306232634225,25.601662618231273,0,25,2850,3.4479639844109586,,,
monitor_only,115,0.5569000153401235,0.02157995513741351,0.0,0.0,4.3193753967135455,26.075207391681396,0,25,2875,3.779838751796607,,,
monitor_only,116,0.5570666679271772,0.02123205339794898,0.0,0.0,2.0048690588239304,23.76070105379178,0,25,2900,1.1381773018262153,,,
monitor_only,117,0.5570777223563307,0.021126867413037376,0.0,0.0,4.118039543228975,25.873871538196823,0,25,2925,3.7043664644477565,,,
monitor_only,118,0.557270098574168,0.020734910473163115,0.0,0.0,2.2331776180828142,23.989009613050662,0,25,2950,1.3505734096395214,,,
monitor_only,119,0.5572227772815438,0.02091410287336859,0.0,0.0,4.126478558856988,25.882310553824837,0,25,2975,3.2522634331385243,,,
monitor_only,120,0.5573002375555626,0.020675668922109258,0.0,0.0,3.763411179350433,25.519243174318284,0,25,3000,3.2276251887728242,,,
monitor_only,121,0.5575272773939328,0.020074472233470808,0.0,0.0,4.226518049630972,25.98235004459882,0,25,3025,3.112125212696529,,,
monitor_only,122,0.5576024181080327,0.020043178688299856,0.0,0.0,1.6830392441978455,23.438871239165696,0,25,3050,1.0867082779243236,,,
monitor_only,123,0.5577725955664397,0.019634487932519096,0.0,0.0,3.446521279077991,25.20235327404584,0,25,3075,3.5154318752081,,,
monitor_only,124,0.5577635963164581,0.0198027908978895,0.0,0.0,3.83377761782335,25.5896096127912,0,25,3100,3.976684789995704,,,
monitor_only,125,0.5577923948151103,0.01982315337735585,0.0,0.0,2.2295052577928316,23.98533725276068,0,25,3125,1.057653081925472,,,
monitor_only,126,0.5578838334565163,0.019532249785470412,0.0,0.0,3.6358329897985815,25.39166498476643,0,25,3150,3.1113966974237623,,,
monitor_only,127,0.5579261583469651,0.01941525027759261,0.0,0.0,2.2334634285825037,23.989295423550352,0,25,3175,1.1228103884298362,,,
monitor_only,128,0.5581377518305999,0.018907412292551662,0.0,0.0,3.437044967627938,25.192876962595786,0,25,3200,4.024628042185973,,,
monitor_only,129,0.5582352822696007,0.018701713540372866,0.0,0.0,1.7586519974342614,23.51448399240211,0,25,3225,1.3460914171786635,,,
monitor_only,130,0.5583158285817029,0.018677858941970937,0.0,0.0,3.501760306235903,25.25759230120375,0,25,3250,3.247731000462991,,,
monitor_only,131,0.558410079676935,0.01836224756973759,0.0,0.0,3.022408301208182,24.77824029617603,0,25,3275,3.1579670759970226,,,
monitor_only,132,0.558408107956989,0.018465359697571793,0.0,0.0,5.40729382352229,27.163125818490137,0,25,3300,7.647535000671696,,,
monitor_only,133,0.5583417530578436,0.0184304256888983,0.0,0.0,1.9830395561564862,23.738871551124337,0,25,3325,1.073202582134376,,,
monitor_only,134,0.5583795058734644,0.01848445147284672,0.0,0.0,2.329947368197167,24.085779363165017,0,25,3350,1.1746981103925933,,,
monitor_only,135,0.5583522810789716,0.01852829573344339,0.0,0.0,1.0774801096664628,22.833312104634313,0,25,3375,0.41607834509094516,,,
monitor_only,136,0.5586170148693517,0.018086033895756914,0.0,0.0,2.093289875905585,23.849121870873432,0,25,3400,0.9925333810772802,,,
monitor_only,137,0.55842202422245,0.018698843356337536,0.0,0.0,1.0197654214747363,22.775597416442587,0,25,3425,0.4242960765171114,,,
monitor_only,138,0.558595026137813,0.018091505802784402,0.0,0.0,3.811713077477148,25.567545072444997,0,25,3450,3.459045973444258,,,
monitor_only,139,0.5586469281666591,0.018034783490180728,0.0,0.0,3.3331397139074666,25.088971708875317,0,25,3475,3.281986129147782,,,
monitor_only,140,0.5586662408035634,0.018078572802545545,0.0,0.0,3.562732987931383,25.318564982899233,0,25,3500,2.743176343596734,,,
monitor_only,141,0.5588096050294378,0.017712987975966654,0.0,0.0,3.969635940175794,25.725467935143644,0,25,3525,3.671452924079169,,,
monitor_only,142,0.5589876386116499,0.017356075651862035,0.0,0.0,2.2817631573282395,24.03759515229609,0,25,3550,1.410095929718432,,,
monitor_only,143,0.5590775978671609,0.017269762608708716,0.0,0.0,2.189229413099258,23.945061408067108,0,25,3575,1.178771174580776,,,
monitor_only,144,0.5592470569914109,0.016973241578544407,0.0,0.0,2.4724962644417583,24.228328259409608,0,25,3600,1.3603423680861988,,,
monitor_only,145,0.5592656441798346,0.01706909194338202,0.0,0.0,3.7363256918596095,25.492157686827458,0,25,3625,3.3025468845223642,,,
monitor_only,146,0.5593120788469921,0.017116561937976282,0.0,0.0,2.109324803235091,23.86515679820294,0,25,3650,1.5022192856370373,,,
monitor_only,147,0.5593863117074727,0.017174870408461995,0.0,0.0,3.150556365798135,24.906388360765984,0,25,3675,3.3541619361220896,,,
monitor_only,148,0.5594748762544909,0.016826198048114693,0.0,0.0,2.5022906043371504,24.258122599305,0,25,3700,1.209433850828056,,,
monitor_only,149,0.5594718674064436,0.016808308936920646,0.0,0.0,3.5925561430422963,25.348388138010144,0,25,3725,3.2021843295131402,,,
monitor_only,150,0.5594630693004315,0.016726626137173795,0.0,0.0,3.6002469424378476,25.356078937405698,0,25,3750,3.876080091835723,,,
monitor_only,151,0.5593897990604274,0.01702203822413062,0.0,0.0,2.0575764555604676,23.813408450528318,0,25,3775,1.2316547537369336,,,
monitor_only,152,0.5595118004457013,0.01658347889830092,0.0,0.0,1.8226481615145356,23.578480156482385,0,25,3800,1.2918143153529538,,,
monitor_only,153,0.5595501328745721,0.016564823178578214,0.0,0.0,3.284229442843793,25.04006143781164,0,25,3825,3.248034619782445,,,
monitor_only,154,0.5596311738357174,0.01654588554417069,0.0,0.0,2.2589701697933386,24.01480216476119,0,25,3850,1.2878294792135958,,,
monitor_only,155,0.5597506309512482,0.016349852832644673,0.0,0.0,1.7900689852184275,23.545900980186275,0,25,3875,1.0738347123574485,,,
monitor_only,156,0.5597632029916073,0.01641903418590429,0.0,0.0,5.625694734226077,27.381526729193926,0,25,3900,6.430029208487524,,,
monitor_only,157,0.5596643823600146,0.01682367344730884,0.0,0.0,3.6978745175805874,25.453706512548436,0,25,3925,3.154544706603608,,,
monitor_only,158,0.5597966731240516,0.016825889623129142,0.0,0.0,2.5436679340742474,24.299499929042096,0,25,3950,1.3269857551258337,,,
monitor_only,159,0.5598732959664592,0.016582877712731037,0.0,0.0,2.07608920484677,23.83192119981462,0,25,3975,1.1610062179568819,,,
monitor_only,160,0.5599360286868882,0.016412025039434175,0.0,0.0,1.7145936874545475,23.4704256824224,0,25,4000,1.1759163746308197,,,
monitor_only,161,0.5602174141619761,0.015650869986527427,0.0,0.0,2.1595566613936956,23.915388656361543,0,25,4025,1.228743646787024,,,
monitor_only,162,0.5601933921360026,0.015666640335292636,0.0,0.0,2.773548120757174,24.529380115725022,0,25,4050,0.9907429136528608,,,
monitor_only,163,0.5602973536943171,0.015316843058093776,0.0,0.0,2.32392465543451,24.07975665040236,0,25,4075,1.2541301467199693,,,
monitor_only,164,0.5603270782131481,0.015433664879221931,0.0,0.0,3.8650094963330006,25.62084149130085,0,25,4100,3.9488129930164795,,,
monitor_only,165,0.5604007353862986,0.015432574461290649,0.0,0.0,3.036358629762554,24.792190624730402,0,25,4125,3.4701222758234596,,,
monitor_only,166,0.5606018039692139,0.014912779795757003,0.0,0.0,2.295416224197262,24.05124821916511,0,25,4150,1.111664703827565,,,
monitor_only,167,0.5606402933185074,0.014821889281695033,0.0,0.0,2.016632019007427,23.772464013975277,0,25,4175,1.2765317793468802,,,
monitor_only,168,0.5607544703252342,0.014545824386298034,0.0,0.0,2.4038667308160195,24.15969872578387,0,25,4200,1.249014535198911,,,
monitor_only,169,0.5608616624936805,0.014615954344887383,0.0,0.0,5.154781252509279,26.91061324747713,0,25,4225,7.234820391960859,,,
monitor_only,170,0.5610118150035385,0.014396591493790245,0.0,0.0,2.0532292896127124,23.80906128458056,0,25,4250,1.2904143998129698,,,
monitor_only,171,0.561108591683915,0.014334316504335809,0.0,0.0,3.8308065821818116,25.58663857714966,0,25,4275,3.5891103977569436,,,
monitor_only,172,0.5611966031188774,0.014235523527151517,0.0,0.0,1.7844167898879293,23.540248784855777,0,25,4300,1.3324238124983614,,,
monitor_only,173,0.5611897861758518,0.014252309039986977,0.0,0.0,3.258886537351542,25.014718532319392,0,25,4325,3.290332922783369,,,
monitor_only,174,0.5611181056195989,0.014470552571802409,0.0,0.0,2.9364311547018462,24.692263149669696,0,25,4350,3.435719542841022,,,
monitor_only,175,0.5612469778907468,0.014185469736607836,0.0,0.0,2.3839367510211162,24.139768745988967,0,25,4375,1.3155479952933158,,,
monitor_only,176,0.5612726314249821,0.014072170208161983,0.0,0.0,1.7289745132183403,23.48480650818619,0,25,4400,0.930683626345931,,,
monitor_only,177,0.561481659922951,0.013584404742934542,0.0,0.0,2.0442805642444775,23.800112559212327,0,25,4425,1.3515385996509743,,,
monitor_only,178,0.5614458598663928,0.013767210993690826,0.0,0.0,3.8037489789685406,25.55958097393639,0,25,4450,3.3283231135052262,,,
monitor_only,179,0.5616665091140355,0.01342848842961164,0.0,0.0,1.9832134150228966,23.739045409990744,0,25,4475,1.3485244738593498,,,
monitor_only,180,0.5616491137188504,0.013472473925804418,0.0,0.0,4.0626742018154545,25.818506196783304,0,25,4500,3.404450652802001,,,
monitor_only,181,0.5617756874747328,0.01339029823245097,0.0,0.0,2.3341423378318216,24.08997433279967,0,25,4525,1.463573832090145,,,
monitor_only,182,0.5619650543484426,0.012900431302664384,0.0,0.0,2.1012719028722207,23.85710389784007,0,25,4550,1.1270710048679549,,,
monitor_only,183,0.5618972629599469,0.01294671951977211,0.0,0.0,4.679339302622095,26.435171297589946,0,25,4575,6.908800352037481,,,
monitor_only,184,0.5619927209999362,0.012969770176148865,0.0,0.0,3.8148671691408396,25.57069916410869,0,25,4600,3.458441633373149,,,
monitor_only,185,0.5618430396933917,0.013228234941193517,0.0,0.0,2.6268130623026966,24.382645057270544,0,25,4625,0.9652811915463599,,,
monitor_only,186,0.5618243138602996,0.01352539979779721,0.0,0.0,2.091831574787208,23.847663569755056,0,25,4650,0.8463561837217265,,,
monitor_only,187,0.5619150194010417,0.01329996158069413,0.0,0.0,3.3623083075119635,25.118140302479812,0,25,4675,3.7883116128774255,,,
monitor_only,188,0.5620008922074894,0.013200928367553044,0.0,0.0,3.478263177128902,25.23409517209675,0,25,4700,3.39251759406649,,,
monitor_only,189,0.5619877429262551,0.013315300700190158,0.0,0.0,2.4080830064644934,24.163915001432343,0,25,4725,1.3411736536148495,,,
monitor_only,190,0.5620490441584794,0.01325007610300144,0.0,0.0,3.321137946674033,25.07696994164188,0,25,4750,3.393615539677698,,,
monitor_only,191,0.5619360756302458,0.013559378033109915,0.0,0.0,2.59682294704048,24.35265494200833,0,25,4775,1.2230269388983117,,,
monitor_only,192,0.5620510174216813,0.013177612004922401,0.0,0.0,2.7960536323062315,24.551885627274082,0,25,4800,1.2511561935227113,,,
monitor_only,193,0.5621595553079561,0.01304239147363817,0.0,0.0,3.722170696088442,25.47800269105629,0,25,4825,3.1254363137194052,,,
monitor_only,194,0.5623023449840322,0.013106378715954659,0.0,0.0,4.076883177621204,25.832715172589054,0,25,4850,3.163948866336883,,,
monitor_only,195,0.562318638635215,0.013221756053247158,0.0,0.0,1.3637029554690185,23.11953495043687,0,25,4875,0.38962039962801576,,,
monitor_only,196,0.5624688832939949,0.012798111549205848,0.0,0.0,3.481140814471408,25.23697280943926,0,25,4900,3.6901210472073487,,,
monitor_only,197,0.5625653477721397,0.012613023341237928,0.0,0.0,3.1480882554082172,24.903920250376068,0,25,4925,3.242744773855147,,,
monitor_only,198,0.5627266057857401,0.012346317768943682,0.0,0.0,3.6411345166099713,25.39696651157782,0,25,4950,3.3664499267987864,,,
monitor_only,199,0.5627460339771774,0.012367392624749618,0.0,0.0,2.9444984480267555,24.700330442994606,0,25,4975,3.6991037970643816,,,
monitor_only,200,0.5627011322308834,0.012578993461437316,0.0,0.0,2.980751938368855,24.736583933336703,0,25,5000,3.6990245199914633,,,
monitor_only,201,0.5626271671488419,0.013185373396262023,0.0,0.0,1.7366947303131037,23.492526725280953,0,25,5025,1.0946850511496864,,,
monitor_only,202,0.5626346190216559,0.013269691404085626,0.0,0.0,3.23161949637169,24.987451491339538,0,25,5050,3.682309955108726,,,
monitor_only,203,0.5628006461309326,0.012997841281804368,0.0,0.0,2.1038917573725513,23.8597237523404,0,25,5075,1.2302303436647242,,,
monitor_only,204,0.5628276788034382,0.012815407055021377,0.0,0.0,3.928454642854001,25.68428663782185,0,25,5100,2.9434257230807916,,,
monitor_only,205,0.5626931898210655,0.013241643518018598,0.0,0.0,5.232653364499356,26.988485359467205,0,25,5125,6.618008581882892,,,
monitor_only,206,0.5629724468485161,0.012930053014727938,0.0,0.0,1.9818431726949386,23.737675167662786,0,25,5150,1.2316478659658576,,,
monitor_only,207,0.562901690168514,0.013016133527548601,0.0,0.0,5.063059167004026,26.818891161971877,0,25,5175,6.566475640015196,,,
monitor_only,208,0.5629014659743738,0.012769659179001969,0.0,0.0,1.883944153444946,23.639776148412796,0,25,5200,1.5694253973876995,,,
monitor_only,209,0.5627134329612118,0.0131431638324494,0.0,0.0,4.071660110104116,25.827492105071965,0,25,5225,3.628608659579534,,,
monitor_only,210,0.5629261716290157,0.013034701423625839,0.0,0.0,1.7607594913770115,23.51659148634486,0,25,5250,1.3101507015133003,,,
monitor_only,211,0.5630606146976236,0.012624651927453767,0.0,0.0,1.8047765705144894,23.56060856548234,0,25,5275,1.3365054568086403,,,
monitor_only,212,0.563048959017812,0.012657603848034271,0.0,0.0,2.0295396991792534,23.785371694147102,0,25,5300,1.0874877439766297,,,
monitor_only,213,0.5630050512178268,0.012733457721141761,0.0,0.0,5.873549063903791,27.62938105887164,0,25,5325,7.492142952791969,,,
monitor_only,214,0.5629942468914146,0.012636540953081754,0.0,0.0,3.624264901115852,25.3800968960837,0,25,5350,3.8772251206290385,,,
monitor_only,215,0.5630359348262576,0.012509301123873717,0.0,0.0,1.827524002761987,23.583355997729836,0,25,5375,1.3001899802223176,,,
monitor_only,216,0.562934931025348,0.012723471097416561,0.0,0.0,3.9031981827657476,25.659030177733598,0,25,5400,3.4871287811727822,,,
monitor_only,217,0.5630131000700356,0.012661189075028445,0.0,0.0,2.474379161381849,24.230211156349696,0,25,5425,1.1795067085688196,,,
monitor_only,218,0.5629639258967063,0.012833578715758964,0.0,0.0,2.357443064710546,24.113275059678394,0,25,5450,1.4157391231576586,,,
monitor_only,219,0.5629103814952323,0.012893102780392796,0.0,0.0,4.23652231053306,25.99235430550091,0,25,5475,3.519306063200301,,,
monitor_only,220,0.5630423681527309,0.012375353484987306,0.0,0.0,3.689225294214488,25.445057289182337,0,25,5500,3.535885756896105,,,
monitor_only,221,0.5630696258512972,0.012390973646490333,0.0,0.0,2.739022070033604,24.494854065001455,0,25,5525,1.2026068921934208,,,
monitor_only,222,0.5630536293992386,0.012481308377149558,0.0,0.0,3.5699038143073465,25.325735809275194,0,25,5550,3.19151210903023,,,
monitor_only,223,0.5632022015435691,0.011971827254631862,0.0,0.0,1.0859200605198505,22.8417520554877,0,25,5575,0.45428482743931486,,,
monitor_only,224,0.5632099373439567,0.01178811329048235,0.0,0.0,2.0554693162911035,23.81130131125895,0,25,5600,1.1539496402088232,,,
monitor_only,225,0.5633735226266692,0.011424665581103666,0.0,0.0,4.125078176051106,25.880910171018954,0,25,5625,3.1857392677435294,,,
monitor_only,226,0.5634819854351563,0.011215156920528102,0.0,0.0,3.9264184028588307,25.682250397826678,0,25,5650,3.594361214948955,,,
monitor_only,227,0.5635913994845808,0.011057712305652223,0.0,0.0,2.106066308250827,23.861898303218677,0,25,5675,1.1058867092378044,,,
monitor_only,228,0.5636515831175534,0.011001300086053267,0.0,0.0,3.6202280544481846,25.376060049416033,0,25,5700,3.150191651543503,,,
monitor_only,229,0.5637781504918268,0.01067855013316088,0.0,0.0,1.9016398683150486,23.657471863282897,0,25,5725,1.145889624422393,,,
monitor_only,230,0.5637865891352234,0.010599897975410055,0.0,0.0,3.5956023126990857,25.351434307666935,0,25,5750,3.392901724299289,,,
monitor_only,231,0.5638149337987939,0.01062862073027071,0.0,0.0,3.6644400587877795,25.420272053755628,0,25,5775,4.051879024502859,,,
monitor_only,232,0.5637836795647413,0.010783227757973135,0.0,0.0,3.406504599370942,25.16233659433879,0,25,5800,3.219527755690422,,,
monitor_only,233,0.5638777908615916,0.010714105870115564,0.0,0.0,3.530189103535635,25.286021098503483,0,25,5825,3.97823829427945,,,
monitor_only,234,0.5639235095853391,0.010352165828227067,0.0,0.0,3.839359272115762,25.59519126708361,0,25,5850,3.609838462119038,,,
monitor_only,235,0.5639488180887178,0.010415447553940527,0.0,0.0,5.469370960314506,27.225202955282356,0,25,5875,7.00323217167896,,,
monitor_only,236,0.5640584511658315,0.01023513541453791,0.0,0.0,3.5716380647207506,25.3274700596886,0,25,5900,3.070497313023398,,,
monitor_only,237,0.5641968529202614,0.009852882078278169,0.0,0.0,2.5201799225127655,24.276011917480616,0,25,5925,1.1792309821384344,,,
monitor_only,238,0.5642379535049128,0.009684703636450354,0.0,0.0,3.177946045546558,24.933778040514408,0,25,5950,3.567620327103556,,,
monitor_only,239,0.564262483866246,0.009988953498104802,0.0,0.0,2.6765830396721184,24.432415034639966,0,25,5975,1.1948116581212784,,,
monitor_only,240,0.5644118422163164,0.009941480434990102,0.0,0.0,3.6168461437713613,25.37267813873921,0,25,6000,3.260371208923912,,,
monitor_only,241,0.564412913259736,0.009807776084942321,0.0,0.0,3.372007237551897,25.127839232519747,0,25,6025,3.7314167481308265,,,
monitor_only,242,0.5642936307576096,0.010078219373326314,0.0,0.0,2.9508747071644015,24.70670670213225,0,25,6050,3.6175516105297483,,,
monitor_only,243,0.5642574290105025,0.010233984680391162,0.0,0.0,2.0120377149937054,23.767869709961555,0,25,6075,1.1222510852632004,,,
monitor_only,244,0.564419222503553,0.009860016029798468,0.0,0.0,2.245829250070468,24.001661245038317,0,25,6100,1.6315906561377962,,,
monitor_only,245,0.5642555478306819,0.010212977145150792,0.0,0.0,3.3548970591109666,25.110729054078817,0,25,6125,3.3854123339800064,,,
monitor_only,246,0.5643436271281896,0.009930797589698392,0.0,0.0,3.757778884499624,25.51361087946747,0,25,6150,3.743915677005009,,,
monitor_only,247,0.564532498515073,0.009489783341447566,0.0,0.0,3.427205629966853,25.183037624934702,0,25,6175,3.6259436040622863,,,
monitor_only,248,0.5645164528327213,0.009559785254249498,0.0,0.0,2.976279666413422,24.73211166138127,0,25,6200,3.3796627417728224,,,
monitor_only,249,0.5646287516895121,0.009449064628394788,0.0,0.0,4.226926945902706,25.982758940870553,0,25,6225,3.3571795748576267,,,
monitor_only,250,0.5645382751104709,0.009716705261748282,0.0,0.0,2.6942098132279715,24.45004180819582,0,25,6250,0.8558624204826648,,,
monitor_only,251,0.5645632253452005,0.009839753001690599,0.0,0.0,3.3987486756402325,25.15458067060808,0,25,6275,3.6840242778509986,,,
monitor_only,252,0.5648642518476472,0.009305032631437782,0.0,0.0,1.7741586042878836,23.529990599255733,0,25,6300,1.265488881642166,,,
monitor_only,253,0.5648893793689874,0.009339981205485848,0.0,0.0,3.5555616090858733,25.311393604053723,0,25,6325,3.2832102829507424,,,
monitor_only,254,0.5649487905348378,0.0091906094875287,0.0,0.0,2.5474213160967127,24.303253311064562,0,25,6350,0.9745300504971216,,,
monitor_only,255,0.5649047041018053,0.009179671215394203,0.0,0.0,1.8033245834336928,23.55915657840154,0,25,6375,1.240686987572548,,,
monitor_only,256,0.5646578351529028,0.009601675159540357,0.0,0.0,4.016176554352865,25.772008549320713,0,25,6400,4.0938635492360085,,,
monitor_only,257,0.5647432884281458,0.009612191870242648,0.0,0.0,3.665405891979435,25.421237886947285,0,25,6425,3.467616109988041,,,
monitor_only,258,0.5647731607457708,0.009591136899436581,0.0,0.0,3.375582308009514,25.131414302977362,0,25,6450,3.319672868793246,,,
monitor_only,259,0.564799044279131,0.009669480073920211,0.0,0.0,2.417038070987283,24.17287006595513,0,25,6475,1.2317093908258676,,,
monitor_only,260,0.5647701372187393,0.009777054427072107,0.0,0.0,3.642858136408372,25.39869013137622,0,25,6500,3.4797153832434247,,,
monitor_only,261,0.564738004916865,0.009634362514478578,0.0,0.0,1.9210340842709426,23.676866079238792,0,25,6525,1.1193795404028932,,,
monitor_only,262,0.5648637825559162,0.009522334354355566,0.0,0.0,3.3590517233302433,25.114883718298092,0,25,6550,3.1362885737482094,,,
monitor_only,263,0.5648896073975659,0.009499746798867337,0.0,0.0,2.230130392527554,23.9859623874954,0,25,6575,1.01208196845326,,,
monitor_only,264,0.5649807472540098,0.00919470457978222,0.0,0.0,3.5072182784803796,25.26305027344823,0,25,6600,3.74056118390512,,,
monitor_only,265,0.5650434314032661,0.009056532603595624,0.0,0.0,2.5657526942360853,24.321584689203934,0,25,6625,1.2539433419574528,,,
monitor_only,266,0.5650216760613708,0.009033548309169803,0.0,0.0,3.462382718041338,25.218214713009186,0,25,6650,3.409797718756604,,,
monitor_only,267,0.5652283383983434,0.008698119229146428,0.0,0.0,1.9764792119262666,23.732311206894117,0,25,6675,1.0498038434749946,,,
monitor_only,268,0.5653016309513491,0.00856185161408296,0.0,0.0,6.529302280031122,28.28513427499897,0,25,6700,12.65617648948589,,,
monitor_only,269,0.5653778307089636,0.008305092641392897,0.0,0.0,2.59306734419658,24.34889933916443,0,25,6725,1.6706638292885798,,,
monitor_only,270,0.5654532540902159,0.00817249234613071,0.0,0.0,3.9918049298239375,25.747636924791788,0,25,6750,3.7906916006598,,,
monitor_only,271,0.5655745643924412,0.007890892399699312,0.0,0.0,3.7848256466396317,25.54065764160748,0,25,6775,3.360640908236051,,,
monitor_only,272,0.5655354635330583,0.008123876977960465,0.0,0.0,2.431395824180093,24.187227819147942,0,25,6800,1.336242438255833,,,
monitor_only,273,0.5654311990987705,0.008420426846255324,0.0,0.0,2.6150541733265436,24.370886168294394,0,25,6825,1.2168077162515478,,,
monitor_only,274,0.5652550720217907,0.008781260599468599,0.0,0.0,2.056071364673147,23.811903359640997,0,25,6850,1.3490733411901088,,,
monitor_only,275,0.5653606748592397,0.008547753506122358,0.0,0.0,3.7710177150263307,25.52684970999418,0,25,6875,3.3928868483426204,,,
monitor_only,276,0.5653421216042683,0.00874093391886921,0.0,0.0,3.066110772655452,24.8219427676233,0,25,6900,3.700983156405739,,,
monitor_only,277,0.5653113173852676,0.008904650526583513,0.0,0.0,3.422993895443694,25.17882589041154,0,25,6925,3.371103077028121,,,
monitor_only,278,0.5652924488378267,0.008874753846518812,0.0,0.0,1.270695140766975,23.026527135734824,0,25,6950,0.4240946867449963,,,
monitor_only,279,0.5653969593191823,0.008714532784224738,0.0,0.0,3.6787599140339893,25.43459190900184,0,25,6975,3.3771350402211526,,,
monitor_only,280,0.5654728914553128,0.008407697084114263,0.0,0.0,2.1373063377361095,23.89313833270396,0,25,7000,1.2490268414584456,,,
monitor_only,281,0.5656235534973553,0.008193063399517198,0.0,0.0,2.8713917935498707,24.62722378851772,0,25,7025,1.3240965201872574,,,
monitor_only,282,0.5655550456241588,0.008341985857247547,0.0,0.0,2.352241281098682,24.10807327606653,0,25,7050,1.1569142611100407,,,
monitor_only,283,0.5656285576974999,0.008176427860353441,0.0,0.0,2.381212899053381,24.13704489402123,0,25,7075,1.2700754246660646,,,
monitor_only,284,0.5657150765882789,0.007886570190630549,0.0,0.0,2.452932234269089,24.208764229236937,0,25,7100,1.233620361591707,,,
monitor_only,285,0.5655450870594505,0.008435031437396878,0.0,0.0,2.11708243456162,23.87291442952947,0,25,7125,0.9628423642210059,,,
monitor_only,286,0.5656384183420405,0.008248689435290224,0.0,0.0,2.2635487988436256,24.019380793811475,0,25,7150,1.2520324541349408,,,
monitor_only,287,0.5657949406617847,0.008037126754580015,0.0,0.0,5.645209537662813,27.401041532630664,0,25,7175,6.3268977694439545,,,
monitor_only,288,0.5657397340081205,0.008247818576928911,0.0,0.0,2.726371348207999,24.482203343175847,0,25,7200,1.1856242150758813,,,
monitor_only,289,0.5656034466363741,0.008560953091368506,0.0,0.0,2.747705387568978,24.503537382536827,0,25,7225,1.0663355893277255,,,
monitor_only,290,0.5656054693720568,0.008506863441025359,0.0,0.0,3.7953009576781835,25.551132952646032,0,25,7250,3.42927552486017,,,
monitor_only,291,0.5656639771776664,0.008152642351562323,0.0,0.0,3.615327316010741,25.37115931097859,0,25,7275,3.237987957056521,,,
monitor_only,292,0.5658236243976575,0.008022663243356543,0.0,0.0,2.2617160780323777,24.017548073000228,0,25,7300,1.13999890648749,,,
monitor_only,293,0.565953225586609,0.007832876396542954,0.0,0.0,2.469604085650316,24.225436080618167,0,25,7325,1.388951004421885,,,
monitor_only,294,0.5659328418769972,0.00784792477592855,0.0,0.0,2.284790764424268,24.040622759392118,0,25,7350,1.3376429757327277,,,
monitor_only,295,0.5661138164961278,0.007549758578453969,0.0,0.0,1.2420077963671399,22.99783979133499,0,25,7375,0.5101944420802937,,,
monitor_only,296,0.5661240090149463,0.007450527392064976,0.0,0.0,4.9244124111747825,26.68024440614263,0,25,7400,7.2230846075238615,,,
monitor_only,297,0.5662058297359294,0.007285003865698414,0.0,0.0,2.324520105792054,24.080352100759903,0,25,7425,1.272651523002218,,,
monitor_only,298,0.5662384828964243,0.007217461876387499,0.0,0.0,3.824495468702588,25.580327463670436,0,25,7450,3.262136294913201,,,
monitor_only,299,0.5664053411319817,0.0069924682932234195,0.0,0.0,1.973521345038447,23.729353340006295,0,25,7475,1.4629514038179345,,,
monitor_only,300,0.5664459159587925,0.006939063839000448,0.0,0.0,1.8391490900811365,23.594981085048985,0,25,7500,1.3999164036023153,,,
monitor_only,301,0.5665291772856075,0.006775208745546046,0.0,0.0,1.7745959025203775,23.530427897488227,0,25,7525,1.1781426016666174,,,
monitor_only,302,0.5665921896456866,0.006635224945559237,0.0,0.0,4.110842317138609,25.866674312106458,0,25,7550,3.801333936769122,,,
monitor_only,303,0.5665474082040781,0.0067234398718879484,0.0,0.0,3.2833838571247504,25.0392158520926,0,25,7575,3.3399975404725226,,,
monitor_only,304,0.5666547427318616,0.006552276122693379,0.0,0.0,3.3986240469096125,25.154456041877463,0,25,7600,3.185682090947997,,,
monitor_only,305,0.5667252785442776,0.006497889452477534,0.0,0.0,3.037868177664055,24.793700172631905,0,25,7625,3.692140843407158,,,
monitor_only,306,0.5666507118298281,0.006490217631285544,0.0,0.0,2.3574373256550736,24.113269320622923,0,25,7650,1.684245381880547,,,
monitor_only,307,0.5666155751373038,0.006609061520880699,0.0,0.0,1.80455739733177,23.56038939229962,0,25,7675,0.9498795344400006,,,
monitor_only,308,0.5665904790774963,0.006728569175822541,0.0,0.0,1.928222158281262,23.68405415324911,0,25,7700,1.361413194894951,,,
monitor_only,309,0.5666801196719495,0.006585551193890593,0.0,0.0,2.3219857374009347,24.077817732368786,0,25,7725,1.6230906188941165,,,
monitor_only,310,0.5666911113063385,0.006505335423856562,0.0,0.0,2.229107473445098,23.984939468412946,0,25,7750,1.3084185696237725,,,
monitor_only,311,0.5667827641758133,0.00637414049076801,0.0,0.0,2.572624428938747,24.328456423906594,0,25,7775,1.1274554064466868,,,
monitor_only,312,0.566697084639256,0.0065694537207772186,0.0,0.0,2.334855862531492,24.09068785749934,0,25,7800,1.3675339411036491,,,
monitor_only,313,0.5668624982722379,0.006257027921873881,0.0,0.0,2.534088583781069,24.28992057874892,0,25,7825,1.4187129145864783,,,
monitor_only,314,0.5671012336678946,0.005854325206783861,0.0,0.0,3.155703889164503,24.911535884132352,0,25,7850,3.6230881488181654,,,
monitor_only,315,0.5670805649602343,0.005866332924243434,0.0,0.0,1.1522973002760837,22.90812929524393,0,25,7875,0.49520029977177504,,,
monitor_only,316,0.5669969554628075,0.005947472728631498,0.0,0.0,1.872597068347638,23.628429063315487,0,25,7900,1.1388727153841627,,,
monitor_only,317,0.5667354314383657,0.006441546563445422,0.0,0.0,3.952225787406722,25.70805778237457,0,25,7925,2.939706261094591,,,
monitor_only,318,0.5669543862467759,0.006094061587352373,0.0,0.0,2.010712678516774,23.766544673484624,0,25,7950,1.0960612889620187,,,
monitor_only,319,0.5668209846535385,0.006378635811303712,0.0,0.0,3.812515651521417,25.568347646489265,0,25,7975,3.053113302540257,,,
monitor_only,320,0.5667520547696355,0.0065396508766385475,0.0,0.0,2.1008559704376633,23.856687965405513,0,25,8000,1.2138463852016372,,,
monitor_only,321,0.5669320436405269,0.006095589428763648,0.0,0.0,3.0199448612083692,24.77577685617622,0,25,8025,3.51584296601393,,,
monitor_only,322,0.5670120575447827,0.006035519888373142,0.0,0.0,4.511535588232267,26.267367583200116,0,25,8050,3.025609413798663,,,
monitor_only,323,0.5671206690009779,0.005789740791363185,0.0,0.0,3.4886219934121425,25.24445398837999,0,25,8075,3.71014811173869,,,
monitor_only,324,0.567010264023686,0.005956995154902223,0.0,0.0,6.86208468217354,28.617916677141388,0,25,8100,11.654720821811948,,,
monitor_only,325,0.5669170910219069,0.006135140759774282,0.0,0.0,1.851153357735097,23.606985352702946,0,25,8125,1.179211008147216,,,
monitor_only,326,0.5668818551127933,0.006307686017150038,0.0,0.0,1.8332441614111996,23.58907615637905,0,25,8150,1.181748774923448,,,
monitor_only,327,0.5667940149514359,0.0063513394719521,0.0,0.0,4.0976473310350485,25.853479326002898,0,25,8175,2.9588921409169693,,,
monitor_only,328,0.5667788825091812,0.006376551616864012,0.0,0.0,3.5326703278710054,25.288502322838855,0,25,8200,3.452260581781885,,,
monitor_only,329,0.5670958944265733,0.005796277699305907,0.0,0.0,3.684404921748432,25.44023691671628,0,25,8225,3.052709850771275,,,
monitor_only,330,0.5670844715960851,0.005826414888910891,0.0,0.0,2.306190314054434,24.062022309022282,0,25,8250,1.1558073789187508,,,
monitor_only,331,0.5672301239553444,0.005460002317413837,0.0,0.0,3.8478982111400675,25.603730206107915,0,25,8275,3.502645112356653,,,
monitor_only,332,0.5674043568793746,0.005245212448500403,0.0,0.0,2.2810077434898104,24.036839738457658,0,25,8300,1.2992178040694675,,,
monitor_only,333,0.5675300242879577,0.005036889529721256,0.0,0.0,3.505771907673488,25.261603902641337,0,25,8325,3.096306654733229,,,
monitor_only,334,0.5676123419684974,0.005034855143554617,0.0,0.0,3.951143914543894,25.706975909511744,0,25,8350,3.772832121519368,,,
monitor_only,335,0.5677456970685676,0.00489716485778835,0.0,0.0,1.704918265515357,23.460750260483206,0,25,8375,1.1815328125515108,,,
monitor_only,336,0.5676523784736649,0.0050316487186272685,0.0,0.0,4.419736885688458,26.175568880656307,0,25,8400,4.305034869160282,,,
monitor_only,337,0.5675897964035834,0.005118407814708181,0.0,0.0,5.329195117661474,27.085027112629323,0,25,8425,6.791907849765109,,,
monitor_only,338,0.5675890296116387,0.0051139433447177085,0.0,0.0,5.215168788252419,26.97100078322027,0,25,8450,6.542731484136179,,,
monitor_only,339,0.5676277371138246,0.005056557798696848,0.0,0.0,3.8328666601187806,25.58869865508663,0,25,8475,3.8301528533341025,,,
monitor_only,340,0.5677981417995727,0.004771042862637631,0.0,0.0,1.1019959903211318,22.85782798528898,0,25,8500,0.50720294894999,,,
monitor_only,341,0.5678400081719313,0.004732413403954361,0.0,0.0,2.286697444191649,24.042529439159498,0,25,8525,1.1117124771229794,,,
monitor_only,342,0.5678526595260079,0.004709518808378332,0.0,0.0,3.0614034035554982,24.817235398523348,0,25,8550,3.280897616512947,,,
monitor_only,343,0.5678840394838208,0.004696632768544595,0.0,0.0,5.241547058254694,26.997379053222545,0,25,8575,7.385469105675662,,,
monitor_only,344,0.5678674437766849,0.004678017831961978,0.0,0.0,4.358917736167815,26.114749731135664,0,25,8600,3.476955304744612,,,
monitor_only,345,0.5679049049203306,0.004676650758934531,0.0,0.0,2.3515194470197573,24.107351441987607,0,25,8625,1.2915738129909624,,,
monitor_only,346,0.5678409197429218,0.004786565679696597,0.0,0.0,0.9827392309908631,22.73857122595871,0,25,8650,0.3912418543071601,,,
monitor_only,347,0.5676084988576091,0.005143086560378873,0.0,0.0,3.9181977934954535,25.6740297884633,0,25,8675,3.5861975701680944,,,
monitor_only,348,0.5676637488354657,0.005117672698561004,0.0,0.0,1.9149486272426686,23.67078062221052,0,25,8700,1.1633851882933017,,,
monitor_only,349,0.5676505334639356,0.0052269798818131985,0.0,0.0,2.749272104003709,24.505104098971557,0,25,8725,3.4246196891234537,,,
monitor_only,350,0.5676716246465441,0.005308114003061748,0.0,0.0,1.8095234184284692,23.56535541339632,0,25,8750,1.0201703138150733,,,
monitor_only,351,0.5675895145033237,0.005436843096679356,0.0,0.0,4.11874122503322,25.874573220001068,0,25,8775,7.016793706187537,,,
monitor_only,352,0.567669050331707,0.005331587924921166,0.0,0.0,4.096638164825592,25.85247015979344,0,25,8800,3.9001586177372936,,,
monitor_only,353,0.5674810879445682,0.005730490985987879,0.0,0.0,3.3564829443052733,25.112314939273123,0,25,8825,3.2428810758977598,,,
monitor_only,354,0.5673378536056556,0.005948912461564926,0.0,0.0,3.4392628463474555,25.195094841315303,0,25,8850,3.3691221914616,,,
monitor_only,355,0.5672715309156862,0.006036598594239884,0.0,0.0,3.5739361543321464,25.329768149299994,0,25,8875,3.563864010462814,,,
monitor_only,356,0.567228267326337,0.00607859583414494,0.0,0.0,1.7995911917212586,23.555423186689108,0,25,8900,1.1455181800845626,,,
monitor_only,357,0.5671759016692435,0.0060533308457950685,0.0,0.0,5.869400581961884,27.625232576929733,0,25,8925,7.826198849865156,,,
monitor_only,358,0.5671328490165225,0.006072912474437753,0.0,0.0,5.640776386477865,27.396608381445713,0,25,8950,6.0608118766170325,,,
monitor_only,359,0.5668422528353267,0.006627962870923265,0.0,0.0,3.727240627550312,25.48307262251816,0,25,8975,3.4610491491632316,,,
monitor_only,360,0.5669119844564042,0.006448612975571311,0.0,0.0,1.813723654604258,23.569555649572106,0,25,9000,1.2643106045414831,,,
monitor_only,361,0.5667944557998141,0.006651861270114745,0.0,0.0,1.808283353452234,23.56411534842008,0,25,9025,1.1010757763053483,,,
monitor_only,362,0.5666493066059686,0.007037418852516075,0.0,0.0,1.7232182657786441,23.479050260746494,0,25,9050,1.0239788561348682,,,
monitor_only,363,0.5667935540662921,0.006932556216911023,0.0,0.0,3.451583350415904,25.207415345383755,0,25,9075,4.163394306010578,,,
monitor_only,364,0.5667080201531013,0.0071544216074641565,0.0,0.0,2.4727157348939723,24.228547729861823,0,25,9100,1.1483829248178592,,,
monitor_only,365,0.5668519664682107,0.0068723541271339394,0.0,0.0,2.217576696547905,23.973408691515754,0,25,9125,1.3588789375287313,,,
monitor_only,366,0.5669550576277359,0.006667268145671645,0.0,0.0,4.09798127062664,25.85381326559449,0,25,9150,3.66211897982677,,,
monitor_only,367,0.5669650099011283,0.006780494137679671,0.0,0.0,4.005982747588337,25.761814742556187,0,25,9175,3.8073900115220582,,,
monitor_only,368,0.5669575135916362,0.006709405113030642,0.0,0.0,4.547890749768378,26.303722744736227,0,25,9200,7.270139288757943,,,
monitor_only,369,0.566874152212536,0.006969501760312302,0.0,0.0,2.345547985434044,24.101379980401894,0,25,9225,1.2076750522865816,,,
monitor_only,370,0.566654500827547,0.007398849714532529,0.0,0.0,3.6480797613577525,25.403911756325602,0,25,9250,2.9925368604342792,,,
monitor_only,371,0.566493239341713,0.0076117417967076495,0.0,0.0,2.4540100750320595,24.209842069999908,0,25,9275,1.1195772139730862,,,
monitor_only,372,0.5665300033799827,0.007456830718663987,0.0,0.0,2.4404489347978195,24.19628092976567,0,25,9300,1.2962895137715444,,,
monitor_only,373,0.5666789217267739,0.007276508442661367,0.0,0.0,1.754764528370653,23.510596523338503,0,25,9325,1.4536495531115812,,,
monitor_only,374,0.5664372112784748,0.0077442985482338855,0.0,0.0,2.037998993829842,23.79383098879769,0,25,9350,1.2568553823003143,,,
monitor_only,375,0.5663165141196487,0.007999523896296434,0.0,0.0,3.9570672492859935,25.712899244253844,0,25,9375,3.5020397602430844,,,
monitor_only,376,0.5663924228065266,0.007631428235803095,0.0,0.0,3.206535466893898,24.962367461861746,0,25,9400,3.9138452506275954,,,
monitor_only,377,0.5663322658199516,0.00786049566260294,0.0,0.0,3.8229898351123563,25.578821830080205,0,25,9425,3.130998922939586,,,
monitor_only,378,0.5662258156574171,0.00815457820993093,0.0,0.0,2.594716913826458,24.35054890879431,0,25,9450,1.2367116270769232,,,
monitor_only,379,0.566293547250457,0.007997330074416942,0.0,0.0,2.2165394299808714,23.97237142494872,0,25,9475,1.2060925786797034,,,
monitor_only,380,0.5662688959908029,0.008040743884922597,0.0,0.0,5.656835774421407,27.412667769389255,0,25,9500,7.330398055693854,,,
monitor_only,381,0.5663661549199703,0.007831797903488646,0.0,0.0,4.26164553939759,26.01747753436544,0,25,9525,3.170356025340403,,,
monitor_only,382,0.5663666009217351,0.007791763138717767,0.0,0.0,2.3104828665928787,24.066314861560727,0,25,9550,1.225008511241712,,,
monitor_only,383,0.5664987568876232,0.007614628845022953,0.0,0.0,4.315129586886691,26.07096158185454,0,25,9575,3.671400324125262,,,
monitor_only,384,0.5665249415014474,0.007744264324128225,0.0,0.0,2.624837074192278,24.380669069160128,0,25,9600,1.0908617579476994,,,
monitor_only,385,0.5667190052143138,0.007443902537873526,0.0,0.0,4.055642018279574,25.811474013247423,0,25,9625,3.293910577121061,,,
monitor_only,386,0.56661540677856,0.007694077035793057,0.0,0.0,3.0980399451971747,24.853871940165025,0,25,9650,1.2022242599312318,,,
monitor_only,387,0.5666560976817887,0.007609297095565348,0.0,0.0,2.3508093588715298,24.10664135383938,0,25,9675,0.8801792007007414,,,
monitor_only,388,0.5666325838037123,0.007680226303238391,0.0,0.0,2.319767796108623,24.07559979107647,0,25,9700,0.9580280080837225,,,
monitor_only,389,0.5666248674478217,0.007736742098851002,0.0,0.0,7.018522591866149,28.774354586833997,0,25,9725,11.475981289902508,,,
monitor_only,390,0.5666404539833433,0.007712055387399608,0.0,0.0,3.6796926068686306,25.43552460183648,0,25,9750,4.06518862711239,,,
monitor_only,391,0.5667132193578358,0.007476128815065541,0.0,0.0,4.255361844994276,26.011193839962125,0,25,9775,2.9504972530785425,,,
monitor_only,392,0.5668130526083386,0.0073395471910224774,0.0,0.0,3.4841860978477435,25.240018092815593,0,25,9800,2.8499044100738113,,,
monitor_only,393,0.5667083008335965,0.007542309937474068,0.0,0.0,1.8496572280613215,23.60548922302917,0,25,9825,1.1210725054714277,,,
monitor_only,394,0.5668357785618945,0.007316386289139665,0.0,0.0,2.227306515436161,23.98313851040401,0,25,9850,1.2668371176225095,,,
monitor_only,395,0.5667758704548137,0.0072832496872511365,0.0,0.0,6.804195731971656,28.560027726939506,0,25,9875,11.11016961672778,,,
monitor_only,396,0.5669155872921718,0.006989104463084983,0.0,0.0,3.0094174581258635,24.765249453093713,0,25,9900,3.7552031111147315,,,
monitor_only,397,0.5669036472208488,0.007116006147839693,0.0,0.0,2.318511854600825,24.074343849568674,0,25,9925,1.219005729267272,,,
monitor_only,398,0.5670192250329464,0.006930378792634806,0.0,0.0,3.7434541537644135,25.499286148732264,0,25,9950,3.7045179710935536,,,
monitor_only,399,0.5669792569799478,0.007087241609375794,0.0,0.0,2.07984579424147,23.83567778920932,0,25,9975,1.1201536706618689,,,
monitor_only,400,0.5670693139933295,0.006970915311085291,0.0,0.0,4.059709846272152,25.81554184124,0,25,10000,3.1273944517256265,,,
monitor_only,401,0.5670390799505972,0.00699531619629401,0.0,0.0,3.2400520708822182,24.995884065850067,0,25,10025,3.3221852518899144,,,
monitor_only,402,0.5671081698569351,0.006884979804258506,0.0,0.0,3.4825579348133857,25.238389929781235,0,25,10050,3.3966814473191276,,,
monitor_only,403,0.5673288773181668,0.00640771782232008,0.0,0.0,3.757448115499141,25.51328011046699,0,25,10075,3.7279753040796835,,,
monitor_only,404,0.5677005680014314,0.0057517633305989024,0.0,0.0,2.248214093377439,24.004046088345287,0,25,10100,1.292521182622738,,,
monitor_only,405,0.5677001140573575,0.005737528499538236,0.0,0.0,2.168341698479998,23.924173693447848,0,25,10125,1.341944970271753,,,
monitor_only,406,0.5679164726515011,0.005390250477847025,0.0,0.0,4.097288253199149,25.853120248167,0,25,10150,3.787768465632563,,,
monitor_only,407,0.5680208123784807,0.005234972264713811,0.0,0.0,3.87754910877733,25.63338110374518,0,25,10175,3.4952685628589015,,,
monitor_only,408,0.5681608711180685,0.005073684173607318,0.0,0.0,2.9299277377859836,24.685759732753834,0,25,10200,3.331300765793591,,,
monitor_only,409,0.5683504262405181,0.004881071574788676,0.0,0.0,1.877663024958745,23.633495019926595,0,25,10225,1.4992751920090517,,,
monitor_only,410,0.5683890670430345,0.004849930797765967,0.0,0.0,3.315277892494601,25.07110988746245,0,25,10250,3.8100855155902775,,,
monitor_only,411,0.5684022153549845,0.004796382410344302,0.0,0.0,2.6749027470786513,24.4307347420465,0,25,10275,1.3727652060195543,,,
monitor_only,412,0.5682049290068873,0.005151300341421972,0.0,0.0,3.9579877128334844,25.713819707801335,0,25,10300,3.4399808921536557,,,
monitor_only,413,0.5681687516717149,0.005216880769606025,0.0,0.0,4.427101012305025,26.182933007272872,0,25,10325,3.527171853648976,,,
monitor_only,414,0.5681186522937018,0.005324482476342762,0.0,0.0,4.24998705865373,26.00581905362158,0,25,10350,2.8278871394131313,,,
monitor_only,415,0.5680909087731478,0.0052206759138740955,0.0,0.0,4.51656597781389,26.27239797278174,0,25,10375,3.801694893757312,,,
monitor_only,416,0.5682064685892187,0.005099420306903024,0.0,0.0,2.0851273693548737,23.84095936432272,0,25,10400,1.259646132372382,,,
monitor_only,417,0.5683066449209742,0.005013496482466739,0.0,0.0,2.458293157093493,24.214125152061342,0,25,10425,1.0314647866996534,,,
monitor_only,418,0.5682818642375852,0.004993823934587138,0.0,0.0,3.8172172335039973,25.573049228471845,0,25,10450,3.3965753816021107,,,
monitor_only,419,0.568302265410202,0.004935789136738644,0.0,0.0,2.211810476055763,23.967642471023613,0,25,10475,1.0476734062287525,,,
monitor_only,420,0.5682003577833012,0.005185570823731944,0.0,0.0,3.6922208871609064,25.448052882128756,0,25,10500,3.389697655836807,,,
monitor_only,421,0.568249291929127,0.0050798712784634326,0.0,0.0,3.7424399873860863,25.498271982353934,0,25,10525,3.619487235077187,,,
monitor_only,422,0.5683604388124922,0.005063547900208354,0.0,0.0,3.846458642371259,25.60229063733911,0,25,10550,3.4419496070974387,,,
monitor_only,423,0.5682400776348109,0.005251074524417421,0.0,0.0,2.646789874367757,24.402621869335604,0,25,10575,1.1011748180614338,,,
monitor_only,424,0.5679706291692335,0.005705551606206338,0.0,0.0,3.184199335136598,24.940031330104446,0,25,10600,3.57234537008657,,,
monitor_only,425,0.5682654959218578,0.005139446715871521,0.0,0.0,2.4024666229762013,24.15829861794405,0,25,10625,1.1049402856832826,,,
monitor_only,426,0.5680921425711318,0.005345351299560375,0.0,0.0,2.3830560902977,24.13888808526555,0,25,10650,1.1221409511877274,,,
monitor_only,427,0.5679770461763464,0.0054860341043990735,0.0,0.0,3.148274303356965,24.904106298324812,0,25,10675,3.5485469589992107,,,
monitor_only,428,0.5678844562166856,0.005713187599978187,0.0,0.0,2.354446993628271,24.11027898859612,0,25,10700,1.0933674478554896,,,
monitor_only,429,0.5677944594823268,0.005885280966815176,0.0,0.0,2.4590977386916095,24.21492973365946,0,25,10725,1.4276530120121436,,,
monitor_only,430,0.5677060515524766,0.006050292935326995,0.0,0.0,2.4399894453709696,24.19582144033882,0,25,10750,1.2971148806135266,,,
monitor_only,431,0.5677760726308047,0.0058775346142485585,0.0,0.0,1.8228964552924591,23.578728450260307,0,25,10775,1.180362696434062,,,
monitor_only,432,0.5677628825337272,0.005832417168840531,0.0,0.0,3.433299248281024,25.189131243248873,0,25,10800,3.2034541525252056,,,
monitor_only,433,0.5677879646491388,0.00583313116186801,0.0,0.0,2.1688248586852845,23.924656853653133,0,25,10825,1.1787856692791854,,,
monitor_only,434,0.56787718118988,0.005700503796294165,0.0,0.0,2.0399658918518453,23.795797886819695,0,25,10850,1.3261169254849576,,,
monitor_only,435,0.5679002772141772,0.005664771030913451,0.0,0.0,1.9938040795406407,23.74963607450849,0,25,10875,1.1209852719374447,,,
monitor_only,436,0.567712777619542,0.005936053378447048,0.0,0.0,1.8016242730514247,23.557456268019273,0,25,10900,1.4795624986346811,,,
monitor_only,437,0.5677508442590071,0.005700465533349797,0.0,0.0,2.0220905006632868,23.777922495631135,0,25,10925,1.1910238468374106,,,
monitor_only,438,0.5678803127601324,0.00554272988948179,0.0,0.0,2.708925950099152,24.464757945067,0,25,10950,1.6089446206226532,,,
monitor_only,439,0.567774675481207,0.005781970682980475,0.0,0.0,1.966454960757916,23.722286955725764,0,25,10975,1.330341270240247,,,
monitor_only,440,0.5678690012425874,0.005710713753424579,0.0,0.0,2.459464523319698,24.21529651828755,0,25,11000,1.1486664188568039,,,
monitor_only,441,0.5680321618716889,0.0054484637264584634,0.0,0.0,3.018560589010801,24.77439258397865,0,25,11025,3.7309596441689594,,,
monitor_only,442,0.5678574900856804,0.00575977914103909,0.0,0.0,3.656952077682271,25.41278407265012,0,25,11050,3.63460389486275,,,
monitor_only,443,0.567981804614363,0.00559990643368935,0.0,0.0,4.210265556019787,25.966097550987637,0,25,11075,3.3669660247819784,,,
monitor_only,444,0.5676892497843369,0.00627315038677545,0.0,0.0,2.103516193093955,23.859348188061805,0,25,11100,0.6735558557764063,,,
monitor_only,445,0.5677196499054671,0.0061553106600547025,0.0,0.0,2.3436616904751566,24.099493685443004,0,25,11125,1.033854278446871,,,
monitor_only,446,0.5676084895594051,0.006334373615502931,0.0,0.0,1.7563559724324953,23.512187967400344,0,25,11150,1.4281723620196471,,,
monitor_only,447,0.5675642617849845,0.006496462830846372,0.0,0.0,2.1838150318672453,23.939647026835093,0,25,11175,1.2246900193122783,,,
monitor_only,448,0.5676143657427667,0.006517522157639011,0.0,0.0,4.407267686603299,26.163099681571147,0,25,11200,3.685023041767675,,,
monitor_only,449,0.5676706696377392,0.006527868738753995,0.0,0.0,4.0166759114869945,25.772507906454845,0,25,11225,3.461283300235404,,,
monitor_only,450,0.5676124171628278,0.00667012096251085,0.0,0.0,2.440080007798876,24.195912002766725,0,25,11250,1.2813766272278146,,,
monitor_only,451,0.5677492126862227,0.006428161170533797,0.0,0.0,2.4435092295117817,24.19934122447963,0,25,11275,1.3224536151575608,,,
monitor_only,452,0.5677074061019001,0.006568122318209246,0.0,0.0,2.3559858244464222,24.11181781941427,0,25,11300,1.3550556752733132,,,
monitor_only,453,0.5676968439490064,0.006755550073951677,0.0,0.0,3.821230278913556,25.577062273881406,0,25,11325,3.739538215313499,,,
monitor_only,454,0.5677268994458956,0.006558486780597006,0.0,0.0,4.979629799166857,26.735461794134707,0,25,11350,7.472820301000653,,,
monitor_only,455,0.5676257534406863,0.006798111231451132,0.0,0.0,4.065736942200184,25.82156893716803,0,25,11375,3.26680472205279,,,
monitor_only,456,0.5676089703707605,0.006881370417589738,0.0,0.0,1.9600910264987839,23.715923021466633,0,25,11400,1.369613249300601,,,
monitor_only,457,0.5676698360484235,0.006671413230815548,0.0,0.0,1.7543842738715032,23.51021626883935,0,25,11425,1.1959754158999467,,,
monitor_only,458,0.5676495748777893,0.006615050544446777,0.0,0.0,3.3714525932339416,25.12728458820179,0,25,11450,3.5844281485125924,,,
monitor_only,459,0.5677161467818902,0.006546068331189536,0.0,0.0,3.131469231503294,24.887301226471145,0,25,11475,3.638222511673841,,,
monitor_only,460,0.5676885771694551,0.006654698402958625,0.0,0.0,2.1964465017712733,23.952278496739122,0,25,11500,1.2487417463578239,,,
monitor_only,461,0.5677345748269123,0.006610325234294612,0.0,0.0,4.188877891351633,25.944709886319483,0,25,11525,4.129133993347196,,,
monitor_only,462,0.5677060909064153,0.006565860772454024,0.0,0.0,3.6311876139954506,25.3870196089633,0,25,11550,3.7999278874143343,,,
monitor_only,463,0.5675885830362285,0.006871100336943603,0.0,0.0,2.764602944276266,24.520434939244115,0,25,11575,3.6848462789629264,,,
monitor_only,464,0.5676619457355667,0.006707863489411214,0.0,0.0,2.6121953084508513,24.3680273034187,0,25,11600,3.613695279469979,,,
monitor_only,465,0.5678524357786512,0.0063598542143087355,0.0,0.0,2.636811334543525,24.392643329511372,0,25,11625,2.9742958948693103,,,
monitor_only,466,0.5676963683282189,0.006780586161908797,0.0,0.0,3.8570853121673165,25.612917307135167,0,25,11650,3.704070901435551,,,
monitor_only,467,0.5676456457606532,0.0068630753266955,0.0,0.0,1.949845697144631,23.70567769211248,0,25,11675,1.6384316705665694,,,
monitor_only,468,0.5676992536930172,0.006752263683336923,0.0,0.0,2.7940224136877005,24.54985440865555,0,25,11700,0.9459092000863706,,,
monitor_only,469,0.5677229867314051,0.006749022911954117,0.0,0.0,2.134267807963716,23.890099802931566,0,25,11725,1.1547244410899635,,,
monitor_only,470,0.5678500206296999,0.00645543987597097,0.0,0.0,4.297638604389953,26.0534705993578,0,25,11750,3.8203036001334953,,,
monitor_only,471,0.5678198460567523,0.006610263211648482,0.0,0.0,2.9804573409484965,24.736289335916346,0,25,11775,1.2054835227797949,,,
monitor_only,472,0.5677277546200328,0.006802003569282178,0.0,0.0,3.3625716476341743,25.118403642602022,0,25,11800,3.5331573389629187,,,
monitor_only,473,0.5677260738140921,0.006727495051232046,0.0,0.0,2.833257902041532,24.58908989700938,0,25,11825,3.62851118687889,,,
monitor_only,474,0.5677858094229212,0.00667863993577944,0.0,0.0,2.921600545360773,24.677432540328624,0,25,11850,3.476627273841362,,,
monitor_only,475,0.5676938843848562,0.006883960370956288,0.0,0.0,3.5016337309426646,25.257465725910514,0,25,11875,3.512539450938015,,,
monitor_only,476,0.5678809332794209,0.006623259213363264,0.0,0.0,2.0626252678120327,23.81845726277988,0,25,11900,1.0286659225253745,,,
monitor_only,477,0.5678316595368069,0.006618383462072885,0.0,0.0,2.4216311961558534,24.177463191123703,0,25,11925,1.0545912976149983,,,
monitor_only,478,0.5680034004785596,0.006315975220453907,0.0,0.0,3.676112835608786,25.431944830576636,0,25,11950,3.890910412210112,,,
monitor_only,479,0.5678817983681936,0.006464288913576199,0.0,0.0,5.912671538755669,27.668503533723516,0,25,11975,7.253633341176323,,,
monitor_only,480,0.567939300615349,0.006262840612582532,0.0,0.0,3.657019484013216,25.412851478981064,0,25,12000,2.859214712418672,,,
monitor_only,481,0.5678155972948742,0.006529465093957021,0.0,0.0,4.903361582117282,26.65919357708513,0,25,12025,6.466736607535713,,,
monitor_only,482,0.5676099462846445,0.006917868737525867,0.0,0.0,3.9365288290581617,25.69236082402601,0,25,12050,3.6919931479138235,,,
monitor_only,483,0.5676907044415018,0.00684535597054492,0.0,0.0,1.928951366690658,23.684783361658507,0,25,12075,1.0177067516206322,,,
monitor_only,484,0.5675934751009256,0.007004404305624989,0.0,0.0,3.9505244400326722,25.706356435000522,0,25,12100,2.9079661058581894,,,
monitor_only,485,0.567637777938972,0.006839124452795775,0.0,0.0,4.187433517824375,25.943265512792223,0,25,12125,3.712432961720026,,,
monitor_only,486,0.5676056229642389,0.006967346153731291,0.0,0.0,3.6922157474969914,25.44804774246484,0,25,12150,3.6833878553952184,,,
monitor_only,487,0.5676703576987133,0.006853388427688456,0.0,0.0,4.550895028429681,26.30672702339753,0,25,12175,3.385677060331976,,,
monitor_only,488,0.5677663178969882,0.006683143978127082,0.0,0.0,3.4191135830088966,25.174945577976747,0,25,12200,3.809277636414694,,,
monitor_only,489,0.5677230129393857,0.00677769821417229,0.0,0.0,2.6179925252021223,24.373824520169972,0,25,12225,1.3202812701849962,,,
monitor_only,490,0.5677890365568853,0.006580286986191952,0.0,0.0,1.8540913998878408,23.60992339485569,0,25,12250,1.4495081586218126,,,
monitor_only,491,0.5678456759598715,0.006485593382832389,0.0,0.0,4.149033226630693,25.90486522159854,0,25,12275,3.7518189155738804,,,
monitor_only,492,0.5677558893288914,0.00678756753397225,0.0,0.0,2.7907268809850385,24.546558875952886,0,25,12300,1.2006016335266276,,,
monitor_only,493,0.5679399670844887,0.006458165258431348,0.0,0.0,3.0690935059701423,24.82492550093799,0,25,12325,3.3443054193152566,,,
monitor_only,494,0.5678155701427193,0.00654366671579365,0.0,0.0,3.3437778247480647,25.099609819715916,0,25,12350,3.5394914811729152,,,
monitor_only,495,0.5679107932661464,0.006312723171470913,0.0,0.0,3.976556207319339,25.73238820228719,0,25,12375,3.4889791040118605,,,
monitor_only,496,0.5679450134014583,0.006289423799375693,0.0,0.0,4.350765498505221,26.10659749347307,0,25,12400,4.095968835449715,,,
monitor_only,497,0.5677500290073358,0.006706427426325878,0.0,0.0,3.7898679295422655,25.545699924510114,0,25,12425,3.6584506797066565,,,
monitor_only,498,0.5677399394849764,0.006660173845164374,0.0,0.0,2.458814346654071,24.214646341621922,0,25,12450,1.3753479147817451,,,
monitor_only,499,0.5677223307161504,0.006725836756725778,0.0,0.0,2.8921608303470827,24.647992825314933,0,25,12475,1.0398553599576061,,,
monitor_only,500,0.567725336266853,0.006638164974436922,0.0,0.0,3.2683751819909905,25.02420717695884,0,25,12500,3.37924353740026,,,
monitor_only,501,0.5676991844366728,0.006623371536346179,0.0,0.0,3.239903647779079,24.99573564274693,0,25,12525,3.4638600654530323,,,
monitor_only,502,0.5676073150183794,0.0068931209115701275,0.0,0.0,2.6478618992348206,24.403693894202668,0,25,12550,0.8440658820544066,,,
monitor_only,503,0.567623081700718,0.006751379734114216,0.0,0.0,1.943654592927393,23.699486587895244,0,25,12575,1.240570648442754,,,
monitor_only,504,0.5676270262637774,0.006791932155736258,0.0,0.0,3.9025933270272932,25.658425321995143,0,25,12600,3.1920737520706726,,,
monitor_only,505,0.5676641432155645,0.006652906308443396,0.0,0.0,1.8995448811322717,23.65537687610012,0,25,12625,1.4734335870090858,,,
monitor_only,506,0.5675649446159219,0.006807238604300436,0.0,0.0,3.0932398423787646,24.849071837346614,0,25,12650,3.6058459560514566,,,
monitor_only,507,0.567477144762643,0.006850719367121227,0.0,0.0,2.097502481862882,23.85333447683073,0,25,12675,1.2057908942962068,,,
monitor_only,508,0.5675069245029629,0.006768825673521994,0.0,0.0,1.8875915533708172,23.643423548338667,0,25,12700,1.3633151436091253,,,
monitor_only,509,0.5676123464071988,0.006579421519371187,0.0,0.0,3.1513922944612722,24.90722428942912,0,25,12725,3.3276094494240396,,,
monitor_only,510,0.5676689944518303,0.0063676730722406205,0.0,0.0,3.799420919331326,25.555252914299174,0,25,12750,3.7199769776668927,,,
monitor_only,511,0.5675986395185243,0.006381929580939527,0.0,0.0,3.0664540799808733,24.82228607494872,0,25,12775,3.7061662055385813,,,
monitor_only,512,0.5674766550567013,0.006683112820543569,0.0,0.0,3.9577327892545573,25.713564784222406,0,25,12800,3.1778506251691963,,,
monitor_only,513,0.5675583263071682,0.006657872216062843,0.0,0.0,3.6933104562656,25.44914245123345,0,25,12825,3.4928057953765976,,,
monitor_only,514,0.5674848270529027,0.0068622680853474005,0.0,0.0,1.6975863707089431,23.453418365676793,0,25,12850,1.091413287572191,,,
monitor_only,515,0.5676921349493176,0.006302072808963999,0.0,0.0,2.478339521596411,24.23417151656426,0,25,12875,1.381877781153668,,,
monitor_only,516,0.5676472068093776,0.006399490128674135,0.0,0.0,2.3860147759209838,24.141846770888833,0,25,12900,1.2329193776326381,,,
monitor_only,517,0.5677724836545037,0.0060658930049138915,0.0,0.0,1.9324608053356953,23.688292800303543,0,25,12925,1.1722915655484194,,,
monitor_only,518,0.5676420905422791,0.006437284998962345,0.0,0.0,2.0814356202738846,23.837267615241736,0,25,12950,1.1570588717130372,,,
monitor_only,519,0.5675942144060575,0.006605639099004024,0.0,0.0,5.050720280736583,26.806552275704433,0,25,12975,6.560938946653355,,,
monitor_only,520,0.5675782342401985,0.006453301128632294,0.0,0.0,2.103228223921996,23.859060218889844,0,25,13000,1.2466562470489058,,,
monitor_only,521,0.5677361666010469,0.006154700493230858,0.0,0.0,2.1149870949790075,23.870819089946856,0,25,13025,1.2941735566397683,,,
monitor_only,522,0.5679169609041601,0.005758886529779406,0.0,0.0,1.9545272613343347,23.710359256302183,0,25,13050,1.3041495824443243,,,
monitor_only,523,0.5680814650226945,0.005405364873238283,0.0,0.0,3.41086420391624,25.16669619888409,0,25,13075,3.4558467291643615,,,
monitor_only,524,0.5679934598679017,0.005610095982340524,0.0,0.0,1.962259514071186,23.718091509039034,0,25,13100,1.143831704740229,,,
monitor_only,525,0.5680502645852783,0.0054006951909928436,0.0,0.0,3.639846959077875,25.395678954045724,0,25,13125,3.637755789963639,,,
monitor_only,526,0.567839485795844,0.005823385032674544,0.0,0.0,5.573188741514434,27.329020736482285,0,25,13150,6.630032025230806,,,
monitor_only,527,0.5676791471156514,0.00602875162847516,0.0,0.0,2.3360415661170078,24.091873561084856,0,25,13175,1.0466661144991252,,,
monitor_only,528,0.5677047600394953,0.006116574734231994,0.0,0.0,2.6699743294121516,24.42580632438,0,25,13200,1.323897202820134,,,
monitor_only,529,0.5677308972472551,0.006096427856053355,0.0,0.0,1.8702285938247805,23.62606058879263,0,25,13225,1.1741748464183044,,,
monitor_only,530,0.5677732923665779,0.00600037934709452,0.0,0.0,1.992655205560036,23.748487200527887,0,25,13250,1.0203673000575408,,,
monitor_only,531,0.5676610677635465,0.006193690342268243,0.0,0.0,3.824458312720402,25.58029030768825,0,25,13275,3.3041939211079985,,,
monitor_only,532,0.567831059411087,0.005831175282921097,0.0,0.0,1.7372419042354432,23.493073899203292,0,25,13300,1.3194719707042084,,,
monitor_only,533,0.5679193217453523,0.005689147362358926,0.0,0.0,3.727753888115602,25.48358588308345,0,25,13325,3.4220401348984653,,,
monitor_only,534,0.5678606620353615,0.005684845658231574,0.0,0.0,3.8513248376426388,25.60715683261049,0,25,13350,3.6531064063082397,,,
monitor_only,535,0.5677559345898789,0.005940190147114666,0.0,0.0,2.2368424360854795,23.992674431053327,0,25,13375,1.3040472515927013,,,
monitor_only,536,0.5679473933995772,0.005588832578135916,0.0,0.0,2.431134867649559,24.186966862617407,0,25,13400,1.3225715642129707,,,
monitor_only,537,0.5678667727191835,0.005725365793499804,0.0,0.0,3.958774646361727,25.714606641329574,0,25,13425,3.289493595898702,,,
monitor_only,538,0.567799500743665,0.005760784760655446,0.0,0.0,4.0955597561338095,25.85139175110166,0,25,13450,3.623401708215831,,,
monitor_only,539,0.5678112662524099,0.005750217579062911,0.0,0.0,3.39385810100762,25.14969009597547,0,25,13475,3.387255803142656,,,
monitor_only,540,0.5679749433312815,0.005434884674309415,0.0,0.0,2.2322445326343243,23.988076527602175,0,25,13500,1.067712447863184,,,
monitor_only,541,0.567893612356225,0.00553632124447434,0.0,0.0,2.238158250535934,23.993990245503785,0,25,13525,0.9614709586792152,,,
monitor_only,542,0.5681069521466112,0.005139237901697236,0.0,0.0,3.376680317997419,25.132512312965268,0,25,13550,3.090760587061278,,,
monitor_only,543,0.5682329283624311,0.004921570763243843,0.0,0.0,3.7831045106144834,25.53893650558233,0,25,13575,3.626409547325901,,,
monitor_only,544,0.5683497207044974,0.004826351180377775,0.0,0.0,3.900219453935,25.65605144890285,0,25,13600,3.151703837243348,,,
monitor_only,545,0.568566849081983,0.004531328163981718,0.0,0.0,3.0303170673634465,24.786149062331297,0,25,13625,3.374357712246368,,,
monitor_only,546,0.5685312674462476,0.004547998229311845,0.0,0.0,4.3597609338048775,26.115592928772728,0,25,13650,3.5099863227074195,,,
monitor_only,547,0.5686792125774393,0.004363384278037397,0.0,0.0,2.318517582522367,24.074349577490217,0,25,13675,1.167785325699105,,,
monitor_only,548,0.5685660017340113,0.004534584636097794,0.0,0.0,2.135859529858496,23.891691524826346,0,25,13700,1.3211821174315952,,,
monitor_only,549,0.5686622959561372,0.004453699242633724,0.0,0.0,2.4473036757085764,24.203135670676424,0,25,13725,0.9674121830030069,,,
monitor_only,550,0.5686274704613189,0.004403651549107268,0.0,0.0,1.9873095750634515,23.7431415700313,0,25,13750,1.0529227673681774,,,
monitor_only,551,0.5686521184057675,0.004400510714741457,0.0,0.0,3.735750323197521,25.49158231816537,0,25,13775,3.250100944744139,,,
monitor_only,552,0.5687299130497754,0.004304100711727266,0.0,0.0,2.8867501373144497,24.6425821322823,0,25,13800,3.152554661473654,,,
monitor_only,553,0.5687971472000942,0.004103485515148497,0.0,0.0,1.851225838719916,23.607057833687765,0,25,13825,1.1346260503048204,,,
monitor_only,554,0.5688607680139313,0.004046515423936858,0.0,0.0,2.324697692424416,24.080529687392264,0,25,13850,1.2968753650783649,,,
monitor_only,555,0.5689991703622539,0.0038140704569114003,0.0,0.0,2.0422655061406996,23.79809750110855,0,25,13875,1.252501027795983,,,
monitor_only,556,0.569007182167743,0.0038241084588499508,0.0,0.0,2.112379496113904,23.86821149108175,0,25,13900,1.1152185521775597,,,
monitor_only,557,0.5690795138592233,0.003724123184731365,0.0,0.0,2.1500999978998183,23.905931992867668,0,25,13925,1.371754801153289,,,
monitor_only,558,0.569191538140485,0.0035332640730091347,0.0,0.0,1.9130694609038637,23.668901455871712,0,25,13950,0.9535430588925443,,,
monitor_only,559,0.5693804556553822,0.003309128872842404,0.0,0.0,4.154341112183806,25.910173107151657,0,25,13975,3.4779108371892247,,,
monitor_only,560,0.5692187802384062,0.003461024204448493,0.0,0.0,4.05589441406498,25.81172640903283,0,25,14000,3.5343883919710586,,,
monitor_only,561,0.5692441464221923,0.0033735060306978593,0.0,0.0,5.231672643568844,26.98750463853669,0,25,14025,8.066624423117867,,,
monitor_only,562,0.5694326051641279,0.003179879783495987,0.0,0.0,2.7888503270634746,24.544682322031324,0,25,14050,1.6049326349182107,,,
monitor_only,563,0.5695565668563813,0.002926238793630853,0.0,0.0,2.109047924643293,23.86487991961114,0,25,14075,1.3446259155192422,,,
monitor_only,564,0.5694593441468567,0.003045559343990867,0.0,0.0,4.2563794944047455,26.012211489372596,0,25,14100,3.3546405661985514,,,
monitor_only,565,0.5695487299754779,0.0029649834970087996,0.0,0.0,3.1300875044510965,24.885919499418947,0,25,14125,1.1876861335675568,,,
monitor_only,566,0.5695998737153902,0.0029068627895966204,0.0,0.0,3.166157853598929,24.921989848566778,0,25,14150,3.5998241337399133,,,
monitor_only,567,0.5696847547141596,0.0028546062038942166,0.0,0.0,2.771212055614412,24.527044050582262,0,25,14175,3.1433208707279108,,,
monitor_only,568,0.5699908185484769,0.0025739159149404944,0.0,0.0,7.164458906287876,28.920290901255726,0,25,14200,11.45060229449693,,,
monitor_only,569,0.569868840487864,0.002611079421473872,0.0,0.0,2.7214818759186645,24.477313870886512,0,25,14225,1.510307288022962,,,
monitor_only,570,0.5696940693904028,0.0028471179115453493,0.0,0.0,2.0928907595597948,23.848722754527643,0,25,14250,1.3405173848454437,,,
monitor_only,571,0.5697695000867289,0.002748435156746498,0.0,0.0,2.107694498065301,23.86352649303315,0,25,14275,1.4483726498449168,,,
monitor_only,572,0.5697816796711862,0.002760132349078237,0.0,0.0,5.621323705229338,27.377155700197186,0,25,14300,6.423737273663885,,,
monitor_only,573,0.5696625660446469,0.002982833109516747,0.0,0.0,2.016662763911661,23.77249475887951,0,25,14325,1.4228570303313708,,,
monitor_only,574,0.5700462197780177,0.0024596092453273988,0.0,0.0,1.3628304145926926,23.118662409560542,0,25,14350,0.41744850328465993,,,
monitor_only,575,0.5699061610330529,0.0026698413991602665,0.0,0.0,5.943735130497663,27.699567125465514,0,25,14375,7.484140893465365,,,
monitor_only,576,0.5698477439123141,0.0027041860625151015,0.0,0.0,2.63403978546825,24.3898717804361,0,25,14400,1.2105932003087114,,,
monitor_only,577,0.5698314995702831,0.002745480151772006,0.0,0.0,3.3358443553907056,25.091676350358554,0,25,14425,3.467651489800079,,,
monitor_only,578,0.5697597182113707,0.0028615671107490304,0.0,0.0,4.0006676172789,25.75649961224675,0,25,14450,2.97840525240365,,,
monitor_only,579,0.5698405599561793,0.0028416073428995103,0.0,0.0,2.3802486314729507,24.1360806264408,0,25,14475,1.2926583736886317,,,
monitor_only,580,0.5697613812206967,0.0029586125771692284,0.0,0.0,3.9890967582372587,25.74492875320511,0,25,14500,3.3309358741339525,,,
monitor_only,581,0.5698594424802712,0.002783954492329155,0.0,0.0,3.307186777407154,25.063018772375003,0,25,14525,3.972485786164736,,,
monitor_only,582,0.5699442975382694,0.0026561135171420114,0.0,0.0,4.293966556309974,26.049798551277824,0,25,14550,3.7624202897627024,,,
monitor_only,583,0.5700173442532991,0.002558199803193162,0.0,0.0,4.128724282708943,25.884556277676793,0,25,14575,3.0902232549600748,,,
monitor_only,584,0.5702240382967684,0.0025054320332750235,0.0,0.0,2.5543760497733015,24.310208044741152,0,25,14600,1.4585107563121549,,,
monitor_only,585,0.5701753954599396,0.0024593623040207735,0.0,0.0,3.8803464729581822,25.63617846792603,0,25,14625,3.8920666706288762,,,
monitor_only,586,0.5704925052430617,0.0028916662163884777,0.0,0.0,2.7404353437315376,24.496267338699386,0,25,14650,1.282972920871385,,,
monitor_only,587,0.5705488743122552,0.0026261597945451687,0.0,0.0,2.864435191409736,24.620267186377585,0,25,14675,1.4420605561902975,,,
monitor_only,588,0.5706324439141264,0.0026176923545916386,0.0,0.0,1.8413909604985423,23.597222955466393,0,25,14700,1.2435276315509158,,,
monitor_only,589,0.5705490356466696,0.0026621110610955956,0.0,0.0,2.569471691877851,24.3253036868457,0,25,14725,0.9630516284405802,,,
monitor_only,590,0.5705666373296019,0.0026293100631837873,0.0,0.0,4.149097782342438,25.904929777310286,0,25,14750,3.556031297172996,,,
monitor_only,591,0.5707249360776913,0.002691037542859376,0.0,0.0,2.2759748937133297,24.031806888681178,0,25,14775,1.2165399498249632,,,
monitor_only,592,0.5708714248401242,0.00326579114047143,0.0,0.0,2.467522508329892,24.22335450329774,0,25,14800,1.2334023504058298,,,
monitor_only,593,0.5710162346805883,0.0029817073107002434,0.0,0.0,3.38960973654692,25.14544173151477,0,25,14825,3.1596901048011476,,,
monitor_only,594,0.5710120439636456,0.003120410373933735,0.0,0.0,2.1536874154187067,23.909519410386554,0,25,14850,1.2147052175021398,,,
monitor_only,595,0.5710568653153556,0.0033341727596954973,0.0,0.0,2.5989947024938695,24.354826697461718,0,25,14875,1.113857929248927,,,
monitor_only,596,0.5709848285348942,0.003189143874535727,0.0,0.0,4.026869272985021,25.78270126795287,0,25,14900,3.1213313492585226,,,
monitor_only,597,0.5709897468250487,0.003229138206118365,0.0,0.0,5.940083693726134,27.695915688693983,0,25,14925,7.1608035714707166,,,
monitor_only,598,0.5707623192096508,0.0030621845110154755,0.0,0.0,2.7822961871337757,24.538128182101623,0,25,14950,1.2368207332806778,,,
monitor_only,599,0.5705474808979186,0.0025564896119740776,0.0,0.0,2.7196334716869734,24.47546546665482,0,25,14975,1.2850616013509029,,,
monitor_only,600,0.5706441380097543,0.0025040102243371054,0.0,0.0,2.4659482684270233,24.221780263394873,0,25,15000,1.2329290613198185,,,
monitor_only,601,0.5713228107229898,0.0062316298550991744,0.9,0.0,4.14934181677593,25.90517381174378,0,25,15025,2.9945275820173145,,,
monitor_only,602,0.5716319937937636,0.014680854399685472,0.9,0.0,2.706978676969093,24.462810671936943,0,25,15050,2.904810579651292,,,
monitor_only,603,0.5717222844599683,0.022728370185896574,0.9,0.0,3.5158572979634153,25.271689292931264,0,25,15075,5.5379805722825095,,,
monitor_only,604,0.5716172661960001,0.03137946524412283,0.9,0.0,1.8980824619263732,23.65391445689422,0,25,15100,4.831372778012456,,,
monitor_only,605,0.571572708591881,0.04055140495848075,0.9,0.0,2.8028859450920316,24.558717940059882,0,25,15125,6.603105025097016,,,
monitor_only,606,0.571172334682407,0.050142728629535394,0.9,0.0,3.71086994466719,25.46670193963504,0,25,15150,7.156684300155292,,,
monitor_only,607,0.5707925059707406,0.05918738617633135,0.9,0.0,3.2421691395374164,24.998001134505266,0,25,15175,2.833018856463551,,,
monitor_only,608,0.5702429289540115,0.0686923271501041,0.9,0.0,2.582556906189655,24.338388901157504,0,25,15200,6.6822851146059135,,,
monitor_only,609,0.5697287863821507,0.07829623617049919,0.9,0.0,4.101468794839194,25.85730078980704,0,25,15225,11.766778135234146,,,
monitor_only,610,0.5688654463897174,0.08692937034911641,0.9,0.0,2.2758999744269883,24.031731969394837,0,25,15250,5.376305056667078,,,
monitor_only,611,0.5681256430243083,0.09591090789529999,0.9,0.0,2.8680667533660755,24.623898748333925,0,25,15275,10.464681375491448,,,
monitor_only,612,0.5673707145637804,0.10535246901329332,0.9,0.0,2.194413764681358,23.950245759649206,0,25,15300,4.832641201312496,,,
monitor_only,613,0.5665537385352248,0.11469580087197107,0.9,0.0,4.950457823730596,26.706289818698444,0,25,15325,23.898429672624257,,,
monitor_only,614,0.5656931473632106,0.12383920368981027,0.9,0.0,3.8218436158589397,25.577675610826788,0,25,15350,4.508747319441276,,,
monitor_only,615,0.5647343104486121,0.1330223183353324,0.9,0.0,2.428048574254028,24.183880569221877,0,25,15375,2.6364073583020473,,,
monitor_only,616,0.5640454379637705,0.14222725479379494,0.9,0.0,5.234432594159788,26.990264589127637,0,25,15400,5.823126366388236,,,
monitor_only,617,0.5628304818218937,0.15206251606095456,0.9,0.0,3.6658332110452734,25.421665206013124,0,25,15425,5.63987707414483,,,
monitor_only,618,0.5619353450012394,0.16129630215703028,0.9,0.0,2.794984693667309,24.55081668863516,0,25,15450,5.677572020778003,,,
monitor_only,619,0.561106875924904,0.1704818997778874,0.9,0.0,4.373987904667296,26.129819899635145,0,25,15475,10.333392729863718,,,
monitor_only,620,0.5603719195341418,0.17978278235777023,0.9,0.0,3.0282631040033277,24.78409509897118,0,25,15500,5.2750074253737615,,,
monitor_only,621,0.5596052770171419,0.1897479037737091,0.9,0.0,2.692692714263918,24.448524709231766,0,25,15525,6.767776853269623,,,
monitor_only,622,0.5586443976069839,0.19942521347575226,0.9,0.0,3.556612664461172,25.312444659429023,0,25,15550,9.98453701433564,,,
monitor_only,623,0.5575408946338711,0.2090465293958128,0.9,0.0,2.8098711232207325,24.56570311818858,0,25,15575,3.0684347280361286,,,
monitor_only,624,0.5566276416646155,0.21845609251367326,0.9,0.0,1.8128850134711467,23.568717008438995,0,25,15600,5.797961975552057,,,
monitor_only,625,0.5558167042312004,0.22854897129180263,0.9,0.0,2.4974391095045627,24.25327110447241,0,25,15625,9.199932270631724,,,
monitor_only,626,0.5548941671509148,0.23829876181038234,0.9,0.0,4.266525743215865,26.022357738183715,0,25,15650,4.435855034584015,,,
monitor_only,627,0.5537251785091448,0.24819382333481066,0.9,0.0,4.011551698170241,25.76738369313809,0,25,15675,16.130677609207055,,,
monitor_only,628,0.5528056087565077,0.25801051663467,0.9,0.0,2.130992624402903,23.886824619370753,0,25,15700,10.727391539186902,,,
monitor_only,629,0.5521901718625376,0.2678480067607817,0.9,0.0,4.95275393355248,26.70858592852033,0,25,15725,11.390658679398713,,,
monitor_only,630,0.5514801286515034,0.27778547324911296,0.9,0.0,4.730111758875409,26.48594375384326,0,25,15750,9.444409168794277,,,
monitor_only,631,0.5507305289936726,0.2873477481671557,0.9,0.0,3.688680676549879,25.444512671517728,0,25,15775,5.234888894898583,,,
monitor_only,632,0.5501855598266882,0.29713255891132995,0.9,0.0,4.160519175101166,25.916351170069014,0,25,15800,17.3129488384475,,,
monitor_only,633,0.5494756807650611,0.3066117304643009,0.9,0.0,3.2732179831402557,25.029049978108105,0,25,15825,3.2518636176908515,,,
monitor_only,634,0.5487095405879664,0.31648168033795376,0.9,0.0,2.065695429677689,23.821527424645538,0,25,15850,4.9008262422766595,,,
monitor_only,635,0.5483697959324308,0.3256002308031889,0.9,0.0,1.8515468982123464,23.607378893180197,0,25,15875,2.8243506644773,,,
monitor_only,636,0.547706169131228,0.33557008492851825,0.9,0.0,6.207404028916332,27.963236023884182,0,25,15900,7.455903608546274,,,
monitor_only,637,0.5471903570466238,0.34487776093729994,0.9,0.0,2.884603092708701,24.64043508767655,0,25,15925,2.9024198184392587,,,
monitor_only,638,0.5467972498804514,0.3543202483124187,0.9,0.0,4.415497142494667,26.171329137462514,0,25,15950,4.183956649669256,,,
monitor_only,639,0.546414362809193,0.3636230977458612,0.9,0.0,3.0299287869418805,24.78576078190973,0,25,15975,6.075798008202857,,,
monitor_only,640,0.5461486966056267,0.37260230336946343,0.9,0.0,2.152452254629949,23.9082842495978,0,25,16000,5.552474235654828,,,
monitor_only,641,0.5455950235038989,0.382553453567126,0.9,0.0,5.041849077810954,26.797681072778804,0,25,16025,16.836925854636522,,,
monitor_only,642,0.5452760230459253,0.3923236807295859,0.9,0.0,3.457498515268973,25.213330510236823,0,25,16050,6.844763141351954,,,
monitor_only,643,0.5449689165677631,0.4010213009648803,0.9,0.0,1.951643867482372,23.70747586245022,0,25,16075,5.422485156028546,,,
monitor_only,644,0.5447212609426934,0.4098822630326594,0.9,0.0,4.510760542311297,26.266592537279145,0,25,16100,5.529206548521273,,,
monitor_only,645,0.544514857260951,0.4184104791900093,0.9,0.0,3.642225192127297,25.398057187095148,0,25,16125,5.688626061361579,,,
monitor_only,646,0.544376905867632,0.4270111037923592,0.9,0.0,1.8291372122838123,23.58496920725166,0,25,16150,2.931443923855739,,,
monitor_only,647,0.5442149029735084,0.4359547736842523,0.9,0.0,3.2451799025238715,25.001011897491722,0,25,16175,11.375174517861371,,,
monitor_only,648,0.5439900052469394,0.44503864862989406,0.9,0.0,5.608273476589649,27.364105471557497,0,25,16200,9.45608159960579,,,
monitor_only,649,0.5436982945284333,0.45383708746450957,0.9,0.0,2.800877565796147,24.556709560763995,0,25,16225,5.760987085906075,,,
monitor_only,650,0.543572824038909,0.4622152609749677,0.9,0.0,3.9226975332919674,25.678529528259816,0,25,16250,9.066358356337373,,,
monitor_only,651,0.5435206009079544,0.4706940391338902,0.9,0.0,2.912160706886429,24.667992701854278,0,25,16275,9.821491823485802,,,
monitor_only,652,0.5434592056961711,0.4793136568405524,0.9,0.0,3.4947388697089905,25.25057086467684,0,25,16300,6.3869785768741,,,
monitor_only,653,0.543151402158084,0.48897320223582863,0.9,0.0,2.5916736561262748,24.347505651094124,0,25,16325,3.4030484772504384,,,
monitor_only,654,0.5429694012192843,0.49786842222308414,0.9,0.0,2.349808304969178,24.105640299937026,0,25,16350,10.67694168960512,,,
monitor_only,655,0.542742110175663,0.507389540204445,0.9,0.0,2.9198967640194735,24.675728758987322,0,25,16375,3.400446057291322,,,
monitor_only,656,0.5426349155075479,0.5160696836439597,0.9,0.0,4.234598252190276,25.990430247158123,0,25,16400,5.409634545633313,,,
monitor_only,657,0.5424773856928692,0.5249172049844867,0.9,0.0,4.076746691939543,25.832578686907393,0,25,16425,5.957360319618886,,,
monitor_only,658,0.5423539570648801,0.5334932107598838,0.9,0.0,4.318282151810706,26.074114146778555,0,25,16450,4.436989709360868,,,
monitor_only,659,0.5422894842994765,0.5423271536986116,0.9,0.0,2.3391485472944744,24.094980542262324,0,25,16475,6.785436821601681,,,
monitor_only,660,0.5422153331603935,0.5508377950471014,0.9,0.0,3.264300371473895,25.020132366441743,0,25,16500,5.420472681584567,,,
monitor_only,661,0.5421147704386874,0.5595189726734546,0.9,0.0,3.210263495014557,24.966095489982408,0,25,16525,11.105917253178323,,,
monitor_only,662,0.5420724964893716,0.5676584292942942,0.9,0.0,3.7691448791951956,25.524976874163045,0,25,16550,5.86266623431676,,,
monitor_only,663,0.5420201941158348,0.5756374645094162,0.9,0.0,3.618146819889323,25.37397881485717,0,25,16575,5.829797518065298,,,
monitor_only,664,0.5420175133476669,0.5837149648889517,0.9,0.0,6.423996129864827,28.179828124832675,0,25,16600,7.1926184219779925,,,
monitor_only,665,0.5418715502878089,0.5925378010553982,0.9,0.0,3.455161996449906,25.210993991417755,0,25,16625,3.3334827745179547,,,
monitor_only,666,0.5418318895339381,0.599986659944389,0.9,0.0,2.905290396877796,24.661122391845645,0,25,16650,5.291692533926937,,,
monitor_only,667,0.5417033265343865,0.6085746227489267,0.9,0.0,3.6841247748764787,25.43995676984433,0,25,16675,3.1873294182875576,,,
monitor_only,668,0.5417029127480476,0.6162006959680715,0.9,0.0,3.9253484669890906,25.68118046195694,0,25,16700,9.487754614502677,,,
monitor_only,669,0.5416710930141378,0.6245991750680151,0.9,0.0,3.7060998100779288,25.46193180504578,0,25,16725,6.6329509409497565,,,
monitor_only,670,0.5416561835844705,0.6326421316836729,0.9,0.0,2.9304791632393914,24.68631115820724,0,25,16750,2.797206472222887,,,
monitor_only,671,0.541452852425115,0.6413376298755094,0.9,0.0,2.9478063987637593,24.70363839373161,0,25,16775,3.68308236938565,,,
monitor_only,672,0.5414030615026242,0.6495404041276054,0.9,0.0,5.2749184358659935,27.03075043083384,0,25,16800,4.231489690924784,,,
monitor_only,673,0.5413315735841577,0.6583696803782274,0.9,0.0,2.2634220866392725,24.019254081607123,0,25,16825,6.599209088581721,,,
monitor_only,674,0.54125953503495,0.6665884693092506,0.9,0.0,1.5154768854324479,23.271308880400298,0,25,16850,5.49431509140302,,,
monitor_only,675,0.5412318547230046,0.6745670325827023,0.9,0.0,4.392154249367542,26.147986244335392,0,25,16875,6.097620790827681,,,
monitor_only,676,0.5412056381827217,0.6825617722099819,0.9,0.0,4.8052834957208574,26.561115490688707,0,25,16900,8.70910130855757,,,
monitor_only,677,0.5411450190228029,0.6909642324039375,0.9,0.0,2.470061022364819,24.22589301733267,0,25,16925,5.772189498910994,,,
monitor_only,678,0.5410691656655079,0.6990630591080659,0.9,0.0,2.8428183687512343,24.598650363719084,0,25,16950,5.368132752401862,,,
monitor_only,679,0.5410500842493299,0.7068131590783508,0.9,0.0,4.32906803655515,26.084900031523,0,25,16975,5.359582980200289,,,
monitor_only,680,0.5410353309951809,0.714861555444306,0.9,0.0,3.3040904149237194,25.05992240989157,0,25,17000,3.058481721980435,,,
monitor_only,681,0.5409617252605424,0.7233840523964337,0.9,0.0,3.715897086019605,25.471729080987455,0,25,17025,11.435172700145769,,,
monitor_only,682,0.5409678329229763,0.7309389310594133,0.9,0.0,4.964374288702823,26.72020628367067,0,25,17050,6.004418695084426,,,
monitor_only,683,0.540880842881767,0.7393495283493494,0.9,0.0,3.8340085395366668,25.589840534504518,0,25,17075,3.163399808748135,,,
monitor_only,684,0.5408731707355804,0.7472514666933581,0.9,0.0,3.743116241019542,25.498948235987392,0,25,17100,9.701695126563902,,,
monitor_only,685,0.5408336046363182,0.7552394765933167,0.9,0.0,2.758845494428329,24.514677489396178,0,25,17125,6.688774402750956,,,
monitor_only,686,0.5408327268848178,0.762916389832414,0.9,0.0,3.303982675985416,25.059814670953266,0,25,17150,6.208240846400936,,,
monitor_only,687,0.5408160777035962,0.7707365589117541,0.9,0.0,4.320492716224372,26.07632471119222,0,25,17175,11.272826901272408,,,
monitor_only,688,0.5407721307323371,0.7792159119860803,0.9,0.0,3.8428681432015313,25.59870013816938,0,25,17200,8.737852735743608,,,
monitor_only,689,0.5406801742622522,0.7872578355949765,0.9,0.0,7.056080987582734,28.811912982550584,0,25,17225,9.393894740649491,,,
monitor_only,690,0.5406643900002546,0.7948959660746866,0.9,0.0,2.1069445958611253,23.862776590828975,0,25,17250,5.814896832819049,,,
monitor_only,691,0.5406261979885493,0.8027356214103999,0.9,0.0,2.116210724651188,23.87204271961904,0,25,17275,2.7404098704604807,,,
monitor_only,692,0.5405809530508437,0.8102044294703519,0.9,0.0,3.8227349192165136,25.578566914184364,0,25,17300,9.783135456820284,,,
monitor_only,693,0.540544046183945,0.8175811444607639,0.9,0.0,5.228365588065074,26.984197583032923,0,25,17325,10.265088062137215,,,
monitor_only,694,0.5405274404559934,0.8248725836763325,0.9,0.0,5.968192810489718,27.724024805457567,0,25,17350,10.686318398556812,,,
monitor_only,695,0.5404359478910404,0.8327859599361378,0.9,0.0,3.3753397595113657,25.131171754479215,0,25,17375,5.391524196838395,,,
monitor_only,696,0.5404355114546978,0.839938591445111,0.9,0.0,3.5936003995378045,25.349432394505655,0,25,17400,3.026694877013281,,,
monitor_only,697,0.5404099986436649,0.8475111789551143,0.9,0.0,5.330044768859656,27.085876763827507,0,25,17425,10.765929012525419,,,
monitor_only,698,0.5403524723521869,0.8548458882034495,0.9,0.0,5.456063791238472,27.21189578620632,0,25,17450,10.225868979348524,,,
monitor_only,699,0.5403715576810402,0.8619735958460236,0.9,0.0,3.196813605058288,24.952645600026138,0,25,17475,5.321942112494152,,,
monitor_only,700,0.5403031534566766,0.8696232222611543,0.9,0.0,3.1870623088290175,24.942894303796866,0,25,17500,5.47916639692763,,,
monitor_only,701,0.5402830920761557,0.877464905763641,0.9,0.0,3.219180907420378,24.975012902388226,0,25,17525,10.939745712631366,,,
monitor_only,702,0.5402558958693563,0.8849482946055663,0.9,0.0,4.961741508283134,26.717573503250982,0,25,17550,10.553665051581675,,,
monitor_only,703,0.5401924678734692,0.8925522094046086,0.9,0.0,2.9993471582006155,24.755179153168463,0,25,17575,5.732490340906346,,,
monitor_only,704,0.5401072864971783,0.9008532363046367,0.9,0.0,2.2673636298914057,24.023195624859255,0,25,17600,3.375611063587293,,,
monitor_only,705,0.5400962037003522,0.9083704070182722,0.9,0.0,3.8630918205266895,25.61892381549454,0,25,17625,8.961679369461091,,,
monitor_only,706,0.5401233413851332,0.9151710343685835,0.9,0.0,2.6069952476083853,24.362827242576234,0,25,17650,5.643257743760607,,,
monitor_only,707,0.5401411879116903,0.922335625579628,0.9,0.0,4.409425589023072,26.165257583990922,0,25,17675,4.536548541245937,,,
monitor_only,708,0.5400648927503772,0.9300989245190365,0.9,0.0,6.521665361934723,28.277497356902572,0,25,17700,3.2643035958059943,,,
monitor_only,709,0.5400566084630795,0.937493041164744,0.9,0.0,3.2177677175104455,24.973599712478293,0,25,17725,9.44641757616528,,,
monitor_only,710,0.5400161077214832,0.9449727938604836,0.9,0.0,3.3982586276004,25.154090622568248,0,25,17750,3.4185596174067476,,,
monitor_only,711,0.5400563119480711,0.9522429419368629,0.9,0.0,4.429405692310516,26.185237687278367,0,25,17775,6.028927402769459,,,
monitor_only,712,0.5400686061389562,0.9592861294785379,0.9,0.0,5.157390007654044,26.913222002621893,0,25,17800,6.159589378497746,,,
monitor_only,713,0.5400178246883595,0.966533238281639,0.9,0.0,3.7907614765679427,25.546593471535793,0,25,17825,8.91144553196884,,,
monitor_only,714,0.5400088142679377,0.9737229361471316,0.9,0.0,6.807745618193789,28.563577613161637,0,25,17850,8.901794272407772,,,
monitor_only,715,0.5400107613030816,0.9805957708973412,0.9,0.0,2.8993415368976194,24.65517353186547,0,25,17875,3.1551335750948653,,,
monitor_only,716,0.5399896561178321,0.9877373673864297,0.9,0.0,7.645935132163645,29.401767127131492,0,25,17900,7.976001256829297,,,
monitor_only,717,0.5399668179852852,0.9951984662089606,0.9,0.0,4.062407631713445,25.818239626681294,0,25,17925,11.328958228622453,,,
monitor_only,718,0.5399289383045518,1.0024141887200901,0.9,0.0,3.449378799332088,25.205210794299937,0,25,17950,5.994874113889575,,,
monitor_only,719,0.5399603739010702,1.0086337200296236,0.9,0.0,3.2624269960370196,25.01825899100487,0,25,17975,9.913818918771721,,,
monitor_only,720,0.5399018738631851,1.0159077422803304,0.9,0.0,5.931529071908577,27.687361066876427,0,25,18000,10.363719101261797,,,
monitor_only,721,0.5399060681271403,1.0226144117853941,0.9,0.0,4.417774603666475,26.173606598634322,0,25,18025,5.928619264525768,,,
monitor_only,722,0.5399012404458201,1.0297597529239328,0.9,0.0,6.580634235560824,28.33646623052867,0,25,18050,17.68051998962194,,,
monitor_only,723,0.5398954249748097,1.036076658362957,0.9,0.0,2.641058243011316,24.396890237979164,0,25,18075,5.497542467804714,,,
monitor_only,724,0.5399083610604638,1.0432098496135116,0.9,0.0,7.315280113535253,29.0711121085031,0,25,18100,26.10389949239415,,,
monitor_only,725,0.5398436594175787,1.0509052145735303,0.9,0.0,6.236289444966941,27.99212143993479,0,25,18125,6.45194056818408,,,
monitor_only,726,0.5398773970431882,1.0575946719027551,0.9,0.0,3.7657332295713073,25.521565224539156,0,25,18150,3.742076666621271,,,
monitor_only,727,0.5398668790239796,1.0638863438480741,0.9,0.0,3.6205898781801844,25.376421873148033,0,25,18175,5.623672158580968,,,
monitor_only,728,0.539864036041548,1.0708420751513616,0.9,0.0,8.003716816580079,29.75954881154793,0,25,18200,9.380951893004834,,,
monitor_only,729,0.5398393569299742,1.0779379475590818,0.9,0.0,4.139578516186526,25.895410511154374,0,25,18225,5.851642211217481,,,
monitor_only,730,0.5398131443021026,1.0846911068992497,0.9,0.0,3.915154428552694,25.670986423520542,0,25,18250,5.73429082375513,,,
monitor_only,731,0.5397748996659518,1.091753095382085,0.9,0.0,4.781886139211502,26.53771813417935,0,25,18275,5.465938438366321,,,
monitor_only,732,0.539716647047472,1.0985669105348954,0.9,0.0,5.145879971908159,26.901711966876007,0,25,18300,15.551204517743585,,,
monitor_only,733,0.5397045832749083,1.1052175076583388,0.9,0.0,5.7518344482451615,27.50766644321301,0,25,18325,6.088515874851054,,,
monitor_only,734,0.5396719429241503,1.1116837147128185,0.9,0.0,2.6036806565195123,24.35951265148736,0,25,18350,5.757964217494842,,,
monitor_only,735,0.539651123096093,1.118874147669856,0.9,0.0,4.129662101240073,25.88549409620792,0,25,18375,3.0931689696255797,,,
monitor_only,736,0.539631327938793,1.1255023501279424,0.9,0.0,4.3618392736614995,26.117671268629348,0,25,18400,3.2243498723747592,,,
monitor_only,737,0.539590663805069,1.1324434209351288,0.9,0.0,3.634011981118036,25.389843976085885,0,25,18425,2.9419927256342695,,,
monitor_only,738,0.5396008220496197,1.13907910946022,0.9,0.0,2.8060016297864183,24.561833624754268,0,25,18450,6.402894012549624,,,
monitor_only,739,0.5395638301683314,1.146073774758535,0.9,0.0,7.0875105105214695,28.843342505489318,0,25,18475,17.228764080992942,,,
monitor_only,740,0.5395209764466995,1.1529469836184116,0.9,0.0,5.368262854139565,27.124094849107415,0,25,18500,10.832555591640618,,,
monitor_only,741,0.5395326507032672,1.15943232290259,0.9,0.0,7.205157263681935,28.960989258649782,0,25,18525,10.264831374302519,,,
monitor_only,742,0.5394597632753826,1.16680928528215,0.9,0.0,5.05872716703018,26.81455916199803,0,25,18550,3.399756905893391,,,
monitor_only,743,0.5394602527290813,1.1732607175215648,0.9,0.0,7.517328890383848,29.273160885351697,0,25,18575,10.676969109744235,,,
monitor_only,744,0.5394229987291689,1.1798965623559488,0.9,0.0,3.72593193431464,25.48176392928249,0,25,18600,5.854691686172784,,,
monitor_only,745,0.5393480711255487,1.1868532500778355,0.9,0.0,2.3023668386394265,24.058198833607275,0,25,18625,5.33548798577244,,,
monitor_only,746,0.5393750154746686,1.1927879510295678,0.9,0.0,4.957491281077507,26.713323276045358,0,25,18650,5.379146522946212,,,
monitor_only,747,0.5393194975304094,1.2002459533627996,0.9,0.0,6.997041605615391,28.75287360058324,0,25,18675,7.578003661720372,,,
monitor_only,748,0.5393100045271956,1.2069896859458984,0.9,0.0,5.408732217882326,27.164564212850173,0,25,18700,8.077735202200765,,,
monitor_only,749,0.539312777301727,1.2133915204712795,0.9,0.0,3.9692676354618035,25.725099630429654,0,25,18725,10.942929959241125,,,
monitor_only,750,0.5393237459049365,1.2194336717676393,0.9,0.0,4.024514475916421,25.78034647088427,0,25,18750,5.847550989120616,,,
monitor_only,751,0.5393289327015487,1.225193393111054,0.9,0.0,4.307566020662361,26.06339801563021,0,25,18775,10.246422632025109,,,
monitor_only,752,0.539349419288739,1.2313422704600119,0.9,0.0,4.265026093011867,26.020858087979718,0,25,18800,3.1818341820834846,,,
monitor_only,753,0.5393581073753614,1.237029426785281,0.9,0.0,2.6720413456283647,24.427873340596214,0,25,18825,5.03671256370574,,,
monitor_only,754,0.5394070056791961,1.2428382699669291,0.9,0.0,2.908029133984923,24.66386112895277,0,25,18850,2.781894522995164,,,
monitor_only,755,0.5394221525920315,1.2489595152063468,0.9,0.0,2.773177611391897,24.529009606359747,0,25,18875,6.614356384523069,,,
monitor_only,756,0.5394339501494733,1.2546517281765253,0.9,0.0,3.896002905618121,25.65183490058597,0,25,18900,4.9588581228216135,,,
monitor_only,757,0.5393888967991619,1.2611326041407405,0.9,0.0,3.8834223535655177,25.639254348533367,0,25,18925,5.790536482555757,,,
monitor_only,758,0.5393679036281113,1.2678794353354694,0.9,0.0,4.5063086554488825,26.262140650416733,0,25,18950,3.355023233233004,,,
monitor_only,759,0.5393387491479513,1.274616495303582,0.9,0.0,4.180227080224347,25.936059075192198,0,25,18975,9.853730388952966,,,
monitor_only,760,0.5392856594251526,1.2814875291377557,0.9,0.0,5.480509164292233,27.236341159260082,0,25,19000,11.618525128263155,,,
monitor_only,761,0.5392706147305971,1.287677617950572,0.9,0.0,5.630162139032243,27.385994134000093,0,25,19025,4.015156999533414,,,
monitor_only,762,0.539260234533774,1.2940600350772682,0.9,0.0,3.884734502567975,25.640566497535826,0,25,19050,6.601199349429473,,,
monitor_only,763,0.5392467540134073,1.3003776634496151,0.9,0.0,2.5949935356573812,24.35082553062523,0,25,19075,2.913667091259832,,,
monitor_only,764,0.5392398844544896,1.3060100721560732,0.9,0.0,4.461108763100743,26.216940758068592,0,25,19100,9.627690851564749,,,
monitor_only,765,0.5392059673071912,1.3121808078952497,0.9,0.0,2.9618332947971036,24.717665289764952,0,25,19125,6.139830840716399,,,
monitor_only,766,0.5391959856219554,1.318618534952423,0.9,0.0,3.544169913940357,25.300001908908207,0,25,19150,3.0335587350967006,,,
monitor_only,767,0.5391933720305094,1.3248455764438718,0.9,0.0,3.0676344734860144,24.823466468453862,0,25,19175,5.345976657832576,,,
monitor_only,768,0.5392547024433539,1.3298618916398035,0.9,0.0,2.8972437002856806,24.65307569525353,0,25,19200,5.771682492517742,,,
monitor_only,769,0.5391968216090645,1.3362145562702556,0.9,0.0,4.3642878487729675,26.120119843740817,0,25,19225,10.034209502310292,,,
monitor_only,770,0.5391820482299383,1.3424262625377725,0.9,0.0,2.9208646855758875,24.676696680543735,0,25,19250,6.199833772479146,,,
monitor_only,771,0.5391578808140518,1.3484348163994837,0.9,0.0,2.9150878391266084,24.67091983409446,0,25,19275,5.675024763533337,,,
monitor_only,772,0.539189694927402,1.3541664008769239,0.9,0.0,5.448322622170036,27.204154617137885,0,25,19300,10.489984743910151,,,
monitor_only,773,0.5391698438520829,1.3605731002271577,0.9,0.0,5.681990538288403,27.437822533256252,0,25,19325,8.98132609109748,,,
monitor_only,774,0.5391648158520327,1.3666387268236737,0.9,0.0,2.9660119545798875,24.721843949547736,0,25,19350,5.535023941391271,,,
monitor_only,775,0.5391661105981226,1.3724775442460335,0.9,0.0,2.9788679725394265,24.734699967507275,0,25,19375,6.179786584640418,,,
monitor_only,776,0.5391475525113606,1.3789449935797755,0.9,0.0,4.355730331263744,26.111562326231592,0,25,19400,3.159009163082077,,,
monitor_only,777,0.5391326007795358,1.3848710231850405,0.9,0.0,2.8643013967425723,24.62013339171042,0,25,19425,2.907030419029726,,,
monitor_only,778,0.5391405512856132,1.3908634524432322,0.9,0.0,4.236980428881834,25.992812423849685,0,25,19450,3.069347208255012,,,
monitor_only,779,0.539159400718261,1.3964678092784661,0.9,0.0,2.915622032336986,24.671454027304836,0,25,19475,2.831889613228372,,,
monitor_only,780,0.5391544348181627,1.4026449006742114,0.9,0.0,2.8596219068894646,24.615453901857315,0,25,19500,6.552125065128645,,,
monitor_only,781,0.5391393020168372,1.408415305784763,0.9,0.0,4.347209484187268,26.103041479155117,0,25,19525,5.9590749466645185,,,
monitor_only,782,0.5391082878921253,1.4147431571357825,0.9,0.0,4.58182312749617,26.33765512246402,0,25,19550,17.21862784423565,,,
monitor_only,783,0.5391311926854255,1.4200693331808578,0.9,0.0,4.3431465605519515,26.0989785555198,0,25,19575,10.035721939647376,,,
monitor_only,784,0.5391176786624672,1.4262895144441572,0.9,0.0,3.7575848929012836,25.513416887869134,0,25,19600,5.504698150456882,,,
monitor_only,785,0.5391177795089126,1.4322461126754313,0.9,0.0,5.9977612633548025,27.753593258322653,0,25,19625,6.548151320995166,,,
monitor_only,786,0.5391033689486138,1.438069777927038,0.9,0.0,3.2063664445241944,24.96219843949204,0,25,19650,6.305617089956707,,,
monitor_only,787,0.5390463513904772,1.444515773746274,0.9,0.0,4.591441250318086,26.347273245285933,0,25,19675,6.183490457171259,,,
monitor_only,788,0.5390331794721621,1.450459122158339,0.9,0.0,5.814896357183538,27.570728352151388,0,25,19700,10.564750007085115,,,
monitor_only,789,0.5390560788728664,1.4555671449699963,0.9,0.0,2.9373782013021392,24.693210196269987,0,25,19725,5.931353357326755,,,
monitor_only,790,0.5390474889304033,1.4616622041850942,0.9,0.0,3.617193280671546,25.373025275639396,0,25,19750,7.260627458439237,,,
monitor_only,791,0.5390808163440319,1.4667168709200258,0.9,0.0,4.613940292753864,26.369772287721712,0,25,19775,4.740368528399496,,,
monitor_only,792,0.5390558900430511,1.4729610817209668,0.9,0.0,3.151042449586616,24.906874444554465,0,25,19800,11.354426455651558,,,
monitor_only,793,0.539083309110513,1.4781678451595692,0.9,0.0,5.218812542250595,26.974644537218445,0,25,19825,6.263358922634477,,,
monitor_only,794,0.539111055799578,1.4837422603474413,0.9,0.0,4.249811207352813,26.005643202320663,0,25,19850,5.536954296985426,,,
monitor_only,795,0.5390687049841004,1.4897095097329358,0.9,0.0,4.505976794172485,26.261808789140332,0,25,19875,2.9868874511610883,,,
monitor_only,796,0.5390978670066612,1.4948655748231818,0.9,0.0,7.884206803319646,29.640038798287495,0,25,19900,10.57200963587508,,,
monitor_only,797,0.5390880608872832,1.500746431577702,0.9,0.0,7.613201508050274,29.369033503018123,0,25,19925,15.932463801840473,,,
monitor_only,798,0.5390946535978776,1.5061236886932643,0.9,0.0,7.5991705720643745,29.355002567032223,0,25,19950,16.46240540126888,,,
monitor_only,799,0.539076511109464,1.5120725581373153,0.9,0.0,4.833904476018304,26.589736470986153,0,25,19975,11.124351377291458,,,
monitor_only,800,0.5391073192278769,1.517103500760121,0.9,0.0,4.719490588285505,26.475322583253355,0,25,20000,5.380909882506899,,,
monitor_only,801,0.5391166437448054,1.5229864847157275,0.9,0.0,7.725690973031865,29.481522967999716,0,25,20025,9.78021700369428,,,
monitor_only,802,0.5390666609432032,1.5289254136653123,0.9,0.0,4.382789016131117,26.138621011098966,0,25,20050,3.242143677254727,,,
monitor_only,803,0.5390743852738639,1.5340885315610806,0.9,0.0,3.1171317083559593,24.87296370332381,0,25,20075,6.103640793282339,,,
monitor_only,804,0.539082276258374,1.53928000688774,0.9,0.0,7.472300620128081,29.22813261509593,0,25,20100,10.499651233833388,,,
monitor_only,805,0.5390585506081949,1.5451600013541098,0.9,0.0,3.1067292554109023,24.86256125037875,0,25,20125,5.0371023390927725,,,
monitor_only,806,0.5390611859511102,1.5508875429512952,0.9,0.0,4.6408823206206895,26.39671431558854,0,25,20150,5.147050338344847,,,
monitor_only,807,0.5390712902315511,1.5559436555136923,0.9,0.0,4.710047239413339,26.465879234381188,0,25,20175,6.136879719189164,,,
monitor_only,808,0.5390846599612265,1.5615942696727216,0.9,0.0,3.9981973996241673,25.754029394592017,0,25,20200,3.30702111355727,,,
monitor_only,809,0.5390925212287409,1.5672353732244162,0.9,0.0,4.73150793755091,26.487339932518758,0,25,20225,6.3302620002384,,,
monitor_only,810,0.5390925591605058,1.5726405795820377,0.9,0.0,5.869954259079855,27.625786254047703,0,25,20250,11.034301048313864,,,
monitor_only,811,0.5391273344990972,1.5781496310225611,0.9,0.0,3.1911995259643855,24.947031520932235,0,25,20275,3.498792322924697,,,
monitor_only,812,0.5391320407301496,1.5833430978118983,0.9,0.0,5.670103838995391,27.42593583396324,0,25,20300,5.483821717537126,,,
monitor_only,813,0.539188681295052,1.5882565479181552,0.9,0.0,4.6256868500135555,26.381518844981404,0,25,20325,6.630778141056849,,,
monitor_only,814,0.5392018710646248,1.593488516484735,0.9,0.0,5.016545240460084,26.772377235427932,0,25,20350,6.36759633651111,,,
monitor_only,815,0.5391856277202409,1.5991103341829995,0.9,0.0,6.2678850291368216,28.02371702410467,0,25,20375,9.123417180403338,,,
monitor_only,816,0.539177566946019,1.6045919101556572,0.9,0.0,5.996126295832992,27.751958290800843,0,25,20400,6.786088441920746,,,
monitor_only,817,0.5391628707982851,1.6095604962033119,0.9,0.0,4.5315687538364955,26.287400748804345,0,25,20425,5.409723042713557,,,
monitor_only,818,0.5391597153885291,1.6144625037640592,0.9,0.0,2.838105673791926,24.593937668759775,0,25,20450,2.889577504084125,,,
monitor_only,819,0.5391561567107878,1.6201377142064028,0.9,0.0,6.041321419624105,27.797153414591953,0,25,20475,6.950491967144077,,,
monitor_only,820,0.5391529116086076,1.625241826208827,0.9,0.0,4.971080495633409,26.726912490601258,0,25,20500,2.923563624370268,,,
monitor_only,821,0.5391616717134229,1.6304982693353893,0.9,0.0,3.3598544856823875,25.115686480650236,0,25,20525,5.737917091968762,,,
monitor_only,822,0.5391347799512216,1.6361359343236912,0.9,0.0,6.23641031868689,27.99224231365474,0,25,20550,11.354359018433687,,,
monitor_only,823,0.5391280326911719,1.6413275040168678,0.9,0.0,6.480535046904242,28.236367041872093,0,25,20575,10.759919562898444,,,
monitor_only,824,0.539131821774629,1.646672700702092,0.9,0.0,4.608991960635535,26.364823955603384,0,25,20600,6.3139110033038595,,,
monitor_only,825,0.5391447351884744,1.651626526166774,0.9,0.0,4.199109317283485,25.954941312251336,0,25,20625,2.78069219379224,,,
monitor_only,826,0.5391364199379591,1.6570152977432242,0.9,0.0,9.042643847639512,30.79847584260736,0,25,20650,13.1890122727021,,,
monitor_only,827,0.5391640019677062,1.6614566294948405,0.9,0.0,4.647342676940765,26.403174671908616,0,25,20675,2.783601564926683,,,
monitor_only,828,0.5391637659876922,1.666246667560837,0.9,0.0,3.2822616825985516,25.0380936775664,0,25,20700,5.193463547019485,,,
monitor_only,829,0.5391282742593296,1.671667150856648,0.9,0.0,4.940827386605828,26.696659381573678,0,25,20725,6.137636497580647,,,
monitor_only,830,0.5391375366527135,1.6765378966117743,0.9,0.0,4.736036680199904,26.49186867516775,0,25,20750,5.553057575748822,,,
monitor_only,831,0.5391384586564048,1.6819271099712394,0.9,0.0,4.675328531866948,26.431160526834798,0,25,20775,6.470662229338586,,,
monitor_only,832,0.5391348023851229,1.6869343605757838,0.9,0.0,4.8891466020238985,26.64497859699175,0,25,20800,5.98131436610575,,,
monitor_only,833,0.5391542333783769,1.6916495718890456,0.9,0.0,4.765686867702965,26.521518862670813,0,25,20825,6.357040538541502,,,
monitor_only,834,0.539173370039062,1.6962570742959113,0.9,0.0,9.493466797485631,31.24929879245348,0,25,20850,22.261018176596437,,,
monitor_only,835,0.5391844298381971,1.7010051609741348,0.9,0.0,5.091188198271748,26.847020193239597,0,25,20875,10.813560144164168,,,
monitor_only,836,0.5391897039242882,1.7057037714562742,0.9,0.0,4.8621749603815925,26.618006955349443,0,25,20900,6.0305714609422445,,,
monitor_only,837,0.5392323033154173,1.7101098004496673,0.9,0.0,3.467865844351097,25.223697839318945,0,25,20925,2.8233613979472456,,,
monitor_only,838,0.5391946492904176,1.715811942389094,0.9,0.0,5.028836696259686,26.784668691227537,0,25,20950,6.80813264590961,,,
monitor_only,839,0.5391738145697604,1.7211110374620604,0.9,0.0,3.6752947558353055,25.431126750803156,0,25,20975,9.377589217648767,,,
monitor_only,840,0.5391735870544764,1.726299129526352,0.9,0.0,4.864075550130493,26.619907545098343,0,25,21000,6.784995406543043,,,
monitor_only,841,0.53914395874026,1.731779621330483,0.9,0.0,6.09183014095524,27.847662135923088,0,25,21025,5.370502732927751,,,
monitor_only,842,0.5391287760963408,1.7363640119508572,0.9,0.0,4.755423266682623,26.511255261650472,0,25,21050,5.144214361998893,,,
monitor_only,843,0.5390899633919983,1.7418856542068681,0.9,0.0,5.081138918932593,26.836970913900444,0,25,21075,6.451804152827494,,,
monitor_only,844,0.5390881348234507,1.7470122987719077,0.9,0.0,4.884481102646935,26.640313097614783,0,25,21100,6.614386271735908,,,
monitor_only,845,0.5390880884948451,1.7522303179266636,0.9,0.0,3.709091648325554,25.464923643293403,0,25,21125,6.473507869888113,,,
monitor_only,846,0.5390697133943484,1.7571880499225934,0.9,0.0,5.144542084663916,26.900374079631767,0,25,21150,10.65833889343344,,,
monitor_only,847,0.5390641240962044,1.7621110892086056,0.9,0.0,4.916448553551679,26.672280548519527,0,25,21175,5.537723480325409,,,
monitor_only,848,0.5390347278861629,1.7671527952667478,0.9,0.0,6.667885333035265,28.423717328003114,0,25,21200,14.757433329036067,,,
monitor_only,849,0.5390299823863771,1.7723296988252408,0.9,0.0,4.6094963515389455,26.365328346506793,0,25,21225,3.144712700215632,,,
monitor_only,850,0.5390130994233763,1.7773551636976384,0.9,0.0,4.911636539117836,26.667468534085685,0,25,21250,6.2626544641058715,,,
monitor_only,851,0.5390278644150012,1.782020492763586,0.9,0.0,5.243693232551715,26.999525227519563,0,25,21275,10.30601470526575,,,
monitor_only,852,0.5390294583339668,1.787172796919768,0.9,0.0,4.569055591250705,26.324887586218555,0,25,21300,3.4607731919971934,,,
monitor_only,853,0.5390126097395502,1.7916954751491652,0.9,0.0,2.954574196012903,24.710406190980752,0,25,21325,2.7918851844354124,,,
monitor_only,854,0.5389922936215326,1.7961979556877712,0.9,0.0,5.035664495840169,26.79149649080802,0,25,21350,9.691427485423807,,,
monitor_only,855,0.5390015391689146,1.8011250927714277,0.9,0.0,8.318998431106891,30.07483042607474,0,25,21375,17.529289587120246,,,
monitor_only,856,0.5390237562227782,1.8055732822727049,0.9,0.0,7.684465383344073,29.44029737831192,0,25,21400,7.924533374866883,,,
monitor_only,857,0.5389841740973824,1.8102135795253558,0.9,0.0,6.395628788197132,28.151460783164982,0,25,21425,5.451857534178132,,,
monitor_only,858,0.538981455039125,1.8147479209407487,0.9,0.0,7.539386813969589,29.295218808937438,0,25,21450,7.605228154018467,,,
monitor_only,859,0.5390054478600098,1.8189833931536121,0.9,0.0,5.090315043248676,26.846147038216525,0,25,21475,3.696624554329144,,,
monitor_only,860,0.5389974839116158,1.823222327178363,0.9,0.0,3.736005560284422,25.49183755525227,0,25,21500,5.911027781661135,,,
monitor_only,861,0.5389767905710281,1.8276799064594709,0.9,0.0,6.020198419152132,27.77603041411998,0,25,21525,5.514393337372226,,,
monitor_only,862,0.5389478118418809,1.8327139028819341,0.9,0.0,4.438169892268727,26.194001887236574,0,25,21550,5.096306668194884,,,
monitor_only,863,0.5389203745228758,1.83755464732951,0.9,0.0,2.97563603871903,24.73146803368688,0,25,21575,2.8792118225889385,,,
monitor_only,864,0.5389299920639108,1.841976834159383,0.9,0.0,5.276985957127496,27.032817952095346,0,25,21600,6.447698520494927,,,
monitor_only,865,0.538918758667215,1.846309227834317,0.9,0.0,3.8237738274498043,25.579605822417655,0,25,21625,2.5258995950931813,,,
monitor_only,866,0.538901973701843,1.8505933949942748,0.9,0.0,6.81990288280966,28.57573487777751,0,25,21650,15.40397467878269,,,
monitor_only,867,0.53888535413023,1.855296987790413,0.9,0.0,6.6119995614939935,28.367831556461844,0,25,21675,10.11706692866703,,,
monitor_only,868,0.5389436193102661,1.8589883718279916,0.9,0.0,4.769562221515166,26.525394216483015,0,25,21700,3.4560193192212743,,,
monitor_only,869,0.5389312308925968,1.863294469989718,0.9,0.0,4.546164267605954,26.3019962625738,0,25,21725,3.0079549512612886,,,
monitor_only,870,0.538933585090929,1.8678843107509122,0.9,0.0,3.8942125476232516,25.6500445425911,0,25,21750,6.561664139244508,,,
monitor_only,871,0.5389699611045223,1.8721433439251767,0.9,0.0,5.9291673646979115,27.68499935966576,0,25,21775,6.699150631354007,,,
monitor_only,872,0.5389592139400863,1.8763408604942775,0.9,0.0,5.180325760364705,26.936157755332555,0,25,21800,5.336360680582683,,,
monitor_only,873,0.5389525406322002,1.8816424669559622,0.9,0.0,6.723574025131314,28.479406020099162,0,25,21825,9.838396836120864,,,
monitor_only,874,0.5389583925560364,1.8861209385900866,0.9,0.0,8.070751112330111,29.82658310729796,0,25,21850,11.086562233728714,,,
monitor_only,875,0.5389570818602376,1.8904459060944236,0.9,0.0,6.269857441291215,28.025689436259064,0,25,21875,4.666645402549431,,,
monitor_only,876,0.538934732055575,1.8950542177390552,0.9,0.0,3.2532701172503176,25.009102112218166,0,25,21900,2.8205597228950587,,,
monitor_only,877,0.5389204037834529,1.899916743668323,0.9,0.0,5.14640102958887,26.90223302455672,0,25,21925,4.713372643179178,,,
monitor_only,878,0.5389169401845567,1.9042406397571867,0.9,0.0,2.949238390674902,24.705070385642752,0,25,21950,2.8571709543879793,,,
monitor_only,879,0.5389279205049571,1.9083620207267753,0.9,0.0,5.299755660971407,27.055587655939256,0,25,21975,6.342553546591971,,,
monitor_only,880,0.5388831226522912,1.913474018947828,0.9,0.0,6.857649318872753,28.6134813138406,0,25,22000,9.351957459665824,,,
monitor_only,881,0.5388723606344419,1.9178606426556375,0.9,0.0,3.8349039961757003,25.59073599114355,0,25,22025,6.0852735410162335,,,
monitor_only,882,0.5388925907423533,1.9223298009075929,0.9,0.0,3.9857641363602156,25.741596131328066,0,25,22050,7.199830050029308,,,
monitor_only,883,0.5388818054774402,1.9272300590171234,0.9,0.0,3.9359963005532115,25.69182829552106,0,25,22075,7.031971886454449,,,
monitor_only,884,0.5388748866138425,1.9316745626492038,0.9,0.0,4.39005899956369,26.14589099453154,0,25,22100,3.0198990382047954,,,
monitor_only,885,0.5388976736251057,1.935861611416099,0.9,0.0,5.285915967681333,27.041747962649183,0,25,22125,6.77841337971134,,,
monitor_only,886,0.5389175186375302,1.9398542070132814,0.9,0.0,2.2150422537831895,23.970874248751038,0,25,22150,3.034625321270958,,,
monitor_only,887,0.5389051541049283,1.9445417476292324,0.9,0.0,5.31893290604564,27.074764901013488,0,25,22175,6.3930212480094175,,,
monitor_only,888,0.5388833970539577,1.9493257405860471,0.9,0.0,3.3020560603045075,25.057888055272358,0,25,22200,2.8707227778420994,,,
monitor_only,889,0.5388804532673922,1.9534083632825405,0.9,0.0,7.977120983016183,29.732952977984034,0,25,22225,7.425701957875997,,,
monitor_only,890,0.538893282572129,1.957664641767167,0.9,0.0,4.832211822890425,26.588043817858274,0,25,22250,4.639221442468937,,,
monitor_only,891,0.5388885711489259,1.962031254928075,0.9,0.0,2.957523576958875,24.713355571926723,0,25,22275,6.636637483607817,,,
monitor_only,892,0.5388831023258374,1.966583926483235,0.9,0.0,4.9746172583387,26.73044925330655,0,25,22300,3.159190709182961,,,
monitor_only,893,0.5388872468213501,1.969862216540325,0.9,0.0,4.022710541047637,25.778542536015486,0,25,22325,5.23893012225985,,,
monitor_only,894,0.538895937127083,1.9737185253313556,0.9,0.0,5.056808512372239,26.812640507340088,0,25,22350,4.788763542880995,,,
monitor_only,895,0.5388795694516764,1.9780055327416144,0.9,0.0,6.850869787627333,28.60670178259518,0,25,22375,9.16531854779092,,,
monitor_only,896,0.5388792809814036,1.9817022822984112,0.9,0.0,8.379859030799151,30.135691025767002,0,25,22400,11.26089730381118,,,
monitor_only,897,0.5388750831480585,1.9861313807183694,0.9,0.0,7.0276863356086,28.78351833057645,0,25,22425,10.946450430271764,,,
monitor_only,898,0.538877465504569,1.990528555359376,0.9,0.0,5.580166351250067,27.335998346217917,0,25,22450,11.444394601842632,,,
monitor_only,899,0.538881405654187,1.9944683737303626,0.9,0.0,5.3480846457856845,27.103916640753532,0,25,22475,5.616896076675741,,,
monitor_only,900,0.5388550637553102,1.999145808129321,0.9,0.0,5.130905909384406,26.886737904352255,0,25,22500,5.263000624337371,,,
monitor_only,901,0.5388523621916973,2.0036688873560093,0.9,0.0,8.428139202606618,30.183971197574465,0,25,22525,15.671888502118918,,,
monitor_only,902,0.5388479967244472,2.0078061855423552,0.9,0.0,9.537115443607895,31.292947438575744,0,25,22550,13.830087345591203,,,
monitor_only,903,0.5388456477971936,2.0123118979767263,0.9,0.0,4.608889078461866,26.364721073429713,0,25,22575,3.099937274601073,,,
monitor_only,904,0.5388529407689994,2.0163803468919346,0.9,0.0,5.710505805228569,27.466337800196417,0,25,22600,11.362216383421208,,,
monitor_only,905,0.5388456234184198,2.02067724135282,0.9,0.0,7.028113220495667,28.78394521546352,0,25,22625,11.18967265192303,,,
monitor_only,906,0.5388337561156431,2.0251542755545566,0.9,0.0,6.985177887582638,28.741009882550486,0,25,22650,10.162832509899182,,,
monitor_only,907,0.5388273813888372,2.029395948087984,0.9,0.0,4.133794597873851,25.8896265928417,0,25,22675,6.382028388650523,,,
monitor_only,908,0.5388377023104015,2.0333345626157864,0.9,0.0,2.978939323606253,24.7347713185741,0,25,22700,6.637739628781193,,,
monitor_only,909,0.5388232363770864,2.037531010278581,0.9,0.0,5.526561446255456,27.282393441223306,0,25,22725,6.094081623526745,,,
monitor_only,910,0.5388201570695527,2.0415104862521405,0.9,0.0,3.2201358489766374,24.97596784394449,0,25,22750,2.8880667308855155,,,
monitor_only,911,0.5388104466087698,2.0456814470941187,0.9,0.0,4.146796546702323,25.902628541670172,0,25,22775,6.1258659974032,,,
monitor_only,912,0.5388084599527699,2.049668179664814,0.9,0.0,4.225375721404277,25.981207716372126,0,25,22800,5.678434645035795,,,
monitor_only,913,0.5388144396082784,2.053548753785483,0.9,0.0,4.567522014658207,26.32335400962606,0,25,22825,6.454518798749594,,,
monitor_only,914,0.5388202581128393,2.0573790074667144,0.9,0.0,3.659943537446382,25.41577553241423,0,25,22850,3.1444124664356177,,,
monitor_only,915,0.5388240007404247,2.061479079705562,0.9,0.0,8.808470264562992,30.56430225953084,0,25,22875,21.92299590693402,,,
monitor_only,916,0.5388081956650027,2.065353057699972,0.9,0.0,5.730759511528043,27.48659150649589,0,25,22900,5.897073446112786,,,
monitor_only,917,0.5388057349695092,2.069066701759174,0.9,0.0,6.239723433459121,27.995555428426968,0,25,22925,6.194170974327727,,,
monitor_only,918,0.5388022969531131,2.073340795162012,0.9,0.0,6.160842669036539,27.91667466400439,0,25,22950,5.216448614737245,,,
monitor_only,919,0.5388043768852373,2.077093976718997,0.9,0.0,6.393358195119142,28.14919019008699,0,25,22975,7.47882433019923,,,
monitor_only,920,0.538802636832232,2.0805044174945486,0.9,0.0,8.887654830491483,30.643486825459334,0,25,23000,15.285156735507309,,,
monitor_only,921,0.5387883490196043,2.0844389235289738,0.9,0.0,3.977327956845506,25.733159951813356,0,25,23025,5.904366432231511,,,
monitor_only,922,0.5387680792501904,2.088905222069182,0.9,0.0,5.491005245678762,27.246837240646613,0,25,23050,6.800614397545941,,,
monitor_only,923,0.5387914832197666,2.09227156022509,0.9,0.0,2.629002008058972,24.38483400302682,0,25,23075,2.8130559061073463,,,
monitor_only,924,0.5387896023923041,2.096250245950972,0.9,0.0,6.943174049698139,28.69900604466599,0,25,23100,9.49953281787263,,,
monitor_only,925,0.5387724153162445,2.100562656412166,0.9,0.0,5.33618436523587,27.09201636020372,0,25,23125,3.2259540175166905,,,
monitor_only,926,0.5387573231012203,2.104417235661995,0.9,0.0,4.086482455910406,25.842314450878256,0,25,23150,5.057641462337659,,,
monitor_only,927,0.5387449487431353,2.108823599718817,0.9,0.0,5.858196850532769,27.61402884550062,0,25,23175,11.101066173476802,,,
monitor_only,928,0.538745901967202,2.112964120803578,0.9,0.0,7.0998050602845195,28.85563705525237,0,25,23200,10.386465095349363,,,
monitor_only,929,0.5387399752373536,2.116853210446924,0.9,0.0,5.051192399142996,26.807024394110847,0,25,23225,2.9745118292525756,,,
monitor_only,930,0.5387365178094393,2.1209167588520748,0.9,0.0,5.351282716184962,27.10711471115281,0,25,23250,6.268369293707286,,,
monitor_only,931,0.5387295928963108,2.1246031278334403,0.9,0.0,3.026469154902417,24.782301149870268,0,25,23275,2.765232636477364,,,
monitor_only,932,0.5387278281282385,2.1285238950818517,0.9,0.0,5.291838368547359,27.04767036351521,0,25,23300,10.571212921997187,,,
monitor_only,933,0.5387180938487172,2.1323789222427996,0.9,0.0,2.728577869200485,24.484409864168335,0,25,23325,3.040555459620247,,,
monitor_only,934,0.5387157240490245,2.136398663795573,0.9,0.0,5.796167241591854,27.551999236559702,0,25,23350,6.465136044284738,,,
monitor_only,935,0.5387137430592318,2.140028274130217,0.9,0.0,5.780614890157996,27.536446885125844,0,25,23375,6.273553808357067,,,
monitor_only,936,0.538717013971949,2.143535956051127,0.9,0.0,3.708211369332016,25.464043364299865,0,25,23400,3.14475374730505,,,
monitor_only,937,0.538708877865749,2.147484516780569,0.9,0.0,4.595913148081295,26.351745143049143,0,25,23425,6.535605849224207,,,
monitor_only,938,0.5386923189506359,2.1516760983026044,0.9,0.0,4.343784431567803,26.099616426535654,0,25,23450,6.374634464523952,,,
monitor_only,939,0.5386882620767962,2.155388873527005,0.9,0.0,5.763848975268377,27.519680970236227,0,25,23475,9.855698464771631,,,
monitor_only,940,0.5386771236305844,2.1595172139260086,0.9,0.0,5.82493236907664,27.58076436404449,0,25,23500,6.497805262634027,,,
monitor_only,941,0.53866727640195,2.1630771803688695,0.9,0.0,4.160567460328571,25.91639945529642,0,25,23525,5.161202785380678,,,
monitor_only,942,0.5386780962148942,2.166441503379358,0.9,0.0,6.42673814982465,28.1825701447925,0,25,23550,6.1002647198212765,,,
monitor_only,943,0.5386678626249551,2.1701180197022536,0.9,0.0,4.519512509029664,26.275344503997513,0,25,23575,10.665731156717099,,,
monitor_only,944,0.5386703333363277,2.173798751288829,0.9,0.0,4.692416021353583,26.448248016321433,0,25,23600,5.436433956903102,,,
monitor_only,945,0.538655273534094,2.1776474903807648,0.9,0.0,4.678001765227029,26.43383376019488,0,25,23625,3.838781199406834,,,
monitor_only,946,0.5386521191780035,2.1813267554604403,0.9,0.0,4.413405145532202,26.16923714050005,0,25,23650,6.486646982995301,,,
monitor_only,947,0.5386438801528516,2.185523311206008,0.9,0.0,3.821780623813595,25.577612618781444,0,25,23675,3.228219876170015,,,
monitor_only,948,0.5386466610687909,2.189225777511538,0.9,0.0,6.009546459082187,27.765378454050037,0,25,23700,11.182952937882824,,,
monitor_only,949,0.5386434345638269,2.1926831157679754,0.9,0.0,3.448809834130916,25.204641829098765,0,25,23725,2.7912456752944226,,,
monitor_only,950,0.5386321907665453,2.196869616441295,0.9,0.0,4.622940500335848,26.378772495303696,0,25,23750,11.170624911892608,,,
monitor_only,951,0.5386241100569311,2.2008685220236703,0.9,0.0,9.15285037969881,30.90868237466666,0,25,23775,17.76945288509067,,,
monitor_only,952,0.5386085162190407,2.2051975956879453,0.9,0.0,4.362683024726929,26.118515019694776,0,25,23800,6.458122661957308,,,
monitor_only,953,0.5385936404794768,2.2089758092255964,0.9,0.0,7.062615259078859,28.81844725404671,0,25,23825,4.854728101697783,,,
monitor_only,954,0.5385892677087689,2.2130999071579485,0.9,0.0,3.971288634517364,25.727120629485213,0,25,23850,6.911303487535926,,,
monitor_only,955,0.538590465148584,2.216353703432719,0.9,0.0,3.324625591606573,25.080457586574422,0,25,23875,2.6720523094674618,,,
monitor_only,956,0.5385962096586202,2.219384705585448,0.9,0.0,5.827504627207497,27.583336622175345,0,25,23900,9.337759985702371,,,
monitor_only,957,0.5385889476483989,2.2227823286534614,0.9,0.0,7.269792320019302,29.02562431498715,0,25,23925,6.067980266515598,,,
monitor_only,958,0.5385949307933235,2.225520656219432,0.9,0.0,6.252530006952217,28.008362001920066,0,25,23950,2.9408458593509312,,,
monitor_only,959,0.5385824515914326,2.228995894007408,0.9,0.0,3.531557646996329,25.28738964196418,0,25,23975,2.7182085003138132,,,
monitor_only,960,0.5385816109517013,2.2328797033838024,0.9,0.0,5.0096019627473956,26.765433957715246,0,25,24000,3.2975334177577578,,,
monitor_only,961,0.538587063366142,2.235915332870891,0.9,0.0,9.27307597615942,31.028907971127268,0,25,24025,16.076301515868497,,,
monitor_only,962,0.5385900208496998,2.2388874647412624,0.9,0.0,6.155354095385991,27.91118609035384,0,25,24050,5.87331605455639,,,
monitor_only,963,0.5385974030582511,2.2417645530537964,0.9,0.0,5.828843543618166,27.584675538586016,0,25,24075,9.212485063216258,,,
monitor_only,964,0.5386117959814369,2.244857148917426,0.9,0.0,7.5450391949203635,29.300871189888213,0,25,24100,13.661916460737327,,,
monitor_only,965,0.5386118837940371,2.2480752487603395,0.9,0.0,3.4744058694375606,25.23023786440541,0,25,24125,2.948311566091642,,,
monitor_only,966,0.538613766347567,2.2512429808814796,0.9,0.0,3.166371302026689,24.92220329699454,0,25,24150,2.867298810271623,,,
monitor_only,967,0.5386317681388404,2.2541014947211107,0.9,0.0,6.082172622192669,27.838004617160518,0,25,24175,6.391564537242486,,,
monitor_only,968,0.5386310534192352,2.257339528404512,0.9,0.0,7.696087104911846,29.451919099879696,0,25,24200,16.17697285046942,,,
monitor_only,969,0.5386408170189564,2.2605553091202264,0.9,0.0,7.692733500979194,29.448565495947044,0,25,24225,11.22488148855797,,,
monitor_only,970,0.5386370976917433,2.2637968402325663,0.9,0.0,4.6762170614508625,26.432049056418712,0,25,24250,2.776111879071698,,,
monitor_only,971,0.5386415787166042,2.26690952608085,0.9,0.0,6.025917075480861,27.78174907044871,0,25,24275,6.325395641239692,,,
monitor_only,972,0.5386380004919291,2.269881521029142,0.9,0.0,6.0917675300997844,27.847599525067633,0,25,24300,5.413073011694403,,,
monitor_only,973,0.5386149628019988,2.273564394298364,0.9,0.0,7.400934624660513,29.156766619628364,0,25,24325,9.823021928090581,,,
monitor_only,974,0.5386158279150773,2.277044361622863,0.9,0.0,5.145346338554366,26.901178333522214,0,25,24350,3.2302616614632074,,,
monitor_only,975,0.5386273718701448,2.2799319572092354,0.9,0.0,6.776570350398195,28.532402345366044,0,25,24375,6.374779457546387,,,
monitor_only,976,0.5386231802191526,2.2833787648797705,0.9,0.0,6.0230900637299225,27.778922058697773,0,25,24400,10.60222998771292,,,
monitor_only,977,0.538623686941389,2.2870328067374706,0.9,0.0,6.1268933936844165,27.882725388652265,0,25,24425,6.780660226076691,,,
monitor_only,978,0.5386218763750086,2.2901196743865095,0.9,0.0,7.660416188333902,29.41624818330175,0,25,24450,10.662545733511857,,,
monitor_only,979,0.5386112437784788,2.2938070950461014,0.9,0.0,4.866315184099026,26.622147179066875,0,25,24475,3.2555372040237525,,,
monitor_only,980,0.5386158793610603,2.296734999707339,0.9,0.0,5.59550658899255,27.3513385839604,0,25,24500,6.058921440337459,,,
monitor_only,981,0.5386035416220862,2.3006266790329186,0.9,0.0,12.600855107298774,34.35668710226662,0,25,24525,33.98413045849237,,,
monitor_only,982,0.5386057256988013,2.3041275596060764,0.9,0.0,3.0427686047021454,24.798600599669996,0,25,24550,3.5109059580101234,,,
monitor_only,983,0.5386224634067871,2.3068940536744087,0.9,0.0,7.81561992337807,29.571451918345918,0,25,24575,11.19418962507302,,,
monitor_only,984,0.5386375771861951,2.3096539144328982,0.9,0.0,8.440817248049493,30.19664924301734,0,25,24600,9.45886768314556,,,
monitor_only,985,0.5386242508568072,2.3133427268551965,0.9,0.0,4.5254995466549275,26.281331541622777,0,25,24625,9.556451814155384,,,
monitor_only,986,0.5386278303873805,2.3168343471027266,0.9,0.0,4.6513057546859935,26.40713774965384,0,25,24650,6.650585043940079,,,
monitor_only,987,0.5386167339706425,2.320682362912295,0.9,0.0,4.169603670348145,25.925435665315995,0,25,24675,6.759321566646082,,,
monitor_only,988,0.538605957012884,2.324296638812621,0.9,0.0,6.091589822568876,27.847421817536727,0,25,24700,10.784493311168905,,,
monitor_only,989,0.538599266769163,2.32783040402739,0.9,0.0,7.8132386922531625,29.56907068722101,0,25,24725,11.59195916291754,,,
monitor_only,990,0.5386105575114143,2.330277829149932,0.9,0.0,4.500138020806473,26.255970015774324,0,25,24750,10.04924044278678,,,
monitor_only,991,0.5386194781153782,2.3329823512058026,0.9,0.0,4.465084825070112,26.22091682003796,0,25,24775,5.593516485219138,,,
monitor_only,992,0.5386129493776222,2.3361118231078346,0.9,0.0,4.748580970730111,26.50441296569796,0,25,24800,5.825346911732234,,,
monitor_only,993,0.5386080168349832,2.3389695060318614,0.9,0.0,6.00417479751086,27.76000679247871,0,25,24825,5.697851912048861,,,
monitor_only,994,0.5386129692549401,2.341530489623753,0.9,0.0,3.702048156369566,25.457880151337417,0,25,24850,2.7480533539619256,,,
monitor_only,995,0.5386016243018168,2.3453127558712255,0.9,0.0,6.216949254672277,27.972781249640125,0,25,24875,6.68256501562771,,,
monitor_only,996,0.5385939657441837,2.3489452593580706,0.9,0.0,6.297976587469891,28.05380858243774,0,25,24900,6.643243856796476,,,
monitor_only,997,0.5385783866834464,2.3529692940377362,0.9,0.0,4.705234571826992,26.46106656679484,0,25,24925,7.022429206741907,,,
monitor_only,998,0.5385753296660852,2.3560417285713084,0.9,0.0,7.812094491170872,29.56792648613872,0,25,24950,10.804828592656204,,,
monitor_only,999,0.5385809199500743,2.3587366768799334,0.9,0.0,6.0830878534966555,27.838919848464506,0,25,24975,5.25427250869278,,,
monitor_only,1000,0.538576991362754,2.362048549711819,0.9,0.0,3.04697728517175,24.8028092801396,0,25,25000,4.92133567473265,,,
